:020000041000EA
:10000000002008205D0100101B0100101D010010E0
:100010001101001011010010110100101101001058
:100020001901001019010010190100101F01001022
:10003000110100101901001021010010230100100E
:100040001101001011010010110100101101001028
:100050001101001011010010110100101101001018
:100060001101001011010010110100101101001008
:1000700011010010110100101101001011010010F8
:1000800011010010110100101101001011010010E8
:1000900011010010110100101101001011010010D8
:1000A00011010010110100101101001011010010C8
:1000B00011010010110100101101001011010010B8
:1000C00011010010110100101101001011010010A8
:1000D0001101001011010010110100101101001098
:1000E0001101001011010010110100101101001088
:1000F0001101001011010010110100101101001078
:100100001101001011010010110100101101001067
:10011000EFF30580103800BE00BE00BE00BE00BE7A
:1001200000BE00BEF2EB8871D8460010FC460010FD
:10013000A001001090A31AE7D3DEFFFF42012110B7
:10014000FF01000078220100793512AB4FF000006A
:100150001E49086006C881F3088810474FF05040D8
:10016000006810B14FF00000F2E70DA40ECC00299A
:1001700002D000F012F8F9E71549164A002000E015
:1001800001C19142FCD11449884714498847144958
:10019000884700BEFDE701C901C29A42FBD3704700
:1001A000FC46001010010020C4DD0020B023011027
:1001B0000000082000000820B023011000100820D3
:1001C00000100820000000007047000008ED00E06B
:1001D000C4DD00200CEA0020611C00109D0300100B
:1001E000591C0010F8B500BF064B0749C91A891001
:1001F00048BF0131491003D0044B0BB101481847E7
:10020000704700BFC4DD0020C4DD002000000000F6
:1002100008B5054B1BB105490548AFF30080BDE8A3
:100220000840FFF7E1BF00BF0000000030E80020F9
:100230001843001011F0010208B50FD0124B012134
:100240009A6A124B0A201A60002200F0C9FB0122B0
:100250000221BDE808400A2000F0C2BB8B070ED582
:1002600002210A2000F0BCFB074B084A9B6A126877
:100270009B1AB3F5FA7F03D30122054B1A7008BD10
:1002800001221146E5E700BF00000B4020E80020F6
:10029000EEE9002038B5054601200C4600F018F9BB
:1002A000064A074902EA4032830103F1A04342F0C3
:1002B00011021D6059609C60DA6038BDF1E001FCFC
:1002C000100020504FF480332DE9F04186B01746DE
:1002D00002934FF00043064688460025059300F13F
:1002E0002F4407F1080302321B0304F5600443EABC
:1002F000C213240D43F0C04306340393E4B2254BEC
:1003000021460820049300F031FB2146092000F02B
:100310002DFB0121082000F0A7FB0121092000F09E
:10032000A3FB039B2A4623F0F85343F01063039387
:10033000414608233046009500F037FA059A164BDF
:10034000134043F0A45305932846214600F00EFBCA
:100350002846012100F026FB28460121013500F046
:100360002FFB082DF0D1039B3A4643F0C043039383
:10037000059B414623F0604323F4F84343F00043D8
:1003800043F4A0530593304602AB00F04BFA06B09D
:10039000BDE8F0810000045000FC0FE02DE9F041C1
:1003A00001F040FD0A2000F06DFB0A234FF000022F
:1003B00042EC44303A493B4800F0DEF90021C2B239
:1003C0003848FFF77FFF384E384B394DF61A314623
:1003D0003648FFF75FFF041E5BDB0A274FF001037F
:1003E00043EC44704FF0000848EC40702D4AFA206E
:1003F000136843F00103136001F039F948EC4470CD
:100400004FF050477B68580537D501220A20114626
:10041000284B00F015FB284F3B7893B34FF0504822
:10042000D8F80430590530D5244801F00BFD0023DD
:100430003B7001234FF0A042A340C2F8643402EBAA
:100440008413DA685201FCD4204600F03BF8154BC7
:1004500010211A6822F001021A604FF00042C5F81C
:10046000D020C5F8D020A2F13F52A2F5FF121160B2
:100470001A6842F001021A60A9E7012001F0F7F8BA
:10048000C0E7012001F0F3F8C6E7012001F0EFF822
:10049000C6E70B4801F0D6FC0120BDE8F08100BFA3
:1004A000A04400100000205020DD002000090020A2
:1004B0000010205035020010EEE9002031430010FA
:1004C000184300100146014800F095B884E8002068
:1004D00007B5054B0146009300220F23034800F0A7
:1004E00061F803B000BD00BF3E43001084E8002067
:1004F0000FB407B5049C074801F0A4FC3CB105A962
:100500002046019101F090FB034801F09BFC012083
:1005100001F0A0FB5C4300106A430010EFF3108071
:1005200072B6064BD3E8CF1F01220029FAD1C3E8E7
:10053000412F0029F6D1BFF35F8F7047BCE8002040
:100540000023034AC2E88F3F80F31088704700BF42
:10055000BCE80020CB08C25C012301F007018B40FE
:100560001A4214BF012000207047F8B505460C461A
:100570001746FFF7D3FF214606462846FFF7EAFF56
:1005800018B121463846FFF7B3FF0123E208A95C02
:1005900004F00704A3400B43AB543046BDE8F840D9
:1005A000FFF7CEBF2DE9F04105460E4614469846AA
:1005B000FFF7B4FF0746444502D94FF0FF340CE083
:1005C00021462846FFF7C6FF80B90123E20804F060
:1005D00007018B40A95C0B43AB543846FFF7B0FFD3
:1005E000002C05DA26B10698FFF782FF0134E2E716
:1005F0002046BDE8F08138B50C460546FFF78EFF72
:100600000122E1086B5C04F00704A24023EA020324
:100610006B54BDE83840FFF793BF0000044A1078E0
:10062000431CDBB2182B28BF10231370704700BF88
:1006300020DD002007B5054B0146009318221F233B
:100640000348FFF7AFFF03B000BD00BF6C430010CD
:10065000E8E300204FF0E022936843F000539360FA
:100660007047000000231A4603481918C1E88F2F6D
:100670000133202BF9D17047B1E8002010B5D0F834
:100680006841CB79DCB113F0010F1BD191F9053032
:10069000002B01DB934215D10123097900F12F4092
:1006A0008B40013B934000F56000084A000D52F872
:1006B000202013420CBF00206FF0080010BD13F083
:1006C000040FE2E76FF00A00F8E700BF00E1002046
:1006D000F8B504460F461546FFF7D0FF90B93E79AE
:1006E000B04210D3012304F12F400D4A00F5600001
:1006F000000DB34052F82010013BAB400B4342F8D1
:1007000020302846F8BD3B682A1833F810301232E2
:10071000B3F5005F38BF5B1944F822300130DFE7E2
:1007200000E1002000F12F40124B00F56000000DA9
:1007300010B553F820400123002A03FA01F303F116
:10074000FF33C1F120000DDB824210DC93402342D5
:100750000CBF10464FF0FF3010BD03FA00F22242EA
:10076000FAD001380028F8DA6FF00800F4E74FF00B
:10077000FF30F1E700E10020F8B50D460646FFF72F
:10078000CDFE95F90520074629793046FFF7CAFFC7
:10079000041E05DB224629463046FFF799FF044632
:1007A0003846FFF7CDFE2046F8BDF0B5D0F86841D9
:1007B000121B1F2A33D84FF0180C4FF400350CFBD6
:1007C000010E0EF54354DEF8DC70DEF8CC60E56017
:1007D0009DF81440002C14BF1F24002444F46044EE
:1007E00044F08004052B4FEA42150DD80CFB0100A4
:1007F00045EA8365C0F8DC50C0F8D840C0F8DC702A
:10080000C0F8CC600020F0BD45F0A0550532CEF810
:10081000DC50053BCEF8D84002F01F02E2E76FF053
:100820000400F0E770B5012504688D4024EA050452
:100830000460182463B304FB01041D68C4F8C850A5
:100840009D68C4F8D0505D68DB68C4F8CC50C4F82B
:10085000DC3018244FF0004501FB040303F58653F8
:100860001D611D614FF001338B408360012300F552
:10087000005601FB04000D1D083103FA05F502F0D6
:100880001F028B4035603360C0F8D820002070BD57
:100890004FF4803504FB0104C4F8C8504FF44025E0
:1008A000C4F8D0504FF4F835C4F8CC50CFE700006E
:1008B00030B5C40800F0070080008140074804F10B
:1008C0008C0540F8251003EB84031AB103F500539F
:1008D000196030BD03F54053FAE700BF00800240C5
:1008E0002DE9F84F4FF05043D3F800801A4B1B4FBF
:1008F00053F828901A4B0825B8F1000F18BF1F466F
:10090000DFF860A0DFF860B0EB080B3357F8236026
:10091000A5F108040EB1AC4204D30835282DF3D15B
:10092000BDE8F88F16F00F0112D05AF82830E340D6
:10093000DB070DD404F00702E308920001FA02F28B
:100940008C334BF82320B9F1000F01D02046C84763
:1009500036090134DEE700BFD8E3002048820240B8
:100960009082024070E80020008002400C4B10B5DD
:1009700003EB800253F8203002F5805483F04003EB
:1009800003F0C00323604FF48073C00000F1804087
:1009900000F5203002F540524160136010BD00BFE9
:1009A00004800340054A02EB800352F8202003F53F
:1009B0008053514001F001011960704704800340E9
:1009C000064B03EB800253F8203002F5805283EA95
:1009D000011303F030031360704700BF048003402D
:1009E0004FF0504330B41C68034D044B002C08BF3B
:1009F0002B4630BCFFF75CBF488202409082024029
:100A00004FF0504370B51E680B4D044655F8262034
:100A10003AB118B91520094900F0AEF945F8264059
:100A200070BD0028FCD045F8260004491520BDE81B
:100A3000704000F0BFB800BFD8E30020E10800100C
:100A400070B5144605460E461846FFF7D9FF2246F4
:100A500031462846FFF7C4FF2CB1BDE870400121A4
:100A6000152000F03BB870BD054B03EB8000402320
:100A700019B100F500500360704700F54050FAE7E7
:100A8000048003404FF0000343EC440043EC40007B
:100A90000521FFF76BBF0000064B10309B6843F841
:100AA0002010BFF35F8F00230349C1E88F3F82F31B
:100AB0001088704700ED00E0BAE800204FF0803069
:100AC000044B054A1946043393420860FAD162B6D2
:100AD000704700BF00E400E034E400E00122430975
:100AE00000F01F00824041B19B0003F1604303F519
:100AF0006143C3F880211A6070470249203341F8EE
:100B00002320704700E100E0064B420953F8222001
:100B1000012300F01F008340134214BF0120002076
:100B2000704700BF00E100E001224309034900F0E3
:100B30001F008240403341F82320704700E100E06D
:100B4000024B10309B6853F82000704700ED00E026
:100B500008B5FFF7F5FF034BC01A2F288CBF002004
:100B6000012008BD24DD002070B505460C46EFF3DA
:100B7000108672B60D4BD3E8CF1F01220029FAD19F
:100B8000C3E8412F0029F6D1BFF35F8FFFF7D8FFED
:100B9000074B984203D0A04201D000F049FF3246F3
:100BA00021462846BDE87040FFF776BFBAE800202E
:100BB000110100102DE9F74F804689469246EFF368
:100BC000108372B60193644BD3E8CF1F0122002932
:100BD000FAD1C3E8412F0029F6D1BFF35F8FDFF8C8
:100BE00094B19BF90030002B01DA00F021FF0C22B8
:100BF0009BF90060594D08F1100102FB06539B79E7
:100C000006EB46048BF80030554BA7009B6805EBBC
:100C1000840453F821104B1B2F2B22D9514B99429E
:100C200001D000F005FF0C234FF421417343EA1873
:100C3000E9524D4B02372F44043BDB1BC3F34A03FD
:100C40006FEAC3436FEAD34353804BF6015393805B
:100C5000FF2382F807A09371C2F8089044F00101C5
:100C60003AE021F0010C6346002093F807E0D645F6
:100C700039D83E4A002841D090F906E000F1040B33
:100C8000BEF1000F38DB6FF0070C8388ACEB070C6C
:100C900043F30A0302330BEB4303ACEB050C634451
:100CA000C3F34A036FEAC3436FEAD343043CA4EBA4
:100CB0000B04C4F34A046FEAC4446FEAD44484804A
:100CC0000C247443867128192A51838080F806E029
:100CD00080F807A0C0F808904046019A03B0BDE82C
:100CE000F04FFFF7D9BE93F906E01846BEF1000FAA
:100CF000BFDB02FB0E53B8E71D4BD7E74AF6AA212C
:100D000063465B1B5B415943090D0C235E434FF463
:100D10002143AB53144BA819BE1C2E44043B9B1B10
:100D2000C3F34A036FEAC3436FEAD34343806FF0D0
:100D30000703DB1B5B1B6344C3F34A036FEAC34334
:100D40006FEAD3438171838080F807A0C0F80890D0
:100D5000CCF8002082E700BFBAE8002024DD0020A4
:100D600000ED00E01101001054DD00200148804733
:100D700001BDFFFFEAE900202DE9F84F044689464E
:100D8000EFF3108572B6504BD3E8CF1F0122002934
:100D9000FAD1C3E8412F0029F6D1BFF35F8F4B4B47
:100DA00000F1100B9B6853F82B70494B9F426FD09A
:100DB0004F4500F08780DFF82C81A7EB08032F2B2D
:100DC00066D8FFF7A1FE002106462046FFF786FE03
:100DD000BFF35F8FEFF30583DBB29A461BB19B45F0
:100DE00001D000F025FE00214FF00C0C27F001028D
:100DF000936892F90600994517D100281BDABAF1D9
:100E0000000F50D100294CD0FF238B714BF60153BA
:100E10008B80304940460B7893714AF6AA23121A08
:100E2000524153431B0D0B702EE000282CDB114662
:100E30000CFB0082DCE70C23434308EB030CDCF8DB
:100E4000081091609CF80710D1719CF906100029D8
:100E5000917124DBBCF8041041F30A0103EB410358
:100E60006FF0070108334344891A0B44C3F34A0364
:100E70006FEAC3436FEAD34393800C23154A03FB05
:100E8000008311781070997131462046FFF726FED5
:100E90002A4639462046BDE8F84FFFF7FDBD0E4B08
:100EA000EAE70B4FB5E70D4B9B1A083BC3F30A313A
:100EB0006FEA01516FEA11519180094941EA5303E8
:100EC000D380E1E71F46E3E7BAE8002000ED00E049
:100ED00011010010EAE9002001BDFFFF5EDD0020E6
:100EE00000F8FFFF24DD0020F0B5EFF30585EDB23B
:100EF000EFF3108672B6204CD4E8CF2F0123002ADE
:100F0000FAD1C4E8423F002AF6D1BFF35F8F4AF618
:100F1000AA230146194A891A49414B431B0D59B26C
:100F2000174B40F00107D3F808C05CF825C0BC455A
:100F30000DD19B68134A43F82520134B1A7819707A
:100F400082710023C4E88F3F86F31088F0BD1546F8
:100F5000002395F906708F4208D10C2505FB032369
:100F6000FF229A714BF601529A80E6E70133042B77
:100F700005F10C05EDD1E0E7BAE8002024DD002002
:100F800000ED00E011010010EAE9002007B5074B71
:100F900001460093002205230548FFF703FB0028C4
:100FA000A8BFC0F1330003B000BD00BF87430010ED
:100FB00008EA0020014B0B4403607047B1E80020B1
:100FC00010B50446FFF72AFB01462046FFF7F2FF63
:100FD000FF232371BFF35F8F10BD10B50446FFF7E9
:100FE0001DFB01462046FFF7E5FFFF23A380BFF36B
:100FF0005F8F10BD38B50848084DA84200D338BDF2
:10100000044654F8083B1BB1FFF7E7FF2046F4E71E
:10101000FFF7D6FFFAE700BFBCDD0020C4DD0020EB
:1010200010B504460120FFF705FB034B0344236082
:10103000BFF35F8F10BD00BFB1E80020024B0B442F
:101040000360BFF35F8F7047B1E800200D4B10B510
:101050001A68EFF3108172B6D2E8CF4F0120002C4E
:10106000FAD1C2E8440F002CF6D1BFF35F8F1A68A3
:101070000023C2E88F3F81F3108840BF0020002189
:1010800010BD00BF78E800202DE9F04F2DED028B58
:1010900085B0EFF30582D2B2A34B103A9108A34D6D
:1010A00018BF1D46E81A434202F00302434102EB17
:1010B000830301929E4A9FED9A8B52F823400123AD
:1010C000019A93400293029A05F541535A60029B9C
:1010D000EB63B4F90830002B009352DB18265E4313
:1010E0006769284607EB0608D8E902A900F01AFB51
:1010F000504571EB090144DBB9F1000F6FDBD8E912
:10110000043B8C4A934255D15846DBF8103098473F
:10111000002864D0DBE9003B53EA0B025FD0BBF14F
:10112000000F53DABAEB030069EB0B0137F906C085
:10113000C8E90201BCF1000F23DB4FF0180BD4F813
:1011400014900BFB0C93D3E90223904271EB030341
:1011500017DBA6462EF808CF0BFB0CFA09EB0A08A2
:10116000D8E90223904271EB030305DB39F90AC089
:10117000C646BCF1000FEFDA009B27F806C0AEF8B8
:101180000030A388190446D5A37943B10023A37185
:10119000B4F9083004F108065A1C40F08180B4F913
:1011A0000820002A80F2978040BF05B0BDEC028B7A
:1011B000BDE8F08FB8F80220B4F9080092B25946A1
:1011C00042EA0040984703468B46A5E7284603932A
:1011D00000F0A8FA039BC0184BEB0101A6E7BB5B2C
:1011E00023812369EFF3108272B6D3E8CF0F012178
:1011F0000028FAD1C3E8401F0028F6D1BFF35F8F63
:1012000063880021BB53009B63802369C3E88F1F61
:1012100082F31088B5E72369EFF3108172B6D3E843
:10122000CF0F01220028FAD1C3E8402F0028F6D1C1
:10123000BFF35F8F4FF6FF72A3880020A2801BB21E
:101240002269C2E88F0F81F310884FF01809002B34
:101250009ADB09FB03F06269B4F908C0111804F1C4
:10126000080ED1E902B7BCF1000F0FDBBEF9001088
:1012700001EB410102EBC108D8F80C600096D8F8E8
:101280000860B345009E77EB060605DAAEF800303D
:10129000135E22F800C0DAE7C64632F931C0E2E751
:1012A000616903EB430001EBC002B2F802C031F9FF
:1012B00030701CF4004F0CD082ED028BB4F9082082
:1012C0009A4204D03780228921F8302023813B467E
:1012D00062E71646FBE71821636901FB0233D3E995
:1012E0000267B7F1FF3F08BFB6F1FF3F0FD0019B88
:1012F000A96A05EB83021369701A5B1A984205D339
:1013000001230198296A83400B4200D116612846C7
:1013100000F008FAB042B941BFF6D9AE44E700BFC9
:10132000FFFFFFFFFFFFFFFF00800B4000000B40AF
:1013300050E8002089100010F8B5C16004461E4630
:1013400017460D46FFF76AF91A4B277003442361CD
:101350004FF050431B68002263704FF6FF732381E8
:10136000A380731E638018236681B24218D1124E87
:101370001249AB1B5E425E41114B07EB860643F8F8
:101380002640012404FA07F730462F62FFF7ECFBF2
:1013900005F5015521463046FFF7A0FB2F60F8BD4B
:1013A00003FB02F1606902F1FF3C20F801C0013249
:1013B000DBE700BFB1E8002000800B40891000107F
:1013C00050E8002010B5094C23694BB903210848A7
:1013D00000F096F91023032220460549FFF7ACFFE1
:1013E000BDE810400A210348FFF7E4BD6CDD002092
:1013F00000000B4078E80020074A536A994206D85B
:10140000926A824205D2C81A18BF01207047002094
:1014100070470120704700BF00000B400048704734
:101420006CDD00202DE9F0430146994690460369A2
:10143000EFF3108072B6D3E8CF4F0122002CFAD11F
:10144000C3E8442F002CF6D1BFF35F8FB1F902300F
:101450004C6903EB4305002BA8BF34F835204FF04F
:101460000006A8BF4A8004EBC5070A69C2E88F6F6F
:1014700080F31088B34233DB7888079A0130C0F3D9
:101480000E00012838BF01203A61089A78807A61FD
:10149000C7E9028940EA03400A69EFF3108772B690
:1014A000D2E8CFEF5FF0010CBEF1000FF8D1C2E837
:1014B0004ECFBEF1000FF3D1BFF35F8F8A8824F8BF
:1014C00035208B800B69C3E88F6F87F3108801226A
:1014D0000B789A40CB6803F501535A60BDE8F0835E
:1014E0004FF0FF30FAE72DE9F0479DF82840074616
:1014F000DDE9088916461D4644B132462B4638467A
:10150000CDE90889BDE8F047FFF78CBF00F01EF970
:10151000864265EB0101A142EFDA2046BDE8F08783
:101520000346408970B5B0EB214F4FEA214201DC00
:10153000002070BD1824586904FB02001A69EFF3FB
:10154000108472B6D2E8CF6F0125002EFAD1C2E81E
:10155000465F002EF6D1BFF35F8F428889B292B208
:101560008A4216D16FEA42426FEA5242428001201B
:10157000987100221969C1E88F2F84F31088002820
:10158000D6D001221978DB688A4003F501535A60EE
:10159000CFE70020EDE74078704700002DE9FF41DC
:1015A000841F61F10006A04271EB060338BF0024DE
:1015B000054638BF26460F4600F0C8F8201A66EBED
:1015C0000101012871F1000106DA2846394604B00C
:1015D000BDE8F04100F0C0B80023CDE90133154B60
:1015E0002246009314483346FFF77DFF0130ECD0CC
:1015F000DFF8488020463146FFF7FEFE0028E4D1A0
:10160000D8F80030EFF3108272B6D3E8CFCF0121C3
:10161000BCF1000FF9D1C3E84C1FBCF1000FF4D1AD
:10162000BFF35F8FD8F80030C3E88F0F82F31088C4
:1016300020BFDFE74D1000106CDD002078E80020AF
:1016400038B504460D4600F081F84FF0FF326FF0D8
:101650000043201845EB0101824273EB010438BFBF
:101660001946BDE8384038BF1046FFF797BF4FF422
:101670007A71A0FB0101FFF7E3BF00002DE9F04301
:1016800004460D4685B0EFF30587FFB227B105B0DC
:10169000BDE8F043FFF7B0BE174ED6F80C9096F8B1
:1016A0000080484600F03EF808F1040859F8283058
:1016B000221AA3EB000365EB01019A4271F10001CC
:1016C00003DB20BF20462946E1E70C4B3046009360
:1016D00022462B46CDE90177FFF705FF061E294676
:1016E0002046D4DDFFF788FE00B920BF314602480E
:1016F000FFF716FFE6E700BF6CDD00204D1000107D
:1017000010B4054B054C064AA04214BF1846581C9D
:1017100010BCFEF72ABF00BFE8E9002000800B40A4
:10172000A24300100346416A0A46986A596A8A42EF
:10173000FAD17047416A9942FCD3994202D1816A39
:10174000914200D37047416AF7E700000148FFF774
:10175000E9BF00BF00000B4002460B460148FFF7FF
:10176000E9BF00BF00000B40F0B50C24444304F176
:10177000804404F580346568059E071FB542FFB2BA
:1017800038BF6660012F04F5405528D8012926D1BD
:101790004FF0030CC5F800C0A568ED07FCD525681F
:1017A00004F5805C85EA421505F0E005012FCCF8D0
:1017B00000500AD822684A4002F00302CCF8002008
:1017C00001228A40A1681142FCD04FF4006104F567
:1017D000005211600B4A666042F82030F0BD4FF4B1
:1017E000006CC5F800C0074D55F820C0BCF1000FD3
:1017F000D5D06D69B5FBFCF5013505EB4505033D1D
:10180000FDD2CCE7ECE3002013B54FF48034009414
:10181000FFF7AAFF02B010BD014B53F8200070473C
:10182000ECE3002070B51D4CB4FBF1F4B2FBF4F214
:10183000049C240344EA03430468002C0EDA046881
:1018400004F03F048C4209D18468C4F30B04944231
:1018500004D1C46804F4EE249C421DD0104D012430
:10186000A84214BF0E250F25AC400E4D0E4E2C6025
:1018700005F580552C60B56834EA0505FBD101609B
:101880002121826000F54052043211600168002974
:10189000FCDAC3600823136070BD00BF001BB700F3
:1018A000008005400020024000000240024B1A6800
:1018B000024B5A60704700BF28E8002000800D40AE
:1018C0004FF08043114A10B5114C136003F5D0332B
:1018D0009C604FF0E06403F5402329B11C6028B9F7
:1018E0004FF000421A6010BD1460F8E74FF47A73AD
:1018F0006FF07F425843074B904294BF18601A60C4
:10190000FFF7D4FF4FF08042034BEBE700B00D40F0
:10191000F3FFFF0128E8002000A00D4030B403468B
:101920004FF080440A48046004F558246BB1094D17
:1019300043F0010308485D40E06125626162A362F3
:10194000002130BC1046FFF7BBBFE361F8E700BFE2
:1019500000B00D402D3FF84FD3C007B00C235843C3
:10196000012300F1804000F584104160036070475E
:10197000002370B5DB8A05460E46002242E800F2DD
:10198000520254BF1021042144F2522098470446C9
:1019900033462A46A446BDE870400A214FF48170C0
:1019A00060470023DB8A002242E800F2520254BF63
:1019B00010210421184708B50B46011E02DB22B98D
:1019C00043F020031846FFF7D3FF43F03003F9E755
:1019D000034AD2F82838002BFBD0BFF35F8F704743
:1019E00000000E400021044B044ABFF35F8F43F810
:1019F000041B9342F9D170470C080E402C080E408E
:101A0000FFF7F0BF4FF42A62054B06491A604FF406
:101A10008D72DA60044A11605A68002AFCDA704755
:101A20000080044000B0FA0000A0044070470000AD
:101A300008B50148FEF75CFDC443001038B5044CFE
:101A4000044DAC4200D338BD54F8043B9847F8E746
:101A5000D042001010430010054B064A06491A6098
:101A6000064B074A13608A6833EA0202FBD17047CB
:101A7000002002407F3BEFEF00000240F6FFF3033F
:101A800000300240044BDB6CB3F5004F02BF4FF453
:101A90008022024BDA647047000011500020115080
:101AA0004FF0E022044BD2F8881D0B43C2F8883D6A
:101AB00010EE3004704700BF030330006FF0604247
:101AC000044B1A60044A9368DB4333F06043FAD155
:101AD000704700BF003002400000024010B545F2E0
:101AE0005320FFF75EFFBDE810400346042018476F
:101AF00010B545F25320FFF754FFBDE810400346F0
:101B000001201847FEF7AEBD10B50B490B4C0C4831
:101B1000641AA410442C224628BF4422920002F0EA
:101B20000DFB074B074A432C02D9074A936010BDAF
:101B300043F824200134F6E70000001010010010E3
:101B4000000000201101001000ED00E0002373B53B
:101B5000294DC5F88430FFF755FF0122274BDA6382
:101B60006A6C012AFCD103221A63AC6B012CFCD1F4
:101B70000226052521460523214A22480096FFF723
:101B800051FE2B462146204A20480095FFF74AFE89
:101B90000022314604201E4BFFF736FE2146284620
:101BA00000221C4BFFF730FE0022082011461A4B82
:101BB000FFF72AFE002209201146174BFFF724FEEB
:101BC000002206201146134BFFF71EFE00220720BD
:101BD0001146104BFFF718FE0420FFF71DFE0F4DB6
:101BE0000024B0FBF5F5E0B229460134FFF7B6FE5C
:101BF000062CF8D102B070BD000001400030014059
:101C0000002F685900000540008C86470080054081
:101C1000001BB70080D1F008006CDC0240420F00CE
:101C200008B100F001B970471FB5084A03461468AF
:101C300044B100914FF0FF32054803A9A0470120AD
:101C400004B010BD00F0FEF82046F9E724E80020BB
:101C5000211C001000BEFDE708B5FFF7FBFF0000E8
:101C600038B5FFF7EBFE044C044DAC4200D338BD51
:101C700054F8043B9847F8E710430010184300104D
:101C8000034608461B68114618470000437D2DE9AE
:101C9000F04104460D461646A3B101F1FF3800217C
:101CA00008468E4214DC86422EDD311A2368284411
:101CB0009847354415F8013CA3F10D0253425341B6
:101CC000237523E0036811462846BDE8F041184714
:101CD000C1B198F80030A3F10D077B427B4118F8A1
:101CE000012F4F1C0A2A0BD153B9814203DD091A77
:101CF00023682844984706480221236898473846B5
:101D00003946CEE7237DEAE7002ED2DCBDE8F0813C
:101D10001A45001010B5FFF719FD0A4A82184FF056
:101D2000FF3041F100036FF00041904271EB03047A
:101D300038BF0246BDE8104038BF0B46024802F0EB
:101D4000BBBA00BF40420F00BCDD0020014802F0DA
:101D5000A7BA00BFBCDD00202DE9F74F0C461D4699
:101D600007469346FFF7D6FF631C804603D13846EB
:101D700002F05AFA04464FF00A0A154B154EDFF8E6
:101D80005C90002D18BF1E46134B1D6845B9B8F175
:101D9000000F01D0FFF7DAFF204603B0BDE8F08F57
:101DA0002B6893B1D9F800300BB1AB420DD122466C
:101DB00039462846B047BBF1000F06D0012228461D
:101DC0000DF107018DF807A0B0472D69DEE700BFD0
:101DD0008D1C0010811C001014E400201CE4002065
:101DE000094B1A6812B901B1186070471A6882422B
:101DF00005D10029F9D102691A600161704702F129
:101E000010031269EEE700BF14E40020044B10B584
:101E10001C6804B910BD636803B198472469F8E7EA
:101E200014E4002000F060B9012313B504468DF8D6
:101E30000700002219460DF10700FFF78DFF20462D
:101E400002B010BD38B5054602F0EEF90123044694
:101E500001461A462846FFF77FFFFFF7D7FF2046C7
:101E600038BD70470022014B1A707047EBE9002023
:101E70004B79FF2B0BD1887948B9CB79012B07D14E
:101E8000082A05D98A78034B09201A707047002068
:101E9000704700BFEBE9002001207047012908B519
:101EA0001BD1104B91881B78994218D15378012B84
:101EB0000CD15188CB0548BF480AC1F3402258BF16
:101EC0004FF0FF3001F07F01FFF775FD022B06D1C7
:101ED000002164220846FFF721FD012008BD0020F3
:101EE000FCE700BFEBE9002000487047E245001026
:101EF0000129114609D15378012B08D19388072B6A
:101F000005D1A623034A01F01DB901207047002026
:101F1000704700BF3C450010012303700048704724
:101F20001C45001008B50B68B3F5966F05D100226B
:101F30004FF0FF301146FFF73EFD08BD024B186021
:101F4000024B1960704700BFE0E30020E4E300208B
:101F5000164B70B51A681AB3EFF3108172B6D2E857
:101F6000CF4F0120002CFAD1C2E8440F002CF6D14B
:101F7000BFF35F8F00220E48596002701B68C3E8F0
:101F80008F2F81F3108800240A4E00253078FEF749
:101F9000BBFD40B13078FEF7C7FD2046294670BD35
:101FA0004FF47A74F0E700240025F6E748E80020B3
:101FB000EDE90020ECE90020014B1878FEF7B4BDF4
:101FC000ECE9002010B5FFF7C1FB114A82184FF071
:101FD000FF3041F100036FF00041904271EB0304C8
:101FE0003CBF02460B460B4802F066F970B14FF059
:101FF000FF30002100F02AFD002001F0ABF900289D
:10200000F5D1BDE81040034802F04AB910BD00BF49
:1020100040420F007CE8002030B5002185B02C48FC
:1020200002F052F9B8B100214FF0FF3000F00EFD80
:10203000002001F06FF90446254802F031F9002C28
:1020400043D0244B1B68002B3FD0234A106805B0B7
:10205000BDE830401847214A1368002B35D0EFF314
:10206000108172B6D3E8CF5F0124002DFAD1C3E806
:10207000454F002DF6D1BFF35F8F0125184C5160FD
:1020800023781268DBB22570C2E88F0F81F31088C5
:10209000DBB9FFF7C3F90446FFF758FB10F57A7276
:1020A0004FF0FF3041F100036FF00041904271EBBF
:1020B00003053CBF02460B4601200021CDE901107B
:1020C000084920460091FFF70EFA05B030BD00BF69
:1020D0007CE80020E0E30020E4E3002048E8002062
:1020E000EDE90020511F00104FF0504330B585B08E
:1020F0001C68FFF793F9FFF74EFAA04202D00020C8
:1021000005B030BD0021274B08461B7801F01EFCAE
:10211000254803680BB9FEF753FF0120FEF736FF91
:10212000224C23492070C0B2FEF71EFD2078012109
:10213000FEF7D4FC0E20FEF70BFD88B10120FEF760
:1021400079FA01461B48FEF779FF00220E201A4952
:10215000FEF730FD19480121FFF742FE0120CFE7CD
:10216000144BC3E90000FFF759F90446FFF7EEFAF4
:1021700010F57A724FF0FF3041F100036FF000412B
:10218000904271EB03053CBF02460B460120002143
:10219000CDE901100A4920460091FFF7A4F9002873
:1021A000ADDBD7E7F84600107CE80020ECE9002022
:1021B0001920001048E80020B91F001084DD00201D
:1021C000511F0010002001F08FB8000070B50446C8
:1021D0000D46FFF7F7FF18B96FF00204204670BDF7
:1021E000002001F097F80028F6D0FFF7AFFA164A62
:1021F00082184FF0FF3041F100036FF00041904230
:1022000071EB03063CBF02460B46104802F054F83F
:102210000028E1D0FFF7D6FF80B1002001F07AF866
:1022200060B121462A46002001F07EF8044608B934
:102230006FF00204054802F033F8CFE701464FF093
:10224000FF3000F003FCF3E740420F007CE8002081
:102250002DE9F84380460F46FFF778FA304A821896
:102260004FF0FF3041F100036FF00041904271EBFD
:1022700003043CBF02460B462A4802F01DF8002822
:102280004BD0FFF79FFF002842D100200021264BB2
:10229000C3E9000137E0002001F0B8F87C1B84425C
:1022A000A8BF0446ACB1224608EB0501002001F0AE
:1022B00091F8002105444FF0FF3000F0C7FB0020EB
:1022C00001F048F8FFF742FAC9E90001AF42E2DC49
:1022D00019E021464FF0FF3000F0B8FB204601F036
:1022E00039F8FFF76FFF70B1204601F08FF8002832
:1022F000ECD1FFF72BFAD9E900329B1942F1000229
:1023000083428A41E2D20748BDE8F84301F0C8BFE2
:102310000025DFF81490054ED8E7BDE8F88300BF2C
:1023200040420F007CE8002048DF002020A1070089
:10233000004870477C46001000487047284600104F
:1023400010B504461248037813B9112100F03EF885
:1023500064B940F209420F4B5A8001230133DBB2CA
:102360000C485B0043F44073038010BD052C0DD86E
:10237000094B084953F824000023C25C002AEDD021
:102380000133132B21F8022FF7D1E7E70020ECE708
:10239000F7E9002086E800201046001000B545F25D
:1023A00047308BB0FFF7FDFA01220346092101A84F
:1023B00098470823044A05A911F8010D013B02F8CA
:1023C000010BF9D10BB000BDEFE90020002230B5C0
:1023D0000C4D0139914201D9102A02D100238354B6
:1023E00030BDD4435308EB5C04F00104A400234146
:1023F00003F00F03092BD4BF30333733835401323A
:10240000E8E700BFEFE90020F0B500F07F041A4BC9
:10241000660006EBD01503EB4515C709A87087F0D9
:102420000100687000202983E870EA761349E20011
:1024300003EB841077B10A44826200213E4403EB2F
:102440004616B26811604CB90D4A03EB47135C6045
:10245000DA60F0BD04320A448260EEE7621E094988
:10246000D20003EB841317B10A445A62F1E7043235
:102470000A445A60EDE700BF20E4002080001050BD
:102480000001105008001050038BC27E08493F33F2
:102490009B09022A0A6814BF9B01DB01C2601A442F
:1024A000044B0A609A4201D9FFF7C2BA704700BFD5
:1024B0002CE80020FF0F105010B500F0C3F80C23DB
:1024C000124CFF22A3670E201149FEF773FB402236
:1024D0000021104801F0EEFD002240211046FFF7D8
:1024E00093FF002240218020FFF78EFF01F0CCFEF9
:1024F00001204FF000534FF480322064E364064B18
:10250000C4F89030054BDA6410BD00BF00001150D4
:102510001D03002020E4002010D0010000201150F5
:1025200001210E20FEF7DABA00220248114600F01F
:10253000A9B800BF40E40020044B197021B14FF44A
:102540000032034BC3F89020704700BFB0E8002072
:10255000002011500B785B0606D14B78052B01BF8C
:102560004B88024ADBB21360704700BF0000115075
:10257000CA7838B502F00302012A20D08D78898804
:1025800005F07F042846C1F30A01FFF73DFFA4B11F
:10259000640004EBD5100B4C04EB40142046FFF70D
:1025A00073FFE368E27E83F0A04383F4801343EA81
:1025B0008263626843F000431360012038BD00204D
:1025C000FCE700BF20E4002001F05EBE084608B52D
:1025D000114600F07F02C00900EB42001A46034B8F
:1025E00003EB401000F04EF8012008BD20E400206D
:1025F00011F07F0305D100290CBF02200120064AFB
:102600009066C90901EB4300044B4FF400620021BE
:1026100003EB401001F04CBE0020115020E40020DC
:1026200011F07F030BD0002205485B0003EBD113B0
:1026300000EB43106FF40061C27001F039BE7047C7
:1026400020E4002008B54FF080530A4A136002F5D9
:1026500080521360084B9968C94311F08051FAD138
:102660004FF48052054801F025FD0922044B5A67BA
:1026700008BD00BF002002400000024000001050D2
:1026800000001150002310B5C3820123828283769B
:102690000161044601F014FE20B14FF40032074BF3
:1026A000C3F89020204601F0FFFD10B101232377ED
:1026B00010BD2046BDE8104001F0EEBD00201150D5
:1026C0002DE9F04106460024184D194FDFF87080BF
:1026D0002A78E3B2511C994210DA5422002115489D
:1026E00001F0E8FC1022FF21134801F0E3FCBDE8F3
:1026F000F0412022FF21114801F0DCBC9A420DD9A3
:10270000D8F8002012EB43130BD14FF0E023D3F89D
:10271000F03DDB0700D500BEBDE8F0819B1A07EB5A
:1027200043133046DB6898470134D1E7AEE8002018
:1027300090460010D3E80020D7E80020E7E800200A
:1027400050DF002070B50C4605461646486900F07B
:102750002BFD3246284663690121BDE870401847C9
:1027600070477047002070470020704770477047DF
:1027700070477047024B5878003818BF01207047E7
:10278000D3E80020024B1878C0F38000704700BFE8
:10279000D3E800202DE9F0472C4F04463B780E4645
:1027A000FF2B3FD149B94FF0E023D3F8F03DDB07D1
:1027B00000D500BE0020BDE8F08700215422244847
:1027C00001F078FC0022234D234B28461A70FEF7B7
:1027D000F7FB224B22481D60224DFEF721FC2846C4
:1027E00001F02FFC204B1D60204B23B12048FFF748
:1027F00093FB204B18600025DFF87480DFF8789099
:10280000DFF870A098F80020EBB2511C99420BDA67
:10281000314620463C70FFF74FFE0028C3D02046CB
:10282000FFF77EFE0120C6E79A420AD9DAF80020B7
:1028300012EB4313B7D05B68002BB4D00135984737
:10284000E0E79B1A09EB4313F5E700BFB8DD002072
:10285000D3E80020F0E00020E7E90020F8E00020C5
:10286000B0DD00209CDD0020FCE00020191F0010DE
:10287000AEE8002050DF00209046001038B58B787D
:102880000C4603F0700343B14FF0E023D3F8F03D62
:10289000DB0700D500BE002038BD074B20461D7861
:1028A000064B997801F0C2F80028EDD02146284661
:1028B000BDE83840FFF75CBEB8DD0020D3E800205B
:1028C0002DE9F0478146DDE908670C4690469A46B7
:1028D0000025A84501DC01200AE06378052B09D01A
:1028E0004FF0E023D3F8F03DDB0700D500BE002019
:1028F000BDE8F087E17801F003015145F0D12146B0
:102900004846FFF7BBFF0028EAD0A1780135CB0984
:1029100014BF3970317023781C44DAE7CB0901F019
:102920007F02343303EB42030248034A1844116820
:1029300001F03CB8D3E80020F8E00020CB0901F01A
:102940007F02343303EB42030248034A1844116800
:1029500001F051B8D3E80020F8E0002010B5144C85
:1029600001F07F0004EB400404EBD11494F8340030
:102970003034C00708D54FF0E023D3F8F03DDB0733
:1029800000D500BE002010BD207940F0010020716C
:1029900008480078FFF71AFE0028F4D1237960F385
:1029A00000032371237960F382032371E3E700BFFF
:1029B000D3E80020B8DD002010B50C460B4B18788A
:1029C000FFF716FE0A4B04F07F0203EB420303EB12
:1029D000D41191F8343043F0020381F8343091F887
:1029E000343043F0010381F8343010BDB8DD0020ED
:1029F000D3E8002010B50C460B4B1878FFF710FEFB
:102A00000A4B04F07F0203EB420303EBD41191F86D
:102A1000343023F0020381F8343091F8343023F05D
:102A2000010381F8343010BDB8DD0020D3E8002068
:102A3000054B01F07F0203EB420303EBD11393F844
:102A40003400C0F340007047D3E800202DE9F04F78
:102A5000A34B87B01B78FF2B4DD0DFF89092A14B92
:102A60001C686369EFF3108272B6D3E8CF0F0121BF
:102A70000028FAD1C3E8401F0028F6D1BFF35F8FCA
:102A8000A261204603A901F0E5F900236269C2E8CA
:102A90008F3FA36983F3108868B39DF80D30013B25
:102AA000072B00F2F682DFE813F008001300EB02B8
:102AB000D002DC021C009702E4029DF80C00FFF734
:102AC000FFFD00F069FB9DF8103089F80230C6E781
:102AD0009DF80C00FFF7F4FD00F05EFBFFF747FEEA
:102AE000BDE7814B1A784AB94FF0E023D3F8F03DA7
:102AF000DC0700D500BE07B0BDE8F08F1A78013AB8
:102B00001A701B7803F0FF00002BA8D1774C9DF8BA
:102B10000C50237843F00103237094F8343060F3B1
:102B2000000384F8343094F8343060F3820384F87E
:102B3000343094F8353060F3000384F8353094F87D
:102B4000353060F3820384F8353000F02DFB9DF8BA
:102B5000102002F06003602B07D14FF0E023D3F880
:102B6000F03DDD072AD500BE28E0402B0BD16048A0
:102B700000F01AFB0121284604AAFFF7B9F9002842
:102B80007FF46DAF1AE002F01F02012A00F091817C
:102B9000022A00F0C581002ADFD1202B25D19DF823
:102BA00014300F2B0AD8534A23441B7912789342CE
:102BB0000FD2514A116811EB431111D19DF80C004D
:102BC0000021FFF715FD80219DF80C00FFF710FD97
:102BD00045E7511C9942F1DB48499B1A01EB43112F
:102BE00004AA2846FFF7AEFDC9E7002BB5D19DF832
:102BF0001130092BB1D801A252F823F0912E001008
:102C00007F2E00105B2B00106B2E00105B2B001032
:102C1000252C0010C32D00105B2B00103F2C001042
:102C2000492C001004A800F0C5FA28469DF812109F
:102C3000FFF77AFC237843F0020323700FE76378F1
:102C40008DF80A3001232DE19DF8126063789E42D1
:102C500041D063785BB100212846FFF76DFC284620
:102C6000FFF7B2FCA7782846FFF72AFDA770667029
:102C7000002E00F0A380701EC0B2FFF75DFB10B104
:102C80004378022B10D04FF0E023D3F8F03DDB0760
:102C900000F192804FF0E023D3F8F03DDF0700D53C
:102CA00000BE0023637089E7C37900F10906C3F30E
:102CB0008012C3F340131B0143EA4213227822F02F
:102CC0003002134323704388C3180093009BB34220
:102CD00016D8FFF74BFD284604A900F021FABEE6FE
:102CE000B8DD0020FCE00020E7E90020D3E8002068
:102CF000F11E0010AEE8002050DF002090460010CA
:102D000073780B2B02BF337896F803A0F61873780C
:102D100018BF4FF0010A042BB5D14FF0000B009BF8
:102D20009B1B9BB2A74A5FFA8BF817787A1C9045D9
:102D3000A9DC47452BD9A44A176817EB4817A2D03E
:102D40001A46019331463B692846984708280246AF
:102D5000019B2ED983422CD3BAF1010F05D13969D9
:102D60009A4B994208BF4FF0020A0021CBB29A4514
:102D700013D8434631469648019200F086FE914BA7
:102D8000019A1B781644013398459FDD7BE7914AF1
:102D9000A8EB070702EB4717D2E7B078034454FAD1
:102DA00083F31879FF287FF46EAF013183F8048034
:102DB000DCE70BF1010BB5E700BE6BE7FFF7D7FCD3
:102DC00089E7BDF81200030A5A1EC0B20E2A3FF668
:102DD000F5AE01A151F822F0152E0010372E00108B
:102DE000512E0010BD2B0010BD2B0010652E0010C1
:102DF000372E0010BD2B0010BD2B0010BD2B001076
:102E0000BD2B0010BD2B0010BD2B0010BD2B0010E2
:102E10002D2E0010FFF78CFA024600283FF49DAEDD
:102E20001223284604A900F08DF9A8E6FFF75CF804
:102E3000024640B9C2E6022B07D1FFF77DFA0246EF
:102E400000283FF48AAE5388EBE7FFF78DFCEFE7ED
:102E5000BDF81410FFF774FA024600283FF4AEAE36
:102E60000378DEE7FFF77EFCF6E7BDF81230012BB2
:102E70007FF4A4AE237843F0080323702BE7BDF85A
:102E80001230012B7FF49AAE237823F00803F4E785
:102E90002378C3F340129B0803F002031343ADF8F9
:102EA0000A30022328460DF10A0204A900F04AF96B
:102EB000D5E59DF814300F2B3FF680AE414A2344F0
:102EC0001B791278934222D23F4A116811EB4311C9
:102ED0003FF474AE284604AAFFF734FC00287FF4C0
:102EE000BEAD9DF8103013F060047FF467AE9DF81E
:102EF00011300A3B012B3FF661AE00F055F99DF809
:102F000011300A2B7FF4E7AE8DF80A409AE6511C87
:102F10009942FFF653AE2F499B1A01EB4311D9E7B3
:102F20009DF8141011F0700F7FF417AE01F07F02BE
:102F3000244804EB420202EBD112127D0078824257
:102F400013D22148066806EB4216DBB99DF8113012
:102F500003F0FD02012A19D0002B7FF4FEAD2846B4
:102F6000FFF766FDADF80A009BE7461C9642C0F2EB
:102F70009980184E121A06EB4216002BE6D0314605
:102F800004AA2EE6002E3FF419AEF8E7BDF8122091
:102F900022B9012B284612D1FFF72CFD002E3FF459
:102FA0005EAD314604AA2846FFF7CCFB002000F0B6
:102FB000FBF894F83530DE073FF551AD8BE6FFF7AF
:102FC000FBFCEBE7AEE8002050DF0020F1340010FE
:102FD000E7E80020904600109DF8101001F07F04F3
:102FE00009EB440202EBD11292F8343023F00103D2
:102FF00082F8343092F8343023F0040382F834300D
:103000003CB9059B9DF811209DF80C0000F0DEF8FE
:1030100025E5274B127D1B789A420DD2254B1B6864
:1030200013EB42133FF460AD9C699DF81120059BA2
:103030009DF80C00A04712E5581C9042FFF654ADD5
:10304000D21A1D4B03EB4213EEE799F80030D80774
:103050007FF505AD99F80000C0F3C000FFF788FBCD
:10306000FDE499F80030D9077FF5F9ACFFF781FB53
:10307000F5E4049B002B3FF4F2AC05989847EEE48E
:1030800099F80330DA077FF5EAAC0498FFF769FB9B
:10309000E5E44FF0E023D3F8F03DDB077FF5DFAC4C
:1030A00000BEDCE4002B7FF489AD1E464EE700BF76
:1030B000AEE8002050DF002090460010124B70B5A3
:1030C0009989DA8905468C1AA4B293F90000402C3C
:1030D00028BF402400280EDA914212D09968224677
:1030E0000A4801F02BF88021084A23462846BDE80B
:1030F0007040FFF733BC91424FF00001F4D10A4613
:10310000F3E780210022F0E7DCE000209CE00020D3
:10311000C943002301F080011A46FFF71FBC0000DD
:1031200030B4074C0546234608680A46496803C37D
:1031300000232846C4E9023330BC1178FFF7E8BF0A
:10314000DCE00020F8B5134D0C462E460746086813
:103150004968AA6003C60021E981E1888B4228BF43
:103160000B46AB8189B14BB142B94FF0E023D3F8A4
:10317000F03DDB0700D500BE002005E03846FFF734
:103180009DFF0028F1D00120F8BD38462178FFF7D7
:10319000BFFFF6E7DCE0002014220021014800F028
:1031A00089BF00BFDCE00020014B1861704700BF01
:1031B000DCE000200146044A00681346496803C366
:1031C0000023C2E902337047DCE0002070B5294CCF
:1031D0001E4623780546C3F3C013B3EBD11F13D0AB
:1031E0003EB14FF0E023D3F8F03DDB073FD40020A1
:1031F00070BD2146FFF7AEF923691BB122460321BA
:10320000284698470120F3E794F90030002B06DBAD
:10321000A0680028EBD03246174900F08FFFA36862
:10322000E18933443144A360E38889B28B42E18170
:1032300001D03F2E17D8236933B928462178FFF7EC
:1032400067FF0028DED1CCE702212846094A9847CB
:1032500001460028F1D12846FFF7CAF98021284607
:10326000FFF7C6F9CEE72846FFF728FFE9E700BEDB
:10327000BDE700BFDCE000209CE000202DE9F0412C
:103280000746FFF777FA48B3FFF77CFA054628BBF5
:10329000C8247C43124B1E19F278FAB110341C4436
:1032A000204600F0C5FD3F2818D92846F178FFF7E1
:1032B00035FB98B1204600F0BBFD3F28F17808D9D6
:1032C000084A284602EBC7124023BDE8F041FFF749
:1032D00045BB2846BDE8F041FFF730BBBDE8F081B3
:1032E000D4DF002054DF002010B50446FFF742FA77
:1032F00008B9002010BDFFF745FA0028F9D1C8230E
:10330000034803FB0400007900F00100F2E700BF6E
:10331000D4DF0020C82208B5024B02FB003000F0C9
:103320005DFD08BDE4DF002038B54FF6FF739A421B
:1033300028BF1A460446C820054B92B200FB043051
:1033400000F0A7FD05462046FFF798FF284638BD48
:10335000E4DF00202DE9F0418046FFF70BFA60B36F
:10336000FFF710FA074640BBC82606FB08F6174DC4
:1033700006F124042C44204600F030FDE8B1354429
:103380003846A978FFF7CAFAB8B1114E204606EBC5
:10339000C811402200F07DFDA978044690B1034693
:1033A00006EBC8123846FFF7D9FA48B94FF0E023C8
:1033B000D3F8F03DDB0700D500BE0020BDE8F0816A
:1033C0002046FBE7FFF7BAFAF7E700BFD4DF00209B
:1033D00094DF0020C82370B50B4C054603FB004466
:1033E0004FF6FF739A4228BF1A46204692B200F069
:1033F000A4FD0646204600F0F1FC3F2802D92846ED
:10340000FFF7A8FF304670BDF8DF0020C82208B5DE
:10341000024B02FB003000F00BFD08BDF8DF00207E
:10342000F7B50024C8220021174800F043FE174BCF
:10343000154F1C70FF237B714FF4E133BB600823F1
:1034400007F13801BB7340220123009407F11000FB
:1034500000F097FC01234022009307F1780107F167
:10346000B80607F1240000F08CFC07F1C0053046D7
:10347000FDF7A6FD2846FDF7A3FDC7E90746C7E906
:103480000C5403B0F0BD00BFD4DF0020AFE8002033
:10349000074B1A6A196B12B10022DA61012211B1CD
:1034A0000021C3E90C110AB100221A620120704701
:1034B000D4DF0020002310B50A480B4C03600371D1
:1034C0002378DA0702D4103000F0BBFD23789B0785
:1034D00002D4064800F0B5FDBDE8104001210348C4
:1034E00000F0CABDD4DF0020AFE80020F8DF0020E4
:1034F000F7B54B790746022B3BD18B79022B38D19C
:10350000214EB37873BB09258B7833700B78CC18B8
:103510006378242B1FD1954218D96378042B11D1DD
:1035200063790A2B0ED1194B26780193013300934E
:10353000022338461A46A119FFF7C2F990B10E3599
:103540002E44B5B20020FFF799FE13E023781D4406
:10355000ADB21C44DCE7052BDFD121463846FFF72E
:103560008DF950B94FF0E023D3F8F03DDB0700D5DB
:1035700000BE0025284603B0F0BDA3787370237801
:103580001D44ADB21C44C8E7D4DF0020D6DF0020C4
:103590000B461146127870B502F06002202A47D11E
:1035A000244E8A883478944242D14A78203A032AB9
:1035B0003ED8DFE802F002141731012B05D10723B2
:1035C0001D4AFFF7BFFD012070BD032BFBD11B4B34
:1035D000002BF8D000201849FEF7A4FCF3E7012BDC
:1035E000F1D1ECE7012B02D1FFF79AFDEBE7032BBA
:1035F000E9D14C88124804F0010585F001013471CD
:1036000000F03AFD0F4B002BDDD029460020C4F31B
:103610004002AFF30080D6E7012BE5D0032BD2D1D7
:10362000094B002BCFD000204988AFF30080CAE7B8
:103630000020C9E7D4DF0020DCDF0020251F0010B8
:10364000F8DF002000000000000000002DE9F84332
:10365000324C1D46E37880468B420F460CD0A3784F
:103660008B4239D04FF0E023D3F8F03DDB0700D593
:1036700000BE0020BDE8F8832949AAB204F1100079
:1036800000F05BFC274B4BB9274BEBB90020FFF751
:10369000F5FDA378BB421FD00120EBE76379FF2B38
:1036A000F2D01F4E06EB0509B145EDD016F8013BEF
:1036B00062799A42F8D11D4800F0A1FB0028F3D1AD
:1036C0006179AFF30080EFE7184800F098FB00281D
:1036D000DCD1AFF30080D9E7154B13B10020AFF375
:1036E00000800020FFF736FE0028D5D1114800F0F9
:1036F00075FB0028D0D1002DCED015F03F05CBD1E1
:103700004046A178FFF70AF90028C5D02B462A4683
:103710004046A178FFF722F9BEE700BFD4DF0020C2
:1037200054DF00200000000000000000E4DF002063
:1037300000000000F8DF002010B9024900F012BAC2
:103740000020704790E10020F0B5144F85B04FF491
:1037500013720021114800F0ADFC07F5A673402656
:103760004FF48075009300230D4C1A4619460294BD
:103770000396019507F5947000F099F907F1280375
:1037800000930023344401221946CDE901540396E5
:10379000381D00F08CF905B0F0BD00BF8CE10020B1
:1037A0000CE1002008B5044800F0A6F9034800F039
:1037B000A3F9012008BD00BFB4E2002090E1002081
:1037C00038B50025064C04F59870257000F039FCDA
:1037D00004F10C0000F035FC84F82951657138BD06
:1037E0008CE100202DE9F8434B798046FF2B0F46F2
:1037F0002AD1314D95F829616B791E4316F0FF06E9
:1038000022D10C788B780C4404EB02092B703A79A6
:10381000F3B29A4202D806E023781C446378052B61
:1038200004D04C45F8D3E01B80B20EE04C45FAD2F0
:1038300021464046FFF722F848B94FF0E023D3F87D
:10384000F03DD80700D500BE0020BDE8F883A3787E
:10385000DB0916D0194800F0F4FBA3782A796B71C4
:10386000A3880020C3F30A03A3F500714B424B4128
:1038700063F341022A71FFF75FFF237801361C448E
:10388000C5E70F4800F0DDFBA378404685F82931F5
:10389000A3880C49C3F30A03A3F5007253425341B2
:1038A00095F8282163F3410285F8282100F091F969
:1038B0000028E2D1C1E700BF8CE1002098E10020A0
:1038C000BCE20020B4E2002038B5054619481C4689
:1038D00090F829318B4204D043798B4218D00020D4
:1038E00038BDB0F8343133B1D0F82C11A2B200F5A4
:1038F000987000F022FB104B23B100200F49A2B2B8
:10390000AFF3008028460E4900F063F90120E7E795
:103910000C4B1BB10020A1B2AFF3008028460A492E
:1039200000F020F90028F1D122462846064900F08F
:10393000E5F8EBE78CE10020000000000CE100203E
:10394000B4E200200000000090E1002013B599B916
:103950000124084601A9ADF80440FEF71BFF40B959
:103960004FF0E023D3F8F03DDA0700D500BE02B0F7
:1039700010BD0D4B1C70FAE7012801D80B7843B934
:103980004FF0E023D3F8F03DDB0700D500BE002068
:10399000EDE7054C012B235401D00120E7E7FEF7AA
:1039A000F9FE0028F9D1EBE7D1E80020F8B504785A
:1039B000054614F001040E461BD107787A0713D48C
:1039C0004FF0FF31304600F063FC2C7814F0010416
:1039D0000CD12B785B0704D401242B7843F004032B
:1039E0002B70304600F05CFC2046F8BDC7F3800425
:1039F000F7E70024F8E770B50E4604464FF0FF31B4
:103A0000304600F045FC2378C3F380055B0708D5FA
:103A1000237813F0010211BF0025237862F382039B
:103A20002370304600F03CFC284670BD8388C07887
:103A3000C3F30A0300F00300022814D003281CD0AB
:103A400001280ED1022940F2FF3208BF4FF48062F4
:103A50009A420ED24FF0E023D3F8F03DDB0700D5B9
:103A600000BE00207047022904D1B3F5007FF1D1D8
:103A700001207047402BFBD9ECE7022914BF4022FC
:103A80004FF480629A42F3D2E4E730B50A4491429F
:103A900000D330BD4C78052C06D18C7804F07F051E
:103AA00000EB4505E4092B550C782144EFE7F7B509
:103AB00015460278089FBDF8246061F300020446B1
:103AC000394600F8082B00933246012300F059F9DB
:103AD00057B14EB104F11C063046FDF771FA0DB135
:103AE00035460026C4E9055601200A9B6360BDF8EF
:103AF0002C30638003B0F0BD01207047F8B5064656
:103B0000084610F8083B0C4613F0020F0CBF402586
:103B10004FF40075174600F061F908B10020F8BDB8
:103B2000002FFBD0013D3D42F8D12378DA07F5D4D0
:103B300030466178FEF7F2FE0028EFD0237813F0CC
:103B4000010307D04FF0E023D3F8F03DDB07E5D5C4
:103B500000BEE3E71A4630466178FEF7FFFE002814
:103B6000DDD1EFE770B5064601F108000C4600F024
:103B700035F9C8B12378DA0716D430466178FEF7F4
:103B8000CDFE88B16288616804F1080000F081F917
:103B90002378054603F00103A0B13BB14FF0E023C9
:103BA000D3F8F03DDB070BD4002070BD03466268FC
:103BB00030466178FEF7D2FE0028EFD02846F4E7C1
:103BC00000BEF1E7002BEFD130466178FEF7B6FE7C
:103BD000EAE78A89F8B506460C460B78F2B9DD07A4
:103BE0000DD44978FEF79AFE48B12378D90708D555
:103BF0004FF0E023D3F8F03DDB0700D500BE0020F6
:103C0000F8BD638861783BB162683046FEF7A6FE76
:103C10000028EDD06088F3E71A46F6E701F10807BF
:103C200013F0020F38460CBF40254FF4007500F02A
:103C3000FFF88542E3D82378DA07E0D4304661788C
:103C4000FEF76CFE0028DAD0384600F0F1F8237851
:103C5000854203F0010315D8002BC9D16D4263885A
:103C60000540ADB29D4228BF1D46617845B16268EE
:103C70002B463046FEF772FE0028B9D02846BFE733
:103C80002A46F5E7002BBAD130466178FEF756FE9A
:103C9000B5E70A4492B2914202D8B2EB400F02DB80
:103CA000A2EB400292B21046704770B50546AC8850
:103CB000D61A0846B1B206EB4406B6B29A4238BFED
:103CC0003146B1B18C4205D2944294BF121B1219F5
:103CD00093B26B819C4209D9EA882968C2F30E022B
:103CE00002FB031100F02AFA012070BD1B1B9BB2DE
:103CF000F0E70846F9E72DE9F047BDF82040858850
:103D00008846191B8EB201EB450189B2A34238BF28
:103D10000E460746FEB1B54206D22E469D4294BFDE
:103D20005B1B5B199CB24481B24228BF324696B2FB
:103D3000A54213D9FA88A5EB040939681FFA89F955
:103D4000C2F30E0A4E450AFB04110AD8404606FB90
:103D50000AF200F0F3F93046BDE8F087641BA4B224
:103D6000E6E719FB0AF940461FFA89F2751B00F0D5
:103D7000E5F9621912FB0AF2396892B218FA89F071
:103D8000E7E7B2F5004FF8B504460F4616461D4664
:103D900022D8C06818B14FF0FF3100F079FA2069DD
:103DA00018B14FF0FF3100F073FA9DF81830C5F3E9
:103DB0000E0545EAC3350023E06863812760A680CD
:103DC000E580238108B100F06BFA206908B9012071
:103DD000F8BD00F065FAFAE70020F9E7024613891A
:103DE0005289808892B29BB2934236BFC2EB4002A6
:103DF0009B1A9B189BB2984228BF184670470289AD
:103E0000438992B29BB2D31A5842584170470389F2
:103E10004289818892B29BB2934236BFC2EB410283
:103E20009B1A9B189BB299428CBF002001207047BF
:103E300003894189828889B29BB28B4236BFC1EB2C
:103E400042015B1A5B189BB29A4286BFD01A80B2BD
:103E50000020704738B5044600690D4618B14FF090
:103E6000FF3100F015FA22896389294692B2204673
:103E70009BB2FFF71AFF61890246054689B2A08806
:103E8000FFF707FF6081206908B100F009FA2846B2
:103E900038BD73B5044600690D46164618B14FF09B
:103EA000FF3100F0F5F923896189324689B200912A
:103EB000204629469BB2FFF71EFF61890246054650
:103EC00089B2A088FFF7E5FE6081206908B100F0A3
:103ED000E7F9284602B070BDF8B50446C0680F4641
:103EE00018B14FF0FF3100F0D3F925892046ADB26B
:103EF000FFF78DFF20B1E379C3F3C0161B0613D57E
:103F00002846A388834215D9E2882368C2F30E02AB
:103F1000394602FB003000F011F901222946A08841
:103F2000FFF7B7FE01262081E06808B100F0B8F97C
:103F30003046F8BDC01A80B2E4E72DE9F84F0546D7
:103F40000E469046002A3FD0C06818B14FF0FF31AE
:103F500000F09EF9EB792F8969891B06AC88BFB206
:103F600089B234D48F4235BFC1EB4403791ADB19CF
:103F70008BB238BF9BB2A34261D2E31A9BB24345D6
:103F800028BF43461FFA83F8B946A14540D2EA88C4
:103F9000A4EB090A28681FFA8AFAC2F30E0BC2457D
:103FA0000BFB090039D331460BFB08F200F0C6F8D1
:103FB00042463946A888FFF76CFE44462881E868E7
:103FC00008B100F06DF9A0464046BDE8F88FA04565
:103FD0000BD3002CF3D0EB88A8EB0408C3F30E033B
:103FE00003FB08660F46A046CEE78F424FEA440225
:103FF00036BF531A7B1ADB199BB243449342C3DB8F
:10400000A4EB0802204692B2FFF743FE0746BBE747
:10401000A9EB04091FFA89F9B7E71AFB0BFA314635
:104020001FFA8AF2A8EB040400F088F809EB0402F6
:1040300012FB0BF2286892B216FA8AF1B6E7002456
:10404000BDE710B50446C06818B14FF0FF3100F06D
:104050001FF9206918B14FF0FF3100F019F9002362
:10406000E0686381238108B100F01AF9206908B182
:1040700000F016F9012010BD38B50446C0680D46A1
:1040800018B14FF0FF3100F003F9206918B14FF07B
:10409000FF3100F0FDF8E379E06865F3C713E371E1
:1040A00008B100F0FDF8206908B100F0F9F801202E
:1040B00038BD000030B584078646034606D0A2B35B
:1040C00003F8011B980702F1FF32F8D1032A26D921
:1040D0005FFA81FC0F2A0CEB0C2C0CEB0C402AD95C
:1040E00022F00F0C9C44C3E90000C3E90200103326
:1040F0006345F8D112F00C0F02F00F0517D04FEA0C
:10410000950C1A460CF1FF3403EB8C0C42F8040BAF
:104110006245FBD1043305F0030203EB840322B1B3
:104120001A4403F8011B9A42FBD1704630BD2A465F
:10413000002AF5D1F9E71546E1E700BF844641EAD8
:10414000000313F0030349D1403A23D30B68036003
:104150004B6843608B688360CB68C3600B69036105
:104160004B6943618B698361CB69C3610B6A0362ED
:104170004B6A43628B6A8362CB6AC3620B6B0363D5
:104180004B6B43638B6B8363CB6BC36340304031BA
:10419000403ADBD230320BD30B6803604B6843608C
:1041A0008B688360CB68C36010301031103AF3D253
:1041B0000C3205D351F8043B40F8043B043AF9D2E1
:1041C000043208D0D2071CBF11F8013B00F8013BB4
:1041D00001D30B8803806046704700BF082A13D3C1
:1041E0008B07B1D010F00303AED0C3F10403D21A91
:1041F000DB071CBF11F8013B00F8013BA4D331F8E9
:10420000023B20F8023B9FE7043AD9D3013A11F868
:10421000013B00F8013BF9D20B7803704B784370F7
:104220008B7883706046704720F0030110F0030024
:10423000C0F1000051F8043B00F1040C4FEACC0C33
:104240006FF000021CBF22FA0CF213434FF0010C76
:104250004CEA0C2C4CEA0C4CA3EB0C0222EA0302B5
:1042600012EACC1204BF51F8043B0430F4D0C2F17E
:10427000000102EA0102B2FA82F2C2F11F0200EB6F
:10428000D2007047F8B500BF5FF800F0610200206F
:104290005FF800F0F70100205FF800F03106002021
:1042A0005FF800F02B0200205FF800F041050020CD
:1042B0005FF800F0ED0500205FF800F0C30100207A
:1042C0005FF800F01D0500205FF800F011010020EC
:1042D000DD1A0010591A0010851A00104D1B00102D
:1042E000BD1A0010011A0010051B0010D119001092
:1042F000F50F0010091B0010C51300102D1A001037
:10430000F11A0010A11A001055060010BD0A001085
:084310009D23001011020010B2
:104318004661696C656420746F20696E69746961AF
:104328006C697A6520444D410052657365747469FF
:104338006E672E2E2E004E6F20444D41206368611B
:104348006E6E656C732061726520617661696C615F
:10435800626C65000A2A2A2A2050414E4943202AC5
:104368002A2A0A004E6F207370696E6C6F636B7334
:104378002061726520617661696C61626C65004ECE
:104388006F207573657220495251732061726520E0
:10439800617661696C61626C65004861726477611D
:1043A800726520616C61726D20256420616C726594
:1043B80061647920636C61696D6564004861726449
:1043C80020617373657274004D696E53697A655222
:1043D800656C00626F6F74325F77323571303830D8
:1043E80000302E3100322E322E30007069636F3269
:1043F800007069636F5F626F6F7479004175672041
:104408003136203230323600555342207374646995
:104418006E202F207374646F75740052617370621C
:1044280065727279205069005069636F00426F614C
:1044380072642043444300526573657400556E6886
:10444800616E646C65642049525120307825780A81
:1044580000657020253032582077617320616C72B6
:104468006561647920617661696C61626C6500439D
:10447800616E277420636F6E74696E756520786647
:104488006572206F6E20696E616374697665206558
:104498007020253032580000A844001009FF01019F
:1044A8002BA08A2080F00820C300808008609FFE2F
:1044B800892006005250D3F07542D0430010060000
:1044C8005250E182887FDB430010060052503ABC0C
:1044D800A911E943001006005250ABB36053ED43F5
:1044E800001006005250BBFF3CB6F3430010060014
:1044F8005250861C0302F943001006005250542201
:10450800A29D0444001005005250DE65F468C423DF
:1045180001100D0A00000000631E001000000000DA
:10452800651E0010711E00109D1E0010991E0010BF
:10453800000000000A00000000000306A6000800B2
:10454800020002009C001400030057494E555342D4
:1045580000000000000000000000800004000100CE
:104568002800440065007600690063006500490082
:104578006E007400650072006600610063006500EB
:10458800470055004900440000004E007B006200CF
:1045980063003700330039003800630031002D0014
:1045A80037003300630064002D00340063006200AC
:1045B80037002D0039003800620038002D0039001E
:1045C8003100330061003800660063006100370085
:1045D8006200660036007D000000050F2100011C06
:1045E800100500DF60DDD88945C74C9CD2659D9ECB
:1045F800648A9F00000306A600010006005250537B
:10460800B4F4A1104400100000000000234400107E
:1046180030440010F7E90020354400103F440010F2
:1046280009025400030100807D080B000202020009
:10463800000904000001020200040524002001050D
:10464800240100010424020605240600010705814F
:104658000308001009040100020A0000000705020F
:104668000240000007058202400000090402000021
:10467800FF00010512011002EF0201408A2E090015
:1046880000010102030100000000000021340010B5
:1046980091340010B5340010F13400109135001039
:1046A8004D360010000000000000000049370010DF
:1046B800A5370010C1370010E5370010F11E0010B3
:0846C800C938001000000000D9
:0846D0006CFAFF7F01000000FD
:1046D800BA440010C6440010D2440010DE44001052
:1046E800EA440010F6440010024500100E45001080
:0446F8000346001065
:1046FC00034630B50268EFF3108472B6D2E8CF5F90
:10470C000120002DFAD1C2E8450F002DF6D1BFF3E0
:10471C005F8F93F90420002A0BDA4FF050420120EE
:10472C0012681A711A680023C2E88F3F84F310884C
:10473C0030BD09B90020F5E70A60FBE72DE9F0412F
:10474C001F464FF05043044616460025D3F8008010
:10475C002268EFF3108372B6D2E8CF0F0121002844
:10476C00FAD1C2E8401F0028F6D1BFF35F8F94F94D
:10477C0004102268002908DA84F80480C2E88F5FEC
:10478C0083F310880120BDE8F081C2E88F5F83F3CA
:10479C0010883046394600F08BFB0028D8D000201A
:1047AC00F1E7D3B501A9044616461F46FFF7A0FF53
:1047BC0078B94FF050439DF9042093F900309A4298
:1047CC0007D032463B46204602B0BDE8D040FFF74A
:1047DC00B5BF02B0D0BD70B50C46054600F074FBF9
:1047EC0002460B464FF47A70E4FB00234FF0FF3087
:1047FC006FF00041904271EB03043CBF02460B4644
:10480C002846BDE87040FFF799BF10B50368EFF379
:10481C00108272B6D3E8CF4F0121002CFAD1C3E835
:10482C00441F002CF6D1BFF35F8FFF230168037187
:10483C000023C1E88F3F82F3108840BF10BD0000F9
:10484C000022114608B5D30003F1A043013203F551
:10485C0080130F2A9960D960F5D14FF47072002142
:10486C00034800F035FB034B034A1A6008BD00BF38
:10487C0060E400202CE80020800110502DE9FF4757
:10488C00002501264FF4E069194B1A4FD3F858A0B4
:10489C00DFF86480BAF1000F01D0202D02D104B0F2
:1048AC00BDE8F0871AEA060F1FD0EB4305F0FE04B3
:1048BC0003F001031C4408EB44142046BE6500F0D1
:1048CC00D9F980B1E38AA2780393002301A80121CE
:1048DC00ADF804908DF808208DF8093000F0E6F959
:1048EC00204600F06DF92AEA060A76000135D1E778
:1048FC00000011500030115020E400202DE9FF4140
:10490C005D4BD3F8985015F4003430D000265B4B37
:10491C005B4C9A6A5B4B1A60334694F83B20022A34
:10492C0008D194F83A702FB194F83C30002B40F039
:10493C0095803B460136102E04F14004EDD13BB975
:10494C00514B1B7823B94FF40032504BC3F89020D5
:10495C004FF44072484B01219B6C01A8C3F30A032E
:10496C00ADF8042002934FF4003400F09FF9EE06EA
:10497C0003D544F01004FFF781FFE80331D502267C
:10498C004FF001083E4F44F48034BB7E93B1404B52
:10499C00394A1E66536E36EA0303FBD14FF440527C
:1049AC000021384600F012F9384600F009F9374B6F
:1049BC005E661E66012E87F8038007F1200755D12D
:1049CC004FF4C063ADF80430324B93E80300CDE9EB
:1049DC000201314601A800F069F94FF400322B4B6B
:1049EC001A65E90414D50026234B44F480541E6048
:1049FC00FFF726FF4FF48073012101A8ADF80430B6
:104A0C008DF8086000F052F94FF400221F4B1A6524
:104A1C006A040CD54FF48063012101A8ADF8043071
:104A2C0000F044F91022194B44F480441A652B040D
:104A3C000DD54FF4A063012101A8ADF8043000F0AE
:104A4C0035F94FF40062114B44F400441A65AC4242
:104A5C000ED0114884EA050100F032FA002304F16B
:104A6C00200084F83C3000F0D3F862E701268CE794
:104A7C0004B0BDE8F08100BF0000115000000B40F5
:104A8C0020E4002018E40020B0E800200030115091
:104A9C000020115000001050454400100346F0B5A2
:104AAC00808A1A8BDC78824228BF0246251E18BFEA
:104ABC00012584F00104801ADC705C78988242F441
:104ACC00806040EA453064B9D3E9034504EB8114B6
:104ADC00013CAE18B5420BD11C6940F400401444A3
:104AEC001C619B8A0BB940F4804001B10004F0BDFD
:104AFC0015F8017B04F8017FECE70000074B1B6CF9
:104B0C0013F0020307D18278D20904D0C07E831E31
:104B1C005842584170470020704700BF00001150A8
:104B2C0008B5FFF7EBFF50B1054B986A054BA0F5A4
:104B3C0048701B68C01AC6288CBF0020012008BD15
:104B4C0000000B4018E400208268034630B5106862
:104B5C0001B1000C5A78C0F3090042B9DA8A024458
:104B6C00DA821A8B824284BF00229A8230BDDA68C4
:104B7C0002EB81111A690C18013AA14206D1DA8AAA
:104B8C000244DA821A6902441A61EAE711F8015BFD
:104B9C0002F8015FF1E710B50446836800211B6839
:104BAC00FFF7D2FF63681B685B0008D5238B834239
:104BBC0005D12046BDE810400121FFF7C5BF10BD4F
:104BCC000023C0E9043383767047000010B5836876
:104BDC0009B11C682140A2B1540541EA020110D56B
:104BEC001A68520503D58178074800F069F921F459
:104BFC0080621A60054B1B6C9B0702D40C23033B91
:104C0C00FDD28368196010BD59440010000011508A
:104C1C00436870B5002105461C68FFF73FFF144B35
:104C2C0040F480561A6CAB78920718D513F07F03BA
:104C3C0018BF0123AA8AB2B1ABB901212846FFF7EC
:104C4C002DFF24F00054064344F0A0446B68324618
:104C5C0028461C600021BDE87040FFF7B7BFDB0998
:104C6C0083F00103E6E724F0A04444F00054EDE7A0
:104C7C000000115038B5857E04461DB981780A486C
:104C8C0000F01EF9FFF787FFA38A33B12046FFF728
:104C9C0047FF20B1012323770025284638BD204645
:104CAC00FFF7B6FFF8E700BF774400102DE9F0439B
:104CBC0043780446023B0E4685B0042B15D8DFE83A
:104CCC0013F00500CD0038004100E4000021714BC9
:104CDC001A7822F001021A701A7822F002021A7065
:104CEC0059701A7861F382021A706B4B1D686B69EC
:104CFC00EFF3108272B6D3E8CF0F01210028FAD15E
:104D0C00C3E8401F0028F6D1BFF35F8FAA6121468C
:104D1C00284600F0D1F800236A69C2E88F3FAB69DE
:104D2C0083F31088002800F0858032466178207863
:104D3C00A8E0584B1A78D70740F183801A7842F0D4
:104D4C000402D1E7534A1378DD077AD5137823F0A0
:104D5C0004031370C9E79A4276D9D9F8002012EBF4
:104D6C00431374D101353A78EBB2511C9942F2DA03
:104D7C00484F3B78580734D54FF000083B78CDE9C5
:104D8C00018823F004033B70CDF80C8023788DF858
:104D9C00043005238DF805303F4B1D686B69EFF32C
:104DAC00108272B6D3E8CF0F01210028FAD1C3E8E4
:104DBC00401F0028F6D1BFF35F8F2846AA6101A9D6
:104DCC0000F07AF86B69C3E88F8FAB6983F31088B6
:104DDC0000284AD14FF0E023D3F8F03DD90700D595
:104DEC0000BEFB78DA072CD523788DF8043003232A
:104DFC008DF8053063680293274B1C686369EFF3E9
:104E0C00108272B6D3E8CF0F01210028FAD1C3E883
:104E1C00401F0028F6D1BFF35F8FA261204601A985
:104E2C0000F04AF800236269C2E88F3FA36983F35C
:104E3C00108810BB4FF0E023D3F8F03DDB0700D512
:104E4C0000BE05B0BDE8F0839B1A08EB4313DB6989
:104E5C00002B87D061682078984783E700250F4F97
:104E6C00DFF84080DFF840907DE732469DF8051072
:104E7C009DF8040000F030F8B3E732469DF80510B9
:104E8C009DF8040000F028F8DBE7054A137801339D
:104E9C005FE700BFD3E80020FCE00020AEE8002074
:104EAC00E7E900209046001050DF002000000000D1
:104EBC005FF800F07D1600105FF800F0D93E00108E
:104ECC005FF800F0F10400105FF800F04D170010CF
:104EDC005FF800F0B54000105FF800F0612700109B
:104EEC004C6963656E73656420627920536F6E79CB
:104EFC0020436F6D707574657220456E74657274A5
:104F0C0061696E6D656E7420496E632E0000001F22
:104F1C0000388040FFFF0A240380093C80EB083CEA
:104F2C0000588A4000488A4000288940001889406F
:104F3C0000388840A78C083C240008ACC624083CE8
:104F4C00FFFF0835280008AC87AC083C2C0008ACE7
:104F5C00C014083CFCFF0835300008AC8424083C25
:104F6C0004000835340008AC0008083C280008355B
:104F7C00380008AC0924083C440008353C0008AC57
:104F8C008040083C00380835400008AC043C083C24
:104F9C001C800835440008AC8434083C783E083545
:104FAC00480008AC1F3C083C1D8008354C0008AC80
:104FBC00FF37083C64110835500008AC053C083C30
:104FCC0000BF0835540008AC0008083C090008353F
:104FDC00580008AC0634083CC73408350800E00318
:104FEC005C0008ACFF1D80083C00100825FF1E80EB
:104FFC00093C308A2925F905000911001EAD040071
:10500C00DE2EFDFF0915CE1D0424DF0605240EC07F
:10501C0006BB081BD0FFFFBD2748BE02342C00FD89
:10502C00BFAF2800B3AFBF38B2AF2000B1AFF61C92
:10503C0000B0AF3AFF438C2EF1023C75E1DB4234F9
:10504C00586214BB4C4E27B35BEC7F71004424A414
:10505C000064FF14720042243AE406BA0C978CDD0B
:10506C000F18BFF624B000022409DFF840E3BEB3EA
:10507C00E62F58B3EE0F473C01180E26668E6F0EC6
:10508C000324D007FF070C8D1043A01FE7653FD604
:10509C002F8E1EBB80172500F6601425988EBBC67C
:1050AC00862E6E103C0FDA25881E250B480066BC38
:1050BC00E51690DB66E59F3FC007048E4AB3E58793
:1050CC0003ED0040160A06B03CF7F71C8005D6EC41
:1050DC00043CDC920B3674A5EF2428EB2EC0EE8436
:1050EC00243B5EF76E26775F75160200C8052433E5
:1050FC00018676D820160E13968F0B1781366062B8
:10510C00A29B169694C16E2630B7840F8F8F055FC5
:10511C00CA15914077FF2548407067A836C2604E8B
:10512C0042070B3802AC836C0EC98C75EEC284CF6F
:10513C00173E02045F6E176D0640ACCDDFB602B0B1
:10514C00A1DFCB50661778785A789608762E2719F7
:10515C0088F6F2D8877377770A6EF1038E888853B6
:10516C007E3F5B1046113CBE1D5712FF06133CB828
:10517C00C731DA2694B68EE6574EED4228CDDE14B2
:10518C00ED86000C8E10DC00AE470B001124D933D9
:10519C00EA97C5F3D98704ECE3F01FEC2EF90FF76F
:1051AC00A423429FB6845110E70FBF430286DB1A3B
:1051BC001E000DD900072EEF2A28D60834101BB775
:1051CC001400DBA2AF24A0AF6D1E0724B806062482
:1051DC006C7DE654F3AE9654B60837584E36765876
:1051EC00FACF261EAEEFD00040AFEFB20C07DFD9DE
:1051FC0095DAEFD9D7FC0FF25EFF6214A845BF1702
:10520C005AFF0010046F28F8E0AEE2F3E1C70D5E20
:10521C0045B4EF16983D5E989FE6CF82A6286AFEAD
:10522C000F00A530FCFFA2897614CE2C3716601027
:10523C0080D118021FF064C55106214FC64A428620
:10524C008C5F7640008F18043B66D88EB89F54163E
:10525C000DB7177084E48464BF5DB400A78DB6E805
:10526C00A68D66DCA58D37C01E9DE63F309AB9240D
:10527C007920E71C9018B958E7349E302C79280B0C
:10528C009E80447940E73C9038B9A8E7549E504C36
:10529C0079480B9ED0647960E75C9058B9F8E77454
:1052AC009E706C79680BCD20BA843C80F37CC878F6
:1052BC005C48F394DE8C2E88F34690B03F3370DB61
:1052CC00046717177C1ED0F371DF31D860BE87BE20
:1052DC001674FBFF40787F50BA9E1D2EDF051EEE24
:1052EC00A22DBFB84C27DE061E9E79283907E79AF7
:1052FC0093509E0896797C3909E79293A09E0A8E6A
:10530C0079B4390BE78A93D89E0C86EBDFB91F373B
:10531C0083169E24251B7000DEFD7A8C2510084216
:10532C00175F43B6241643AEFA0E3003F01FED8A16
:10533C0001325E9EFA323B869010C16A8EFF87AEB8
:10534C0037DA2118717B5A6D707E2860012538A0E0
:10535C009D1C16FE7FF101A6DD20874A82257EE882
:10536C00422912FDDE21586D01F56EAEF0588629EA
:10537C00E66D0E14B03B565A33564C021E87B95E7E
:10538C00E13000048F6F20E17A1E7562776006D3DE
:10539C004E77AEEF0EDE8E60AEB21A99776167A6CD
:1053AC000647D8011EA0000AAF1E4001813F5E9641
:1053BC0000681A4007686D08021E13DB442202F8CD
:1053CC00FFE05A27EAAD0E17241A040608C00F8F07
:1053DC0057A2F66D080D77B620E00307AE81FFA744
:1053EC00BEAF25F0E9A00306D186C678C2AF06BFD2
:1053FC0017E64203B88E40A0861457B7F8C0AFFE2C
:10540C0006960DEFA155AF86F6AB408FD8FF2FB99E
:10541C00053666C1C28FBF7734167B7FEE02EE6015
:10542C007F162F05A17F66807F5D4F04215E1000E3
:10543C00499005AE204B9006AE404FE8D803BEAF66
:10544C0042300A01B76036C7DA18C58FF7F7B0815A
:10545C00445FB708DD8FFA060C818FB70467257C93
:10546C000A7A00538F040EC6014EDD9017096EEFB9
:10547C0006D7270426E9676D31402F70275B7E2005
:10548C00E1EF6EDE2BFE063C6CB6053C501E2F7A0F
:10549C0028EB060C606F6150508E5C36C077605FF5
:1054AC00CFC2A38B18CEB612DFDC16C38F1C1787A6
:1054BC0021DF10620A43806C26C48F1977A01E82EC
:1054CC0038CE4E9F6BE6625FDA7EC07147E7247B75
:1054DC0016AF87993EAF5E2A7EEBE0FF4014808FBB
:1054EC0010700E83C0078337412C27615ADF1FAB26
:1054FC00AE82C24D97836604BF04B16F322158222D
:10550C000F1920390C3B211F7108589FB3EF067DF2
:10551C00033CC4816376961043170FA002B14F6F02
:10552C006F25E8C0034FBE8F3D8F52FE64D6E0E777
:10553C001C5F9EEE247920363EB0C40E05C200607E
:10554C005654262842E73B0F8FFFE6B0182F18045D
:10555C006EEE27271803F816633020EF58870619CC
:10556C00782C2E7F150B9F448722EDA6833EC58B8E
:10557C008356DB8319478B265E0F362C70770E16FD
:10558C0001F6829EF4308000285CDFD495B47F3025
:10559C002B099EFBF700160E5C03063A1F2479209C
:1055AC00E428B00A0F161464BEE1EFE8CF14FC87B0
:1055BC00C03B56064F1C140DBFAEB790298E86EE1D
:1055CC007D0E80148C2713361668C4AF863F034CAF
:1055DC00583F5EA6AF1C8A47EF1C1F4447C12B6681
:1055EC00D1E947762047E108B05769E7F42C5ABF58
:1055FC005A0B17763718824902B0676C7F5555766F
:10560C00BEAAFF892F761FAA2A6C550092E93F90FB
:10561C00318C065788443420B4E17F8287164015BC
:10562C007E04445F6C27C925B0C703F0205BAEDB5A
:10563C00938EC3937E9F3060D80628403C9F449540
:10564C00DE244EBF1F86070012EE7F6FBC121E03B6
:10565C009872BFB3E74F00C9105AE157A6079FBB1A
:10566C0064EF56E44FC49731E8F37614C910BB8746
:10567C00021044EFE025189B97031F0E30400EBE1E
:10568C0060FB2790CF5BB7A7149E10184B9EE01CB5
:10569C0079182F041013F1B710D62FC0DF0CB49764
:1056AC00141D6F7514D76E8C0F2E7EBE440F0CC25A
:1056BC00772B0FB6001FA80716A718DC2287E71C4C
:1056CC009E182042B8001DC729F186A300D2A7F965
:1056DC00271131C0A7C8005D00146F5A1E67F41063
:1056EC0040A000567F015F83573D43A000118F6C93
:1056FC00373303B4972082171442BF2A1F181005A2
:10570C001FF1090062475F036B3F92116210A19F6A
:10571C0000E076381087C5406760821F1D80FF89C6
:10572C001F6A5F1C60003097486A87A10C0708E06D
:10573C00C7844F564C57EE40AC0F9D08D427645687
:10574C00EFD710C48E66DE060DFC30F8D142241261
:10575C00185CC73690FF060E2A6FDC67D756436677
:10576C005E7FF682001210676401E403F8070062A2
:10577C001C474C42CBA0DE447177218667017050E8
:10578C00272095CE4720B08E43AC500F36044FE403
:10579C00048B820C5FED0CEF6C4F030D2700053F63
:1057AC0017106EEF1448BB144F7310C50C17006123
:1057BC009C9F93FF02D79008FF6408B8FFFD6E68AA
:1057CC001196F70E6B3E76B77EA4C1060C032F58CC
:1057DC0004B73104E797BE813452EF8E6E90079672
:1057EC00F6060062270E107816EE07C625773612DD
:1057FC006FB69660F6C38F03469F6C17104FD2405E
:10580C00E4375027B85F1A574B0AFFD857788212E3
:10581C000216677727F8824553DF67643444246A9D
:10582C0080EB52AF25DEB02697DF61E7749F379E81
:10583C00D1193797E01CAC4710EFB2BA61C6C3E779
:10584C000C044F5BF7030C90830993028218970C9E
:10585C0050C626C60EF01300621450BF3628C7027D
:10586C00E401C5B70AE20710A80FB13BA6AF9DB380
:10587C00C3AF36B4C4BF8DEE1E17046FAA0F6205FA
:10588C0074CE45365FC227A5A77950C4E462A41331
:10589C00573C86831F0C51CFC1806EAB5F432F37B3
:1058AC005B5FA450B9042B9023B9602E084B5CA805
:1058BC00CC5F1785DA70BF2E0BC55FDA80BF2C4228
:1058CC00370B0DDF0A4FFE378CC54637C16F0ADE2A
:1058DC003ED06F0C02905C03905C0490587697EC71
:1058EC0083234F18FCA7874AF7A3449F02885F19AC
:1058FC004702E4AC2BC118840F133C621FE46CB458
:10590C00406FD8A84FBBC81F17EC25DA216FF224C3
:10591C008544DA483FED136F727415DA094FE4A031
:10592C002B143F40EC00868F4D088B1F9040BC78A9
:10593C008602776C802F5DB48B1F9204C11F50368A
:10594C00E01F2F1487041F04E3508774C7074C62B1
:10595C00BFEC541F5C8096B36EC0D84CBFD62B22C4
:10596C0037762EF9679C280A0F2F00AD9706790E13
:10597C0010E0280246809CA89E6E9FF69C09AEDA29
:10598C0018F36774AC872A173DF3D9A9EF851ACDA4
:10599C001740AE27154E204B9310C7D7FF874E9854
:1059AC00090A2E024E034E8C7C6A01930C2581C190
:1059BC00FF70F8F08E04D687116EC21865C6C257F8
:1059CC00FB368F085F05B1470A842F580384462F96
:1059DC0066C5AF3800E8C6AF30324EBAA705CE3038
:1059EC001B9887056EFF1B3DF7195D0E03D8000051
:1059FC001FE79448DDE61714A51AF6EF965987BEF3
:105A0C004FAD9F1E04109AEF34ED9FD657383FF2DE
:105A1C0004994C389D1C428F90E6675EE2C78F025A
:105A2C00E1979CAFC0C43666B3FAB18F0EAF20F8C5
:105A3C0096FFFF6DBED4FF978F1F4FFE040B974F41
:105A4C001754222B9FE2104280158F836F71AC1775
:105A5C0042773F177B64174724DF0364205CF18592
:105A6C007206585EB6B3776E6F598077B169272C82
:105A7C00E730AC28FB4F8316DE8F268F007C06ECBC
:105A8C00C6014317A353A04E83A1078D4DC227CE49
:105A9C0036EFE90F0062838719FA5F428C55277441
:105AAC00FCD72F0E05E7F63900006F8F1C886A4F64
:105ABC00446D2763AEB45517D28FE2A7F53C88C569
:105ACC00C7D5881752B3EF60D66F1BFFC46CD77A5B
:105ADC007F6CDCBF1857171013A627A8C5BFC9E0E9
:105AEC00170314575AD49716019F42D53EC4381E3B
:105AFC00523E16FE8997D14624E730451767B051C0
:105B0C00C7D31F14054FC0051C9F238967C32510DD
:105B1C00CF487CBF891467C324877C821A0262E752
:105B2C00015C97383C891C474B4EC62426272B0614
:105B3C00E87613D56F366857AD4AAFE024060F727E
:105B4C009489460D4F0F25DAC047B77F0736E88F8B
:105B5C0045CF8E3FAF02E3A7C0C28F22CF074911BA
:105B6C001BF8974811041601D750B067C948C849AB
:105B7C0005B25E0787005597B5670C499563148F7E
:105B8C002AE09E1833B760EB34438C7C560856FFE2
:105B9C00F52E93400FC3ECAED094E6C780A34EC055
:105BAC00185797741701F01801AF2A18A654FF055F
:105BBC00E8BC075C7F634ED9DEE8B7BE191645C852
:105BCC00178F1076655FF12BCA8867A313C1D60FA8
:105BDC00089DBFA8E0FF0C9E1027C81255B0A7DA8D
:105BEC0001772B920A2B92152B921B2B92062B9042
:105BFC0009AB167F801C7CE62000C6558F1D1C82CD
:105C0C002FE4200B82021FAB0275BF604E27EB9670
:105C1C00331616B81E05E694A611B69B1A0002039D
:105C2C0090EFA5F7781210041FB4470B87AF103E06
:105C3C000A9000241967A03F5DC70068B6001BEDF1
:105C4C008E14D7D84B5786183CEFC2367DD782D7E7
:105C5C005D7FEEB502D74C18916B185628A71677B6
:105C6C00884107022577E2C6F066C58F314E628FF8
:105C7C00F6AC9F26A7AD743F030E1D4F57F07BAEBD
:105C8C000CA760317F780318088C874A2FDB00C083
:105C9C00AF694F0371B7DF4006F8FFD84010D75FEC
:105CAC00A68F1060CFB8101ACD2F8F30011107308E
:105CBC00110537130D0A980F001AA6CF006810545F
:105CCC0057306293AF085E66C27F0877413F030787
:105CDC007E06E9FF40D03F6D96C2C2AF0464EF145C
:105CEC007F2210A75848C4DE30AEABD7C418CA21E7
:105CFC0097C1A3206F5C20F0148A1740442F586082
:105D0C00A71B2006E1EBFF460F24268F90BA37B174
:105D1C00409F2184BF2627D8C710F7B6A3068283DD
:105D2C00E70153ABBFC0BEC9149F1D546B86B1CAEB
:105D3C0027334CB0F70875E71FB61F4F75428C1808
:105D4C00F7834C4EC0FF1089D04604BAE7B4C06745
:105D5C008207A10BD01E22DFD2EA3FBA200DE73F0B
:105D6C00181244247B82EAFFC53F0585BDFE865789
:105D7C00EED83F0EDE23BF5C0B6E2F9666189BC7CA
:105D8C0038863AD71431CF38008A8DD71868BF16A9
:105D9C00B7192934EA4F201DBF7E1243241014E09A
:105DAC00B74244A7E82040301F862ED54224DF0C92
:105DBC00051547F484E442081F1D5CA5861EBDC76B
:105DCC0080F01F3456579AD7179F30BFDE2AEEDC6F
:105DDC000429B70526428E80978614351705315451
:105DEC00D8A7CD2F174C604FB5C0CF3AC6E6447F2D
:105DFC0061D9CF18108047CE43C40963D6CE8FD754
:105E0C00207F262C130324611F45270B170A2857C4
:105E1C001BF486800B674286170004B6B62EEC2462
:105E2C001062277388DB251F616F8A1447D8FF6FB8
:105E3C00F09714FEC717800557C41F0C4EF61E2092
:105E4C005F05E726B41E960A3E02D34FB8756F1154
:105E5C00DE261E1035EF300399A7D4BEE6E81738BE
:105E6C00C8798E34E430E7386C90C5AF4D49E21AEE
:105E7C000F0A14E60F14EA16379FC043854F638E42
:105E8C0054D698AF563CCE8EC96A970E3CDA67351D
:105E9C00571A8B370B112F7020885F268D8A7FD570
:105EAC004ED68C3DF6E9FF3457C6D8E27F584F1FCB
:105EBC000D0062106AD7191739FBE472DA97156B6B
:105ECC003F109755E4DCFF67FA855FC217D500D603
:105EDC00A98F86A407C2D74E4AB10027331CC81617
:105EEC0058F42F022217074430B514FFCF14402664
:105EFC00BF371E0234921E59B510565AA377099F0C
:105F0C0037084228E75597C207E91762CF78423025
:105F1C00284CDF122186DBF37F8504449FC224A228
:105F2C00479BF66770380867F143242B270B76EFF5
:105F3C0018EF444D371B1E5238E9F7B7B297E714E8
:105F4C00F75B0F08041728E7B68FC08F3804575239
:105F5C00C83E80E60557A2E715BEA7B77F470311D9
:105F6C00CA0711EFC040697F8AFBC7E930AB4F927B
:105F7C0038F03101F53E2D66B7AE08D316674334C1
:105F8C00205718205C83805827174434A64A77AFD3
:105F9C004400C2621028D752E69F880AEFD8676780
:105FAC0005A527C6FF0F2F42E1100200172F1C6C0E
:105FBC00376A1FE31C34EF82BF1013DE703C801A6B
:105FCC00A51F1D8075A761A03F404E4F053777096F
:105FDC009EC2C027CCDF1E84E411E7561A9F9DB6E3
:105FEC00FF742F813BC701ED0E1D17AC76266AEFAF
:105FFC00E21113CF1414F70E184088D7C64ED60DE5
:10600C005F0880CB088F3460BF3E3E082A5FE0A457
:10601C00AC7F007617F71666A63007B9DF22D10FD2
:10602C000600E04790B11F560DC731E3E7060C752B
:10603C00B788564F17BF5CB01557BA37510B57D9A5
:10604C0050E42784484D0F30B81F4402A56F809F41
:10605C0064D02E3D262197C40624C62EA51EC1F65B
:10606C00DF16A1EF56886710E1BF50CFC60B9566BF
:10607C00211251B720629FAFF88A691F821287E103
:10608C000AAF272C0AC04280859F6007D7588B87A0
:10609C009C84E40451B78C71A60646AF29A63BDF5D
:1060AC00C6FF1151E788C08F5BFE6B40A075575837
:1060BC0019DCC71142805407231B2E2E0D54076286
:1060CC003157588FA625239C14375B1F43AB0AA965
:1060DC00570C8732075C54E3870FD007B10757DAA8
:1060EC00642FF600CE87A6034FDACC6937B57467F8
:1060FC00E2F3CDAD2FAC2F6EA708D23C9F280E56E5
:10610C00F11C02070C83F75AB5571A7537E0BEEA33
:10611C00225F3191BF4D1C86570F4D4EDFE0056E4F
:10612C000F1676939F93286CE6C68F07F6BE28361B
:10613C0017CC06A0BF8D81265E42086EDF07972E16
:10614C0058F8EE63461C6700A7D7448662B79131B6
:10615C00477A2BCAD4E741C6549506A041349FB068
:10616C006F2E67737767435621569116DD366E2373
:10617C001EB1B07756002E2F51EF860E8F7B1E8FDF
:10618C0097A4A08AE4A522C7FF40D3C0F6E3A008D9
:10619C0047EFB0178DEC9662D916D8FF820D0FBA67
:1061AC003790D84FF39776C08F8DA7B0F723809791
:1061BC006FC0FE3C3C389C40E07747181873CF20EA
:1061CC00790624FA2800C06327AE0AC7BC948B0951
:1061DC0051A7A3FF40C5E25742745E98C7BE7886AC
:1061EC00469527BBBC8B450FEDC497760F7FAE024F
:1061FC001C9FC57F780C8C159F1AE0EF6D5C3F706F
:10620C0005AA2770808C2A8730AC57EA2E86CF2CB3
:10621C001EBE2C06A32F040776B447BC00A04E6606
:10622C008AB916BB305617B370B85A346FE229B717
:10623C0067961D0680D5063CE7950F95E70D2C2E2D
:10624C00C760C4AB1F8D34A817D2B5C730DB5686D8
:10625C00043CC242CEE01FC48EF6C217071A311797
:10626C00EA0800119F8C1A77F0F08C184FFD0A0089
:10627C00001089D709E19E06F8B7E4C440E34E60EC
:10628C00669710411F89CE6F148D0A6F2E2825AF8B
:10629C00F67CD637A42BFE60377050CD44AF5A84B1
:1062AC00EF834740ED14F7D0400C1F68025F1E0AC5
:1062BC001D07C137A00C96500FEC1C1C374D08AABB
:1062CC006FC6B6C66F151DE78D0D9F3BBBEC0F2A35
:1062DC00DA470800A9179E3C387A40555752AE1E33
:1062EC00A3246B77062712AF6F3C8D09145F7ABB22
:1062FC00D02987B55C3FA7FF0C8BAFA014D3071830
:10630C002BC0AF12514731300BEFB8065E242E551F
:10631C0096038AAF44C5877D04004001502FE12BC2
:10632C00C810C7EDA33817CF29D21DC7C12AAE8D0F
:10633C003EDE64851FA9627B971218B10001C01B59
:10634C005C771233A6AA171017C705DE2ACE2A16B9
:10635C00261713822397C6832C66BF0E1261AFD308
:10636C00C68FE70D7015776C0F312CC68FD2AE2906
:10637C0070141A0771681188D742ADE7F0470BD833
:10638C002F9F06020F36071A51EF8D8ABF10011787
:10639C006181FFB50F7FB8470677C51F0C0164C537
:1063AC00572D9F0C0485C8065C01F22005C9048199
:1063BC00F1164288AF423DC71D37D7386CB73A0F3C
:1063CC00240A97BE070040C16FE89DD1BC4700006E
:1063DC004DD03F83570C0AB7C60596905298DF14E0
:1063EC00601F50B18E83FF6CAF325860D0070645EA
:1063FC0057EDE2D03721464FC22097618D4287037B
:10640C00895242EF85AF185AE2B7460F1F28BBFFDF
:10641C004086142F014C37341170DE1957D7080AF7
:10642C003586144AB791425FE92F182E184B921CEF
:10643C00D0155FAD580774172A160734AC9710B7F0
:10644C0032AC05C31BFF56AAF7A11B5927ACDF02C0
:10645C00FF854A6FAC47AF88C6A7143ADF02B1AECE
:10646C0000C027DF08D28DC7634F812C6E4DDBEF48
:10647C004710C00996B7E0C393090677680406F77E
:10648C009B13776C373700DF8AC7903317C2A87617
:10649C000702E1FFC1C7862F08DC67E136E714234A
:1064AC00AF19A03FC6CC6F4176101FEA0FF27640B1
:1064BC00424E251012623F0F2C0084C59847601085
:1064CC003BCFC28F0235578AF7109CA668586F9F36
:1064DC0056221B712F13A06F3F0A004271CFA9D80F
:1064EC009768F66210C847428F8F6380037677C037
:1064FC006FA19AD7B4C267983762D9BD4FF401A483
:10650C006F12B6AD4E85D08417147F12136EC41063
:10651C004C7760827F3423F7560A6719EB22C24C02
:10652C004F1628AFA1167F0C67032C15BFA118B707
:10653C000B0C27321841600E2FAD6F4FF04228ED37
:10654C00D117740137DF6866B702401D2FC330279F
:10655C005C3497146BB7D618D2A3AF09B74717643E
:10656C00D0FF1657B075F60DAAA7405597680BA625
:10657C00027696244100628F516F40C1EEEF60812C
:10658C00371EE7A127A8FF85533F200938F702EEF5
:10659C0074DF1442DF165682107FB8204AA41710FD
:1065AC00873414836F52C357150A84070041C7A25E
:1065BC009F0060D4B8970511A67702D7170EA2D208
:1065CC00AF90019F569DF723861886BC200622F9B2
:1065DC001804A71B9F190A040456C04F0C1A969551
:1065EC0097574A4BA0A79A4B8B898F60670655A18A
:1065FC00EF4130AB5B477740355C1A6729A85DD516
:10660C00DF4D4E464725A897194F002E32E08E805D
:10661C001F0634400B92428B8A434F82E8508A8784
:10662C00B7DF4BAD0B5137295296283F06AF88B7D1
:10663C000B1A106F2002DFA638F73EC4B6B7C0475E
:10664C00C878B6CC7DB62510BE222518E000D00A3D
:10665C005EA7D016600926F00EFDED2877E0D74234
:10666C00271F0424C3E2612F0A71D7E41C35359E21
:10667C002ED8270F2856D7D8AEC39761171AE34EDA
:10668C00C826FF7530D738EF364F844876171F521F
:10669C00C5FF700225BE7B2D00C2A3570EC011048E
:1066AC00FCF7CC933049F81F932D2E1726373FC09B
:1066BC00A0FE543E0E0A7761CC0E97B08A161CD100
:1066CC005FA040BF613CFEEF0A77438EE18FDB3267
:1066DC00FF977E612706B03760C7C32F81589FD6BE
:1066EC0036A3571786394B3CDF0FCF839661D0FC0E
:1066FC003E1C03001057EE00141EFD062510628C84
:10670C001766D6C5303C2E843B2627256D0800061F
:10671C00620743F62C7D079EE20A8FB48B9600022B
:10672C001A702FBA0178326B3785358FDE438C4265
:10673C00BEDF211862C02FD8AC176602E1945A5DF7
:10674C002EA7362F9D42944EBFD83E2DFA87FC952E
:10675C00C7365DD7E140D416DF360F1B5466803D3B
:10676C00276B460D565004575C80F54CBA7F413F61
:10677C0050DE34AE041AC7B14277F83EA3347B4ED8
:10678C0001EEC3044F722205DE04F63040AD8617CD
:10679C00093E5647F0760AC537E909004A470F2CDF
:1067AC008E0D2F382BE2D437069EDE9791BF616F8A
:1067BC00EE92255CA7A1A6D814F730B8570D85BF6B
:1067CC00854F79075CDE8FFA8FC8EA0F2D4971C7A8
:1067DC00399F5A97BE0F00C934721C05C81005B0FA
:1067EC004F2981EFAA2427B5EB0F251EA6FF055EC6
:1067FC00EE270A98FF2E30F156527766310EA624FA
:10680C00FFAE2548B1FAAEA7306EFF0A3BAF90340D
:10681C00B12BCFA80A0EC73837E358AE0FBAAA1758
:10682C00E334B9DF1C0B9234DD170657165C216C70
:10683C002FAA17995C3B80D75C9F6627240657AC20
:10684C0007CE5FB62786806FADC02FCEDF378A2884
:10685C005FC1D743802176A8FFB87F20D7AE2CF03C
:10686C00D6025507D52C977002DCE73E81700245A5
:10687C000FC9D0705DC5E75D0B57C70C0CE75D0BFE
:10688C0051C776F4CFB84381B59FC7CFC3C093250A
:10689C00E9A753378F0E52A6472811071314685FC8
:1068AC00D0E2073AEFEB5706379C0A4DD89F028D82
:1068BC00A7981E3F1507FF1724828F7F9E13000099
:1068CC0096603F100D471025ECFEFEEF4804470B79
:1068DC00CF2C8FC0C81C97E0508F340F6C572011F1
:1068EC004F08C3A937D2A304698F58E12E108977BA
:1068FC00D480009DC72236EFB18701B31F7F49A515
:10690C008FE34E930AC702D0163F89D518FFE020BB
:10691C009B1793A73843A08B88FF60DF42A69A2071
:10692C00204620A10EA2EE0091C8EF52CA26989FD5
:10693C00706B77D64D4306DE010E0AB6680EABEED1
:10694C00971BB5DF120CC7ACCF07A643272FB1A0FE
:10695C00FF7837A08D5F6C3733FFCD9CA4200B6F75
:10696C00B5130108078E0F1E76E24D4CD6FF84E35B
:10697C00F7DA4224D711E8471C200FBC1C08C22AA6
:10698C00870BBC14D6E998705F1E2627D6DB2DE743
:10699C000D8EC2A08FAB576C9663302FEE5E675393
:1069AC001C6E20026FF019D397C71D28A6AF8C045C
:1069BC006B275258FF35DF859B574157A798A08FFF
:1069CC00AA5FB6977E231002000F02622F628073BB
:1069DC006F2405AF6026D7B84039AED030B30F6303
:1069EC00E73E8F828FA61B506F060CB711FF788184
:1069FC00528AD097A783B6877680A7D72E271E01F9
:106A0C00857F58E70A87B565B7461FBBEF5155AF71
:106A1C00AFFF53142F6A70871781EB200224328743
:106A2C00080F6EAF0F8420E07FA857C137A414E481
:106A3C00060B755F2B8C1F63AFC40CA55F47FEA0C4
:106A4C0027BA076A2152B7022B9F5935E7A90B4F7A
:106A5C0010702F0DFE5CC601F2017001508EFF8983
:106A6C00170E7F542F0A73F74E062E133E47A23F84
:106A7C00CF3F77564F81CF26768F1CD72BF30F0144
:106A8C00CF010169DF87586E9EA4A04EA87EAC0092
:106A9C00C530A0A7507CDE82DA44DBDF1E3E468F79
:106AAC00710B0753B1C70EAE9CF0362177169D0EB5
:106ABC00809ED4461438EF9B9F2EDE0396B61B8F18
:106ACC008AAC07B918E49CE404AC7077C214D41FE8
:106ADC0083075A9E8FC5370D1169442F89E046866E
:106AEC007710D837C2AB470F068F3E8FA805EF142F
:106AFC00845817DDEE2C8D1AA8F740E30F52174F70
:106B0C001422313A6F8F12FE21B618168018DAA4AF
:106B1C004C3559BEEF40AC00AA0FDF16AF005DBF7D
:106B2C0060760F33A7581D1F58A07718A82B4793D2
:106B3C00320E57D2C3D6638F8125444F89E0A63BD2
:106B4C00460F9196C02729670AEE377FF11BD406B2
:106B5C000C35271601670D1BBACF20DCAFB25E03D4
:106B6C00E16604C1063A25F45E127B76212016708C
:106B7C00802004DA07DAF02E43AC289F2C3A07D891
:106B8C0000281F914467212A570B8838380FC60CF0
:106B9C00173039184778C0AF30AB87923CE42023CC
:106BAC00D0428CAB7F61BFEB1A00624A370624845B
:106BBC0026973807D7488DCFECC0199EDBC6A3AFFC
:106BCC001F0D14D5168F9A56C701BEA2CE813C4C10
:106BDC00D7B40E0F901ED60B1028E790E87FCDC2CD
:106BEC00A4E70D41AF7B50FD1661AC02B256A80272
:106BFC0039B002990699E7F42F24008EC227B13FD1
:106C0C00DFB08E02279D14004CD1DFE218902AC70A
:106C1C0090705AB05E672401D39700E402062400FA
:106C2C00643C2E9D43E3C32724705FAE5F63DF4655
:106C3C002711337F4B7F5E01003423AF4E17921127
:106C4C00C2EF070C01081C4F1050F8E21E07761E0D
:106C5C00B7033FC43A2C768C0108D01F382CEC6E4D
:106C6C00F7A408D72F19D3214C9085C8623002C5E0
:106C7C006F4DB4AC9723EEB14F9782CEC3A4016F86
:106C8C0004AABF04308736EC972E3C346C5F713706
:106C9C0057248291C726293A372C345F0D548B9791
:106CAC0082162F31C5372981578009467789EFC164
:106CBC007C91CF12B8E7446D273C5E8FF08F432E4A
:106CCC00552F1E7BD726200F1B14B70C0D0D520F02
:106CDC0094EBA7611F0BA67F3C080F4003D60684DC
:106CEC00C705820F818C1D28079D2EF945D157EAC7
:106CFC0090914277258B1F92E4E8802A877004924A
:106D0C00A19701C14BD745C942F895DA060C2A2F39
:106D1C001D14924C4447B11F727417AC2580331765
:106D2C0078D8922A7776009327998239142DD21F1E
:106D3C00305E95DAA2E0DFC40527A8BAC7C019AE49
:106D4C00AF0A1807DA3F72C5FF380200EAD746458A
:106D5C000F575CE411429402DB5640A4740F5AFAAC
:106D6C00E6E04AAA3FC6A8C7E202185F2C581709EA
:106D7C008E1703D72F0301354788BFB618407427E9
:106D8C009306A7D0D7AFD862A077112787D847A58D
:106D9C00BAEF944C3FC0A7138F7F439087235E8E2E
:106DAC001F7FC614A760A61F0493EFDFB7A102864E
:106DBC003E15DFBC8E97041B8760A76D06777305A5
:106DCC00C80557802160D51F63ADB762604FD015E1
:106DDC00F630FA0800C2AF08E2EFC4EE4697FFF7B0
:106DEC0030FB378F985FFB1042341F02167B5E0C12
:106DFC007EC90C5EBFFF4AE4402501EA0E81FF60AC
:106E0C007F64DFAC10AF0C12F24F1B6E49FC589133
:106E1C00D806B71BF74757408200372604C567C80A
:106E2C00FB56081F620498478049B1EF45EFBE2F0F
:106E3C00181429A78821C226A1770C28CBA7470EA6
:106E4C00E0FF58230F0C08AC0E160F15BF76F84751
:106E5C000C51572C473609D70186409FA696AEE7B2
:106E6C00189F60C0E9D71DBF22B70D4DC10F82B46A
:106E7C00A80839F7A9084ECFA4075AE80752A25719
:106E8C00F53EDB5CE73838424C2E8636863ED045E4
:106E9C00347D4604E3A9379D480BF6613711C3973F
:106EAC006AB714C21662D7B5C0B7B04F2143F667A4
:106EBC001F43AC0026B7BD5C1152978E1EA7CE1F88
:106ECC004394CE7F43A4092FE044340233AF1270B5
:106EDC00464B1F274C14EC2E2A46141BBF164FF69C
:106EEC00FFFF433097F8A460DB2967C65811C447ED
:106EFC001E6FE930E98FB307373D14A730F000B0AF
:106F0C00965327166EBF245A254E0B1F5156FF0C55
:106F1C008F11863E4727A2E2076123AF3F28100C52
:106F2C001F4D286CCB870ED38CAF84CDA75D17B0CB
:106F3C001F710687881F405C4786870405DC372451
:106F4C0005C04F86179581875BDE6840AC318F6A30
:106F5C00359F6915F78FE74110DF7558235F6D1F5B
:106F6C00ADDBD72E6943A04A4F02ED03FF84D86FE7
:106F7C00209762FA2A67C6C4A704ED95DA87325ABD
:106F8C0068892FC44294E267D15702028D1F5BEFD0
:106F9C00008DA8B7B6DF04237602B8AF240974A716
:106FAC00A4987F0B044F0B97A420B04097D85A4756
:106FBC002C058A07C1970205DF5B8F0D200DC707D3
:106FCC003060A7D37F5AB6079EE8A6AACF30459764
:106FDC005C14957210543226156881DF52E9A613A1
:106FEC008F47C38F009D1F42340F36065F18C45E57
:106FFC00363637194800D4A0BF38221D36EA45C7AB
:10700C0069A8574216775A13CF5F0D7FBAE728133A
:10701C001F97766888886E26818883AFAC103732CC
:10702C004C17540874AF811E3E2C0094AFE96C933E
:10703C00352FF0072443382725D2374405C46495EF
:10704C00D7207C76440EAF29B5438758280F40EBE8
:10705C00FF050F0B3703E882030F29604F410F42E6
:10706C00C03781D72F605D36ACF53EDB060C8A0746
:10707C002D70570AD52F5A18D8A7C4431E078890CD
:10708C00B916D016ABBE631FE5948E4E8908CCE7BB
:10709C009806B604463A8E910070D709A3B7809033
:1070AC00191783058E01A0FE2706572EA800691F0D
:1070BC00B74D8F93C000C01E4FB594A75742268D75
:1070CC00D7936D0FA8AF6406AB1C0F0C43156FF074
:1070DC009400C055671ADC5F45A5AB0F4136DF94B1
:1070EC002B278D20A91F8F644680DA398780575D46
:1070FC0027E6B01F973EBA672424A98FAE3827B76E
:10710C001678BF4AC6FE5CA758928B7F5070D7FB8F
:10711C0007423006CF713897BF4D3855BFE3300A60
:10712C0063DFDA0A27C14E34261821C4C7BE26AC49
:10713C0029172F4B6F923A06240AAD877D3EE33711
:10714C0027FA81E68A67D9F6869F11D75F8025B426
:10715C00EF086097524DFF76887FB81C23B7183D17
:10716C000744D547D4076F1620A142345B35F7C2CC
:10717C0011D4E76F5FC097FF82A46F62264B5767ED
:10718C0091E1FF6214A18FA48C380F91A317118881
:10719C00982F36B710919F7418B9C7D490936A176B
:1071AC00576705DE48AEB479B00D097BC73806CFFA
:1071BC003C403C44F348CF4C504253FF544517DB02
:1071CC006CFFC0E803FC47DE575FE76D1F102FD044
:1071DC005816CED317834CA730C6D8EF0E2E314697
:1071EC005C340F30ABFF751F02B12FA797D83799BE
:1071FC0003390200D926A5D6C3B82720EC5EBF8E72
:10720C003EDB53540E4641683E0519A45704F8A6BC
:10721C000CE7291F764F4F57DB0E534C4F531F2152
:10722C006E9FDA52454E0942D24F5E5A42A34E40EF
:10723C0007C7F6A48AE9BF2E42B7965AF43E06C594
:10724C006F847B4E62CE571358854550E6455417D4
:10725C00EC26F94F4E4C4CD00E4376B60F4F2FF90F
:10726C00EA4CA74C3C2C74EF7B075C16D05CEC8F83
:10727C0048CBC79F0E4D50DB0E4A559E490E578C7E
:10728C00A8E4B80F3D08008997C3494E9EDA429690
:10729C003142FDA000C0AF29572FE0A0939AF730E0
:1072AC0037376DEF0D40D87E176444B950D3EFA239
:1072BC004406979BA026B42EC60A1E4C56A43C9698
:1072CC003CDC0DA9EF702E352F7BD2E6271B6FE827
:1072DC0037BB97505EC9C8F8330300106847674442
:1072EC0090472C10B7390494290467304C4597D239
:1072FC00200CCFC04CE00F425CCF1A9D67A7C7266D
:10730C00B7017C2693200AD79A20856F3501B1E707
:10731C000814D76356AF080F639C2A97A64C18AF76
:10732C001C18621117A80C4E6CD8AF03E006F3BC06
:10733C0007E702315F3A58442697273AA72C341FA7
:10734C0021810F900F8B048740C9EA825F1C424752
:10735C0058BE395E0702F51AEC45AFD14DCEDA5264
:10736C005E7642E8608BCFC920945308517AEE20A8
:10737C00C7AF600080C2B7BF00A18F26FFFF026EAF
:10738C00F7303034979422F73C8AE9012A9F3A0768
:10739C000D77364C572BA8448A4F52D4AF0B6756F7
:1073AC0000D5B7E96CC3540FD2944CDF07846B7FC4
:1073BC008164E5FF5276601768257068B84F4117F5
:1073CC004E8C9402A23F5AE7BA4449908704EDF7D9
:1073DC004287D5F70334459708152E531F3663148F
:1073EC00D75C6C85C9CC5613FEF107000028A7109A
:1073FC0035E705A9AFAEF6FFC04014A207C06A2F4F
:10740C00B07877022A663CC389DFBC04264085CF5E
:10741C00084421730CC95068A107806CCCCF6C5107
:10742C005777702EB7704F0E1537E1BEE60CC1FFC3
:10743C0081E2760F178447175AA5EE081F3150DFEB
:10744C008A3F07CC0121215C365494A50CD73ABF56
:10745C00F0C6FF988F976EC2484128EFF5D2E644EC
:10746C00E7819F4EB4C91536A8F000C2AFA8988723
:10747C00264EFA96434FEA7F50B03F2B07615F8050
:10748C0052F63E4B5F0A72575211394558089656C0
:10749C0041559E4E825F984F3CDE534342578F7648
:1074AC00E8624F604EE1CE4CE2C603316F6D3FC2D5
:1074BC00556BAE4D8ED8AF3FBE750C07A6285F70CE
:1074CC0000955C0EF2020762EF05438F41953F4E2B
:1074DC00450126690F6B5F01ABE7A68467BA88622A
:1074EC0097BA8422F7E48CE78C9284E090154FDBFA
:1074FC00905FC20C00E8B7C1674238DF6016BA77FC
:10750C008845273E08D6060C054F17587D7602FE97
:10751C009A2F5B6C5F103FF5C21102016F981F69C7
:10752C007F0AAF9A2CEBCF7447300316D645004434
:10753C00C748C1997F842694F556948157488B8B04
:10754C00FF093E9E880043BC985E982D4497841595
:10755C00CF6DEEC6C28F304D27828FB829220FE037
:10756C000FC06E81BAB73053A7671218058F294E1A
:10757C005F0B501BDECF03AC3AC51FB02F31CCD7FD
:10758C003F300D377230DA1E2C11E74CB70A0F78EA
:10759C00980C07A067F0A90008179D444E139F7420
:1075AC002005DB91BF198237D9CE6E06B404C6789C
:1075BC0075F7C534AED43414AF48A1AF46EF468747
:1075CC00A17C8AF744174F105137B036683E74824D
:1075DC00A63780AC5F289FB003E758205F5BA6C638
:1075EC008F8674BFE2F8AEBF2A081FB164BF43A7F1
:1075FC00787966343C2C963427C534275C34175F75
:10760C0078152772C8615607124C7769EA469606B8
:10761C00478D2FF7419657485E0E317F7B0200173E
:10762C0048A8C764302F50536C0E47410EDF3A1EEA
:10763C00C8A64780D6BF01D7434148ED264C6F32D0
:10764C00115C8895D424DC8F6125C0A7C1C43F1779
:10765C00085BA5776EA72B4BA60E8FC08FB81D2F7E
:10766C00132D4953DF2B5871AF2C2EA7D640E1A315
:10767C00BFA44A52EFE91F4EE488B948E40DD25535
:10768C00776C77360237819020A442F2EDA4DC05AA
:10769C002F200677AB010A0FAC336FC00130878007
:1076AC009A9FC04CBF7CC38F10011A6760F426C729
:1076BC0025D4BF1021AF53144235AF4812ADF72F6C
:1076CC008E8370B7EC448C17317F87660048E81EB8
:1076DC00CC43AC04AAE7C49C8F160D6F0AC0000003
:1076EC00438187CBFFFF0906B7B809007457C070F8
:1076FC0011A407255E4630F1FF4014E0674048AA0C
:10770C00AFF80D000009146F4E4300C0FFD30AAF51
:10771C005D4498FF94041F23167630ED0A072C095C
:10772C00C54F81BD9E60F0962037873D7011404F4C
:10773C004F404011F5EF93384FC263BF1DB748213E
:10774C0007D84330275BE6633408D1E61FAD455FAD
:10775C00C6500E37C0C2AF4A8B77D6FFFFC51FE9A4
:10776C00401C8177817007E738909683830F860ED3
:10777C00072B80029577582D8F25563F04E0E7B1F3
:10778C009397562DC77400623740162F08704E1D04
:10779C00A7890B1711DD671043A081576117C080B3
:1077AC000018E93F778F40E01302000E8704355F25
:1077BC00C9027511567F3B500224B018677D4430C6
:1077CC0018AB7FA325E6617F0CCF32070585D0AEC1
:1077DC0018C47F30010438AF4CDF3E711140A02833
:1077EC001F7C351043A00538E70B0C5FA637910BB7
:1077FC00970D4F32441AA06740205F52C587619C99
:10780C00CF428061C1676B626F22F82C00C70AD12E
:10781C00E737357F42028FFF1E67026E27E095B077
:10782C000780AE17718B2F847099FF1075AFC32A28
:10783C00E75D244EBF9036B6766ED363909F0C28CE
:10784C0050276B762F11C7EA302A0716AF5C5736D4
:10785C006F8F00060D2674D6E106CCE70B7FA80CC3
:10786C000A4709A0103A975797A0C55317280871D3
:10787C009712186F41C674E0002C815748C1E2463C
:10788C00193206D1AF9F50E25B51370616647F0563
:10789C00FEC71043AC226A87B015D7713CD8C75AC3
:1078AC00BCC7FDED0D8AAF3A3893A55705566FCE80
:1078BC002FC68F82AE67A0BACFF50040136F5B76F0
:1078CC0000E09E221FD1885404D4E762862F30C07A
:1078DC005F860692B6C28487058607193C02C52FBF
:1078EC0010A1AB47587A861AE0462C5397745577FB
:1078FC00DB730F9E7224A0A98F8120AA8F94BCC623
:10790C0021680E80E76010152FE85000A60FA58A9D
:10791C004F6893225FD87F06249AC7E7244D270D22
:10792C000A82BFE39054FFD373E768CCBFB73573BB
:10793C005D1F71B1379D4E8637724E724E06253FD4
:10794C004A88DC463F062BEF614F6DE202008887C8
:10795C006D02F76E378514119F20A0E7190902E418
:10796C005608F843905A43310F21860F480AD7C165
:10797C0077088AB6562C2CB7C240B8BF2CAA6F2CED
:10798C00108720815F01662FD8F7405AE03E15B072
:10799C004F40D7C82105CE73C09FA89F56D0FF1962
:1079AC0083DFBC74560E62B79B0B1758D5E756860F
:1079BC002B0FB674CF82EC0F21F5FE0B179F04EA48
:1079CC00FFFF2E5F30875F5614F8D6F22B5761B746
:1079DC008207F70B10310F600840C71EC48FB86FB9
:1079EC00117626084F86C713E66152FF25C70F4A4A
:1079FC004150AE50566F04051716D077C845158503
:107A0C002D8F070202DF00C58FBD401043A08057A9
:107A1C00190202B13A1690C1FF0D4180A7B9412A53
:107A2C00E20014A638259A67505507C3267F0563D4
:107A3C0071DFE240AC3187B216CBAD67805F16CFF9
:107A4C00A18B104F0356A2EE9EE33C44221D7F8176
:107A5C00C708E00771FFE34D32E1264F2BEE42C41D
:107A6C00EE639F40BD9F401C18920990AF947A37EB
:107A7C0081A75F100211505F2B3C6E0C61522F835B
:107A8C00B7612EC7E8040AAF0911B70F6F501DCCB0
:107A9C00D75BC747628100116F17208120D0162059
:107AAC0004E357A0142AAF441C7716126D8E28C617
:107ABC006844A7C41C688F909FAEA5E41A54FF605D
:107ACC0004D877D1BC1FC096052A3730C2FF1D974A
:107ADC00D0E2014234891F69C7900202E4842B90E2
:107AEC000302D944A4C74ABFAE47A6688FA648D0A4
:107AFC00775D494950B7480835C716A668B7AE44F4
:107B0C00B0623FA65708CFAB86563782E4098AEDA0
:107B1C000B7715C90C15D60D158750AC185700D717
:107B2C00E840C7661E96A124890F60A7844CC087C5
:107B3C00E002021077702C0BFF4B15E78115A6C2E3
:107B4C0001221F54E277B80F815A66FA174507B025
:107B5C00040E0F0724258848FAA80224E0375EE6B5
:107B6C002403EF6ECF11AC37049AFFB7E700D79719
:107B7C0036DF0080BF00FD110500212845AC1A2816
:107B8C000EBBC60B3CED2120856E6040E06FBE96AF
:107B9C00CE24D47B6BFF4C0F24404007664E066B03
:107BAC00D44182021EBFC016680125C05080ACB6FD
:107BBC00ED286606A98D0A07C40AB04E0508A0FE7A
:107BCC002E002329DE60632C4019C0E4B00EE104C2
:107BDC004EAF6334D1A0659A1E451E3E290BE4FFBF
:107BEC00C9B615304A25D7068CCEFD8424E5FF8F07
:107BFC0015BE2EE724C21005F556A33BFE60108679
:107C0C0001977724201E9F03400096A31CAFE11F11
:107C1C0088BFC288C1AE9602C71F0A00A011770F99
:107C2C00E3FF608214DA840958560201616702226C
:107C3C00CE06FE0B0EDCFF60CC023BE6DA0EB0AEDD
:107C4C0024368D8F08D2438C8E0604B0AE25BE81AF
:107C5C002CAE71A7BBDB19020A58970C193E430FC7
:107C6C0078B8C963248BBE072C1144F6BF328180CF
:107C7C003ED722E72627390F04CBF217EE053CC27C
:107C8C00BE377E30C2351A37CA2330067B6F0A6E78
:107C9C00C62497E1F01046686F8FF410A4ACF7EC93
:107CAC001062AC5F3B2FF810EEA0ACE81E04773EE0
:107CBC001F0B3F474366DCE4266961F644DCB724BE
:107CCC000C9D67BF03943748776C440240374734A8
:107CDC000CF0FD06608240843F7D518F3F0424EF01
:107CEC002720801E032D556064E516838D2D3EC222
:107CFC005FDB1780BFFE5A5AEE949269BFBD341EEB
:107D0C00A4849F473ED65410C7DFBD025F951FBBAE
:107D1C0067BA429633679F0870B730A770BF8AB5B1
:107D2C00B78BBF0176BFE98750C1B79C8708B76C8A
:107D3C00D4EE98077124F06F861EAC145736E67794
:107D4C00DC0F8516BE0F280C9C69DD86002A051DEC
:107D5C00C6A2BC37A4003D6765F87E1044636F7300
:107D6C00E75A4305DFFCD810648C17C645A4047B86
:107D7C001E5E0ECFCE583C05EC2FC58007C577A2F2
:107D8C00D8E36F1CEF402DCF10D843AC97061240B0
:107D9C00AD9B8F4017FC5834428030D7B0CFDDC834
:107DAC00C6DC27251000564FCE7637A3FEB6DA1860
:107DBC000837425285378B27691E400C046086C2F7
:107DCC004F87B61E7F1300441060086302817666ED
:107DDC002EE0F060ACC22F4B3A835E5F9A1E43BF1D
:107DEC006623285D5E2076161EB16537C91C6205B8
:107DFC00F7061C36BD1876AC87AE47EE281696F6FD
:107E0C0057FF0826AB9609AC60010A1D968328CD56
:107E1C00DF68542E301A878BBA2018010F3D213899
:107E2C00665E6EE780B9C7ABE0DFF50F00E958EF8F
:107E3C002F362A38A300B6022F30764E264D96F3F5
:107E4C00EEFFCA146FFA2B18450002EC472DAEC694
:107E5C00E53E460CBECEF6FE0E25180000188F111E
:107E6C00EC6FAC23041C3E70760D878F2F06A71188
:107E7C00E6274F19A800BC40119530A0050E06DF6F
:107E8C006148800E4472ACE719ECBF42EEEE093C3F
:107E9C00DDDDFC0A3CCCCC073C37766284B0F710B5
:107EAC00AB8C032EE0033406EDCF3E29B635660CC1
:107EBC0024D9464A35B4E734A7F7900C4782A8F882
:107ECC0041042A1846CF9601700F8238C6535B16B0
:107EDC00F79C0F015F9296E6DC0E630100654F572D
:107EEC00EFFF690F4FEFEDFF6C0FE5EBFF6AFAE95F
:107EFC00FF6710E15F050EA254CF618177D18C1022
:107F0C00270306BB3CCFACC5140E093E2457DE2913
:107F1C00DEDE28A632A303373B67147F0B4F854662
:107F2C005483E88E601952F7CB4727A405C6F25745
:107F3C00B836EDB56627D7EC82D74C1896052606D1
:107F4C000E04DE939A37D7A72128C026E62ED7E455
:107F5C00455E2605605EC74280002BFF1EBF810078
:107F6C000A2EE9EDF71E0330B761854AB60168FFAA
:107F7C0007707E84F5B7433F6F7810671E4F321F32
:107F8C0016466FB88CF74DC08E8317453EA203B4CE
:107F9C000E82004CB7C6054C17E6013EDFE0DECC86
:107FAC00EFDF0A7717C05A474F5E064379A7A0BE8A
:107FBC00E5FF3EA524FDFFA6140122FFE04C80F650
:107FCC00F7C700590614D7D95A3E930CC66E2140F8
:107FDC00CFDA0A810E4B157643A8A7FBFAFF496E40
:107FEC00F90AA1726FB56364278E575AD6696D3A38
:107FFC002B36EBE2A45C3A07E2F5A7AF16C75A663C
:10800C003E26545E3B96C4008A112FF0001938E2CC
:10801C002AA41D86A309FDFFFF47A0A01C67FE8FA5
:10802C00FBFFE014AF3718C28600AD476682BAA0DA
:10803C004FEE0FB7842C106FE95C366EF6DF2044E0
:10804C008E83900D9282EE90001A34B2F03E9DCE4B
:10805C00DB1F000017E403F80016026C8F05FB17FA
:10806C008D0E6090F0185E157FB81E507CF77D3633
:10807C00C828E14E326E20062326C1A53FE206B188
:10808C00DFDB16482CD2C311F73A661420AF63021B
:10809C00B0773BB7069F6D5E85107B8F2318BCA411
:1080AC005E052E461D961A0082BEF7471218005C1C
:1080BC00D762A93683833F74174468DDA6B8ED05F3
:1080CC001F5F20838CA539A653AEB8410866C260E9
:1080DC0000CDCFBE4610A0DEC013573060C69C4EFC
:1080EC0030A66F4EF9FF8014A326A6D18020B6E8E7
:1080FC0020E4FC27F2FF681E3682AC06BD7EC01F52
:10810C0099A696350EC8D89EB65A04B89E04FE2E73
:10811C0026206213DE6A84302336616E416E6AAAB1
:10812C00AD8C2D9EBC9602010222CD3E82204C408D
:10813C00F314E11048595F2BE6059EC20223FF772A
:10814C000242086E08220AB81E3E5C3E2086F6B932
:10815C008FBCC33E62D62296F8DEFFA71426AC0F66
:10816C002F6E036F0FE144A0713F8407AEC0829C59
:10817C00F70B370BDF98565476F777479C42D1179D
:10818C0019F05620DE97043C15BF693F16DC968427
:10819C008024C5A7DEC03E3022D44E22977EF8E95B
:1081AC0010788EB060B0AF24FCDFB529507EB431AE
:1081BC005640B28DF6B183AF32474610862786649F
:1081CC000670C40600284E2A331F6E43148E5D8041
:1081DC00D714114E0F7F153CEC10878E12A2368EE1
:1081EC00542E8E47EE57160206171167CEBD10BEE1
:1081FC0025B1B8030F617E78BE342FFCE3B1262085
:10820C0016D82A22322C0670AE089FF7B5BC8FFE0A
:10821C008F1C368F1C068FF08F6336583708AE26AE
:10822C00E3BDC700AC10ADCFF3E0FF431485DFDA3C
:10823C009F1C97735F96296D37161163DF371041BA
:10824C0004207626471CC49FC0C047C057C14F3876
:10825C000E215711D89E571C2097A112AD1715BE91
:10826C00D6DEF61EAED0BF849DCF10BD589FC1AFD9
:10827C00B75606279F531C365CAFB7A46B0EAF06E0
:10828C00DE8F1E8F28976FC397EE46AEFE56C3FF48
:10829C00FAA8FF5F973132BCEEFF201217689E9848
:1082AC007BA7FE6E1827BF0E87615FA9B3CD17B0F1
:1082BC00DE964EAE8356840D96075E844C3926A20C
:1082CC004447141E4626B6A8A35836428C8A3667F5
:1082DC0084BE4745940DC7243C1C66179A201D3755
:1082EC0038A0E513B0B7AD3F8FF13C01422428EF25
:1082FC007AE406088D87752129371BB11E103C7C4A
:10830C003632000377E76021B0570B4FAE2A069048
:10831C0036371144F6CF2A4ED69C3608F01E230B66
:10832C0077F0E01062ACB86FBCD47B0A1E0C1AEA72
:10833C00CFAFDECE92F826FDF52627F68D60FFA78F
:10834C006AC67BECEE28625D7FA13644E15EA00E2E
:10835C00B718245A7367208911FB671C0F7089F7B3
:10836C00BE28160617C197E9CE0277147A878016B5
:10837C009E12A066178E440A839CF7D410006BDE05
:10838C0090BE470E54D210A39C6FAAE645AE66175A
:10839C009F643E15EFFE204E642C089E9F082624F9
:1083AC00D16E24AF5F50A4A0F98FB0040BF67B669E
:1083BC00ACE70BDF9CEF151A5982B75727B4266F21
:1083CC002326BFE1F504C81F2067402810043B6F2B
:1083DC0047AE031601065E1027C71F24212EB76671
:1083EC000E2674BFC63507B8876CE01E6B2E5DA7D2
:1083FC000B3F0311245F252000900087491296073C
:10840C00E80F016FC7E4330A3C1F64EB9E4A3E8CB5
:10841C00AC9B9FD2A1E85D1FB096B4E7CC714F70B6
:10842C00D885572987EFDEDCC00608609746A1F691
:10843C00AD96BE3883142560A0889FF063E768472B
:10844C00C01CD2853A6F20024F1C8891DEF4831534
:10845C00237C3664000C7FC7B023158E2070E6D4C5
:10846C007C6C3AA71656BDA3E7A157733F5F82F504
:10847C006F68BDC63C08462410A7F75C34462FD560
:10848C00403E389F0942C629FCEEC4AC3C45D89E00
:10849C00FFFF671760080BD08ED48E14B5CF4DA399
:1084AC00EF11DD6F188200015F0F03006003817F05
:1084BC0088F8C86F37EF2130860AA1FE8054AF28A8
:1084CC00D747FA4E68CE656E28048324111769626B
:1084DC00AF3BA6B7615F1704008083882F5261679A
:1084EC0071461FF6F0FF84C2614F16A7BA66BF83B0
:1084FC006F2A18A3434E042E045F97605EAC462D82
:10850C00BFDF074F264AF08C5C3EE7573E40977E14
:10851C000A152548E000C247DD5E082506DA260E5E
:10852C00E516B3272785670B27B085EA18DFC41E2D
:10853C000601B6308E26427AE9234048AD6A400ED9
:10854C0021F640280118E6868D67858AF7191020D8
:10855C00B914C7179A2E622A6F316017D4CFC5A3EE
:10856C0087086ECF864AE4A3E46202C2E33F121C82
:10857C0096480E0668DE083FFE093CA92A04C6018F
:10858C002E620A3C3FEE509729A82550269124ECE8
:10859C00EF4CEB264B366D96E2809EEFE2A002DCB0
:1085AC001701F303A5EF5626A050DE261EA0B4BE7D
:1085BC00972001A676F6A612271604AE91A64025A2
:1085CC00CD8FE0300A5B062E030F4E581A271ADFA8
:1085DC002B06153FB0F7FF81371BAE514657068A65
:1085EC00D6A2FA0A678026E767232F304272CE0D97
:1085FC00FB9008ADDFF02578495493BE5FEBAF6379
:10860C007EE025C0A074B60E0E168346468180A36C
:10861C007FBC947FC4252C2DF6AF0ECE660337306D
:10862C00A001D3C4A3DFAF0506040F86AEABAD1714
:10863C002A3E147EFE8720E001CB7F0E397F7D66BB
:10864C00015047AA3E9C580F8FB96F4ED714A98F73
:10865C008B0CA656070647686EA038C00646977C5A
:10866C008F284766C380A01F4206DD3F63A8AAA2DD
:10867C00C56E6E44258984C6B6761E85A651EEA7B6
:10868C002B7EA2AFFC69000B24A4C730CEE41701EB
:10869C009CFE2FB7F16C004AFD16A92401BE2F12C7
:1086AC00004B01C2B51E6A769628300E1E752C271B
:1086BC00ED060E43DE103126053BEFB2566E44DF5D
:1086CC00E20010D79F63469E5464F00EE699E6CE06
:1086DC0027EE069D1F8018EF5B7E41046E2EA3AF24
:1086EC002D24F78783A02358D7AF84C6D4A0A336F4
:1086FC008604E0A5270A01EA27E0DD8E471BC14767
:10870C0090CEA81E18B4AF68038704A9E7C2A3A033
:10871C0090F877632CC3F076F3FF01E6E0C6246C87
:10872C005CE7D91E2E21209A7E5E0E26760E6E12E6
:10873C0078788ADC9E061E8E1073F00EBC414F605A
:10874C00C03F0974672986E0AF09F08E840BFF05E2
:10875C0066C27C6EFCFF53366FA21C4567BF6F4B25
:10876C004740FA4E0610A70EEFB806E653F00E215E
:10877C00101118EE4290876C7E82A02FD6607E542A
:10878C00A6F68906D557AE741E30B1BF0B3E202B12
:10879C0022A0A91A909740373BF8FF4F2E37464F2F
:1087AC0060FF412FAE1CBEDBAE6700F702D52E6317
:1087BC00EF0FA0F9FF6616DED7F69186B808BE4516
:1087CC002680AD321D062051D60377EE031E9E780F
:1087DC00897904DDC702EC008424FF0F0219027DA5
:1087EC00B66330E2BFD926C7162F68CEFE783E7A24
:1087FC007E4F82A0087710CBA77E5C86365AD73C7A
:10880C008A8FE14004C8BFDAC35E7C40B16A76113E
:10881C00D9BFE420AE04C440AC7227DE2789C44A19
:10882C00273CAE6C1148F80714997B97063C132231
:10883C00FFF1B00B58FEF87526B6768F840F804D7D
:10884C0070B2811198070C377FC423AE096B66C3D5
:10885C000CC41799861310AE460206E6E026A00E4D
:10886C0063C1C750169676D01E740346C086D8F7DF
:10887C008842341680AC2E7603E21E63C74008177C
:10888C0077122277C6AEE0161D80264CC76265753E
:10889C006F17C7582587C3E73AB6DC9F2810963C5C
:1088AC00868F8C450FFF2419B0DF043A76201417FD
:1088BC00B75EB2AF5CEB367226A06EB54A0EC3B48F
:1088CC00AF3F81EFA22C730721C788A4D642A8C75B
:1088DC007E54C3260B6E5B16566626BB2CC656DE24
:1088EC008F868FF67E8FCF14AA0602E28E783F0019
:1088FC00BCC66F66C417CCD09CC74015222EE3159E
:10890C000180D72A87B55C3ED4562188A608F58EFF
:10891C0011E276ABC63215E64A3CF7002ABE1112BC
:10892C003EBF4390E8771E9A505E06578421B9B734
:10893C008415435703E0A166E85EFE242511CE5D45
:10894C00AD170A38431FFEC317034319A74BDEA408
:10895C00C3DC7E21482A2B0EB6AD1E49029957E185
:10896C00B526E23867150EC93F17102653D2168765
:10897C0026EA47FFDF02A1E728C58902D7810EC688
:10898C0025376A2F433BB6879F2AFE021E768480CA
:10899C00211F6A3DDFA806EF7967933E8E6E4B145C
:1089AC0047096E27C78FB120B3CC7E0E38A6301086
:1089BC00EC9EECB3C004604E5D1E2378961517F444
:1089CC002330C5616E1FE525080933F718413C2F8C
:1089DC00406A87305BE0AF620FF72550069E586007
:1089EC007968E7709E78C079C8E7809E88907998FE
:1089FC00E7A09EA8B079B8E7F09EE0F88C1C0BBEFF
:108A0C00A8488C260178FE0AAD24B73446FC4DA844
:108A1C000F4210D3B616F6B884340E059E48C2B970
:108A2C00A58D7EA50183F656741F801DC0AEB4962D
:108A3C003751BC3F26170FB5000181C5B7A1D436FD
:108A4C0087E61716BFE2C80A3C1454D60047C7EC99
:108A5C00400A01DE3E2C0108160A3605DA34A90656
:108A6C00EEEF433807DE0C186AAC251D3EC05645A8
:108A7C005E470616D7461016690666D38E08A5AF54
:108A8C00F444001F3E2B188C82501784E016A09ED5
:108A9C008456DEA3AC01CF9C47D056045B6E040316
:108AAC00FEC882EA10436A77118A87C187E0080CF6
:108ABC0070DE8601C7B1B023587E00E1D2A1460614
:108ACC005EF6053C0D97BCD707A08EE8073CCCC7DB
:108ADC00060BA624C5C04A250ADB9F30C498E0C902
:108AEC008CC847A216C90AAE6F068810E0ACB684D3
:108AFC00AAADB48C9E547EC01547D1C3CFE11E32B3
:108B0C0017DA4EE28CC89C272C060C61FFCDB66E92
:108B1C0002B88D7F79E7EE16AD27858D3A660AEDA2
:108B2C000E26C4DF905B0E5A00818250EE0D0D06AE
:108B3C00961E8D1E90E00E008D5606CC24011F95BE
:108B4C00B47763348B96045E190E0A0A76660606B1
:108B5C002784E0017708A257633377A622008C7E26
:108B6C0037D0FF06B8AF8B76062C3B0B47112B6F1B
:108B7C0004DCD604C5634428D706E61C7E3A37408D
:108B8C000E2EE3FE17A2ACFD1DA740681EFB1ADEDD
:108B9C00CE0EF906B0DF12DA2606F6F617CE7517EA
:108BAC00F3ED4F16653CF0F96565A039E71E1F041F
:108BBC00173307C918ACFC374201140737207E9CC9
:108BCC00E02CD80E24DE1BC1C616DDDCB780EE020D
:108BDC0034DA1F7B0ED82F373C075ED517CE5617CD
:108BEC00BFD24F42347517CFEC5717B80F1897599F
:108BFC001F21FFD7442CACFF8080098FD5642C4CEF
:108C0C006D8014E66D8A2456FFEE8C0C08638DC0C3
:108C1C0070150A21FD70C30110086C96160FBE74F6
:108C2C007D1E604C8406D5A60374166117D8468049
:108C3C00ACB02E507674A4FBAE43F081E88EBD8EA2
:108C4C001A00A30104649F514EAC55400CF72E4EF4
:108C5C00178050D60DA917B04D5208B7E6C012AE0A
:108C6C00C4024235A7C06E0E01385609DD4E97205E
:108C7C00D90003A7716EA14761056DF682028224AB
:108C8C009F8470BFC178DE8FC74476BE16308001DA
:108C9C009B1662100F9624A8C2097F443F2E57BB27
:108CAC006D461ED1AC870F4AFF604B86374DE036C0
:108CBC0018C76E17E0C66E8F109F1E648C6C06650D
:108CCC008C58972E7EBF3416AC7010B665AF30063C
:108CDC00B600FB3727800CFEEC473870EF6EACD13A
:108CEC000400674EBEE69777D068DFD53EF010A241
:108CFC008C81AFD5765C24661A07F00CEFDF2EACB6
:108D0C007C10C0AC8C2119AF6B16C2EE51059E873E
:108D1C008E0536060F5F5D36C2633F768F00E3C863
:108D2C003F65978B3784E4386608FD3E02632481E7
:108D3C00477D37E50A166B27064FC121ED67209456
:108D4C0017D146DD36BBD61036C40888E95756977E
:108D5C00CBC097F697C0448E09B04EFE74069DF7B3
:108D6C0028BC4406653CFF324E0756A00050AFEDC0
:108D7C0047EEB625852008AFC2ED876627C0704E3A
:108D8C0050B6A0747F15C6EA000307DF5A2426A24A
:108D9C0008A7D05D8E3CA437CEEE27820026DD3CA2
:108DAC000A3ECE371FCDC7067EE4E242341804419A
:108DBC00363E2B6CC87F0E36D0BE071C3F0AD6E25F
:108DCC00C79F1A82EE07D8BF5DE607E6BA1446DFE6
:108DDC00466042902EFE3640E92911CC00A37E2D30
:108DEC009C2C4DBCF6052997DEFFEC6E0202B0CE32
:108DFC0014380F20E01794400213EC1F372305455D
:108E0C00DF88FC2F043C4CC287E2C63B16DEC6084A
:108E1C0012C186171839BE022EC67D6002A61F032A
:108E2C000EBEC82F3E10FC1052AE0E8E1465DE2EF8
:108E3C008EF4235EE148C05A27C8F7BE25E618B069
:108E4C006E010031771C10366E2529062EA753C1F2
:108E5C0046389F16062019041F5FA8A3EE8F8020AA
:108E6C000202F09F5DAE8C115D1F17BE2A20498057
:108E7C0000BDDE4D587E24960A52370296260BDC36
:108E8C00A4276D262929A076A6615C9EA78FD066A3
:108E9C001EB5429E110A9687012F6C6AEB478327F9
:108EAC0025ED9616A28D274D5F80685BF72650AA9C
:108EBC00EC3E4381236687089E1DCEE7014FCF050C
:108ECC00E3AEB8FF014FA7B5E282086FAFB2E60779
:108EDC006609DB24041F6D3043ACA157C000087831
:108EEC00F752CDBF162C5647684604A32F73175E56
:108EFC00608401C8E7F0A7285FE62A00481421ED3A
:108F0C0018420136053D85A096606B1EBEEC96E3BB
:108F1C008CD8F6E9AC9696D4E6E36306AA4EF4AE8A
:108F2C00BFF8B1F7A0444E2F476644A1B09F26DE90
:108F3C0072C3A38F0FA32C7736E800A37D5F28E7BD
:108F4C0016E40E2FBD2416E0BB2F2016C9DCCF1C57
:108F5C00D827183CD4E1C09723AE80ADE0067B9DAA
:108F6C0066806DC4AB8C2F066906E3EE6B27D2A02E
:108F7C00CEE51730DFB4C6A5085CAEA6AF7C623672
:108F8C00050EA788AF834FE8A7101628C6AF7B162F
:108F9C00102680981FB677A116FF62771467C77FDB
:108FAC000D5B8F8F90C7DE4C8C8735DFE9186E1602
:108FBC008564988F91843E2F113C16788E5A4D8E75
:108FCC00231657FF1103AE101122824618D0D74238
:108FDC0039FFA443189F5E36A2DA062D820707E0FC
:108FEC00A2291C4B4755048FF88897849951AFC61A
:108FFC00110AF09F16B31F97D6A2FEA1199D1F68E8
:10900C006D9218D03EAE68A29F46A58D103C276F7E
:10901C008FBA87C046080CA700C67614DF3EDB105B
:10902C009837E1941785F0A6A42366BF0E5CA5A51E
:10903C00A02479AFB0819E7884E40426105E3FB200
:10904C000FFF240E1EA53EC0C03FDEF8ACA4257653
:10905C00272C01D666C71FBE32FFA516F7D7CC103A
:10906C00458C8C25B770D85B979FB4061F3F7E4705
:10907C00806C065190C1AFF6021FBE43165280247D
:10908C00D7378946854F37450E6B7EF0777E25881E
:10909C002302A07B5FAF821FF6467CBF822C5BDE77
:1090AC0010984721B10831321423375596290310F3
:1090BC004E8FAF053ED4D697A57087ABFE20B40279
:1090CC009FF03098522F14CDE7DD6F0E847658F652
:1090DC00EEA58F5F475E3B47649814F7FD58344507
:1090EC008050C346D60EAEB16557AE76B01C5FC885
:1090FC0038DA98B7C083F867B28F7C7E8F205737E9
:10910C00D091988430C8AF8F66D007470180365C09
:10911C00F7E10C0051EFB226C627E3AF1FEA204659
:10912C008711EEDCF48E23EE73972F0DFCDC962F5B
:10913C00B7675836178C99CB2717A71081144E9FF9
:10914C004C9909170AECC7674D88AE4F9442B6B7D5
:10915C0006C0D767FC215E008649DA349A17646C26
:10916C00B99CD997A7052FE87886EC469AA753089F
:10917C00EC9B84245738409BA507C067871F5087FA
:10918C0062775D1784B1E4DFFC088C998424104F5E
:10919C000B7F0E6C9B49F025688000C00F2C57226A
:1091AC0030BE00D8879C9BA947F0140845ACC10F72
:1091BC002885B712A7EC2FB89B8C9C9CD8169FE6E1
:1091CC003FC71CF89B31174C8014AFAA4EB49C17A8
:1091DC00C9607294F0063CC367D07E1EC89CC61A48
:1091EC006F3D04868ACF764C879F9D089DA6173CC1
:1091FC004B966CC5CF0E0D3CC2D7F64625DF1B94A3
:10920C00971B366CB49D86E7372F4EBC31674638BA
:10921C00E7A7109E0CBFC05C2B57F14C9E8424C05A
:10922C00D7878FB527C1B43F3C0CB49E303752B8AA
:10923C00B76054587F2960A7BD77F0F00F42304DCE
:10924C002CE7E6B706C0C49E2747CC9E028CF7518C
:10925C007FC19F6F4E649F47D010118C2F08F6175B
:10926C003F6478E48E0B938858ADFF86379070A0DE
:10927C00EDBF812F9E982B4AE7A08250BFEE042EA3
:10928C00847B473733A8E10FE649C16FE024E6A59C
:10929C00AFCE574F9FB0D6E70146F70D7197EA9FB7
:1092AC00848077E9B518FE705EC097A0A867C39755
:1092BC00485FD6FC157FDBFB670B4B174423E12E75
:1092CC0018F664AEEE2114E19E2A0EAC207627002F
:1092DC008535EFFB0843AC4F02250FAC284F0CA48F
:1092EC0081C4D0A45701AFFE2000AE879F38C8348C
:1092FC007EA7AA0A0FE08023FF6956F16EDF74FF88
:10930C00E6B84F05865F064C7A9FF285EF3EF8FF74
:10931C00E414149EDE8137626E96E28F21480316A8
:10932C00F1810425409B8E30208801EDB61EA1C032
:10933C00042147C6381007A7FB0002292926542010
:10934C00F8FF10554E23469641A1BE2806C7DA16E3
:10935C0007D82638E540168EC018FB4514BC80395A
:10936C00D2BEEC093C242089927A279C26CA10573D
:10937C00CEFF8434133A860EFE22B89E000A32C207
:10938C009EBFC23C07CE7F115997E726039403A7D3
:10939C007EDE626E60D706FF2209378E342410B24F
:1093AC00436FE93E1B76B7814E41A85EEAE6005B4F
:1093BC00BE064F656740C2DE14F70EC217C2A62761
:1093CC000E0B7E1E4328B19E2549FE2B26E2214022
:1093DC00444A2F572E3346A67CF87FC5AC243A5FFF
:1093EC007F14E85648C2B0C63847FA56C48CC6FE3D
:1093FC000ACE67002C96230174D6C801DC96C9AC42
:10940C00914E361520C70998BE3E3856C283FE666B
:10941C003A2710DBDAAC1827E62091609E141C5D0D
:10942C00E06E5E6627187EFAFF0DB27B2EACB6603E
:10943C0062014F0FD6ADC50E400270CE7ED6708A3B
:10944C0001174EC57FEEC41CF6DFA78F17BEB347BE
:10945C0080B9012FCC4F277D30C001CC772F8A2EBD
:10946C00722783EC7F2E10A8B625CA7D4FA33E240D
:10947C00AE6F287A229637780E22933C9F636E410A
:10948C00DAB758A00DBEC0BE006F680A6E33FB4E33
:10949C003333473CFCFFA700582E8625668AAF461F
:1094AC00E80625CD1F1A41B17E114F1DEF38D211A0
:1094BC004E87C7DF11470F34EE11468CE704E609DF
:1094CC0036D8DF02F219E3BF0F67D35827780013A1
:1094DC0040F81FCA2501FAB66600EE056419F1249E
:1094EC0080580D5F0E580B03160080EC3B2E628DDE
:1094FC004333EF108309E78236841225EFC30FC381
:10950C004F83F606ECF6F5FFCC1556BF6B5EAD251A
:10951C00EFFCFFB9150B004A105F5C4485C1424F4C
:10952C00FC2170C201106F8DBBFE252070D6666FBA
:10953C00B683A677B526A4C217FB0EA48F403EB9FE
:10954C0027CC4727327058044730043AA760D033F1
:10955C00B7288111F0A60D9F27A085A4E80F243110
:10956C000691968DC00654E60E0B1F6044A054D78E
:10957C007B84A0873320B07F85FDB7C4258647BC8C
:10958C004E1C4B4ABC3F84E46AEF3B03DEE6E7FF2C
:10959C006177AFE48EBE647625182177FC0C1184BC
:1095AC008C4560EE4F7EAF401A1A3D4EC0D80F2846
:1095BC00A3AD122805E01F3F760811A5F78C4038A3
:1095CC00024E80A5AA9EA7CE46169AA6E2F74EA7F3
:1095DC003E8307B687E7BFF4FDFFE70ACEE7029D9F
:1095EC00CEE08710AF77F6FF471F82EE81E0A81E12
:1095FC00449FBE422C00461FC1E861632C2647C025
:10960C001A83F6166244C6C5EE0E0BFF0BE70BFF72
:10961C000AB7018B04760A27770BC646E792C8D4A3
:10962C0096F74537C30836C0286C7EECFF0D6046B4
:10963C0009E25E2746A0B3649F0D96C8C71AD66987
:10964C001E0BC7A600BD07688F60CE8F0CEFA99BC1
:10965C00FE018D85F22E87CC1FA0B80C90C3A7BD40
:10966C00EEF7FF4C15C32F48F8B71207B613F83CAA
:10967C00D47B31260BFC56C07B522644EDCE767340
:10968C008536A9480B7F5421A8FE0C9187B705029B
:10969C002861F80E104511FA9E80102017C749E872
:1096AC007FB50E8CE9EFB7A5AFC337181FEEC330EB
:1096BC00FC11104EC0F8BE8318030EA7E81B00E384
:1096CC007997B102C630A3EEB04265B2E7877680D7
:1096DC008F0F6E2B18BCC34F0860D75D96028DF2AE
:1096EC0048DE071026B34EF8D9FF0216A02E405EB6
:1096FC0008FC67B48F3A36044F0874E738EEA606B8
:10970C00D65705BE198D3C373F7744469C4069BB04
:10971C006F031AD770A58FF525782A86C0BBCE1299
:10972C00900234AFDD68EF130257B639372AE010D8
:10973C005201296DB6AE70A001FB37B3E6CEB2D69E
:10974C00A61CEFE730A9C342DA4A3E48BBB64390A9
:10975C00271689039FB41053332F08805A3718A14A
:10976C00F734202715D228FE0172A756368A36B850
:10977C00F83E20034C46242D8E20027C8F214C88F1
:10978C00A02BD62B10C26C012DF7971E9603470405
:10979C008C1E58AF27DE6C84A2831636AD8FD12475
:1097AC004A04A84E4989143E4C04F0462DAD06C01F
:1097BC00B77BFE1E610A241B1F304608AD16060639
:1097CC004084066E07214004060C2A02689A581F32
:1097DC00EE870378D70FEEE93C3646B8765863012E
:1097EC001EFED81645AC1FFFE3CBAC1F6A9E03C20E
:1097FC00FE383E91818437231784410FE1600111BB
:10980C00076076FF07F6B2688BB0EA620C8CCF80EB
:10981C00A4FEB16655C7B6C24CCAE22E8C0B6FE0E3
:10982C004A00E1AEAF58CE56FE1E1E0804FC87C59A
:10983C0022F6B8C8C62116118EB476C743A7544475
:10984C0021CEDA2C023485CF75648A662314E6EEB9
:10985C0090D50825DFA11065D2C7DD14690012ADC3
:10986C001F816F45166858797F191F7B2F2310FCB9
:10987C002201D8FF42245097B4FEA70D1C8F34D779
:10988C00FE08EA000724559F6D0EA452869F2CA556
:10989C006FE3AF36B7F71E8F2EBD8F3E8FC74E8648
:1098AC00A68EAF7036EB5A7402E197321FC1A781B6
:1098BC001F56DE70027FEE033CACC0076246AF520F
:1098CC00DE4E16ACE02743FE6B07843ABE24E91645
:1098DC003BFF2CED113D0F2DD87F77AF1AEE06888C
:1098EC000807FF5821275A183E063FC077442737F0
:1098FC00E001032647E1005F17200082002786F570
:10990C007D222262F7366E04DEC9B696DE0EFE109C
:10991C00F596AEF61D34DDCF38F4A01CF776FC17A7
:10992C00BC34A193742C22E6E30845905037B53F24
:10993C00DAEC17E4F4BC2CA293303A879F84A4434E
:10994C0007506B2702946E38FF48905E3347775D63
:10995C0088F6170F360837A6801F18FA3C94A2EF2A
:10996C0025E806D0651A6E47100E03C287B17FD565
:10997C00FE61D0F31F776C00045EA5F782EA9EF3BC
:10998C00BC37CE278F42F228A60493980FDE4ADB11
:10999C00661744FA14260617E8412B4E6E177A798F
:1099AC0034392EE3B8078E6D1F531A1E503C479660
:1099BC000081B2E8771898D1AF1241F6C6F60EA620
:1099CC00307BDE383E8051D6B783D64AB61838C6BF
:1099DC00C1E0F6A9543ED40ACEC5E5D997212F167D
:1099EC00F1D0FF54264F47113CF3ACD9987731A4F2
:1099FC00AFDF38088164EC1FC2294C56FA1806ED0B
:109A0C00261865162B133D7FCD1706627F4663AE75
:109A1C002411C2238E4F465A85012FEE02241B06B9
:109A2C001FF1900116666FE802BA2FD5B7B02F2040
:109A3C00CE1F2F9E10736B14FF082C2E163C28E0A3
:109A4C00E66A0EDC308A5E61F0068CA3FF3CBC102B
:109A5C00D81C2F013B361307C00003045F0C126C9B
:109A6C00CABFAE8E78001315672A9CBF0203005A3A
:109A7C009FD0AD6FA806192AE6F0268FEC10AF1711
:109A8C00F84986C61DC7FAFFFFC624D3B7B74618D8
:109A9C00B7B61827F6FCAE00200232671E27164315
:109AAC0092B802F2010053B82A4065E817432E2FF2
:109ABC00E482A62F1AD857214F7747B410644A1264
:109ACC000F862406018E410E5F420336308AAE9219
:109ADC002B104406D44F215E8F8300FD2718941F52
:109AEC003387B810C0AE5BDBB6A6A4AC159410805F
:109AFC003271301227DF84CC378257174F01A12FD8
:109B0C0094850E0E4AD02F19253F81C678388FF0D8
:109B1C00108F4F069704D708C8C21E2EF7970D7EDC
:109B2C00EF56AF879A08020E43B46E461122AEDA96
:109B3C00B6C28E82BA1F69529E421EAEE05FE60F1D
:109B4C00C776D08EAE9F59B88E67CF172673E7BEF7
:109B5C0068E002356603F3D72041FAD7B721190A1A
:109B6C007D0C20991CCE5020BDAF80C230061FCF7B
:109B7C006816034C86D06640EE770A248027B7A27D
:109B8C00E605F0FFE22602C605E7FD20112158E3A9
:109B9C00F01269AD258EF0F9FF6A259E61A5244768
:109BAC00B604780B46F1FFD00315CFD6898AE62789
:109BBC00904A570A8056AF96C07BD62600539ECE4D
:109BCC0042B8979F485CEE9C0336BB14E6F642C045
:109BDC009F2F81386B738DDF3880114191772ADE8E
:109BEC00E7F3DEE9B4D6C8141E1426F681020CC6BF
:109BFC000143F6745EA2696167BD76E2268F3BBEB7
:109C0C00DE40659DF60B5D4C86BC107F6F76704E0A
:109C1C000EBEA605DE77CBA2032E7846AC3307FF2B
:109C2C009B46F72660065F3EDDFFEA16304616942B
:109C3C007B76CB060BE6A1058BFE042AA5ADE617B9
:109C4C00269DBC000C4FC3062FD777AA00040FC467
:109C5C00B4702BA86EBB94C78A268BB5778EF28F07
:109C6C00A06F8A4E8F56178A3EBE500FEC2C6E2C6E
:109C7C006DB6A623A62776C31724DE268611D0360A
:109C8C00A68E06E220A002C2773A6E8EA7DC1116D1
:109C9C004E72865FD6F6EEFF1717577027A88E56B2
:109CAC00A77F50A21017660F3C21084638C62568BE
:109CBC00604E2BCE2828A1EF50461570EE16DBB661
:109CCC0060A02645588FB5828DB3E75BDE61E0015D
:109CDC00E3E603182EE8060B962F6ABE7515BE8CAC
:109CEC007D76CE25DFE7F0FFD6151012963F26DEE7
:109CFC000E24BF063DA678792A7EBEA69F0436EFB9
:109D0C00B728E0B301970C3B8677F7FF8E96BBAD77
:109D1C008EAE0E36BC6E8E4A709C6E3F5483E73608
:109D2C00441FC074D660EF00F0B621F6868F165F24
:109D3C002108B8B7B4F47EC377654002AF5377B847
:109D4C00FC1000167FBD041E99404B0FA750815884
:109D5C00BF59BD6FA9E9A62F1079873DE5D9009BA6
:109D6C00871B1EE7E00C06225E1AB01EB78F8846D2
:109D7C006D441F226EFFE0484E1F6F08866E096A05
:109D8C00175B0E001061D7B5042F77980EAFBCD6B9
:109D9C00BCBB0EB8E101E0B721265FD81EE410EF82
:109DAC0060ACDE0EE8781E22D8DCAFD7AE4B09EDE6
:109DBC00BFC0A2D4971C5A8F2CDE638C6B866D06A9
:109DCC006330496B267A263267B64F28119023DF11
:109DDC007B16AC2FA34C6CE1C6DC9677AAF2A4FAE6
:109DEC003F0AB4BE235EBD1EAC852F6BAEBB1E2ED0
:109DFC0017A7F8933C11EE9664162C0FE89F9A5116
:109E0C0098D7FCDB343F8B273C1EAE51270B5703F6
:109E1C008C91E96B060327D64F4E8680FF2EA73612
:109E2C003166662768AA0B9FC0072F8315C61B36A1
:109E3C0037C92693105FAB23166E8048E9063FBEE8
:109E4C00308902AF303E5CEFFCCC8C2140C56E7E7D
:109E5C00D70901DF80300E0ECEC6BEEEEB937670C6
:109E6C00C0ACF42A0EF01294DF20B8AEE6FF8AD80C
:109E7C00C32F85E71E0F013A7F9002A34710704E47
:109E8C006BCFC0D5FDE0E4E2D6381E0FD6241A7293
:109E9C00EF3DAFEC1EA621E7680EAFE8440ED7915C
:109EAC001C2E79F701FE8F173C0F0A06320836027A
:109EBC002E8A2426FA02781042AE4F27FF163CF465
:109ECC00ABE226B807E030AE1C3746B007D081268F
:109EDC00A57FA0A3256C161E233EF0A00015919F14
:109EEC00088D3FA025E6B81716887332131E56123C
:109EFC009E2E0B521524810287CF0C1562FF1C0479
:109F0C00A3154E13066774F5E7931FC0453F7844BD
:109F1C00A3C70FC650A338579646251F7F74106FE2
:109F2C008EFD08036F70E201C60CCE410D87E80D63
:109F3C00573070A99EC20F85200A44AC162600200B
:109F4C00E65A96268E846E02F05F2D76C7246BD768
:109F5C00D0A308EEA7C60AF6541317BF6C10588C82
:109F6C0040C8155421C2C83460D60B8E00C10142C2
:109F7C003AC0C819EDE60527A00607E3FE06AAF6C7
:109F8C00F1DD0724279B56261512FE2EC020140047
:109F9C00808D2F7202283E2684010D8F19B43C2E21
:109FAC0018060643762EA339051E5B171670A08281
:109FBC000126E0348EDAC0F624EE43CC438E19C26F
:109FCC0067256D07CE25371E0E1721E0A08D025B8D
:109FDC0026470DDF69C89643BEA85AD1FEAD919EA7
:109FEC0080A90F0D7620B90367346ED701EA4F4C68
:109FFC000E6FD4AD251F66E5EFFFA215F627C74CF3
:10A00C00F1A713A10576110C97C6633457B0D20291
:10A01C002B43FE017FF7143CE16410827097BA1653
:10A02C00265720603B17613FC80100B01FFA900112
:10A03C004104031F3E070002696F4D9E24B1086F57
:10A04C00614646A502E94E02B71583C608DD2F0A04
:10A05C008257553FFC7C0160180419EF7B67470061
:10A06C00DA109E28252F686BAE02BB4F27AF68B065
:10A07C00AEC282B31E45821C0487F6A42C4E0C196A
:10A08C0012C31E266360AE99901FB9033F4BB133C8
:10A09C001F0420C81BC805321A32060C198C079CE9
:10A0AC0021444097C443E16FB8232EE00E1C5601A7
:10A0BC00A90EB016AE6C2C36184ECB3C4E456E2FFE
:10A0CC006023301E302710189F6CB82E1406397C74
:10A0DC00E60484625B5637BC61FFE21509C20F8D42
:10A0EC00C6B856AFAF0459522FB93657E68C000498
:10A0FC007B5F7F8099CEAFB6C91612D67B6E1046A9
:10A10C00CE248DD754D1008477DABE0E16A8AE0DAE
:10A11C007E5845901C8B5F4067F652FD0EFAFFAEE1
:10A12C0015C337C8CFC8DF94074EE60F7477421AB1
:10A13C008636F756F109B7A154C82F04F7310F5AD8
:10A14C0027B08F0BE016FC01E8660D4A7749819F1A
:10A15C00D22903547781FFAFB4008714F02B20442D
:10A16C0000AB97B5078F81E60F8FD285DFC2C6A6ED
:10A17C0027B18BBF442F36096F2D1027622E8751C4
:10A18C003702C45F39FFFF2B4E9EC45F32F000D8FC
:10A19C0020BFA610081FBA6C2DEF126069DE0AC72B
:10A1AC0096DB8E2680AE65AE581EB8071FB7D50459
:10A1BC00005F4B3F8290FB6F55003F0C0895E521EB
:10A1CC00A84B3509E23E2032470C1F32AF66AE0277
:10A1DC00170207374F86A253C40E9606E71F46692F
:10A1EC001E152602541493032A134995041224CAEB
:10A1FC00059211670601272FB00E1C5F5C141667C1
:10A20C00A8AF63108387E0083CDA76AFD79F604134
:10A21C002A2E612F73271E600825E066A118F719F6
:10A22C00AFD39702C20F14E7F07010623C67A7BF60
:10A23C00A9C59E0E1EAC947DB7441C3701E0C6B078
:10A24C00864414E897000178668CA618AF51CFB5F8
:10A25C00A7FE15AEE2000055CF5895C7D40654574B
:10A26C00D104C768DDBF9200802940FFC83DA21F02
:10A27C0011437F6C02A61F6C03EF4B3F43FF92FF11
:10A28C00D13EA66F1E781042C73F12132ADF42F44C
:10A29C002E432F63B1FF4F2267473C3E107CF65C88
:10A2AC0042C75CC7DB2640AE37A057DD4ECF0FDE72
:10A2BC0000024FC0FFDBEA37BD566E09DC3E173D8E
:10A2CC00FF51117BC676C67226977031465164A633
:10A2DC00DD850EB48E03244327B96C3F2386167F8D
:10A2EC00F1D9FD6214C21F0DA73955C7C368275A8F
:10A2FC008ADEBE1EAE1C27E54F1C8E23261D0EB714
:10A30C00B0264F88A88603C6AA44FFC21F0E445429
:10A31C00EF61167FC05739FFFF16372C2217628466
:10A32C007C7A14157E048D9F18674637C0B6BED64E
:10A33C00D1E482C708281EA31C8F28B65683006759
:10A34C001920E409F09AFD3E2F28374012C0F7F18E
:10A35C00AEC9FFB827C34FB2F5FF378F5E43C09726
:10A36C000D6A1F4338FF97E71826BEF00723AEAEE1
:10A37C00E0BE78FE51B00F42170232077D5E90F6B8
:10A38C0020413789581F48E206304A3775B9F38E99
:10A39C0087D027EBD001C087068F364F17B7302FE9
:10A3AC00C0D0E8DE30B5AFF390CF2176F01C00B111
:10A3BC0021479A64B4B5766DB3AF56B20039AF94F9
:10A3CC004EAD56888002EF182CBED7123C22AD9FA2
:10A3DC00A926136E5EFF14249C091026AC87C2318B
:10A3EC0026588BC7F1280A458EA621DF1855A014D4
:10A3FC00E1B6183B17B4AF119AA7020A15AF700457
:10A40C00CDFF1470EF36051FB920E9E4B0472347A0
:10A41C00EAB4E0B6B3D5C6CE4F1C1802344F80D880
:10A42C00F7346F251C7F1177330CE4B0A3A7980980
:10A43C002412ECD7DAFF117739D6FF0263D0B1873B
:10A44C00F1B012A6A21FC2C5278786C18C8C0EC282
:10A45C00344E06E1DEB6D6842457106147A6A27F9F
:10A46C00DC470BA604268DB935DF085983E7085560
:10A47C001FED5487173380A207541562F910356706
:10A48C001B7703FCB4A317DA8447F628A4A7533F21
:10A49C00B448F944AF85031F4704883C0807BC58EF
:10A4AC00A405524FD717B025C9EC7A20A50B314F14
:10A4BC0086D71805EA8F6A104A27AC5087C6F1C1B7
:10A4CC00A64F8D16E407021F10427708675D87D0F0
:10A4DC004D8F8083C716140C971682D47F5D0B06A4
:10A4EC00B7415F080AF0EE251019BF569E025E8E2A
:10A4FC00001D7761661F2C2CB84FEAB0E96EA519C8
:10A50C0047796767F6422EAF8C334F403ACED6E28E
:10A51C005ED1DF028D3627C6BE1C6694C1107BAFA0
:10A52C001685290F78362010FA6F253861DF4DBE5D
:10A53C001CE5FA060809B817B4884F60800C7E6FCA
:10A54C00981051B5D662032E4EFEA72E374426C462
:10A55C00560CB7DA2E50AC5517E062CE2A273015C0
:10A56C006775102AD7709AE4D367026B2FC290F6E6
:10A57C0034073C0558C743C43E2CD63229414EA75C
:10A58C00D6E7364C07181836AF16BAEE015A96476E
:10A59C0030D0E010961E064C9F604B4EA1E068E751
:10A5AC0060704E246E3F20BA6E322DC06F9F013703
:10A5BC00D7604B26421D2F70169BC0B6C54FB09767
:10A5CC0021433751A5474DA8E316EAB1C7114758A7
:10A5DC0000589D1B5ECFABE5852FB91FE138A078E5
:10A5EC00D67001A14E40FADE2588C08426AAEE5C06
:10A5FC00A0703705264800E03E44566E25A000E8C2
:10A60C002E9043A0CE98AA8658144654D550082EA6
:10A61C0008AE863C2C4608AB870D4E22C0329819EA
:10A62C00A46F4D29AE7EAE821639B7C73136670B93
:10A63C001662868E2ABFFEC89CA524360E86DC7454
:10A64C00A79FD87059CFAAA0941A77B026A43737F1
:10A65C004E74102800BC87AC10250E361625B66833
:10A66C00523248F566A8993E091867B87A200EF45C
:10A67C00AF2470665ED43132839882A134DD2A32E5
:10A68C00140809F0C6432777BEB02373262026F2A0
:10A69C009F211E04F446047C5F731D58454CE8CF83
:10A6AC006DA462231635561C1A5F90068C2FD2A50A
:10A6BC004666090F0476103E96173C30FB1E401878
:10A6CC00DC752118728317F0A883BB7EA48E086BEF
:10A6DC00E7E3821002CFD28567FBDDDD023C3F9BB6
:10A6EC000E4234B78C3F3025E4CCCC590EA43E84BA
:10A6FC00C1E661ED869904C693F67E36C24D16808E
:10A70C0078EE304BC2F7833EEE44A2356F624A0FAF
:10A71C0098E4709E588E6F8E6DD6A98E08DBF77AF2
:10A72C0070082447A72E02C6C426012CBF12BA02F9
:10A73C00E2EF2647C0972EF6C6FFC8258F96AF00CE
:10A74C00DA59804ECD373A6D3827264DD1803A7282
:10A75C00431BE66EC2AED7D4D4A5BFCF80C018635E
:10A76C005FE021C058D0938F81C70B468616FAAD97
:10A77C00252A682DA068D49615438F4C85E2A8171E
:10A78C00C1344470E4BF173823800F810256F72F71
:10A79C00CE260082967A8CA6EE760E035680BF9E4D
:10A7AC0078FF11FE2F09F860022DC787711E61CF4B
:10A7BC00506664F0FE9278BF09EC0F35AE461D0F63
:10A7CC004B5E13B43FB10EC68684F7C288560F1485
:10A7DC00CE91CF77BD2F85BFE7C77016675717503F
:10A7EC00D390C1469E83DF068E06CF131197DEEC05
:10A7FC002ED20E278487FEA6C38E0D66A7270B9735
:10A80C002060265F2EA410644A3327C000B69F77C1
:10A81C0067F8BCC6E712D690B5C7CB6F4E273F6D15
:10A82C0000AD3EBE269D0E41648FDD3654AC01FC5E
:10A83C00BEA01072A0037F2246A260FE80FA53AF26
:10A84C0000921070A5E7B3AFC66D1F812F562781FC
:10A85C00A839F7B8852F6A06C2D8DACB8347683E89
:10A86C00C3EE1762066E1F103716BC1EAC628FEC5F
:10A87C000A5772C4C05CFEFB56838C4F801EFEE5EB
:10A88C00673F5783AFACCEA28FA6D2E486B0BE8012
:10A89C00284426754F8AE83EC0C61CC5AE8F1B5D8A
:10A8AC00374874AE0FA74E40EE853ED0DDAD18068E
:10A8BC007C8E326D6C5F9862063E6F861008658EDA
:10A8CC00103A36D0B0F6820C85CE75FCFFA3FDBED7
:10A8DC00C3AD1CD0060F262201065EF4F8FF8624B9
:10A8EC00216EE82222231EC2C7AD95BEAD0A564684
:10A8FC00AD20F31624B5BEE6F126A3AF03BE812C22
:10A90C002625E05663CE8466BB9666662DF6568D7C
:10A91C0018661A55E6C540DB2EC48D47A8F0EF56D5
:10A92C00444644EE4442242FB520E68DD257246C85
:10A93C004F220BB6A10E91B7879E5E204E1C7B1446
:10A94C00EE578D5E5565AEF4E586040CBFD0DEC0C7
:10A95C00113E7042201074071336D495F327C25D54
:10A96C002C5E1377608504AA860094FB9E088EB734
:10A97C0076E2860870A66BB71286E112304E17B0DD
:10A98C0081CED6C3355F0CE8DF81B60F81D641E3AB
:10A99C0046B0161AC09E0ADD5E6743EA2006007EAA
:10A9AC00FF6421C70C355F16FEFF04184E6711C2F9
:10A9BC001F386F18FBE19F902098054CDF887816A4
:10A9CC0085FF4F6F84A4198F52B09F831E8B22D1A9
:10A9DC00327DD763C01774EE8F0EBE9A8F8F688F3F
:10A9EC0045068F348FC11A3E5506B0DB8F4ABE0820
:10A9FC006009A01E1C6BB70E4E0E5FC021A8203A3A
:10AA0C00D87615005A33BF0216770E776176287701
:10AA1C00D06DB7C3C74FAF34CF5F880840593827C4
:10AA2C0027FE72DF09363F0007DE1C4EF62346F187
:10AA3C00509F637A9EB2AF07D618D000B020DF705B
:10AA4C0025889A5E90027536236608CD7E6610C501
:10AA5C003CFC50502603B60F2ED2221686971BBFF5
:10AA6C006E38C131267CC9DA7326BE14224E5623A9
:10AA7C00764EB1066AA606005817410DAF08A744DA
:10AA8C00A78200054AF6D4FF740E2740A24FC14797
:10AA9C0084740634E2DFC043C4461EA6A356D01C01
:10AAAC0074F705045ECE442468C91B6E59EB78DE3E
:10AABC0040062F6B26541F63EE1E251F933C9D30C2
:10AACC00C06FC87718F6209E082630162E86B8C898
:10AADC00107A13785EB282C3FF24D82F388795DEA4
:10AAEC00F9D4FF5370A7888A07C16790D9AD2F811D
:10AAFC00CF0687069761DF92282C34C65362CF05A8
:10AB0C000C2B17A8F4614F716E80357FF1049921DD
:10AB1C00971F5C3444B28C2E8AB1AE9FE70470C789
:10AB2C009EFE280742DC7758305795E780136E86D7
:10AB3C00CF87E2F322212686CF6304C1863E4333BE
:10AB4C0086E808A669D776FC2F02B601C4FE06CEAD
:10AB5C000CC78D5F4C82BEBE1B7EEECCBF0BC6D429
:10AB6C00C72520C11781A710ACEF30B70A0527867F
:10AB7C00BF087600E7FEDA08C2F62C42C400F8776C
:10AB8C000000A09FA174DF70F9D8C62A943506FA8C
:10AB9C005C10228D048762A51F09609ECB07061FDF
:10ABAC00DE4EAD081F183C3C0E1CC3D988C52A9D2F
:10ABBC001C80417107CEBFC6243B9EA5244352A7DF
:10ABCC00BD56A0AE14D01E09D6661EF637C642047A
:10ABDC00B89E681B98571954978FB73516432EBFDC
:10ABEC005B0634A6042E0086A77CAEA2CD121704F9
:10ABFC004D061CF12588400007175E44A637C71880
:10AC0C0082E0C7A73E148E1017B135B7D9A6487786
:10AC1C005614AE00232EB8240E4814DF6DAF3370DB
:10AC2C00F86811428E0B55B78838E768A6221F9B2F
:10AC3C0089FF4858982E76240A3E08F036DC2907FE
:10AC4C00C6443043D30676D343EF3E30310224035F
:10AC5C00876A1406A768E0DE68E04F186E078E0E50
:10AC6C006F6C4E05240CBE0F197641613EB066A286
:10AC7C00A36B970737F1A327354ED821AE4AEED2F6
:10AC8C006590558F863689A368B70A4DF625829054
:10AC9C009726B80A5FF2ECA648CAC0C66D8FB0BE44
:10ACAC0040021CAE655DDFE668CE36D789F66A0FCA
:10ACBC001219A15F123A46B00F91C46E8F267C1BFD
:10ACCC006E0716164338076899DF43300F8A47B56D
:10ACDC00D0AFA88BB7511CE61C7F5FB0AF598E4F1D
:10ACEC0013EB066FA6E3153C2CF49FB1BF3786150A
:10ACFC007E2CA2A786FF54A7732680A79426FCA4BB
:10AD0C00A7B526F3D94038570D4FDFA54E07204085
:10AD1C00DC0F609C809EA002326AE7F1D4A78956B2
:10AD2C0066A747F7A0811D262F1866807C4769D837
:10AD3C00EEA88441145F21771F280B9A4F3513849A
:10AD4C005764D5A608A16FE801D6048586AC45C426
:10AD5C002084127A6E9E0D0111CFB917CBD7071E26
:10AD6C006DD623123A3730E80E0A97F41CA7CEBEE4
:10AD7C0037A72D5E75372E3E6F06F33606C1C62FEC
:10AD8C00D25617082A86E958A88408C21F06DE6E18
:10AD9C000576B83F6B76EA2CA884306FC6B0D9BA6A
:10ADAC001780A1D7A8B5BA87147A060214ABEF8F17
:10ADBC00CB37F81124A0122977C8A012DCD1361990
:10ADCC00470CE53F27D6836675E710C10E4FAFD60B
:10ADDC00270556D47B270E2F7F30064887EE1EEDB5
:10ADEC0044C1465082C1364AD236AB074AAD4F2BCE
:10ADFC0086817DC9A65C266E05C80702F4FE4DD877
:10AE0C0084BA7710E0D7A002B4F0FF11B197BC9CC4
:10AE1C001022AE025710084F40302F346F5D032FB5
:10AE2C00855DBE10058E08DB4F67AEC87EDB261035
:10AE3C008E765E252F3279BE1B271280BE004FE026
:10AE4C00F4CF258670C685249DD645E01F042A1EA6
:10AE5C004809304EADFE701491268661401007DF14
:10AE6C00801737622DE4B76ABE4F2ED178C1866841
:10AE7C00B0C19A967E90877E080CB617D62538609E
:10AE8C0002A91FEF5510FE6E3117E76F7614086597
:10AE9C008E0B5757F806060B4E308E6C26748E446C
:10AEAC00600EB00414020B16163CEAC281102FBFC0
:10AEBC00D3A0FF837E0DE1A64746D0C2A91BE9EFC4
:10AECC0056C798A6219D869C17D8A9212D76A11628
:10AEDC000B86CEB297C69601B70C1209082F529C5E
:10AEEC009E191E0464672E9E0C223517A06C5846C2
:10AEFC00863282F4D61BD4C8DF4276F7A78EEB14C9
:10AF0C00002FDFA3377808A98424CD0F56058F6353
:10AF1C001A36CD0E26125E0F222E071BFCD626C625
:10AF2C001010BB57360686F5D3FF141642F7D01E09
:10AF3C00F3112FAA6426C607C68F005E074403FED2
:10AF4C0021F0A604F1764F91EE87C6D2E0010BC03A
:10AF5C00AFC11ECE408D10E247235F0610C61238DB
:10AF6C00EBCFDA0016EEF0247DDF3873AF748AA9CC
:10AF7C00EF5A6E2DEB8E8086F6066726A079F503C8
:10AF8C00939C0E47741FC4EB8677A30F7E2B10E0A7
:10AF9C006F023A4E2F42D8AE9FFC2E26202B3FC478
:10AFAC001CAA82D95E179E54287C2EF902FF2630EB
:10AFBC001224FF07EF82E6149E22EC4E084714E69B
:10AFCC003002F77E7886852620D8472E4EE526243B
:10AFDC00D75F286B17C508D68F300EF8C7450CCF36
:10AFEC0020DA877CAA8C27E80005300F81AB4F4410
:10AFFC0006D4CE6FA51ED2A019A62FAA0AD760D34D
:10B00C0026C79011F75892A0C601C047C13F1A7FBE
:10B01C00AAC12F32DC6EF7075784AB77B7EF4951D3
:10B02C00845A6FDCA75D18C0561DA7D41E4FAE8482
:10B03C00D542341F92B87E050872E7115716157E5B
:10B04C00883D06D747A8AEE05400BF142760181FF0
:10B05C0003570CE31E6A77D57FA0F54E977F54AB50
:10B06C00338E40C50B5C8E106143870B81DB700700
:10B07C00875770B09625DFA956227656428CEB6F17
:10B08C0010C681B33E810E6E800205766C12786F0D
:10B09C0028F09FB231BE270676272BE2C77DDC1045
:10B0AC000492D0DF08EE2EB79E80414B687E1505CA
:10B0BC0016C5BC42B643049BE64290031CC7453EF2
:10B0CC00D6B4F5C7F736A3B7520941DB6FA526BF37
:10B0DC0010CF09207E5E60EA0494B72F4CC543B2B2
:10B0EC008C065E3ECC96B70F2000A37CAF2484CA9E
:10B0FC0036921CAE587958E4282E2C4E30779F305F
:10B10C00B7BAAF2840BC0BDB04C137E295DAA50710
:10B11C001A771B184FB0B4EEFF241F0E04E3649F84
:10B12C00103785A7FF6F3636242C0F2E37587A2F01
:10B13C003816C7BF7097211F93040A7D2611FCEEA9
:10B14C008181023453D7A227A090A319052DC04F9B
:10B15C00CDBF9602B0A29FC90584719E13C597FB03
:10B16C0081220224B717A7203106C58F7606AFE4DB
:10B17C0002019223A9900806254AA40971FE26090A
:10B18C00AF565607BF10ABBF4F58B818CA17030EAF
:10B19C008D112C47243166214E8D63364A3FC48570
:10B1AC003F890D6E7BA7C410C620AE6BD7AE60AFC7
:10B1BC00B49DA6027FB911E4283CA4AB4E7730A312
:10B1CC00F755813C6628F0F60824366F4C8CD10E6E
:10B1DC000A2CE70B06228E5978CF3E06C05B843FC3
:10B1EC00CE4D252B18A98CBB6E60144814760164C7
:10B1FC0061B625E1FF09FEA1063267B7A4B18E0C3A
:10B20C008AAE2E0C17B078D6D03416FC0A8D803945
:10B21C00080ECEE6F0426BAAB60B306507831646D5
:10B22C005E0817DB0E68AC6E60E324286C76B6ED16
:10B23C00250B81607A4760CB9FFF60A0213881C7C6
:10B24C000E1A8C00854F6143AFE80924270EC040CD
:10B25C000046CE24FEB60825EF039FB06BA0ADA62A
:10B26C0008E1EFBBD6F8AB0178D692C60E9D9E983E
:10B27C001931A781639EC01FBEC6B526F4ACD6108B
:10B28C00E1E705A6278C8E9C0622AFDBAE8526F067
:10B29C008B00801A2BDFC328ACCF4EF3D900E067AC
:10B2AC00C22C57388705631E4AC742F6B71080DC9C
:10B2BC004F4084E4010009101587D423DCB000450D
:10B2CC00B20619B0A791B76C8F0D21C5464E62021C
:10B2DC00022AFFDAFE50351F0C7020C4EFDF316EEE
:10B2EC002A10C21402228FF140ACD3DF80AD19D8E2
:10B2FC003E38A3867F02021EF18CC010857C06E4CA
:10B30C008CC224D03AC214E1C6A6308E030EC00201
:10B31C005E1FA1A3E4B71336B097C9686E2EB7E7CA
:10B32C009C7FB636BF2800F47F5B364414C647C2F8
:10B33C0046B0CE289E66BFC73700A60A818FD08C38
:10B34C00AC637FD0B8ACE3DF067F83048FFC1302C1
:10B35C0021985050AE929CF817846357FC13262307
:10B36C00A07202428FF1807931C66D78AF4EC01C4D
:10B37C0030AB6E19247C560335ED38E587257F04F8
:10B38C0013FF3A024252A4AF50D7235E8F1723E724
:10B39C00B004AD53271C88AD47076E24AC9C7E438C
:10B3AC0006020EB6A3905F40C40BF58628A7485F33
:10B3BC00D596D46CB727560D4F2A630FA55C168C07
:10B3CC00B9C7673FE2C6FF9157039F05691F07C0C6
:10B3DC00024D8E188D168CBE2AB7C016B610864E2E
:10B3EC00E927083CBBF18BE663F78D438E6E26395B
:10B3FC0027B89FAFEF413A7FBF0B8F0975FFDBBBBF
:10B40C00760C4480ADB5EF46D047C9545764255CE3
:10B41C007495728456128C077AB4AF0656A77F6A5D
:10B42C007E76DACC23A71852E9BF7E374C16E81E7D
:10B43C000D00BFDE94AD3126CCADFF522604AE73A9
:10B44C0026B408AE903F30A7DF6951FF700D03475B
:10B45C002C56207C17452908D76F021F0103C68183
:10B46C003EB9CF1B5ACFAE3AB7704CF1A12F070C97
:10B47C006E67E22CF601602E03BF5BFD365C36EB8B
:10B48C000426941FC688000242854FDB8E2E26268A
:10B49C0052C0CE09B0FF0278369E4BC0C7A2BEA6E2
:10B4AC00FBDF400027A0485666C31F025DDE07C0C5
:10B4BC006330C9ED5F86C3EE1A0300BFF708AF8493
:10B4CC00249F7B441003AE4E6D248E0E05C28E5D00
:10B4DC005447B91F67CE8158A906AF2E04179D5447
:10B4EC000DBC9F064E27A902F0C68FF3CE8FACC0C1
:10B4FC006FA9DA0734FF281856611F1B0EC6873058
:10B50C00274903815DB7BAE74E34930459E95E03CA
:10B51C0059F7AF46B336443C0C9C0B00AC8731D684
:10B52C00EA028E0A272EA8940FA6AE446FC6A58EEB
:10B53C00BEF616084FDA5E44FA4F1584E7F516008E
:10B54C0043819F0C70552FBACF0200D4C783075B81
:10B55C000E5FC03000838C37209EAEB0D8CF58ED34
:10B56C005E7C17A40E3E88F416ECA036AE27EDA830
:10B57C00B770105567A9EF47AE8424146037B9DC57
:10B58C00E418F072FF91674B2F5C6C9861E64B7E70
:10B59C005947E03667152FDEDF16B80B1F5BEDAE93
:10B5AC00C0178111C78706E1DDCD24C66F38E7626D
:10B5BC00640667628626CFC08F3E481A5A0E1B96C9
:10B5CC00CEAA8630C8986F3414FE9716A4C13E4795
:10B5DC00EF04F0BE102DF7A6AD8F5A7F7D76010ECD
:10B5EC006E6794B72F581B511FAA4F46D3D5EE57F1
:10B5FC00A120076753020FF7BEEACE82AF2674076D
:10B60C009F21EA1E02B6F40900610582B8AF268EAE
:10B61C002EEF0526F26E4081AFC657028D9F88FA39
:10B62C00576051860F78E846B0A62BAE60F7142B06
:10B63C0016AE066D458E1E2444EF68D0BFEA54F654
:10B64C000460C7071F16858F6256CF14F80728565B
:10B65C004800B4862580923A4EE00AEB4FD056D57E
:10B66C00276255E789EB2E4BB687546EA554E08FB5
:10B67C000137F5C2B9B76640984C7E100C28007F94
:10B68C00FEA0B09426F6C0B0B526E6C157168E6360
:10B69C004632E03E926CD6E7F01EA265C7670FFEFD
:10B6AC00858F358F6A3B67286020C412079E38004F
:10B6BC00529F093E2EBE00947E787694700EE03F29
:10B6CC0038C72BE22110F67DD290A00EF321E02793
:10B6DC0026318EA67CF782009CD7006BD7421EB712
:10B6EC0017A726787326C4AF2C96F4AFDF18B0D604
:10B6FC002640E1B0F7265C3E180148FF0CBF60966F
:10B70C00664E2E0C3F1C8F006CB7384763D6ED216C
:10B71C00305027C9A0CF202284025AEF429A170238
:10B72C00559F7864B054676B0E07BB742E88380F26
:10B73C00B7F7093BE700575FB8B4FF1FCF08B40059
:10B74C004F9EC01002164F067F7567CC363FD35EF6
:10B75C00E7E1E214C2474EE6C33211EF83DED66452
:10B76C0034F7473DEF4AAF0EE069F705181F2D611E
:10B77C009F5A47309F30D750D68638467D0218578F
:10B78C00309600B0CFC2F8BF1E74C0A524A8C00567
:10B79C00966C1FA6681FDE643C60F35CCF58543C6B
:10B7AC0050004DCF4C1C4E766210001CC66FE0064C
:10B7BC00C6E5720040400272A7475615803C0BBF8D
:10B7CC00FC18C0C6244CC087672A126D508E622F9D
:10B7DC00381500F08F9813571A43F1BF0E17972A9C
:10B7EC000BAFF1822A107077421496071E97151C26
:10B7FC002D25F55F2E2FB07D573CB44F1C1FD7174E
:10B80C007025CEA0944F47A8AEDA866216A82EAD4E
:10B81C00C40F3AD4B194AF1E0492CC1F819E40B297
:10B82C00BA4F6231D0E7BF056E812E57168E8E80CF
:10B83C00F61E0E05462BADC81F8738750E9C56405C
:10B84C00DCA7380053C73C6E17FC768EF0083C25FD
:10B85C00B010A60FB811DEA52CAE050F8717158EEC
:10B86C0010523C5F0073BEC62BCE5E4E168E769A7F
:10B87C00DEA801F6AA5E7C0E8F1F786E0358C6599F
:10B88C0014B7624AEF61B2A6077C0A8FC706CF8F46
:10B89C008F3C8FF38FCF8F8F3C8FF88F4C01A60F7F
:10B8AC007023972BCA4F2B3F3C8EB42D4817F2DFD9
:10B8BC0007378B42B7C0010C3FA0742E800A6E185C
:10B8CC000B9F00A81856B1BEA0E09CD70C7F0C5F54
:10B8DC00DC56F4263800D24F28AF7025282347EECB
:10B8EC00B4CE00769686DDCD028F184A502FD3C089
:10B8FC003716E8FFE201A14FBE1C674D0067BF4041
:10B90C00004DA74B6F520063579200106007E8E799
:10B91C005E35965CAE93024B422F525BA8E6020555
:10B92C0070675AFC3503B00FAA4EA7E8161801F839
:10B93C006F562401B06711D7703403775200ED5F56
:10B94C00048E0E20F0163C28464CBFDE25380273C0
:10B95C006F3068704001A477028F183001A16F68B6
:10B96C00F61E01D26F2503E092B234202EFF282B55
:10B97C0047800E6E0740000280046F5A001D3E2463
:10B98C00B14767AF1F24401623EF510486B20660FF
:10B99C001EB196A39741348F7998AA836F0CC40279
:10B9AC00E7C00DE7C0204C1F82BF1F25308002006E
:10B9BC0035EF8018BFB106F06F013ECF023D8736E0
:10B9CC007517B8A166C0230F42B44607032F77C280
:10B9DC00B76976B6A1B52337049B2F4DBE80009C6A
:10B9EC0087A0A0401C3F04F84FB8C7197C0F38360D
:10B9FC003C7F8078274B7EEE133C020613CFB0BA07
:10BA0C00132197B018B39BB68016099827200CDF2A
:10BA1C0030C02B722130A0D61AFE9102C4B730135D
:10BA2C00E18F07FF3C50B384452A071032FCCFB797
:10BA3C0026768FB69E84B5D076B491D7020638EEB2
:10BA4C001C1974E7810F06E2FFDC3716F715FF0CA3
:10BA5C0089182E305E6F27AC959426C1CC953E7814
:10BA6C00C029100055AF81970641322646B642C018
:10BA7C00D74627B52156A18CBE003B7F46CF0AFA8C
:10BA8C00BE7C95848E5770A74616110FF607024799
:10BA9C0014C46FA5B30EC2F12A175957088D175746
:10BAAC00FE2A10118C029CBE19373C4758DE6A5E88
:10BABC00667D5E053C3257157E07561ED7F19EFFFC
:10BACC000216126047D6C4774CB3879C0DAFEBC8F7
:10BADC009C4737890E7ED8F83F045BCB7F8678FA7B
:10BAEC008EBF8085BF0D78BF111087BF080342F051
:10BAFC00171006697F5AE0B65CA0648E29705F9BB4
:10BB0C006EB4E780244DD0BE6AB3EB37BE6D476987
:10BB1C005EDF2CB4831FC17F904AE0AFA07E1CEC8B
:10BB2C003F7F89AE07CA860E9E83278707CF413C8D
:10BB3C002F29228F842871AF833658C24E27FEAC32
:10BB4C005018F627F6F00B05070CF0A7BBB684557A
:10BB5C005B5FBE238E8CA47D31D7F6B89B1EDA4B6F
:10BB6C007C16EB90E51774A72000564700063E188C
:10BB7C008F7070B43827F4D8B4D3C7D9554F8C63B1
:10BB8C005E1806F0D77777501090878E8F2051D69D
:10BB9C002E8C1E6257B18B4F52798F0EE66B46116D
:10BBAC00B7E32F54D6904686B403A42E21CBFF0EB8
:10BBBC00C416D6AF89400B0E25A81F56980EFF133E
:10BBCC005FFF5C3EC0D6265ED6A7DF5BEE63878E3A
:10BBDC00C0A74F060AD1FFB5A91696CE60CF044078
:10BBEC009B7F8D50B9EFEB2B20A210EED9A03E1805
:10BBFC00750E181236CFF60459955F9F0E2390AB35
:10BC0C0043CEAC40D0FFB97F66FF00E41581778F3F
:10BC1C002180155980FF50DDB7841527F610268F2B
:10BC2C008700202130056B1E508F5C1364CC974C21
:10BC3C0045CC274D03DFC613A26F043AB7A9A5A7BD
:10BC4C003825B8260780042587C3372B8EE0C05AC9
:10BC5C0084708FA4F4FF4DFE8EE0AA12DEDD12027A
:10BC6C00178111A9C6C0575C236090E0018060B8B1
:10BC7C00842160CC070697125676838D1357F4E017
:10BC8C0002122DBF6F3659592F5E1650B58B46DFF9
:10BC9C00EA58EBAF7C1E2001B88F76173CE6D3E553
:10BCAC0026DFBC5CB5842400452FEB6CB57197D2B4
:10BCBC00502C3F2D4E9F1CCE0D5FE48326372DF06C
:10BCCC001F0B26218814163EEE02EA177CDC1F3D62
:10BCDC001126791824E816353E361724C1045F0F57
:10BCEC0048183F183F093C2F936F814E4F8C84C1ED
:10BCFC00008457C17F8157A112EBD7D09FE0BC1FA6
:10BD0C000CB734573E0801540FAD0DDFB54DE73776
:10BD1C00DBC6062F5ABB97D71F6EDFE5E8B5A5B07B
:10BD2C00C72303CE1AB5A7E547ED570499BD4EC8F6
:10BD3C00FF4004745FB5FEC5BF8F0101642C413810
:10BD4C00C640380E1A7A7EE11F0C1ED066EC650FC9
:10BD5C0005DF2EBF4B42D736CE09166720D56FE9CB
:10BD6C00FCB591D78CBE30CF88E21E849712D78257
:10BD7C00701F3D8FA5B4FFB766C75816DF020E23A0
:10BD8C00201E1690B347962F3F04219E03CEE1034D
:10BD9C003C4C25D23FF416ACCE964EBD46345ED00C
:10BDAC007E66058E92E8BE8EE40741F497AF272598
:10BDBC002306A5AE751E548A17558F934EC0AE5DE3
:10BDCC00DE2C80426C2FA820FA152489F64F110E18
:10BDDC008090F157F8A778AE6A2378F2D8DE780F06
:10BDEC0002A6F6CF1EA7FF193C58A5F7262168C15D
:10BDFC0012038671B1013410AD377097F81022021E
:10BE0C0061038A0754DE9F80B660F750E66950F6EE
:10BE1C00122B562E5843735762701EEB175A0E8115
:10BE2C00938FA920C3462E490048A94F004F4F407D
:10BE3C00B6A367C6ACB62327A8B309A7C3B2FFC67F
:10BE4C0006970421F866ACFF417E37AB3274C635D9
:10BE5C000603FF4243B1C60583A0E3478F59FD6E2D
:10BE6C002F3F430256C1224762C8674D58671D8752
:10BE7C00FE7886C62414B513D7D2D49E83EFC10E98
:10BE8C00866AAA0DCE8A2842024A66C28D4C1D478C
:10BE9C00200F5E40182E153281D495F3B8CF52C0C6
:10BEAC00A61CA75803C79E579BDEEF2500032E1236
:10BEBC00C3CFF89E070062027097E150AB9F07F466
:10BECC00AC242784E34A4781F04E30AF4C1FA002CC
:10BEDC0057C16FBCABFF6216500F8481EEC3806FED
:10BEEC007864B6A947ACA37BA6201047EFFA167866
:10BEFC007A36102EDFC016A086102E678CF62E9880
:10BF0C0057C01D8FA101CF610A9FFFE105070C00EF
:10BF1C0000080E97230BB6CF4F210867CF7118621C
:10BF2C0090846EC7FC23560127FFB01882B0606F57
:10BF3C006AFBDABE268391879C36409DF71F02C2AE
:10BF4C00261A8066CE0612058F7A583452F0D757CF
:10BF5C00393F082A8FBC50E4435FC1457F6840DD00
:10BF6C001745044AAF133BA67E7802A245C8A53FED
:10BF7C000998D7B0ED47E2E8E126B7DE9E4651427C
:10BF8C00B90C39520AE414E4532B93209254B02286
:10BF9C002E6F192469678BF46EC1E2E8AF6F6E5592
:10BFAC00256E2F845617472B5B563EA0BD2F306E47
:10BFBC009FB904C5EF210856C702FAA78BBA3EB643
:10BFCC0084240B8B87B7D0B722C7E5062741B04F27
:10BFDC00C80905E4F0E409405A87FEDA0E9C2310E8
:10BFEC0014FE0121FF8FA023258E1057EFCCA00546
:10BFFC002C1E008BF61102001B4F3812FF632448D5
:10C00C0001B7AF4401FDB6AF4001B5AF5790B4AF27
:10C01C004CA001DF6E01B3AF34010002EE8E01467D
:10C02C00000A875F7F70E800538C233E096EAE01D7
:10C03C00BDFE153C821110048254162421983F76C3
:10C04C00110257D05AF546528C83977D4293124376
:10C05C009F7FA4BAB52650BBD6EA261801BEF62A95
:10C06C0010F2021A043D2E38402A96D7708EBEFB71
:10C07C00928281109EC005852EA2A0AFE1AFBB6657
:10C08C00200108FE1F1C01A5AFF7068F1E08A31682
:10C09C00806ECF78E012A11158DE21061B46E41207
:10C0AC00BDA316A2FA061B0046540F8485AFF1C837
:10C0BC00BA4136BA0E248E79099D778C09900F708F
:10C0CC00D68F73FE8FCF8F8F3C8F1CF68FF08FFC2B
:10C0DC007E8F2C0153CF508601A6DAEAFFD6514C45
:10C0EC0002266BD65316A0ADCE17960624801BA540
:10C0FC00670054CE27E76FDF20E3E648D80F07D65A
:10C10C00270038B62886A62AB64052F72E428C163F
:10C11C00C48F08249F44F0CF58E610BB0910464C3E
:10C12C009FC0D22DB7F0A6932350E61648D664ECE8
:10C13C00AE068BB68214BC520EA16EC60B3B56E7F4
:10C14C00832E7BA8AF67D5BF2123CE70B733078072
:10C15C005EA9FF85EE83073D4E8F58DF20ADEED5EF
:10C16C0047177ACF0988736F0683920700AEDE28D3
:10C17C000C0E77EE8210A27BC653D6DBE61614A308
:10C18C003DE4DD36E7E170366B17A206DCDE161AED
:10C19C001FA3060E5F674E5F5BDA4F04070834FF80
:10C1AC00981806118296322752C186EFA20BAE5E0A
:10C1BC0090EF06EF50DD86278003D85FA2274B73E4
:10C1CC002F80B19817A11FE70E601E10F27FD1C708
:10C1DC00DE9ED88F7F7480BB481E528690A28E053F
:10C1EC00422F18A430965CE2738E624B7F62F72666
:10C1FC00B796C414B754F543A93F4C4604CDA7AD2C
:10C20C00584E1242A18E9786251C9E00AE0FD02E42
:10C21C000F316FB082AC7B42AC2006FDC80580A00C
:10C22C00250839D74D028584A085DEEB6000A61762
:10C23C0003044C97DA1ADE00B31FDA36AA90B8E67C
:10C24C00280075B7EE8200BF6A56A086177477C0B7
:10C25C00308E40383676860EF0ECFF82242A9FF022
:10C26C00AC11A03E87B0115850166F08774018C219
:10C27C00E6704E507EA5706F5C6643281328399784
:10C28C0048E11F070F8D0FBE3026014BD768AF5BFF
:10C29C00F076A0D3142D1F2D2F47E0A511A19F1FC1
:10C2AC00D411431B504784273780DC1614DE46A478
:10C2BC00F06E96F8964441322F0AF663A474FF048C
:10C2CC00018EFF0367A1DF40D22F160D87C218C461
:10C2DC00CF8C1CD62461B663C6C4CC11C7C7841CD2
:10C2EC00A74F30C4681E15F016B12E30AE431F0197
:10C2FC000F3F0516D4E00543AC45D6273263CF83F8
:10C30C0005B7ACBD2FD383A586020FB7E175092104
:10C31C0070771AB7B186F86F117F2F94111C76A61F
:10C32C00FF5EA42344AC02220F4117F004D4CB3798
:10C33C003E6000AE50FF7002C79FB489081D3E4599
:10C34C000F7FF88C08EC96F781B566C2241197EF35
:10C35C00573047CEE4E03678CF01AECE2093C73CC1
:10C36C009C2382061ED2B3AFDAF10F132072EF6C4E
:10C37C008E648E34DE0251C7818CDE04E19EB126C0
:10C38C00522680EE5F2C950E4D28243048B5670060
:10C39C002C8F0D08DE25DC1E5690A1042D47C38181
:10C3AC0012637E8417700F8F077834D48424A2FF15
:10C3BC001136EDFFE7CE8F9C8F21407F2184BF018A
:10C3CC009FBE3C00AB51D7F0428B11B387E940D5EF
:10C3DC00C7177F6E3E265CD4B502A0D611589718AD
:10C3EC00BF14EE866AB6AC97D87E060220F6147C93
:10C3FC0016660018E711873847905BA098120BE679
:10C40C0045AED0C217A246D71C8E02550811167F16
:10C41C0004A703943AB00F2C9E22AE0B3684CDA108
:10C42C009EA66E09666EA9A70597E0C14F2F85BB26
:10C43C001E24DB080AD746DD7F77C07EBEF02E06B1
:10C44C00001204576E3716B7763FD0D49A6F610539
:10C45C00AB6F0A15076C7F0CDC970B251F063C6035
:10C46C00C00AC682E1B7254B379FB9ECD44270089D
:10C47C0006745EB6644F10FE93B64E23621F3C905A
:10C48C002821B86FC21BFC66AC2362AC24A87FB712
:10C49C00E778280043AC211F9304040700E400D57F
:10C4AC00A990D0AB9209B11B275246E7BFE01142CD
:10C4BC008C43358FE2F2FC2CDB5F7E041576421048
:10C4CC00ABF74B17AF2C90EDC0C5261C0927778214
:10C4DC003E124F6FF0A200122A4F40D98072AC8EE0
:10C4EC00A60064DDF733403A074167808ED60D4FC6
:10C4FC0086D20A079DBF0ACF862C0846A77C440B20
:10C50C00678E0C0B0F44EE114FF524D518B6205541
:10C51C006E349D87B4012A8F159FBFBE34B7030FAD
:10C52C00D538BEB666148E9A86100F3E90026A9667
:10C53C0073CAC927A076557226EF1E408815005E77
:10C54C00274D56358902601E69FA1F4478778DCEC7
:10C55C0002618E94ABBE8026882AF610A45C3FC084
:10C56C0018EFEE421B030044E70F50D584A22407BA
:10C57C00054019D753996FBEA6B79AB6B5024CBFF2
:10C58C0002285F153E8624DCD72A0E560D7E60AA43
:10C59C00104F8660F8DE5BEA629F58EF61E208E6B6
:10C5AC005F1EF8212092001849135705EC0060100B
:10C5BC007F0AB53F88FB86180003CFC54240605EFA
:10C5CC00FF68CF4203CFCF4E701097067E701E24AB
:10C5DC0044932F3C600043226F191FA9AE325E4E6C
:10C5EC000606466E0BAE17260BC2BE51AC9F476FAC
:10C5FC00D0D64476C2068416BABE879C861FE689BE
:10C60C0011093257218E019A3EF0F1D6106076272F
:10C61C002E613ECDC4963158DE67213851020A375F
:10C62C0011036EE11CD6032E6FA6D9FFDE168060B7
:10C63C00450FE244D698279ED0D8D703244D8F625D
:10C64C009BE6AED005C2258E709E5D86308E2B206B
:10C65C0055BE2B1D670581028B7F09BBAF50C7DA16
:10C66C007E238793B002241A67BC6CD60E0F0C265F
:10C67C00D7B411AF5D0736AF016E5450DE17A2B2BE
:10C68C00F7E1F322AF11134FC0050FC0118CAFB0FF
:10C69C002FC301C68115FEA28E5C0E2A360212062D
:10C6AC008F44BE309C77A0C8E726AE576D0287AD8D
:10C6BC007706E567F550ACC021FF28A8EE05F0C65B
:10C6CC0025029A47E92CC29630CED836B52613FAF5
:10C6DC001E3400B791853F200E8E309D960DF0864E
:10C6EC0018984F1A5505CE50D58C1E4EC664BAAE4E
:10C6FC00B85AFE1FCC896426D8CE149228201E4529
:10C70C004616848EA327C08727C0ACD85F277347F3
:10C71C0052065EA23E468112FECEAFFF822602DC9E
:10C72C0027C214873E5F0526261003FFB4262F0D63
:10C73C0009DFF021283202535E11C1F17601B5FAFE
:10C74C0054286666CE452682DB19164AF31E593AE2
:10C75C005752353E631288D57FB1B12640053D96C0
:10C76C004514FB1602A2FF2E391FBBA62931022647
:10C77C00C2532E7EA3FF08F32606CF0846DE1451C3
:10C78C003EA13F7E2170DB7E0026A5305AC07F2C57
:10C79C00685F0F0DDECBB425060A051B06D82FFAF1
:10C7AC002B10CE001C4C67D20E9C6E16477FAD052D
:10C7BC006CDFCCD710BF8E26880711C7703825BE0A
:10C7CC00F8400290D629F78DE2950F90D8E15FD70B
:10C7DC00D62ECFB6B548316F0C407E7F0006848FC5
:10C7EC0036B09730027C0FEC6C8DDF11783F281E31
:10C7FC000D782F8A30F643535FA24386763ACF0FDB
:10C80C00C6C46B77C2DEFFD7774710171A33BF96B3
:10C81C00740F3F2539D6B266C0033CAAAFE897D156
:10C82C003CFEFC3600CF81F432004AB1372CCFC32A
:10C83C0014175840EE8EFD660B4066154B1FFF0219
:10C84C00110B3556018457081EC640D75FB83CFA09
:10C85C00EDB6072F1B00C1EA10F70B57A460B9AD5A
:10C86C00E3F93ADF22F2A6201D88AE47A47BF69F9F
:10C87C00E502F907004A1406A8D74F9A3CF5F64092
:10C88C000CC48E8530BF5777C09C23D3E9DFB0DE54
:10C89C00448C9B9FC4880B0F7F5E3FAB11B64C0E34
:10C8AC0086EA760144BF7F248804261E5B9607B671
:10C8BC00020EFE6DCFC12F28F50FD287ED27251064
:10C8CC004667AD0CAAE611848CB76831E7A87527CA
:10C8DC0012E3375147061003C6680618CE7F6F0661
:10C8EC001C09070819C6AEABCFC810D818C8F60E6D
:10C8FC00790C0F90ADCED10F02AAFF905817D250E1
:10C90C001F368656026A2F07061F8703F6A062079A
:10C91C004F3146026627C61205BEA6B9149714CE2F
:10C92C006322368583A1E70AB7C72628A24766A2E9
:10C93C00A12C576F9CEB11438C35F7F004006087EA
:10C94C002F0A86C7A9D89BDFDB02245602AE409F74
:10C95C002F8F60344082AC5F0698D18F72445C9804
:10C96C00E189F78B03EE002BF68B05EEFAA28C40D7
:10C97C00180416871506043D440BA73A8FB0E2BE87
:10C98C009A168E4C14168F88BE530EB74DB6B50141
:10C99C00BE76B4AF3400B303670C30089D47B15377
:10C9AC0019879B96527000C3728C9F751631A6C264
:10C9BC002811F55E90820EE68EA726D642C5B6806B
:10C9CC00D0A1025E0780FEC0462FE6013AF6093B75
:10C9DC001F00558C8E9DE7A0094327859F6E8CD830
:10C9EC00F8D626A0D8F75386772A2B0E020F51982B
:10C9FC006F5805EE8E43C057EEE658BEB707B1E848
:10CA0C00022C5F0B76508E08B7F7474ED82DB0EA44
:10CA1C00397DE60346A605A61E5FC610DC263E0E33
:10CA2C002861A6546E0329EEDE5FE06CD844BB6E21
:10CA3C00F0D1037F0A863680C5B7DD2056792F39B1
:10CA4C00774BCE113E6FA01261AF531896493DD76C
:10CA5C0005C15F8599178E14E083B5EE121FC620B1
:10CA6C00029A0984661FF6E5E3FF3E1676F70D077A
:10CA7C00B0A8D8776FF720BEB6BF24A92776279821
:10CA8C00D82F3F8F3C8FF38FCF8F8F3C8FE034FEAE
:10CA9C00B2DCB18F282A679850C09DC720006E3F2A
:10CAAC00F1238E2526819180851C36730F64508569
:10CABC00FF497C4F430010AFF432004013670089EC
:10CACC003D6FD86917EB14D984620710AC6E2BE656
:10CADC00EF24001027AD022AA76D2527C904722266
:10CAEC007408031FC00CEFD000E74F248EC581FFE4
:10CAFC0007E0A3163EB0A3D828A0A7DAAE3F0936AC
:10CB0C00A4376D634E6A3FDC672445A7A48B863C33
:10CB1C00207F5E20A18434137DFF25C69724F09ED0
:10CB2C0017DEDF23FE60FFA0BDB5EF0C9801B977CF
:10CB3C00899C19F78418A8E7472F3E38D98424829A
:10CB4C0005E77039323CDF2728F4D78166D64326B7
:10CB5C00DF60137798771960C4B706B6C18F980F4A
:10CB6C0073A0E9B0DEE9FE21E0CE214D56A621FEF0
:10CB7C00D54C210ECF21213C21F121BA4E219EEE24
:10CB8C002124E88E988546A0686A5606E7F080C096
:10CB9C00008303AF82D89CD73080630F3AD784765A
:10CBAC00328B149EC45400634FBF624FA4D980844F
:10CBBC00C2EF050F600BE7E1528C98FF5184EE99A0
:10CBCC00D62B8E88824A4E4F060A472E095B1EB71B
:10CBDC0082F0B778564B0FFFA902DC3A0425F0021D
:10CBEC0027427F178002145032D7081F71C0D93FDB
:10CBFC00C7F8ACD90786AE2ED21821853E26A6C220
:10CC0C002E700EA6753FA8730F20751E5DE691025F
:10CC1C002B3F6F06248400531F18EC20A427EF0B26
:10CC2C00E722415DD6DA4224868FB4F81625A85B3C
:10CC3C007D379E97B102663DAF208C06088F7848F1
:10CC4C00DB84CC0F0364A5DBDC7782C168CEBF111B
:10CC5C0044049F87AA0BF60076A7138FEF502F5131
:10CC6C00671EE19C235E1666A38E824F4F0546829B
:10CC7C00C1B1035FDB86D72704CE36E156080E6FB1
:10CC8C00460D86C5D02610A5B7A3361EE186BE6A12
:10CC9C005F70C63207677825209A8C1F260E881481
:10CCAC0055B634287706DA48C156020E1F768F3CEB
:10CCBC008FF38FCF8F8F1FB68F3C8F7C868FFC8F1F
:10CCCC002821044DD7217A37A336CC0FC062CEF77A
:10CCDC000CB7201FE6A767D50111C7A2DF105A1E9B
:10CCEC00E63222DF461283770EE69BC621A5F08F33
:10CCFC0054DA44704F6067404F8A62A4B5DA1EBEA6
:10CD0C00979BE03F10CE09AD97B606488E2686C29B
:10CD1C007E853111E20A6CC3001C77C702002CEE31
:10CD2C00442D36B0C0B6AFE4675058A8916FC5BE5D
:10CD3C008E3F85AC8646BEECFE86A902DB6F6AEBA5
:10CD4C002F2DFE17A024DBB71F92B06E5C1E97AE82
:10CD5C00FD25080F97B6828FDF184081F19731407F
:10CD6C003720C2DFE2AE02803767C8839DBE72BF38
:10CD7C001C3FC1037F8167BCE8DA84249089F127CA
:10CD8C00162CA6DBA5115F825704236E045F082CBA
:10CD9C001EB727105FA4ACF6057EA62130C3020295
:10CDAC006CF71CEE305897583F594FA238A34F6779
:10CDBC003E0E8F0A02E407106F0D2817FF6E0777DF
:10CDCC004E075D2EE9D5FF7E0E85411EC1A60E696C
:10CDDC00528E81F78B2887E9B526478E8B50368586
:10CDEC0048D05644019688AC27A8FE5674B0AF9430
:10CDFC0078AFAA665431EE03FED04CB24F17EF5603
:10CE0C0047B8C4CE097ACFDBB2A3FF123F56580AFB
:10CE1C00530B4A276912783F255EFFF4ABD14EC8FD
:10CE2C00DF8EAEC01120AE80BC283E45C8EF0A5B39
:10CE3C0007010041514FB4360304AD8F230A260F6E
:10CE4C0040572F85C2422F0697761E43AA5EC8060E
:10CE5C00EF40C63E877EB8270957C74CF889A426F1
:10CE6C00F7E253136F11C126965E6D848E26A58151
:10CE7C00260BC7010F57B0669EFEEF4FB811A2AE3E
:10CE8C0078068EC3350FC28A4CB7B6D640AEE15782
:10CE9C00CBBF9E0C3E56B4E15E3D1610DC2617E867
:10CEAC0027804C3FDB4027CD4CF1FDE3FF17246E70
:10CEBC000FE22C4AEF9181C70EDB84C73F4C89F1FE
:10CECC00B81F38BC4933EF24C4B8E233A77E52E212
:10CEDC0070F72E9E258EB027BE77C031058EC71EEB
:10CEEC003C86FC00AC11C38F15C687845EE537C049
:10CEFC00272D7886C8DB538F074CF121B65EC58F82
:10CF0C00E887001D4E401063FF6083002562168287
:10CF1C00FEC47E0420FE14F04695DEC218734F5FEB
:10CF2C0022CD376644FB8C470077146F9C5F90F8DA
:10CF3C002709516FDC427E053E56540887D8662778
:10CF4C00768B219E012ACFC04AB9773429C8A41107
:10CF5C001C2C9232A1B788E20EC7D0DE1E8AFE7757
:10CF6C0002568F4A186E095A8612E8B7BDEEFAFFC0
:10CF7C00FE16C137A1B70CA7314589370027B74436
:10CF8C00DB844778CCA550FB6F38DCDF4F68DC8442
:10CF9C001086D71690E227634F4A3F51AF905E360A
:10CFAC008E2EAE1070D6AD3E6BA6F5A811648C918A
:10CFBC001EAC8CA6335FB724630B2E591DAEA8BBD9
:10CFCC00A71EC717E2A8F33877361F85068F0B4BC1
:10CFDC003F6FBE8F57868F57CE8F5686310E4DB40E
:10CFEC00B35F26B218A60EB14B307762D55F040042
:10CFFC0025BF1147C3DC3F53C825C9E870174577D7
:10D00C00DD1E6E30FF898BCF00CAB7C416B01FBBB4
:10D01C001EAE4669023C6367859A1689041737F180
:10D02C00A4A36224951762CAD7E3201078CE614777
:10D03C00A99FC8EFA19F84FF05B737ED2E709F0BFA
:10D04C00714F6B86AFCF260C77A22F18A51914B78A
:10D05C0080B75F1F153CA4D811A2AFDC1605BA5FD0
:10D06C00163F1C01008B1F0A53A82E28B0FE60101F
:10D07C0016ED678C7705BA67585744A08E16EA6789
:10D08C0016572D270740705B896760471016E067BD
:10D09C00BB11AF630E46D88206462050A80216A9D3
:10D0AC00C790637FFF034230C011016B9FC4B0185F
:10D0BC009BC7AC0E8A67112177784F010F47818D82
:10D0CC00253EBA2EF7577F00C38933158FBA0065FA
:10D0DC00805BB64746C6DE278D4FF5F6FFC22D7F27
:10D0EC00246F1FACA3D95E246FCDE332432C207880
:10D0FC0027A310704FD0105C8F8C9987B903975B66
:10D10C00CFF1FFD5E216BF0380521B87E3120C0749
:10D11C00FEE22625F0E0021234CE8C7E000B97A1A5
:10D12C00F04A471E3E860E0E3BE64424090E1FBCF9
:10D13C0020DD4B47D0B8188D6FEA0F07DFD1069F63
:10D14C009084D7F7C22C2126E03F00D72951AEC0DE
:10D15C002AE6C2FC8F34DD40476F5D6ED70F8C36EC
:10D16C005AFFF0D847001D8E40AE4F534E0979043C
:10D17C00E039628F567BC65C4EDA04D61400DCD7DD
:10D18C006D26700747601603C6DB7C170BC4760E42
:10D19C00077D5FE001DAA6E2260BBE1F98DD841046
:10D1AC0084F72E4F547737A42EA4345267B3C6E1BC
:10D1BC00B0DD25D2DF1285BEBCAADD56BCD52EC48F
:10D1CC00E02DDCEF943E171702DCEF28865F440459
:10D1DC00A6771EAE97161D8FA2C78968671CFFFF26
:10D1EC0096AD3E80671B08CF03202013F8268AC615
:10D1FC00E22FB78D810015EFD306DB8E26E0AE5EF5
:10D20C000F4C27217E274202DCE73609BFDD57B4DD
:10D21C00E911A38EA187605F64040B90232E017823
:10D22C001218124F9CBF23C6548FEF96A2580A4077
:10D23C00B8AC7F04E8E71A803ED705D106A2006B94
:10D24C00EFB8061E8AB526A205A5272BB54E43AC12
:10D25C00C30F130D27605846161E341E9E16F43647
:10D26C0015EEA91DFF11BF023FA011D882A03716E1
:10D27C001EDC8424BF0936AB2E03AF1F020000A7AF
:10D28C00C7C4110162570C4F5E04AF0AB60F9EFE65
:10D29C00CC57470C2AF7405BAC07501781016798B5
:10D2AC001605BA07163F1CFFFF9602DC07851FF711
:10D2BC0062808CB70717B08011153F1E84FFC44FD6
:10D2CC00B9CFC03F2DF0067D39BF73C7264260C968
:10D2DC008587C1CF4FBE734FFF03EA6E377AE06E7E
:10D2EC005BEE17853FA17246AF767EFE2E9E057CC7
:10D2FC000CD60F268091B70713AF88FEA997088329
:10D30C002EA7A0392DC407D340DF7CA811E230AF83
:10D31C006E1E02DD0708AD3EBE26854F4DD486033A
:10D32C00C4FF20084297D557A6EF16372C0EB70628
:10D33C000F945CBF3AC48360B710400E2D40F76069
:10D34C0025D647174F700438AF9C0A00B72778F6DC
:10D35C00FC0010E16F166F80BEB73F32C213F4862B
:10D36C00FF8776EAFC2F60E061C8AF19F0FE2588D4
:10D37C0030FFAF500A848024938F6323670DE266DD
:10D38C0047B6A0D52F0F0E0212D78BDE269202F0D5
:10D39C006F4696E1A7001B3FDD8481249BCF591576
:10D3AC00D785356F6E47C408DE99980F809177DF6B
:10D3BC0010C1245817729C5DA006DEBA3456D1E019
:10D3CC0076A46AEF56348E8F6E1000ACB2424F9139
:10D3DC0087E420190BFB282002DF0D5CC486B48681
:10D3EC00043E57B28FEBC6104FC1A82F5D90FA4E7A
:10D3FC0026120756678017B54F081E6EA73FEFB869
:10D40C003E8059902F3376F8D833042655478C3507
:10D41C001EA5AB07080B3F096037932609BB3EE4FA
:10D42C00DE8C84037F0CDE1EDF02F7CF7F05052721
:10D43C00C15721DA27F4DE488F2F2CDF03EECF4FB4
:10D44C00160F70E7AB3EA53FDB261026A1704E9F52
:10D45C00E83300FD2612AE0BAE78C8AEA557A1C8B6
:10D46C00E46D78CFA201E1561C2A576120B0BF4E63
:10D47C0077BFAFE75797083BD7C158DF57377F6E59
:10D48C0004F70ADD3F5E2528950FC3F72B753F6C1B
:10D49C0077E478DF4005575E38FE29EF4C48068468
:10D4AC00B7779C5E89C42A86B024A596DCB0B3AF4E
:10D4BC00A849518EA4271650C0D2A27EBC4AD69938
:10D4CC00B8D1AFB425DE521CA46F005C1FB43E670C
:10D4DC00121E7F14304E13FEE030E00558FEE07350
:10D4EC004959DF099AAFEA9810FF8008BFEA36C0A5
:10D4FC006E46DE1A1E4783CE058187E1D4B727BF5F
:10D50C00400F0CF7ED404226EBB2D677C2A7006D68
:10D51C0067A5A72F16E2113CF9C2C646B638B74428
:10D52C00C787820367D3767098E1841147F018237C
:10D53C0091BE6362AC8457007AB70286DF001BAFE2
:10D54C008822DC022EE6490A26AED8B622AE7846F0
:10D55C008F79268FE78F878F1E878F669E8F8F79A7
:10D56C008FF18FA025FF33C8429B498166E668A6E0
:10D57C00837DC69AFC169900A7830060AF17370EFF
:10D58C004002F43E8F82380EB58C9EE02F5257121B
:10D59C00BA3F866613E7A0F01BE7D10380C38D3F2B
:10D5AC004389AC387F1E01A4271827653F560168B4
:10D5BC00AFD6CE56DF5CD72721983705BEA8806042
:10D5CC001C4718B62088164056866097B59F96FA69
:10D5DC00FF8496BA8EB514284614391614FF153CE0
:10D5EC0021F03E025E2FDA94E02E12FC7621B0344C
:10D5FC0000580E4226210F0ECF767F9801B5BF72D0
:10D60C00468107942EBF45B70F3D9700A42119A75B
:10D61C00DC82105F206C97287A6F46D596400F3FBE
:10D62C00F7BCE084243EB98F2FB166A693246EE735
:10D63C00E8F72E0FEE8074CE36575A18975CA69AE0
:10D64C0025C88FCD8E97F0EFFF043430B456203CB4
:10D65C00DF440489B71A0F2740AE4D9777506E1AE6
:10D66C00D676B126B630DEC1EC5032C339D7AF8690
:10D67C0014C64642272770A293220B07A444174FC7
:10D68C00A0A2F17FAF818E2EF6C4842C88E3965F26
:10D69C0000434F42A12C13B7484C372F16AE6C9653
:10D6AC00C49701600EC3EF02FF0720570139BFB3C7
:10D6BC000E24020EE68C68118E7A6C0053ACE8DEF8
:10D6CC00C407D7813D8147377027E1C28F0C56DFE5
:10D6DC00D01ED3E9DE94DEB1EE4966A0E69A85DE73
:10D6EC0076E8DE278E9730B5B7F80F00070A965705
:10D6FC00BE0E8F814433B73360410486C0265395E8
:10D70C00CFA3B6428CB82E2B4D3E026327C2A3ACDE
:10D71C0017FEF2F0FFC714606C96B721C98F854FC6
:10D72C00A046264E2681253DEF680FA614C4FF00A7
:10D73C004D4F2182B6FFD60FFF22128A7C76AA2685
:10D74C00B764200FF6FED400107BE726548D1736F5
:10D75C00E1093C572CD8E6AC249972571706BE1633
:10D76C00ACDC2694A7820F8E10615C96458C0B6FF7
:10D77C0066747ECD9783013E07103637422496A1FE
:10D78C00E7092F97001567C0C55FD3045775112D96
:10D79C00171111702F0ED4E103B7E1D450FE8BB4E6
:10D7AC003FB56705C07AF02E1BC6C71201B067875C
:10D7BC00FE40E113E1CF0FE66C7620AE2D4557C449
:10D7CC000C5DE732E99ACE680E76940E5E780E7692
:10D7DC00747870316E5078BE24AEFEB7AF88006896
:10D7EC005E84019A16CAB48077F77C00B35A538FC3
:10D7FC0012DF3CD00F10AD3C2BAF534EDF1058AFA7
:10D80C008B187717AF1081E20B67BE42F7D8006018
:10D81C002691A67D0CDC1122A2609EC7B6B076A024
:10D82C003CCEA2AF2B4FE1023CD09734601E07CE0A
:10D83C00C2900A0606C0E6C007B66640AEE744448E
:10D84C006E93DF21B5F6712635FF0BD6B676238E97
:10D85C0003A6618EDA157E2CEA8EDD426798500B9A
:10D86C0074EFEDE4054EE09105741FDD0DD397B018
:10D87C006D4F48F0B7B0E1EF711E30ACAEB0207810
:10D88C00162036C8EC4E3601B876F4E2520D9615D9
:10D89C00E024D0E210BEADCED78E2470CF239EA84C
:10D8AC002EAEE28065BE503ECEBC360A26157ED525
:10D8BC00A4AED41E0381276B44709FA75E342E1731
:10D8CC0077A6D62620109807095A9F1F08E3A5248F
:10D8DC000976870D0F0F0190270D1F14E1E38424A7
:10D8EC002207C45DD7D58F7778F3D913106F710CDD
:10D8FC0099A74876AF3D2728787E2C4838877AE759
:10D90C006204FC3E8F0E5F4F62AC7757CC11E35331
:10D91C00D58F289C3F2B26D11119F5272A28E64DA7
:10D92C007DD7668EB82640A0CC7C8625A010A68D0F
:10D93C00661CE02198C241FE8E2823A0062697C6BD
:10D94C0016033CDF40D75F15843C9C979227B74465
:10D95C00E3F6A426DC053F95027797A0C003613758
:10D96C0003716770607A66FFFF17C7A67FFEFD160E
:10D97C00A02354AE9CA106ACA10FA14D29E70586AE
:10D98C00F37FB749006286162F106177BBD7A016BC
:10D99C00CF7F440B42B48E9665080C5FE916F5FEFA
:10D9AC000424E60F1EE2A624036448874E5E9136DB
:10D9BC00D803D648B9C7BCC0270CBF86F6FF01E216
:10D9CC008F695E77440B35871BC7020567626EBE95
:10D9DC00B98C47C2C7067EC42803DB979F9F0915E5
:10D9EC0087F4441408F7DDC7739826339E5798C7FD
:10D9FC0016A71871415076CA18FE333FF708B4EFDA
:10DA0C0004778F6091E48001B53F4A92B037376E4E
:10DA1C00448E4D4F8CDC07D8378F5EE20240180CD9
:10DA2C005A0F5BB14F563E202AA102095E20D13E0F
:10DA3C0078A9E02DF46606D777275FB66801186ED3
:10DA4C00C666044C77848156FD98E28424078B4F7C
:10DA5C00B7C03F2402EC2EAF17C0211EB6F12E2CFE
:10DA6C009DBF1E12915FC0260BF7EAC00356872993
:10DA7C00EE6B565C0ED40E753A8E162E36C092A8EE
:10DA8C00EEB611C17FD0EF1023EE6912A895076492
:10DA9C006F3D06B646C32E5EE1628E7FE2860205BE
:10DAAC00CB571E807F2FD01182A21C2F28765FE0CF
:10DABC0057DAC0C01245F7B4576002D796360363E5
:10DACC00A6D0A01687660CDA0062579940151D2E59
:10DADC009857A4B69E4EDAF4FF57916B3F195684B3
:10DAEC00630EA25648662F575C277F045C1F100EEE
:10DAFC00A7419622D6F56008B5261C5E20AD0F0A0C
:10DB0C008CC608A7118326883DFE58BF0C4F7ECFCC
:10DB1C00BD280E0256D7E9E61A772EA2E53FB6DEEF
:10DB2C00468E26C480A2BC47D418AE033DA7843AC7
:10DB3C0087A6450BC1AF16AF0C0F3271066A47E4CE
:10DB4C00B63676C3458E678419A31E0205D8475A8C
:10DB5C00B68740199036167E04451670C100A6068D
:10DB6C00C0A5DD262657AF6C2625020CCFDECF6C68
:10DB7C0076540014C7E8478CB88E468C244CF6EBD0
:10DB8C004F2886831F058BCE8E88A50B580F0A9CB9
:10DB9C005F89A57E5754F546FB19CF684E43135B3E
:10DBAC0017F7FE8062373FA374B877FEAF97A023B8
:10DBBC0055273D100043BB67422FC2BCC74312D749
:10DBCC00359E21211F6C8637AE89AD1EAD3E056793
:10DBDC008025AEBA6FF1FE0F40AE6B4F020062CFE4
:10DBEC004787AA0F523FD4CF33658023FFD95FB547
:10DBFC0061C78B875BFB0F120BD642762A2C0292E5
:10DC0C0015A730303C663BD6B64F161688011FCF91
:10DC1C0066898E93C774282D86C50EA605A5C7D018
:10DC2C00570703D1370150B7E898E33D67B134A7E4
:10DC3C00AF4CBF66FBB60077E7188A21BE78368FEB
:10DC4C00267F830F8770CB0064159288110A0770AA
:10DC5C0000110DD75C18335F2B801868E2F9C6529F
:10DC6C00FFE4D241E91720F00F429420C8CE054DB5
:10DC7C003780283847E3E86396C402AE9BD1F72976
:10DC8C001CD6447B1FCC2EDF2C16EEEE08520E94C5
:10DC9C005CD80E4234219F415CF7188748AE0F3395
:10DCAC008F5C064D4D77C0ADAF63AEF6E8264224CF
:10DCBC00DF861078E48A732EE71CE38AC33A0733B5
:10DCCC002176800E57020E4698EF99500312E9DF29
:10DCDC009CF7D4E32CF0CF127257BA061E2E2F915C
:10DCEC00104C3FD18F7EE3440B907E310671978AA6
:10DCFC00CE03120417601FC71600E80324120A6F24
:10DD0C000534AE0435BE8ED727204E680CAA1314EA
:10DD1C008E03D06316714E8B3607248528A5CF024F
:10DD2C00A03DAE52266BC68DE56CB7D626183F5675
:10DD3C001E942682048EAD0477A62598C0F803CFD6
:10DD4C00FDA226C3762706304EB54F7800B9D8B65B
:10DD5C00CABC172E7C0625B02A460ECAAC6F82FBB5
:10DD6C004E404EA095167C92C805848234EE68060F
:10DD7C001E8D805C6C0831AF66CE058E630150EE53
:10DD8C006B9E031E602DFFE03ED8D8F7AA63008778
:10DD9C0096465EAA1ED454FFD0A08D4764B9144F8A
:10DDAC00D22FCEAD777E380B4F3757C7068E4E0528
:10DDBC000EE30B422E889395FFA03C614EBF9C2333
:10DDCC00397FE00A0092860E4C82244696A43E3699
:10DDDC00403106F517E4E708FE084DDFE4A204E144
:10DDEC00972E1E6B44246D584615270726BB0B46F1
:10DDFC003EF3BBBBC634C316668A76090A46527418
:10DE0C0026504D50464CB6E5B783DC9E3C268FF32E
:10DE1C008FDC8F1E468EDD09249780C458085ADF8C
:10DE2C000F090685248200F5F60A0681A6E3A9AF40
:10DE3C0078C6ED88C5ACB406C4AC55CE4BF816828A
:10DE4C003043762F243E2640400B0336624B01684C
:10DE5C00E31E20600601CDE62658321FCE23C238C1
:10DE6C00EBA438F48A5A14B0A835FE3A1716686831
:10DE7C00CA93FEA8304613C6F64F7A03701631CEFD
:10DE8C00D680CD2625C2507782A27EE2B12E588B49
:10DE9C0008560AC4100E56550675100F6736A64A5A
:10DEAC0031D3068CCE6B9260BE704E6463C6A106F5
:10DEBC00A5461E9AA7AA0FBEACAF34AB1FE721ED47
:10DECC00220CAF0B7EC0AC069E0EE70CF7F7468F0C
:10DEDC0056BD8F668FEF768F868F78968F3C368FF8
:10DEEC001B409B0EA02C8609267707802935102312
:10DEFC000F04952E3686C9AC0B166A00156EA478E5
:10DF0C0017811B360E62C3AC846608B83E208700AE
:10DF1C002C6E8301408F47E8782EC47C66CCAC33E2
:10DF2C0077CB7906C7F8C2AC51193327FF175E942B
:10DF3C001938FE5B14A6E70746B2A0CEB84F49933A
:10DF4C00BE67A0114D750E90B466270BD8262528F8
:10DF5C000F3F0F66AF0E6F840E2186BF1EFCFF486D
:10DF6C0017D646102A5E81C885160E568B74F68419
:10DF7C005EA927155E88B4009E43671F42191C5F7B
:10DF8C008C0B57197D9F86200787C0468C7CF7C069
:10DF9C0061AAB775C500485F9A1D7E07EA06448BD7
:10DFAC006F8BA67EBD0627DAD73200DF2FC274E452
:10DFBC00598D8FA1CE62108E28960B1CDF802117F5
:10DFCC00C638DE6440381E1081C6C60162D628668B
:10DFDC009F6FC2960F0B268746DD07C42CA6BFD4B5
:10DFEC0046C68337233ADFE6DC6EA6FC006BB734FB
:10DFFC00BE562AC742311EA0231F0357279470C652
:10E00C00BBFF8C0431DF2E37036FB685AC684784B9
:10E01C001BE96F0A17040EA7FA4390A050721FE871
:10E02C0067C42B5F815505EF30D1191F84C6116F62
:10E03C0020A0FE7770EE05B65C41F08EA8407EFE07
:10E04C00F602409010B59702D4B738783612B0303B
:10E05C005F216E4C56C6ABBE868C6CCE959034A4AC
:10E06C00454FA785D0BEDC00DE4FC0D68C8ADD5E66
:10E07C00DF5F00C2BED0DB8ED4B532423F0FC52469
:10E08C0082F017DBB2B52E7CA68F334A9EE942B3E1
:10E09C00164FCF709099C616214FD904E54FE02842
:10E0AC0000A3321F99CEEF168FD7839026C39112FF
:10E0BC007E41B81EF690570206FC32024600479687
:10E0CC00161E46920260FA0035A720E27E686E3F6B
:10E0DC0063053427E2180001FBC7503EF4E805261F
:10E0EC0023EE6A258E0E8717260D068500E2EE6458
:10E0FC0010F7B616638EA3E68148275C8730183478
:10E10C00A657062BBF877B9EB88C7E308F0F8EF860
:10E11C0082E1966C36A1042D573FA8783E7341A43A
:10E12C003F40F7C6D0260FD74952671CD7160EDED4
:10E13C0080A38F0ED79F525490062713786E2127F9
:10E14C006C6E76005F27B036D60218255F455D47AA
:10E15C0083E7B6DC83050611229F11F0FE7F915FE9
:10E16C000E562606CC57E102292ECE435E76C21FF0
:10E17C0007FEEE02240F0238E6831D1E23DA065634
:10E18C0052155644041AC2D70BD6F42A10B202B157
:10E19C004EB82755C6947E3E9432DC7E942E096090
:10E1AC00C9BE6A67C59608B1476B67D7DE3CF66097
:10E1BC004EF9FD0E04E2A526B78405D827012A578F
:10E1CC00C4542F5B5FA20E2F87335F33D601432DD0
:10E1DC00C7F08F3A8AE60710323F5C8613567854A4
:10E1EC00E69426411F971524A408CD47114043C738
:10E1FC0037AD82B977A502DF572600E00243E7541A
:10E20C0002A7C780E6D4A524BEFF4002953FFFD5E8
:10E21C00A2D01155A0009C4742167626312697872E
:10E22C005D01247C878F0C1547AB1684141B67F19A
:10E23C00440B468CA50F63DAC7BE0D1C27702468EF
:10E24C0086762731F6EB9BFB029E10956E4F8196DE
:10E25C00215837280EDE40532F0679AE08DD8F7A11
:10E26C00CBD50686E0BFEF07360B63E7192E1EB33E
:10E27C0014CFD86E3FD632446FB0772324D84F02D8
:10E28C00B84F90B05E1376581A4F528C975CC56499
:10E29C004437E2A0E6669F0F183258F737AC2E01D0
:10E2AC00D296F156B31E89701609733E06DB56A73B
:10E2BC00D4BFFFB17635A659081F82BB8FBB084F60
:10E2CC005DB5067F61F5182F0C2FDE4310082E77F5
:10E2DC00D0B16E1F76D8E8EBA2262C668F95BB2F9B
:10E2EC004B763FC22F287605BF6EA2AF025F4F421E
:10E2FC00161CBF28811FF699FF52142F18963E77D3
:10E30C0040AC1AA718902E57E32B4F61BF9AC880C8
:10E31C00C82F9AFA7E51321C3447A177FA808811A3
:10E32C00B800E704D64A26941C7EC94E055756A45D
:10E33C00CCD18C11388057A603169D036366E0255B
:10E34C00B0604462A6696147582AF58E93AE67089F
:10E35C0031D72043268002AD67A6A9328CD6091886
:10E36C0007BA333CDEF77F0226705F9A1ACEAE6E88
:10E37C00C63421E05E7D6F28E2BE6CF8A642909E0A
:10E38C005EC146948686D7109CB617166A02A048C2
:10E39C00C076DAA0E626277EE04800C443A77000CA
:10E3AC003413A4F54F20C68E88E0CF849299C1CE49
:10E3BC005253A4845C3137E9470672081C20B9809B
:10E3CC00D326050F4F740D3AAEB74817783C4C9CCA
:10E3DC007CF2587380F25C00A2FD8400E2AE69D836
:10E3EC00778A167E021E0D366B4E8FC4C6052E73B1
:10E3FC0019C0CFBE06F726B4FF6233D7A384095ADF
:10E40C00674D46A0C37D654689A7760C48DAA0A85F
:10E41C00A56EFEC6A01074DE11BED0E1EB067F3FE8
:10E42C006E379E06B1F11EE032E497608EF6B33083
:10E43C004C3FBA470A700B86A014726FD9BE77FC9A
:10E44C00E845A7AF82C092521A9CDF23154DABFF53
:10E45C00802C583F0166EF7190EC82679FF4FF832C
:10E46C00470288A5E7A7775C3496017506DCA8E619
:10E47C0024589703A0768F0E5E9A8F8F698FA68F84
:10E48C00808F3A568F00E9A68FA68F1130EFC09877
:10E49C00199447971F6128E577B53E09BAF626000F
:10E4AC00B1E61F0EF011E924261C424F4438169891
:10E4BC002C76262820CA678D2E36C286E513ED07EA
:10E4CC002E528526B167862826288A7AB7C3171F4D
:10E4DC00C600C8C790BF84250E998F8A10F68B860C
:10E4EC00F20B4F4754636DE66514B66E043CDF7651
:10E4FC002526B7708424025D4F7509B0A217400120
:10E50C00AFEFD8E60346CF0DE02C3A2A4FB4278E56
:10E51C0089333F1602EF3FBC07411FA745C8095F6F
:10E52C00978DCA04CFDEFE0F1916C93FB7C442A29D
:10E53C003F4911840177945D474D1AAB3F4AC0D6D1
:10E54C00077E8800C596B640444996D616C6AA37AB
:10E55C0043E46C0426872A4B4EA160FEAE1843A000
:10E56C0050DA0FD13B560E0AC65826072C162644F5
:10E57C008216D7CF5333DEB6F1B408A3FB7664AC66
:10E58C00CE77248E05BE6D1EA0AC5E4EAC08F30695
:10E59C000CCF10143C18F31CCF24207D2786223678
:10E5AC0001021F8EA8826096E05F549F8D917FC1FF
:10E5BC0087A9186E86067F165F837C06A6CD87C05A
:10E5CC00DE2ED8FEA7ACCFE6E9EEFF8514676D3ED4
:10E5DC00A58CB0560792B628761416E6EF7F390054
:10E5EC00E6107317266066ACDD673B00A6F857583B
:10E5FC0034D15EA70200A10F5AC156B639D7B42642
:10E60C008690D5A608127F3E302B28060B6FC702CA
:10E61C003081658B6E85906E1AE814909656278023
:10E62C00A729FFABC082BB063EBE377E678C02714A
:10E63C0016D78EE6FEB9072721CC57C725CCB7468F
:10E64C0025C3C70C0E1E0B00A2386C8E8790012EB2
:10E65C00665310F0FF4616C976D777052EBC4326B5
:10E66C00056929B7A006A9B7404ADFF6022932137B
:10E67C004FEEBB14665C40654288D760CA686A0F6F
:10E68C000442C05742AFE81406F751470891595F4E
:10E69C001E3EA4232127E007444C179460D0863CEF
:10E6AC0075564B83F730989AD60AED964E23DE8E2C
:10E6BC000A2E347D1400654787E4ACE6192FECA5CF
:10E6CC0084247F22FA9F0060141F3098899784233A
:10E6DC004CFF2E25700FF7FF17EA804004F007B0AF
:10E6EC00E846FF0A30D7A4AF1F90EA1143AC872746
:10E6FC0014E758E947C87FD7CF7C76C5C49E76000F
:10E70C00BD9E8517F1FE8E1EB8EF7B023C90F76B19
:10E71C003C6E140D8C3FD00698B97F06A70697ACBB
:10E72C001028CF6010AE9F0423AFB644E71F04132C
:10E73C00BF50536EFF979743283F7428A226E732A9
:10E74C001E3FD89698110A56FF19B7027ECF05D7EF
:10E75C00C7442E60439044C09F3F0C87B08FC318B2
:10E76C007F632DC53782E7181021276E5F0CDFEF12
:10E77C00E43350848CA13F4889D0F75500E44E6BAC
:10E78C0027F02F60D28F3260D07F6BD87F3417196F
:10E79C0068436F62A000BA9FD26C3F05BDA609EC1E
:10E7AC005E1F82EE894C17AFEA0CB0561026166E1F
:10E7BC0007FF9426B7553084872C2FC9FEC44F52BF
:10E7CC00854F902FBE661E1E5E20947BB608FE41C0
:10E7DC0047B776243FE8772E2727B8E78784E7806A
:10E7EC003C4E2F5EC02880137F1FE408156E60B36B
:10E7FC00F10F4C8DF108573BC866B05FC9486E3FAE
:10E80C007767F8088492244681E9FF2978276211FA
:10E81C00821E9987E6975C1F0D393F80AD177F2BC1
:10E82C0006AFE8A917D780C446267E570524B6EC58
:10E83C00E71CD6AE29DDA78416B700341E609F16E0
:10E84C0036A6661D1E205A72EF14F3EF47600316AE
:10E85C000C4F286158D7B26FB46F395D6F57CE9C8F
:10E86C0011220C8F3014654F17CFC3960A97018E67
:10E87C00034FC58F0226040F620D5F0E0863240C34
:10E88C0000C5628C8F031C21E4628C061612C547EE
:10E89C0030F86C5F1104692D5E982A26248DEFC820
:10E8AC0006B6B4B6161401728EDBA0160D0D488791
:10E8BC0050579F098100A33F07D870860470AE683B
:10E8CC0087326BDF05BE302E1B32460F08F85FB067
:10E8DC0023C9360E08A6369F1F80109E47328EAE77
:10E8EC00124C4E04DD26A349573043280C4B52875B
:10E8FC00AC17DF1E112484E452C226235CFE044DA7
:10E90C004780275F687AB60FE71302B761E8901764
:10E91C00409E80DE74EE8038FF0CF76F2EAC01B099
:10E92C00FFF02A812FE707A11197DA2458AE0015C2
:10E93C00966E341EDF802003DFC487776501A01636
:10E94C0001466ED024AC43BA270041D8BFA8AF1003
:10E95C00DDEF1D070C874708E4DD20AC0F182730CE
:10E96C002734271C2738DFE4259700D03880DA902D
:10E97C00F125AE32FE0AD87F7071401A5E2ADE266F
:10E98C009B775FE4BE042F8070147E8E2474C6B314
:10E99C003676C50026EF38083036307C0F0D6C8982
:10E9AC00FFDB801F261418DF0835B728BC88C76D1D
:10E9BC00AF460048671780EAD9083CFF661F22DE85
:10E9CC009700E400D0C3E67603B608D05708F15799
:10E9DC0019F680BED51600D80100012F87000AB1A8
:10E9EC00FF230F1A30E2F84708019AE6B8AA27CE9F
:10E9FC0042AE28AEBB7F6700700878EFC8743E8DBE
:10EA0C00334F2827290F2FEF0256044DB207268DBE
:10EA1C003E4107A7BC0816159C5C202BD70E7ED058
:10EA2C006E0EF89ECE8D937816DB92428EE7E10443
:10EA3C00070822DE05FE03052F781658D076661FD0
:10EA4C001B0EEF321C0E0F0F3E6A8FDC47DED68892
:10EA5C0030C240D60A362682115F84352A0AFF3E20
:10EA6C004A3526002A1166B7091EFE295C1E0C8940
:10EA7C00A715CE090F8E2A7A271CA6FB263DAD8F33
:10EA8C000F01340914D6DE5E35F4FF0AF63F38BEAA
:10EA9C004967F4F6B6F827C317A740770F44E42A62
:10EAAC000F27616F443CCBFF6773ADC8AD3D18E4D5
:10EABC0028E157860FF796EE1624408984561706E0
:10EACC00E707AE3404F7238A4711639EBC2FA98F46
:10EADC005C9E8FF38F8C130F22F7DE70014FA1D148
:10EAEC0062244C5F203AB942094F1E1F4E5FBDA9EC
:10EAFC0006AAF8FF0246A4C75AAF0AC006F05F0187
:10EB0C0062B6A0064A654EBF40150A7E0A6D208A81
:10EB1C0008080F6908DE468E8F798FE18F3F87BD1D
:10EB2C002704F7EC218CEF2C0136F8EFE704830671
:10EB3C00DE055E08F791021F090ED329917771311A
:10EB4C0082AAF63116FFE1400901868F146BA0836F
:10EB5C002DD6043A61171063DF8DA7AF5E0420C079
:10EB6C001F8CA17F7E2A000924983F1402AB9F04BE
:10EB7C0067ED838C1682898CE306A03EA401549623
:10EB8C0005172F8618F8EE2A28830D0EA0F41021F5
:10EB9C003044BF4280228D4E855EC8E5F1A530041D
:10EBAC009937431F66F9FFC0002EE770E8A0811F5C
:10EBBC00FA8424001C8F804D7FA32588774291C254
:10EBCC008E869EDA56A7240B15BF836A8DAF871FDE
:10EBDC006860DCD630EFFF6DABC7EDE8905A2E9431
:10EBEC0048E93F017B4663341EF6A4F3FF864022BE
:10EBFC00BEAEA03F9F023C00005A8437649F2E3C5F
:10EC0C006D803232784F2C20478C0D3E2EF897B702
:10EC1C0030C0070E712118E2B4E4C76D8DB6B8B6DA
:10EC2C00FBFF458357D643AC77A57717476B468ECA
:10EC3C00C740029774821660C758011812AECD886F
:10EC4C0009A673A768BF0449C2271CAFDB942F83A6
:10EC5C00FCC78C6E973C78CF1B3E09F8D98000B767
:10EC6C00692FC300C46FA384B67F3F44D4CE114E2A
:10EC7C005FA6F202ACEB840002524FD216887348A6
:10EC8C00C98CCF4C0D13524F9A9684461F20B4EE6C
:10EC9C00765E481ED5802E22D01602E88EA218363B
:10ECAC0052861E43A30EEA24FAA7080213DF00B112
:10ECBC00186F7358D9E1475506828A40670400AC37
:10ECCC00F72F6F825806DF18090851F78B6EC68331
:10ECDC0094B14E536F838AA45F9AA20B546FFCA21B
:10ECEC00AFEEFF002C980F1E41310007179C0F212F
:10ECFC00A6BE0F3080CCD7C13286ED30C237D0C51E
:10ED0C0019A7D7450043620FB066370759D78C0A4D
:10ED1C002A97410F420C07082718F23E1FA2AF9505
:10ED2C005F70695D1F10C09E11C20E03C19EEE5331
:10ED3C00621F634FE686459E006066CF8775204E46
:10ED4C0023B7C6D0F86F44A042355F2861D20FD5E7
:10ED5C00CEEC2BFF8D3097FFC30F0D7BC6EED0F79B
:10ED6C0007062FB11FC82448DA1E0706E51F85A722
:10ED7C00B1415931963E164F4B000E5630AD1638F8
:10ED8C00806861BFB4703F1BB8A4215085037536F1
:10ED9C00EA2128075C560C0C9726CD271CE41FC7CC
:10EDAC002148D82401DF1080303E357A561103A15A
:10EDBC00A63186A7571B47AFE907DFE7EF45FC4BAA
:10EDCC000E3C52210F0D58A20D3C3307FF2268F068
:10EDDC002F362176303C47404C095F0F0243FC48EC
:10EDEC00CE254552EF1714A1AD350ECF0DC6635C81
:10EDFC0027741812BC772458EF49BC5E6C1CA668AB
:10EE0C00AC0E6898561907F6E70EFA49C0479C9F56
:10EE1C00C0011027D812820BB7615245FC2F0C4D44
:10EE2C004FDA21580976E6C0E0C8FF00324FD058BF
:10EE3C004D709768CF7882E1EE1068D12FB3B7E0B0
:10EE4C00800161D720BFA6D6FF6C150657F5D3FFFE
:10EE5C00E91437BF635E8688003417275632FF0FDC
:10EE6C00B3BF8325F88101632C57D9103FDD42478E
:10EE7C00ACC08261C4AC31C60E4685878ABE8E6A30
:10EE8C008D1D76828611368E800F0F2520042FCE95
:10EE9C007009078280BF3002B16E43E685D6DE343E
:10EEAC00A63D18D64BFCD6FEFE822567D68927B820
:10EEBC004F45973C1D008011C7E10000A957698E92
:10EECC0003C4D4360227A68F392F4A7EA5ADD89E0F
:10EEDC00AD05304E1B361517EC000924F76AFE2ED3
:10EEEC002128CD01CAFD8FA001DD37B00019456086
:10EEFC00CFB63E7F2003F1FDF16E03D887B557DB0B
:10EF0C0016E71B9F040F76978FEF06D6DA98FF70E3
:10EF1C00B728A0C248E2276C76EEAC4FC0DD3F812B
:10EF2C00BEDE100C46024710600F17CE831720B5BB
:10EF3C00871A93FD7F27186005084F4440C84F2857
:10EF4C0048871E6E2B78448CBC094698577F828864
:10EF5C001027FFE112C41E47C40A82321750828B5D
:10EF6C00AF49F05E5444B0AFE6C402AE48894CAC35
:10EF7C007F3FD704EAC440AC4ECFF5B5334C3FF5D8
:10EF8C002D425F921DE654DB033C46458CEA46411C
:10EF9C0064E8AAA46D420FB638BE5E2836A4219F41
:10EFAC00EF4F57044FBD53B604AE4FF6E0962A1AF6
:10EFBC006826C4216EA726A2C6856303470898DB82
:10EFCC0036A68314587F8EA9310058628F8742472A
:10EFDC0073F76E5E44660AF04E4C6C164F20685AFE
:10EFEC00A7C18B371A5BBE67B348414605D89C97BF
:10EFFC006D3212CF036FD1B6A5857E694E47101EB8
:10F00C00DDB450D6498253D8D74C4C661F509EF66F
:10F01C00E8C74F03A58E15EE29640FA2361EF71113
:10F02C0042DF18B75C37C05621BBD65543DB2407EB
:10F03C00E7685741A70BA7B044551DAE92A68AF5B9
:10F04C0076563248E70E16C257D077A2C740D2F890
:10F05C00BEA48FAC1CE7B977D9975342A717C84801
:10F06C004B148035BEBF0F40404D3FE4E80063E0D9
:10F07C00A36FD9484BCFC3554E0F3952441C25387A
:10F08C0069995F58AA861BBDFF52449A5748BBCE5C
:10F09C000A56E4575295471F20BD406FC9677E46FC
:10F0AC005752C467E4455809003B16CFDFDE45587C
:10F0BC006267724E5420037660CF1767644E5472A9
:10F0CC00434F384F4DA99F46CF1B234EA1172147C5
:10F0DC00134F864DC7F15242F447A0342F5032C71C
:10F0EC001B1E8424DB58453F9A453654445407482C
:10F0FC00E808051E3F515FFEFDFFA08A142F8E8885
:10F10C004C513F5857D618064E15E760A55E12298C
:10F11C00AF7120C6043CC0AF8F1500BE0937F0B0EC
:10F12C0033E7063A1714E226A1C71B266FC613C392
:10F13C002764CB6F36622002D2A758083EC622FF46
:10F14C006288B73869E0B7B000B01EB43E4E2B10E1
:10F15C00C7021186EF69C567B40F300B06E1A7C073
:10F16C00C480BD07C621E727872DAE5F105C9F6268
:10F17C0018E62566019685812E8040E66DD19E921B
:10F18C002BC761DF149E00E3270A4EC7AC42D7C4DD
:10F19C00AC9719C70D7B6F0317AAAEC99F09744EA4
:10F1AC002520FC2E26020F37382F222FF893320001
:10F1BC004381574327678D056F340104F0669E8F9A
:10F1CC00EF27FFFE0424BB248E16C0AC71C6B060C2
:10F1DC006FD901FF58506C6F72657220FF6D6173AF
:10F1EC006B3A202578DE210A267046288B00414D8B
:10F1FC008B29BC662C34FF4F6C64207673206ED93F
:10F20C0065772EAF1E2C2620EF29203D0C0A663E7A
:10F21C0001FF4E6F74206120FF646F75626C652D69
:10F22C0063FF6869702063617274BD2EA2008F4702
:10F23C004669DB72734A33726F9867656E2061D3CF
:10F24C006E5865636BDFC44B2E2E2E0A6957DB326A
:10F25C006E4A4545D350521E37CC3032587D090A80
:10F26C00AE9753DD686F6E648899D8EF3E44657431
:10F27C00CC2A04C7A149E0443A20908D537F55FD18
:10F28C006E6B6E6F776EB8452136CEE067440958C9
:10F29C0029973825670C7887730FDB25370C67782F
:10F2AC0042536E2C25646B1317AD61E06CFF20414B
:10F2BC00522F4753205686339DDB396037EC322969
:10F2CC00FF47454E455249436B1E31567D3132380E
:10F2DC006B29DE4F4154454CEF4328323536D86B01
:10F2EC00291F5E9A35D8446B29A37F6D3DA51F9BC2
:10F2FC003D008FB02047CD3A2469AC633C1FF64CDF
:10F30C0020F958A8293FD63132631FB0333F829978
:10F31C00ED2F6F6F4F04C9362F128C4656460A01DB
:10F32C00E420F657688EE2206B69F1246F667CF559
:10F33C002069374869743F7B4400491F55736566E3
:10F34C00263C8E794AB02794E19CFB64737510457A
:10F35C002EAF022C10764A6F6D2BBE74616B9661CA
:10F36C00E402086EA06E6C7908A677C02043611584
:10F37C00906C8A611F24308CACB252651636617960
:10F38C002B9E4761F16D654275C0C49B4A16536D47
:10F39C00070643760614A250BCC1737776596412E3
:10F3AC00AE7C6379041F618617202EE473F0CF4482
:10F3BC0017B07EE82066208843272B0503B04762F0
:10F3CC00918C5630F52F1845C17175727B697A6531
:10F3DC00722F02DBF9F7422B9864658676CCB66502
:10F3EC00FDC4FFD850EA1ABF69D0342040C7C353BC
:10F3FC00D660726BB69B9F3E416E792847DB082026
:10F40C0048055E65B5621677B8BD2E20EFD857114A
:10F41C004C985D4300F44175746FD87931F27EA439
:10F42C005479706517F6862C06C0D4338E23417F31
:10F43C004E54683F067769B26C54AB5670E2557403
:10F44C003660206CD7EA06DA76F0730DAB6F866601
:10F45C00B7C5A706F5EA616D936174728929F81036
:10F46C002986192C3D0229FEE01B5B39336DA84718
:10F47C003B45C0D979DE141C673BACF1D125C117D3
:10F48C00F762650E055A64C3210AD70348B261645A
:10F49C0034317250D9E8426FA03C64B07E6320C80E
:10F4AC00D8BC1079210A0014AF1A2AB06CE5C57AC1
:10F4BC00BF66CC3422088810A76088A13A0063BFCD
:10F4CC00D8002001276269618AD85C2F753F57707C
:10F4DC007378EC202D3E574752803158627A6F3C3E
:10F4EC00A451521860ADC0200AA5BFA10163698A5E
:10F4FC004706045EAE48663E38731A5A63A86C70B1
:10F50C002CE65620F065505358E535518E6E588ECA
:10F51C0072753F7D730A00B1007D3053C21D2814F3
:10F52C000BAC683FE043584CB03B7E1D2E2E8A8FAF
:10F53C00D83657086C646EB427C26472BF05693143
:10F54C0028708B3CB055A3AE175A777B506C75A6C0
:10F55C004169399D3D65B26692F1746D7E60727D34
:10F56C000E6761AA2E2E810763D5B469D66E1692EA
:10F57C0066793A55766F72F117E75821CF9B493E61
:10F58C002EBC6158E29280002D8270708158D79DFC
:10F59C006483BEC05872EE136AEC8740BA652F21A3
:10F5AC00380F308B0566E169D53C2E44E7BA3953E8
:10F5BC00BE763A072CD82C5D5823C10F1213E8B035
:10F5CC008E2F886768207216C10D337621AF2E54AA
:10F5DC00180039DF38B406A0E095557A796014DF4D
:10F5EC004A242564AE213F0E481E8458F457582AED
:10F5FC00736830B1B7A01F34D6700A1E5C2CDE5A6B
:10F60C0043445772D04A65D8826D6D78BE284E152A
:10F61C0068264D609E50AA41A802350661B0C230E2
:10F62C0078B9505BC44259781766E577D76E68EFA6
:10F63C0004E7FF2E0987C64C096097506E6E604830
:10F64C0099EA90B854756666063AD18A64F1FE68F8
:10F65C00604FEDDD342DCD852A6CE169676ED1E20A
:10F66C00399BE641210B99B2B898AA0033D752784E
:10F67C00F84E285C2F205E512E640E862B1BAC4559
:10F68C0053D84554376245804426BF6C0D4D7916CE
:10F69C0088A81813669E33F01E607475EC073FC57E
:10F6AC0073B8436D6BB643444737E7D76237618B0A
:10F6BC00C7047E0906CE5D45160F706C557A69D06D
:10F6CC00AE211A2745644363A5999D11835E1E8460
:10F6DC00E10E143E6B5B7D4E54F053432D4A50E2C9
:10F6EC00793B646D73B52C7055EE51AAD8D72E7E2C
:10F6FC006D6F76092704478640651BB73FE671247A
:10F70C00C6AD2AA741E8E26F72EE2F5F00E2B33379
:10F71C0082CA3604732106FF1E5B33336D605F456E
:10F72C002438D4549E2A0821C427B4FC651DBB7010
:10F73C0019376D2C4EC23CF006AD5A8F865929A252
:10F74C00C15ADE2E4CB5619D6E8F5687DF736C18D7
:10F75C00322103AEA753191630DE34836E3091225A
:10F76C007077764142A76CB260451F00535953FF26
:10F77C0054454D2E434E463B0178BF33D32EFA638E
:10F78C006E663B31A04F784C6F617B8A205D48A040
:10F79C00AA3E2A73ACB63A8C329B30DEC97E819875
:10F7AC001201C1D8B1883D25F17C549990E2111712
:10F7BC007A636B3D13AEBF46CB349D28A6C1B028EF
:10F7CC000F4BC0257F6C004578658E638704534CC6
:10F7DC00502B51805EDB2E2E338706E13F43BB0856
:10F7EC001CEF327223375F64A4254012B54747FFE4
:10F7FC006FC267672C2A54695254BB7E219F4D52AD
:10F80C00A06452BF3A4C415348494EA74792150A3F
:10F81C006C06D4CA0AC0DD306BC221E97708A2ECB1
:10F82C0067934859C1125C74F13C7FBE1BC858E108
:10F83C00A677814E16EE287721AE29D2E065787036
:10F84C0078153D1A2CE17074EC2B5F218326166C15
:10F85C00757365B5558274DA343759C147DA3C5241
:10F86C00BEA7BB89171B836D34D820701237B067C5
:10F87C007565DE0A00410805D8F58DA29FC5C582C5
:10F88C0026A8EF81A265026DE59647454199006C6B
:10F89C00A70A06595EC48FDE6C63074D067ACC84CA
:10F8AC00180B51F0434152442F52524180577680ED
:10F8BC004116F14641494CD1B654B80C7E014688EC
:10F8CC00121062B8032538FB9D30CE4073E1529D77
:10F8DC00F4EAD7DBE521000F382077ED4B1685C114
:10F8EC00AEF41743E6D516A32F6BA2B991DB7F9329
:10F8FC0085CC3CB66123C0D8746F37367F42AC934D
:10F90C0003E92662BE6684732CAF8125008D0774D3
:10F91C00F7A2B31A661E130413AA77DA4735DE680A
:10F92C0064776179C049A7AC03802A706956680C6A
:10F93C00F63382D602AAC7277309A0623D939D6C49
:10F94C009165B464A782F117A96D7465EF700A53C1
:10F95C003763048D28163C666CBCC418DC3C007004
:10F96C006F234E479508FAA56261EC935C833CF3D8
:10F97C0079E13A60EDD06C79E05333A47548E168D5
:10F98C00E0675CA66C656414CF2F7B604A2E02691D
:10F99C002BE46C7963EFBE6836657218779E7075D0
:10F9AC00740887D84F6064A0FE61B021E037D8E6B8
:10F9BC006D6D8480AEC0201BF512A1A9198C3F7C03
:10F9CC003306AFB118155278835C8DC564AD021146
:10F9DC00D703498853F1CE701ADE670C1412341613
:10F9EC00D11AAE0763950BC10714854DDB21896FC6
:10F9FC008853C07EC78AD2436244DC6BC7E316507F
:10FA0C002EA8CE6267041127930A8206D90FA40A86
:10FA1C001A832708A50D0F6B8463C2DAA03268180D
:10FA2C00C255B061E0427598BEDF3665DC3430E813
:10FA3C00DC68187C07BAA42065E30BE2316D8D629B
:10FA4C0052079A3E65D12A617F7666756E642E09DF
:10FA5C0084A74385E00A0A89F7F0203A280AC41FD4
:10FA6C00EA494EEA744CBF80414E5957415919A18D
:10FA7C00278F50866FE2416C742BD046347005FD95
:10FA8C00926D7046AAB26E0414108FDA696378F620
:10FA9C00702A9E72B7F7697879C06669279F4348C8
:10FAAC00C0454B1E275DB24500B8BF2154070D431E
:10FABC0070D1C16561A23BB4C70CDB19564A608595
:10FACC007347354500B56D1F42204300EE2F15409E
:10FADC00A527228115185C23A2462DC12E42B822DF
:10FAEC00BF5847B6E688704677C5378D60BD886FBE
:10FAFC00C6FF514E4F4E0787F7554E4B4E0F341ED7
:10FB0C0050B66B167D34DEFE71756573F47F9A9476
:10FB1C0061B8D77C4649545310F71AF048D85E6E3A
:10FB2C00658D2F08555472788B462340905B50D7C7
:10FB3C007D455845988B442D57B60C4C5967A436C7
:10FB4C009269749A8F516204D0A66E09F116391518
:10FB5C006443B44BCF5F6D63720CA7020563B86E40
:10FB6C006F74DCC11BF71605E3018D6B18BB37579F
:10FB7C0037048CFE622525290AC59FD85793AD8280
:10FB8C00F74021C107F903C4B860735A67101B9979
:10FB9C0060BF05550A6EE957F744504343F84D438F
:10FBAC005244BF0F4B4750670F464C5B3B977761F6
:10FBBC00E070204638F96757A4F4D956FA617CC234
:10FBCC006564BB95D4E1746F33195511C3F310BE42
:10FBDC0024823C206FF96165733F9748658A6C30CD
:10FBEC006765647501C2D0A8666C16F7A43A6E09F5
:10FBFC00434F4CB7A7208598365D61D13A75B6F75F
:10FC0C008674B8B020F608AFAE430650ED41445BA5
:10FC1C00465D4FBDB3200920B02013A6CFC17E2D69
:10FC2C00603D561E500F5A1E413FBF44009238F49F
:10FC3C004C29E45A69641F374C826F62A042F45716
:10FC4C000C99A77F035406D28BF62026C72067F8A1
:10FC5C00F474733ABA9FD421CC3E5862D59C53D6D7
:10FC6C00AE6B9C4B83D718DB394F4E06EC46462FB8
:10FC7C006AB1C84F53DFFC524333323A003077201D
:10FC8C0006ADB0036B600A5705229F30D636771B42
:10FC9C00101AAF50E1224A28D7137433024E7281E6
:10FCAC008D4650BA3D117CB3539F152969671BC50E
:10FCBC004E86C546219FF83F200FA3A157EBB45D9C
:10FCCC0049A022201071A6733D4420079DB5703FBA
:10FCDC00EF21671BC2E3E3B1998E8D802F46DFC302
:10FCEC0073580112DA2046ACCBF31A4FABBB223758
:10FCFC00345235154BB0733A88A7359F5F6CA97990
:10FD0C00CC4B2000C09F801A1F35386F350F786898
:10FD1C00655A942F1C662A46D462652D6303CC0366
:10FD2C00853BCAC755B7B08F200B3F79736F727480
:10FD3C003478C46765028C49304F6B19AB39BD748C
:10FD4C00842F382A00800C0D8A53DB322B14416E21
:10FD5C001D6C684CA0CC9692EB253322A0C1F7F514
:10FD6C004D656D75E59C3D0CA3A348D1735F90A0C8
:10FD7C000E4C4626137A0C7E6D65642EB75700A781
:10FD8C00A9E17570163D0C6278B91D1C6D94B518FF
:10FD9C001F3529151C742AA82000F05910839CAE1D
:10FDAC0085D7157360CF682877F3700D6C738765F2
:10FDBC00BDB35A1396B68B616D055DFA290A0ADD3F
:10FDCC009F136D04CF0ADCA51809A93715366801F5
:10FDDC00F113640C99CC5AEE21B184FBB310583F4B
:10FDEC00DFBF4E4F5445863A27BF4552415381459C
:10FDFC00C299979F5BB72215F1B866F8619E3A0BD2
:10FE0C00583F2E12892F866427602F03488A7377F8
:10FE1C00240165932E5873A8616862898F05E78D5C
:10FE2C00E6C73FC00C870AA7B87C866EEBF62F6935
:10FE3C00161DC27350E0C7C223C08D1480611225F9
:10FE4C0002A2DD4523838AA9E1DF8EB469B3892040
:10FE5C000E1530574F632A280427DB2C20003587DA
:10FE6C0023C10DD8CE67386E00C965D946A9148157
:10FE7C0029A9AC6175F78337003A9E3740E14938C0
:10FE8C00D501C23F0C93BA9821F83028645463838F
:10FE9C007A6D0C772935E72046270451FD6BD39EEC
:10FEAC0090E0653FAF4F42691AC0C8B36D40C05374
:10FEBC005C92D63E537CE8743734FC576B484E6BDF
:10FECC00240D7F3063512261B83340065DE96F6CBD
:10FEDC006C1E8321006CEF66F32D5B70005654781A
:10FEEC00572CD6306D08C09FD320410A24370731D8
:10FEFC000BA72963165E096D04269EA7B8620C7FBA
:10FF0C002DB25352CC610E0020E7C05C0F008A0763
:10FF1C00B80A0B8B1745BD702E683F724515291317
:10FF2C00D90A0155FF1AA059358AEE311D0155FD2C
:10FF3C004E49434F524EC10FC38A1F032A7000FA19
:10FF4C006B42A0063540FF382E302E4B202D0FD99A
:10FF5C007B39F706DB5F5D5342AA4FA6605F3D36E7
:10FF6C0034803CDC38A7D52D1E33F6383931317B43
:10FF7C00F642592405CE46E2524545C18B81A74B2A
:10FF8C00F61E592027EA2B78BA1CFA296213BC1FDB
:10FF9C00FD4B545459FB0F45483F3D4C4154D80F31
:10FFAC00474167C40F594DB4537A0EC34F0E476E79
:10FFBC00E27D6F73562578986F449BEE302E003897
:10FFCC0027960100F04C65DDEA6C3A0A8A6F30081E
:10FFDC00314262E75801150FF045441663603F9FAC
:10FFEC005041555322C4EB5C5305505E6545675C2C
:04FFFC004C6E94B201
:020000041001E9
:10000000736F062EE7433A704308482E3405124EAC
:10001000FE442038382037372BB63620F5353520CA
:10002000345A763333642C4254C0AE286E6E11AE0F
:10003000606504B8577E5351554152C76F306B44C9
:1000400034506C303005184671AD63E8DB2C7B0E04
:100050002C152F8110DE3601D47F600FC4DC696E51
:100060006BAF2252496B67983847E33459B101EBC3
:1000700028747D6F43F95E7006763AC273E0F13BF7
:100080001A4350BB3A97523290209D32328093C02F
:10009000166BD46D63A6527F5C7793206E525477B3
:1000A000DC49739F955ED06EF4FD3F12B7D6A44C29
:1000B000B7446DDDEB26425B0F65781AB88D3D0BBA
:1000C00084CF6EB7E32033233A1147C606B30B47FC
:1000D00066166011F8E069737CC90558C719880174
:1000E00047BB4620EE36616962C00413B745A06481
:1000F000F123BB474084AF7434321F244D414E146A
:10010000AA95D470444452FA433DB5C52F7C642F60
:100110000373632F53700CFB8831225F31345067B7
:10012000ED55702F08445BE0E658CED9B6ACB30469
:10013000AB6869546F71722447AB6FC562657274A6
:10014000F9877EBD41F83AD0F5704255EB172D2165
:100150000E257325AF2C4F2243370BD0740F630D40
:10016000D407606F0F707261622A63C20D3B324424
:10017000BD6572650A70575E3C2D102C4F01E1A0E1
:10018000024AF4626F6F74C4D761E11B02530F73AC
:100190002053833700E0C12B3507F4803AC18F84A8
:1001A0005A6D7AB6645647B02C0A77DE0A5082360A
:1001B000FA1E2E1C4C10B535730BC5020F0673FAD0
:1001C000B12FB80E545F1FF85444492F634BD8F831
:1001D0007C0E6EB075DACC000264F0418427EBB07F
:1001E000772A742820217C0D2E676EFAFB75622E0B
:1001F000696FDDBF687474703A2F832FEA8D2E58B3
:10020000760A0A04B74849C2E9D895676FC6E14B38
:10021000A9E7007D538D1D467FA6621020D80C7F74
:1002200000B04B25069C9BA55701827E8320EC6085
:100230005E37585221A2B7C0CD0B88CA3B74F66016
:10024000C3982E4707A0ABCA203E6106D8962573F7
:100250001C271B1F3B2573271287708A41C0F08B18
:100260004F9FC55F5317B03B31B1A73D5F563285F5
:100270001FBB3F571F0A84D51800B1291DC3250194
:1002800032FB067EB5210A04A257DD820F7A1010D8
:100290002738653A53AC934A75429D97382E0A41E8
:1002A0008B9F80616BC5699A70434420358D206BAC
:1002B0008707C721F17508B735AE6B1075596558BA
:1002C0002A4E6F8557E4BDBBFE7563BD633A212B93
:1002D00077A971691DAB2145A77C41564503CCC068
:1002E00054548DFA5354E03B244D45804DAFEE53AA
:1002F0003F1A836F812D1DF161053669A06CE1996C
:100300009CC521A10A058064B50A5783C00258879D
:1003100005E02D1584D17186009927634742CCAF43
:1003200083A05CFF27531B27418110E234FF304834
:10033000119E069AC2486F1412A954037903CC8106
:100340002039058473C0F7843F7E25636347DB6FE4
:10035000721B563E1B206C21546F1B574BE998575C
:100360000C023186442D96A61B2DB323A231ECF549
:10037000274C32B003C112C8BBB057BC2F470DDAAF
:10038000DD06A940EEE52700C05ED6DF692B0B1C19
:10039000EE78054D6086691501221B6B4E75B36DB5
:1003A0001D3A651F661F8BB42139C0541EF62E827C
:1003B0007405B6BA373F25C75B67606337A152C57E
:1003C000B33F6850777D6420536A99256A9B11AAD0
:1003D00017562B386C5115AE2B3D64646A59155372
:1003E000BB4360FB50219A500E210363212607ACCA
:1003F0001657388F3498FD78756C6CD431610224AF
:10040000A12CD7746B1CE26F7069844C1455237156
:100410000FB4546E25483D0BD228BD6F2D1B71695A
:1004200074802E98F73033B781324578B12126F7A2
:10043000050AEB1087B9618387E025732088C1C561
:100440002703790A3135A351E97274517F202AFEBE
:10045000826B8A474E6B8065087FBC476925647B49
:100460003C0A57EE7365630153D3614A9688A094A2
:1004700015C262416EA13E791020D409FF887766CB
:100480005544332288114557784C4F5D9A22057A9E
:1004900022D12C38DB5850ADE4530A4CC1415918D5
:1004A000454EEC7E4150450A000003BF05E57265EC
:1004B000E06F6E31BB866F0D1F02732069653B7C58
:1004C00042466A1C812E40942E6ED5257897485C52
:1004D0007F4889C0AB06C1C7C407A7C629A0473A51
:1004E0002BCD970E4C6F8AF9C129202A39C04D15A2
:1004F000386C6324828EFF106C992944278108F59B
:1005000035AFDE76730850378989E705CF716539D5
:100510003DB079A6ED52210AAB8F8870B99AB173BC
:1005200008EFB03AF7C40D03C43A94E7862DB0AE95
:10053000EC475ADDB7849CFF00BCF75F3C6A533838
:10054000B7287B1F441F17432162AD19F621583F7E
:100550002C715523985324EA5115419F6130241A78
:10056000C430CDF26D1BE923A11026663110C5EF12
:1005700089E8397302E0A32B170D5DFC2055701E2E
:10058000A94C131605BA906EE01933A6BABF32878C
:10059000E722EE0664740537B6417514BB6FEB2B8A
:1005A00020E14D6F64471A692701393F80F40D2619
:1005B0006E161DD8004C13DE2F16BB5717C4D7AFCD
:1005C000844C9C3E01EBC3208760509E89F6183115
:1005D000200F6632615707771212D7CFF45B49BDFF
:1005E0003653434545274674D29D5753E3756251B0
:1005F0007EB947012C46522CB2496E304838898268
:10060000E018743CC50E234406B6188E2DD3355021
:10061000E056440AE9E35AB686EC973A2A370BC00B
:1006200066691C05EB2573322F070EAA5305F15995
:100630006E7A4D566022332A0C08BB4228173023AD
:10064000DB56C3535619B024667991753D20617409
:10065000A6592C14701330AF5A812F52B02A6365FB
:1006600035E1B4203A2F2374856F880796A7D847C1
:10067000054E5F240AAA5BC4784DCB889FA875708D
:10068000E1740A0A0EBF2C4AD72C423B712B520C44
:100690004110B0FA41CE961E3B7E779240009CCB33
:1006A000120620E790485BDED103104D0600608FF4
:1006B000C00D875200698508AD07B145286DC7890F
:1006C000C0204FEA7411672137AB6A5A8434B69B55
:1006D0006F6E13B3213A50CEEB605FD030C815AFC8
:1006E000180AC19338E50BC410A118770254C42E20
:1006F000209CFF0AD4876027D544312B1F862CD33A
:10070000383F9A82FF5F67258064A82B166B845060
:10071000B77D43414E34DC4C00447F85289D986F63
:1007200083ACDF47901178B1469B118509A974E22B
:10073000527230BF8CBA626906FF05617264803FF5
:10074000285736AB9118D324103F62037D85D2C958
:100750001771935B60E20F67D322FF610A10B10A41
:10076000280B4222D1750000D01F215961061B0DB4
:1007700054D72384921555D921370174BDA75988C0
:1007800098E3B0B37EC077159D2227FBA5545F8800
:10079000AA79186D53A4113A821FC6490132D73085
:1007A000F086649B9AFA441122E825707F6F5345C6
:1007B000FD43544F52203D225F0305DD0A1EAE214A
:1007C0003D420ADF3068AD21D5E3774F5F053C2E0F
:1007D0005C166C38CD18DC8EF5011E8420680C7B0D
:1007E0000A8C6FF6A472653117F5072E08D8774981
:1007F000743BDD5F600EAF313DF30A43A91344B192
:1008000020E0EE3C57643E20001188476A461821DC
:100810004649A521FB66532D9C284892432F0B2C5B
:100820000A3957821CF0CFE0A530A135780A004C78
:100830001F610BC0041CC2086A52D370750BB74508
:100840006E0A0B3A2A20CE210A0A4EC4632EE82FE4
:1008500091D0CD8498DE422E876F48C0612057ED3D
:10086000890A4177288DB713D773741B7526C9463B
:100870004F4909A2C82E358F3825738C9706FC4E38
:100880005061721A6F44131368DD3F437572A129DA
:1008900001B1F3473B61C2746817E5045F8028B774
:1008A000A44A3FA410DA3AD674DD69EC2845DE216B
:1008B0007E0DAE44000EA24118906CD05061C1E78D
:1008C000CA0012C15FB5EDBC6718F3110C37B397BE
:1008D0008054561CD02BB5A9460B1ED44BD45A6E4F
:1008E0007B6E4578AC40703C6D480A9A6B34724917
:1008F000068C3FCD8E7047C250552D0FE01FB5E0DE
:100900006473D28F38DDF875636B0F2866740E4CF4
:10091000B8E607402E44049A9C22180050F06D2E31
:1009200018E110ECE7416401500C2DB3CD85B5C63C
:1009300047D31953FC8C01C166A0AC281BCD290AF2
:10094000744F538353031BB0320ADA1853573FB125
:10095000294D823EC042458F207581734EA36F6E34
:10096000C09D639AC64F9081AB94FD1A2F7396C1B8
:10097000571D5359C1F580A2A1C748F0CA79739396
:1009800026B149EE42509D107DAE218C2704C01047
:100990004A9413169272762E70493423A969B515BC
:1009A0008670A555E2A281E40829609EF512756E55
:1009B0002813DA4F754F762C4C0E3286689A105AEF
:1009C00058DFCC6603732A4558FC1E64656EED44FF
:1009D000E84E3055B470842CAACA74DE11763041CA
:1009E0009431132F36614F3B31110C3283336B4FEF
:1009F000907464741974067440EC342B36351119F4
:100A0000360637D74F73619F9073647319730190E3
:100A10007364731973067340767438CB1B3911797C
:100A20006B300410DF3B67707B0B110C668372B573
:100A3000614FAA206C2B33C8117B7063730D72AFAA
:100A40004F4241DE44561A20F81C446F998C5D4B8E
:100A5000F5C02F68DE2C071313773F2D6F010A4274
:100A6000614D1A1103B94F0F8A0838101BC2F3E306
:100A7000E473222745A8582D75D5DFC660DB606674
:100A8000B1746D65352F18848F2D2FB8C85E6F41F6
:100A9000DD66AD0AB0004FC068785276C51BB45F02
:100AA000B15DE175733E8B4D0A2073267229735335
:100AB0004D1B9CED706F43E000006FA3D157EC5AC3
:100AC000540E4EF6282B2FD016D70A9A6900028DA5
:100AD000C78C23207E424B53454734CF9448E04196
:100AE0004C46439E07C785782D3F00085B21524F37
:100AF000782710D0BA8D2F6C34203BEE520FDB0DCF
:100B00001A1D4E52AC9A53AFDE55B000D3C73175A3
:100B1000AF4E94848F0836180F672D23D6B49FA547
:100B2000E3AE0377802D86941D139DD933EC4F746B
:100B3000684B7A5846964F43D0614995FF1D430153
:100B400068194359B10FA3AEAEA15A311667111AF5
:100B500059C2C417700011D786709D4198FB421D81
:100B60006A75431DF9AF4F2873DA2900C75E39B59E
:100B7000A96D3D3C0074740E6E0D3A5F085878B84C
:100B80001F9616050005B9F361360E002604B5FB65
:100B900000E109722F0FBA2D3E05BF2F170BC0AE13
:100BA00035D6C0F81BB221A34D1CA9634CBB731FE3
:100BB000486581783CCF3FC02852B432FC53738FD4
:100BC000261010878015AE8139FED025438E3A74E9
:100BD000C0229E0EDB06B49B4F1F62506C6182796F
:100BE0000731B173A23EADCC4C1FBB121C3A290099
:100BF000FAB66F704FA98E28ADC456338D2F89DB9E
:100C000007F7053F7B20311F173217D7007A1C5E8C
:100C10003E150DB8004344A3FF033B32171ADCAC6A
:100C2000AFC66F66063109790B0712C06174941D57
:100C30004E00009E3A6186BC4F6E26AA8373188DC3
:100C400047C15A573E476972836CF8C24E698D900E
:100C500061662EDE0291C6A78295132A1C4F69ECAD
:100C6000B73C3319FFA098646EBE88009EDC6FED20
:100C7000953842320F002D66646F02365E67DF37AB
:100C800039D67800DA4A694864E04422EC0B9C0AC1
:100C900046554E70AC4C652508CA91AE41C2ABDEDC
:100CA0006F1D8556EE726231AA4AC00AADE8729E87
:100CB0006943333E60A4189E74326C14D241301ED6
:100CC000BD744D63AD1E66CE58B049009E76D0CA45
:100CD0007568C154840EC0E2226E035C0021185670
:100CE00024A85C406261671C875008AB166D578171
:100CF00080EE6F78A2C813AEF8203A7090E93FB941
:100D00005077F41E4B2D05DCD8731FC1D80AA618E6
:100D100038740C3A3188D8770C03D8EC63796318AF
:100D2000A599D908188267A636A42C6821625FEFBE
:100D300002773500770A2F41001C60726FDC214C6E
:100D400030734751378462647906DE20A0440E1761
:100D5000C3DE1C6E4C7B2228059C099C747DEF38F9
:100D6000E26B484D7A020000E0471AFE268A485A94
:100D7000AF746C4F6E1F6EE721E33F0E69676F70B3
:100D80009F0183DC1682B88769C18576266D601F56
:100D90008674569E3AE042391302577E726653B803
:100DA0006D08B39762436E5C5170DFC02F345230D0
:100DB000303871261994622A1747C5416C44557220
:100DC00022ED6B481C72B2300252385F0A024DD8D5
:100DD000464D6E6978DDF13E713C531FCB20AF5418
:100DE00018EF6572732F040EEA50A3BE4D128C8566
:100DF000E04D1DC86606129CFE1EBC61693866790E
:100E0000178076F78EE61CEE8E7438E300DA2E5EDD
:100E1000642DC7411664015440571DDA5042101822
:100E20009FD7D84D43FA36D431328D3F2B4281D3F0
:100E30000E1EC1DE177C6F72731D3FC8482E1F4FF8
:100E40008C65DB792E4A2E75491A8F4C0C8676BA42
:100E500079368CE9080C60C1889BD27A67685FF7A5
:100E6000DE4F4BF64D80EFE04D323946C13031E771
:100E7000EE475E082E63D04BCDA13E54894DCD7810
:100E80003E433C414D460720A959B10047EC4C5622
:100E900049B467DE32A7C31F42B25621D33F34C0E4
:100EA0003041E92FF6465820325F067867418809BD
:100EB000D8F01A45456445872F80A3BFEC3F00005A
:100EC0003F32782D573641372DAD1FF03E32303F3F
:100ED000E75651937C50249A5A31D10E325B5269B5
:100EE000701AB06F3B32306702D38778621FF838D0
:100EF00053463A5A004BEA2B5232DF6649F84E42CB
:100F00004F4E442C1F770E507377836475A97E6013
:100F10004B657900C147865B5065BD832F9C343497
:100F2000478C21DA615349150674A0E466E2AA6E83
:100F30008167B82FC5101ED0A9424FADDE45404392
:100F4000663E4460EE374E5B50A86572156DC13F3A
:100F500067793339C30F0A4BEE852FF65F42465F40
:100F60003483569D8E664872B1EE67454449C26827
:100F70008034B2BF766E00B470278B7100D65A00F1
:100F800001074C15EF1B807C06AC3CDCF90C16A766
:100F90004C012B777B831C80841773A0C9BCCFB016
:100FA000F427C03E2C1746D87BFF00BE7799D71692
:100FB000FC2EDA3418066C79A4E7CCD98C1B57DAEE
:100FC000D0853E5CDC17E8EC6F0E6364BEF83A9D9A
:100FD0009827D6013FC5000105B801B70049E8B51B
:100FE000B56EF0E706FCC104B666BC0614F320CF6C
:100FF0002C6C3C78F380CF88903C98F3A4FB0143A1
:10100000000100B3A744D8000119700143D3277829
:10101000BC03BE041D3605A706109E20307940E7AC
:1010200050BB6017161C0777DBBCBB0EC81E6617CB
:10103000CC70408FAC9C95004CBAEBC1DC36891368
:10104000DCB01FCBE8002B34BA8006D39F4E1FC004
:10105000ADBF09EED6065476F61F36D9A00F06DBD3
:101060005F08BC1FAF0656087C1F10B904E506CB0D
:101070001C9E02045C24AB18766C03187FDE2C3FA8
:10108000B63B631FA43467A095A0403DFFB101F7B4
:101090002F1EC5489F3F3B28C4174C3C979492C1D4
:1010A00064DCBB50775D54AE17584BC35CBC574EE5
:1010B0005CA5D8164C08263F60F62E0417E770C8CA
:1010C000E007CF7CBC27883DEED800776D285FE134
:1010D00094BC89FFD124F6776F2E2CB3F517BC6230
:1010E00077ED9C2FC8D45E90E746F442F6500FD7B8
:1010F0007604BD0ED968FA47D820BDEF98301D247C
:1011000034FF3536373839414243EA444546235F98
:10111000AC17D7800BF686000A1FEA0B6FB700B535
:101120009E3F001C081D0D06BD69D70727869C6FD2
:10113000D82FBC60F88C60F6E847E06C8B07D9A824
:10114000F22F9F74BCF46617807A982E578CF9168C
:10115000D0501B9CBF5EE4E0F646E45F6FAC2E0807
:101160006E77BCFA16ECD0AD77AD5F13CFC0476792
:1011700087E02741921F04EC5CA82FE1F0BD899F16
:10118000B73C2FF83D1CBD1708BE8947D9DC212F7D
:101190009E18DDE000874F0421047FEF68C94620D8
:1011A00066175479B4393CC10702317F31281CC21B
:1011B00005D8026E75CE2B1886C728347B472921A7
:1011C000588F6FE6663900FAFF9D6C071D0E04B854
:1011D000174C2257E2F0BD1F5CBE89F7D80300010F
:1011E00006FFD607C027B0014D038047EDFF675BC0
:1011F00087443BFF0001003603CF23059700820D93
:101200000B82FF0F0AC1FD50B11F58200FA07BEECB
:101210002222071B2F4218A723DA00007F0DA1BF4F
:10122000B0037F16082F0410970208270162873643
:1012300003B61F14404F4B8752D027B11F0D038AAE
:10124000BFC10F02C0AF20A80F5A1F84100F07EEB6
:10125000B2EE07D0178E3F0876EEEE9F296A47C19F
:101260000F0503EEB0EE8D129A5F8EEEC57F38EE5D
:10127000EEAAB7B0510F5607C6B007EE88BE0EF300
:1012800006ACCFB4CC3CDCF3ECCFF800A0BF872297
:101290003C0618F320CF24343C48F358CF60683C18
:1012A00078F38CCF94A43CB0F3B8CFD0E03DF0D12C
:1012B0008FC009DEE706389E40487950E7589E64A3
:1012C000707980E78C9EA0A879B0E7B89EC0C479F9
:1012D000D0E7DC9EE8F079FCE204759E08E7061092
:1012E0009E18207938E7409E50587964E7709E78C0
:1012F0008C7998E7B49EC4D479E0E0016FBB4002DA
:1013000018D1B3182D9EF62604C206DA1FD52F4039
:1013100049CF2F2624742F3584E138C29CA71FDAC9
:1013200020B98BB3012F4820C8BA4C5883A4597DEB
:101330001BC02F0D772A682EBA78BFC4D22F3197E1
:101340009B5FD8BF07EF9B982EE7A4C290089BB87D
:101350005F0D22892F90C4642326D441002AFB58B4
:101360002F67E4BAF0BF12C42FE40CC3E42426189C
:10137000778FD8252F992806040AAF6102CF6F2EE8
:10138000447C06DAC1111F375026BA602F45C48F3E
:10139000DE742684E82F46626F6F8C269C7D06D013
:1013A00001898FBDA826B8D22F0413C87B26D80682
:1013B000E2BFB6A42F5AEFECF726F82F5AD7BF5D3D
:1013C0002F0440AF9E1406228E224F2620F7262C93
:1013D00006D833338F9B342F6AA157BB4026078230
:1013E0004CA94ACC7692F8C07911E11B468F400F88
:1013F000E053491C574D4AB581912B037582DFAEEE
:10140000641878EE5AF5DD3D1187EC437EDF5650C7
:101410006F7075700812C712F71174726F7484952B
:1014200048766E63657D186410AD33E1DF0BB7A5B8
:10143000BA29409735DB6F66258C6C090F4A1C2F43
:1014400009467704AF0F6F6E025099A08E3B94F659
:101450003C39E00A260FF46861B743C0D45E16F049
:101460009E60B66B344B53590A4A78E50D7C205583
:101470006E441C1A7400423FC01BA818D7C24FC14B
:10148000D05265D6A37C4565614A5703DC9757481F
:101490004F6DCA0A0B756957494ADADF42450E504B
:1014A00045A1443B378653EC0858008BD09F3A91B6
:1014B000B50C3D0C650F858A28BB86726767A41E34
:1014C000B10AE7200FE729A8DD508C8E1DAA444AF7
:1014D0004A03ABBC672CC21D20A417286495B30334
:1014E00008B0DB6086C1540E34E02D2064E96D4203
:1014F0001B4131ED54852C671187B7406E06C6A09D
:10150000BC153A05605B4C91277432272DE7F71123
:101510003A574112B8E118C1674B273B710A61196C
:1015200072F730A61CA8B973AB0DE0F685E1CE17B3
:10153000C7853A8E3D84BC09654DF8A54E09C46641
:10154000CE83D06F6EC7A5850A1EF3903075243FF9
:101550000D427D12ECE77A2F2C36A155693F061D0E
:1015600001727093CC3F29624E4911DC9B2C7DB5F2
:10157000CC754718C39445915E743E31297103A31D
:10158000D800BA1A6B89016057BD3D3DB759530168
:10159000BAEE219D91456057DAED363F9B2C41DC38
:1015A000759ED86D0EA046ED0051364D8F8B623F73
:1015B0004157D3730B95300AC437A20C817009B21E
:1015C00028C7632E613F03106E8A89450CF01021F5
:1015D0006893EB80C7DF1D6254025F5C7300495C57
:1015E0001F485BD5CB73159D8657D1513641C54FEA
:1015F000889E57C44FAC28C7421593702CA7CD487E
:10160000BA8F90A6CB57DDD870730AA6676496FA96
:101610005F357E48146FDD30898B5F0058E90760C5
:10162000631585EA004A038B8C2C5532712C21A757
:101630005A00946BA1852347A7A08F326E65886CF2
:1016400038671D4C32A44E328464763DE710B70CE7
:10165000B542414174EDB3770D77405B2D4F1604D1
:1016600068CA610FD0731A7DC96860D5B50EA681AE
:10167000D5175E746F32A913D7207339C57DF43D39
:1016800023B5319126D93D3761776E5D2F12614DBB
:10169000DA746F273B2E714891862F31222CA97D59
:1016A0005186532FE12925DD0B1F070A52311F6A8E
:1016B00043F781FD45210A49578774603D36F7900D
:1016C000B7CB4BFB052D7F638E070AA4E26FC29E4A
:1016D000E76BE58800B8595AE7F6746FE3AF0A0084
:1016E000B00055B5BD82E785ABBF5318FA1193C85A
:1016F000B18686068272CB839DE76F6EE34DC2A3EF
:10170000034EE84F544F2EC17F535749544348036B
:10171000E8F32EB501E80020202EBB1417B315EA1C
:1017200000206E13967A6B083001AB33862C9D2D0A
:101730003170A7EB48D8A9E7C0417201C999639DF0
:101740002488E31B65F981D456770F9B893F2807CE
:1017500035972D186132C1B830BA5FAE200938FA1A
:10176000DBC135E34F6ECFB113E3F65231B13C6FBD
:101770007245463F9BFE73651B718FEA2E000EE794
:10178000AE6CA6A66565A0E627730A1F185470F113
:101790001880E8A5A425E4746F210A05F752CBFF51
:1017A0008D20A201630A2E89152765D056AA90AA1A
:1017B000124838A957064FAD433EBD16213B644F32
:1017C00025F577850B80CE763BE51A9ECE0A65100F
:1017D000A1960E7780F60637C22BB7065F025CC073
:1017E00020646F3C1649BA6384B0F0355721E2ABF0
:1017F0001A773992700FDABAC6414E54C3E3DDC28C
:10180000952B0FA808B15644676882409CD789552C
:10181000323D11D3F141630E6FC15F8C8A8D186820
:101820002B6B00A2F7D343865CAF2011FB2242430F
:101830000673C235B0E159B521677643A5101B6721
:10184000604FBA560ACCFFA760047D0D6564945BB7
:1018500061B60674C6626FDC776C771F4E6F20B07E
:10186000767D7D2C207545FDAB7468014AC359B067
:10187000E74437832E5232C3D82BCCE6BD24FD5922
:10188000536176813509386C340942F23D989335BD
:1018900097FC607465712B63C3F7029D5644D32394
:1018A000C0DAB3E72F42A0A33D19781F49C1178BB7
:1018B00081815809588F812C20807407BFC032590C
:1018C00081CBFF230E065103C0C20386192B001CD7
:1018D0000B7B0A00F75BA3220A60DD632C05783BD3
:1018E0003F06210660756E8E2F2CD85F007E453D29
:1018F000CA57603E4D032C60C36F2300912F052310
:101900000D434CFFE453554D204DF049534D4118C4
:101910005441405B8CAABDC0EBCB1BE0AF5679862F
:10192000BA1110CC6D470AD2A791636C2F7673075A
:10193000ED073B41508FA1BFF96E0B12CB31C79819
:101940003726325C0A1225BC2D1CC92CD66CF897A0
:101950004D2BD66112212DC05DCBA06C3DE24B6FAB
:10196000EB626775825E7D026565E22BFDF748617B
:1019700073112B773F35BDD568D89BC0C9BB02908A
:1019800060471537DB03008A00134068366E5E60DF
:1019900093CE7F44454C45544544DA290017C15243
:1019A000E353742BF6197EA5619A7642A2ABB182FD
:1019B000704244A80C5505B4D0730D97180F371119
:1019C000B04A2B46A17369060F111E7BD05B8D9820
:1019D00097162F0C27255A315F96BF25B61F5F102B
:1019E00091200878E5787023D9F8F274792C630B8C
:1019F000191071B047C07209DD31642E00BA274357
:101A000050F03B00062BD313592123975069E191E5
:101A10008C4A8D12038F2158C7E515706FA11A8764
:101A2000D097771C53613B30ABC003C9E53C7B5278
:101A3000CDA2ED0F26C7041018B0970039178421E6
:101A40004F0BB923F11354230748011D2E75A844E9
:101A50000090F56A156C10E0972042D3114B0E6F81
:101A60006EB0A3CBB07485A62A064FA02F1D120B13
:101A7000F1543DCDAF34468135483D776C0FF8C108
:101A800073748F2A84CD63278168193FC2F8675524
:101A90007045586550C043E1096B7AB40A012B2E9A
:101AA00057B4218702B26061D82F16E53487A74D5D
:101AB00045463330162287523D1E25730440D78297
:101AC00076B46327211694723A19AD163F417037E8
:101AD0003E4442472095F484C05C3E202C201EF1F9
:101AE0000337A84C7E1C3078B0206FD95F6035DAA0
:101AF000973553672C5830B7298127A5457897002B
:101B0000D9819F6D78496E7639AD120EB2C6727268
:101B1000C4DF5A83881758B90580576B5047C4D41F
:101B2000616C655B204E4ED211E67B6F64653AD7DF
:101B300008CAE2E32A2E613C393C69C76750183C69
:101B4000E7674F2C1F0525AC78AB83D22E20ED25FF
:101B5000136B4FDE6E444598F7547A7F91D9CACB08
:101B6000597C154BC78013774D66FA2D210A1CAF9F
:101B70000C69069A555D89981642CEC36573AF0607
:101B80002466B450E36361736E69D00C9B3D3144AD
:101B90006929C00E90D88C1F4B5F1B591D2FD15740
:101BA0002E3C89009C7FB0BF344D15A36F57535115
:101BB0004F2004D6E7172B4A8ECFF473796E632338
:101BC0006681E1FAB6BB2745C9D05CEE0216F97C06
:101BD000E8756CC902FF0E49D86A3A202B67EC56AB
:101BE0004F4C1F1A51AC3D040BFD02836F1B124B6F
:101BF00008F7B497ABFF2E4749544855F1422E4998
:101C00004FA8055647F74333A4A08397259F8F2CF1
:101C1000000ACD315090663EE52AB670025FD35B74
:101C2000C0DF78EB4C4687B4A3B7653F840153C748
:101C300000850008E7DA1327556E58ECC77F364455
:101C40001BFF202122232425FF262228292A2B2C92
:101C50002DFF2E2F3A3B3C3D3E3FFF405B5C5D5EDF
:101C60005F607BE07C7D7E07C6FF8149816881944F
:101C70008190FF8193819581668169FF816A819658
:101C8000817B8143FF817C8144815E8146FB81476A
:101C9000817181007F7281488197816DFF818F8181
:101CA0006E814F8151FF8165816F81628170E0811A
:101CB00050816DF021A506E10C020858C103FFB068
:101CC000C7CE3D95B4EEFF8490FFFF7BE2C698B58A
:101CD0000001445E0C1C02A78700386B2BD8050559
:101CE0005D2E05D11F7B00052F05B5011E0500D512
:101CF000FFDA052F3B05591B07FB0505058B048201
:101D00000F2E05C0FF0705DB0005ED6E2F051A5FDE
:101D100016FF25855FAAFFF2050000B44B6CD15871
:101D2000631F60FF963F1805684F436F148AFFA337
:101D30008A05CD0304FF05E3050580AD96FB2B0C5A
:101D4000EF380505EA3FC5FF50C105CF04A28BA4BB
:101D500034FF4C0511C1F405050544FF1BFF017A52
:101D6000000068FF85A0011805EA2FEC051F1C057F
:101D700071F13B0505315B1F02D55F820100C3AFE6
:101D80005861B1601F600581231CED02C54FB48FFF
:101D90002281A18A055B0915AF340556CD88A30DB4
:101DA000349FB1FD6CFF00E805008A5FE905A3C11F
:101DB000C70005F142C063C5055F40C505D515B52F
:101DC0006F608EBB05888F2E0528EF1051CFD8008D
:101DD00015B444352082FFC5B9460A0B980568CF73
:101DE000364F0314FF4638E13440112C11A2AF8D59
:101DF000A37FE105050580AF6205A8EF6A00888F23
:101E00000575115208AFB61F21620F34542FEC0034
:101E100005075AA0AF367FB140BF2C0F06C59FE320
:101E20000500A91F62FF3B05074BAF1305ED050534
:101E300000DF16C1FF720044A6352F050554D96C8A
:101E4000FF480CBF0AE8CF43BF580C6F58140F1B54
:101E5000FF4305E105050082FF600580FF8605421E
:101E60000D88FF473F048AFF886C050756C38F051E
:101E7000A2056FA5148F68A0DF51FF15D105AF43F0
:101E8000050CBF12135F116AAAFF8C503F02075F57
:101E9000030519805DC4AA7BD89FAC0ACF2DAA5F29
:101EA0005A6FB611096AAF9B00FF54E80005A10FF5
:101EB00009829D58FF8474FF5BFF51F100050550B6
:101EC000918CC00F608AFFEA00A92F8600FF2B8546
:101ED00005D76F0562B5C3E110B5FF4E00052AFFB7
:101EE000AC6E1D3C0505506F02013D52377B058AE3
:101EF0000F242ACF21C00005E09FC2229FC50F46B4
:101F000027C748946D4E0505A12B001485D0FF17F7
:101F10000515BF1E050015FF1558E35FAE057F09C7
:101F20000A8AFF87050509ABFFF000050000AAFF3C
:101F30008AC3FF418545FF53000DCF4855FF440A32
:101F4000A8C12B5982ED42E2FF0B60FF2C2AFF2231
:101F500016FFA1C20505A2FF8963010A821FE105E0
:101F600054FF15821F85A9FF0A88FF2D6AB1210A37
:101F70008AFF252AD1A896FF026F0401620F9601FD
:101F800028BD0403CECD09BB0200E7F701010B5EBB
:101F900006010801A8DEF7FBFD0409770105B0FE84
:101FA0003C09043547861F20306DF90304A2FF5910
:101FB0000E3071EC0404FF5461F6F901FF82B0C5E4
:101FC000FFB4FF508EFF8601F101C4FF8AFF22B4E7
:101FD000D1DFDE07019AFF08C11D46F30614CF03C7
:101FE00047FF4E5500DC84E91292FF999A51788F91
:101FF00080A945FEA802ED443A60AFC05FB84F210A
:10200000F7A22D069C32403A776F800000F640BD63
:102010001C80471A4449EEBEC010F606100FDD07BB
:10202000082057016D9721D8D7365F64BED7AE6CB4
:10203000069E707C7B4226FD77884422BBDC0047ED
:1020400080BD5E6C9E254D1FC12C5067B00146E6D9
:102050006FA701C95CA553011459403FFE9C3F8006
:1020600041FF3150402E8B6BA017FF41B5D00BA51F
:102070006AE804D111759C76FAAAFEE25137D6DAE5
:1020800072A0FF802827AF802A8C6FFF2019AF4DE8
:10209000F0072597FF08078E2C48031DF5FF7E01EA
:1020A00072A61500B2A485FB8B164480FF3F9CAB43
:1020B00020104D9120FF0BAEBFD805D62F2CFF026C
:1020C000E9AF6E010582376CC48EE4109F1C2110AD
:1020D0001F1EA8BF693CF3B98B665DE5CFA99AA521
:1020E0002224C5C000FFF2BA4E800A556880FF2D39
:1020F000FF8600053CE3C0FF01AEF2B80228EFC442
:10210000FE018AD1EC017A61808D8085A9FF93223E
:102110007F44403F832BE010F44751000B042FE233
:1021200005D5A35CF002EA73FC5B1EFED4C460BE5E
:102130003F881FE101ABCF180F92B5890F89BB53C0
:10214000444F22819F90444786C71C5F05B05FEFD4
:102150005CE8462D4A521FF916102919D0D29D5716
:1021600076942FE790D2B83BD4CFB1477D30261C70
:1021700028C0872CD73B7CE88F512C172C011140AD
:10218000212492492540FF0025C8E0032540000096
:1021900001000A24FF000E3C46001104000000006C
:1021A0000600401001000B240000899001008424E7
:1021B0000000A9A0F8FF00100100A5243D001104B3
:1021C00040580B003B0011042158620105004014E7
:1021D000FFFF6B253700110440580B00F7FF00107C
:1021E00021586201FFFF6B2505006015000000000B
:1021F00030001104255840010E00001025604000F9
:10220000FFFF6B2500008990005A0B000100842419
:102210002158690101006925020020150000000015
:102220000800200301002C3142580B0001006B25EF
:10223000255060011F001104000000000300801100
:10224000000000000F00001003004C240A0040149E
:102250000000000001008C251600110440600C00F5
:102260001400110421608201FBFF401000000000F7
:102270000400001005008C250E0011040000000071
:1022800005004C240105692D236089012368AB00FA
:102290000000A9910100AD250000A9A000000000E8
:1022A000FFFF8C25FAFF80150100A524BAFF00105E
:1022B0000000000024480E0104002015000000006A
:1022C000000089900100842425402E01C2110800DD
:1022D000404008000800E00301004230801F033C3A
:1022E000741060AC1C80043C783E84241B80053C48
:1022F000A5FF11040000A524A00008241B801F3C9A
:102300000000FF270800000144000924100000001D
:1023100000000000000001000000000000000000BC
:1023200000000200000000000000000000000300A8
:1023300000000000000000000000FF00000000009E
:1023400001B5486801318E46004770460938014999
:10235000884701BDE90E00100000000000000000E9
:10236000000000000000000000000000C8DD0020A8
:1023700051220010C51F0010CD2100103D1F00107C
:10238000000000000001000027E9002010000C0000
:10239000000000000000000000000000000000003D
:1023A00000000000FF00000000000000000000002E
:1023B000D3DEFFFFFE010000FF01000088DDFEFF0D
:0423C000793512ABAE
:040000051000014D99
:00000001FF
