:020000041000EA
:10000000002008205D0100101B0100101D010010E0
:100010001101001011010010110100101101001058
:100020001901001019010010190100101F01001022
:10003000110100101901001021010010230100100E
:100040001101001011010010110100101101001028
:100050001101001011010010110100101101001018
:100060001101001011010010110100101101001008
:1000700011010010110100101101001011010010F8
:1000800011010010110100101101001011010010E8
:1000900011010010110100101101001011010010D8
:1000A00011010010110100101101001011010010C8
:1000B00011010010110100101101001011010010B8
:1000C00011010010110100101101001011010010A8
:1000D0001101001011010010110100101101001098
:1000E0001101001011010010110100101101001088
:1000F0001101001011010010110100101101001078
:100100001101001011010010110100101101001067
:10011000EFF30580103800BE00BE00BE00BE00BE7A
:1001200000BE00BEF2EB8871E85200100C530010C4
:10013000A001001090A31AE7D3DEFFFF42012110B7
:10014000FF01000068330100793512AB4FF0000069
:100150001E49086006C881F3088810474FF05040D8
:10016000006810B14FF00000F2E70DA40ECC00299A
:1001700002D000F012F8F9E71549164A002000E015
:1001800001C19142FCD11449884714498847144958
:10019000884700BEFDE701C901C29A42FBD3704700
:1001A0000C53001010010020A4E20020A034011024
:1001B0000000082000000820A034011000100820D2
:1001C00000100820000000007047000008ED00E06B
:1001D000A4E20020F4EE0020611F0010790300105B
:1001E000591F0010F8B500BF064B0749C91A8910FE
:1001F00048BF0131491003D0044B0BB101481847E7
:10020000704700BFA4E20020A4E20020000000002C
:1002100008B5054B1BB105490548AFF30080BDE8A3
:100220000840FFF7E1BF00BF0000000078EE0020AB
:10023000004F001011F0010208B513D18B0700D454
:1002400008BD02210A2000F06DFA124B124A9B6A87
:1002500012689B1AB3F5FA7F4FF0010214D30F4BCB
:100260001A7008BD0B4A0C4BD2F828C0012100229D
:100270000A20C3F800C000F055FABDE8084001228A
:1002800002210A2000F04EBA0A20BDE808401146BB
:1002900000F048BA00000B4068EE0020EFEE0020AE
:1002A0002DE9F0410646174608204FF000434FF471
:1002B00080328846002406F12F4586B005F560059A
:1002C00005932D0D3B182A4902920635BA1C1B03D3
:1002D00043EAC213EDB243F0C043049129460393AD
:1002E00000F0E4F92946092000F0E0F90121082096
:1002F00000F090FA0121092000F08CFA039A0823FB
:1003000022F0F85242F010620392414622463046F3
:10031000009404F029FC059A164B134043F0A453B3
:1003200005932046294600F0C1F92046012100F03E
:10033000DBF920460121013400F0E4F9082CF0D16A
:10034000059B039A23F0604323F4F84343F00043F2
:1003500043F4A05342F0C04405933A464146304628
:1003600002AB039404F046FC06B0BDE8F08100BF88
:100370000000045000FC0FE02DE9F84F01F0F0FE02
:100380000A2000F057FA0A234FF0000242EC4430F2
:100390004449454804F064FB0021C2B24248FFF7DB
:1003A0007FFFDFF828A1414BDFF824B1404FA3EBDA
:1003B0000A09012004F042FB3E4B840103EA40336A
:1003C00004F1A04243F011030028C2F800A08046C7
:1003D000C2F804B0C2F80890D3605DDB0A254FF084
:1003E000010343EC44504FF0000646EC40502E4AC7
:1003F000FA20136843F00103136001F0D9F946ECC9
:1004000044504FF050456B685E0505D4012001F063
:10041000CFF96B685805F9D50122274D274B0A20E3
:10042000114600F0A3F92B782BB9012001F0C0F997
:100430002B78002BF9D04FF050467368590505D43E
:10044000012001F0B5F973685A05F9D51C4801F08F
:10045000CBFE01234FF0A042002103FA08F32970DC
:100460001444C2F86434E3685B01FCD4404604F0F1
:10047000DFFA4FF0004110200B4B1A6822F0010206
:100480001A60104AC7F8D010C7F8D01010601A6868
:1004900042F001021A608CE70B4801F0A5FE012032
:1004A000BDE8F88FA85000100000205000E20020A6
:1004B00000102050FFFF01FCEFEE0020350200107D
:1004C0001C4F001000202050004F0010E00D0020B5
:1004D000100020504FF050422DE9F84F6E4BD2F8EB
:1004E00000A053F82A70BAF1000F2BD0DFF8B481C6
:1004F00067B30026DFF8A4B1DFF8A491F3080C334A
:1005000058F8235034460836C5B105F00F012D09BF
:1005100089B15BF82A2004F00703E240E0089B0061
:10052000D20701FA03F300F18C0C03D4204649F8FA
:100530002C30B84715B10134B442E6D3202EDDD1BA
:10054000BDE8F88FDFF86081002FD2D1534DFC0851
:1005500004F10C0358F8233007F10800002B7CD07D
:1005600013F00F064FEA13120AD055F82A10F9407B
:10057000C90703D44A498C3441F82460002A6CD05E
:1005800012F00F024FEA13210DD055F82A407E1CBD
:10059000F440E40705D4F408414E12018C3446F8C7
:1005A0002420002959D011F00F014FEA133407D04D
:1005B00055F82A20BE1CF240D20758D5002C4CD04A
:1005C00014F00F044FEA134107D055F82A20FE1CFF
:1005D000F240D20752D500293FD011F00F014FEA67
:1005E000135207D02D4C54F82A603C1DE640F60704
:1005F0004BD592B312F00F024FEA13610DD0274C86
:1006000054F82A607C1DE640F60705D4244EE40821
:1006100012058C3446F82420F9B111F00F014FEA8D
:1006200013731FD01D4CBE1D54F82A20F240D20770
:1006300005D4F2081A4E09068C3246F82210073704
:100640005BB154F82A20FA40D10706D41449FF08B8
:100650001B0707F18C0241F8223020283FF470AFCD
:10066000074674E7002BF8D00C4C0737E9E7F2088F
:100670000B4E09028C3246F822109FE7F208084E12
:1006800024038C3246F82240A5E7054EE40809040D
:100690008C3446F82410ACE7F4E90020B8EE0020D2
:1006A0000080024090820240488202404FF4807CE9
:1006B0000C4B00B553F8202003EB8003C00082F000
:1006C000400200F1804003F5805E02F0C00200F5B8
:1006D000203003F54053CEF800204160C3F800C03D
:1006E00000BD00BF04800340054B53F8202003EBFE
:1006F0008003514001F0010103F5805319607047F8
:1007000004800340064B53F8202003EB800382EA69
:10071000011202F0300203F580531A60704700BFE7
:10072000048003404FF050431B6893B10C4B4FEAD9
:10073000D00C00F00700800081400A4803EB8C03D6
:100740000CF18C0C40F82C102AB103F50053196001
:100750007047054BEBE703F540531960704700BF46
:100760009082024000800240488202402DE9F04120
:100770004FF0504690461D463268214B0F4653F8C5
:100780002210044682B031B38DB3114643F8225093
:10079000C9B11C4BE10804F007041B48A40007FA88
:1007A00004F403EB81038C3140F82140B8F1000FD1
:1007B0000BD00121152003F500531C6002B0BDE8E9
:1007C000F04100F079B9114BE4E703F540531C60A8
:1007D00002B0BDE8F08145B143F8225015200A4629
:1007E0000B4900F0E3F93168D2E71146D0E7084938
:1007F0001520019200F0D4FA3168019A004BC5E748
:10080000F4E90020908202400080024048820240C9
:10081000D5040010064B402203EB800319B103F509
:1008200000531A60704703F540531A60704700BFC9
:10083000048003404FF0000300B543EC440043EC58
:1008400040004FF0050E4FF4807C0C4BC20053F873
:10085000201003EB800081F0400102F1804303F59A
:10086000203301F0C00200F5805100F540500A60CD
:10087000C3F804E0C0F800C000BD00BF048003401E
:100880000FB400B5084883B001F0AEFC049B3BB147
:1008900005A91846019101F045FB044801F0A4FCAC
:1008A000012001F057FB00BF2C4F00103C4F0010FF
:1008B000EFF3108072B6064BD3E8CF1F0122002958
:1008C000FAD1C3E8412F0029F6D1BFF35F8F7047FB
:1008D000DFE500200023034AC2E88F3F80F3108841
:1008E000704700BFDFE5002070B51646EFF31084B7
:1008F00072B6DFF848E0DEE8CF2F0123002AFAD1F4
:10090000CEE8423F002AF6D1BFF35F8F012301F00A
:10091000070CCA0803FA0CF310F802C01CEA03051E
:1009200008D14CEA030C00F802C0CEE88F5F84F3D4
:10093000108870BD3046FFF7A3FF00BFDFE5002041
:10094000F8B50F461946EFF3108672B61C4DD5E880
:10095000CF4F0123002CFAD1C5E8443F002CF6D13B
:10096000BFF35F8F8A421BD8012402E0013291421B
:1009700022D3D30810F803E002F0070C04FA0CFCB1
:100980001EEA0C0FF2D14EEA0C0E00F803E01046FE
:100990000023C5E88F3F86F31088984207DBF8BD37
:1009A0000023C5E88F3F86F310884FF0FF30002FFB
:1009B000F5D00698FFF764FF4FF0FF30E8E700BF7F
:1009C000DFE5002000B5EFF3108E72B6104BD3E8D0
:1009D000CFCF0122BCF1000FF9D1C3E84C2FBCF1FD
:1009E000000FF4D1BFF35F8F01224FEAD10C01F069
:1009F000070102FA01F110F80C2022EA010200F8C6
:100A00000C200022C3E88F2F8EF3108800BD00BF9A
:100A1000DFE50020044A1078431CDBB2182B28BF06
:100A200010231370704700BF00E2002000B5DFF80C
:100A30001CC083B001461F231822CDF800C0024815
:100A4000FFF77EFF03B000BD04EA0020404F001016
:100A50004FF0E022936843F000539360704700BF6B
:100A60000021044B03F12002C3E88F1F013393429E
:100A7000FAD17047D4E500204FF0E0234FF08032E8
:100A8000C3F80024C3F80424C3F80824C3F80C24D2
:100A9000C3F81024C3F81424C3F81824C3F81C2482
:100AA000C3F82024C3F82424C3F82824C3F82C2432
:100AB000C3F8302462B67047012300F01F02934050
:100AC000400941B1800000F1604000F56140C0F88C
:100AD000803103607047024A203042F8203070476E
:100AE00000E100E00123064A410952F8212000F00C
:100AF0001F008340134214BF01200020704700BF35
:100B000000E100E001224309034900F01F00824098
:100B1000403341F82320704700E100E0054A1030DF
:100B20009268054B52F82000C01A2F288CBF002075
:100B30000120704700ED00E004E2002010B582B013
:100B4000EFF3108472B6164BD3E8CFCF0122BCF17D
:100B5000000FF9D1C3E84C2FBCF1000FF4D1BFF363
:100B60005F8F104A10309268DFF83CC052F82020A6
:100B7000624508D0914206D0CDE9000101F0BCF8F1
:100B80000199074B0098074A926842F82010BFF37A
:100B90005F8F0022C3E88F2F84F3108802B010BD4E
:100BA000DDE5002000ED00E0110100102DE9F04F1F
:100BB00006468A46154683B0EFF3108872B6714F29
:100BC000D7E8CF2F0123002AFAD1C7E8423F002AF5
:100BD000F6D1BFF35F8F6C4991F90020002A7BDBCF
:100BE0006A4802EB420400EB840393F806C0103617
:100BF00081F800C06649A40089684FEA420B51F8A9
:100C000026E0AEEB00012F292ED962498E4540F037
:100C1000848043F0010E604B02340444043B1B1BF0
:100C2000C3F34A036FEAC3434FF421416FEAD3434E
:100C30005A4420F8221000EB820253804BF60153F5
:100C40009380FF23D571C2F808A09371504B9B6825
:100C500043F826E0BFF35F8F0023C7E88F3F88F398
:100C6000108803B0BDE8F08F2EF0010C9CF807103F
:100C7000A9425AD9B14601941E4603E0CB79AB4252
:100C800030D98C469CF9064004EB4401002C00EB63
:100C90008101F3DA00944BF6015433464E460CF1D1
:100CA0000409043BA3EB0903C3F34A036FEAC343FC
:100CB0006FEAD343ACF80430384B0BEB02018CF8ED
:100CC000062040F82130009B00EB81029480937154
:100CD000D571C2F808A0B9E701F00EF82A4991F9D8
:100CE00000207DE76FF007010094019C33460C1B48
:100CF0006146241A019431F8044F4E4644F30A0425
:100D0000023401EB4404894601990C44C4F34A04BB
:100D10006FEAC4446FEAD444C3E7CDE9002300F08E
:100D2000EBFFDDE90023194873E71B4AA11CDD71C5
:100D30000144043A251D521A0544ACF10401491B33
:100D4000C1F34A016FEAC141C2F34A026FEAC242EB
:100D50006FEAD1414FF4214E6FEAD24299800F4998
:100D600020F804E05A804AF6AA256246121A524137
:100D700055432D0DC3F808A09D7143F0010ECCF82A
:100D8000001063E7DDE50020EBEE002004E2002028
:100D900000ED00E01101001034E20020014880471E
:100DA0002DE9F04F034685B0EFF3108772B6764C0D
:100DB000D4E8CF0F01220028FAD1C4E8402F002840
:100DC000F6D1BFF35F8F714A03F110069268DFF826
:100DD000D48152F8260040454BD0884257D06C4D04
:100DE000A0EB050CBCF12F0F43D84FF0010E4FEADA
:100DF000531C4FEA8C0C0CF1604202F56142D2F8B0
:100E000000C003F01F030EFA03F300920193C2F82F
:100E1000803003EA0C09BFF35F8FEFF30583DBB289
:100E20009A46002B35D09E4205D0CDE9020100F054
:100E300063FFDDE9020120F0010EDEF808C0614524
:100E400005D18CE0D3F808C0614532D09E469EF9AA
:100E5000062002EB4203002A05EB8303F2DA614528
:100E600060D0DDE90032B9F1000F1FD0C3F8802156
:100E70001A60464B9B6843F82600BFF35F8F002340
:100E8000C4E88F3F87F3108805B0BDE8F08F404677
:100E9000EFE720F0010EDEF808C06145D7D19EF9DA
:100EA00006B09B45734609DA404646E0C3F8802009
:100EB000DFE793F906B0BBF1000F34DB0BEB4B0C13
:100EC00005EB8C0292F807E04FEA8C0102919168E1
:100ED00083F807E092F906C09960BCF1000F83F82F
:100EE00006C04FEA4B0E38DB6FF0070C9288029970
:100EF00042F30A0201EB420208322A44ACEB030C33
:100F00006244C2F34A026FEAC2426FEAD2429A8056
:100F1000204BDE441A7805EB8E0E83F800B08EF875
:100F200006209EE77346BAF1000F1ED1FF228EF80D
:100F300006204BF60152AEF80420DFF858C04AF6FE
:100F4000AA229CF800E01946491B49414A43120D68
:100F500083F806E08CF8002083E70F4AD7E79EF974
:100F600006B07346BBF1000FA8DA0C4A0C4DD21A3A
:100F7000083AC2F30A316FEA01516FEA115145EAAA
:100F80005202DA8099806CE7DDE5002000ED00E098
:100F900004E20020EBEE002001BDFFFF3EE2002056
:100FA00000F8FFFF110100102DE9F041EFF3058378
:100FB000DBB29E46EFF3108572B62949D1E8CF2FF8
:100FC0000123002AFAD1C1E8423F002AF6D1BFF33B
:100FD0005F8FDFF89C8040F00106D8F808704AF671
:100FE000AA2357F82E7004461E4AA41A644163438C
:100FF0001B0DB7425BB21ED092F906409C4220D036
:1010000092F912409C4227D092F91E409C4225D072
:1010100092F92A409C4208BF032413D0124A0024AC
:1010200092F800C0137080F806C0C1E88F4F85F3B6
:101030001088BDE8F081D8F808200C4C42F82E400A
:10104000ECE7002404EB440402EB8402FF249471D7
:101050004BF601549480E1E70124F3E70224F1E721
:10106000DDE5002004E20020EBEE0020110100107D
:1010700000ED00E000B5DFF824C083B00146052391
:101080000022CDF800C00448FFF75AFC0028A8BF92
:10109000C0F1330003B000BDF0EE00205C4F001043
:1010A000014B0B4403607047D4E5002070B5104C31
:1010B000104DAC420ED2FF26236863B1FFF7AAFCA5
:1010C00001462046FFF7ECFFA680BFF35F8F083490
:1010D000AC42F1D370BDFFF79DFC01462046FFF7FF
:1010E000DFFF2671BFF35F8F0834AC42E4D370BDDD
:1010F0009CE20020A4E2002010B50446FFF78AFC21
:1011000001462046FFF7CCFFFF232371BFF35F8F1B
:1011100010BD00BF10B504460120FFF787FC034B4C
:1011200003442360BFF35F8F10BD00BFD4E50020F0
:10113000024B0B440360BFF35F8F7047D4E5002080
:101140000D4B1A68EFF3108172B6D2E8CFCF0120B1
:10115000BCF1000FF9D1C2E84C0FBCF1000FF4D183
:10116000BFF35F8F00221B68C3E88F2F81F31088C5
:1011700040BF002000217047C8EE002000000000A2
:101180002DE9F04F2DED028B85B0EFF30583DBB237
:10119000103B9A0818BF01224FF0010103F0030B26
:1011A00018BFA94CA94B08BFA94C0BEB820253F8FE
:1011B000225001FA0BF204F541539FEDA18B0292EC
:1011C0005A602FE0AB88190440F19480AB79002B72
:1011D00040F0DE80B5F90860002EC0F21C816B691A
:1011E00006EB460603EBC603D3E90267B7F1FF3F00
:1011F00008BFB6F1FF3F0ED004EB8B01A36A0A696A
:10120000D21AF31A934205D30123226A03FA0BF38D
:10121000134200D10E61204600F0C6FBB042B94136
:10122000C0F2F980B5F90860029B002EE363C9DBC8
:10123000D5F8149006EB460A09EBCA07BB682046AE
:10124000D7F80C80019300F0AFFB019B984271EB43
:101250000801B7DBB8F1000FC0F2C080D7E9043154
:101260007C4A934200F0F8807A88B5F9080092B27F
:1012700042EA0040984702460B4652EA030100F05A
:10128000AD80002B80F2CD800199B1EB020E68EBAE
:10129000030839F93A30C7E902E8002B92DB6869A4
:1012A00003EB430200EBC202D2E90271BE4578EBC8
:1012B000010C4FEA430285DBAC462CF8083F06E000
:1012C00003EB430100EBC1015A00D1E90271BE45B5
:1012D00078EB01011A4405DB30F9323000EBC20C27
:1012E000002BEDDA29F83A30ACF80060AB8819042D
:1012F0003FF56CAF2B69EFF3108272B6D3E8CF0FD6
:1013000001210028FAD1C3E8401F0028F6D1BFF31D
:101310005F8F4FF6FF76A8880023296900B2AE8060
:10132000C1E88F3F82F310889842FFF64FAF07461F
:10133000A1466E6905F10808B5F9083007EB470EBC
:10134000002BC44606EBCE0215DBD2E90240AA46CA
:10135000019704E036F935309446002B09DB03EBA6
:10136000430506EBC502D2E90271BC4270EB0101F4
:10137000F0DA5546019FACF8007036F93E7026F859
:101380003E30002FD8DAAB794C46002B3FF422AF29
:101390000023AB71B5F90860721C33463BD0686915
:1013A00005F1080E03E08E465A1C3FF415AF03EB1F
:1013B000430200EBC2014F889C463F0430F93230B3
:1013C000F1D5664581ED028BEED0AEF8003029896B
:1013D000664620F83210A5F808C0E5E739F83A303B
:1013E0002B812B69EFF3108272B6D3E8CF0F012166
:1013F0000028FAD1C3E8401F0028F6D1BFF35F8F61
:101400006B88296929F83A3000236E80C1E88F3F44
:1014100082F31088D6E640BF05B0BDEC028BBDE874
:10142000F08F20460393019200F0BEFA019A039BCD
:1014300010EB020E43EB01082BE700BFAFF3008077
:10144000FFFFFFFFFFFFFFFF00800B4098EE002033
:1014500000000B408111001008460B69039198476A
:101460000028BBD00399D1E9002306E738B5384BF3
:101470001C692CB1BDE838400A213648FFF710BE80
:101480000321354800F07EFA334D314BDD60FFF724
:10149000C1FA324A4FF0504E024403202C4B4FF019
:1014A0000F0C18701A61DEF800204FF6FF715A70A9
:1014B0005A69A3F802C014834FF00204A2F848400E
:1014C0004FF00404A2F878404FF00504A2F89040D1
:1014D0004FF00604A2F8A8404FF00704A2F8C0405D
:1014E0004FF00904A2F8F0404FF00A04A2F80841B6
:1014F0004FF00B04A2F820414FF00C04A2F8384141
:101500004FF0010414864FF00804A2F8D840144CA0
:101510004FF00D0E4FF00E0C9C6008249980A2F83D
:1015200050E1A2F868C1A2F8600011800D4A2C6257
:101530000D49D360FFF702FB01210320FFF7BCFA3E
:101540000A4B0A211C640348BDE83840FFF7A8BDD8
:101550004CE20020C8EE002000000B40D4E5002043
:10156000FFFF100098EE00208111001000200B40BA
:10157000004870474CE20020F0B583B09DF8284049
:101580001D46034654B9CDE9000200F015FA019A50
:10159000009B824265EB0101A1425BDB1969EFF31D
:1015A000108072B6D1E8CF6F0124002EFAD1C1E8C5
:1015B000464F002EF6D1BFF35F8FB3F902401F698B
:1015C000002C3EDBD3F814C004EB440E3CF83E1074
:1015D000002659800CEBCE01C7E88F6F80F310888E
:1015E0004888C1E902250130C0F30E00012838BF48
:1015F0000120089A48800A61099A40EA04404A6139
:101600001A69EFF3108172B6D2E8CF7F0125002F5F
:10161000FAD1C2E8475F002FF6D1BFF35F8F9A88F7
:101620002CF83E201A699C80C2E88F6F81F31088E5
:1016300001211C78DA68A14002F50153596003B01A
:10164000F0BD0023C7E88F3F80F310884FF0FF30D4
:1016500003B0F0BD204603B0F0BD00BFF0B51646A4
:101660001F4602690346EFF3108072B6D2E8CF4FEF
:101670000121002CFAD1C2E8441F002CF6D1BFF39F
:101680005F8FB3F902101D69002945DBD3F814E020
:1016900001EB41023EF832400EEBC20C5C800024AC
:1016A000C5E88F4F80F3108805983546CCF81000B8
:1016B00006983E46CCF81400BCF80200CCE902566D
:1016C0000130C0F30E00012838BF0120ACF8020041
:1016D00040EA0140D3F810C0EFF3108572B6DCE8A1
:1016E000CF7F0126002FFAD1CCE8476F002FF6D12B
:1016F000BFF35F8FB3F804C02EF832C099801A6927
:10170000C2E88F4F85F3108801211C78DA68A14068
:1017100002F501535960F0BD0023C5E88F3F80F307
:1017200010884FF0FF30F0BD03464089B0EB214FE9
:101730003ADD58690A1402EB420210B5D3F810C022
:1017400000EBC200EFF3108E72B6DCE8CF4F01223F
:10175000002CFAD1CCE8442F002CF6D1BFF35F8FD8
:10176000428889B292B28A4207D000221B69C3E83C
:101770008F2F8EF31088002010BD6FEA42426FEA6F
:10178000524242800121002218699971C0E88F2FCE
:101790008EF3108893F800C0DA68084602F501530A
:1017A00001FA0CF1596010BD002070474078704775
:1017B0002DE9F04182B0064600F0FEF84FF47A734E
:1017C00004464FF0FF306FF00042E6FB0341A042B9
:1017D00072EB01033ABF044615460D46A61F45F1BC
:1017E000FF37B44275EB07033CBF0026374600F0D5
:1017F000E3F8301A67EB0101012871F1000106DA04
:101800002046294602B0BDE8F04100F0DFB800F004
:10181000D3F8864267EB010100290ADB0021174B50
:101820003246009316483B460191FFF717FF0130FF
:10183000E6D04FF0000C134A1349536A9F4204D874
:10184000906AB042DCD29F42DAD10B68EFF310808D
:1018500072B6D3E8CF8F5FF0010EB8F1000FF8D168
:10186000C3E848EFB8F1000FF3D1BFF35F8F0B6807
:10187000C3E88FCF80F3108820BFDEE7411100104E
:101880004CE2002000000B40C8EE0020EFF3058280
:10189000D2B282B1384B5A6A8A4202D20022104632
:1018A000704714BF012200229B6A834228BF42F086
:1018B00001021046704770B584B003922F4A064665
:1018C000D368157818460C46029300F06DF8029B19
:1018D00005F1040C53F82CC0039AACEB000C301A41
:1018E00064EB0101604571F100010FDB20BF224B69
:1018F000596AA14207D314BF012200229B6AB34256
:1019000028BF42F00102104604B070BD029200F000
:1019100053F8864264EB01010029029A1BDB184947
:101920002346CDE9001215483246FFF797FE011E07
:1019300011DD114B5A6AA2421CD39B6AB34217D3E2
:101940000E48FFF7F1FE0C4B5A6AA242D3D2002296
:10195000104604B070BD084B5A6AA242F7D3121B5E
:1019600018BF01229B6AB34228BF42F00102CAE7B6
:10197000A242E5D120BFE3E700000B404CE200208B
:101980004111001010B4054B054C064AA04214BF8B
:101990001846581C10BCFEF7A7BF00BF08EA00207D
:1019A00000800B40784F00100346416A0A46986A4F
:1019B000596A8A42FAD17047034B596A0A46986AB3
:1019C000596A9142FAD1704700000B40074A536AA6
:1019D0009942FCD8994207D1044B02E05A6A9142DD
:1019E00002D19A6A9042F9D8704700BF00000B40BC
:1019F00000EB400C4FEA8C0C0CF1804C0CF5803C59
:101A000070B51E46DCF80430041FB3F5803F38BFC4
:101A10004FF48033E4B238BFCCF80430012C2ED917
:101A20004FF40065284B0CF5405ECEF8005053F89B
:101A300020E0BEF1000F17D1DCF800E0012C8EEAA7
:101A4000421202F0E0020CF5805ECEF800202BD9A5
:101A50004FF4006143F820604FF480330CF50052DE
:101A60001160CCF8043070BD5D69B5FBFEFE0EF16F
:101A7000010E0EEB4E0EBEF1030EFCD2DCE7012987
:101A8000CED103240CF540531C60DCF80830DB0792
:101A9000FBD5DCF800300CF5805E83EA421303F0DE
:101AA000E003CEF80030084B0122DCF800404C4047
:101AB00004F00304CEF8004002FA01F1DCF808203B
:101AC0000A42FBD0C4E700BF0CEA0020014B53F8E8
:101AD000200070470CEA002010B5029C8E464FEAA9
:101AE000043C4CEA034C1C4BB3FBF1F30168B2FB22
:101AF000F3F4002920DB194A194B904214BF4FF42C
:101B000080424FF4004217491A6003F580531A606F
:101B10008B6832EA0303FBD1212200F540530433E2
:101B2000C0F800E084601A600268002AFCDA08222B
:101B3000C0F80CC01A6010BD036803F03F03734582
:101B4000D9D18368C3F30B03A342D4D1C36803F490
:101B5000EE236345CFD110BD001BB70000800540C8
:101B600000200240000002404FF0804C214B00B5A5
:101B7000C3F800C0002839D0DFF888C0A3F540536F
:101B8000C3F81CC0DFF880C040F0010080EA0C0CF4
:101B9000C3F820C0596298624FF0804E4FF0E06168
:101BA000144B1548DFF864C0C3F800E0C0F808C063
:101BB00019602AB94FF00042A3F580531A6000BDA6
:101BC0004FF47A7303FB02F2B2F1807F2ABF6FF009
:101BD0007F4313461A464FF08041DFF834C0074870
:101BE000CCF80030064B4260196000BD034BD86151
:101BF000D2E700BF00B00D4000A0014000800D40C2
:101C000000A00D40D3C007B02D3FF84FF3FFFF01F8
:101C100070EE0020012300EB4000800000F18040C6
:101C200000F5841041600360704700BF10B50024C8
:101C300082B00B46E48A002141E800F1CDE90003BF
:101C40004B0254BF1021042144F25220A047DDE989
:101C5000002386460A214FF48170F44602B0BDE8A5
:101C6000104060470023DB8A002242E800F2520263
:101C700001D4102118470421184700BF08B50346B6
:101C80000846191E02DB1AB140F03000FFF7CEFF04
:101C900040F02000FAE700BF034AD2F82838002BB2
:101CA000FBD0BFF35F8F704700000E400021044B54
:101CB000044ABFF35F8F43F8041B9342F9D1704786
:101CC0000C080E402C080E404FF42A6C4FF48D7017
:101CD000054A064B0649C2F800C0D0601960536837
:101CE000002BFCDA704700BF0080044000A00440D5
:101CF00000B0FA00704700BF08B50148FEF7C0FD0C
:101D00009C4F001038B5054C054DAC4204D254F838
:101D1000043B9847AC42FAD338BD00BFB84E001020
:101D2000F84E00100648DFF828C0064B064A07495F
:101D3000C0F800C01A608B6832EA0303FBD1704719
:101D40000020024000300240F6FFF3030000024092
:101D50007F3BEFEF044BDB6CB3F5004F03D14FF447
:101D60008022024BDA6470470000115000201150AD
:101D70004FF0E022044BD2F8881D0B43C2F8883D97
:101D800010EE3004704700BF030330006FF0604175
:101D9000044B054A19609368DB4333F06043FAD182
:101DA000704700BF003002400000024010B545F20D
:101DB0005320FFF757FFBDE81040034604201847A3
:101DC00010B545F25320FFF74DFFBDE81040034624
:101DD00001201847FEF744BE1449154B70B55C1A34
:101DE000A610442E324628BF4422124D92002846A7
:101DF00002F098FFB4F5867F13D80F4A14D0C6F1CD
:101E000044002B19410803EBC101C3E90022083348
:101E10009942FAD1C30704D520F00100304445F8B7
:101E20002020064B9D6070BD4320F8E700000010A5
:101E300010010010000000201101001000ED00E072
:101E4000002370B52B4C82B0C4F88430FFF73CFF00
:101E50000122294BDA63636C012BFCD10321264A52
:101E6000244B11639C6B012CFCD1022605252146D5
:101E70000523224A22480096FFF72EFE21462B46D4
:101E8000204A21480095FFF727FE00220420314612
:101E90001E4BFFF7ADFD2146284600221C4BFFF7E5
:101EA000A7FD0022082011461A4BFFF7A1FD0022D2
:101EB00009201146174BFFF79BFD00220620114613
:101EC000134BFFF795FD0022114B07201146FFF73A
:101ED0008FFD0420FFF7FAFD00240F4BA3FB003514
:101EE000AD0CE0B229460134FFF794FE062CF8D180
:101EF00002B070BD0000014000300140002F685961
:101F000000000540008C864700800540001BB7009C
:101F100080D1F008006CDC0283DE1B4300B97047FF
:101F200000F020B910B5094A84B014684CB10346DA
:101F300000914FF0FF3203A90548A047012004B0EB
:101F400010BD00F051F9204604B010BD6CEE002029
:101F50001D1F001000BEFDE708B5FFF7FBFF00BF27
:101F600038B5064C064DFFF7CDFEAC4204D254F80E
:101F7000043B9847AC42FAD338BD00BFF84E00107E
:101F8000004F0010036808461146184770B5054613
:101F90000846697D82B000294FD0002A25DD0378EC
:101FA00014460A2B064622D0012C4FF0000E0DD00D
:101FB0003246012312F801CF1946BCF10A0F03F192
:101FC000010320D09C42F5D1744505DD2B68A4EBBC
:101FD0000E0106EB0E009847311911F8013CA3F1F0
:101FE0000D03B3FA83F35B092B7502B070BD2B7D33
:101FF000002BD9D102212B6813489847012CEBD034
:102000004FF0010ED4E712F8010C0D28DAD08E45FE
:1020100006EB0E00A1EB0E0105DACDE900322B68CC
:102020009847DDE90032CDE9003202212B680648ED
:102030009847009B019A9E46C4E711462B6802B060
:10204000BDE87040184700BF245100102DE9F0474B
:1020500082B090461C460D460746FFF7ADFC4FF098
:10206000FF3C6FF000462E4A821841F10003944570
:1020700076EB03013CBF624633462A4802F014FF68
:102080006B1C824640D00CB3274E284B1C68B4B161
:10209000B8F1000F1CD1DFF89C8001E0246974B115
:1020A0002368002BFAD0D8F800300BB19C42F5D150
:1020B00020462A463946B0472469002CF0D1BAF1AF
:1020C000000F26D1284602B0BDE8F087184EDCE7A5
:1020D0004FF00A09DFF85C8002E02469002CEED0A2
:1020E0002368002BF9D0D8F800300BB1A342F4D10B
:1020F0002A4639462046B047012220460DF1070105
:102100008DF80790B047E8E7384602F081FE0546B3
:10211000B9E7044802F0BCFE284602B0BDE8F087EB
:1021200040420F009CE200208D1F00105CEA00205E
:10213000851F001064EA0020084A136823B90AE0EA
:1021400003F110021B6933B18342F9D129B918692F
:1021500010601961704701B1106070475CEA00209F
:1021600000F074BAF0B583B006468DF80700FFF7AB
:1021700023FC4FF0FF356FF00044174A821841F1FD
:102180000003954274EB03013CBF23462A461348E3
:1021900002F08AFE124B07461C689CB1114D01E00B
:1021A00024697CB12368002BFAD02B680BB19C42C8
:1021B000F6D1204601220DF10701FFF7E7FE246961
:1021C000002CEFD117B9304603B0F0BD034802F040
:1021D0005FFE304603B0F0BD40420F009CE200209D
:1021E0005CEA002064EA002038B5044602F010FEE4
:1021F000012305461A4620462946FFF727FF084BCC
:102200001C682CB163682BB198472469002CF9D164
:10221000284638BD2469002CF4D1284638BD00BFBB
:102220005CEA0020704700BF0022014B1A70704723
:10223000ECEE00204B79FF2B0BD1887948B9CB7994
:10224000012B07D1082A05D9034B8A7809201A7077
:1022500070470020704700BFECEE0020012070475F
:10226000012901D00120704708B5104B91881B78D7
:10227000994201D0002008BD5378012B08D0022BD1
:10228000F8D1002164220846FFF76EFC012008BD4A
:102290005188CB0548BF480AC1F3402258BF4FF0D0
:1022A000FF3001F07F01FFF7E9FC00BFECEE0020FA
:1022B00000487047F0510010012907D15378012BD5
:1022C00002D19388072B03D000207047012070476C
:1022D0001146A623014A01F08DBA00BF48510010F3
:1022E0000346012201481A70704700BF28510010B0
:1022F00008B50B68B3F5966F00D008BD00224FF00B
:10230000FF301146FFF7BAFC024A034B1060196018
:10231000704700BFFCE9002000EA0020184B70B5B0
:102320001A68002A28D0EFF3108172B6D2E8CF4F96
:102330000120002CFAD1C2E8440F002CF6D1BFF3E3
:102340005F8F00220F4C186859602270C0E88F2FF1
:1023500081F31088002400250B4E3078FEF7C2FB75
:1023600020B9002400252046294670BD3078FEF7AC
:10237000C9FB2046294670BD4FF47A740025EBE76F
:1023800090EE0020EEEE0020EDEE0020014B1878DC
:10239000FEF7B8BBEDEE002038B5044600200D4630
:1023A00001F062FBA8B3002001F074FB88B3FFF7D3
:1023B00003FB4FF0FF3E6FF0004C174A821841F1CB
:1023C000000396457CEB03013CBF7246634613480D
:1023D00002F06AFDE8B1002001F046FB58B9014661
:1023E0004FF0FF3000F02AFD6FF002040B4802F0BE
:1023F0004FFD204638BD002001F04CFB0028EED0F8
:1024000021462A46002001F04FFB04460028EDD16A
:10241000EAE76FF00204ECE740420F00CCEE002048
:1024200008B5FFF7C9FA4FF0FF3E6FF0004C0F4AB6
:10243000821841F1000396457CEB03013CBF7246D4
:1024400063460B4802F030FD70B14FF0FF300021C1
:1024500000F0F4FC002001F06DFB0028F5D1BDE890
:102460000840034802F014BD08BD00BF40420F0001
:10247000CCEE00202DE9F04107460E46FFF79CFA0E
:102480004FF0FF356FF00044324A821841F10003EB
:10249000954274EB03013CBF2A4623462E4802F0C6
:1024A00003FD08B9BDE8F081002001F0DDFA002845
:1024B00045D0002E3EDD0025DFF8A48012E0224644
:1024C000002001F081FB002105444FF0FF3000F0B7
:1024D000B5FC002001F02EFBFFF76EFAC8E9000101
:1024E000AE4227DD002001F08DFB741B8442A8BFA3
:1024F00004467919002CE2D121464FF0FF3000F05C
:102500009DFC204601F016FB204601F0ADFA88B193
:10251000204601F077FB0028E2D1FFF74DFA0F4A81
:10252000D8F800309B18D8F8042042F1000283420A
:102530008A41D5D20848BDE8F04102F0A9BC00208C
:10254000BDE8F0410021064BC3E90001024802F05A
:102550009FBC00BF40420F00CCEE002020A107002E
:10256000F0E4002010B5002184B0324802F0A0FC55
:1025700028BB314B1A6802B3EFF3108172B6D2E870
:10258000CFEF5FF0010CBEF1000FF8D1C2E84ECFE3
:10259000BEF1000FF3D1BFF35F8FDFF8A8C0D3F80F
:1025A00000E09CF800205960D3B201228CF8002092
:1025B000CEE88F0F81F31088CBB104B010BD00219D
:1025C0004FF0FF3000F03AFC002001F063FA0446BF
:1025D000184802F05DFC002CEFD0184B1B68002B54
:1025E000EBD0174A106804B0BDE810401847FEF75A
:1025F000BFFF0446FFF7E0F94FF0FF3E6FF0004CDD
:1026000010F57A7241F1000396457CEB030138BF67
:1026100063464FF000014FF0010C38BF7246DFF8FF
:1026200028E02046CDE9011CCDF800E0FEF7A4FF2C
:1026300004B010BDCCEE002090EE0020FCE900209C
:1026400000EA0020EEEE00201D2300104FF0504362
:1026500030B585B01C68FEF78BFFFFF7A7F8A042E6
:1026600002D0002005B030BD00212C4B08461B785D
:1026700001F0ACFD2A480368002B4BD00120FEF787
:10268000F9FC0346274C2849C0B22370FEF756FADE
:1026900020780121FEF710FA0E20FEF73FFA60BB0A
:1026A000224B6FF00044C3E90000FEF761FF0546CE
:1026B000FFF782F94FF0FF3C10F57A7241F1000309
:1026C000944574EB030138BF23464FF000014FF0EF
:1026D000010438BF6246DFF860C02846CDE9011426
:1026E000CDF800C0FEF748FF0028BADB01211048F2
:1026F000FFF722FD012005B030BD0120FEF796F95D
:1027000001460A48FEF714FD00220E200949FEF793
:102710004DFAEBE7FEF7F0FCB0E700BF08530010FE
:10272000CCEE0020EDEE00206525001090EE00209C
:1027300064E200208D2300101D2300100048704724
:102740008C520010004870473852001000B51C4AE7
:102750000346117883B031B363B940F209424FF4B4
:102760004173DFF860C0ACF802201648ACF80030C6
:1027700003B000BD052B20D8134ADFF848C052F83B
:10278000231060460023013903E0132B20F8022FA9
:1027900010D011F8012F0133DBB2002AF5D15B0014
:1027A00043F44073E1E701901121104600F024F852
:1027B000019BD1E74FF44A73D7E70020D8E700BF69
:1027C000D4EE002034EA00202052001000B545F27B
:1027D00047308BB0FFF746FA01220346092101A8D2
:1027E0009847DDE90332034912BA1BBAC1E9002355
:1027F0000BB000BDC0EE0020012900F0BB80614A93
:10280000013913784FEA231CBCF1090FCCBF0CF13E
:10281000370C0CF1300C012980F800C000F0AD80BD
:1028200003F00F03092B8CBF373330330229437079
:1028300000F0A38053784FEA231CBCF1090FCCBFF2
:102840000CF1370C0CF1300C032980F802C000F0B9
:10285000948003F00F03092B8CBF373330330429E6
:10286000C37000F08A8093784FEA231CBCF1090FF3
:10287000CCBF0CF1370C0CF1300C052980F804C0EA
:102880007BD003F00F03092B8CBF3733303306297D
:10289000437172D0D3784FEA231CBCF1090FCCBF2F
:1028A0000CF1370C0CF1300C072980F806C064D00D
:1028B00003F00F03092B8CBF373330330829C37162
:1028C0005BD013794FEA231CBCF1090FCCBF0CF18C
:1028D000370C0CF1300C092980F808C04DD003F0FA
:1028E0000F03092B8CBF373330330A29437244D08E
:1028F00053794FEA231CBCF1090FCCBF0CF1370C04
:102900000CF1300C0B2980F80AC036D003F00F030D
:10291000092B8CBF373330330C29C3722DD09379F8
:102920004FEA231CBCF1090FCCBF0CF1370C0CF1A2
:10293000300C0D2980F80CC01FD003F00F03092BB9
:102940008CBF373330330E29437316D0D3791A1125
:10295000092ACCBF373230320F2982730DD003F0F1
:102960000F03092B94BF303337331029C37318BFBB
:10297000103002D000230370704700230844037016
:10298000704700BFC0EE002010B500F039F90C23ED
:102990001C4CFF22A3670E201B49FEF707F94022BB
:1029A00000211A4802F07AF94FF0800C0120174AF2
:1029B0000023A2F822C0507010464022144902831E
:1029C0000287144A81604360C2F88430C2F88030C4
:1029D00080F8213080F83B3043620F4BC360C36204
:1029E000803B836202F058FA4FF0005C4FF4803273
:1029F00001200A490A4B2064C4F84CC0C4F8901066
:102A0000DA6410BD000011509903002068EA00202C
:102A100084001050000010500001105010D0010030
:102A20000020115001210E20FEF746B80022024876
:102A3000114600F005B900BF88EA0020044B197068
:102A400021B14FF40032034BC3F89020704700BF10
:102A5000E9EE0020002011500B785B0600D0704793
:102A60004B78052BFBD14B88014ADBB21360F6E7AC
:102A700000001150CB7803F0030CBCF1010FC3F33D
:102A8000010062D02DE9F041002691F802E0364CB9
:102A90000EF07F0253008988984603EBDE1304EBA7
:102AA00043134FEADE15D876C1F30A0185F0010021
:102AB00083F802E019835870DE70D300002D32D104
:102AC0002A48043304EB821E1F18CEF808701E50EB
:102AD00092B3274B03EBC203CEF804303F31890990
:102AE000BCF1020F14BF8B01CB01224908EB050694
:102AF0000A6804EB461613440B601F49F2608B42D0
:102B00002DD808EB050304EB4314E17E82F0A042CC
:102B100082F48012636842EA816242F0004201203E
:102B20001A60BDE8F081114804EB821E0344CEF820
:102B3000283040F8326052B91346104A04EB45146D
:102B40000120E2606360BDE8F08100207047D200A0
:102B500002F1A04202F58012CEF82420BEE7FFF772
:102B6000CBF8F268CDE700BF68EA00208000105083
:102B70000400105074EE0020FF0F105000011050A0
:102B800002F08AB908B59646DFF81CC001F07F0252
:102B9000C80900EB42000CEB40101A46714600F0E9
:102BA0004FF8012008BD00BF68EA002011F07F0245
:102BB00005D100290CBF02200120064B9866C909E7
:102BC000054B01EB420003EB40104FF40062002183
:102BD00002F066B90020115068EA002011F07F036E
:102BE00000D17047002205485B0003EBD11300EBD6
:102BF00043106FF40061C27002F052B968EA00201D
:102C00004FF0805209480A4908B50A4B02600A6031
:102C10009968C94311F08051FAD14FF480520648A7
:102C200002F03CF80922054B5A6708BD002002401B
:102C3000003002400000024000001050000011501F
:102C400000234FF0010C10B5016180F81AC0828298
:102C5000C382044602F014F920B14FF40032074B4E
:102C6000C3F89020204602F003F910B10123237726
:102C700010BD2046BDE8104002F006B900201150FA
:102C80002DE9F04100241C4D064623462A78DFF842
:102C900078801A4F0DE03B6813EB441323D0DB68B8
:102CA000304698472A780134E4B2511CA1422346A9
:102CB00006DBA242A3EB0203EDD808EB4313EEE7D9
:102CC000542200210E4801F0E9FF4FF0FF330C4C75
:102CD0002022C4E90133C4E90333FF21BDE8F041F8
:102CE000084801F0DBBF4FF0E023D3F8F03DDB07ED
:102CF00000D500BEBDE8F081E8EE0020F8E4002039
:102D000000E6002014E60020A0520010704700BF2B
:102D1000704700BF0020704700207047704700BF19
:102D2000704700BF704700BF704700BF024B587824
:102D3000003818BF0120704700E60020024B1878C9
:102D4000C0F38000704700BF00E600202DE9F04787
:102D5000DFF8E48098F80030FF2B53D100293CD0F5
:102D600054228A4681460021284801F097FF00221C
:102D7000274C284B20461A70FEF7BEF9264B2748F1
:102D80001C60274CFEF7C6F9204601F017FE254AC5
:102D9000254B146023B12548FFF7A2FA244B186095
:102DA0000024224D23462A78224F214E0DE033681D
:102DB00013EB441311D05B687BB198472A78013438
:102DC000E4B2511CA142234611DBA242EFD89B1A68
:102DD00007EB43135B68002BEFD14FF0E023D3F8F0
:102DE000F03DDB0700D500BE0020BDE8F08751466E
:102DF000484688F80090FFF7C7FD0028EDD0484608
:102E0000FFF710FE0120BDE8F08700BF00E60020BC
:102E1000F8E50020EAEE002054E6002090E20020D1
:102E20007CE2002058E60020E1220010E8EE0020BD
:102E3000F8E40020A052001098E20020954B1B7887
:102E4000FF2B00F019812DE9F04F934C934DDFF8E3
:102E50006082934F8BB026687369EFF3108272B66D
:102E6000D3E8CF0F01210028FAD1C3E8401F002882
:102E7000F6D1BFF35F8FB261304607A901F0E4FBE2
:102E800000237269C2E88F3FB36983F3108800287A
:102E900000F0CA809DF81D30013B072B00F29E8395
:102EA000DFE803F0A5AF939B8C350A04089B002B49
:102EB000D1D009989847CEE79DF8201001F07F0601
:102EC00005EB460000EBD11090F8343023F00103FD
:102ED00080F8343090F8343023F0040380F8343034
:102EE000002E00F0A480037D98F80020934280F02B
:102EF00091806C4A126812EB431300F08E809E6939
:102F00009DF82120099B9DF81C00B047A3E73B7862
:102F1000002B00F082803B78013B3B703B7803F054
:102F2000FF00002B97D1DFF874A19DF81CB09AF830
:102F3000003043F001038AF800309AF8343060F32F
:102F400000038AF834309AF8343060F382038AF848
:102F500034309AF8353060F300038AF835309AF847
:102F6000353060F382038AF8353000F0A7FC9DF815
:102F7000203003F06002602A6CD0402A7DD003F03C
:102F80001F03012B00F0C380022B00F09380002B65
:102F900060D1202A00F00282002A5BD19DF8213006
:102FA000092B57D8DFE813F0BF01AF015600D1015C
:102FB0005600A001760156006A01F9002B78D90766
:102FC0007FF549AFFFF7B0FE45E7EB78DA077FF50D
:102FD00042AF0898FFF79CFE3DE72B78D8077FF5B6
:102FE0003AAF2878C0F3C000FFF79CFE33E79DF8A6
:102FF0001C00FFF745FE00F057FC9DF82030AB7039
:1030000029E79DF81C00FFF73BFE00F04DFCFFF7A1
:1030100087FE20E7501C984211DA4FF0E023D3F8E6
:10302000F03DDC0700D500BE0BB0BDE8F08F099B7A
:103030009DF821209DF81C0000F054FC0BE79B1A22
:10304000194A02EB43135AE7FFF77CFB02460028BC
:1030500040F094814FF0E023D3F8F03DDE0700D537
:1030600000BE9DF81C000021FFF7A0FD80219DF807
:103070001C00FFF79BFDEEE670470C4800F01EFCBD
:103080000121584608AAFFF717F900287FF4E3AE9C
:10309000E7E700BF98E2002058E6002000E60020A5
:1030A000EAEE0020F8E40020A0520010B92200103F
:1030B000E8EE00209DF8241011F0700FCAD1B4483A
:1030C00001F07F0390F800C00AEB430000EBD11041
:1030D000007D60454DD30CF1010E8645C0F2708134
:1030E000A0EB0C00DFF8ACC20CEB40100090002A03
:1030F00000F06A81009E706900F0E0FB01215846F3
:10310000736908AA984700287FF4A5AEA9E79DF83F
:1031100024300F2BA5D89E4A53441B791278934232
:1031200035D3511C99429CDB9A4E9B1A06EB4316F1
:10313000706900F0C3FB01215846736908AA9847DB
:1031400000287FF488AE9DF8203013F0600688D107
:103150009DF821300A3B012B83D800F0AFFB9DF88E
:1031600021300A2B00F01382584608A900F026FBF4
:1031700071E6DFF824C2DCF800C00CEB40100090D0
:10318000002A00F0218100283FF46BAFB2E7824AA9
:10319000166816EB4316CBD163E79AF801209DF829
:1031A0002230934200F064819AF80120002A40F016
:1031B000D8818AF80130002B00F05881013BD8B249
:1031C000FFF7C0FA002800F074814378022B40F02A
:1031D0007081C2799AF80010C2F340131B01C2F348
:1031E000801221F0300143EA42130B438AF8003089
:1031F000438800F10901C3180293029B8B4240F2FD
:10320000C3814B780B2B00F0CC810120042B40F0C4
:1032100050810022029B00925B1A1FFA83F95C4BDB
:1032200001921B7803901FE05B4B1B6813EB42136A
:1032300000F03F814A461E69584605910493B04705
:103240000246009B082A059903F1010003D9914524
:10325000049B80F012814E4BC0B21B7800905A1C28
:103260009042019000F32581009A01989342A0EBCF
:103270000303D9D8474A02EB4313DBE79AF801303E
:1032800058468DF81A300DF11A02012308A900F0F2
:10329000B1FAE0E5BDF82200030A5A1EC0B20E2AB8
:1032A0003FF6DFAE01A151F822F000BFE534001077
:1032B0006B330010213500106330001063300010B4
:1032C000033500106B3300106330001063300010C2
:1032D0006330001063300010633000106330001062
:1032E00063300010D734001008A800F0EDFA5846FB
:1032F0009DF82210FFF79AFB9AF8003043F0020382
:103300008AF80030A7E5BDF82230012B7FF4A9AE82
:103310009AF80030584623F0080308A98AF80030CC
:1033200000F04CFA97E558469AF800309A0802F0F7
:103330000202C3F340131343ADF81A300DF11A0221
:10334000022308A900F056FA85E5BDF82230012BCA
:103350007FF487AE9AF80030584643F0080308A976
:103360008AF8003000F02AFA75E5022B3FF46CAEC3
:10337000FFF7D2FC024600283FF473AE584653884C
:1033800008A900F037FA00287FF465AD69E600BFB0
:10339000E8EE0020A0520010F8E400209DF8243050
:1033A0000F2B3FF65EAE924A53441B79127893423C
:1033B0001ED2904A166816EB43167FF49CAE50E678
:1033C000002A7FF44EAE00929DF821C00CF0FD0261
:1033D000012A16D0BCF1000F7FF43CAE0AEB430388
:1033E00003EBD11393F834305846C3F34003A3E7FB
:1033F000511C9942FFF635AE7F4E9B1A06EB4316E1
:1034000079E6BDF82220DAB97C48BCF1010F0078DA
:1034100000F08E80CDE90113FFF7C8FB029B0199F4
:103420000AEB430303EBD11393F8342042F002027A
:1034300083F8342093F8342042F0010283F83420DA
:10344000009B002B3FF407AD1E46586900F036FA8A
:103450007369012108AA58469847002000F02EFA07
:103460009AF83530DB073FF5F6AC7DE6FFF758FC00
:10347000584608A900F0A2F9EDE40398012800F0ED
:10348000A680002800F09280002391F802E007E077
:10349000009E8CF804605FFA83FC604540F28680F1
:1034A0000EEB030C5AFA8CFC9CF804600133FF2EDF
:1034B000EED04FF0E023D3F8F03DD90700D500BEA1
:1034C0004FF0E023D3F8F03DDA0700D500BE00232B
:1034D0008AF80130C5E5FEF7EBFE024600287FF4CE
:1034E0004DAFBEE5FFF72AF9024600283FF4B2AD22
:1034F0005846122308A900F07DF900287FF4ABACF0
:10350000AFE5FFF707FC024600283FF4AAAD584696
:10351000137808A900F06EF900287FF49CACA0E5B0
:10352000BDF82410FFF712F902460028EFD198E504
:10353000CDE902320191FFF751FB029B01990AEBA1
:10354000430303EBD11393F83410039A62F3410160
:1035500083F8341093F8341062F3000183F83410C8
:103560006EE7002158460193FFF768FA5846FFF7C7
:1035700007FB9AF8022058460092FFF781FB009A59
:10358000019B8AF8022014E6FFF7C8FB70E7584653
:10359000012308A90DF11A028DF81A6000F02AF92A
:1035A00059E40B78C87819444B782FE6009B1448EF
:1035B0000392009100F0BCFE0D4B039A00991B781A
:1035C0001144019A01339342BFF617AE71E7D3F865
:1035D00010C00C4B9C4508BF022055E74FF0E0237C
:1035E000D3F8F03DDB077FF536AC00BE33E400BF17
:1035F000E8EE0020F8E40020A052001098E200203D
:1036000014E600200D3D00102DE9F84F0A9F002A16
:1036100040D00C461E4615464FF0000BDFF8809058
:10362000DFF8808016E0204698F8021099F800A094
:1036300000F04EFED0B121465046FFF71BFAE0B134
:10364000A3780BF1010BDA0920D1AB453B7021D0F7
:1036500023781C446378052B0FD1E17801F0030136
:10366000B1420AD1A37813F0700FDCD04FF0E02301
:10367000D3F8F03DDA0700D500BE4FF0E023D3F8D1
:10368000F03DDB0709D40020BDE8F88F0B9AAB456D
:103690001370DDD10120BDE8F88F00BEF3E700BF55
:1036A00098E2002000E600208B7813F0700F08D01D
:1036B0004FF0E023D3F8F03DDA0700D500BE00203C
:1036C000704710B582B0084601910C490C4A8978C0
:1036D000147800F0FDFD48B94FF0E023D3F8F03D39
:1036E000DB0700D500BE002002B010BD20460199C6
:1036F00002B0BDE81040FFF7BDB900BF00E60020F2
:1037000098E200200A46064B06481968D30934336C
:1037100002F07F0203EB4203184400F08DBD00BFAE
:1037200054E6002000E600200A46064B06481968C9
:10373000D309343302F07F0203EB4203184400F054
:10374000ABBD00BF54E6002000E6002010B51948CC
:1037500001F07F0400EB440000EBD11090F834C07E
:103760001CF0010F08D04FF0E023D3F8F03DDA074A
:1037700000D500BE002010BD00F1300494F804C054
:103780000D484CF0010C007884F804C0FFF7FAF9FA
:103790000028F0D14FF0E021227960F3000222717D
:1037A000227960F382022271D1F8F03DDB07E1D586
:1037B00000BEDFE700E6002098E20020DFF830C01E
:1037C0000023624610B58E46044608684968CCF866
:1037D0000C3003C29EF800102046BDE8104081F076
:1037E000FF011A4601F08001CCF80830FFF7AEBFA8
:1037F000C0E50020DFF8ACC070B515466246002475
:103800008E4606460868496882B003C2CCF8085064
:10381000ACF80E40BEF80620934228BF1346ACF821
:103820000C308AB133B3DDB19CF90020402B28BFA6
:103830004023002A29DB21463046194AFFF786FF3C
:1038400070B1012002B070BD9EF80010134681F0E7
:10385000FF01304601F08001FFF778FF0028F0D12A
:103860004FF0E023D3F8F03DDB0700D500BE002089
:1038700002B070BD1A469CF8001001F0800130467D
:10388000FFF764FF0028DCD1EAE71A46294604481E
:10389000019301F047FA8021014A019BEFE700BF45
:1038A00080E50020C0E500200022034BC3E9002290
:1038B000C3E902221A617047C0E50020014B18617C
:1038C000704700BFC0E500200146054A4FF0000CDC
:1038D000134600684968C2E902CC03C3704700BFC1
:1038E000C0E5002030B53E4CC90922780546B1EB51
:1038F000D21F83B017D053B14FF0E023D3F8F03D7F
:10390000DB0702D4002003B030BD00BEFAE7214639
:10391000FFF7A2F823691BB12246032128469847E6
:10392000012003B030BD94F90020002A08DBA06814
:103930000028E7D01A462B49019301F0F3F9019BC7
:10394000E089A168E288184480B219448242E0818B
:10395000A16016D03F2B14D9A28994F90040131A04
:103960009BB2402B28BF4023002C28DB90424FF015
:10397000000132D01B4A2846FFF7E8FE0028CFD1CD
:10398000BAE7236923B102212846154A984768B14E
:1039900000232178284681F0FF011A4601F08001BA
:1039A000FFF7D4FE0028A7D00120BAE70146284639
:1039B000FFF7FCF880212846FFF7F8F8B0E79042BF
:1039C00008D01A460748019301F0ACF98021054A56
:1039D000019BD0E780210022CDE70A46CBE700BF5C
:1039E000C0E5002080E5002070B582B00446FFF7F6
:1039F0009DF908B902B070BDFFF7A0F90246002892
:103A0000F8D1C82304FB03F315492546CC18E07808
:103A10000028EFD010335E183046019200F002FE0D
:103A20003F28E7D9E1780198FFF76CFE0028E1D044
:103A3000304600F0F7FD3F28E1780AD94023DFF84F
:103A400024C001980CEBC51202B0BDE87040FFF72E
:103A50007DBE019802B0BDE87040FFF765BE00BFB3
:103A6000A8E20020FCE4002010B50446FFF75EF950
:103A700008B9002010BDFFF761F90028F9D1C8226C
:103A8000034B02FB0433187900F0010010BD00BFA6
:103A9000A8E20020C82208B5024B02FB003000F06B
:103AA000A7FD08BDB8E200204FF6FF732DE9F041F5
:103AB000C8249A4228BF1A4600FB04F41B4D04F1A7
:103AC000100382B0804692B258195F1900F00AFEC6
:103AD0000646FFF72BF918B9304602B0BDE8F08171
:103AE000FFF72CF90028F7D12544EA78002AF3D013
:103AF0000190384600F096FD3F28EDD90198E9780D
:103B0000FFF700FE0028E7D0384600F08BFD3F2885
:103B1000E97807D9064A4023019802EBC812FFF75B
:103B200015FED9E70198FFF7FFFDD5E7A8E20020D1
:103B3000FCE40020F0B583B00546FFF7F7F810B9B4
:103B4000002003B0F0BDFFF7F9F804460028F7D1D4
:103B5000C82305FB03F31A4A03F124018F183846E2
:103B6000009300F045FD0028EAD0154A009B20464E
:103B7000D618B178FFF7C6FD0028E1D011493846C4
:103B800001EBC5114022009100F0ACFD96F802C097
:103B9000034670B1019061462046009AFFF7D6FDBA
:103BA00058B94FF0E023D3F8F03DDB07C8D500BE8D
:103BB000C6E76146FFF7B8FDC2E70198C1E700BF5D
:103BC000A8E200203CE5002070B505464FF6FF70E6
:103BD000C823824228BF0246094C92B203FB054427
:103BE000204600F043FE0646204600F001FD3F2837
:103BF00001D8304670BD2846FFF79CFF304670BDA7
:103C0000CCE20020C82208B5024B02FB003000F0D5
:103C100009FD08BDCCE2002070B5002482B0C822A6
:103C20000021184801F03AF8FF234FF4E13108224F
:103C300015480470134800940646437181608273EE
:103C400000F1380101234022103000F0A1FC0123D3
:103C5000402206F17801009306F1B80506F1240030
:103C600000F096FC2846FDF747FA06F1C000FDF784
:103C700043FA06F1C000C6E90745C6E90C0402B0E4
:103C800070BD00BFA8E200207CE500200A4B196B44
:103C90001A6A61B13AB10022C3E90C22DA6100224A
:103CA0001A62012070470120C3E90C227047002AE4
:103CB000F7D0D961F3E700BFA8E200200022104945
:103CC00008B510480B7802600271DA0707D59B0728
:103CD0000CD5BDE8084001210B4800F08BBE103028
:103CE00000F06CFE06490B789B07F2D4064800F002
:103CF00065FEBDE808400121034800F07BBE00BF1F
:103D00007CE50020A8E20020CCE2002070B54B79D1
:103D100084B0022B02D18B79022B03D000242046E1
:103D200004B070BD2B4B9B783BB14FF0E023D3F830
:103D3000F03DDB07F2D500BEF0E78B78054625485D
:103D400003700B78194491F801C0BCF1240F08BF2F
:103D5000092409D03BE00B78194491F801C02344B1
:103D6000BCF1240F9CB207D19442F4D90020FFF794
:103D70003BFE204604B070BD6346BCF1050F16D073
:103D8000042BF3D14B790A2BF0D1134B0A78019312
:103D90000133009302231646114428461A46FFF7C2
:103DA00033FC0028C1D00E3433199CB2DEE728461C
:103DB0000391FFF779FC03990028B6D08B78054A68
:103DC00053700B781A1919444B7894B2D8E76346AC
:103DD0000924D2E7A8E20020AAE20020137803F029
:103DE0006003202B0BD100B5DFF8BCC093889CF892
:103DF00000E083B09E4504D0002003B000BD002049
:103E000070475378203B032BF6D8DFE803F02C27CC
:103E10000D02012933D0032922D11E4B03B3002008
:103E20005188AFF300801BE0012928D0032917D166
:103E30005288194802F0010383F0010101938CF8C4
:103E40000420009200F0D6FD144949B1009A0020E8
:103E50000199C2F34002AFF3008001E0012912D0C2
:103E6000012003B000BD01290DD00329F8D10C4B6E
:103E7000002BF5D000200B49FEF73AFAF0E7114687
:103E8000FFF79CFCECE711460723064AFFF7B2FC5C
:103E9000E6E700BF00000000CCE2002000000000C8
:103EA000F1220010B0E20020A8E200202DE9F0414C
:103EB000354C0D46E27807468A421E4682B02FD026
:103EC000A3788B4209D04FF0E023D3F8F03DDB0715
:103ED00024D4002002B0BDE8F0812C4B13B10020A7
:103EE000AFF300800020FFF725FE002847D12848C7
:103EF00000F07EFB002842D1002E40D016F03F0596
:103F00003DD13846A178FFF7FDFB002837D02B467E
:103F10002A463846A178FFF719FC30E000BED8E702
:103F20009AB21C4904F1100000F0A0FC1A4BD3B166
:103F30006279FF2A17D0B6B1164B03EB060802E0F0
:103F4000434510D0627913F8011B9142F8D1134810
:103F5000019300F05DFB019B0028F1D16179AFF383
:103F60000080019BECE70E4B1BB10C4800F050FBAE
:103F700038B10020FFF738FDA378AB42ADD0012067
:103F8000A8E7AFF30080F4E7A8E2002000000000FB
:103F9000CCE20020FCE4002000000000B8E2002099
:103FA00000000000F0B54FF4137285B000211248F4
:103FB00000F074FE402600234FF480750E4F0F4C26
:103FC00007F5A6721946CDE90246009201951A46F8
:103FD00007F5947000F0D6F9002307F12801344466
:103FE000009101221946CDE902460195381D00F0E5
:103FF000C9F905B0F0BD00BFA8E7002028E7002000
:1040000008B5044800F0EAF9034800F0E7F9012098
:1040100008BD00BFD0E80020ACE7002038B500257F
:10402000064C04F59870257000F0C8FC04F10C00F3
:1040300000F0C4FC84F82951657138BDA8E7002060
:104040002DE9F8434B79FF2B05D1354F7E7997F851
:1040500029311E4302D00020BDE8F8838B780C780C
:104060003B700B79814688460C44002B34D0A51850
:1040700003E0AC4230D223781C446378052BF8D19E
:10408000AC4229D221464846FFF70EFB00283ED01D
:10409000A378DB0925D1234800F090FCA37897F89A
:1040A000282187F82931A3884846C3F30A03A3F5DA
:1040B0000073B3FA83F35B0963F341021A4987F88B
:1040C000282100F0FDF910B3237898F80420013678
:1040D0001C44F3B29A42D0D8A4EB080080B2BDE8E9
:1040E000F883124800F06AFCA3783A797B71A388C0
:1040F0000F49C3F30A03A3F50073B3FA83F35B0913
:1041000063F3410200203A7100F0A0F9DCE74FF0C0
:10411000E023D3F8F03DDB079DD500BE9BE700BF51
:10412000A8E70020D8E80020D0E80020B4E700206D
:10413000ACE7002010B5DFF890C004469CF82921B8
:1041400082B08A421AD09CF805208A4202D0002010
:1041500002B010BD174A2AB199B200200193AFF303
:104160000080019B20461449019300F06FF998B933
:104170002046019A104900F033F90DE0BCF83421D3
:104180006AB90E4A22B100200D499AB2AFF30080FD
:1041900020460C4900F094F9012002B010BD9AB2FB
:1041A000DCF82C110CF59870019300F05FFB019B7B
:1041B000E7E700BF00000000ACE7002000000000BF
:1041C00028E70020D0E80020A8E7002000B583B051
:1041D000D9B101280ED80B7863B1DFF858C0012B94
:1041E0000CF8003002D0012003B000BDFEF7AEFD98
:1041F0000028F8D14FF0E023D3F8F03DDB0702D4DC
:10420000002003B000BD00BEFAE70122084601A964
:10421000ADF80420FEF79AFD012238B94FF0E023F3
:10422000D3F8F03DDA07ECD500BEEAE7014B1A708F
:10423000E7E700BFF4E50020037813F001031ED187
:1042400030B50246007883B00446400702D51846D0
:1042500003B030BD08460D464FF0FF31019200F02B
:104260000BFE019A137813F001030BD11178490763
:104270000AD41178012341F00401117004E00023F5
:1042800018467047C4F380032846019300F000FEEF
:10429000019B184603B030BD70B50D4604464FF083
:1042A000FF31284600F0E8FD2378C3F380065B0762
:1042B00008D5237813F0010311BF0026227863F399
:1042C00082022270284600F0E3FD304670BD00BF38
:1042D000C378828803F003000228C2F30A0215D0D3
:1042E00003280AD001281CD1022940F2FF3308BF5D
:1042F0004FF4806393420DD37047022914BF4023CB
:104300004FF48063934205D30120704702290AD0FD
:10431000402AF9D94FF0E023D3F8F03DDB0700D570
:1043200000BE00207047B2F5007FEDD0F2E700BF7D
:104330000A44914225D291F801C0BCF1050F05D085
:1043400091F800C061448A42F5D8704700B591F8F1
:1043500002C00CF07F0E00EB4E0E4FEADC1C0EF894
:104360000C3091F800C061448A4209D991F801C02B
:10437000BCF1050FEBD091F800C061448A42F5D83A
:1043800000BD704770B584B0009390F800C0164629
:1043900061F3000CBDF8242004460123089900F8BD
:1043A00008CBBDF82C50039200F0F2F8089B0BB13B
:1043B000039A2AB901200A9B6580636004B070BD2E
:1043C00004F11C000390FCF797FE03981EB93346D6
:1043D000C4E90530EEE703460020F9E70120704705
:1043E00070B50646084640F2FF130C4610F8081B4D
:1043F00082B011F0020F01920CBF3F251D4600F064
:10440000F7F8019A28B922B1154202D12378DA07C8
:1044100002D5002002B070BD30466178FFF772F916
:104420000028F6D0237813F0010307D04FF0E023E3
:10443000D3F8F03DDB07ECD500BEEAE71A4630467C
:104440006178FFF783F90028E4D1EFE770B50546FE
:1044500082B001F108000C4600F0CAF810B12378D0
:10446000DA0702D5002002B070BD28466178FFF758
:1044700049F90028F6D06288616804F1080000F06C
:1044800031F92278034602F0010240B172B14FF0D7
:10449000E023D3F8F03DDB07E4D500BEE2E7002AD5
:1044A000E0D128466178FFF73FF9DBE701906268C9
:1044B00028466178FFF74AF90028E8D00198D2E74A
:1044C0002DE9F0418A890C4605460B7882B02AB95D
:1044D000DE0737D5002002B0BDE8F081990704F16E
:1044E000080047BF4FF47E484FF400764FF6C0787F
:1044F000402600F097F8864204F10807EAD82378AE
:10450000DA07E7D428466178FFF7FCF80028E1D005
:10451000384600F087F82378864203F001032ED84E
:10452000C3B9638808EA0002934228BF1346617842
:10453000002B2BD0626828460193FFF707F948B19A
:104540000198C8E74978FFF7DDF80028C2D0237842
:10455000D80707D54FF0E023D3F8F03DDB07B9D5F6
:1045600000BEB7E7638861783BB162682846FFF711
:10457000EDF80028EED06088ADE71A46F6E7002B8C
:10458000A8D128466178FFF7CFF8A3E71A46D2E70B
:104590002DE9F041B2F5004F9DF8185024D804469B
:1045A000C06898460F46164618B14FF0FF3100F02C
:1045B00063FC206918B14FF0FF3100F05DFC002270
:1045C000C8F30E03E06843EAC53362812760A68022
:1045D000E380228108B100F05BFC206908B100F0A3
:1045E00057FC0120BDE8F0810020BDE8F08100BF4C
:1045F000038942899BB292B28088934236BFC2EB54
:1046000040029B1A9B189BB2984228BF18467047DD
:104610000289438990B29BB2C01AB0FA80F0400977
:10462000704700BF038942899BB2808892B293424F
:1046300036BFC2EB40029B1A9B189BB2984286BFC2
:10464000C01A80B20020704730B5044600690D469C
:1046500083B018B14FF0FF3100F00EFC2289618960
:1046600092B289B2A3888A4236BFC1EB4300501A86
:10467000801880B268B3834209D29A422CBFD21A02
:10468000D21891B28B42618103D8C91A89B28B4288
:10469000FBD9E2882368C2F30E0202FB01312846EF
:1046A00000F040FB6289A38892B2511C89B28A4211
:1046B0004FF0010210D9002103FA02F0091A206913
:1046C000618118B1019200F0E3FB019A104603B03A
:1046D00030BD0246618989B2B1EB430F4FEA430016
:1046E000EDDBEBE72DE9F04105460069884682B035
:1046F00028B14FF0FF31009200F0BEFB009A2989EB
:104700006B8989B29BB2AC88994236BFC3EB440631
:10471000CE1A7618B6B2002E4BD0B44241D3B24274
:1047200028BF32469C4296B203D81B1B9BB29C42C8
:10473000FBD9B5F806C0E01A296880B2CCF30E02A6
:104740008642174602FB031125D910FB02F24046B0
:1047500092B20193009200F0E5FA019B009A341B9B
:10476000234408EB020013FB07F2296892B200F021
:10477000D9FA6A89AC8892B293199BB29A421AD933
:1047800062009B1A28696B8108B100F081FB3046FA
:1047900002B0BDE8F081404606FB02F200F0C2FA2A
:1047A000E7E7A1422CBF091B09198BB226466B8192
:1047B000B5E76B899BB2B3EB440F4FEA4402E1DBF0
:1047C000DFE700BF70B50446C0680E4682B018B17E
:1047D0004FF0FF3100F050FB2589238961899BB29E
:1047E00089B2A2888B4236BFC1EB42015B1A5B18CB
:1047F0009BB29A42ADB20BD8E179C90908D1E06801
:1048000018B1019100F044FB0199084602B070BD57
:10481000954228BF2B4617D39B1A9BB29342FBD2DB
:10482000E2882068C2F30E0202FB0300314600F06A
:1048300079FA6B1C9BB29D42A28811D900235100CA
:104840005B1A01212381DAE7E2882068C2F30E02B5
:1048500005FB0200314600F065FA0135A288ABB2D3
:10486000B3EB420F4FEA4201EBDBE9E72DE9F047FA
:10487000154682B0002A4AD00446C068884618B15E
:104880004FF0FF3100F0F8FAE17926896389C90910
:10489000A288B6B29BB23ED19E4236BFC3EB420362
:1048A000F31A9B199BB2934253D2D31A9BB2AB42D9
:1048B00028BF2B469DB27319B4F806C01FFA83F9BE
:1048C000A5EB020A9642334603D39B1A9BB293424E
:1048D000FBD2D21A91B22068CCF30E02A94217463D
:1048E00002FB030052D3414605FB02F200F01AFA24
:1048F000A3884E454FEA430202D8B9EB430F01DBD0
:10490000A9EB0209E0682A46A4F8089028BB1046E3
:1049100002B0BDE8F087954227D29E4236BFC3EB76
:104920004201F11A891989B250002944AF1A814213
:10493000BA4608DB991889B24E1BB6B2B342894613
:1049400038D9301A86B2AB191FFA83F9B4F806C009
:10495000B8E70022E0680028D9D0009200F098FA69
:10496000009A104602B0BDE8F087002AF2D0B4F8F1
:1049700006C0AD1A99181E46CCF30E0303FB05883A
:104980004FF0000A15461FFA81F99BE711FB02F26E
:10499000414692B20193009200F0C4F9019B009A43
:1049A000534413FB07F308EB020120689AB200F0AE
:1049B000B9F99DE7B042C4DDC8E700BF10B50446B1
:1049C000C06818B14FF0FF3100F056FA206918B1F5
:1049D0004FF0FF3100F050FA0023E068638123813B
:1049E00008B100F055FA206908B100F051FA012031
:1049F00010BD00BF38B50446C0680D4618B14FF071
:104A0000FF3100F039FA206918B14FF0FF3100F0A2
:104A100033FAE379E06865F3C713E37108B100F096
:104A200037FA206908B100F033FA012038BD00BF21
:104A300001460148FBF7C6BFE6EE002000B5DFF8EF
:104A40001CC083B001460F230022CDF800C00248ED
:104A5000FBF776FF03B000BDE6EE002088500010A3
:104A60002DE9F04788460546FBF722FF012298F81A
:104A700004E0814698F905C005F12F40394F00F553
:104A8000600002FA0EF2000DBCF1000F57F8206032
:104A900002F1FF32CEF120043BDBA44503DC02FA35
:104AA0000CF3334207D04FF0FF344846FBF712FFB8
:104AB0002046BDE8F087D5F8683198F80740002B0C
:104AC00049D1630737D4644602FA0CF31E429A4672
:104AD00039D1BEF1000F12D0D8F8001001EB4E080A
:104AE000E64631F8023B0EF11202B3F5005F38BF23
:104AF000634441450EF1010E45F82230F1D146EAFA
:104B00000A0647F820604846FBF7E4FE2046BDE869
:104B1000F087BEF1200F02DD15E0013C13D302FA4D
:104B200004F33342A446F8D1D5F8681198F8073059
:104B3000A1B95B07C8D56FF00A044846FBF7CAFE67
:104B40002046BDE8F0876FF008044846FBF7C2FE38
:104B50002046BDE8F087E107B5D5ECE7D907B3D526
:104B6000E9E700BF1CE70020F0B59E46D0F86831A9
:104B70009DF81450D21A1F2A39D80C464EF28003E1
:104B80004EF29F014FF4003704EB440C002D08BF98
:104B9000194600EBCC0303F5435300EBCC0CBEF1FC
:104BA000050FDCF8DC60DCF8CC50DF600ED9530177
:104BB000AEF1050E43F0A0530532BEF1050FCCF85F
:104BC000DC3002F01F02CCF8D810F0D8520104EB10
:104BD000440442EA8E6300EBC402C2F8DC300020D9
:104BE000C2F8D810C2F8DC60C2F8CC50F0BD6FF04B
:104BF0000400F0BDF0B5012404FA01F5046824EACC
:104C000005040460A3B3D3E901561F68DC6801EB17
:104C1000410300EBC303C3F8C8704FEA410CC3F86B
:104C2000D060C3F8CC50C3F8DC400CEB01034FF06C
:104C3000013500EBC30C4FF0004600EBC30E01231F
:104C40000EF5865E0C1D01F108078D40CEF8106050
:104C500003FA04F4CEF8106002F01F028560BB4036
:104C600000F50050046003600020CCF8D820F0BDAF
:104C70004FF480374FF440264FF4F83501EB4104F0
:104C800000EBC404C4F8C8704FEA410CC4F8D0600B
:104C9000C4F8CC50C4F8DC30C7E700BF30B5840797
:104CA0008646034606D0A2B303F8011B980702F11B
:104CB000FF32F8D1032A26D95FFA81FC0F2A0CEBC8
:104CC0000C2C0CEB0C402AD922F00F0C9C44C3E9AD
:104CD0000000C3E9020010336345F8D112F00C0F55
:104CE00002F00F0517D04FEA950C1A460CF1FF346D
:104CF00003EB8C0C42F8040B6245FBD1043305F046
:104D0000030203EB840322B11A4403F8011B9A4205
:104D1000FBD1704630BD2A46002AF5D1F9E7154689
:104D2000E1E700BF844641EA000313F0030349D1E1
:104D3000403A23D30B6803604B6843608B68836001
:104D4000CB68C3600B6903614B6943618B69836105
:104D5000CB69C3610B6A03624B6A43628B6A8362ED
:104D6000CB6AC3620B6B03634B6B43638B6B8363D5
:104D7000CB6BC36340304031403ADBD230320BD38F
:104D80000B6803604B6843608B688360CB68C360CB
:104D900010301031103AF3D20C3205D351F8043BE5
:104DA00040F8043B043AF9D2043208D0D2071CBFC1
:104DB00011F8013B00F8013B01D30B8803806046EA
:104DC000704700BF082A13D38B07B1D010F003033C
:104DD000AED0C3F10403D21ADB071CBF11F8013BAC
:104DE00000F8013BA4D331F8023B20F8023B9FE7D7
:104DF000043AD9D3013A11F8013B00F8013BF9D24A
:104E00000B7803704B7843708B78837060467047E3
:104E100020F0030110F00300C0F1000051F8043B42
:104E200000F1040C4FEACC0C6FF000021CBF22FA18
:104E30000CF213434FF0010C4CEA0C2C4CEA0C4CD6
:104E4000A3EB0C0222EA030212EACC1204BF51F8CF
:104E5000043B0430F4D0C2F1000102EA0102B2FACC
:104E600082F2C2F11F0200EBD2007047F8B500BF1A
:104E70005FF800F07D0A00205FF800F035020020A6
:104E80005FF800F0550A00205FF800F0F90A0020F2
:104E90005FF800F06D0200205FF800F0A90200202A
:104EA0005FF800F0B10A00205FF800F0CD010020AB
:104EB0005FF800F011010020AD1D0010251D00104D
:104EC000551D0010411E00108D1D0010AD1C00105E
:104ED000D51D0010991C0010AD100010D91D001038
:104EE0006D140010F51C0010C11D0010711D001084
:104EF000510A0010790A0010CD270010110200108D
:104F00004661696C656420746F20696E69746961BB
:104F10006C697A6520444D4100000000526573655C
:104F20007474696E672E2E2E000000000A2A2A2A49
:104F30002050414E4943202A2A2A0A000A00000034
:104F40004E6F207370696E6C6F636B732061726556
:104F500020617661696C61626C6500004E6F20753E
:104F600073657220495251732061726520617661C8
:104F7000696C61626C65000048617264776172659A
:104F800020616C61726D20256420616C72656164C2
:104F90007920636C61696D6564000000486172642A
:104FA000206173736572740052656C65617365008E
:104FB000626F6F74325F77323571303830000000C5
:104FC000302E3100322E322E300000007069636FB7
:104FD000320000007069636F5F626F6F7479000068
:104FE000417567203135203230323600555342202A
:104FF000737464696E202F207374646F757400007D
:10500000526173706265727279205069000000000D
:105010005069636F00000000426F61726420434476
:10502000430000005265736574000000556E6861AE
:105030006E646C65642049525120307825780A00EE
:10504000657020253032582077617320616C72655D
:1050500061647920617661696C61626C6500000051
:1050600043616E277420636F6E74696E7565207876
:10507000666572206F6E20696E6163746976652063
:1050800065702025303258004E6F20444D4120631A
:1050900068616E6E656C732061726520617661690E
:1050A0006C61626C65000000B050001009FF0101E6
:1050B0002BA08A2080F00820C300808008609FFE1B
:1050C0008920000006005250D3F07542A84F00100E
:1050D00006005250E182887FB04F00100600525007
:1050E0003ABCA911C04F001006005250ABB3605338
:1050F000C44F001006005250BBFF3CB6CC4F00100E
:1051000006005250861C0302D44F00100600525075
:105110005422A29DE04F001005005250DE65F46855
:10512000B43401100D0A0000000000002522001018
:10513000000000002922001035220010612200101A
:105140005D220010000000000A00000000000306BD
:10515000A6000800020002009C001400030057494A
:105160004E55534200000000000000000000800087
:105170000400010028004400650076006900630017
:10518000650049006E0074006500720066006100F1
:1051900063006500470055004900440000004E00D0
:1051A0007B00620063003700330039003800630081
:1051B00031002D0037003300630064002D003400FF
:1051C0006300620037002D003900380062003800AB
:1051D0002D003900310033006100380066006300A3
:1051E000610037006200660036007D0000000000AC
:1051F000050F2100011C100500DF60DDD88945C7BF
:105200004C9CD2659D9E648A9F00000306A6000107
:10521000000000000600525053B4F4A1EC4F0010FF
:10522000000000000050001010500010D4EE0020CC
:10523000185000102450001009025400030100808F
:105240007D080B00020202000009040000010202B6
:1052500000040524002001052401000104240206A5
:105260000524060001070581030800100904010058
:10527000020A000000070502024000000705820242
:105280004000000904020000FF00010512011002A5
:10529000EF0201408A2E0900000101020301000013
:1052A00000000000193C00108D3C0010BD3C0010B7
:1052B0000D3D0010DD3D0010AD3E0010000000006F
:1052C00000000000A53F0010014000101D4000102C
:1052D00041400010B92200103541001000000000CC
:0852E00044FAFF7F0100000009
:1052E800C4500010D0500010DC500010E8500010DE
:1052F800F4500010005100100C510010185100100B
:04530800145200102B
:10530C00034600B50268EFF3108C72B6D2E8CFEF0B
:10531C000120BEF1000FF9D1C2E84E0FBEF1000F13
:10532C00F4D1BFF35F8F93F90420002A09DB01B19C
:10533C000A60002000221B68C3E88F2F8CF31088B2
:10534C0000BD4FF05042126801201A71F2E700BF05
:10535C004FF050412DE9F0411F460B6804461646AC
:10536C000025984608E0C3E88F5F82F3108830462A
:10537C00394600F029FEE8B92368EFF3108272B6C3
:10538C00D3E8CF0F01210028FAD1C3E8401F002831
:10539C00F6D1BFF35F8F94F9041023680029E2DA89
:1053AC00002184F80480C3E88F1F82F31088012049
:1053BC00BDE8F0810020BDE8F08100BF10B50168A8
:1053CC00EFF3108E72B6D1E8CFCF0124BCF1000FF1
:1053DC00F9D1C1E84C4FBCF1000FF4D1BFF35F8F92
:1053EC0090F904C00468BCF1000F10DB0021C4E884
:1053FC008F1F8EF310884FF0504494F90040644591
:10540C0001D1084610BDBDE81040FFF7A1BF4FF019
:10541C005042126800230271C4E88F3F8EF310884B
:10542C00012010BD70B505460C4600F0B9FD0246D2
:10543C000B464FF47A704FF0FF3E6FF0004CE4FBDC
:10544C00002396457CEB030138BF72462846BDE825
:10545C00704038BF6346FFF77BBF00BF0368EFF3B4
:10546C00108272B6D3E8CFCF0121BCF1000FF9D175
:10547C00C3E84C1FBCF1000FF4D1BFF35F8F4FF0AA
:10548C00FF0C0023016880F804C0C1E88F3F82F351
:10549C00108840BF704700BF002108B5134B4FF474
:1054AC00707299601248D960196159619961D9611A
:1054BC00196259629962D962196359639963D96304
:1054CC00196459649964D964196559659965D965E4
:1054DC00196659669966D966196759679967D967C4
:1054EC0000F06EFD034B044A1A6008BD000010501A
:1054FC00A8EA002074EE0020800110502DE9F0473E
:10550C001E4B84B0D3F858A0BAF1000F21D0002460
:10551C0001254FF4E069DFF86C80194F05E0013488
:10552C00E4B2202C4FEA450513D01AEA050FF6D049
:10553C00E34304F0FE0603F001031E4407EB46169A
:10554C003046C8F8585000F001FC28B93AEA050A70
:10555C00E5D104B0BDE8F087B378F28A8DF8083055
:10556C00002301A80121ADF8049003928DF80930B5
:10557C0000F00AFC304600F08DFBE7E7000011500C
:10558C0068EA00200030115070B5B24B86B0D3F8E9
:10559C00984014F4003574D0AF4AB04B906A93F82D
:1055AC003B20AF49022A086000F0E680002593F802
:1055BC007B20022A00F0B28193F8BB20022A00F073
:1055CC00A28193F8FB20022A00F0928193F83B21F0
:1055DC00022A00F0818193F87B21022A00F071816C
:1055EC0093F8BB21022A00F0618193F8FB21022A77
:1055FC0000F0508193F83B22022A00F03F8193F88F
:10560C007B22022A00F01A8193F8BB22022A00F0B6
:10561C00098193F8FB22022A00F0F88093F83B23CF
:10562C00022A00F0E78093F87B23022A00F0B7806F
:10563C0093F8BB23022A00F07C8193F8FB23022A07
:10564C0000F0C7803DB9874B1B7823B94FF400326B
:10565C00854BC3F890204FF440727E4B01219B6C1C
:10566C0003A8C3F30A030493ADF80C2000F08CFBE1
:10567C00E3064FF400357D4E07D5FFF73FFF354667
:10568C0003E0E3064FF01006F7D4E0031DD5734892
:10569C000226837E45F4803533BB4FF00103012E87
:1056AC00C37000F120001BD14FF4C062704BADF8F9
:1056BC000C2093E80300CDE90401314603A800F067
:1056CC0063FB4FF40032684B1A65E1043ED462046C
:1056DC002ED423041DD4A54240F0BB8106B070BD6E
:1056EC00837E0126002BD8D0624B5A4A1E66536E1D
:1056FC0036EA0303FBD14FF440520021019000F035
:10570C00CFFA019800F0C6FA574B01985E661E66F8
:10571C00C3E74FF4A063012103A8ADF80C3000F0EF
:10572C0033FB4FF40062504B45F400451A65D2E749
:10573C004FF48063012103A8ADF80C3000F024FB7A
:10574C001022494B45F480451A65C2E70026414BAF
:10575C0045F480551E60FFF79FFE4FF480730121C6
:10576C0003A8ADF80C308DF8106000F00DFB4FF471
:10577C0000223D4B1A65AAE793F83A50002D3FF4EE
:10578C0016AF93F83C20002A3FF411AF002203F12E
:10579C00200083F83C2000F0A7FA304B07E793F881
:1057AC007A63002E3FF444AF93F87C23002A40F038
:1057BC00408193F8BB23022A40F0C48093F8BA23AB
:1057CC00002A40F0BB8093F8FB23022A7FF443AFFE
:1057DC00354693F8FA23002A3FF434AF93F8FC23B0
:1057EC00002A3FF438AF0022234883F8FC2300F052
:1057FC007BFA30E793F83A63002E3FF414AF93F83A
:10580C003C23002A40F0A98035460CE793F8FA6255
:10581C00002E3FF403AF93F8FC22002A40F0AF8037
:10582C003546FBE693F8BA62002E3FF4F2AE93F8DD
:10583C00BC22002A40F09A803546EAE693F87A6258
:10584C00002E3FF4E1AE93F87C22002A40F0CD808C
:10585C003546D9E60000115000000B4068EA0020E4
:10586C0060EA0020E9EE0020003011501000020028
:10587C00000010500020115048EE002093F83A62BE
:10588C00002E3FF4BCAE93F83C22002A40F0A480DA
:10589C003546B4E693F8FA61002E3FF4ABAE93F8BC
:1058AC00FC21002A40F08F803546A3E693F8BA61BC
:1058BC00002E3FF49AAE93F8BC21002A7AD13546DB
:1058CC0093E693F87A61002E3FF48AAE93F87C212C
:1058DC00002A66D1354683E693F83A61002E3FF4F0
:1058EC007AAE93F83C21002A40F09180354672E65E
:1058FC0093F8FA60002E3FF469AE93F8FC20002A6E
:10590C007CD1354662E693F8BA60002E3FF459AE6E
:10591C0093F8BC20002A3BD1354652E693F87A60C6
:10592C00002E3FF449AE93F87C20002A78D13546FE
:10593C0042E693F8BA23002A3FF47FAE93F8BC23D7
:10594C00002A7ED193F8FB23022A7FF484AE93F8CD
:10595C00FA23002A3FF47FAE40E700223F4883F849
:10596C003C23354600F0C0F93D4B5CE600223D4837
:10597C0083F8BC22354600F0B7F9394B49E60022D2
:10598C00394883F8FC22354600F0AEF9344B45E635
:10599C000022364883F8BC20354600F0A5F9304B80
:1059AC000FE60022324883F87C21354600F09CF942
:1059BC002B4B15E600222F4883F8BC21354600F00E
:1059CC0093F9274B11E600222B4883F8FC2135462E
:1059DC0000F08AF9224B0DE60022284883F83C227D
:1059EC00354600F081F91E4B09E60022244883F865
:1059FC007C22354600F078F9194B05E60022214847
:105A0C0083F8FC20354600F06FF9154BDEE50022DB
:105A1C001D4883F83C21354600F066F9104BDAE559
:105A2C0000221A4883F87C20354600F05DF90C4BB7
:105A3C00C2E50022164883F87C2300F055F9084B88
:105A4C00B7E60022134883F8BC2300F04DF9044B51
:105A5C0078E7114885EA040100F0AAFA88ED0020E5
:105A6C0068EA002008ED002048ED002008EB00203B
:105A7C00C8EB002008EC002048EC002088EC00204B
:105A8C00C8EC002048EB002088EB0020C8EA00207E
:105A9C00C8ED002008EE00202C5000102DE9F0433A
:105AAC00828AB0F818E003469645C07828BF96461F
:105ABC00041E18BF012480F001000D46A2EB0E025B
:105ACC005978D87092B24EF480609A8240EA443091
:105ADC00A1BB1969BEF1000F2CD00EF1FF34DA68AE
:105AEC00052CA14602EB85182FD9A8EB0104013C2B
:105AFC00022CC4460A4628D94FEA9E0701EB8706BA
:105B0C0052F8044B96424CF8044BF9D1BEEB870F7C
:105B1C000ED011F82720B9EB870108F8272008EBE5
:105B2C00870205D074780129547001D0B178917036
:105B3C0019699A8A7144196140F400400AB940F419
:105B4C00804005B10004BDE8F08308F1FF3201EBA1
:105B5C000E0611F8014BB14202F8014FF9D1E7E7FB
:105B6C0083682DE9F0410546186801B1000C6A788C
:105B7C00C0F309004AB9EB8A0344EB822B8B8342B6
:105B8C0084BF0023AB82BDE8F081D5F810C088B388
:105B9C00421EEB68052A164603EB811E31D989019A
:105BAC004C1C1C44ACEB0404022C624629D900F4B6
:105BBC007F7173460F464FEA90085C1853F8041B2C
:105BCC00A34242F8041BF9D1B84211D01EF8283078
:105BDC00BE440CF82830F31BBC4409D09EF80120BD
:105BEC00012B8CF8012003D09EF802308CF8023087
:105BFC00D5F810C0EA8A0CEB00030244EA822B6150
:105C0C00BCE70CF1FF3C0EEB00021EF8013B7245A9
:105C1C000CF8013FF9D1EBE710B50446836800217D
:105C2C001B68FFF79DFF63681B685B0002D5238B25
:105C3C00834200D010BD2046BDE810400121FFF783
:105C4C008FBF00BF084B1B6C13F0020302D182788C
:105C5C00D20901D100207047C07EA0F10200B0FA39
:105C6C0080F04009704700BF0000115008B5FFF7E5
:105C7C00E9FF50B1054A064B906A1B68A0F54870C5
:105C8C00C01AC6288CBF0020012008BD00000B40A4
:105C9C0060EA00200023C0E904338376704700BF1C
:105CAC0008B5836819B1D3F800C001EA0C018AB1B8
:105CBC00114352050ED51A6852050DD4084A21F429
:105CCC00806CC3F800C0126C920703D40C23033B06
:105CDC00FDD28368196008BD8178024800F068F92C
:105CEC00000011504050001030B54368002183B0C3
:105CFC0005461C68FFF7D2FE134B40F48052196C1A
:105D0C00AB7889070ED55B060ED024F0A04444F086
:105D1C000054002128466B681C6003B0BDE830407D
:105D2C00FFF7BEBFDB09F0D0AB8A002BEDD0012111
:105D3C0028460192FFF7B2FE019A24F00054024368
:105D4C0044F0A044E5E700BF0000115038B5857E53
:105D5C00044695B1FFF760FFA38A0BB9284638BDFE
:105D6C002046FFF783FF20B1012323770025284627
:105D7C0038BD2046FFF7B8FFF8E78178014800F0FE
:105D8C0017F900BF6050001070B543780446023B11
:105D9C000E4686B0042B13D8DFE803F00349697272
:105DAC0044000021784B1A7822F001021A701A78FC
:105DBC0022F002021A7059701A7861F382021A707A
:105DCC00724B1B685A69EFF3108072B6D2E8CFCFD2
:105DDC000121BCF1000FF9D1C2E84C1FBCF1000F3E
:105DEC00F4D1BFF35F8F214698611846019300F000
:105DFC00E3F8019B00225969C1E88F2F9B6983F35B
:105E0C00108840B94FF0E023D3F8F03DDB0707D5FD
:105E1C0000BE06B070BD32466178207800F0C4F840
:105E2C0006B070BD5A4A137801331370C8E70023CB
:105E3C00584A10781A4613E0574A126812EB43126C
:105E4C0008D0D26932B12078616801939047514BE8
:105E5C001878019B0133DBB2411C99421A4618DBBE
:105E6C009842E9D84D49121A01EB4212E9E7464B28
:105E7C001A78D207D4D51A7842F004021A709FE728
:105E8C00414B1A78D507CBD51A7822F004021A7038
:105E9C0096E73D4B1A78500733D4DB78DA07BFD539
:105EAC0003223A4B207861681B688DF80C008DF842
:105EBC000D205A690491EFF3108172B6D2E8CF4FDE
:105ECC000120002CFAD1C2E8440F002CF6D1BFF30C
:105EDC005F8F9961184603A9019300F06DF8019B3F
:105EEC0000225969C1E88F2F9B6983F31088002821
:105EFC0088D032469DF80D109DF80C0000F054F837
:105F0C008EE7002505201978CDE9045521F0040110
:105F1C00039519708DF80D001C4A217812688DF8C4
:105F2C000C105169EFF3108072B6D1E8CFEF5FF02F
:105F3C00010CBEF1000FF8D1C1E84ECFBEF1000F3D
:105F4C00F3D1BFF35F8F906103A91046019200F06B
:105F5C0033F8019A5169C1E88F5F926982F3108816
:105F6C00094B38B94FF0E022D2F8F02DD10794D577
:105F7C0000BE92E732469DF80D109DF80C0000F023
:105F8C0013F8014B89E700BF00E6002058E600201B
:105F9C00EAEE0020E8EE0020F8E40020A052001009
:105FAC005FF800F0B91900105FF800F00D2D00102B
:105FBC005FF800F0810800105FF800F0C547001092
:105FCC005FF800F09D4C00105FF800F08D18001089
:105FDC004C6963656E73656420627920536F6E79CA
:105FEC0020436F6D707574657220456E74657274A4
:105FFC0061696E6D656E7420496E632E0000001F22
:10600C0000388040FFFF0A240380093C80EB083CE9
:10601C0000588A4000488A4000288940001889406E
:10602C0000388840A78C083C240008ACC624083CE7
:10603C00FFFF0835280008AC87AC083C2C0008ACE6
:10604C00C014083CFCFF0835300008AC8424083C24
:10605C0004000835340008AC0008083C280008355A
:10606C00380008AC0924083C440008353C0008AC56
:10607C008040083C00380835400008AC043C083C23
:10608C001C800835440008AC8434083C783E083544
:10609C00480008AC1F3C083C1D8008354C0008AC7F
:1060AC00FF37083C64110835500008AC053C083C2F
:1060BC0000BF0835540008AC0008083C090008353E
:1060CC00580008AC0634083CC73408350800E00317
:1060DC005C0008ACFF1D80083C00100825FF1E80EA
:1060EC00093C308A2925F905000911001EAD040070
:1060FC00DE2EFDFF0915CE1D0424DF0605240EC07F
:10610C0006BB081BD0FFFFBD2748BE02342C00FD88
:10611C00BFAF2800B3AFBF38B2AF2000B1AFF61C91
:10612C0000B0AF3AFF438C2EF1023C75E1DB4234F8
:10613C00586214BB4C4E27B35BEC7F71004424A413
:10614C000064FF14720042243AE406BA0C978CDD0A
:10615C000F18BFF624B000022409DFF840E3BEB3E9
:10616C00E62F58B3EE0F473C01180E26668E6F0EC5
:10617C000324D007FF070C8D1043A01FE7653FD603
:10618C002F8E1EBB80172500F6601425988EBBC67B
:10619C00862E6E103C0FDA25881E250B480066BC37
:1061AC00E51690DB66E59F3FC007048E4AB3E58792
:1061BC0003ED0040160A06B03CF7F71C8005D6EC40
:1061CC00043CDC920B3674A5EF2428EB2EC0EE8435
:1061DC00243B5EF76E26775F75160200C8052433E4
:1061EC00018676D820160E13968F0B1781366062B7
:1061FC00A29B169694C16E2630B7840F8F8F055FC5
:10620C00CA15914077FF2548407067A836C2604E8A
:10621C0042070B3802AC836C0EC98C75EEC284CF6E
:10622C00173E02045F6E176D0640ACCDDFB602B0B0
:10623C00A1DFCB50661778785A789608762E2719F6
:10624C0088F6F2D8877377770A6EF1038E888853B5
:10625C007E3F5B1046113CBE1D5712FF06133CB827
:10626C00C731DA2694B68EE6574EED4228CDDE14B1
:10627C00ED86000C8E10DC00AE470B001124D933D8
:10628C00EA97C5F3D98704ECE3F01FEC2EF90FF76E
:10629C00A423429FB6845110E70FBF430286DB1A3A
:1062AC001E000DD900072EEF2A28D60834101BB774
:1062BC001400DBA2AF24A0AF6D1E0724B806062481
:1062CC006C7DE654F3AE9654B60837584E36765875
:1062DC00FACF261EAEEFD00040AFEFB20C07DFD9DD
:1062EC0095DAEFD9D7FC0FF25EFF6214A845BF1701
:1062FC005AFF0010046F28F8E0AEE2F3E1C70D5E20
:10630C0045B4EF16983D5E989FE6CF82A6286AFEAC
:10631C000F00A530FCFFA2897614CE2C3716601026
:10632C0080D118021FF064C55106214FC64A42861F
:10633C008C5F7640008F18043B66D88EB89F54163D
:10634C000DB7177084E48464BF5DB400A78DB6E804
:10635C00A68D66DCA58D37C01E9DE63F309AB9240C
:10636C007920E71C9018B958E7349E302C79280B0B
:10637C009E80447940E73C9038B9A8E7549E504C35
:10638C0079480B9ED0647960E75C9058B9F8E77453
:10639C009E706C79680BCD20BA843C80F37CC878F5
:1063AC005C48F394DE8C2E88F34690B03F3370DB60
:1063BC00046717177C1ED0F371DF31D860BE87BE1F
:1063CC001674FBFF40787F50BA9E1D2EDF051EEE23
:1063DC00A22DBFB84C27DE061E9E79283907E79AF6
:1063EC0093509E0896797C3909E79293A09E0A8E69
:1063FC0079B4390BE78A93D89E0C86EBDFB91F373B
:10640C0083169E24251B7000DEFD7A8C2510084215
:10641C00175F43B6241643AEFA0E3003F01FED8A15
:10642C0001325E9EFA323B869010C16A8EFF87AEB7
:10643C0037DA2118717B5A6D707E2860012538A0DF
:10644C009D1C16FE7FF101A6DD20874A82257EE881
:10645C00422912FDDE21586D01F56EAEF0588629E9
:10646C00E66D0E14B03B565A33564C021E87B95E7D
:10647C00E13000048F6F20E17A1E7562776006D3DD
:10648C004E77AEEF0EDE8E60AEB21A99776167A6CC
:10649C000647D8011EA0000AAF1E4001813F5E9640
:1064AC0000681A4007686D08021E13DB442202F8CC
:1064BC00FFE05A27EAAD0E17241A040608C00F8F06
:1064CC0057A2F66D080D77B620E00307AE81FFA743
:1064DC00BEAF25F0E9A00306D186C678C2AF06BFD1
:1064EC0017E64203B88E40A0861457B7F8C0AFFE2B
:1064FC0006960DEFA155AF86F6AB408FD8FF2FB99E
:10650C00053666C1C28FBF7734167B7FEE02EE6014
:10651C007F162F05A17F66807F5D4F04215E1000E2
:10652C00499005AE204B9006AE404FE8D803BEAF65
:10653C0042300A01B76036C7DA18C58FF7F7B08159
:10654C00445FB708DD8FFA060C818FB70467257C92
:10655C000A7A00538F040EC6014EDD9017096EEFB8
:10656C0006D7270426E9676D31402F70275B7E2004
:10657C00E1EF6EDE2BFE063C6CB6053C501E2F7A0E
:10658C0028EB060C606F6150508E5C36C077605FF4
:10659C00CFC2A38B18CEB612DFDC16C38F1C1787A5
:1065AC0021DF10620A43806C26C48F1977A01E82EB
:1065BC0038CE4E9F6BE6625FDA7EC07147E7247B74
:1065CC0016AF87993EAF5E2A7EEBE0FF4014808FBA
:1065DC0010700E83C0078337412C27615ADF1FAB25
:1065EC00AE82C24D97836604BF04B16F322158222C
:1065FC000F1920390C3B211F7108589FB3EF067DF2
:10660C00033CC4816376961043170FA002B14F6F01
:10661C006F25E8C0034FBE8F3D8F52FE64D6E0E776
:10662C001C5F9EEE247920363EB0C40E05C200607D
:10663C005654262842E73B0F8FFFE6B0182F18045C
:10664C006EEE27271803F816633020EF58870619CB
:10665C00782C2E7F150B9F448722EDA6833EC58B8D
:10666C008356DB8319478B265E0F362C70770E16FC
:10667C0001F6829EF4308000285CDFD495B47F3024
:10668C002B099EFBF700160E5C03063A1F2479209B
:10669C00E428B00A0F161464BEE1EFE8CF14FC87AF
:1066AC00C03B56064F1C140DBFAEB790298E86EE1C
:1066BC007D0E80148C2713361668C4AF863F034CAE
:1066CC00583F5EA6AF1C8A47EF1C1F4447C12B6680
:1066DC00D1E947762047E108B05769E7F42C5ABF57
:1066EC005A0B17763718824902B0676C7F5555766E
:1066FC00BEAAFF892F761FAA2A6C550092E93F90FB
:10670C00318C065788443420B4E17F8287164015BB
:10671C007E04445F6C27C925B0C703F0205BAEDB59
:10672C00938EC3937E9F3060D80628403C9F44953F
:10673C00DE244EBF1F86070012EE7F6FBC121E03B5
:10674C009872BFB3E74F00C9105AE157A6079FBB19
:10675C0064EF56E44FC49731E8F37614C910BB8745
:10676C00021044EFE025189B97031F0E30400EBE1D
:10677C0060FB2790CF5BB7A7149E10184B9EE01CB4
:10678C0079182F041013F1B710D62FC0DF0CB49763
:10679C00141D6F7514D76E8C0F2E7EBE440F0CC259
:1067AC00772B0FB6001FA80716A718DC2287E71C4B
:1067BC009E182042B8001DC729F186A300D2A7F964
:1067CC00271131C0A7C8005D00146F5A1E67F41062
:1067DC0040A000567F015F83573D43A000118F6C92
:1067EC00373303B4972082171442BF2A1F181005A1
:1067FC001FF1090062475F036B3F92116210A19F6A
:10680C0000E076381087C5406760821F1D80FF89C5
:10681C001F6A5F1C60003097486A87A10C0708E06C
:10682C00C7844F564C57EE40AC0F9D08D427645686
:10683C00EFD710C48E66DE060DFC30F8D142241260
:10684C00185CC73690FF060E2A6FDC67D756436676
:10685C005E7FF682001210676401E403F8070062A1
:10686C001C474C42CBA0DE447177218667017050E7
:10687C00272095CE4720B08E43AC500F36044FE402
:10688C00048B820C5FED0CEF6C4F030D2700053F62
:10689C0017106EEF1448BB144F7310C50C17006122
:1068AC009C9F93FF02D79008FF6408B8FFFD6E68A9
:1068BC001196F70E6B3E76B77EA4C1060C032F58CB
:1068CC0004B73104E797BE813452EF8E6E90079671
:1068DC00F6060062270E107816EE07C625773612DC
:1068EC006FB69660F6C38F03469F6C17104FD2405D
:1068FC00E4375027B85F1A574B0AFFD857788212E3
:10690C000216677727F8824553DF67643444246A9C
:10691C0080EB52AF25DEB02697DF61E7749F379E80
:10692C00D1193797E01CAC4710EFB2BA61C6C3E778
:10693C000C044F5BF7030C90830993028218970C9D
:10694C0050C626C60EF01300621450BF3628C7027C
:10695C00E401C5B70AE20710A80FB13BA6AF9DB37F
:10696C00C3AF36B4C4BF8DEE1E17046FAA0F6205F9
:10697C0074CE45365FC227A5A77950C4E462A41330
:10698C00573C86831F0C51CFC1806EAB5F432F37B2
:10699C005B5FA450B9042B9023B9602E084B5CA804
:1069AC00CC5F1785DA70BF2E0BC55FDA80BF2C4227
:1069BC00370B0DDF0A4FFE378CC54637C16F0ADE29
:1069CC003ED06F0C02905C03905C0490587697EC70
:1069DC0083234F18FCA7874AF7A3449F02885F19AB
:1069EC004702E4AC2BC118840F133C621FE46CB457
:1069FC00406FD8A84FBBC81F17EC25DA216FF224C3
:106A0C008544DA483FED136F727415DA094FE4A030
:106A1C002B143F40EC00868F4D088B1F9040BC78A8
:106A2C008602776C802F5DB48B1F9204C11F503689
:106A3C00E01F2F1487041F04E3508774C7074C62B0
:106A4C00BFEC541F5C8096B36EC0D84CBFD62B22C3
:106A5C0037762EF9679C280A0F2F00AD9706790E12
:106A6C0010E0280246809CA89E6E9FF69C09AEDA28
:106A7C0018F36774AC872A173DF3D9A9EF851ACDA3
:106A8C001740AE27154E204B9310C7D7FF874E9853
:106A9C00090A2E024E034E8C7C6A01930C2581C18F
:106AAC00FF70F8F08E04D687116EC21865C6C257F7
:106ABC00FB368F085F05B1470A842F580384462F95
:106ACC0066C5AF3800E8C6AF30324EBAA705CE3037
:106ADC001B9887056EFF1B3DF7195D0E03D8000050
:106AEC001FE79448DDE61714A51AF6EF965987BEF2
:106AFC004FAD9F1E04109AEF34ED9FD657383FF2DE
:106B0C0004994C389D1C428F90E6675EE2C78F0259
:106B1C00E1979CAFC0C43666B3FAB18F0EAF20F8C4
:106B2C0096FFFF6DBED4FF978F1F4FFE040B974F40
:106B3C001754222B9FE2104280158F836F71AC1774
:106B4C0042773F177B64174724DF0364205CF18591
:106B5C007206585EB6B3776E6F598077B169272C81
:106B6C00E730AC28FB4F8316DE8F268F007C06ECBB
:106B7C00C6014317A353A04E83A1078D4DC227CE48
:106B8C0036EFE90F0062838719FA5F428C55277440
:106B9C00FCD72F0E05E7F63900006F8F1C886A4F63
:106BAC00446D2763AEB45517D28FE2A7F53C88C568
:106BBC00C7D5881752B3EF60D66F1BFFC46CD77A5A
:106BCC007F6CDCBF1857171013A627A8C5BFC9E0E8
:106BDC00170314575AD49716019F42D53EC4381E3A
:106BEC00523E16FE8997D14624E730451767B051BF
:106BFC00C7D31F14054FC0051C9F238967C32510DD
:106C0C00CF487CBF891467C324877C821A0262E751
:106C1C00015C97383C891C474B4EC62426272B0613
:106C2C00E87613D56F366857AD4AAFE024060F727D
:106C3C009489460D4F0F25DAC047B77F0736E88F8A
:106C4C0045CF8E3FAF02E3A7C0C28F22CF074911B9
:106C5C001BF8974811041601D750B067C948C849AA
:106C6C0005B25E0787005597B5670C499563148F7D
:106C7C002AE09E1833B760EB34438C7C560856FFE1
:106C8C00F52E93400FC3ECAED094E6C780A34EC054
:106C9C00185797741701F01801AF2A18A654FF055E
:106CAC00E8BC075C7F634ED9DEE8B7BE191645C851
:106CBC00178F1076655FF12BCA8867A313C1D60FA7
:106CCC00089DBFA8E0FF0C9E1027C81255B0A7DA8C
:106CDC0001772B920A2B92152B921B2B92062B9041
:106CEC0009AB167F801C7CE62000C6558F1D1C82CC
:106CFC002FE4200B82021FAB0275BF604E27EB9670
:106D0C00331616B81E05E694A611B69B1A0002039C
:106D1C0090EFA5F7781210041FB4470B87AF103E05
:106D2C000A9000241967A03F5DC70068B6001BEDF0
:106D3C008E14D7D84B5786183CEFC2367DD782D7E6
:106D4C005D7FEEB502D74C18916B185628A71677B5
:106D5C00884107022577E2C6F066C58F314E628FF7
:106D6C00F6AC9F26A7AD743F030E1D4F57F07BAEBC
:106D7C000CA760317F780318088C874A2FDB00C082
:106D8C00AF694F0371B7DF4006F8FFD84010D75FEB
:106D9C00A68F1060CFB8101ACD2F8F30011107308D
:106DAC00110537130D0A980F001AA6CF006810545E
:106DBC0057306293AF085E66C27F0877413F030786
:106DCC007E06E9FF40D03F6D96C2C2AF0464EF145B
:106DDC007F2210A75848C4DE30AEABD7C418CA21E6
:106DEC0097C1A3206F5C20F0148A1740442F586081
:106DFC00A71B2006E1EBFF460F24268F90BA37B174
:106E0C00409F2184BF2627D8C710F7B6A3068283DC
:106E1C00E70153ABBFC0BEC9149F1D546B86B1CAEA
:106E2C0027334CB0F70875E71FB61F4F75428C1807
:106E3C00F7834C4EC0FF1089D04604BAE7B4C06744
:106E4C008207A10BD01E22DFD2EA3FBA200DE73F0A
:106E5C00181244247B82EAFFC53F0585BDFE865788
:106E6C00EED83F0EDE23BF5C0B6E2F9666189BC7C9
:106E7C0038863AD71431CF38008A8DD71868BF16A8
:106E8C00B7192934EA4F201DBF7E1243241014E099
:106E9C00B74244A7E82040301F862ED54224DF0C91
:106EAC00051547F484E442081F1D5CA5861EBDC76A
:106EBC0080F01F3456579AD7179F30BFDE2AEEDC6E
:106ECC000429B70526428E80978614351705315450
:106EDC00D8A7CD2F174C604FB5C0CF3AC6E6447F2C
:106EEC0061D9CF18108047CE43C40963D6CE8FD753
:106EFC00207F262C130324611F45270B170A2857C4
:106F0C001BF486800B674286170004B6B62EEC2461
:106F1C001062277388DB251F616F8A1447D8FF6FB7
:106F2C00F09714FEC717800557C41F0C4EF61E2091
:106F3C005F05E726B41E960A3E02D34FB8756F1153
:106F4C00DE261E1035EF300399A7D4BEE6E81738BD
:106F5C00C8798E34E430E7386C90C5AF4D49E21AED
:106F6C000F0A14E60F14EA16379FC043854F638E41
:106F7C0054D698AF563CCE8EC96A970E3CDA67351C
:106F8C00571A8B370B112F7020885F268D8A7FD56F
:106F9C004ED68C3DF6E9FF3457C6D8E27F584F1FCA
:106FAC000D0062106AD7191739FBE472DA97156B6A
:106FBC003F109755E4DCFF67FA855FC217D500D602
:106FCC00A98F86A407C2D74E4AB10027331CC81616
:106FDC0058F42F022217074430B514FFCF14402663
:106FEC00BF371E0234921E59B510565AA377099F0B
:106FFC0037084228E75597C207E91762CF78423025
:10700C00284CDF122186DBF37F8504449FC224A227
:10701C00479BF66770380867F143242B270B76EFF4
:10702C0018EF444D371B1E5238E9F7B7B297E714E7
:10703C00F75B0F08041728E7B68FC08F3804575238
:10704C00C83E80E60557A2E715BEA7B77F470311D8
:10705C00CA0711EFC040697F8AFBC7E930AB4F927A
:10706C0038F03101F53E2D66B7AE08D316674334C0
:10707C00205718205C83805827174434A64A77AFD2
:10708C004400C2621028D752E69F880AEFD867677F
:10709C0005A527C6FF0F2F42E1100200172F1C6C0D
:1070AC00376A1FE31C34EF82BF1013DE703C801A6A
:1070BC00A51F1D8075A761A03F404E4F053777096E
:1070CC009EC2C027CCDF1E84E411E7561A9F9DB6E2
:1070DC00FF742F813BC701ED0E1D17AC76266AEFAE
:1070EC00E21113CF1414F70E184088D7C64ED60DE4
:1070FC005F0880CB088F3460BF3E3E082A5FE0A457
:10710C00AC7F007617F71666A63007B9DF22D10FD1
:10711C000600E04790B11F560DC731E3E7060C752A
:10712C00B788564F17BF5CB01557BA37510B57D9A4
:10713C0050E42784484D0F30B81F4402A56F809F40
:10714C0064D02E3D262197C40624C62EA51EC1F65A
:10715C00DF16A1EF56886710E1BF50CFC60B9566BE
:10716C00211251B720629FAFF88A691F821287E102
:10717C000AAF272C0AC04280859F6007D7588B879F
:10718C009C84E40451B78C71A60646AF29A63BDF5C
:10719C00C6FF1151E788C08F5BFE6B40A075575836
:1071AC0019DCC71142805407231B2E2E0D54076285
:1071BC003157588FA625239C14375B1F43AB0AA964
:1071CC00570C8732075C54E3870FD007B10757DAA7
:1071DC00642FF600CE87A6034FDACC6937B57467F7
:1071EC00E2F3CDAD2FAC2F6EA708D23C9F280E56E4
:1071FC00F11C02070C83F75AB5571A7537E0BEEA33
:10720C00225F3191BF4D1C86570F4D4EDFE0056E4E
:10721C000F1676939F93286CE6C68F07F6BE28361A
:10722C0017CC06A0BF8D81265E42086EDF07972E15
:10723C0058F8EE63461C6700A7D7448662B79131B5
:10724C00477A2BCAD4E741C6549506A041349FB067
:10725C006F2E67737767435621569116DD366E2372
:10726C001EB1B07756002E2F51EF860E8F7B1E8FDE
:10727C0097A4A08AE4A522C7FF40D3C0F6E3A008D8
:10728C0047EFB0178DEC9662D916D8FF820D0FBA66
:10729C003790D84FF39776C08F8DA7B0F723809790
:1072AC006FC0FE3C3C389C40E07747181873CF20E9
:1072BC00790624FA2800C06327AE0AC7BC948B0950
:1072CC0051A7A3FF40C5E25742745E98C7BE7886AB
:1072DC00469527BBBC8B450FEDC497760F7FAE024E
:1072EC001C9FC57F780C8C159F1AE0EF6D5C3F706E
:1072FC0005AA2770808C2A8730AC57EA2E86CF2CB3
:10730C001EBE2C06A32F040776B447BC00A04E6605
:10731C008AB916BB305617B370B85A346FE229B716
:10732C0067961D0680D5063CE7950F95E70D2C2E2C
:10733C00C760C4AB1F8D34A817D2B5C730DB5686D7
:10734C00043CC242CEE01FC48EF6C217071A311796
:10735C00EA0800119F8C1A77F0F08C184FFD0A0088
:10736C00001089D709E19E06F8B7E4C440E34E60EB
:10737C00669710411F89CE6F148D0A6F2E2825AF8A
:10738C00F67CD637A42BFE60377050CD44AF5A84B0
:10739C00EF834740ED14F7D0400C1F68025F1E0AC4
:1073AC001D07C137A00C96500FEC1C1C374D08AABA
:1073BC006FC6B6C66F151DE78D0D9F3BBBEC0F2A34
:1073CC00DA470800A9179E3C387A40555752AE1E32
:1073DC00A3246B77062712AF6F3C8D09145F7ABB21
:1073EC00D02987B55C3FA7FF0C8BAFA014D307182F
:1073FC002BC0AF12514731300BEFB8065E242E551F
:10740C0096038AAF44C5877D04004001502FE12BC1
:10741C00C810C7EDA33817CF29D21DC7C12AAE8D0E
:10742C003EDE64851FA9627B971218B10001C01B58
:10743C005C771233A6AA171017C705DE2ACE2A16B8
:10744C00261713822397C6832C66BF0E1261AFD307
:10745C00C68FE70D7015776C0F312CC68FD2AE2905
:10746C0070141A0771681188D742ADE7F0470BD832
:10747C002F9F06020F36071A51EF8D8ABF10011786
:10748C006181FFB50F7FB8470677C51F0C0164C536
:10749C00572D9F0C0485C8065C01F22005C9048198
:1074AC00F1164288AF423DC71D37D7386CB73A0F3B
:1074BC00240A97BE070040C16FE89DD1BC4700006D
:1074CC004DD03F83570C0AB7C60596905298DF14DF
:1074DC00601F50B18E83FF6CAF325860D0070645E9
:1074EC0057EDE2D03721464FC22097618D4287037A
:1074FC00895242EF85AF185AE2B7460F1F28BBFFDF
:10750C004086142F014C37341170DE1957D7080AF6
:10751C003586144AB791425FE92F182E184B921CEE
:10752C00D0155FAD580774172A160734AC9710B7EF
:10753C0032AC05C31BFF56AAF7A11B5927ACDF02BF
:10754C00FF854A6FAC47AF88C6A7143ADF02B1AECD
:10755C0000C027DF08D28DC7634F812C6E4DDBEF47
:10756C004710C00996B7E0C393090677680406F77D
:10757C009B13776C373700DF8AC7903317C2A87616
:10758C000702E1FFC1C7862F08DC67E136E7142349
:10759C00AF19A03FC6CC6F4176101FEA0FF27640B0
:1075AC00424E251012623F0F2C0084C59847601084
:1075BC003BCFC28F0235578AF7109CA668586F9F35
:1075CC0056221B712F13A06F3F0A004271CFA9D80E
:1075DC009768F66210C847428F8F6380037677C036
:1075EC006FA19AD7B4C267983762D9BD4FF401A482
:1075FC006F12B6AD4E85D08417147F12136EC41063
:10760C004C7760827F3423F7560A6719EB22C24C01
:10761C004F1628AFA1167F0C67032C15BFA118B706
:10762C000B0C27321841600E2FAD6F4FF04228ED36
:10763C00D117740137DF6866B702401D2FC330279E
:10764C005C3497146BB7D618D2A3AF09B74717643D
:10765C00D0FF1657B075F60DAAA7405597680BA624
:10766C00027696244100628F516F40C1EEEF60812B
:10767C00371EE7A127A8FF85533F200938F702EEF4
:10768C0074DF1442DF165682107FB8204AA41710FC
:10769C00873414836F52C357150A84070041C7A25D
:1076AC009F0060D4B8970511A67702D7170EA2D207
:1076BC00AF90019F569DF723861886BC200622F9B1
:1076CC001804A71B9F190A040456C04F0C1A969550
:1076DC0097574A4BA0A79A4B8B898F60670655A189
:1076EC00EF4130AB5B477740355C1A6729A85DD515
:1076FC00DF4D4E464725A897194F002E32E08E805D
:10770C001F0634400B92428B8A434F82E8508A8783
:10771C00B7DF4BAD0B5137295296283F06AF88B7D0
:10772C000B1A106F2002DFA638F73EC4B6B7C0475D
:10773C00C878B6CC7DB62510BE222518E000D00A3C
:10774C005EA7D016600926F00EFDED2877E0D74233
:10775C00271F0424C3E2612F0A71D7E41C35359E20
:10776C002ED8270F2856D7D8AEC39761171AE34ED9
:10777C00C826FF7530D738EF364F844876171F521E
:10778C00C5FF700225BE7B2D00C2A3570EC011048D
:10779C00FCF7CC933049F81F932D2E1726373FC09A
:1077AC00A0FE543E0E0A7761CC0E97B08A161CD1FF
:1077BC005FA040BF613CFEEF0A77438EE18FDB3266
:1077CC00FF977E612706B03760C7C32F81589FD6BD
:1077DC0036A3571786394B3CDF0FCF839661D0FC0D
:1077EC003E1C03001057EE00141EFD062510628C83
:1077FC001766D6C5303C2E843B2627256D0800061F
:10780C00620743F62C7D079EE20A8FB48B9600022A
:10781C001A702FBA0178326B3785358FDE438C4264
:10782C00BEDF211862C02FD8AC176602E1945A5DF6
:10783C002EA7362F9D42944EBFD83E2DFA87FC952D
:10784C00C7365DD7E140D416DF360F1B5466803D3A
:10785C00276B460D565004575C80F54CBA7F413F60
:10786C0050DE34AE041AC7B14277F83EA3347B4ED7
:10787C0001EEC3044F722205DE04F63040AD8617CC
:10788C00093E5647F0760AC537E909004A470F2CDE
:10789C008E0D2F382BE2D437069EDE9791BF616F89
:1078AC00EE92255CA7A1A6D814F730B8570D85BF6A
:1078BC00854F79075CDE8FFA8FC8EA0F2D4971C7A7
:1078CC00399F5A97BE0F00C934721C05C81005B0F9
:1078DC004F2981EFAA2427B5EB0F251EA6FF055EC5
:1078EC00EE270A98FF2E30F156527766310EA624F9
:1078FC00FFAE2548B1FAAEA7306EFF0A3BAF90340D
:10790C00B12BCFA80A0EC73837E358AE0FBAAA1757
:10791C00E334B9DF1C0B9234DD170657165C216C6F
:10792C002FAA17995C3B80D75C9F6627240657AC1F
:10793C0007CE5FB62786806FADC02FCEDF378A2883
:10794C005FC1D743802176A8FFB87F20D7AE2CF03B
:10795C00D6025507D52C977002DCE73E81700245A4
:10796C000FC9D0705DC5E75D0B57C70C0CE75D0BFD
:10797C0051C776F4CFB84381B59FC7CFC3C0932509
:10798C00E9A753378F0E52A6472811071314685FC7
:10799C00D0E2073AEFEB5706379C0A4DD89F028D81
:1079AC00A7981E3F1507FF1724828F7F9E13000098
:1079BC0096603F100D471025ECFEFEEF4804470B78
:1079CC00CF2C8FC0C81C97E0508F340F6C572011F0
:1079DC004F08C3A937D2A304698F58E12E108977B9
:1079EC00D480009DC72236EFB18701B31F7F49A514
:1079FC008FE34E930AC702D0163F89D518FFE020BB
:107A0C009B1793A73843A08B88FF60DF42A69A2070
:107A1C00204620A10EA2EE0091C8EF52CA26989FD4
:107A2C00706B77D64D4306DE010E0AB6680EABEED0
:107A3C00971BB5DF120CC7ACCF07A643272FB1A0FD
:107A4C00FF7837A08D5F6C3733FFCD9CA4200B6F74
:107A5C00B5130108078E0F1E76E24D4CD6FF84E35A
:107A6C00F7DA4224D711E8471C200FBC1C08C22AA5
:107A7C00870BBC14D6E998705F1E2627D6DB2DE742
:107A8C000D8EC2A08FAB576C9663302FEE5E675392
:107A9C001C6E20026FF019D397C71D28A6AF8C045B
:107AAC006B275258FF35DF859B574157A798A08FFE
:107ABC00AA5FB6977E231002000F02622F628073BA
:107ACC006F2405AF6026D7B84039AED030B30F6302
:107ADC00E73E8F828FA61B506F060CB711FF788183
:107AEC00528AD097A783B6877680A7D72E271E01F8
:107AFC00857F58E70A87B565B7461FBBEF5155AF71
:107B0C00AFFF53142F6A70871781EB200224328742
:107B1C00080F6EAF0F8420E07FA857C137A414E480
:107B2C00060B755F2B8C1F63AFC40CA55F47FEA0C3
:107B3C0027BA076A2152B7022B9F5935E7A90B4F79
:107B4C0010702F0DFE5CC601F2017001508EFF8982
:107B5C00170E7F542F0A73F74E062E133E47A23F83
:107B6C00CF3F77564F81CF26768F1CD72BF30F0143
:107B7C00CF010169DF87586E9EA4A04EA87EAC0091
:107B8C00C530A0A7507CDE82DA44DBDF1E3E468F78
:107B9C00710B0753B1C70EAE9CF0362177169D0EB4
:107BAC00809ED4461438EF9B9F2EDE0396B61B8F17
:107BBC008AAC07B918E49CE404AC7077C214D41FE7
:107BCC0083075A9E8FC5370D1169442F89E046866D
:107BDC007710D837C2AB470F068F3E8FA805EF142E
:107BEC00845817DDEE2C8D1AA8F740E30F52174F6F
:107BFC001422313A6F8F12FE21B618168018DAA4AF
:107C0C004C3559BEEF40AC00AA0FDF16AF005DBF7C
:107C1C0060760F33A7581D1F58A07718A82B4793D1
:107C2C00320E57D2C3D6638F8125444F89E0A63BD1
:107C3C00460F9196C02729670AEE377FF11BD406B1
:107C4C000C35271601670D1BBACF20DCAFB25E03D3
:107C5C00E16604C1063A25F45E127B76212016708B
:107C6C00802004DA07DAF02E43AC289F2C3A07D890
:107C7C0000281F914467212A570B8838380FC60CEF
:107C8C00173039184778C0AF30AB87923CE42023CB
:107C9C00D0428CAB7F61BFEB1A00624A370624845A
:107CAC0026973807D7488DCFECC0199EDBC6A3AFFB
:107CBC001F0D14D5168F9A56C701BEA2CE813C4C0F
:107CCC00D7B40E0F901ED60B1028E790E87FCDC2CC
:107CDC00A4E70D41AF7B50FD1661AC02B256A80271
:107CEC0039B002990699E7F42F24008EC227B13FD0
:107CFC00DFB08E02279D14004CD1DFE218902AC70A
:107D0C0090705AB05E672401D39700E402062400F9
:107D1C00643C2E9D43E3C32724705FAE5F63DF4654
:107D2C002711337F4B7F5E01003423AF4E17921126
:107D3C00C2EF070C01081C4F1050F8E21E07761E0C
:107D4C00B7033FC43A2C768C0108D01F382CEC6E4C
:107D5C00F7A408D72F19D3214C9085C8623002C5DF
:107D6C006F4DB4AC9723EEB14F9782CEC3A4016F85
:107D7C0004AABF04308736EC972E3C346C5F713705
:107D8C0057248291C726293A372C345F0D548B9790
:107D9C0082162F31C5372981578009467789EFC163
:107DAC007C91CF12B8E7446D273C5E8FF08F432E49
:107DBC00552F1E7BD726200F1B14B70C0D0D520F01
:107DCC0094EBA7611F0BA67F3C080F4003D60684DB
:107DDC00C705820F818C1D28079D2EF945D157EAC6
:107DEC0090914277258B1F92E4E8802A8770049249
:107DFC00A19701C14BD745C942F895DA060C2A2F39
:107E0C001D14924C4447B11F727417AC2580331764
:107E1C0078D8922A7776009327998239142DD21F1D
:107E2C00305E95DAA2E0DFC40527A8BAC7C019AE48
:107E3C00AF0A1807DA3F72C5FF380200EAD7464589
:107E4C000F575CE411429402DB5640A4740F5AFAAB
:107E5C00E6E04AAA3FC6A8C7E202185F2C581709E9
:107E6C008E1703D72F0301354788BFB618407427E8
:107E7C009306A7D0D7AFD862A077112787D847A58C
:107E8C00BAEF944C3FC0A7138F7F439087235E8E2D
:107E9C001F7FC614A760A61F0493EFDFB7A102864D
:107EAC003E15DFBC8E97041B8760A76D06777305A4
:107EBC00C80557802160D51F63ADB762604FD015E0
:107ECC00F630FA0800C2AF08E2EFC4EE4697FFF7AF
:107EDC0030FB378F985FFB1042341F02167B5E0C11
:107EEC007EC90C5EBFFF4AE4402501EA0E81FF60AB
:107EFC007F64DFAC10AF0C12F24F1B6E49FC589133
:107F0C00D806B71BF74757408200372604C567C809
:107F1C00FB56081F620498478049B1EF45EFBE2F0E
:107F2C00181429A78821C226A1770C28CBA7470EA5
:107F3C00E0FF58230F0C08AC0E160F15BF76F84750
:107F4C000C51572C473609D70186409FA696AEE7B1
:107F5C00189F60C0E9D71DBF22B70D4DC10F82B469
:107F6C00A80839F7A9084ECFA4075AE80752A25718
:107F7C00F53EDB5CE73838424C2E8636863ED045E3
:107F8C00347D4604E3A9379D480BF6613711C3973E
:107F9C006AB714C21662D7B5C0B7B04F2143F667A3
:107FAC001F43AC0026B7BD5C1152978E1EA7CE1F87
:107FBC004394CE7F43A4092FE044340233AF1270B4
:107FCC00464B1F274C14EC2E2A46141BBF164FF69B
:107FDC00FFFF433097F8A460DB2967C65811C447EC
:107FEC001E6FE930E98FB307373D14A730F000B0AE
:107FFC00965327166EBF245A254E0B1F5156FF0C55
:10800C008F11863E4727A2E2076123AF3F28100C51
:10801C001F4D286CCB870ED38CAF84CDA75D17B0CA
:10802C001F710687881F405C4786870405DC372450
:10803C0005C04F86179581875BDE6840AC318F6A2F
:10804C00359F6915F78FE74110DF7558235F6D1F5A
:10805C00ADDBD72E6943A04A4F02ED03FF84D86FE6
:10806C00209762FA2A67C6C4A704ED95DA87325ABC
:10807C0068892FC44294E267D15702028D1F5BEFCF
:10808C00008DA8B7B6DF04237602B8AF240974A715
:10809C00A4987F0B044F0B97A420B04097D85A4755
:1080AC002C058A07C1970205DF5B8F0D200DC707D2
:1080BC003060A7D37F5AB6079EE8A6AACF30459763
:1080CC005C14957210543226156881DF52E9A613A0
:1080DC008F47C38F009D1F42340F36065F18C45E56
:1080EC00363637194800D4A0BF38221D36EA45C7AA
:1080FC0069A8574216775A13CF5F0D7FBAE728133A
:10810C001F97766888886E26818883AFAC103732CB
:10811C004C17540874AF811E3E2C0094AFE96C933D
:10812C00352FF0072443382725D2374405C46495EE
:10813C00D7207C76440EAF29B5438758280F40EBE7
:10814C00FF050F0B3703E882030F29604F410F42E5
:10815C00C03781D72F605D36ACF53EDB060C8A0745
:10816C002D70570AD52F5A18D8A7C4431E078890CC
:10817C00B916D016ABBE631FE5948E4E8908CCE7BA
:10818C009806B604463A8E910070D709A3B7809032
:10819C00191783058E01A0FE2706572EA800691F0C
:1081AC00B74D8F93C000C01E4FB594A75742268D74
:1081BC00D7936D0FA8AF6406AB1C0F0C43156FF073
:1081CC009400C055671ADC5F45A5AB0F4136DF94B0
:1081DC002B278D20A91F8F644680DA398780575D45
:1081EC0027E6B01F973EBA672424A98FAE3827B76D
:1081FC001678BF4AC6FE5CA758928B7F5070D7FB8F
:10820C0007423006CF713897BF4D3855BFE3300A5F
:10821C0063DFDA0A27C14E34261821C4C7BE26AC48
:10822C0029172F4B6F923A06240AAD877D3EE33710
:10823C0027FA81E68A67D9F6869F11D75F8025B425
:10824C00EF086097524DFF76887FB81C23B7183D16
:10825C000744D547D4076F1620A142345B35F7C2CB
:10826C0011D4E76F5FC097FF82A46F62264B5767EC
:10827C0091E1FF6214A18FA48C380F91A317118880
:10828C00982F36B710919F7418B9C7D490936A176A
:10829C00576705DE48AEB479B00D097BC73806CFF9
:1082AC003C403C44F348CF4C504253FF544517DB01
:1082BC006CFFC0E803FC47DE575FE76D1F102FD043
:1082CC005816CED317834CA730C6D8EF0E2E314696
:1082DC005C340F30ABFF751F02B12FA797D83799BD
:1082EC0003390200D926A5D6C3B82720EC5EBF8E71
:1082FC003EDB53540E4641683E0519A45704F8A6BC
:10830C000CE7291F764F4F57DB0E534C4F531F2151
:10831C006E9FDA52454E0942D24F5E5A42A34E40EE
:10832C0007C7F6A48AE9BF2E42B7965AF43E06C593
:10833C006F847B4E62CE571358854550E6455417D3
:10834C00EC26F94F4E4C4CD00E4376B60F4F2FF90E
:10835C00EA4CA74C3C2C74EF7B075C16D05CEC8F82
:10836C0048CBC79F0E4D50DB0E4A559E490E578C7D
:10837C00A8E4B80F3D08008997C3494E9EDA42968F
:10838C003142FDA000C0AF29572FE0A0939AF730DF
:10839C0037376DEF0D40D87E176444B950D3EFA238
:1083AC004406979BA026B42EC60A1E4C56A43C9697
:1083BC003CDC0DA9EF702E352F7BD2E6271B6FE826
:1083CC0037BB97505EC9C8F8330300106847674441
:1083DC0090472C10B7390494290467304C4597D238
:1083EC00200CCFC04CE00F425CCF1A9D67A7C7266C
:1083FC00B7017C2693200AD79A20856F3501B1E707
:10840C000814D76356AF080F639C2A97A64C18AF75
:10841C001C18621117A80C4E6CD8AF03E006F3BC05
:10842C0007E702315F3A58442697273AA72C341FA6
:10843C0021810F900F8B048740C9EA825F1C424751
:10844C0058BE395E0702F51AEC45AFD14DCEDA5263
:10845C005E7642E8608BCFC920945308517AEE20A7
:10846C00C7AF600080C2B7BF00A18F26FFFF026EAE
:10847C00F7303034979422F73C8AE9012A9F3A0767
:10848C000D77364C572BA8448A4F52D4AF0B6756F6
:10849C0000D5B7E96CC3540FD2944CDF07846B7FC3
:1084AC008164E5FF5276601768257068B84F4117F4
:1084BC004E8C9402A23F5AE7BA4449908704EDF7D8
:1084CC004287D5F70334459708152E531F3663148E
:1084DC00D75C6C85C9CC5613FEF107000028A71099
:1084EC0035E705A9AFAEF6FFC04014A207C06A2F4E
:1084FC00B07877022A663CC389DFBC04264085CF5E
:10850C00084421730CC95068A107806CCCCF6C5106
:10851C005777702EB7704F0E1537E1BEE60CC1FFC2
:10852C0081E2760F178447175AA5EE081F3150DFEA
:10853C008A3F07CC0121215C365494A50CD73ABF55
:10854C00F0C6FF988F976EC2484128EFF5D2E644EB
:10855C00E7819F4EB4C91536A8F000C2AFA8988722
:10856C00264EFA96434FEA7F50B03F2B07615F804F
:10857C0052F63E4B5F0A72575211394558089656BF
:10858C0041559E4E825F984F3CDE534342578F7647
:10859C00E8624F604EE1CE4CE2C603316F6D3FC2D4
:1085AC00556BAE4D8ED8AF3FBE750C07A6285F70CD
:1085BC0000955C0EF2020762EF05438F41953F4E2A
:1085CC00450126690F6B5F01ABE7A68467BA886229
:1085DC0097BA8422F7E48CE78C9284E090154FDBF9
:1085EC00905FC20C00E8B7C1674238DF6016BA77FB
:1085FC008845273E08D6060C054F17587D7602FE97
:10860C009A2F5B6C5F103FF5C21102016F981F69C6
:10861C007F0AAF9A2CEBCF7447300316D645004433
:10862C00C748C1997F842694F556948157488B8B03
:10863C00FF093E9E880043BC985E982D4497841594
:10864C00CF6DEEC6C28F304D27828FB829220FE036
:10865C000FC06E81BAB73053A7671218058F294E19
:10866C005F0B501BDECF03AC3AC51FB02F31CCD7FC
:10867C003F300D377230DA1E2C11E74CB70A0F78E9
:10868C00980C07A067F0A90008179D444E139F741F
:10869C002005DB91BF198237D9CE6E06B404C6789B
:1086AC0075F7C534AED43414AF48A1AF46EF468746
:1086BC00A17C8AF744174F105137B036683E74824C
:1086CC00A63780AC5F289FB003E758205F5BA6C637
:1086DC008F8674BFE2F8AEBF2A081FB164BF43A7F0
:1086EC00787966343C2C963427C534275C34175F74
:1086FC0078152772C8615607124C7769EA469606B8
:10870C00478D2FF7419657485E0E317F7B0200173D
:10871C0048A8C764302F50536C0E47410EDF3A1EE9
:10872C00C8A64780D6BF01D7434148ED264C6F32CF
:10873C00115C8895D424DC8F6125C0A7C1C43F1778
:10874C00085BA5776EA72B4BA60E8FC08FB81D2F7D
:10875C00132D4953DF2B5871AF2C2EA7D640E1A314
:10876C00BFA44A52EFE91F4EE488B948E40DD25534
:10877C00776C77360237819020A442F2EDA4DC05A9
:10878C002F200677AB010A0FAC336FC00130878006
:10879C009A9FC04CBF7CC38F10011A6760F426C728
:1087AC0025D4BF1021AF53144235AF4812ADF72F6B
:1087BC008E8370B7EC448C17317F87660048E81EB7
:1087CC00CC43AC04AAE7C49C8F160D6F0AC0000002
:1087DC00438187CBFFFF0906B7B809007457C070F7
:1087EC0011A407255E4630F1FF4014E0674048AA0B
:1087FC00AFF80D000009146F4E4300C0FFD30AAF51
:10880C005D4498FF94041F23167630ED0A072C095B
:10881C00C54F81BD9E60F0962037873D7011404F4B
:10882C004F404011F5EF93384FC263BF1DB748213D
:10883C0007D84330275BE6633408D1E61FAD455FAC
:10884C00C6500E37C0C2AF4A8B77D6FFFFC51FE9A3
:10885C00401C8177817007E738909683830F860ED2
:10886C00072B80029577582D8F25563F04E0E7B1F2
:10887C009397562DC77400623740162F08704E1D03
:10888C00A7890B1711DD671043A081576117C080B2
:10889C000018E93F778F40E01302000E8704355F24
:1088AC00C9027511567F3B500224B018677D4430C5
:1088BC0018AB7FA325E6617F0CCF32070585D0AEC0
:1088CC0018C47F30010438AF4CDF3E711140A02832
:1088DC001F7C351043A00538E70B0C5FA637910BB6
:1088EC00970D4F32441AA06740205F52C587619C98
:1088FC00CF428061C1676B626F22F82C00C70AD12E
:10890C00E737357F42028FFF1E67026E27E095B076
:10891C000780AE17718B2F847099FF1075AFC32A27
:10892C00E75D244EBF9036B6766ED363909F0C28CD
:10893C0050276B762F11C7EA302A0716AF5C5736D3
:10894C006F8F00060D2674D6E106CCE70B7FA80CC2
:10895C000A4709A0103A975797A0C55317280871D2
:10896C009712186F41C674E0002C815748C1E2463B
:10897C00193206D1AF9F50E25B51370616647F0562
:10898C00FEC71043AC226A87B015D7713CD8C75AC2
:10899C00BCC7FDED0D8AAF3A3893A55705566FCE7F
:1089AC002FC68F82AE67A0BACFF50040136F5B76EF
:1089BC0000E09E221FD1885404D4E762862F30C079
:1089CC005F860692B6C28487058607193C02C52FBE
:1089DC0010A1AB47587A861AE0462C5397745577FA
:1089EC00DB730F9E7224A0A98F8120AA8F94BCC622
:1089FC0021680E80E76010152FE85000A60FA58A9D
:108A0C004F6893225FD87F06249AC7E7244D270D21
:108A1C000A82BFE39054FFD373E768CCBFB73573BA
:108A2C005D1F71B1379D4E8637724E724E06253FD3
:108A3C004A88DC463F062BEF614F6DE202008887C7
:108A4C006D02F76E378514119F20A0E7190902E417
:108A5C005608F843905A43310F21860F480AD7C164
:108A6C0077088AB6562C2CB7C240B8BF2CAA6F2CEC
:108A7C00108720815F01662FD8F7405AE03E15B071
:108A8C004F40D7C82105CE73C09FA89F56D0FF1961
:108A9C0083DFBC74560E62B79B0B1758D5E756860E
:108AAC002B0FB674CF82EC0F21F5FE0B179F04EA47
:108ABC00FFFF2E5F30875F5614F8D6F22B5761B745
:108ACC008207F70B10310F600840C71EC48FB86FB8
:108ADC00117626084F86C713E66152FF25C70F4A49
:108AEC004150AE50566F04051716D077C845158502
:108AFC002D8F070202DF00C58FBD401043A08057A9
:108B0C00190202B13A1690C1FF0D4180A7B9412A52
:108B1C00E20014A638259A67505507C3267F0563D3
:108B2C0071DFE240AC3187B216CBAD67805F16CFF8
:108B3C00A18B104F0356A2EE9EE33C44221D7F8175
:108B4C00C708E00771FFE34D32E1264F2BEE42C41C
:108B5C00EE639F40BD9F401C18920990AF947A37EA
:108B6C0081A75F100211505F2B3C6E0C61522F835A
:108B7C00B7612EC7E8040AAF0911B70F6F501DCCAF
:108B8C00D75BC747628100116F17208120D0162058
:108B9C0004E357A0142AAF441C7716126D8E28C616
:108BAC006844A7C41C688F909FAEA5E41A54FF605C
:108BBC0004D877D1BC1FC096052A3730C2FF1D9749
:108BCC00D0E2014234891F69C7900202E4842B90E1
:108BDC000302D944A4C74ABFAE47A6688FA648D0A3
:108BEC00775D494950B7480835C716A668B7AE44F3
:108BFC00B0623FA65708CFAB86563782E4098AEDA0
:108C0C000B7715C90C15D60D158750AC185700D716
:108C1C00E840C7661E96A124890F60A7844CC087C4
:108C2C00E002021077702C0BFF4B15E78115A6C2E2
:108C3C0001221F54E277B80F815A66FA174507B024
:108C4C00040E0F0724258848FAA80224E0375EE6B4
:108C5C002403EF6ECF11AC37049AFFB7E700D79718
:108C6C0036DF0080BF00FD110500212845AC1A2815
:108C7C000EBBC60B3CED2120856E6040E06FBE96AE
:108C8C00CE24D47B6BFF4C0F24404007664E066B02
:108C9C00D44182021EBFC016680125C05080ACB6FC
:108CAC00ED286606A98D0A07C40AB04E0508A0FE79
:108CBC002E002329DE60632C4019C0E4B00EE104C1
:108CCC004EAF6334D1A0659A1E451E3E290BE4FFBE
:108CDC00C9B615304A25D7068CCEFD8424E5FF8F06
:108CEC0015BE2EE724C21005F556A33BFE60108678
:108CFC0001977724201E9F03400096A31CAFE11F11
:108D0C0088BFC288C1AE9602C71F0A00A011770F98
:108D1C00E3FF608214DA840958560201616702226B
:108D2C00CE06FE0B0EDCFF60CC023BE6DA0EB0AEDC
:108D3C0024368D8F08D2438C8E0604B0AE25BE81AE
:108D4C002CAE71A7BBDB19020A58970C193E430FC6
:108D5C0078B8C963248BBE072C1144F6BF328180CE
:108D6C003ED722E72627390F04CBF217EE053CC27B
:108D7C00BE377E30C2351A37CA2330067B6F0A6E77
:108D8C00C62497E1F01046686F8FF410A4ACF7EC92
:108D9C001062AC5F3B2FF810EEA0ACE81E04773EDF
:108DAC001F0B3F474366DCE4266961F644DCB724BD
:108DBC000C9D67BF03943748776C440240374734A7
:108DCC000CF0FD06608240843F7D518F3F0424EF00
:108DDC002720801E032D556064E516838D2D3EC221
:108DEC005FDB1780BFFE5A5AEE949269BFBD341EEA
:108DFC00A4849F473ED65410C7DFBD025F951FBBAE
:108E0C0067BA429633679F0870B730A770BF8AB5B0
:108E1C00B78BBF0176BFE98750C1B79C8708B76C89
:108E2C00D4EE98077124F06F861EAC145736E67793
:108E3C00DC0F8516BE0F280C9C69DD86002A051DEB
:108E4C00C6A2BC37A4003D6765F87E1044636F73FF
:108E5C00E75A4305DFFCD810648C17C645A4047B85
:108E6C001E5E0ECFCE583C05EC2FC58007C577A2F1
:108E7C00D8E36F1CEF402DCF10D843AC97061240AF
:108E8C00AD9B8F4017FC5834428030D7B0CFDDC833
:108E9C00C6DC27251000564FCE7637A3FEB6DA185F
:108EAC000837425285378B27691E400C046086C2F6
:108EBC004F87B61E7F1300441060086302817666EC
:108ECC002EE0F060ACC22F4B3A835E5F9A1E43BF1C
:108EDC006623285D5E2076161EB16537C91C6205B7
:108EEC00F7061C36BD1876AC87AE47EE281696F6FC
:108EFC0057FF0826AB9609AC60010A1D968328CD56
:108F0C00DF68542E301A878BBA2018010F3D213898
:108F1C00665E6EE780B9C7ABE0DFF50F00E958EF8E
:108F2C002F362A38A300B6022F30764E264D96F3F4
:108F3C00EEFFCA146FFA2B18450002EC472DAEC693
:108F4C00E53E460CBECEF6FE0E25180000188F111D
:108F5C00EC6FAC23041C3E70760D878F2F06A71187
:108F6C00E6274F19A800BC40119530A0050E06DF6E
:108F7C006148800E4472ACE719ECBF42EEEE093C3E
:108F8C00DDDDFC0A3CCCCC073C37766284B0F710B4
:108F9C00AB8C032EE0033406EDCF3E29B635660CC0
:108FAC0024D9464A35B4E734A7F7900C4782A8F881
:108FBC0041042A1846CF9601700F8238C6535B16AF
:108FCC00F79C0F015F9296E6DC0E630100654F572C
:108FDC00EFFF690F4FEFEDFF6C0FE5EBFF6AFAE95E
:108FEC00FF6710E15F050EA254CF618177D18C1021
:108FFC00270306BB3CCFACC5140E093E2457DE2913
:10900C00DEDE28A632A303373B67147F0B4F854661
:10901C005483E88E601952F7CB4727A405C6F25744
:10902C00B836EDB56627D7EC82D74C1896052606D0
:10903C000E04DE939A37D7A72128C026E62ED7E454
:10904C00455E2605605EC74280002BFF1EBF810077
:10905C000A2EE9EDF71E0330B761854AB60168FFA9
:10906C0007707E84F5B7433F6F7810671E4F321F31
:10907C0016466FB88CF74DC08E8317453EA203B4CD
:10908C000E82004CB7C6054C17E6013EDFE0DECC85
:10909C00EFDF0A7717C05A474F5E064379A7A0BE89
:1090AC00E5FF3EA524FDFFA6140122FFE04C80F64F
:1090BC00F7C700590614D7D95A3E930CC66E2140F7
:1090CC00CFDA0A810E4B157643A8A7FBFAFF496E3F
:1090DC00F90AA1726FB56364278E575AD6696D3A37
:1090EC002B36EBE2A45C3A07E2F5A7AF16C75A663B
:1090FC003E26545E3B96C4008A112FF0001938E2CC
:10910C002AA41D86A309FDFFFF47A0A01C67FE8FA4
:10911C00FBFFE014AF3718C28600AD476682BAA0D9
:10912C004FEE0FB7842C106FE95C366EF6DF2044DF
:10913C008E83900D9282EE90001A34B2F03E9DCE4A
:10914C00DB1F000017E403F80016026C8F05FB17F9
:10915C008D0E6090F0185E157FB81E507CF77D3632
:10916C00C828E14E326E20062326C1A53FE206B187
:10917C00DFDB16482CD2C311F73A661420AF63021A
:10918C00B0773BB7069F6D5E85107B8F2318BCA410
:10919C005E052E461D961A0082BEF7471218005C1B
:1091AC00D762A93683833F74174468DDA6B8ED05F2
:1091BC001F5F20838CA539A653AEB8410866C260E8
:1091CC0000CDCFBE4610A0DEC013573060C69C4EFB
:1091DC0030A66F4EF9FF8014A326A6D18020B6E8E6
:1091EC0020E4FC27F2FF681E3682AC06BD7EC01F51
:1091FC0099A696350EC8D89EB65A04B89E04FE2E73
:10920C0026206213DE6A84302336616E416E6AAAB0
:10921C00AD8C2D9EBC9602010222CD3E82204C408C
:10922C00F314E11048595F2BE6059EC20223FF7729
:10923C000242086E08220AB81E3E5C3E2086F6B931
:10924C008FBCC33E62D62296F8DEFFA71426AC0F65
:10925C002F6E036F0FE144A0713F8407AEC0829C58
:10926C00F70B370BDF98565476F777479C42D1179C
:10927C0019F05620DE97043C15BF693F16DC968426
:10928C008024C5A7DEC03E3022D44E22977EF8E95A
:10929C0010788EB060B0AF24FCDFB529507EB431AD
:1092AC005640B28DF6B183AF32474610862786649E
:1092BC000670C40600284E2A331F6E43148E5D8040
:1092CC00D714114E0F7F153CEC10878E12A2368EE0
:1092DC00542E8E47EE57160206171167CEBD10BEE0
:1092EC0025B1B8030F617E78BE342FFCE3B1262084
:1092FC0016D82A22322C0670AE089FF7B5BC8FFE0A
:10930C008F1C368F1C068FF08F6336583708AE26AD
:10931C00E3BDC700AC10ADCFF3E0FF431485DFDA3B
:10932C009F1C97735F96296D37161163DF371041B9
:10933C0004207626471CC49FC0C047C057C14F3875
:10934C000E215711D89E571C2097A112AD1715BE90
:10935C00D6DEF61EAED0BF849DCF10BD589FC1AFD8
:10936C00B75606279F531C365CAFB7A46B0EAF06DF
:10937C00DE8F1E8F28976FC397EE46AEFE56C3FF47
:10938C00FAA8FF5F973132BCEEFF201217689E9847
:10939C007BA7FE6E1827BF0E87615FA9B3CD17B0F0
:1093AC00DE964EAE8356840D96075E844C3926A20B
:1093BC004447141E4626B6A8A35836428C8A3667F4
:1093CC0084BE4745940DC7243C1C66179A201D3754
:1093DC0038A0E513B0B7AD3F8FF13C01422428EF24
:1093EC007AE406088D87752129371BB11E103C7C49
:1093FC003632000377E76021B0570B4FAE2A069048
:10940C0036371144F6CF2A4ED69C3608F01E230B65
:10941C0077F0E01062ACB86FBCD47B0A1E0C1AEA71
:10942C00CFAFDECE92F826FDF52627F68D60FFA78E
:10943C006AC67BECEE28625D7FA13644E15EA00E2D
:10944C00B718245A7367208911FB671C0F7089F7B2
:10945C00BE28160617C197E9CE0277147A878016B4
:10946C009E12A066178E440A839CF7D410006BDE04
:10947C0090BE470E54D210A39C6FAAE645AE661759
:10948C009F643E15EFFE204E642C089E9F082624F8
:10949C00D16E24AF5F50A4A0F98FB0040BF67B669D
:1094AC00ACE70BDF9CEF151A5982B75727B4266F20
:1094BC002326BFE1F504C81F2067402810043B6F2A
:1094CC0047AE031601065E1027C71F24212EB76670
:1094DC000E2674BFC63507B8876CE01E6B2E5DA7D1
:1094EC000B3F0311245F252000900087491296073B
:1094FC00E80F016FC7E4330A3C1F64EB9E4A3E8CB5
:10950C00AC9B9FD2A1E85D1FB096B4E7CC714F70B5
:10951C00D885572987EFDEDCC00608609746A1F690
:10952C00AD96BE3883142560A0889FF063E768472A
:10953C00C01CD2853A6F20024F1C8891DEF4831533
:10954C00237C3664000C7FC7B023158E2070E6D4C4
:10955C007C6C3AA71656BDA3E7A157733F5F82F503
:10956C006F68BDC63C08462410A7F75C34462FD55F
:10957C00403E389F0942C629FCEEC4AC3C45D89EFF
:10958C00FFFF671760080BD08ED48E14B5CF4DA398
:10959C00EF11DD6F188200015F0F03006003817F04
:1095AC0088F8C86F37EF2130860AA1FE8054AF28A7
:1095BC00D747FA4E68CE656E28048324111769626A
:1095CC00AF3BA6B7615F1704008083882F52616799
:1095DC0071461FF6F0FF84C2614F16A7BA66BF83AF
:1095EC006F2A18A3434E042E045F97605EAC462D81
:1095FC00BFDF074F264AF08C5C3EE7573E40977E14
:10960C000A152548E000C247DD5E082506DA260E5D
:10961C00E516B3272785670B27B085EA18DFC41E2C
:10962C000601B6308E26427AE9234048AD6A400ED8
:10963C0021F640280118E6868D67858AF7191020D7
:10964C00B914C7179A2E622A6F316017D4CFC5A3ED
:10965C0087086ECF864AE4A3E46202C2E33F121C81
:10966C0096480E0668DE083FFE093CA92A04C6018E
:10967C002E620A3C3FEE509729A82550269124ECE7
:10968C00EF4CEB264B366D96E2809EEFE2A002DCAF
:10969C001701F303A5EF5626A050DE261EA0B4BE7C
:1096AC00972001A676F6A612271604AE91A64025A1
:1096BC00CD8FE0300A5B062E030F4E581A271ADFA7
:1096CC002B06153FB0F7FF81371BAE514657068A64
:1096DC00D6A2FA0A678026E767232F304272CE0D96
:1096EC00FB9008ADDFF02578495493BE5FEBAF6378
:1096FC007EE025C0A074B60E0E168346468180A36C
:10970C007FBC947FC4252C2DF6AF0ECE660337306C
:10971C00A001D3C4A3DFAF0506040F86AEABAD1713
:10972C002A3E147EFE8720E001CB7F0E397F7D66BA
:10973C00015047AA3E9C580F8FB96F4ED714A98F72
:10974C008B0CA656070647686EA038C00646977C59
:10975C008F284766C380A01F4206DD3F63A8AAA2DC
:10976C00C56E6E44258984C6B6761E85A651EEA7B5
:10977C002B7EA2AFFC69000B24A4C730CEE41701EA
:10978C009CFE2FB7F16C004AFD16A92401BE2F12C6
:10979C00004B01C2B51E6A769628300E1E752C271A
:1097AC00ED060E43DE103126053BEFB2566E44DF5C
:1097BC00E20010D79F63469E5464F00EE699E6CE05
:1097CC0027EE069D1F8018EF5B7E41046E2EA3AF23
:1097DC002D24F78783A02358D7AF84C6D4A0A336F3
:1097EC008604E0A5270A01EA27E0DD8E471BC14766
:1097FC0090CEA81E18B4AF68038704A9E7C2A3A033
:10980C0090F877632CC3F076F3FF01E6E0C6246C86
:10981C005CE7D91E2E21209A7E5E0E26760E6E12E5
:10982C0078788ADC9E061E8E1073F00EBC414F6059
:10983C00C03F0974672986E0AF09F08E840BFF05E1
:10984C0066C27C6EFCFF53366FA21C4567BF6F4B24
:10985C004740FA4E0610A70EEFB806E653F00E215D
:10986C00101118EE4290876C7E82A02FD6607E5429
:10987C00A6F68906D557AE741E30B1BF0B3E202B11
:10988C0022A0A91A909740373BF8FF4F2E37464F2E
:10989C0060FF412FAE1CBEDBAE6700F702D52E6316
:1098AC00EF0FA0F9FF6616DED7F69186B808BE4515
:1098BC002680AD321D062051D60377EE031E9E780E
:1098CC00897904DDC702EC008424FF0F0219027DA4
:1098DC00B66330E2BFD926C7162F68CEFE783E7A23
:1098EC007E4F82A0087710CBA77E5C86365AD73C79
:1098FC008A8FE14004C8BFDAC35E7C40B16A76113E
:10990C00D9BFE420AE04C440AC7227DE2789C44A18
:10991C00273CAE6C1148F80714997B97063C132230
:10992C00FFF1B00B58FEF87526B6768F840F804D7C
:10993C0070B2811198070C377FC423AE096B66C3D4
:10994C000CC41799861310AE460206E6E026A00E4C
:10995C0063C1C750169676D01E740346C086D8F7DE
:10996C008842341680AC2E7603E21E63C74008177B
:10997C0077122277C6AEE0161D80264CC76265753D
:10998C006F17C7582587C3E73AB6DC9F2810963C5B
:10999C00868F8C450FFF2419B0DF043A76201417FC
:1099AC00B75EB2AF5CEB367226A06EB54A0EC3B48E
:1099BC00AF3F81EFA22C730721C788A4D642A8C75A
:1099CC007E54C3260B6E5B16566626BB2CC656DE23
:1099DC008F868FF67E8FCF14AA0602E28E783F0018
:1099EC00BCC66F66C417CCD09CC74015222EE3159D
:1099FC000180D72A87B55C3ED4562188A608F58EFF
:109A0C0011E276ABC63215E64A3CF7002ABE1112BB
:109A1C003EBF4390E8771E9A505E06578421B9B733
:109A2C008415435703E0A166E85EFE242511CE5D44
:109A3C00AD170A38431FFEC317034319A74BDEA407
:109A4C00C3DC7E21482A2B0EB6AD1E49029957E184
:109A5C00B526E23867150EC93F17102653D2168764
:109A6C0026EA47FFDF02A1E728C58902D7810EC687
:109A7C0025376A2F433BB6879F2AFE021E768480C9
:109A8C00211F6A3DDFA806EF7967933E8E6E4B145B
:109A9C0047096E27C78FB120B3CC7E0E38A6301085
:109AAC00EC9EECB3C004604E5D1E2378961517F443
:109ABC002330C5616E1FE525080933F718413C2F8B
:109ACC00406A87305BE0AF620FF72550069E586006
:109ADC007968E7709E78C079C8E7809E88907998FD
:109AEC00E7A09EA8B079B8E7F09EE0F88C1C0BBEFE
:109AFC00A8488C260178FE0AAD24B73446FC4DA844
:109B0C000F4210D3B616F6B884340E059E48C2B96F
:109B1C00A58D7EA50183F656741F801DC0AEB4962C
:109B2C003751BC3F26170FB5000181C5B7A1D436FC
:109B3C0087E61716BFE2C80A3C1454D60047C7EC98
:109B4C00400A01DE3E2C0108160A3605DA34A90655
:109B5C00EEEF433807DE0C186AAC251D3EC05645A7
:109B6C005E470616D7461016690666D38E08A5AF53
:109B7C00F444001F3E2B188C82501784E016A09ED4
:109B8C008456DEA3AC01CF9C47D056045B6E040315
:109B9C00FEC882EA10436A77118A87C187E0080CF5
:109BAC0070DE8601C7B1B023587E00E1D2A1460613
:109BBC005EF6053C0D97BCD707A08EE8073CCCC7DA
:109BCC00060BA624C5C04A250ADB9F30C498E0C901
:109BDC008CC847A216C90AAE6F068810E0ACB684D2
:109BEC00AAADB48C9E547EC01547D1C3CFE11E32B2
:109BFC0017DA4EE28CC89C272C060C61FFCDB66E92
:109C0C0002B88D7F79E7EE16AD27858D3A660AEDA1
:109C1C000E26C4DF905B0E5A00818250EE0D0D06AD
:109C2C00961E8D1E90E00E008D5606CC24011F95BD
:109C3C00B47763348B96045E190E0A0A76660606B0
:109C4C002784E0017708A257633377A622008C7E25
:109C5C0037D0FF06B8AF8B76062C3B0B47112B6F1A
:109C6C0004DCD604C5634428D706E61C7E3A37408C
:109C7C000E2EE3FE17A2ACFD1DA740681EFB1ADEDC
:109C8C00CE0EF906B0DF12DA2606F6F617CE7517E9
:109C9C00F3ED4F16653CF0F96565A039E71E1F041E
:109CAC00173307C918ACFC374201140737207E9CC8
:109CBC00E02CD80E24DE1BC1C616DDDCB780EE020C
:109CCC0034DA1F7B0ED82F373C075ED517CE5617CC
:109CDC00BFD24F42347517CFEC5717B80F1897599E
:109CEC001F21FFD7442CACFF8080098FD5642C4CEE
:109CFC006D8014E66D8A2456FFEE8C0C08638DC0C3
:109D0C0070150A21FD70C30110086C96160FBE74F5
:109D1C007D1E604C8406D5A60374166117D8468048
:109D2C00ACB02E507674A4FBAE43F081E88EBD8EA1
:109D3C001A00A30104649F514EAC55400CF72E4EF3
:109D4C00178050D60DA917B04D5208B7E6C012AE09
:109D5C00C4024235A7C06E0E01385609DD4E97205D
:109D6C00D90003A7716EA14761056DF682028224AA
:109D7C009F8470BFC178DE8FC74476BE16308001D9
:109D8C009B1662100F9624A8C2097F443F2E57BB26
:109D9C006D461ED1AC870F4AFF604B86374DE036BF
:109DAC0018C76E17E0C66E8F109F1E648C6C06650C
:109DBC008C58972E7EBF3416AC7010B665AF30063B
:109DCC00B600FB3727800CFEEC473870EF6EACD139
:109DDC000400674EBEE69777D068DFD53EF010A240
:109DEC008C81AFD5765C24661A07F00CEFDF2EACB5
:109DFC007C10C0AC8C2119AF6B16C2EE51059E873E
:109E0C008E0536060F5F5D36C2633F768F00E3C862
:109E1C003F65978B3784E4386608FD3E02632481E6
:109E2C00477D37E50A166B27064FC121ED67209455
:109E3C0017D146DD36BBD61036C40888E95756977D
:109E4C00CBC097F697C0448E09B04EFE74069DF7B2
:109E5C0028BC4406653CFF324E0756A00050AFEDBF
:109E6C0047EEB625852008AFC2ED876627C0704E39
:109E7C0050B6A0747F15C6EA000307DF5A2426A249
:109E8C0008A7D05D8E3CA437CEEE27820026DD3CA1
:109E9C000A3ECE371FCDC7067EE4E2423418044199
:109EAC00363E2B6CC87F0E36D0BE071C3F0AD6E25E
:109EBC00C79F1A82EE07D8BF5DE607E6BA1446DFE5
:109ECC00466042902EFE3640E92911CC00A37E2D2F
:109EDC009C2C4DBCF6052997DEFFEC6E0202B0CE31
:109EEC0014380F20E01794400213EC1F372305455C
:109EFC00DF88FC2F043C4CC287E2C63B16DEC6084A
:109F0C0012C186171839BE022EC67D6002A61F0329
:109F1C000EBEC82F3E10FC1052AE0E8E1465DE2EF7
:109F2C008EF4235EE148C05A27C8F7BE25E618B068
:109F3C006E010031771C10366E2529062EA753C1F1
:109F4C0046389F16062019041F5FA8A3EE8F8020A9
:109F5C000202F09F5DAE8C115D1F17BE2A20498056
:109F6C0000BDDE4D587E24960A52370296260BDC35
:109F7C00A4276D262929A076A6615C9EA78FD066A2
:109F8C001EB5429E110A9687012F6C6AEB478327F8
:109F9C0025ED9616A28D274D5F80685BF72650AA9B
:109FAC00EC3E4381236687089E1DCEE7014FCF050B
:109FBC00E3AEB8FF014FA7B5E282086FAFB2E60778
:109FCC006609DB24041F6D3043ACA157C000087830
:109FDC00F752CDBF162C5647684604A32F73175E55
:109FEC00608401C8E7F0A7285FE62A00481421ED39
:109FFC0018420136053D85A096606B1EBEEC96E3BB
:10A00C008CD8F6E9AC9696D4E6E36306AA4EF4AE89
:10A01C00BFF8B1F7A0444E2F476644A1B09F26DE8F
:10A02C0072C3A38F0FA32C7736E800A37D5F28E7BC
:10A03C0016E40E2FBD2416E0BB2F2016C9DCCF1C56
:10A04C00D827183CD4E1C09723AE80ADE0067B9DA9
:10A05C0066806DC4AB8C2F066906E3EE6B27D2A02D
:10A06C00CEE51730DFB4C6A5085CAEA6AF7C623671
:10A07C00050EA788AF834FE8A7101628C6AF7B162E
:10A08C00102680981FB677A116FF62771467C77FDA
:10A09C000D5B8F8F90C7DE4C8C8735DFE9186E1601
:10A0AC008564988F91843E2F113C16788E5A4D8E74
:10A0BC00231657FF1103AE101122824618D0D74237
:10A0CC0039FFA443189F5E36A2DA062D820707E0FB
:10A0DC00A2291C4B4755048FF88897849951AFC619
:10A0EC00110AF09F16B31F97D6A2FEA1199D1F68E7
:10A0FC006D9218D03EAE68A29F46A58D103C276F7E
:10A10C008FBA87C046080CA700C67614DF3EDB105A
:10A11C009837E1941785F0A6A42366BF0E5CA5A51D
:10A12C00A02479AFB0819E7884E40426105E3FB2FF
:10A13C000FFF240E1EA53EC0C03FDEF8ACA4257652
:10A14C00272C01D666C71FBE32FFA516F7D7CC1039
:10A15C00458C8C25B770D85B979FB4061F3F7E4704
:10A16C00806C065190C1AFF6021FBE43165280247C
:10A17C00D7378946854F37450E6B7EF0777E25881D
:10A18C002302A07B5FAF821FF6467CBF822C5BDE76
:10A19C0010984721B10831321423375596290310F2
:10A1AC004E8FAF053ED4D697A57087ABFE20B40278
:10A1BC009FF03098522F14CDE7DD6F0E847658F651
:10A1CC00EEA58F5F475E3B47649814F7FD58344506
:10A1DC008050C346D60EAEB16557AE76B01C5FC884
:10A1EC0038DA98B7C083F867B28F7C7E8F205737E8
:10A1FC00D091988430C8AF8F66D007470180365C09
:10A20C00F7E10C0051EFB226C627E3AF1FEA204658
:10A21C008711EEDCF48E23EE73972F0DFCDC962F5A
:10A22C00B7675836178C99CB2717A71081144E9FF8
:10A23C004C9909170AECC7674D88AE4F9442B6B7D4
:10A24C0006C0D767FC215E008649DA349A17646C25
:10A25C00B99CD997A7052FE87886EC469AA753089E
:10A26C00EC9B84245738409BA507C067871F5087F9
:10A27C0062775D1784B1E4DFFC088C998424104F5D
:10A28C000B7F0E6C9B49F025688000C00F2C572269
:10A29C0030BE00D8879C9BA947F0140845ACC10F71
:10A2AC002885B712A7EC2FB89B8C9C9CD8169FE6E0
:10A2BC003FC71CF89B31174C8014AFAA4EB49C17A7
:10A2CC00C9607294F0063CC367D07E1EC89CC61A47
:10A2DC006F3D04868ACF764C879F9D089DA6173CC0
:10A2EC004B966CC5CF0E0D3CC2D7F64625DF1B94A2
:10A2FC00971B366CB49D86E7372F4EBC31674638BA
:10A30C00E7A7109E0CBFC05C2B57F14C9E8424C059
:10A31C00D7878FB527C1B43F3C0CB49E303752B8A9
:10A32C00B76054587F2960A7BD77F0F00F42304DCD
:10A33C002CE7E6B706C0C49E2747CC9E028CF7518B
:10A34C007FC19F6F4E649F47D010118C2F08F6175A
:10A35C003F6478E48E0B938858ADFF86379070A0DD
:10A36C00EDBF812F9E982B4AE7A08250BFEE042EA2
:10A37C00847B473733A8E10FE649C16FE024E6A59B
:10A38C00AFCE574F9FB0D6E70146F70D7197EA9FB6
:10A39C00848077E9B518FE705EC097A0A867C39754
:10A3AC00485FD6FC157FDBFB670B4B174423E12E74
:10A3BC0018F664AEEE2114E19E2A0EAC207627002E
:10A3CC008535EFFB0843AC4F02250FAC284F0CA48E
:10A3DC0081C4D0A45701AFFE2000AE879F38C8348B
:10A3EC007EA7AA0A0FE08023FF6956F16EDF74FF87
:10A3FC00E6B84F05865F064C7A9FF285EF3EF8FF74
:10A40C00E414149EDE8137626E96E28F21480316A7
:10A41C00F1810425409B8E30208801EDB61EA1C031
:10A42C00042147C6381007A7FB000229292654200F
:10A43C00F8FF10554E23469641A1BE2806C7DA16E2
:10A44C0007D82638E540168EC018FB4514BC803959
:10A45C00D2BEEC093C242089927A279C26CA10573C
:10A46C00CEFF8434133A860EFE22B89E000A32C206
:10A47C009EBFC23C07CE7F115997E726039403A7D2
:10A48C007EDE626E60D706FF2209378E342410B24E
:10A49C00436FE93E1B76B7814E41A85EEAE6005B4E
:10A4AC00BE064F656740C2DE14F70EC217C2A62760
:10A4BC000E0B7E1E4328B19E2549FE2B26E2214021
:10A4CC00444A2F572E3346A67CF87FC5AC243A5FFE
:10A4DC007F14E85648C2B0C63847FA56C48CC6FE3C
:10A4EC000ACE67002C96230174D6C801DC96C9AC41
:10A4FC00914E361520C70998BE3E3856C283FE666B
:10A50C003A2710DBDAAC1827E62091609E141C5D0C
:10A51C00E06E5E6627187EFAFF0DB27B2EACB6603D
:10A52C0062014F0FD6ADC50E400270CE7ED6708A3A
:10A53C0001174EC57FEEC41CF6DFA78F17BEB347BD
:10A54C0080B9012FCC4F277D30C001CC772F8A2EBC
:10A55C00722783EC7F2E10A8B625CA7D4FA33E240C
:10A56C00AE6F287A229637780E22933C9F636E4109
:10A57C00DAB758A00DBEC0BE006F680A6E33FB4E32
:10A58C003333473CFCFFA700582E8625668AAF461E
:10A59C00E80625CD1F1A41B17E114F1DEF38D2119F
:10A5AC004E87C7DF11470F34EE11468CE704E609DE
:10A5BC0036D8DF02F219E3BF0F67D35827780013A0
:10A5CC0040F81FCA2501FAB66600EE056419F1249D
:10A5DC0080580D5F0E580B03160080EC3B2E628DDD
:10A5EC004333EF108309E78236841225EFC30FC380
:10A5FC004F83F606ECF6F5FFCC1556BF6B5EAD251A
:10A60C00EFFCFFB9150B004A105F5C4485C1424F4B
:10A61C00FC2170C201106F8DBBFE252070D6666FB9
:10A62C00B683A677B526A4C217FB0EA48F403EB9FD
:10A63C0027CC4727327058044730043AA760D033F0
:10A64C00B7288111F0A60D9F27A085A4E80F24310F
:10A65C000691968DC00654E60E0B1F6044A054D78D
:10A66C007B84A0873320B07F85FDB7C4258647BC8B
:10A67C004E1C4B4ABC3F84E46AEF3B03DEE6E7FF2B
:10A68C006177AFE48EBE647625182177FC0C1184BB
:10A69C008C4560EE4F7EAF401A1A3D4EC0D80F2845
:10A6AC00A3AD122805E01F3F760811A5F78C4038A2
:10A6BC00024E80A5AA9EA7CE46169AA6E2F74EA7F2
:10A6CC003E8307B687E7BFF4FDFFE70ACEE7029D9E
:10A6DC00CEE08710AF77F6FF471F82EE81E0A81E11
:10A6EC00449FBE422C00461FC1E861632C2647C024
:10A6FC001A83F6166244C6C5EE0E0BFF0BE70BFF72
:10A70C000AB7018B04760A27770BC646E792C8D4A2
:10A71C0096F74537C30836C0286C7EECFF0D6046B3
:10A72C0009E25E2746A0B3649F0D96C8C71AD66986
:10A73C001E0BC7A600BD07688F60CE8F0CEFA99BC0
:10A74C00FE018D85F22E87CC1FA0B80C90C3A7BD3F
:10A75C00EEF7FF4C15C32F48F8B71207B613F83CA9
:10A76C00D47B31260BFC56C07B522644EDCE76733F
:10A77C008536A9480B7F5421A8FE0C9187B705029A
:10A78C002861F80E104511FA9E80102017C749E871
:10A79C007FB50E8CE9EFB7A5AFC337181FEEC330EA
:10A7AC00FC11104EC0F8BE8318030EA7E81B00E383
:10A7BC007997B102C630A3EEB04265B2E7877680D6
:10A7CC008F0F6E2B18BCC34F0860D75D96028DF2AD
:10A7DC0048DE071026B34EF8D9FF0216A02E405EB5
:10A7EC0008FC67B48F3A36044F0874E738EEA606B7
:10A7FC00D65705BE198D3C373F7744469C4069BB04
:10A80C006F031AD770A58FF525782A86C0BBCE1298
:10A81C00900234AFDD68EF130257B639372AE010D7
:10A82C005201296DB6AE70A001FB37B3E6CEB2D69D
:10A83C00A61CEFE730A9C342DA4A3E48BBB64390A8
:10A84C00271689039FB41053332F08805A3718A149
:10A85C00F734202715D228FE0172A756368A36B84F
:10A86C00F83E20034C46242D8E20027C8F214C88F0
:10A87C00A02BD62B10C26C012DF7971E9603470404
:10A88C008C1E58AF27DE6C84A2831636AD8FD12474
:10A89C004A04A84E4989143E4C04F0462DAD06C01E
:10A8AC00B77BFE1E610A241B1F304608AD16060638
:10A8BC004084066E07214004060C2A02689A581F31
:10A8CC00EE870378D70FEEE93C3646B8765863012D
:10A8DC001EFED81645AC1FFFE3CBAC1F6A9E03C20D
:10A8EC00FE383E91818437231784410FE1600111BA
:10A8FC00076076FF07F6B2688BB0EA620C8CCF80EB
:10A90C00A4FEB16655C7B6C24CCAE22E8C0B6FE0E2
:10A91C004A00E1AEAF58CE56FE1E1E0804FC87C599
:10A92C0022F6B8C8C62116118EB476C743A7544474
:10A93C0021CEDA2C023485CF75648A662314E6EEB8
:10A94C0090D50825DFA11065D2C7DD14690012ADC2
:10A95C001F816F45166858797F191F7B2F2310FCB8
:10A96C002201D8FF42245097B4FEA70D1C8F34D778
:10A97C00FE08EA000724559F6D0EA452869F2CA555
:10A98C006FE3AF36B7F71E8F2EBD8F3E8FC74E8647
:10A99C00A68EAF7036EB5A7402E197321FC1A781B5
:10A9AC001F56DE70027FEE033CACC0076246AF520E
:10A9BC00DE4E16ACE02743FE6B07843ABE24E91644
:10A9CC003BFF2CED113D0F2DD87F77AF1AEE06888B
:10A9DC000807FF5821275A183E063FC077442737EF
:10A9EC00E001032647E1005F17200082002786F56F
:10A9FC007D222262F7366E04DEC9B696DE0EFE109C
:10AA0C00F596AEF61D34DDCF38F4A01CF776FC17A6
:10AA1C00BC34A193742C22E6E30845905037B53F23
:10AA2C00DAEC17E4F4BC2CA293303A879F84A4434D
:10AA3C0007506B2702946E38FF48905E3347775D62
:10AA4C0088F6170F360837A6801F18FA3C94A2EF29
:10AA5C0025E806D0651A6E47100E03C287B17FD564
:10AA6C00FE61D0F31F776C00045EA5F782EA9EF3BB
:10AA7C00BC37CE278F42F228A60493980FDE4ADB10
:10AA8C00661744FA14260617E8412B4E6E177A798E
:10AA9C0034392EE3B8078E6D1F531A1E503C47965F
:10AAAC000081B2E8771898D1AF1241F6C6F60EA61F
:10AABC00307BDE383E8051D6B783D64AB61838C6BE
:10AACC00C1E0F6A9543ED40ACEC5E5D997212F167C
:10AADC00F1D0FF54264F47113CF3ACD9987731A4F1
:10AAEC00AFDF38088164EC1FC2294C56FA1806ED0A
:10AAFC00261865162B133D7FCD1706627F4663AE75
:10AB0C002411C2238E4F465A85012FEE02241B06B8
:10AB1C001FF1900116666FE802BA2FD5B7B02F203F
:10AB2C00CE1F2F9E10736B14FF082C2E163C28E0A2
:10AB3C00E66A0EDC308A5E61F0068CA3FF3CBC102A
:10AB4C00D81C2F013B361307C00003045F0C126C9A
:10AB5C00CABFAE8E78001315672A9CBF0203005A39
:10AB6C009FD0AD6FA806192AE6F0268FEC10AF1710
:10AB7C00F84986C61DC7FAFFFFC624D3B7B74618D7
:10AB8C00B7B61827F6FCAE00200232671E27164314
:10AB9C0092B802F2010053B82A4065E817432E2FF1
:10ABAC00E482A62F1AD857214F7747B410644A1263
:10ABBC000F862406018E410E5F420336308AAE9218
:10ABCC002B104406D44F215E8F8300FD2718941F51
:10ABDC003387B810C0AE5BDBB6A6A4AC159410805E
:10ABEC003271301227DF84CC378257174F01A12FD7
:10ABFC0094850E0E4AD02F19253F81C678388FF0D8
:10AC0C00108F4F069704D708C8C21E2EF7970D7EDB
:10AC1C00EF56AF879A08020E43B46E461122AEDA95
:10AC2C00B6C28E82BA1F69529E421EAEE05FE60F1C
:10AC3C00C776D08EAE9F59B88E67CF172673E7BEF6
:10AC4C0068E002356603F3D72041FAD7B721190A19
:10AC5C007D0C20991CCE5020BDAF80C230061FCF7A
:10AC6C006816034C86D06640EE770A248027B7A27C
:10AC7C00E605F0FFE22602C605E7FD20112158E3A8
:10AC8C00F01269AD258EF0F9FF6A259E61A5244767
:10AC9C00B604780B46F1FFD00315CFD6898AE62788
:10ACAC00904A570A8056AF96C07BD62600539ECE4C
:10ACBC0042B8979F485CEE9C0336BB14E6F642C044
:10ACCC009F2F81386B738DDF3880114191772ADE8D
:10ACDC00E7F3DEE9B4D6C8141E1426F681020CC6BE
:10ACEC000143F6745EA2696167BD76E2268F3BBEB6
:10ACFC00DE40659DF60B5D4C86BC107F6F76704E0A
:10AD0C000EBEA605DE77CBA2032E7846AC3307FF2A
:10AD1C009B46F72660065F3EDDFFEA16304616942A
:10AD2C007B76CB060BE6A1058BFE042AA5ADE617B8
:10AD3C00269DBC000C4FC3062FD777AA00040FC466
:10AD4C00B4702BA86EBB94C78A268BB5778EF28F06
:10AD5C00A06F8A4E8F56178A3EBE500FEC2C6E2C6D
:10AD6C006DB6A623A62776C31724DE268611D03609
:10AD7C00A68E06E220A002C2773A6E8EA7DC1116D0
:10AD8C004E72865FD6F6EEFF1717577027A88E56B1
:10AD9C00A77F50A21017660F3C21084638C62568BD
:10ADAC00604E2BCE2828A1EF50461570EE16DBB660
:10ADBC0060A02645588FB5828DB3E75BDE61E0015C
:10ADCC00E3E603182EE8060B962F6ABE7515BE8CAB
:10ADDC007D76CE25DFE7F0FFD6151012963F26DEE6
:10ADEC000E24BF063DA678792A7EBEA69F0436EFB8
:10ADFC00B728E0B301970C3B8677F7FF8E96BBAD77
:10AE0C008EAE0E36BC6E8E4A709C6E3F5483E73607
:10AE1C00441FC074D660EF00F0B621F6868F165F23
:10AE2C002108B8B7B4F47EC377654002AF5377B846
:10AE3C00FC1000167FBD041E99404B0FA750815883
:10AE4C00BF59BD6FA9E9A62F1079873DE5D9009BA5
:10AE5C00871B1EE7E00C06225E1AB01EB78F8846D1
:10AE6C006D441F226EFFE0484E1F6F08866E096A04
:10AE7C00175B0E001061D7B5042F77980EAFBCD6B8
:10AE8C00BCBB0EB8E101E0B721265FD81EE410EF81
:10AE9C0060ACDE0EE8781E22D8DCAFD7AE4B09EDE5
:10AEAC00BFC0A2D4971C5A8F2CDE638C6B866D06A8
:10AEBC006330496B267A263267B64F28119023DF10
:10AECC007B16AC2FA34C6CE1C6DC9677AAF2A4FAE5
:10AEDC003F0AB4BE235EBD1EAC852F6BAEBB1E2ECF
:10AEEC0017A7F8933C11EE9664162C0FE89F9A5115
:10AEFC0098D7FCDB343F8B273C1EAE51270B5703F6
:10AF0C008C91E96B060327D64F4E8680FF2EA73611
:10AF1C003166662768AA0B9FC0072F8315C61B36A0
:10AF2C0037C92693105FAB23166E8048E9063FBEE7
:10AF3C00308902AF303E5CEFFCCC8C2140C56E7E7C
:10AF4C00D70901DF80300E0ECEC6BEEEEB937670C5
:10AF5C00C0ACF42A0EF01294DF20B8AEE6FF8AD80B
:10AF6C00C32F85E71E0F013A7F9002A34710704E46
:10AF7C006BCFC0D5FDE0E4E2D6381E0FD6241A7292
:10AF8C00EF3DAFEC1EA621E7680EAFE8440ED7915B
:10AF9C001C2E79F701FE8F173C0F0A063208360279
:10AFAC002E8A2426FA02781042AE4F27FF163CF464
:10AFBC00ABE226B807E030AE1C3746B007D081268E
:10AFCC00A57FA0A3256C161E233EF0A00015919F13
:10AFDC00088D3FA025E6B81716887332131E56123B
:10AFEC009E2E0B521524810287CF0C1562FF1C0478
:10AFFC00A3154E13066774F5E7931FC0453F7844BD
:10B00C00A3C70FC650A338579646251F7F74106FE1
:10B01C008EFD08036F70E201C60CCE410D87E80D62
:10B02C00573070A99EC20F85200A44AC162600200A
:10B03C00E65A96268E846E02F05F2D76C7246BD767
:10B04C00D0A308EEA7C60AF6541317BF6C10588C81
:10B05C0040C8155421C2C83460D60B8E00C10142C1
:10B06C003AC0C819EDE60527A00607E3FE06AAF6C6
:10B07C00F1DD0724279B56261512FE2EC020140046
:10B08C00808D2F7202283E2684010D8F19B43C2E20
:10B09C0018060643762EA339051E5B171670A08280
:10B0AC000126E0348EDAC0F624EE43CC438E19C26E
:10B0BC0067256D07CE25371E0E1721E0A08D025B8C
:10B0CC0026470DDF69C89643BEA85AD1FEAD919EA6
:10B0DC0080A90F0D7620B90367346ED701EA4F4C67
:10B0EC000E6FD4AD251F66E5EFFFA215F627C74CF2
:10B0FC00F1A713A10576110C97C6633457B0D20291
:10B10C002B43FE017FF7143CE16410827097BA1652
:10B11C00265720603B17613FC80100B01FFA900111
:10B12C004104031F3E070002696F4D9E24B1086F56
:10B13C00614646A502E94E02B71583C608DD2F0A03
:10B14C008257553FFC7C0160180419EF7B67470060
:10B15C00DA109E28252F686BAE02BB4F27AF68B064
:10B16C00AEC282B31E45821C0487F6A42C4E0C1969
:10B17C0012C31E266360AE99901FB9033F4BB133C7
:10B18C001F0420C81BC805321A32060C198C079CE8
:10B19C0021444097C443E16FB8232EE00E1C5601A6
:10B1AC00A90EB016AE6C2C36184ECB3C4E456E2FFD
:10B1BC006023301E302710189F6CB82E1406397C73
:10B1CC00E60484625B5637BC61FFE21509C20F8D41
:10B1DC00C6B856AFAF0459522FB93657E68C000497
:10B1EC007B5F7F8099CEAFB6C91612D67B6E1046A8
:10B1FC00CE248DD754D1008477DABE0E16A8AE0DAE
:10B20C007E5845901C8B5F4067F652FD0EFAFFAEE0
:10B21C0015C337C8CFC8DF94074EE60F7477421AB0
:10B22C008636F756F109B7A154C82F04F7310F5AD7
:10B23C0027B08F0BE016FC01E8660D4A7749819F19
:10B24C00D22903547781FFAFB4008714F02B20442C
:10B25C0000AB97B5078F81E60F8FD285DFC2C6A6EC
:10B26C0027B18BBF442F36096F2D1027622E8751C3
:10B27C003702C45F39FFFF2B4E9EC45F32F000D8FB
:10B28C0020BFA610081FBA6C2DEF126069DE0AC72A
:10B29C0096DB8E2680AE65AE581EB8071FB7D50458
:10B2AC00005F4B3F8290FB6F55003F0C0895E521EA
:10B2BC00A84B3509E23E2032470C1F32AF66AE0276
:10B2CC00170207374F86A253C40E9606E71F46692E
:10B2DC001E152602541493032A134995041224CAEA
:10B2EC00059211670601272FB00E1C5F5C141667C0
:10B2FC00A8AF63108387E0083CDA76AFD79F604134
:10B30C002A2E612F73271E600825E066A118F719F5
:10B31C00AFD39702C20F14E7F07010623C67A7BF5F
:10B32C00A9C59E0E1EAC947DB7441C3701E0C6B077
:10B33C00864414E897000178668CA618AF51CFB5F7
:10B34C00A7FE15AEE2000055CF5895C7D40654574A
:10B35C00D104C768DDBF9200802940FFC83DA21F01
:10B36C0011437F6C02A61F6C03EF4B3F43FF92FF10
:10B37C00D13EA66F1E781042C73F12132ADF42F44B
:10B38C002E432F63B1FF4F2267473C3E107CF65C87
:10B39C0042C75CC7DB2640AE37A057DD4ECF0FDE71
:10B3AC0000024FC0FFDBEA37BD566E09DC3E173D8D
:10B3BC00FF51117BC676C67226977031465164A632
:10B3CC00DD850EB48E03244327B96C3F2386167F8C
:10B3DC00F1D9FD6214C21F0DA73955C7C368275A8E
:10B3EC008ADEBE1EAE1C27E54F1C8E23261D0EB713
:10B3FC00B0264F88A88603C6AA44FFC21F0E445429
:10B40C00EF61167FC05739FFFF16372C2217628465
:10B41C007C7A14157E048D9F18674637C0B6BED64D
:10B42C00D1E482C708281EA31C8F28B65683006758
:10B43C001920E409F09AFD3E2F28374012C0F7F18D
:10B44C00AEC9FFB827C34FB2F5FF378F5E43C09725
:10B45C000D6A1F4338FF97E71826BEF00723AEAEE0
:10B46C00E0BE78FE51B00F42170232077D5E90F6B7
:10B47C0020413789581F48E206304A3775B9F38E98
:10B48C0087D027EBD001C087068F364F17B7302FE8
:10B49C00C0D0E8DE30B5AFF390CF2176F01C00B110
:10B4AC0021479A64B4B5766DB3AF56B20039AF94F8
:10B4BC004EAD56888002EF182CBED7123C22AD9FA1
:10B4CC00A926136E5EFF14249C091026AC87C2318A
:10B4DC0026588BC7F1280A458EA621DF1855A014D3
:10B4EC00E1B6183B17B4AF119AA7020A15AF700456
:10B4FC00CDFF1470EF36051FB920E9E4B0472347A0
:10B50C00EAB4E0B6B3D5C6CE4F1C1802344F80D87F
:10B51C00F7346F251C7F1177330CE4B0A3A798097F
:10B52C002412ECD7DAFF117739D6FF0263D0B1873A
:10B53C00F1B012A6A21FC2C5278786C18C8C0EC281
:10B54C00344E06E1DEB6D6842457106147A6A27F9E
:10B55C00DC470BA604268DB935DF085983E708555F
:10B56C001FED5487173380A207541562F910356705
:10B57C001B7703FCB4A317DA8447F628A4A7533F20
:10B58C00B448F944AF85031F4704883C0807BC58EE
:10B59C00A405524FD717B025C9EC7A20A50B314F13
:10B5AC0086D71805EA8F6A104A27AC5087C6F1C1B6
:10B5BC00A64F8D16E407021F10427708675D87D0EF
:10B5CC004D8F8083C716140C971682D47F5D0B06A3
:10B5DC00B7415F080AF0EE251019BF569E025E8E29
:10B5EC00001D7761661F2C2CB84FEAB0E96EA519C7
:10B5FC0047796767F6422EAF8C334F403ACED6E28E
:10B60C005ED1DF028D3627C6BE1C6694C1107BAF9F
:10B61C001685290F78362010FA6F253861DF4DBE5C
:10B62C001CE5FA060809B817B4884F60800C7E6FC9
:10B63C00981051B5D662032E4EFEA72E374426C461
:10B64C00560CB7DA2E50AC5517E062CE2A273015BF
:10B65C006775102AD7709AE4D367026B2FC290F6E5
:10B66C0034073C0558C743C43E2CD63229414EA75B
:10B67C00D6E7364C07181836AF16BAEE015A96476D
:10B68C0030D0E010961E064C9F604B4EA1E068E750
:10B69C0060704E246E3F20BA6E322DC06F9F013702
:10B6AC00D7604B26421D2F70169BC0B6C54FB09766
:10B6BC0021433751A5474DA8E316EAB1C7114758A6
:10B6CC0000589D1B5ECFABE5852FB91FE138A078E4
:10B6DC00D67001A14E40FADE2588C08426AAEE5C05
:10B6EC00A0703705264800E03E44566E25A000E8C1
:10B6FC002E9043A0CE98AA8658144654D550082EA6
:10B70C0008AE863C2C4608AB870D4E22C0329819E9
:10B71C00A46F4D29AE7EAE821639B7C73136670B92
:10B72C001662868E2ABFFEC89CA524360E86DC7453
:10B73C00A79FD87059CFAAA0941A77B026A43737F0
:10B74C004E74102800BC87AC10250E361625B66832
:10B75C00523248F566A8993E091867B87A200EF45B
:10B76C00AF2470665ED43132839882A134DD2A32E4
:10B77C00140809F0C6432777BEB02373262026F29F
:10B78C009F211E04F446047C5F731D58454CE8CF82
:10B79C006DA462231635561C1A5F90068C2FD2A509
:10B7AC004666090F0476103E96173C30FB1E401877
:10B7BC00DC752118728317F0A883BB7EA48E086BEE
:10B7CC00E7E3821002CFD28567FBDDDD023C3F9BB5
:10B7DC000E4234B78C3F3025E4CCCC590EA43E84B9
:10B7EC00C1E661ED869904C693F67E36C24D16808D
:10B7FC0078EE304BC2F7833EEE44A2356F624A0FAF
:10B80C0098E4709E588E6F8E6DD6A98E08DBF77AF1
:10B81C0070082447A72E02C6C426012CBF12BA02F8
:10B82C00E2EF2647C0972EF6C6FFC8258F96AF00CD
:10B83C00DA59804ECD373A6D3827264DD1803A7281
:10B84C00431BE66EC2AED7D4D4A5BFCF80C018635D
:10B85C005FE021C058D0938F81C70B468616FAAD96
:10B86C00252A682DA068D49615438F4C85E2A8171D
:10B87C00C1344470E4BF173823800F810256F72F70
:10B88C00CE260082967A8CA6EE760E035680BF9E4C
:10B89C0078FF11FE2F09F860022DC787711E61CF4A
:10B8AC00506664F0FE9278BF09EC0F35AE461D0F62
:10B8BC004B5E13B43FB10EC68684F7C288560F1484
:10B8CC00CE91CF77BD2F85BFE7C77016675717503E
:10B8DC00D390C1469E83DF068E06CF131197DEEC04
:10B8EC002ED20E278487FEA6C38E0D66A7270B9734
:10B8FC002060265F2EA410644A3327C000B69F77C1
:10B90C0067F8BCC6E712D690B5C7CB6F4E273F6D14
:10B91C0000AD3EBE269D0E41648FDD3654AC01FC5D
:10B92C00BEA01072A0037F2246A260FE80FA53AF25
:10B93C0000921070A5E7B3AFC66D1F812F562781FB
:10B94C00A839F7B8852F6A06C2D8DACB8347683E88
:10B95C00C3EE1762066E1F103716BC1EAC628FEC5E
:10B96C000A5772C4C05CFEFB56838C4F801EFEE5EA
:10B97C00673F5783AFACCEA28FA6D2E486B0BE8011
:10B98C00284426754F8AE83EC0C61CC5AE8F1B5D89
:10B99C00374874AE0FA74E40EE853ED0DDAD18068D
:10B9AC007C8E326D6C5F9862063E6F861008658ED9
:10B9BC00103A36D0B0F6820C85CE75FCFFA3FDBED6
:10B9CC00C3AD1CD0060F262201065EF4F8FF8624B8
:10B9DC00216EE82222231EC2C7AD95BEAD0A564683
:10B9EC00AD20F31624B5BEE6F126A3AF03BE812C21
:10B9FC002625E05663CE8466BB9666662DF6568D7C
:10BA0C0018661A55E6C540DB2EC48D47A8F0EF56D4
:10BA1C00444644EE4442242FB520E68DD257246C84
:10BA2C004F220BB6A10E91B7879E5E204E1C7B1445
:10BA3C00EE578D5E5565AEF4E586040CBFD0DEC0C6
:10BA4C00113E7042201074071336D495F327C25D53
:10BA5C002C5E1377608504AA860094FB9E088EB733
:10BA6C0076E2860870A66BB71286E112304E17B0DC
:10BA7C0081CED6C3355F0CE8DF81B60F81D641E3AA
:10BA8C0046B0161AC09E0ADD5E6743EA2006007EA9
:10BA9C00FF6421C70C355F16FEFF04184E6711C2F8
:10BAAC001F386F18FBE19F902098054CDF887816A3
:10BABC0085FF4F6F84A4198F52B09F831E8B22D1A8
:10BACC00327DD763C01774EE8F0EBE9A8F8F688F3E
:10BADC0045068F348FC11A3E5506B0DB8F4ABE081F
:10BAEC006009A01E1C6BB70E4E0E5FC021A8203A39
:10BAFC00D87615005A33BF0216770E776176287701
:10BB0C00D06DB7C3C74FAF34CF5F880840593827C3
:10BB1C0027FE72DF09363F0007DE1C4EF62346F186
:10BB2C00509F637A9EB2AF07D618D000B020DF705A
:10BB3C0025889A5E90027536236608CD7E6610C500
:10BB4C003CFC50502603B60F2ED2221686971BBFF4
:10BB5C006E38C131267CC9DA7326BE14224E5623A8
:10BB6C00764EB1066AA606005817410DAF08A744D9
:10BB7C00A78200054AF6D4FF740E2740A24FC14796
:10BB8C0084740634E2DFC043C4461EA6A356D01C00
:10BB9C0074F705045ECE442468C91B6E59EB78DE3D
:10BBAC0040062F6B26541F63EE1E251F933C9D30C1
:10BBBC00C06FC87718F6209E082630162E86B8C897
:10BBCC00107A13785EB282C3FF24D82F388795DEA3
:10BBDC00F9D4FF5370A7888A07C16790D9AD2F811C
:10BBEC00CF0687069761DF92282C34C65362CF05A7
:10BBFC000C2B17A8F4614F716E80357FF1049921DD
:10BC0C00971F5C3444B28C2E8AB1AE9FE70470C788
:10BC1C009EFE280742DC7758305795E780136E86D6
:10BC2C00CF87E2F322212686CF6304C1863E4333BD
:10BC3C0086E808A669D776FC2F02B601C4FE06CEAC
:10BC4C000CC78D5F4C82BEBE1B7EEECCBF0BC6D428
:10BC5C00C72520C11781A710ACEF30B70A0527867E
:10BC6C00BF087600E7FEDA08C2F62C42C400F8776B
:10BC7C000000A09FA174DF70F9D8C62A943506FA8B
:10BC8C005C10228D048762A51F09609ECB07061FDE
:10BC9C00DE4EAD081F183C3C0E1CC3D988C52A9D2E
:10BCAC001C80417107CEBFC6243B9EA5244352A7DE
:10BCBC00BD56A0AE14D01E09D6661EF637C6420479
:10BCCC00B89E681B98571954978FB73516432EBFDB
:10BCDC005B0634A6042E0086A77CAEA2CD121704F8
:10BCEC004D061CF12588400007175E44A637C7187F
:10BCFC0082E0C7A73E148E1017B135B7D9A6487786
:10BD0C005614AE00232EB8240E4814DF6DAF3370DA
:10BD1C00F86811428E0B55B78838E768A6221F9B2E
:10BD2C0089FF4858982E76240A3E08F036DC2907FD
:10BD3C00C6443043D30676D343EF3E30310224035E
:10BD4C00876A1406A768E0DE68E04F186E078E0E4F
:10BD5C006F6C4E05240CBE0F197641613EB066A285
:10BD6C00A36B970737F1A327354ED821AE4AEED2F5
:10BD7C006590558F863689A368B70A4DF625829053
:10BD8C009726B80A5FF2ECA648CAC0C66D8FB0BE43
:10BD9C0040021CAE655DDFE668CE36D789F66A0FC9
:10BDAC001219A15F123A46B00F91C46E8F267C1BFC
:10BDBC006E0716164338076899DF43300F8A47B56C
:10BDCC00D0AFA88BB7511CE61C7F5FB0AF598E4F1C
:10BDDC0013EB066FA6E3153C2CF49FB1BF37861509
:10BDEC007E2CA2A786FF54A7732680A79426FCA4BA
:10BDFC00A7B526F3D94038570D4FDFA54E07204085
:10BE0C00DC0F609C809EA002326AE7F1D4A78956B1
:10BE1C0066A747F7A0811D262F1866807C4769D836
:10BE2C00EEA88441145F21771F280B9A4F35138499
:10BE3C005764D5A608A16FE801D6048586AC45C425
:10BE4C002084127A6E9E0D0111CFB917CBD7071E25
:10BE5C006DD623123A3730E80E0A97F41CA7CEBEE3
:10BE6C0037A72D5E75372E3E6F06F33606C1C62FEB
:10BE7C00D25617082A86E958A88408C21F06DE6E17
:10BE8C000576B83F6B76EA2CA884306FC6B0D9BA69
:10BE9C001780A1D7A8B5BA87147A060214ABEF8F16
:10BEAC00CB37F81124A0122977C8A012DCD136198F
:10BEBC00470CE53F27D6836675E710C10E4FAFD60A
:10BECC00270556D47B270E2F7F30064887EE1EEDB4
:10BEDC0044C1465082C1364AD236AB074AAD4F2BCD
:10BEEC0086817DC9A65C266E05C80702F4FE4DD876
:10BEFC0084BA7710E0D7A002B4F0FF11B197BC9CC4
:10BF0C001022AE025710084F40302F346F5D032FB4
:10BF1C00855DBE10058E08DB4F67AEC87EDB261034
:10BF2C008E765E252F3279BE1B271280BE004FE025
:10BF3C00F4CF258670C685249DD645E01F042A1EA5
:10BF4C004809304EADFE701491268661401007DF13
:10BF5C00801737622DE4B76ABE4F2ED178C1866840
:10BF6C00B0C19A967E90877E080CB617D62538609D
:10BF7C0002A91FEF5510FE6E3117E76F7614086596
:10BF8C008E0B5757F806060B4E308E6C26748E446B
:10BF9C00600EB00414020B16163CEAC281102FBFBF
:10BFAC00D3A0FF837E0DE1A64746D0C2A91BE9EFC3
:10BFBC0056C798A6219D869C17D8A9212D76A11627
:10BFCC000B86CEB297C69601B70C1209082F529C5D
:10BFDC009E191E0464672E9E0C223517A06C5846C1
:10BFEC00863282F4D61BD4C8DF4276F7A78EEB14C8
:10BFFC00002FDFA3377808A98424CD0F56058F6353
:10C00C001A36CD0E26125E0F222E071BFCD626C624
:10C01C001010BB57360686F5D3FF141642F7D01E08
:10C02C00F3112FAA6426C607C68F005E074403FED1
:10C03C0021F0A604F1764F91EE87C6D2E0010BC039
:10C04C00AFC11ECE408D10E247235F0610C61238DA
:10C05C00EBCFDA0016EEF0247DDF3873AF748AA9CB
:10C06C00EF5A6E2DEB8E8086F6066726A079F503C7
:10C07C00939C0E47741FC4EB8677A30F7E2B10E0A6
:10C08C006F023A4E2F42D8AE9FFC2E26202B3FC477
:10C09C001CAA82D95E179E54287C2EF902FF2630EA
:10C0AC001224FF07EF82E6149E22EC4E084714E69A
:10C0BC003002F77E7886852620D8472E4EE526243A
:10C0CC00D75F286B17C508D68F300EF8C7450CCF35
:10C0DC0020DA877CAA8C27E80005300F81AB4F440F
:10C0EC0006D4CE6FA51ED2A019A62FAA0AD760D34C
:10C0FC0026C79011F75892A0C601C047C13F1A7FBE
:10C10C00AAC12F32DC6EF7075784AB77B7EF4951D2
:10C11C00845A6FDCA75D18C0561DA7D41E4FAE8481
:10C12C00D542341F92B87E050872E7115716157E5A
:10C13C00883D06D747A8AEE05400BF142760181FEF
:10C14C0003570CE31E6A77D57FA0F54E977F54AB4F
:10C15C00338E40C50B5C8E106143870B81DB7007FF
:10C16C00875770B09625DFA956227656428CEB6F16
:10C17C0010C681B33E810E6E800205766C12786F0C
:10C18C0028F09FB231BE270676272BE2C77DDC1044
:10C19C000492D0DF08EE2EB79E80414B687E1505C9
:10C1AC0016C5BC42B643049BE64290031CC7453EF1
:10C1BC00D6B4F5C7F736A3B7520941DB6FA526BF36
:10C1CC0010CF09207E5E60EA0494B72F4CC543B2B1
:10C1DC008C065E3ECC96B70F2000A37CAF2484CA9D
:10C1EC0036921CAE587958E4282E2C4E30779F305E
:10C1FC00B7BAAF2840BC0BDB04C137E295DAA50710
:10C20C001A771B184FB0B4EEFF241F0E04E3649F83
:10C21C00103785A7FF6F3636242C0F2E37587A2F00
:10C22C003816C7BF7097211F93040A7D2611FCEEA8
:10C23C008181023453D7A227A090A319052DC04F9A
:10C24C00CDBF9602B0A29FC90584719E13C597FB02
:10C25C0081220224B717A7203106C58F7606AFE4DA
:10C26C0002019223A9900806254AA40971FE260909
:10C27C00AF565607BF10ABBF4F58B818CA17030EAE
:10C28C008D112C47243166214E8D63364A3FC4856F
:10C29C003F890D6E7BA7C410C620AE6BD7AE60AFC6
:10C2AC00B49DA6027FB911E4283CA4AB4E7730A311
:10C2BC00F755813C6628F0F60824366F4C8CD10E6D
:10C2CC000A2CE70B06228E5978CF3E06C05B843FC2
:10C2DC00CE4D252B18A98CBB6E60144814760164C6
:10C2EC0061B625E1FF09FEA1063267B7A4B18E0C39
:10C2FC008AAE2E0C17B078D6D03416FC0A8D803945
:10C30C00080ECEE6F0426BAAB60B306507831646D4
:10C31C005E0817DB0E68AC6E60E324286C76B6ED15
:10C32C00250B81607A4760CB9FFF60A0213881C7C5
:10C33C000E1A8C00854F6143AFE80924270EC040CC
:10C34C000046CE24FEB60825EF039FB06BA0ADA629
:10C35C0008E1EFBBD6F8AB0178D692C60E9D9E983D
:10C36C001931A781639EC01FBEC6B526F4ACD6108A
:10C37C00E1E705A6278C8E9C0622AFDBAE8526F066
:10C38C008B00801A2BDFC328ACCF4EF3D900E067AB
:10C39C00C22C57388705631E4AC742F6B71080DC9B
:10C3AC004F4084E4010009101587D423DCB000450C
:10C3BC00B20619B0A791B76C8F0D21C5464E62021B
:10C3CC00022AFFDAFE50351F0C7020C4EFDF316EED
:10C3DC002A10C21402228FF140ACD3DF80AD19D8E1
:10C3EC003E38A3867F02021EF18CC010857C06E4C9
:10C3FC008CC224D03AC214E1C6A6308E030EC00201
:10C40C005E1FA1A3E4B71336B097C9686E2EB7E7C9
:10C41C009C7FB636BF2800F47F5B364414C647C2F7
:10C42C0046B0CE289E66BFC73700A60A818FD08C37
:10C43C00AC637FD0B8ACE3DF067F83048FFC1302C0
:10C44C0021985050AE929CF817846357FC13262306
:10C45C00A07202428FF1807931C66D78AF4EC01C4C
:10C46C0030AB6E19247C560335ED38E587257F04F7
:10C47C0013FF3A024252A4AF50D7235E8F1723E723
:10C48C00B004AD53271C88AD47076E24AC9C7E438B
:10C49C0006020EB6A3905F40C40BF58628A7485F32
:10C4AC00D596D46CB727560D4F2A630FA55C168C06
:10C4BC00B9C7673FE2C6FF9157039F05691F07C0C5
:10C4CC00024D8E188D168CBE2AB7C016B610864E2D
:10C4DC00E927083CBBF18BE663F78D438E6E26395A
:10C4EC0027B89FAFEF413A7FBF0B8F0975FFDBBBBE
:10C4FC00760C4480ADB5EF46D047C9545764255CE3
:10C50C007495728456128C077AB4AF0656A77F6A5C
:10C51C007E76DACC23A71852E9BF7E374C16E81E7C
:10C52C000D00BFDE94AD3126CCADFF522604AE73A8
:10C53C0026B408AE903F30A7DF6951FF700D03475A
:10C54C002C56207C17452908D76F021F0103C68182
:10C55C003EB9CF1B5ACFAE3AB7704CF1A12F070C96
:10C56C006E67E22CF601602E03BF5BFD365C36EB8A
:10C57C000426941FC688000242854FDB8E2E262689
:10C58C0052C0CE09B0FF0278369E4BC0C7A2BEA6E1
:10C59C00FBDF400027A0485666C31F025DDE07C0C4
:10C5AC006330C9ED5F86C3EE1A0300BFF708AF8492
:10C5BC00249F7B441003AE4E6D248E0E05C28E5DFF
:10C5CC005447B91F67CE8158A906AF2E04179D5446
:10C5DC000DBC9F064E27A902F0C68FF3CE8FACC0C0
:10C5EC006FA9DA0734FF281856611F1B0EC6873057
:10C5FC00274903815DB7BAE74E34930459E95E03CA
:10C60C0059F7AF46B336443C0C9C0B00AC8731D683
:10C61C00EA028E0A272EA8940FA6AE446FC6A58EEA
:10C62C00BEF616084FDA5E44FA4F1584E7F516008D
:10C63C0043819F0C70552FBACF0200D4C783075B80
:10C64C000E5FC03000838C37209EAEB0D8CF58ED33
:10C65C005E7C17A40E3E88F416ECA036AE27EDA82F
:10C66C00B770105567A9EF47AE8424146037B9DC56
:10C67C00E418F072FF91674B2F5C6C9861E64B7E6F
:10C68C005947E03667152FDEDF16B80B1F5BEDAE92
:10C69C00C0178111C78706E1DDCD24C66F38E7626C
:10C6AC00640667628626CFC08F3E481A5A0E1B96C8
:10C6BC00CEAA8630C8986F3414FE9716A4C13E4794
:10C6CC00EF04F0BE102DF7A6AD8F5A7F7D76010ECC
:10C6DC006E6794B72F581B511FAA4F46D3D5EE57F0
:10C6EC00A120076753020FF7BEEACE82AF2674076C
:10C6FC009F21EA1E02B6F40900610582B8AF268EAE
:10C70C002EEF0526F26E4081AFC657028D9F88FA38
:10C71C00576051860F78E846B0A62BAE60F7142B05
:10C72C0016AE066D458E1E2444EF68D0BFEA54F653
:10C73C000460C7071F16858F6256CF14F80728565A
:10C74C004800B4862580923A4EE00AEB4FD056D57D
:10C75C00276255E789EB2E4BB687546EA554E08FB4
:10C76C000137F5C2B9B76640984C7E100C28007F93
:10C77C00FEA0B09426F6C0B0B526E6C157168E635F
:10C78C004632E03E926CD6E7F01EA265C7670FFEFC
:10C79C00858F358F6A3B67286020C412079E38004E
:10C7AC00529F093E2EBE00947E787694700EE03F28
:10C7BC0038C72BE22110F67DD290A00EF321E02792
:10C7CC0026318EA67CF782009CD7006BD7421EB711
:10C7DC0017A726787326C4AF2C96F4AFDF18B0D603
:10C7EC002640E1B0F7265C3E180148FF0CBF60966E
:10C7FC00664E2E0C3F1C8F006CB7384763D6ED216C
:10C80C00305027C9A0CF202284025AEF429A170237
:10C81C00559F7864B054676B0E07BB742E88380F25
:10C82C00B7F7093BE700575FB8B4FF1FCF08B40058
:10C83C004F9EC01002164F067F7567CC363FD35EF5
:10C84C00E7E1E214C2474EE6C33211EF83DED66451
:10C85C0034F7473DEF4AAF0EE069F705181F2D611D
:10C86C009F5A47309F30D750D68638467D0218578E
:10C87C00309600B0CFC2F8BF1E74C0A524A8C00566
:10C88C00966C1FA6681FDE643C60F35CCF58543C6A
:10C89C0050004DCF4C1C4E766210001CC66FE0064B
:10C8AC00C6E5720040400272A7475615803C0BBF8C
:10C8BC00FC18C0C6244CC087672A126D508E622F9C
:10C8CC00381500F08F9813571A43F1BF0E17972A9B
:10C8DC000BAFF1822A107077421496071E97151C25
:10C8EC002D25F55F2E2FB07D573CB44F1C1FD7174D
:10C8FC007025CEA0944F47A8AEDA866216A82EAD4E
:10C90C00C40F3AD4B194AF1E0492CC1F819E40B296
:10C91C00BA4F6231D0E7BF056E812E57168E8E80CE
:10C92C00F61E0E05462BADC81F8738750E9C56405B
:10C93C00DCA7380053C73C6E17FC768EF0083C25FC
:10C94C00B010A60FB811DEA52CAE050F8717158EEB
:10C95C0010523C5F0073BEC62BCE5E4E168E769A7E
:10C96C00DEA801F6AA5E7C0E8F1F786E0358C6599E
:10C97C0014B7624AEF61B2A6077C0A8FC706CF8F45
:10C98C008F3C8FF38FCF8F8F3C8FF88F4C01A60F7E
:10C99C007023972BCA4F2B3F3C8EB42D4817F2DFD8
:10C9AC0007378B42B7C0010C3FA0742E800A6E185B
:10C9BC000B9F00A81856B1BEA0E09CD70C7F0C5F53
:10C9CC00DC56F4263800D24F28AF7025282347EECA
:10C9DC00B4CE00769686DDCD028F184A502FD3C088
:10C9EC003716E8FFE201A14FBE1C674D0067BF4040
:10C9FC00004DA74B6F520063579200106007E8E799
:10CA0C005E35965CAE93024B422F525BA8E6020554
:10CA1C0070675AFC3503B00FAA4EA7E8161801F838
:10CA2C006F562401B06711D7703403775200ED5F55
:10CA3C00048E0E20F0163C28464CBFDE25380273BF
:10CA4C006F3068704001A477028F183001A16F68B5
:10CA5C00F61E01D26F2503E092B234202EFF282B54
:10CA6C0047800E6E0740000280046F5A001D3E2462
:10CA7C00B14767AF1F24401623EF510486B20660FE
:10CA8C001EB196A39741348F7998AA836F0CC40278
:10CA9C00E7C00DE7C0204C1F82BF1F25308002006D
:10CAAC0035EF8018BFB106F06F013ECF023D8736DF
:10CABC007517B8A166C0230F42B44607032F77C27F
:10CACC00B76976B6A1B52337049B2F4DBE80009C69
:10CADC0087A0A0401C3F04F84FB8C7197C0F38360C
:10CAEC003C7F8078274B7EEE133C020613CFB0BA06
:10CAFC00132197B018B39BB68016099827200CDF2A
:10CB0C0030C02B722130A0D61AFE9102C4B730135C
:10CB1C00E18F07FF3C50B384452A071032FCCFB796
:10CB2C0026768FB69E84B5D076B491D7020638EEB1
:10CB3C001C1974E7810F06E2FFDC3716F715FF0CA2
:10CB4C0089182E305E6F27AC959426C1CC953E7813
:10CB5C00C029100055AF81970641322646B642C017
:10CB6C00D74627B52156A18CBE003B7F46CF0AFA8B
:10CB7C00BE7C95848E5770A74616110FF607024798
:10CB8C0014C46FA5B30EC2F12A175957088D175745
:10CB9C00FE2A10118C029CBE19373C4758DE6A5E87
:10CBAC00667D5E053C3257157E07561ED7F19EFFFB
:10CBBC000216126047D6C4774CB3879C0DAFEBC8F6
:10CBCC009C4737890E7ED8F83F045BCB7F8678FA7A
:10CBDC008EBF8085BF0D78BF111087BF080342F050
:10CBEC00171006697F5AE0B65CA0648E29705F9BB3
:10CBFC006EB4E780244DD0BE6AB3EB37BE6D476987
:10CC0C005EDF2CB4831FC17F904AE0AFA07E1CEC8A
:10CC1C003F7F89AE07CA860E9E83278707CF413C8C
:10CC2C002F29228F842871AF833658C24E27FEAC31
:10CC3C005018F627F6F00B05070CF0A7BBB6845579
:10CC4C005B5FBE238E8CA47D31D7F6B89B1EDA4B6E
:10CC5C007C16EB90E51774A72000564700063E188B
:10CC6C008F7070B43827F4D8B4D3C7D9554F8C63B0
:10CC7C005E1806F0D77777501090878E8F2051D69C
:10CC8C002E8C1E6257B18B4F52798F0EE66B46116C
:10CC9C00B7E32F54D6904686B403A42E21CBFF0EB7
:10CCAC00C416D6AF89400B0E25A81F56980EFF133D
:10CCBC005FFF5C3EC0D6265ED6A7DF5BEE63878E39
:10CCCC00C0A74F060AD1FFB5A91696CE60CF044077
:10CCDC009B7F8D50B9EFEB2B20A210EED9A03E1804
:10CCEC00750E181236CFF60459955F9F0E2390AB34
:10CCFC0043CEAC40D0FFB97F66FF00E41581778F3F
:10CD0C002180155980FF50DDB7841527F610268F2A
:10CD1C008700202130056B1E508F5C1364CC974C20
:10CD2C0045CC274D03DFC613A26F043AB7A9A5A7BC
:10CD3C003825B8260780042587C3372B8EE0C05AC8
:10CD4C0084708FA4F4FF4DFE8EE0AA12DEDD120279
:10CD5C00178111A9C6C0575C236090E0018060B8B0
:10CD6C00842160CC070697125676838D1357F4E016
:10CD7C0002122DBF6F3659592F5E1650B58B46DFF8
:10CD8C00EA58EBAF7C1E2001B88F76173CE6D3E552
:10CD9C0026DFBC5CB5842400452FEB6CB57197D2B3
:10CDAC00502C3F2D4E9F1CCE0D5FE48326372DF06B
:10CDBC001F0B26218814163EEE02EA177CDC1F3D61
:10CDCC001126791824E816353E361724C1045F0F56
:10CDDC0048183F183F093C2F936F814E4F8C84C1EC
:10CDEC00008457C17F8157A112EBD7D09FE0BC1FA5
:10CDFC000CB734573E0801540FAD0DDFB54DE73776
:10CE0C00DBC6062F5ABB97D71F6EDFE5E8B5A5B07A
:10CE1C00C72303CE1AB5A7E547ED570499BD4EC8F5
:10CE2C00FF4004745FB5FEC5BF8F0101642C41380F
:10CE3C00C640380E1A7A7EE11F0C1ED066EC650FC8
:10CE4C0005DF2EBF4B42D736CE09166720D56FE9CA
:10CE5C00FCB591D78CBE30CF88E21E849712D78256
:10CE6C00701F3D8FA5B4FFB766C75816DF020E239F
:10CE7C00201E1690B347962F3F04219E03CEE1034C
:10CE8C003C4C25D23FF416ACCE964EBD46345ED00B
:10CE9C007E66058E92E8BE8EE40741F497AF272597
:10CEAC002306A5AE751E548A17558F934EC0AE5DE2
:10CEBC00DE2C80426C2FA820FA152489F64F110E17
:10CECC008090F157F8A778AE6A2378F2D8DE780F05
:10CEDC0002A6F6CF1EA7FF193C58A5F7262168C15C
:10CEEC0012038671B1013410AD377097F81022021D
:10CEFC0061038A0754DE9F80B660F750E66950F6EE
:10CF0C00122B562E5843735762701EEB175A0E8114
:10CF1C00938FA920C3462E490048A94F004F4F407C
:10CF2C00B6A367C6ACB62327A8B309A7C3B2FFC67E
:10CF3C0006970421F866ACFF417E37AB3274C635D8
:10CF4C000603FF4243B1C60583A0E3478F59FD6E2C
:10CF5C002F3F430256C1224762C8674D58671D8751
:10CF6C00FE7886C62414B513D7D2D49E83EFC10E97
:10CF7C00866AAA0DCE8A2842024A66C28D4C1D478B
:10CF8C00200F5E40182E153281D495F3B8CF52C0C5
:10CF9C00A61CA75803C79E579BDEEF2500032E1235
:10CFAC00C3CFF89E070062027097E150AB9F07F465
:10CFBC00AC242784E34A4781F04E30AF4C1FA002CB
:10CFCC0057C16FBCABFF6216500F8481EEC3806FEC
:10CFDC007864B6A947ACA37BA6201047EFFA167865
:10CFEC007A36102EDFC016A086102E678CF62E987F
:10CFFC0057C01D8FA101CF610A9FFFE105070C00EF
:10D00C0000080E97230BB6CF4F210867CF7118621B
:10D01C0090846EC7FC23560127FFB01882B0606F56
:10D02C006AFBDABE268391879C36409DF71F02C2AD
:10D03C00261A8066CE0612058F7A583452F0D757CE
:10D04C00393F082A8FBC50E4435FC1457F6840DDFF
:10D05C001745044AAF133BA67E7802A245C8A53FEC
:10D06C000998D7B0ED47E2E8E126B7DE9E4651427B
:10D07C00B90C39520AE414E4532B93209254B02285
:10D08C002E6F192469678BF46EC1E2E8AF6F6E5591
:10D09C00256E2F845617472B5B563EA0BD2F306E46
:10D0AC009FB904C5EF210856C702FAA78BBA3EB642
:10D0BC0084240B8B87B7D0B722C7E5062741B04F26
:10D0CC00C80905E4F0E409405A87FEDA0E9C2310E7
:10D0DC0014FE0121FF8FA023258E1057EFCCA00545
:10D0EC002C1E008BF61102001B4F3812FF632448D4
:10D0FC0001B7AF4401FDB6AF4001B5AF5790B4AF27
:10D10C004CA001DF6E01B3AF34010002EE8E01467C
:10D11C00000A875F7F70E800538C233E096EAE01D6
:10D12C00BDFE153C821110048254162421983F76C2
:10D13C00110257D05AF546528C83977D4293124375
:10D14C009F7FA4BAB52650BBD6EA261801BEF62A94
:10D15C0010F2021A043D2E38402A96D7708EBEFB70
:10D16C00928281109EC005852EA2A0AFE1AFBB6656
:10D17C00200108FE1F1C01A5AFF7068F1E08A31681
:10D18C00806ECF78E012A11158DE21061B46E41206
:10D19C00BDA316A2FA061B0046540F8485AFF1C836
:10D1AC00BA4136BA0E248E79099D778C09900F708E
:10D1BC00D68F73FE8FCF8F8F3C8F1CF68FF08FFC2A
:10D1CC007E8F2C0153CF508601A6DAEAFFD6514C44
:10D1DC0002266BD65316A0ADCE17960624801BA53F
:10D1EC00670054CE27E76FDF20E3E648D80F07D659
:10D1FC00270038B62886A62AB64052F72E428C163F
:10D20C00C48F08249F44F0CF58E610BB0910464C3D
:10D21C009FC0D22DB7F0A6932350E61648D664ECE7
:10D22C00AE068BB68214BC520EA16EC60B3B56E7F3
:10D23C00832E7BA8AF67D5BF2123CE70B733078071
:10D24C005EA9FF85EE83073D4E8F58DF20ADEED5EE
:10D25C0047177ACF0988736F0683920700AEDE28D2
:10D26C000C0E77EE8210A27BC653D6DBE61614A307
:10D27C003DE4DD36E7E170366B17A206DCDE161AEC
:10D28C001FA3060E5F674E5F5BDA4F04070834FF7F
:10D29C00981806118296322752C186EFA20BAE5E09
:10D2AC0090EF06EF50DD86278003D85FA2274B73E3
:10D2BC002F80B19817A11FE70E601E10F27FD1C707
:10D2CC00DE9ED88F7F7480BB481E528690A28E053E
:10D2DC00422F18A430965CE2738E624B7F62F72665
:10D2EC00B796C414B754F543A93F4C4604CDA7AD2B
:10D2FC00584E1242A18E9786251C9E00AE0FD02E42
:10D30C000F316FB082AC7B42AC2006FDC80580A00B
:10D31C00250839D74D028584A085DEEB6000A61761
:10D32C0003044C97DA1ADE00B31FDA36AA90B8E67B
:10D33C00280075B7EE8200BF6A56A086177477C0B6
:10D34C00308E40383676860EF0ECFF82242A9FF021
:10D35C00AC11A03E87B0115850166F08774018C218
:10D36C00E6704E507EA5706F5C6643281328399783
:10D37C0048E11F070F8D0FBE3026014BD768AF5BFE
:10D38C00F076A0D3142D1F2D2F47E0A511A19F1FC0
:10D39C00D411431B504784273780DC1614DE46A477
:10D3AC00F06E96F8964441322F0AF663A474FF048B
:10D3BC00018EFF0367A1DF40D22F160D87C218C460
:10D3CC00CF8C1CD62461B663C6C4CC11C7C7841CD1
:10D3DC00A74F30C4681E15F016B12E30AE431F0196
:10D3EC000F3F0516D4E00543AC45D6273263CF83F7
:10D3FC0005B7ACBD2FD383A586020FB7E175092104
:10D40C0070771AB7B186F86F117F2F94111C76A61E
:10D41C00FF5EA42344AC02220F4117F004D4CB3797
:10D42C003E6000AE50FF7002C79FB489081D3E4598
:10D43C000F7FF88C08EC96F781B566C2241197EF34
:10D44C00573047CEE4E03678CF01AECE2093C73CC0
:10D45C009C2382061ED2B3AFDAF10F132072EF6C4D
:10D46C008E648E34DE0251C7818CDE04E19EB126BF
:10D47C00522680EE5F2C950E4D28243048B567005F
:10D48C002C8F0D08DE25DC1E5690A1042D47C38180
:10D49C0012637E8417700F8F077834D48424A2FF14
:10D4AC001136EDFFE7CE8F9C8F21407F2184BF0189
:10D4BC009FBE3C00AB51D7F0428B11B387E940D5EE
:10D4CC00C7177F6E3E265CD4B502A0D611589718AC
:10D4DC00BF14EE866AB6AC97D87E060220F6147C92
:10D4EC0016660018E711873847905BA098120BE678
:10D4FC0045AED0C217A246D71C8E02550811167F16
:10D50C0004A703943AB00F2C9E22AE0B3684CDA107
:10D51C009EA66E09666EA9A70597E0C14F2F85BB25
:10D52C001E24DB080AD746DD7F77C07EBEF02E06B0
:10D53C00001204576E3716B7763FD0D49A6F610538
:10D54C00AB6F0A15076C7F0CDC970B251F063C6034
:10D55C00C00AC682E1B7254B379FB9ECD44270089C
:10D56C0006745EB6644F10FE93B64E23621F3C9059
:10D57C002821B86FC21BFC66AC2362AC24A87FB711
:10D58C00E778280043AC211F9304040700E400D57E
:10D59C00A990D0AB9209B11B275246E7BFE01142CC
:10D5AC008C43358FE2F2FC2CDB5F7E041576421047
:10D5BC00ABF74B17AF2C90EDC0C5261C0927778213
:10D5CC003E124F6FF0A200122A4F40D98072AC8EDF
:10D5DC00A60064DDF733403A074167808ED60D4FC5
:10D5EC0086D20A079DBF0ACF862C0846A77C440B1F
:10D5FC00678E0C0B0F44EE114FF524D518B6205541
:10D60C006E349D87B4012A8F159FBFBE34B7030FAC
:10D61C00D538BEB666148E9A86100F3E90026A9666
:10D62C0073CAC927A076557226EF1E408815005E76
:10D63C00274D56358902601E69FA1F4478778DCEC6
:10D64C0002618E94ABBE8026882AF610A45C3FC083
:10D65C0018EFEE421B030044E70F50D584A22407B9
:10D66C00054019D753996FBEA6B79AB6B5024CBFF1
:10D67C0002285F153E8624DCD72A0E560D7E60AA42
:10D68C00104F8660F8DE5BEA629F58EF61E208E6B5
:10D69C005F1EF8212092001849135705EC0060100A
:10D6AC007F0AB53F88FB86180003CFC54240605EF9
:10D6BC00FF68CF4203CFCF4E701097067E701E24AA
:10D6CC0044932F3C600043226F191FA9AE325E4E6B
:10D6DC000606466E0BAE17260BC2BE51AC9F476FAB
:10D6EC00D0D64476C2068416BABE879C861FE689BD
:10D6FC0011093257218E019A3EF0F1D6106076272F
:10D70C002E613ECDC4963158DE67213851020A375E
:10D71C0011036EE11CD6032E6FA6D9FFDE168060B6
:10D72C00450FE244D698279ED0D8D703244D8F625C
:10D73C009BE6AED005C2258E709E5D86308E2B206A
:10D74C0055BE2B1D670581028B7F09BBAF50C7DA15
:10D75C007E238793B002241A67BC6CD60E0F0C265E
:10D76C00D7B411AF5D0736AF016E5450DE17A2B2BD
:10D77C00F7E1F322AF11134FC0050FC0118CAFB0FE
:10D78C002FC301C68115FEA28E5C0E2A360212062C
:10D79C008F44BE309C77A0C8E726AE576D0287AD8C
:10D7AC007706E567F550ACC021FF28A8EE05F0C65A
:10D7BC0025029A47E92CC29630CED836B52613FAF4
:10D7CC001E3400B791853F200E8E309D960DF0864D
:10D7DC0018984F1A5505CE50D58C1E4EC664BAAE4D
:10D7EC00B85AFE1FCC896426D8CE149228201E4528
:10D7FC004616848EA327C08727C0ACD85F277347F3
:10D80C0052065EA23E468112FECEAFFF822602DC9D
:10D81C0027C214873E5F0526261003FFB4262F0D62
:10D82C0009DFF021283202535E11C1F17601B5FAFD
:10D83C0054286666CE452682DB19164AF31E593AE1
:10D84C005752353E631288D57FB1B12640053D96BF
:10D85C004514FB1602A2FF2E391FBBA62931022646
:10D86C00C2532E7EA3FF08F32606CF0846DE1451C2
:10D87C003EA13F7E2170DB7E0026A5305AC07F2C56
:10D88C00685F0F0DDECBB425060A051B06D82FFAF0
:10D89C002B10CE001C4C67D20E9C6E16477FAD052C
:10D8AC006CDFCCD710BF8E26880711C7703825BE09
:10D8BC00F8400290D629F78DE2950F90D8E15FD70A
:10D8CC00D62ECFB6B548316F0C407E7F0006848FC4
:10D8DC0036B09730027C0FEC6C8DDF11783F281E30
:10D8EC000D782F8A30F643535FA24386763ACF0FDA
:10D8FC00C6C46B77C2DEFFD7774710171A33BF96B3
:10D90C00740F3F2539D6B266C0033CAAAFE897D155
:10D91C003CFEFC3600CF81F432004AB1372CCFC329
:10D92C0014175840EE8EFD660B4066154B1FFF0218
:10D93C00110B3556018457081EC640D75FB83CFA08
:10D94C00EDB6072F1B00C1EA10F70B57A460B9AD59
:10D95C00E3F93ADF22F2A6201D88AE47A47BF69F9E
:10D96C00E502F907004A1406A8D74F9A3CF5F64091
:10D97C000CC48E8530BF5777C09C23D3E9DFB0DE53
:10D98C00448C9B9FC4880B0F7F5E3FAB11B64C0E33
:10D99C0086EA760144BF7F248804261E5B9607B670
:10D9AC00020EFE6DCFC12F28F50FD287ED27251063
:10D9BC004667AD0CAAE611848CB76831E7A87527C9
:10D9CC0012E3375147061003C6680618CE7F6F0660
:10D9DC001C09070819C6AEABCFC810D818C8F60E6C
:10D9EC00790C0F90ADCED10F02AAFF905817D250E0
:10D9FC001F368656026A2F07061F8703F6A062079A
:10DA0C004F3146026627C61205BEA6B9149714CE2E
:10DA1C006322368583A1E70AB7C72628A24766A2E8
:10DA2C00A12C576F9CEB11438C35F7F004006087E9
:10DA3C002F0A86C7A9D89BDFDB02245602AE409F73
:10DA4C002F8F60344082AC5F0698D18F72445C9803
:10DA5C00E189F78B03EE002BF68B05EEFAA28C40D6
:10DA6C00180416871506043D440BA73A8FB0E2BE86
:10DA7C009A168E4C14168F88BE530EB74DB6B50140
:10DA8C00BE76B4AF3400B303670C30089D47B15376
:10DA9C0019879B96527000C3728C9F751631A6C263
:10DAAC002811F55E90820EE68EA726D642C5B6806A
:10DABC00D0A1025E0780FEC0462FE6013AF6093B74
:10DACC001F00558C8E9DE7A0094327859F6E8CD82F
:10DADC00F8D626A0D8F75386772A2B0E020F51982A
:10DAEC006F5805EE8E43C057EEE658BEB707B1E847
:10DAFC00022C5F0B76508E08B7F7474ED82DB0EA44
:10DB0C00397DE60346A605A61E5FC610DC263E0E32
:10DB1C002861A6546E0329EEDE5FE06CD844BB6E20
:10DB2C00F0D1037F0A863680C5B7DD2056792F39B0
:10DB3C00774BCE113E6FA01261AF531896493DD76B
:10DB4C0005C15F8599178E14E083B5EE121FC620B0
:10DB5C00029A0984661FF6E5E3FF3E1676F70D0779
:10DB6C00B0A8D8776FF720BEB6BF24A92776279820
:10DB7C00D82F3F8F3C8FF38FCF8F8F3C8FE034FEAD
:10DB8C00B2DCB18F282A679850C09DC720006E3F29
:10DB9C00F1238E2526819180851C36730F64508568
:10DBAC00FF497C4F430010AFF432004013670089EB
:10DBBC003D6FD86917EB14D984620710AC6E2BE655
:10DBCC00EF24001027AD022AA76D2527C904722265
:10DBDC007408031FC00CEFD000E74F248EC581FFE3
:10DBEC0007E0A3163EB0A3D828A0A7DAAE3F0936AB
:10DBFC00A4376D634E6A3FDC672445A7A48B863C33
:10DC0C00207F5E20A18434137DFF25C69724F09ECF
:10DC1C0017DEDF23FE60FFA0BDB5EF0C9801B977CE
:10DC2C00899C19F78418A8E7472F3E38D984248299
:10DC3C0005E77039323CDF2728F4D78166D64326B6
:10DC4C00DF60137798771960C4B706B6C18F980F49
:10DC5C0073A0E9B0DEE9FE21E0CE214D56A621FEEF
:10DC6C00D54C210ECF21213C21F121BA4E219EEE23
:10DC7C002124E88E988546A0686A5606E7F080C095
:10DC8C00008303AF82D89CD73080630F3AD7847659
:10DC9C00328B149EC45400634FBF624FA4D980844E
:10DCAC00C2EF050F600BE7E1528C98FF5184EE999F
:10DCBC00D62B8E88824A4E4F060A472E095B1EB71A
:10DCCC0082F0B778564B0FFFA902DC3A0425F0021C
:10DCDC0027427F178002145032D7081F71C0D93FDA
:10DCEC00C7F8ACD90786AE2ED21821853E26A6C21F
:10DCFC002E700EA6753FA8730F20751E5DE691025F
:10DD0C002B3F6F06248400531F18EC20A427EF0B25
:10DD1C00E722415DD6DA4224868FB4F81625A85B3B
:10DD2C007D379E97B102663DAF208C06088F7848F0
:10DD3C00DB84CC0F0364A5DBDC7782C168CEBF111A
:10DD4C0044049F87AA0BF60076A7138FEF502F5130
:10DD5C00671EE19C235E1666A38E824F4F0546829A
:10DD6C00C1B1035FDB86D72704CE36E156080E6FB0
:10DD7C00460D86C5D02610A5B7A3361EE186BE6A11
:10DD8C005F70C63207677825209A8C1F260E881480
:10DD9C0055B634287706DA48C156020E1F768F3CEA
:10DDAC008FF38FCF8F8F1FB68F3C8F7C868FFC8F1E
:10DDBC002821044DD7217A37A336CC0FC062CEF779
:10DDCC000CB7201FE6A767D50111C7A2DF105A1E9A
:10DDDC00E63222DF461283770EE69BC621A5F08F32
:10DDEC0054DA44704F6067404F8A62A4B5DA1EBEA5
:10DDFC00979BE03F10CE09AD97B606488E2686C29B
:10DE0C007E853111E20A6CC3001C77C702002CEE30
:10DE1C00442D36B0C0B6AFE4675058A8916FC5BE5C
:10DE2C008E3F85AC8646BEECFE86A902DB6F6AEBA4
:10DE3C002F2DFE17A024DBB71F92B06E5C1E97AE81
:10DE4C00FD25080F97B6828FDF184081F19731407E
:10DE5C003720C2DFE2AE02803767C8839DBE72BF37
:10DE6C001C3FC1037F8167BCE8DA84249089F127C9
:10DE7C00162CA6DBA5115F825704236E045F082CB9
:10DE8C001EB727105FA4ACF6057EA62130C3020294
:10DE9C006CF71CEE305897583F594FA238A34F6778
:10DEAC003E0E8F0A02E407106F0D2817FF6E0777DE
:10DEBC004E075D2EE9D5FF7E0E85411EC1A60E696B
:10DECC00528E81F78B2887E9B526478E8B50368585
:10DEDC0048D05644019688AC27A8FE5674B0AF942F
:10DEEC0078AFAA665431EE03FED04CB24F17EF5602
:10DEFC0047B8C4CE097ACFDBB2A3FF123F56580AFB
:10DF0C00530B4A276912783F255EFFF4ABD14EC8FC
:10DF1C00DF8EAEC01120AE80BC283E45C8EF0A5B38
:10DF2C0007010041514FB4360304AD8F230A260F6D
:10DF3C0040572F85C2422F0697761E43AA5EC8060D
:10DF4C00EF40C63E877EB8270957C74CF889A426F0
:10DF5C00F7E253136F11C126965E6D848E26A58150
:10DF6C00260BC7010F57B0669EFEEF4FB811A2AE3D
:10DF7C0078068EC3350FC28A4CB7B6D640AEE15781
:10DF8C00CBBF9E0C3E56B4E15E3D1610DC2617E866
:10DF9C0027804C3FDB4027CD4CF1FDE3FF17246E6F
:10DFAC000FE22C4AEF9181C70EDB84C73F4C89F1FD
:10DFBC00B81F38BC4933EF24C4B8E233A77E52E211
:10DFCC0070F72E9E258EB027BE77C031058EC71EEA
:10DFDC003C86FC00AC11C38F15C687845EE537C048
:10DFEC00272D7886C8DB538F074CF121B65EC58F81
:10DFFC00E887001D4E401063FF6083002562168287
:10E00C00FEC47E0420FE14F04695DEC218734F5FEA
:10E01C0022CD376644FB8C470077146F9C5F90F8D9
:10E02C002709516FDC427E053E56540887D8662777
:10E03C00768B219E012ACFC04AB9773429C8A41106
:10E04C001C2C9232A1B788E20EC7D0DE1E8AFE7756
:10E05C0002568F4A186E095A8612E8B7BDEEFAFFBF
:10E06C00FE16C137A1B70CA7314589370027B74435
:10E07C00DB844778CCA550FB6F38DCDF4F68DC8441
:10E08C001086D71690E227634F4A3F51AF905E3609
:10E09C008E2EAE1070D6AD3E6BA6F5A811648C9189
:10E0AC001EAC8CA6335FB724630B2E591DAEA8BBD8
:10E0BC00A71EC717E2A8F33877361F85068F0B4BC0
:10E0CC003F6FBE8F57868F57CE8F5686310E4DB40D
:10E0DC00B35F26B218A60EB14B307762D55F040041
:10E0EC0025BF1147C3DC3F53C825C9E870174577D6
:10E0FC00DD1E6E30FF898BCF00CAB7C416B01FBBB4
:10E10C001EAE4669023C6367859A1689041737F17F
:10E11C00A4A36224951762CAD7E3201078CE614776
:10E12C00A99FC8EFA19F84FF05B737ED2E709F0BF9
:10E13C00714F6B86AFCF260C77A22F18A51914B789
:10E14C0080B75F1F153CA4D811A2AFDC1605BA5FCF
:10E15C00163F1C01008B1F0A53A82E28B0FE60101E
:10E16C0016ED678C7705BA67585744A08E16EA6788
:10E17C0016572D270740705B896760471016E067BC
:10E18C00BB11AF630E46D88206462050A80216A9D2
:10E19C00C790637FFF034230C011016B9FC4B0185E
:10E1AC009BC7AC0E8A67112177784F010F47818D81
:10E1BC00253EBA2EF7577F00C38933158FBA0065F9
:10E1CC00805BB64746C6DE278D4FF5F6FFC22D7F26
:10E1DC00246F1FACA3D95E246FCDE332432C20787F
:10E1EC0027A310704FD0105C8F8C9987B903975B65
:10E1FC00CFF1FFD5E216BF0380521B87E3120C0749
:10E20C00FEE22625F0E0021234CE8C7E000B97A1A4
:10E21C00F04A471E3E860E0E3BE64424090E1FBCF8
:10E22C0020DD4B47D0B8188D6FEA0F07DFD1069F62
:10E23C009084D7F7C22C2126E03F00D72951AEC0DD
:10E24C002AE6C2FC8F34DD40476F5D6ED70F8C36EB
:10E25C005AFFF0D847001D8E40AE4F534E0979043B
:10E26C00E039628F567BC65C4EDA04D61400DCD7DC
:10E27C006D26700747601603C6DB7C170BC4760E41
:10E28C00077D5FE001DAA6E2260BBE1F98DD841045
:10E29C0084F72E4F547737A42EA4345267B3C6E1BB
:10E2AC00B0DD25D2DF1285BEBCAADD56BCD52EC48E
:10E2BC00E02DDCEF943E171702DCEF28865F440458
:10E2CC00A6771EAE97161D8FA2C78968671CFFFF25
:10E2DC0096AD3E80671B08CF03202013F8268AC614
:10E2EC00E22FB78D810015EFD306DB8E26E0AE5EF4
:10E2FC000F4C27217E274202DCE73609BFDD57B4DD
:10E30C00E911A38EA187605F64040B90232E017822
:10E31C001218124F9CBF23C6548FEF96A2580A4076
:10E32C00B8AC7F04E8E71A803ED705D106A2006B93
:10E33C00EFB8061E8AB526A205A5272BB54E43AC11
:10E34C00C30F130D27605846161E341E9E16F43646
:10E35C0015EEA91DFF11BF023FA011D882A03716E0
:10E36C001EDC8424BF0936AB2E03AF1F020000A7AE
:10E37C00C7C4110162570C4F5E04AF0AB60F9EFE64
:10E38C00CC57470C2AF7405BAC07501781016798B4
:10E39C001605BA07163F1CFFFF9602DC07851FF710
:10E3AC0062808CB70717B08011153F1E84FFC44FD5
:10E3BC00B9CFC03F2DF0067D39BF73C7264260C967
:10E3CC008587C1CF4FBE734FFF03EA6E377AE06E7D
:10E3DC005BEE17853FA17246AF767EFE2E9E057CC6
:10E3EC000CD60F268091B70713AF88FEA997088328
:10E3FC002EA7A0392DC407D340DF7CA811E230AF83
:10E40C006E1E02DD0708AD3EBE26854F4DD4860339
:10E41C00C4FF20084297D557A6EF16372C0EB70627
:10E42C000F945CBF3AC48360B710400E2D40F76068
:10E43C0025D647174F700438AF9C0A00B72778F6DB
:10E44C00FC0010E16F166F80BEB73F32C213F4862A
:10E45C00FF8776EAFC2F60E061C8AF19F0FE2588D3
:10E46C0030FFAF500A848024938F6323670DE266DC
:10E47C0047B6A0D52F0F0E0212D78BDE269202F0D4
:10E48C006F4696E1A7001B3FDD8481249BCF591575
:10E49C00D785356F6E47C408DE99980F809177DF6A
:10E4AC0010C1245817729C5DA006DEBA3456D1E018
:10E4BC0076A46AEF56348E8F6E1000ACB2424F9138
:10E4CC0087E420190BFB282002DF0D5CC486B48680
:10E4DC00043E57B28FEBC6104FC1A82F5D90FA4E79
:10E4EC0026120756678017B54F081E6EA73FEFB868
:10E4FC003E8059902F3376F8D833042655478C3507
:10E50C001EA5AB07080B3F096037932609BB3EE4F9
:10E51C00DE8C84037F0CDE1EDF02F7CF7F05052720
:10E52C00C15721DA27F4DE488F2F2CDF03EECF4FB3
:10E53C00160F70E7AB3EA53FDB261026A1704E9F51
:10E54C00E83300FD2612AE0BAE78C8AEA557A1C8B5
:10E55C00E46D78CFA201E1561C2A576120B0BF4E62
:10E56C0077BFAFE75797083BD7C158DF57377F6E58
:10E57C0004F70ADD3F5E2528950FC3F72B753F6C1A
:10E58C0077E478DF4005575E38FE29EF4C48068467
:10E59C00B7779C5E89C42A86B024A596DCB0B3AF4D
:10E5AC00A849518EA4271650C0D2A27EBC4AD69937
:10E5BC00B8D1AFB425DE521CA46F005C1FB43E670B
:10E5CC00121E7F14304E13FEE030E00558FEE0734F
:10E5DC004959DF099AAFEA9810FF8008BFEA36C0A4
:10E5EC006E46DE1A1E4783CE058187E1D4B727BF5E
:10E5FC00400F0CF7ED404226EBB2D677C2A7006D68
:10E60C0067A5A72F16E2113CF9C2C646B638B74427
:10E61C00C787820367D3767098E1841147F018237B
:10E62C0091BE6362AC8457007AB70286DF001BAFE1
:10E63C008822DC022EE6490A26AED8B622AE7846EF
:10E64C008F79268FE78F878F1E878F669E8F8F79A6
:10E65C008FF18FA025FF33C8429B498166E668A6DF
:10E66C00837DC69AFC169900A7830060AF17370EFE
:10E67C004002F43E8F82380EB58C9EE02F5257121A
:10E68C00BA3F866613E7A0F01BE7D10380C38D3F2A
:10E69C004389AC387F1E01A4271827653F560168B3
:10E6AC00AFD6CE56DF5CD72721983705BEA8806041
:10E6BC001C4718B62088164056866097B59F96FA68
:10E6CC00FF8496BA8EB514284614391614FF153CDF
:10E6DC0021F03E025E2FDA94E02E12FC7621B0344B
:10E6EC0000580E4226210F0ECF767F9801B5BF72CF
:10E6FC00468107942EBF45B70F3D9700A42119A75B
:10E70C00DC82105F206C97287A6F46D596400F3FBD
:10E71C00F7BCE084243EB98F2FB166A693246EE734
:10E72C00E8F72E0FEE8074CE36575A18975CA69ADF
:10E73C0025C88FCD8E97F0EFFF043430B456203CB3
:10E74C00DF440489B71A0F2740AE4D9777506E1AE5
:10E75C00D676B126B630DEC1EC5032C339D7AF868F
:10E76C0014C64642272770A293220B07A444174FC6
:10E77C00A0A2F17FAF818E2EF6C4842C88E3965F25
:10E78C0000434F42A12C13B7484C372F16AE6C9652
:10E79C00C49701600EC3EF02FF0720570139BFB3C6
:10E7AC000E24020EE68C68118E7A6C0053ACE8DEF7
:10E7BC00C407D7813D8147377027E1C28F0C56DFE4
:10E7CC00D01ED3E9DE94DEB1EE4966A0E69A85DE72
:10E7DC0076E8DE278E9730B5B7F80F00070A965704
:10E7EC00BE0E8F814433B73360410486C0265395E7
:10E7FC00CFA3B6428CB82E2B4D3E026327C2A3ACDE
:10E80C0017FEF2F0FFC714606C96B721C98F854FC5
:10E81C00A046264E2681253DEF680FA614C4FF00A6
:10E82C004D4F2182B6FFD60FFF22128A7C76AA2684
:10E83C00B764200FF6FED400107BE726548D1736F4
:10E84C00E1093C572CD8E6AC249972571706BE1632
:10E85C00ACDC2694A7820F8E10615C96458C0B6FF6
:10E86C0066747ECD9783013E07103637422496A1FD
:10E87C00E7092F97001567C0C55FD3045775112D95
:10E88C00171111702F0ED4E103B7E1D450FE8BB4E5
:10E89C003FB56705C07AF02E1BC6C71201B067875B
:10E8AC00FE40E113E1CF0FE66C7620AE2D4557C448
:10E8BC000C5DE732E99ACE680E76940E5E780E7691
:10E8CC00747870316E5078BE24AEFEB7AF88006895
:10E8DC005E84019A16CAB48077F77C00B35A538FC2
:10E8EC0012DF3CD00F10AD3C2BAF534EDF1058AFA6
:10E8FC008B187717AF1081E20B67BE42F7D8006018
:10E90C002691A67D0CDC1122A2609EC7B6B076A023
:10E91C003CCEA2AF2B4FE1023CD09734601E07CE09
:10E92C00C2900A0606C0E6C007B66640AEE744448D
:10E93C006E93DF21B5F6712635FF0BD6B676238E96
:10E94C0003A6618EDA157E2CEA8EDD426798500B99
:10E95C0074EFEDE4054EE09105741FDD0DD397B017
:10E96C006D4F48F0B7B0E1EF711E30ACAEB020780F
:10E97C00162036C8EC4E3601B876F4E2520D9615D8
:10E98C00E024D0E210BEADCED78E2470CF239EA84B
:10E99C002EAEE28065BE503ECEBC360A26157ED524
:10E9AC00A4AED41E0381276B44709FA75E342E1730
:10E9BC0077A6D62620109807095A9F1F08E3A5248E
:10E9CC000976870D0F0F0190270D1F14E1E38424A6
:10E9DC002207C45DD7D58F7778F3D913106F710CDC
:10E9EC0099A74876AF3D2728787E2C4838877AE758
:10E9FC006204FC3E8F0E5F4F62AC7757CC11E35331
:10EA0C00D58F289C3F2B26D11119F5272A28E64DA6
:10EA1C007DD7668EB82640A0CC7C8625A010A68D0E
:10EA2C00661CE02198C241FE8E2823A0062697C6BC
:10EA3C0016033CDF40D75F15843C9C979227B74464
:10EA4C00E3F6A426DC053F95027797A0C003613757
:10EA5C0003716770607A66FFFF17C7A67FFEFD160D
:10EA6C00A02354AE9CA106ACA10FA14D29E70586AD
:10EA7C00F37FB749006286162F106177BBD7A016BB
:10EA8C00CF7F440B42B48E9665080C5FE916F5FEF9
:10EA9C000424E60F1EE2A624036448874E5E9136DA
:10EAAC00D803D648B9C7BCC0270CBF86F6FF01E215
:10EABC008F695E77440B35871BC7020567626EBE94
:10EACC00B98C47C2C7067EC42803DB979F9F0915E4
:10EADC0087F4441408F7DDC7739826339E5798C7FC
:10EAEC0016A71871415076CA18FE333FF708B4EFD9
:10EAFC0004778F6091E48001B53F4A92B037376E4E
:10EB0C00448E4D4F8CDC07D8378F5EE20240180CD8
:10EB1C005A0F5BB14F563E202AA102095E20D13E0E
:10EB2C0078A9E02DF46606D777275FB66801186ED2
:10EB3C00C666044C77848156FD98E28424078B4F7B
:10EB4C00B7C03F2402EC2EAF17C0211EB6F12E2CFD
:10EB5C009DBF1E12915FC0260BF7EAC00356872992
:10EB6C00EE6B565C0ED40E753A8E162E36C092A8ED
:10EB7C00EEB611C17FD0EF1023EE6912A895076491
:10EB8C006F3D06B646C32E5EE1628E7FE2860205BD
:10EB9C00CB571E807F2FD01182A21C2F28765FE0CE
:10EBAC0057DAC0C01245F7B4576002D796360363E4
:10EBBC00A6D0A01687660CDA0062579940151D2E58
:10EBCC009857A4B69E4EDAF4FF57916B3F195684B2
:10EBDC00630EA25648662F575C277F045C1F100EED
:10EBEC00A7419622D6F56008B5261C5E20AD0F0A0B
:10EBFC008CC608A7118326883DFE58BF0C4F7ECFCC
:10EC0C00BD280E0256D7E9E61A772EA2E53FB6DEEE
:10EC1C00468E26C480A2BC47D418AE033DA7843AC6
:10EC2C0087A6450BC1AF16AF0C0F3271066A47E4CD
:10EC3C00B63676C3458E678419A31E0205D8475A8B
:10EC4C00B68740199036167E04451670C100A6068C
:10EC5C00C0A5DD262657AF6C2625020CCFDECF6C67
:10EC6C0076540014C7E8478CB88E468C244CF6EBCF
:10EC7C004F2886831F058BCE8E88A50B580F0A9CB8
:10EC8C005F89A57E5754F546FB19CF684E43135B3D
:10EC9C0017F7FE8062373FA374B877FEAF97A023B7
:10ECAC0055273D100043BB67422FC2BCC74312D748
:10ECBC00359E21211F6C8637AE89AD1EAD3E056792
:10ECCC008025AEBA6FF1FE0F40AE6B4F020062CFE3
:10ECDC004787AA0F523FD4CF33658023FFD95FB546
:10ECEC0061C78B875BFB0F120BD642762A2C0292E4
:10ECFC0015A730303C663BD6B64F161688011FCF91
:10ED0C0066898E93C774282D86C50EA605A5C7D017
:10ED1C00570703D1370150B7E898E33D67B134A7E3
:10ED2C00AF4CBF66FBB60077E7188A21BE78368FEA
:10ED3C00267F830F8770CB0064159288110A0770A9
:10ED4C0000110DD75C18335F2B801868E2F9C6529E
:10ED5C00FFE4D241E91720F00F429420C8CE054DB4
:10ED6C003780283847E3E86396C402AE9BD1F72975
:10ED7C001CD6447B1FCC2EDF2C16EEEE08520E94C4
:10ED8C005CD80E4234219F415CF7188748AE0F3394
:10ED9C008F5C064D4D77C0ADAF63AEF6E8264224CE
:10EDAC00DF861078E48A732EE71CE38AC33A0733B4
:10EDBC002176800E57020E4698EF99500312E9DF28
:10EDCC009CF7D4E32CF0CF127257BA061E2E2F915B
:10EDDC00104C3FD18F7EE3440B907E310671978AA5
:10EDEC00CE03120417601FC71600E80324120A6F23
:10EDFC000534AE0435BE8ED727204E680CAA1314EA
:10EE0C008E03D06316714E8B3607248528A5CF024E
:10EE1C00A03DAE52266BC68DE56CB7D626183F5674
:10EE2C001E942682048EAD0477A62598C0F803CFD5
:10EE3C00FDA226C3762706304EB54F7800B9D8B65A
:10EE4C00CABC172E7C0625B02A460ECAAC6F82FBB4
:10EE5C004E404EA095167C92C805848234EE68060E
:10EE6C001E8D805C6C0831AF66CE058E630150EE52
:10EE7C006B9E031E602DFFE03ED8D8F7AA63008777
:10EE8C0096465EAA1ED454FFD0A08D4764B9144F89
:10EE9C00D22FCEAD777E380B4F3757C7068E4E0527
:10EEAC000EE30B422E889395FFA03C614EBF9C2332
:10EEBC00397FE00A0092860E4C82244696A43E3698
:10EECC00403106F517E4E708FE084DDFE4A204E143
:10EEDC00972E1E6B44246D584615270726BB0B46F0
:10EEEC003EF3BBBBC634C316668A76090A46527417
:10EEFC0026504D50464CB6E5B783DC9E3C268FF32E
:10EF0C008FDC8F1E468EDD09249780C458085ADF8B
:10EF1C000F090685248200F5F60A0681A6E3A9AF3F
:10EF2C0078C6ED88C5ACB406C4AC55CE4BF8168289
:10EF3C003043762F243E2640400B0336624B01684B
:10EF4C00E31E20600601CDE62658321FCE23C238C0
:10EF5C00EBA438F48A5A14B0A835FE3A1716686830
:10EF6C00CA93FEA8304613C6F64F7A03701631CEFC
:10EF7C00D680CD2625C2507782A27EE2B12E588B48
:10EF8C0008560AC4100E56550675100F6736A64A59
:10EF9C0031D3068CCE6B9260BE704E6463C6A106F4
:10EFAC00A5461E9AA7AA0FBEACAF34AB1FE721ED46
:10EFBC00220CAF0B7EC0AC069E0EE70CF7F7468F0B
:10EFCC0056BD8F668FEF768F868F78968F3C368FF7
:10EFDC001B409B0EA02C8609267707802935102311
:10EFEC000F04952E3686C9AC0B166A00156EA478E4
:10EFFC0017811B360E62C3AC846608B83E208700AE
:10F00C002C6E8301408F47E8782EC47C66CCAC33E1
:10F01C0077CB7906C7F8C2AC51193327FF175E942A
:10F02C001938FE5B14A6E70746B2A0CEB84F499339
:10F03C00BE67A0114D750E90B466270BD8262528F7
:10F04C000F3F0F66AF0E6F840E2186BF1EFCFF486C
:10F05C0017D646102A5E81C885160E568B74F68418
:10F06C005EA927155E88B4009E43671F42191C5F7A
:10F07C008C0B57197D9F86200787C0468C7CF7C068
:10F08C0061AAB775C500485F9A1D7E07EA06448BD6
:10F09C006F8BA67EBD0627DAD73200DF2FC274E451
:10F0AC00598D8FA1CE62108E28960B1CDF802117F4
:10F0BC00C638DE6440381E1081C6C60162D628668A
:10F0CC009F6FC2960F0B268746DD07C42CA6BFD4B4
:10F0DC0046C68337233ADFE6DC6EA6FC006BB734FA
:10F0EC00BE562AC742311EA0231F0357279470C651
:10F0FC00BBFF8C0431DF2E37036FB685AC684784B9
:10F10C001BE96F0A17040EA7FA4390A050721FE870
:10F11C0067C42B5F815505EF30D1191F84C6116F61
:10F12C0020A0FE7770EE05B65C41F08EA8407EFE06
:10F13C00F602409010B59702D4B738783612B0303A
:10F14C005F216E4C56C6ABBE868C6CCE959034A4AB
:10F15C00454FA785D0BEDC00DE4FC0D68C8ADD5E65
:10F16C00DF5F00C2BED0DB8ED4B532423F0FC52468
:10F17C0082F017DBB2B52E7CA68F334A9EE942B3E0
:10F18C00164FCF709099C616214FD904E54FE02841
:10F19C0000A3321F99CEEF168FD7839026C39112FE
:10F1AC007E41B81EF690570206FC32024600479686
:10F1BC00161E46920260FA0035A720E27E686E3F6A
:10F1CC0063053427E2180001FBC7503EF4E805261E
:10F1DC0023EE6A258E0E8717260D068500E2EE6457
:10F1EC0010F7B616638EA3E68148275C8730183477
:10F1FC00A657062BBF877B9EB88C7E308F0F8EF860
:10F20C0082E1966C36A1042D573FA8783E7341A439
:10F21C003F40F7C6D0260FD74952671CD7160EDED3
:10F22C0080A38F0ED79F525490062713786E2127F8
:10F23C006C6E76005F27B036D60218255F455D47A9
:10F24C0083E7B6DC83050611229F11F0FE7F915FE8
:10F25C000E562606CC57E102292ECE435E76C21FEF
:10F26C0007FEEE02240F0238E6831D1E23DA065633
:10F27C0052155644041AC2D70BD6F42A10B202B156
:10F28C004EB82755C6947E3E9432DC7E942E09608F
:10F29C00C9BE6A67C59608B1476B67D7DE3CF66096
:10F2AC004EF9FD0E04E2A526B78405D827012A578E
:10F2BC00C4542F5B5FA20E2F87335F33D601432DCF
:10F2CC00C7F08F3A8AE60710323F5C8613567854A3
:10F2DC00E69426411F971524A408CD47114043C737
:10F2EC0037AD82B977A502DF572600E00243E75419
:10F2FC0002A7C780E6D4A524BEFF4002953FFFD5E8
:10F30C00A2D01155A0009C4742167626312697872D
:10F31C005D01247C878F0C1547AB1684141B67F199
:10F32C00440B468CA50F63DAC7BE0D1C27702468EE
:10F33C0086762731F6EB9BFB029E10956E4F8196DD
:10F34C00215837280EDE40532F0679AE08DD8F7A10
:10F35C00CBD50686E0BFEF07360B63E7192E1EB33D
:10F36C0014CFD86E3FD632446FB0772324D84F02D7
:10F37C00B84F90B05E1376581A4F528C975CC56498
:10F38C004437E2A0E6669F0F183258F737AC2E01CF
:10F39C00D296F156B31E89701609733E06DB56A73A
:10F3AC00D4BFFFB17635A659081F82BB8FBB084F5F
:10F3BC005DB5067F61F5182F0C2FDE4310082E77F4
:10F3CC00D0B16E1F76D8E8EBA2262C668F95BB2F9A
:10F3DC004B763FC22F287605BF6EA2AF025F4F421D
:10F3EC00161CBF28811FF699FF52142F18963E77D2
:10F3FC0040AC1AA718902E57E32B4F61BF9AC880C8
:10F40C00C82F9AFA7E51321C3447A177FA808811A2
:10F41C00B800E704D64A26941C7EC94E055756A45C
:10F42C00CCD18C11388057A603169D036366E0255A
:10F43C00B0604462A6696147582AF58E93AE67089E
:10F44C0031D72043268002AD67A6A9328CD6091885
:10F45C0007BA333CDEF77F0226705F9A1ACEAE6E87
:10F46C00C63421E05E7D6F28E2BE6CF8A642909E09
:10F47C005EC146948686D7109CB617166A02A048C1
:10F48C00C076DAA0E626277EE04800C443A77000C9
:10F49C003413A4F54F20C68E88E0CF849299C1CE48
:10F4AC005253A4845C3137E9470672081C20B9809A
:10F4BC00D326050F4F740D3AAEB74817783C4C9CC9
:10F4CC007CF2587380F25C00A2FD8400E2AE69D835
:10F4DC00778A167E021E0D366B4E8FC4C6052E73B0
:10F4EC0019C0CFBE06F726B4FF6233D7A384095ADE
:10F4FC00674D46A0C37D654689A7760C48DAA0A85F
:10F50C00A56EFEC6A01074DE11BED0E1EB067F3FE7
:10F51C006E379E06B1F11EE032E497608EF6B33082
:10F52C004C3FBA470A700B86A014726FD9BE77FC99
:10F53C00E845A7AF82C092521A9CDF23154DABFF52
:10F54C00802C583F0166EF7190EC82679FF4FF832B
:10F55C00470288A5E7A7775C3496017506DCA8E618
:10F56C0024589703A0768F0E5E9A8F8F698FA68F83
:10F57C00808F3A568F00E9A68FA68F1130EFC09876
:10F58C00199447971F6128E577B53E09BAF626000E
:10F59C00B1E61F0EF011E924261C424F4438169890
:10F5AC002C76262820CA678D2E36C286E513ED07E9
:10F5BC002E528526B167862826288A7AB7C3171F4C
:10F5CC00C600C8C790BF84250E998F8A10F68B860B
:10F5DC00F20B4F4754636DE66514B66E043CDF7650
:10F5EC002526B7708424025D4F7509B0A21740011F
:10F5FC00AFEFD8E60346CF0DE02C3A2A4FB4278E56
:10F60C0089333F1602EF3FBC07411FA745C8095F6E
:10F61C00978DCA04CFDEFE0F1916C93FB7C442A29C
:10F62C003F4911840177945D474D1AAB3F4AC0D6D0
:10F63C00077E8800C596B640444996D616C6AA37AA
:10F64C0043E46C0426872A4B4EA160FEAE1843A0FF
:10F65C0050DA0FD13B560E0AC65826072C162644F4
:10F66C008216D7CF5333DEB6F1B408A3FB7664AC65
:10F67C00CE77248E05BE6D1EA0AC5E4EAC08F30694
:10F68C000CCF10143C18F31CCF24207D2786223677
:10F69C0001021F8EA8826096E05F549F8D917FC1FE
:10F6AC0087A9186E86067F165F837C06A6CD87C059
:10F6BC00DE2ED8FEA7ACCFE6E9EEFF8514676D3ED3
:10F6CC00A58CB0560792B628761416E6EF7F390053
:10F6DC00E6107317266066ACDD673B00A6F857583A
:10F6EC0034D15EA70200A10F5AC156B639D7B42641
:10F6FC008690D5A608127F3E302B28060B6FC702CA
:10F70C003081658B6E85906E1AE814909656278022
:10F71C00A729FFABC082BB063EBE377E678C027149
:10F72C0016D78EE6FEB9072721CC57C725CCB7468E
:10F73C0025C3C70C0E1E0B00A2386C8E8790012EB1
:10F74C00665310F0FF4616C976D777052EBC4326B4
:10F75C00056929B7A006A9B7404ADFF6022932137A
:10F76C004FEEBB14665C40654288D760CA686A0F6E
:10F77C000442C05742AFE81406F751470891595F4D
:10F78C001E3EA4232127E007444C179460D0863CEE
:10F79C0075564B83F730989AD60AED964E23DE8E2B
:10F7AC000A2E347D1400654787E4ACE6192FECA5CE
:10F7BC0084247F22FA9F0060141F30988997842339
:10F7CC004CFF2E25700FF7FF17EA804004F007B0AE
:10F7DC00E846FF0A30D7A4AF1F90EA1143AC872745
:10F7EC0014E758E947C87FD7CF7C76C5C49E76000E
:10F7FC00BD9E8517F1FE8E1EB8EF7B023C90F76B19
:10F80C003C6E140D8C3FD00698B97F06A70697ACBA
:10F81C001028CF6010AE9F0423AFB644E71F04132B
:10F82C00BF50536EFF979743283F7428A226E732A8
:10F83C001E3FD89698110A56FF19B7027ECF05D7EE
:10F84C00C7442E60439044C09F3F0C87B08FC318B1
:10F85C007F632DC53782E7181021276E5F0CDFEF11
:10F86C00E43350848CA13F4889D0F75500E44E6BAB
:10F87C0027F02F60D28F3260D07F6BD87F3417196E
:10F88C0068436F62A000BA9FD26C3F05BDA609EC1D
:10F89C005E1F82EE894C17AFEA0CB0561026166E1E
:10F8AC0007FF9426B7553084872C2FC9FEC44F52BE
:10F8BC00854F902FBE661E1E5E20947BB608FE41BF
:10F8CC0047B776243FE8772E2727B8E78784E78069
:10F8DC003C4E2F5EC02880137F1FE408156E60B36A
:10F8EC00F10F4C8DF108573BC866B05FC9486E3FAD
:10F8FC007767F8088492244681E9FF2978276211FA
:10F90C00821E9987E6975C1F0D393F80AD177F2BC0
:10F91C0006AFE8A917D780C446267E570524B6EC57
:10F92C00E71CD6AE29DDA78416B700341E609F16DF
:10F93C0036A6661D1E205A72EF14F3EF47600316AD
:10F94C000C4F286158D7B26FB46F395D6F57CE9C8E
:10F95C0011220C8F3014654F17CFC3960A97018E66
:10F96C00034FC58F0226040F620D5F0E0863240C33
:10F97C0000C5628C8F031C21E4628C061612C547ED
:10F98C0030F86C5F1104692D5E982A26248DEFC81F
:10F99C0006B6B4B6161401728EDBA0160D0D488790
:10F9AC0050579F098100A33F07D870860470AE683A
:10F9BC0087326BDF05BE302E1B32460F08F85FB066
:10F9CC0023C9360E08A6369F1F80109E47328EAE76
:10F9DC00124C4E04DD26A349573043280C4B52875A
:10F9EC00AC17DF1E112484E452C226235CFE044DA6
:10F9FC004780275F687AB60FE71302B761E8901764
:10FA0C00409E80DE74EE8038FF0CF76F2EAC01B098
:10FA1C00FFF02A812FE707A11197DA2458AE0015C1
:10FA2C00966E341EDF802003DFC487776501A01635
:10FA3C0001466ED024AC43BA270041D8BFA8AF1002
:10FA4C00DDEF1D070C874708E4DD20AC0F182730CD
:10FA5C002734271C2738DFE4259700D03880DA902C
:10FA6C00F125AE32FE0AD87F7071401A5E2ADE266E
:10FA7C009B775FE4BE042F8070147E8E2474C6B313
:10FA8C003676C50026EF38083036307C0F0D6C8981
:10FA9C00FFDB801F261418DF0835B728BC88C76D1C
:10FAAC00AF460048671780EAD9083CFF661F22DE84
:10FABC009700E400D0C3E67603B608D05708F15798
:10FACC0019F680BED51600D80100012F87000AB1A7
:10FADC00FF230F1A30E2F84708019AE6B8AA27CE9E
:10FAEC0042AE28AEBB7F6700700878EFC8743E8DBD
:10FAFC00334F2827290F2FEF0256044DB207268DBE
:10FB0C003E4107A7BC0816159C5C202BD70E7ED057
:10FB1C006E0EF89ECE8D937816DB92428EE7E10442
:10FB2C00070822DE05FE03052F781658D076661FCF
:10FB3C001B0EEF321C0E0F0F3E6A8FDC47DED68891
:10FB4C0030C240D60A362682115F84352A0AFF3E1F
:10FB5C004A3526002A1166B7091EFE295C1E0C893F
:10FB6C00A715CE090F8E2A7A271CA6FB263DAD8F32
:10FB7C000F01340914D6DE5E35F4FF0AF63F38BEA9
:10FB8C004967F4F6B6F827C317A740770F44E42A61
:10FB9C000F27616F443CCBFF6773ADC8AD3D18E4D4
:10FBAC0028E157860FF796EE1624408984561706DF
:10FBBC00E707AE3404F7238A4711639EBC2FA98F45
:10FBCC005C9E8FF38F8C130F22F7DE70014FA1D147
:10FBDC0062244C5F203AB942094F1E1F4E5FBDA9EB
:10FBEC0006AAF8FF0246A4C75AAF0AC006F05F0186
:10FBFC0062B6A0064A654EBF40150A7E0A6D208A81
:10FC0C0008080F6908DE468E8F798FE18F3F87BD1C
:10FC1C002704F7EC218CEF2C0136F8EFE704830670
:10FC2C00DE055E08F791021F090ED3299177713119
:10FC3C0082AAF63116FFE1400901868F146BA0836E
:10FC4C002DD6043A61171063DF8DA7AF5E0420C078
:10FC5C001F8CA17F7E2A000924983F1402AB9F04BD
:10FC6C0067ED838C1682898CE306A03EA401549622
:10FC7C0005172F8618F8EE2A28830D0EA0F41021F4
:10FC8C003044BF4280228D4E855EC8E5F1A530041C
:10FC9C009937431F66F9FFC0002EE770E8A0811F5B
:10FCAC00FA8424001C8F804D7FA32588774291C253
:10FCBC008E869EDA56A7240B15BF836A8DAF871FDD
:10FCCC006860DCD630EFFF6DABC7EDE8905A2E9430
:10FCDC0048E93F017B4663341EF6A4F3FF864022BD
:10FCEC00BEAEA03F9F023C00005A8437649F2E3C5E
:10FCFC006D803232784F2C20478C0D3E2EF897B702
:10FD0C0030C0070E712118E2B4E4C76D8DB6B8B6D9
:10FD1C00FBFF458357D643AC77A57717476B468EC9
:10FD2C00C740029774821660C758011812AECD886E
:10FD3C0009A673A768BF0449C2271CAFDB942F83A5
:10FD4C00FCC78C6E973C78CF1B3E09F8D98000B766
:10FD5C00692FC300C46FA384B67F3F44D4CE114E29
:10FD6C005FA6F202ACEB840002524FD216887348A5
:10FD7C00C98CCF4C0D13524F9A9684461F20B4EE6B
:10FD8C00765E481ED5802E22D01602E88EA218363A
:10FD9C0052861E43A30EEA24FAA7080213DF00B111
:10FDAC00186F7358D9E1475506828A40670400AC36
:10FDBC00F72F6F825806DF18090851F78B6EC68330
:10FDCC0094B14E536F838AA45F9AA20B546FFCA21A
:10FDDC00AFEEFF002C980F1E41310007179C0F212E
:10FDEC00A6BE0F3080CCD7C13286ED30C237D0C51D
:10FDFC0019A7D7450043620FB066370759D78C0A4D
:10FE0C002A97410F420C07082718F23E1FA2AF9504
:10FE1C005F70695D1F10C09E11C20E03C19EEE5330
:10FE2C00621F634FE686459E006066CF8775204E45
:10FE3C0023B7C6D0F86F44A042355F2861D20FD5E6
:10FE4C00CEEC2BFF8D3097FFC30F0D7BC6EED0F79A
:10FE5C0007062FB11FC82448DA1E0706E51F85A721
:10FE6C00B1415931963E164F4B000E5630AD1638F7
:10FE7C00806861BFB4703F1BB8A4215085037536F0
:10FE8C00EA2128075C560C0C9726CD271CE41FC7CB
:10FE9C002148D82401DF1080303E357A561103A159
:10FEAC00A63186A7571B47AFE907DFE7EF45FC4BA9
:10FEBC000E3C52210F0D58A20D3C3307FF2268F067
:10FECC002F362176303C47404C095F0F0243FC48EB
:10FEDC00CE254552EF1714A1AD350ECF0DC6635C80
:10FEEC0027741812BC772458EF49BC5E6C1CA668AA
:10FEFC00AC0E6898561907F6E70EFA49C0479C9F56
:10FF0C00C0011027D812820BB7615245FC2F0C4D43
:10FF1C004FDA21580976E6C0E0C8FF00324FD058BE
:10FF2C004D709768CF7882E1EE1068D12FB3B7E0AF
:10FF3C00800161D720BFA6D6FF6C150657F5D3FFFD
:10FF4C00E91437BF635E8688003417275632FF0FDB
:10FF5C00B3BF8325F88101632C57D9103FDD42478D
:10FF6C00ACC08261C4AC31C60E4685878ABE8E6A2F
:10FF7C008D1D76828611368E800F0F2520042FCE94
:10FF8C007009078280BF3002B16E43E685D6DE343D
:10FF9C00A63D18D64BFCD6FEFE822567D68927B81F
:10FFAC004F45973C1D008011C7E10000A957698E91
:10FFBC0003C4D4360227A68F392F4A7EA5ADD89E0E
:10FFCC00AD05304E1B361517EC000924F76AFE2ED2
:10FFDC002128CD01CAFD8FA001DD37B00019456085
:10FFEC00CFB63E7F2003F1FDF16E03D887B557DB0A
:04FFFC0016E71B9F4A
:020000041001E9
:10000000040F76978FEF06D6DA98FF70B728A0C254
:1000100048E2276C76EEAC4FC0DD3F81BEDE100CAF
:1000200046024710600F17CE831720B5871A93FD3D
:100030007F27186005084F4440C84F2848871E6E28
:100040002B78448CBC094698577F82881027FFE1A3
:1000500012C41E47C40A82321750828BAF49F05E29
:100060005444B0AFE6C402AE48894CAC7F3FD704DD
:10007000EAC440AC4ECFF5B5334C3FF52D425F920C
:100080001DE654DB033C46458CEA464164E8AAA4DD
:100090006D420FB638BE5E2836A4219FEF4F57043D
:1000A0004FBD53B604AE4FF6E0962A1A6826C42117
:1000B0006EA726A2C6856303470898DB36A683147D
:1000C000587F8EA9310058628F87424773F76E5E62
:1000D00044660AF04E4C6C164F20685AA7C18B3705
:1000E0001A5BBE67B348414605D89C976D3212CF64
:1000F000036FD1B6A5857E694E47101EDDB450D67C
:10010000498253D8D74C4C661F509EF6E8C74F0320
:10011000A58E15EE29640FA2361EF71142DF18B71F
:100120005C37C05621BBD65543DB2407E7685741EF
:10013000A70BA7B044551DAE92A68AF57656324855
:10014000E70E16C257D077A2C740D2F8BEA48FAC34
:100150001CE7B977D9975342A717C8484B14803585
:10016000BEBF0F40404D3FE4E80063E0A36FD948B5
:100170004BCFC3554E0F3952441C253869995F58EF
:10018000AA861BBDFF52449A5748BBCE0A56E45775
:100190005295471F20BD406FC9677E465752C467BE
:1001A000E4455809003B16CFDFDE45586267724EC2
:1001B0005420037660CF1767644E5472434F384F14
:1001C0004DA99F46CF1B234EA1172147134F864DA4
:1001D000C7F15242F447A0342F5032C71B1E84246B
:1001E000DB58453F9A45365444540748E808051EF5
:1001F0003F515FFEFDFFA08A142F8E884C513F585F
:1002000057D618064E15E760A55E1229AF7120C6B5
:10021000043CC0AF8F1500BE0937F0B033E7063A93
:100220001714E226A1C71B266FC613C32764CB6F22
:1002300036622002D2A758083EC622FF6288B7382D
:1002400069E0B7B000B01EB43E4E2B10C702118655
:10025000EF69C567B40F300B06E1A7C0C480BD07C6
:10026000C621E727872DAE5F105C9F6218E62566E2
:10027000019685812E8040E66DD19E922BC761DF6D
:10028000149E00E3270A4EC7AC42D7C4AC9719C7E7
:100290000D7B6F0317AAAEC99F09744E2520FC2E53
:1002A00026020F37382F222FF8933200438157430D
:1002B00027678D056F340104F0669E8FEF27FFFEE0
:1002C0000424BB248E16C0AC71C6B0606FD901FF88
:1002D00058506C6F72657220FF6D61736B3A202508
:1002E00078DE210A267046288B00414D8B29BC669A
:1002F0002C34FF4F6C64207673206ED965772EAF57
:100300001E2C2620EF29203D0C0A663E01FF4E6F71
:1003100074206120FF646F75626C652D63FF6869EE
:10032000702063617274BD2EA2008F474669DB7234
:10033000734A33726F9867656E2061D36E58656338
:100340006BDFC44B2E2E2E0A6957DB326E4A4545B1
:10035000D350521E37CC3032587D090AAE9753DD48
:10036000686F6E648899D8EF3E446574CC2A04C7E0
:10037000A149E0443A20908D537F55FD6E6B6E6F1E
:10038000776EB8452136CEE067440958299738255D
:10039000670C7887730FDB25370C677842536E2C18
:1003A00025646B1317AD61E06CFF2041522F47535A
:1003B000205686339DDB396037EC3229FF47454EA6
:1003C000455249436B1E31567D3132386B29DE4F21
:1003D0004154454CEF4328323536D86B291F5E9A7D
:1003E00035D8446B29A37F6D3DA51F9B3D008FB081
:1003F0002047CD3A2469AC633C1FF64C20F958A83D
:10040000293FD63132631FB0333F8299ED2F6F6F92
:100410004F04C9362F128C4656460A01E420F6577F
:10042000688EE2206B69F1246F667CF5206937489D
:1004300069743F7B4400491F55736566263C8E797D
:100440004AB02794E19CFB64737510452EAF022CD3
:1004500010764A6F6D2BBE74616B9661E402086E74
:10046000A06E6C7908A677C020436115906C8A61F4
:100470001F24308CACB25265163661792B9E4761D1
:10048000F16D654275C0C49B4A16536D07064376ED
:100490000614A250BCC1737776596412AE7C63799E
:1004A000041F618617202EE473F0CF4417B07EE856
:1004B0002066208843272B0503B04762918C563075
:1004C000F52F1845C17175727B697A65722F02DB51
:1004D000F9F7422B9864658676CCB665FDC4FFD8E3
:1004E00050EA1ABF69D0342040C7C353D660726B3C
:1004F000B69B9F3E416E792847DB082048055E6524
:10050000B5621677B8BD2E20EFD857114C985D43D1
:1005100000F44175746FD87931F27EA45479706516
:1005200017F6862C06C0D4338E23417F4E54683F85
:10053000067769B26C54AB5670E255743660206C25
:10054000D7EA06DA76F0730DAB6F8666B7C5A706F5
:10055000F5EA616D936174728929F8102986192C66
:100560003D0229FEE01B5B39336DA8473B45C0D9EE
:1005700079DE141C673BACF1D125C117F762650E1B
:10058000055A64C3210AD70348B2616434317250FA
:10059000D9E8426FA03C64B07E6320C8D8BC107913
:1005A000210A0014AF1A2AB06CE5C57ABF66CC34B4
:1005B00022088810A76088A13A0063BFD8002001F4
:1005C000276269618AD85C2F753F57707378EC2079
:1005D0002D3E574752803158627A6F3CA4515218D1
:1005E00060ADC0200AA5BFA10163698A4706045E09
:1005F000AE48663E38731A5A63A86C702CE65620D3
:10060000F065505358E535518E6E588E72753F7DAA
:10061000730A00B1007D3053C21D28140BAC683F33
:10062000E043584CB03B7E1D2E2E8A8FD83657089B
:100630006C646EB427C26472BF05693128708B3C4C
:10064000B055A3AE175A777B506C75A64169399D9A
:100650003D65B26692F1746D7E60727D0E6761AA2F
:100660002E2E810763D5B469D66E169266793A55F7
:10067000766F72F117E75821CF9B493E2EBC615827
:10068000E29280002D8270708158D79D6483BEC035
:100690005872EE136AEC8740BA652F21380F308B01
:1006A0000566E169D53C2E44E7BA3953BE763A0770
:1006B0002CD82C5D5823C10F1213E8B08E2F8867F9
:1006C00068207216C10D337621AF2E54180039DF21
:1006D00038B406A0E095557A796014DF4A24256481
:1006E000AE213F0E481E8458F457582A736830B123
:1006F000B7A01F34D6700A1E5C2CDE5A43445772D2
:10070000D04A65D8826D6D78BE284E1568264D603A
:100710009E50AA41A802350661B0C23078B9505B3C
:10072000C44259781766E577D76E68EF04E7FF2E65
:100730000987C64C096097506E6E604899EA90B878
:1007400054756666063AD18A64F1FE68604FEDDD45
:10075000342DCD852A6CE169676ED1E2399BE64183
:10076000210B99B2B898AA0033D75278F84E285C7A
:100770002F205E512E640E862B1BAC4553D845545A
:10078000376245804426BF6C0D4D791688A8181332
:10079000669E33F01E607475EC073FC573B8436DF9
:1007A0006BB643444737E7D76237618BC7047E098E
:1007B00006CE5D45160F706C557A69D0AE211A27AA
:1007C00045644363A5999D11835E1E84E10E143E2A
:1007D0006B5B7D4E54F053432D4A50E2793B646D80
:1007E00073B52C7055EE51AAD8D72E7E6D6F760951
:1007F0002704478640651BB73FE67124C6AD2AA78C
:1008000041E8E26F72EE2F5F00E2B33382CA360432
:10081000732106FF1E5B33336D605F452438D4546B
:100820009E2A0821C427B4FC651DBB7019376D2CA6
:100830004EC23CF006AD5A8F865929A2C15ADE2E0F
:100840004CB5619D6E8F5687DF736C18322103AEF5
:10085000A753191630DE34836E30912270777641BB
:1008600042A76CB260451F00535953FF54454D2EAB
:10087000434E463B0178BF33D32EFA636E663B315D
:10088000A04F784C6F617B8A205D48A0AA3E2A73F6
:10089000ACB63A8C329B30DEC97E81981201C1D849
:1008A000B1883D25F17C549990E211177A636B3D34
:1008B00013AEBF46CB349D28A6C1B0280F4BC02530
:1008C0007F6C004578658E638704534C502B5180B4
:1008D0005EDB2E2E338706E13F43BB081CEF3272EE
:1008E00023375F64A4254012B54747FF6FC267678F
:1008F0002C2A54695254BB7E219F4D52A06452BF92
:100900003A4C415348494EA74792150A6C06D4CA3F
:100910000AC0DD306BC221E97708A2EC6793485921
:10092000C1125C74F13C7FBE1BC858E1A677814EB2
:1009300016EE287721AE29D2E065787078153D1A39
:100940002CE17074EC2B5F218326166C757365B5F2
:10095000558274DA343759C147DA3C52BEA7BB8995
:10096000171B836D34D820701237B0677565DE0AA7
:1009700000410805D8F58DA29FC5C58226A8EF8144
:10098000A265026DE59647454199006CA70A065994
:100990005EC48FDE6C63074D067ACC84180B51F071
:1009A000434152442F525241805776804116F146BE
:1009B00041494CD1B654B80C7E014688121062B839
:1009C000032538FB9D30CE4073E1529DF4EAD7DB1E
:1009D000E521000F382077ED4B1685C1AEF41743A3
:1009E000E6D516A32F6BA2B991DB7F9385CC3CB6DD
:1009F0006123C0D8746F37367F42AC9303E9266217
:100A0000BE6684732CAF8125008D0774F7A2B31ADC
:100A1000661E130413AA77DA4735DE6864776179B6
:100A2000C049A7AC03802A706956680CF63382D699
:100A300002AAC7277309A0623D939D6C9165B464B7
:100A4000A782F117A96D7465EF700A533763048D9F
:100A500028163C666CBCC418DC3C00706F234E4703
:100A60009508FAA56261EC935C833CF379E13A6006
:100A7000EDD06C79E05333A47548E168E0675CA67B
:100A80006C656414CF2F7B604A2E02692BE46C796D
:100A900063EFBE6836657218779E7075740887D8E4
:100AA0004F6064A0FE61B021E037D8E66D6D8480B0
:100AB000AEC0201BF512A1A9198C3F7C3306AFB143
:100AC00018155278835C8DC564AD0211D70349882F
:100AD00053F1CE701ADE670C14123416D11AAE0719
:100AE00063950BC10714854DDB21896F8853C07E48
:100AF000C78AD2436244DC6BC7E316502EA8CE628D
:100B000067041127930A8206D90FA40A1A832708BB
:100B1000A50D0F6B8463C2DAA0326818C255B061AC
:100B2000E0427598BEDF3665DC3430E8DC68187C5E
:100B300007BAA42065E30BE2316D8D6252079A3E3D
:100B400065D12A617F7666756E642E0984A7438518
:100B5000E00A0A89F7F0203A280AC41FEA494EEA57
:100B6000744CBF80414E5957415919A1278F508667
:100B70006FE2416C742BD046347005FD926D704667
:100B8000AAB26E0414108FDA696378F6702A9E7226
:100B9000B7F7697879C06669279F4348C0454B1EFF
:100BA000275DB24500B8BF2154070D4370D1C16520
:100BB00061A23BB4C70CDB19564A608573473545C3
:100BC00000B56D1F42204300EE2F1540A52722815E
:100BD00015185C23A2462DC12E42B822BF5847B635
:100BE000E688704677C5378D60BD886FC6FF514E69
:100BF0004F4E0787F7554E4B4E0F341E50B66B16AF
:100C00007D34DEFE71756573F47F9A9461B8D77C8C
:100C10004649545310F71AF048D85E6E658D2F0878
:100C2000555472788B462340905B50D77D4558458C
:100C3000988B442D57B60C4C5967A4369269749A18
:100C40008F516204D0A66E09F11639156443B44B76
:100C5000CF5F6D63720CA7020563B86E6F74DCC161
:100C60001BF71605E3018D6B18BB375737048CFE55
:100C7000622525290AC59FD85793AD82F74021C127
:100C800007F903C4B860735A67101B9960BF055514
:100C90000A6EE957F744504343F84D435244BF0F9F
:100CA0004B4750670F464C5B3B977761E07020469F
:100CB00038F96757A4F4D956FA617CC26564BB95CC
:100CC000D4E1746F33195511C3F310BE24823C2054
:100CD0006FF96165733F9748658A6C306765647525
:100CE00001C2D0A8666C16F7A43A6E09434F4CB700
:100CF000A7208598365D61D13A75B6F78674B8B08D
:100D000020F608AFAE430650ED41445B465D4FBD53
:100D1000B3200920B02013A6CFC17E2D603D561E02
:100D2000500F5A1E413FBF44009238F44C29E45AF8
:100D300069641F374C826F62A042F4570C99A77FF9
:100D4000035406D28BF62026C72067F8F474733A52
:100D5000BA9FD421CC3E5862D59C53D6AE6B9C4BE7
:100D600083D718DB394F4E06EC46462F6AB1C84F81
:100D700053DFFC524333323A0030772006ADB003E4
:100D80006B600A5705229F30D636771B101AAF507A
:100D9000E1224A28D7137433024E72818D4650BA2D
:100DA0003D117CB3539F152969671BC54E86C54607
:100DB000219FF83F200FA3A157EBB45D49A022204B
:100DC0001071A6733D4420079DB5703FEF21671B4E
:100DD000C2E3E3B1998E8D802F46DFC373580112B1
:100DE000DA2046ACCBF31A4FABBB22373452351561
:100DF0004BB0733A88A7359F5F6CA979CC4B200024
:100E0000C09F801A1F35386F350F7868655A942F48
:100E10001C662A46D462652D6303CC03853BCAC792
:100E200055B7B08F200B3F79736F72743478C467F5
:100E300065028C49304F6B19AB39BD74842F382A49
:100E400000800C0D8A53DB322B14416E1D6C684CF4
:100E5000A0CC9692EB253322A0C1F7F54D656D75B8
:100E6000E59C3D0CA3A348D1735F90A00E4C462691
:100E7000137A0C7E6D65642EB75700A7A9E17570D3
:100E8000163D0C6278B91D1C6D94B5181F352915D7
:100E90001C742AA82000F05910839CAE85D71573C6
:100EA00060CF682877F3700D6C738765BDB35A13F4
:100EB00096B68B616D055DFA290A0ADD9F136D04F4
:100EC000CF0ADCA51809A93715366801F113640C9F
:100ED00099CC5AEE21B184FBB310583FDFBF4E4F7F
:100EE0005445863A27BF455241538145C299979F41
:100EF0005BB72215F1B866F8619E3A0B583F2E1287
:100F0000892F866427602F03488A737724016593AD
:100F10002E5873A8616862898F05E78DE6C73FC0C8
:100F20000C870AA7B87C866EEBF62F69161DC27374
:100F300050E0C7C223C08D148061122502A2DD4596
:100F400023838AA9E1DF8EB469B389200E15305757
:100F50004F632A280427DB2C2000358723C10DD8B6
:100F6000CE67386E00C965D946A9148129A9AC613C
:100F700075F78337003A9E3740E14938D501C23FC3
:100F80000C93BA9821F83028645463837A6D0C77F7
:100F90002935E72046270451FD6BD39E90E0653F3D
:100FA000AF4F42691AC0C8B36D40C0535C92D63E81
:100FB000537CE8743734FC576B484E6B240D7F30FC
:100FC00063512261B83340065DE96F6C6C1E83216A
:100FD000006CEF66F32D5B7000565478572CD630BA
:100FE0006D08C09FD320410A243707310BA729631E
:100FF000165E096D04269EA7B8620C7F2DB253526F
:10100000CC610E0020E7C05C0F008A07B80A0B8B8A
:101010001745BD702E683F7245152913D90A015531
:10102000FF1AA059358AEE311D0155FD4E49434F37
:10103000524EC10FC38A1F032A7000FA6B42A006EA
:101040003540FF382E302E4B202D0FD97B39F70637
:10105000DB5F5D5342AA4FA6605F3D3634803CDCC7
:1010600038A7D52D1E33F6383931317BF642592455
:1010700005CE46E2524545C18B81A74BF61E59204D
:1010800027EA2B78BA1CFA296213BC1FFD4B545473
:1010900059FB0F45483F3D4C4154D80F474167C469
:1010A0000F594DB4537A0EC34F0E476EE27D6F73E6
:1010B000562578986F449BEE302E00382796010015
:1010C000F04C65DDEA6C3A0A8A6F3008314262E71B
:1010D0005801150FF045441663603F9F504155532A
:1010E00022C4EB5C5305505E6545675C4C6E94B260
:1010F000736F062EE7433A704308482E3405124EAC
:10110000FE442038382037372BB63620F5353520C9
:10111000345A763333642C4254C0AE286E6E11AE0E
:10112000606504B8577E5351554152C76F306B44C8
:1011300034506C303005184671AD63E8DB2C7B0E03
:101140002C152F8110DE3601D47F600FC4DC696E50
:101150006BAF2252496B67983847E33459B101EBC2
:1011600028747D6F43F95E7006763AC273E0F13BF6
:101170001A4350BB3A97523290209D32328093C02E
:10118000166BD46D63A6527F5C7793206E525477B2
:10119000DC49739F955ED06EF4FD3F12B7D6A44C28
:1011A000B7446DDDEB26425B0F65781AB88D3D0BB9
:1011B00084CF6EB7E32033233A1147C606B30B47FB
:1011C00066166011F8E069737CC90558C719880173
:1011D00047BB4620EE36616962C00413B745A06480
:1011E000F123BB474084AF7434321F244D414E1469
:1011F000AA95D470444452FA433DB5C52F7C642F60
:101200000373632F53700CFB8831225F31345067B6
:10121000ED55702F08445BE0E658CED9B6ACB30468
:10122000AB6869546F71722447AB6FC562657274A5
:10123000F9877EBD41F83AD0F5704255EB172D2164
:101240000E257325AF2C4F2243370BD0740F630D3F
:10125000D407606F0F707261622A63C20D3B324423
:10126000BD6572650A70575E3C2D102C4F01E1A0E0
:10127000024AF4626F6F74C4D761E11B02530F73AB
:101280002053833700E0C12B3507F4803AC18F84A7
:101290005A6D7AB6645647B02C0A77DE0A50823609
:1012A000FA1E2E1C4C10B535730BC5020F0673FACF
:1012B000B12FB80E545F1FF85444492F634BD8F830
:1012C0007C0E6EB075DACC000264F0418427EBB07E
:1012D000772A742820217C0D2E676EFAFB75622E0A
:1012E000696FDDBF687474703A2F832FEA8D2E58B2
:1012F000760A0A04B74849C2E9D895676FC6E14B38
:10130000A9E7007D538D1D467FA6621020D80C7F73
:1013100000B04B25069C9BA55701827E8320EC6084
:101320005E37585221A2B7C0CD0B88CA3B74F66015
:10133000C3982E4707A0ABCA203E6106D8962573F6
:101340001C271B1F3B2573271287708A41C0F08B17
:101350004F9FC55F5317B03B31B1A73D5F563285F4
:101360001FBB3F571F0A84D51800B1291DC3250193
:1013700032FB067EB5210A04A257DD820F7A1010D7
:101380002738653A53AC934A75429D97382E0A41E7
:101390008B9F80616BC5699A70434420358D206BAB
:1013A0008707C721F17508B735AE6B1075596558B9
:1013B0002A4E6F8557E4BDBBFE7563BD633A212B92
:1013C00077A971691DAB2145A77C41564503CCC067
:1013D00054548DFA5354E03B244D45804DAFEE53A9
:1013E0003F1A836F812D1DF161053669A06CE1996B
:1013F0009CC521A10A058064B50A5783C00258879D
:1014000005E02D1584D17186009927634742CCAF42
:1014100083A05CFF27531B27418110E234FF304833
:10142000119E069AC2486F1412A954037903CC8105
:101430002039058473C0F7843F7E25636347DB6FE3
:10144000721B563E1B206C21546F1B574BE998575B
:101450000C023186442D96A61B2DB323A231ECF548
:10146000274C32B003C112C8BBB057BC2F470DDAAE
:10147000DD06A940EEE52700C05ED6DF692B0B1C18
:10148000EE78054D6086691501221B6B4E75B36DB4
:101490001D3A651F661F8BB42139C0541EF62E827B
:1014A0007405B6BA373F25C75B67606337A152C57D
:1014B000B33F6850777D6420536A99256A9B11AACF
:1014C00017562B386C5115AE2B3D64646A59155371
:1014D000BB4360FB50219A500E210363212607ACC9
:1014E0001657388F3498FD78756C6CD431610224AE
:1014F000A12CD7746B1CE26F7069844C1455237156
:101500000FB4546E25483D0BD228BD6F2D1B716959
:1015100074802E98F73033B781324578B12126F7A1
:10152000050AEB1087B9618387E025732088C1C560
:101530002703790A3135A351E97274517F202AFEBD
:10154000826B8A474E6B8065087FBC476925647B48
:101550003C0A57EE7365630153D3614A9688A094A1
:1015600015C262416EA13E791020D409FF887766CA
:101570005544332288114557784C4F5D9A22057A9D
:1015800022D12C38DB5850ADE4530A4CC1415918D4
:10159000454EEC7E4150450A000003BF05E57265EB
:1015A000E06F6E31BB866F0D1F02732069653B7C57
:1015B00042466A1C812E40942E6ED5257897485C51
:1015C0007F4889C0AB06C1C7C407A7C629A0473A50
:1015D0002BCD970E4C6F8AF9C129202A39C04D15A1
:1015E000386C6324828EFF106C992944278108F59A
:1015F00035AFDE76730850378989E705CF716539D5
:101600003DB079A6ED52210AAB8F8870B99AB173BB
:1016100008EFB03AF7C40D03C43A94E7862DB0AE94
:10162000EC475ADDB7849CFF00BCF75F3C6A533837
:10163000B7287B1F441F17432162AD19F621583F7D
:101640002C715523985324EA5115419F6130241A77
:10165000C430CDF26D1BE923A11026663110C5EF11
:1016600089E8397302E0A32B170D5DFC2055701E2D
:10167000A94C131605BA906EE01933A6BABF32878B
:10168000E722EE0664740537B6417514BB6FEB2B89
:1016900020E14D6F64471A692701393F80F40D2618
:1016A0006E161DD8004C13DE2F16BB5717C4D7AFCC
:1016B000844C9C3E01EBC3208760509E89F6183114
:1016C000200F6632615707771212D7CFF45B49BDFE
:1016D0003653434545274674D29D5753E3756251AF
:1016E0007EB947012C46522CB2496E304838898267
:1016F000E018743CC50E234406B6188E2DD3355021
:10170000E056440AE9E35AB686EC973A2A370BC00A
:1017100066691C05EB2573322F070EAA5305F15994
:101720006E7A4D566022332A0C08BB4228173023AC
:10173000DB56C3535619B024667991753D20617408
:10174000A6592C14701330AF5A812F52B02A6365FA
:1017500035E1B4203A2F2374856F880796A7D847C0
:10176000054E5F240AAA5BC4784DCB889FA875708C
:10177000E1740A0A0EBF2C4AD72C423B712B520C43
:101780004110B0FA41CE961E3B7E779240009CCB32
:10179000120620E790485BDED103104D0600608FF3
:1017A000C00D875200698508AD07B145286DC7890E
:1017B000C0204FEA7411672137AB6A5A8434B69B54
:1017C0006F6E13B3213A50CEEB605FD030C815AFC7
:1017D000180AC19338E50BC410A118770254C42E1F
:1017E000209CFF0AD4876027D544312B1F862CD339
:1017F000383F9A82FF5F67258064A82B166B845060
:10180000B77D43414E34DC4C00447F85289D986F62
:1018100083ACDF47901178B1469B118509A974E22A
:10182000527230BF8CBA626906FF05617264803FF4
:10183000285736AB9118D324103F62037D85D2C957
:101840001771935B60E20F67D322FF610A10B10A40
:10185000280B4222D1750000D01F215961061B0DB3
:1018600054D72384921555D921370174BDA75988BF
:1018700098E3B0B37EC077159D2227FBA5545F88FF
:10188000AA79186D53A4113A821FC6490132D73084
:10189000F086649B9AFA441122E825707F6F5345C5
:1018A000FD43544F52203D225F0305DD0A1EAE2149
:1018B0003D420ADF3068AD21D5E3774F5F053C2E0E
:1018C0005C166C38CD18DC8EF5011E8420680C7B0C
:1018D0000A8C6FF6A472653117F5072E08D8774980
:1018E000743BDD5F600EAF313DF30A43A91344B191
:1018F00020E0EE3C57643E20001188476A461821DC
:101900004649A521FB66532D9C284892432F0B2C5A
:101910000A3957821CF0CFE0A530A135780A004C77
:101920001F610BC0041CC2086A52D370750BB74507
:101930006E0A0B3A2A20CE210A0A4EC4632EE82FE3
:1019400091D0CD8498DE422E876F48C0612057ED3C
:10195000890A4177288DB713D773741B7526C9463A
:101960004F4909A2C82E358F3825738C9706FC4E37
:101970005061721A6F44131368DD3F437572A129D9
:1019800001B1F3473B61C2746817E5045F8028B773
:10199000A44A3FA410DA3AD674DD69EC2845DE216A
:1019A0007E0DAE44000EA24118906CD05061C1E78C
:1019B000CA0012C15FB5EDBC6718F3110C37B397BD
:1019C0008054561CD02BB5A9460B1ED44BD45A6E4E
:1019D0007B6E4578AC40703C6D480A9A6B34724916
:1019E000068C3FCD8E7047C250552D0FE01FB5E0DD
:1019F0006473D28F38DDF875636B0F2866740E4CF4
:101A0000B8E607402E44049A9C22180050F06D2E30
:101A100018E110ECE7416401500C2DB3CD85B5C63B
:101A200047D31953FC8C01C166A0AC281BCD290AF1
:101A3000744F538353031BB0320ADA1853573FB124
:101A4000294D823EC042458F207581734EA36F6E33
:101A5000C09D639AC64F9081AB94FD1A2F7396C1B7
:101A6000571D5359C1F580A2A1C748F0CA79739395
:101A700026B149EE42509D107DAE218C2704C01046
:101A80004A9413169272762E70493423A969B515BB
:101A90008670A555E2A281E40829609EF512756E54
:101AA0002813DA4F754F762C4C0E3286689A105AEE
:101AB00058DFCC6603732A4558FC1E64656EED44FE
:101AC000E84E3055B470842CAACA74DE11763041C9
:101AD0009431132F36614F3B31110C3283336B4FEE
:101AE000907464741974067440EC342B36351119F3
:101AF000360637D74F73619F9073647319730190E3
:101B00007364731973067340767438CB1B3911797B
:101B10006B300410DF3B67707B0B110C668372B572
:101B2000614FAA206C2B33C8117B7063730D72AFA9
:101B30004F4241DE44561A20F81C446F998C5D4B8D
:101B4000F5C02F68DE2C071313773F2D6F010A4273
:101B5000614D1A1103B94F0F8A0838101BC2F3E305
:101B6000E473222745A8582D75D5DFC660DB606673
:101B7000B1746D65352F18848F2D2FB8C85E6F41F5
:101B8000DD66AD0AB0004FC068785276C51BB45F01
:101B9000B15DE175733E8B4D0A2073267229735334
:101BA0004D1B9CED706F43E000006FA3D157EC5AC2
:101BB000540E4EF6282B2FD016D70A9A6900028DA4
:101BC000C78C23207E424B53454734CF9448E04195
:101BD0004C46439E07C785782D3F00085B21524F36
:101BE000782710D0BA8D2F6C34203BEE520FDB0DCE
:101BF0001A1D4E52AC9A53AFDE55B000D3C73175A3
:101C0000AF4E94848F0836180F672D23D6B49FA546
:101C1000E3AE0377802D86941D139DD933EC4F746A
:101C2000684B7A5846964F43D0614995FF1D430152
:101C300068194359B10FA3AEAEA15A311667111AF4
:101C400059C2C417700011D786709D4198FB421D80
:101C50006A75431DF9AF4F2873DA2900C75E39B59D
:101C6000A96D3D3C0074740E6E0D3A5F085878B84B
:101C70001F9616050005B9F361360E002604B5FB64
:101C800000E109722F0FBA2D3E05BF2F170BC0AE12
:101C900035D6C0F81BB221A34D1CA9634CBB731FE2
:101CA000486581783CCF3FC02852B432FC53738FD3
:101CB000261010878015AE8139FED025438E3A74E8
:101CC000C0229E0EDB06B49B4F1F62506C6182796E
:101CD0000731B173A23EADCC4C1FBB121C3A290098
:101CE000FAB66F704FA98E28ADC456338D2F89DB9D
:101CF00007F7053F7B20311F173217D7007A1C5E8C
:101D00003E150DB8004344A3FF033B32171ADCAC69
:101D1000AFC66F66063109790B0712C06174941D56
:101D20004E00009E3A6186BC4F6E26AA8373188DC2
:101D300047C15A573E476972836CF8C24E698D900D
:101D400061662EDE0291C6A78295132A1C4F69ECAC
:101D5000B73C3319FFA098646EBE88009EDC6FED1F
:101D6000953842320F002D66646F02365E67DF37AA
:101D700039D67800DA4A694864E04422EC0B9C0AC0
:101D800046554E70AC4C652508CA91AE41C2ABDEDB
:101D90006F1D8556EE726231AA4AC00AADE8729E86
:101DA0006943333E60A4189E74326C14D241301ED5
:101DB000BD744D63AD1E66CE58B049009E76D0CA44
:101DC0007568C154840EC0E2226E035C002118566F
:101DD00024A85C406261671C875008AB166D578170
:101DE00080EE6F78A2C813AEF8203A7090E93FB940
:101DF0005077F41E4B2D05DCD8731FC1D80AA618E6
:101E000038740C3A3188D8770C03D8EC63796318AE
:101E1000A599D908188267A636A42C6821625FEFBD
:101E200002773500770A2F41001C60726FDC214C6D
:101E300030734751378462647906DE20A0440E1760
:101E4000C3DE1C6E4C7B2228059C099C747DEF38F8
:101E5000E26B484D7A020000E0471AFE268A485A93
:101E6000AF746C4F6E1F6EE721E33F0E69676F70B2
:101E70009F0183DC1682B88769C18576266D601F55
:101E80008674569E3AE042391302577E726653B802
:101E90006D08B39762436E5C5170DFC02F345230CF
:101EA000303871261994622A1747C5416C4455721F
:101EB00022ED6B481C72B2300252385F0A024DD8D4
:101EC000464D6E6978DDF13E713C531FCB20AF5417
:101ED00018EF6572732F040EEA50A3BE4D128C8565
:101EE000E04D1DC86606129CFE1EBC61693866790D
:101EF000178076F78EE61CEE8E7438E300DA2E5EDD
:101F0000642DC7411664015440571DDA5042101821
:101F10009FD7D84D43FA36D431328D3F2B4281D3EF
:101F20000E1EC1DE177C6F72731D3FC8482E1F4FF7
:101F30008C65DB792E4A2E75491A8F4C0C8676BA41
:101F400079368CE9080C60C1889BD27A67685FF7A4
:101F5000DE4F4BF64D80EFE04D323946C13031E770
:101F6000EE475E082E63D04BCDA13E54894DCD780F
:101F70003E433C414D460720A959B10047EC4C5621
:101F800049B467DE32A7C31F42B25621D33F34C0E3
:101F90003041E92FF6465820325F067867418809BC
:101FA000D8F01A45456445872F80A3BFEC3F000059
:101FB0003F32782D573641372DAD1FF03E32303F3E
:101FC000E75651937C50249A5A31D10E325B5269B4
:101FD000701AB06F3B32306702D38778621FF838CF
:101FE00053463A5A004BEA2B5232DF6649F84E42CA
:101FF0004F4E442C1F770E507377836475A97E6013
:102000004B657900C147865B5065BD832F9C343496
:10201000478C21DA615349150674A0E466E2AA6E82
:102020008167B82FC5101ED0A9424FADDE45404391
:10203000663E4460EE374E5B50A86572156DC13F39
:1020400067793339C30F0A4BEE852FF65F42465F3F
:102050003483569D8E664872B1EE67454449C26826
:102060008034B2BF766E00B470278B7100D65A00F0
:1020700001074C15EF1B807C06AC3CDCF90C16A765
:102080004C012B777B831C80841773A0C9BCCFB015
:10209000F427C03E2C1746D87BFF00BE7799D71691
:1020A000FC2EDA3418066C79A4E7CCD98C1B57DAED
:1020B000D0853E5CDC17E8EC6F0E6364BEF83A9D99
:1020C0009827D6013FC5000105B801B70049E8B51A
:1020D000B56EF0E706FCC104B666BC0614F320CF6B
:1020E0002C6C3C78F380CF88903C98F3A4FB0143A0
:1020F000000100B3A744D8000119700143D3277829
:10210000BC03BE041D3605A706109E20307940E7AB
:1021100050BB6017161C0777DBBCBB0EC81E6617CA
:10212000CC70408FAC9C95004CBAEBC1DC36891367
:10213000DCB01FCBE8002B34BA8006D39F4E1FC003
:10214000ADBF09EED6065476F61F36D9A00F06DBD2
:102150005F08BC1FAF0656087C1F10B904E506CB0C
:102160001C9E02045C24AB18766C03187FDE2C3FA7
:10217000B63B631FA43467A095A0403DFFB101F7B3
:102180002F1EC5489F3F3B28C4174C3C979492C1D3
:1021900064DCBB50775D54AE17584BC35CBC574EE4
:1021A0005CA5D8164C08263F60F62E0417E770C8C9
:1021B000E007CF7CBC27883DEED800776D285FE133
:1021C00094BC89FFD124F6776F2E2CB3F517BC622F
:1021D00077ED9C2FC8D45E90E746F442F6500FD7B7
:1021E0007604BD0ED968FA47D820BDEF98301D247B
:1021F00034FF3536373839414243EA444546235F98
:10220000AC17D7800BF686000A1FEA0B6FB700B534
:102210009E3F001C081D0D06BD69D70727869C6FD1
:10222000D82FBC60F88C60F6E847E06C8B07D9A823
:10223000F22F9F74BCF46617807A982E578CF9168B
:10224000D0501B9CBF5EE4E0F646E45F6FAC2E0806
:102250006E77BCFA16ECD0AD77AD5F13CFC0476791
:1022600087E02741921F04EC5CA82FE1F0BD899F15
:10227000B73C2FF83D1CBD1708BE8947D9DC212F7C
:102280009E18DDE000874F0421047FEF68C94620D7
:1022900066175479B4393CC10702317F31281CC21A
:1022A00005D8026E75CE2B1886C728347B472921A6
:1022B000588F6FE6663900FAFF9D6C071D0E04B853
:1022C000174C2257E2F0BD1F5CBE89F7D80300010E
:1022D00006FFD607C027B0014D038047EDFF675BBF
:1022E00087443BFF0001003603CF23059700820D92
:1022F0000B82FF0F0AC1FD50B11F58200FA07BEECB
:102300002222071B2F4218A723DA00007F0DA1BF4E
:10231000B0037F16082F0410970208270162873642
:1023200003B61F14404F4B8752D027B11F0D038AAD
:10233000BFC10F02C0AF20A80F5A1F84100F07EEB5
:10234000B2EE07D0178E3F0876EEEE9F296A47C19E
:102350000F0503EEB0EE8D129A5F8EEEC57F38EE5C
:10236000EEAAB7B0510F5607C6B007EE88BE0EF3FF
:1023700006ACCFB4CC3CDCF3ECCFF800A0BF872296
:102380003C0618F320CF24343C48F358CF60683C17
:1023900078F38CCF94A43CB0F3B8CFD0E03DF0D12B
:1023A0008FC009DEE706389E40487950E7589E64A2
:1023B000707980E78C9EA0A879B0E7B89EC0C479F8
:1023C000D0E7DC9EE8F079FCE204759E08E7061091
:1023D0009E18207938E7409E50587964E7709E78BF
:1023E0008C7998E7B49EC4D479E0E0016FBB4002D9
:1023F00018D1B3182D9EF62604C206DA1FD52F4039
:1024000049CF2F2624742F3584E138C29CA71FDAC8
:1024100020B98BB3012F4820C8BA4C5883A4597DEA
:102420001BC02F0D772A682EBA78BFC4D22F3197E0
:102430009B5FD8BF07EF9B982EE7A4C290089BB87C
:102440005F0D22892F90C4642326D441002AFB58B3
:102450002F67E4BAF0BF12C42FE40CC3E42426189B
:10246000778FD8252F992806040AAF6102CF6F2EE7
:10247000447C06DAC1111F375026BA602F45C48F3D
:10248000DE742684E82F46626F6F8C269C7D06D012
:1024900001898FBDA826B8D22F0413C87B26D80681
:1024A000E2BFB6A42F5AEFECF726F82F5AD7BF5D3C
:1024B0002F0440AF9E1406228E224F2620F7262C92
:1024C00006D833338F9B342F6AA157BB402607822F
:1024D0004CA94ACC7692F8C07911E11B468F400F87
:1024E000E053491C574D4AB581912B037582DFAEED
:1024F000641878EE5AF5DD3D1187EC437EDF5650C7
:102500006F7075700812C712F71174726F7484952A
:1025100048766E63657D186410AD33E1DF0BB7A5B7
:10252000BA29409735DB6F66258C6C090F4A1C2F42
:1025300009467704AF0F6F6E025099A08E3B94F658
:102540003C39E00A260FF46861B743C0D45E16F048
:102550009E60B66B344B53590A4A78E50D7C205582
:102560006E441C1A7400423FC01BA818D7C24FC14A
:10257000D05265D6A37C4565614A5703DC9757481E
:102580004F6DCA0A0B756957494ADADF42450E504A
:1025900045A1443B378653EC0858008BD09F3A91B5
:1025A000B50C3D0C650F858A28BB86726767A41E33
:1025B000B10AE7200FE729A8DD508C8E1DAA444AF6
:1025C0004A03ABBC672CC21D20A417286495B30333
:1025D00008B0DB6086C1540E34E02D2064E96D4202
:1025E0001B4131ED54852C671187B7406E06C6A09C
:1025F000BC153A05605B4C91277432272DE7F71123
:102600003A574112B8E118C1674B273B710A61196B
:1026100072F730A61CA8B973AB0DE0F685E1CE17B2
:10262000C7853A8E3D84BC09654DF8A54E09C46640
:10263000CE83D06F6EC7A5850A1EF3903075243FF8
:102640000D427D12ECE77A2F2C36A155693F061D0D
:1026500001727093CC3F29624E4911DC9B2C7DB5F1
:10266000CC754718C39445915E743E31297103A31C
:10267000D800BA1A6B89016057BD3D3DB759530167
:10268000BAEE219D91456057DAED363F9B2C41DC37
:10269000759ED86D0EA046ED0051364D8F8B623F72
:1026A0004157D3730B95300AC437A20C817009B21D
:1026B00028C7632E613F03106E8A89450CF01021F4
:1026C0006893EB80C7DF1D6254025F5C7300495C56
:1026D0001F485BD5CB73159D8657D1513641C54FE9
:1026E000889E57C44FAC28C7421593702CA7CD487D
:1026F000BA8F90A6CB57DDD870730AA6676496FA96
:102700005F357E48146FDD30898B5F0058E90760C4
:10271000631585EA004A038B8C2C5532712C21A756
:102720005A00946BA1852347A7A08F326E65886CF1
:1027300038671D4C32A44E328464763DE710B70CE6
:10274000B542414174EDB3770D77405B2D4F1604D0
:1027500068CA610FD0731A7DC96860D5B50EA681AD
:10276000D5175E746F32A913D7207339C57DF43D38
:1027700023B5319126D93D3761776E5D2F12614DBA
:10278000DA746F273B2E714891862F31222CA97D58
:102790005186532FE12925DD0B1F070A52311F6A8D
:1027A00043F781FD45210A49578774603D36F7900C
:1027B000B7CB4BFB052D7F638E070AA4E26FC29E49
:1027C000E76BE58800B8595AE7F6746FE3AF0A0083
:1027D000B00055B5BD82E785ABBF5318FA1193C859
:1027E000B18686068272CB839DE76F6EE34DC2A3EE
:1027F000034EE84F544F2EC17F535749544348036B
:10280000E8F32EB501E80020202EBB1417B315EA1B
:1028100000206E13967A6B083001AB33862C9D2D09
:102820003170A7EB48D8A9E7C0417201C999639DEF
:102830002488E31B65F981D456770F9B893F2807CD
:1028400035972D186132C1B830BA5FAE200938FA19
:10285000DBC135E34F6ECFB113E3F65231B13C6FBC
:102860007245463F9BFE73651B718FEA2E000EE793
:10287000AE6CA6A66565A0E627730A1F185470F112
:102880001880E8A5A425E4746F210A05F752CBFF50
:102890008D20A201630A2E89152765D056AA90AA19
:1028A000124838A957064FAD433EBD16213B644F31
:1028B00025F577850B80CE763BE51A9ECE0A65100E
:1028C000A1960E7780F60637C22BB7065F025CC072
:1028D00020646F3C1649BA6384B0F0355721E2ABEF
:1028E0001A773992700FDABAC6414E54C3E3DDC28B
:1028F000952B0FA808B15644676882409CD789552C
:10290000323D11D3F141630E6FC15F8C8A8D18681F
:102910002B6B00A2F7D343865CAF2011FB2242430E
:102920000673C235B0E159B521677643A5101B6720
:10293000604FBA560ACCFFA760047D0D6564945BB6
:1029400061B60674C6626FDC776C771F4E6F20B07D
:10295000767D7D2C207545FDAB7468014AC359B066
:10296000E74437832E5232C3D82BCCE6BD24FD5921
:10297000536176813509386C340942F23D989335BC
:1029800097FC607465712B63C3F7029D5644D32393
:10299000C0DAB3E72F42A0A33D19781F49C1178BB6
:1029A00081815809588F812C20807407BFC032590B
:1029B00081CBFF230E065103C0C20386192B001CD6
:1029C0000B7B0A00F75BA3220A60DD632C05783BD2
:1029D0003F06210660756E8E2F2CD85F007E453D28
:1029E000CA57603E4D032C60C36F2300912F05230F
:1029F0000D434CFFE453554D204DF049534D4118C4
:102A00005441405B8CAABDC0EBCB1BE0AF5679862E
:102A1000BA1110CC6D470AD2A791636C2F76730759
:102A2000ED073B41508FA1BFF96E0B12CB31C79818
:102A30003726325C0A1225BC2D1CC92CD66CF8979F
:102A40004D2BD66112212DC05DCBA06C3DE24B6FAA
:102A5000EB626775825E7D026565E22BFDF748617A
:102A600073112B773F35BDD568D89BC0C9BB029089
:102A700060471537DB03008A00134068366E5E60DE
:102A800093CE7F44454C45544544DA290017C15242
:102A9000E353742BF6197EA5619A7642A2ABB182FC
:102AA000704244A80C5505B4D0730D97180F371118
:102AB000B04A2B46A17369060F111E7BD05B8D981F
:102AC00097162F0C27255A315F96BF25B61F5F102A
:102AD00091200878E5787023D9F8F274792C630B8B
:102AE000191071B047C07209DD31642E00BA274356
:102AF00050F03B00062BD313592123975069E191E5
:102B00008C4A8D12038F2158C7E515706FA11A8763
:102B1000D097771C53613B30ABC003C9E53C7B5277
:102B2000CDA2ED0F26C7041018B0970039178421E5
:102B30004F0BB923F11354230748011D2E75A844E8
:102B40000090F56A156C10E0972042D3114B0E6F80
:102B50006EB0A3CBB07485A62A064FA02F1D120B12
:102B6000F1543DCDAF34468135483D776C0FF8C107
:102B700073748F2A84CD63278168193FC2F8675523
:102B80007045586550C043E1096B7AB40A012B2E99
:102B900057B4218702B26061D82F16E53487A74D5C
:102BA00045463330162287523D1E25730440D78296
:102BB00076B46327211694723A19AD163F417037E7
:102BC0003E4442472095F484C05C3E202C201EF1F8
:102BD0000337A84C7E1C3078B0206FD95F6035DA9F
:102BE000973553672C5830B7298127A5457897002A
:102BF000D9819F6D78496E7639AD120EB2C6727268
:102C0000C4DF5A83881758B90580576B5047C4D41E
:102C1000616C655B204E4ED211E67B6F64653AD7DE
:102C200008CAE2E32A2E613C393C69C76750183C68
:102C3000E7674F2C1F0525AC78AB83D22E20ED25FE
:102C4000136B4FDE6E444598F7547A7F91D9CACB07
:102C5000597C154BC78013774D66FA2D210A1CAF9E
:102C60000C69069A555D89981642CEC36573AF0606
:102C70002466B450E36361736E69D00C9B3D3144AC
:102C80006929C00E90D88C1F4B5F1B591D2FD1573F
:102C90002E3C89009C7FB0BF344D15A36F57535114
:102CA0004F2004D6E7172B4A8ECFF473796E632337
:102CB0006681E1FAB6BB2745C9D05CEE0216F97C05
:102CC000E8756CC902FF0E49D86A3A202B67EC56AA
:102CD0004F4C1F1A51AC3D040BFD02836F1B124B6E
:102CE00008F7B497ABFF2E4749544855F1422E4997
:102CF0004FA8055647F74333A4A08397259F8F2CF1
:102D0000000ACD315090663EE52AB670025FD35B73
:102D1000C0DF78EB4C4687B4A3B7653F840153C747
:102D200000850008E7DA1327556E58ECC77F364454
:102D30001BFF202122232425FF262228292A2B2C91
:102D40002DFF2E2F3A3B3C3D3E3FFF405B5C5D5EDE
:102D50005F607BE07C7D7E07C6FF8149816881944E
:102D60008190FF8193819581668169FF816A819657
:102D7000817B8143FF817C8144815E8146FB814769
:102D8000817181007F7281488197816DFF818F8180
:102D90006E814F8151FF8165816F81628170E08119
:102DA00050816DF021A506E10C020858C103FFB067
:102DB000C7CE3D95B4EEFF8490FFFF7BE2C698B589
:102DC0000001445E0C1C02A78700386B2BD8050558
:102DD0005D2E05D11F7B00052F05B5011E0500D511
:102DE000FFDA052F3B05591B07FB0505058B048200
:102DF0000F2E05C0FF0705DB0005ED6E2F051A5FDE
:102E000016FF25855FAAFFF2050000B44B6CD15870
:102E1000631F60FF963F1805684F436F148AFFA336
:102E20008A05CD0304FF05E3050580AD96FB2B0C59
:102E3000EF380505EA3FC5FF50C105CF04A28BA4BA
:102E400034FF4C0511C1F405050544FF1BFF017A51
:102E5000000068FF85A0011805EA2FEC051F1C057E
:102E600071F13B0505315B1F02D55F820100C3AFE5
:102E70005861B1601F600581231CED02C54FB48FFE
:102E80002281A18A055B0915AF340556CD88A30DB3
:102E9000349FB1FD6CFF00E805008A5FE905A3C11E
:102EA000C70005F142C063C5055F40C505D515B52E
:102EB0006F608EBB05888F2E0528EF1051CFD8008C
:102EC00015B444352082FFC5B9460A0B980568CF72
:102ED000364F0314FF4638E13440112C11A2AF8D58
:102EE000A37FE105050580AF6205A8EF6A00888F22
:102EF0000575115208AFB61F21620F34542FEC0034
:102F000005075AA0AF367FB140BF2C0F06C59FE31F
:102F10000500A91F62FF3B05074BAF1305ED050533
:102F200000DF16C1FF720044A6352F050554D96C89
:102F3000FF480CBF0AE8CF43BF580C6F58140F1B53
:102F4000FF4305E105050082FF600580FF8605421D
:102F50000D88FF473F048AFF886C050756C38F051D
:102F6000A2056FA5148F68A0DF51FF15D105AF43EF
:102F7000050CBF12135F116AAAFF8C503F02075F56
:102F8000030519805DC4AA7BD89FAC0ACF2DAA5F28
:102F90005A6FB611096AAF9B00FF54E80005A10FF4
:102FA00009829D58FF8474FF5BFF51F100050550B5
:102FB000918CC00F608AFFEA00A92F8600FF2B8545
:102FC00005D76F0562B5C3E110B5FF4E00052AFFB6
:102FD000AC6E1D3C0505506F02013D52377B058AE2
:102FE0000F242ACF21C00005E09FC2229FC50F46B3
:102FF00027C748946D4E0505A12B001485D0FF17F7
:103000000515BF1E050015FF1558E35FAE057F09C6
:103010000A8AFF87050509ABFFF000050000AAFF3B
:103020008AC3FF418545FF53000DCF4855FF440A31
:10303000A8C12B5982ED42E2FF0B60FF2C2AFF2230
:1030400016FFA1C20505A2FF8963010A821FE105DF
:1030500054FF15821F85A9FF0A88FF2D6AB1210A36
:103060008AFF252AD1A896FF026F0401620F9601FC
:1030700028BD0403CECD09BB0200E7F701010B5EBA
:1030800006010801A8DEF7FBFD0409770105B0FE83
:103090003C09043547861F20306DF90304A2FF590F
:1030A0000E3071EC0404FF5461F6F901FF82B0C5E3
:1030B000FFB4FF508EFF8601F101C4FF8AFF22B4E6
:1030C000D1DFDE07019AFF08C11D46F30614CF03C6
:1030D00047FF4E5500DC84E91292FF999A51788F90
:1030E00080A945FEA802ED443A60AFC05FB84F2109
:1030F000F7A22D069C32403A776F800000F640BD63
:103100001C80471A4449EEBEC010F606100FDD07BA
:10311000082057016D9721D8D7365F64BED7AE6CB3
:10312000069E707C7B4226FD77884422BBDC0047EC
:1031300080BD5E6C9E254D1FC12C5067B00146E6D8
:103140006FA701C95CA553011459403FFE9C3F8005
:1031500041FF3150402E8B6BA017FF41B5D00BA51E
:103160006AE804D111759C76FAAAFEE25137D6DAE4
:1031700072A0FF802827AF802A8C6FFF2019AF4DE7
:10318000F0072597FF08078E2C48031DF5FF7E01E9
:1031900072A61500B2A485FB8B164480FF3F9CAB42
:1031A00020104D9120FF0BAEBFD805D62F2CFF026B
:1031B000E9AF6E010582376CC48EE4109F1C2110AC
:1031C0001F1EA8BF693CF3B98B665DE5CFA99AA520
:1031D0002224C5C000FFF2BA4E800A556880FF2D38
:1031E000FF8600053CE3C0FF01AEF2B80228EFC441
:1031F000FE018AD1EC017A61808D8085A9FF93223E
:103200007F44403F832BE010F44751000B042FE232
:1032100005D5A35CF002EA73FC5B1EFED4C460BE5D
:103220003F881FE101ABCF180F92B5890F89BB53BF
:10323000444F22819F90444786C71C5F05B05FEFD3
:103240005CE8462D4A521FF916102919D0D29D5715
:1032500076942FE790D2B83BD4CFB1477D30261C6F
:1032600028C0872CD73B7CE88F512C172C011140AC
:10327000212492492540FF0025C8E0032540000095
:1032800001000A24FF000E3C46001104000000006B
:103290000600401001000B240000899001008424E6
:1032A0000000A9A0F8FF00100100A5243D001104B2
:1032B00040580B003B0011042158620105004014E6
:1032C000FFFF6B253700110440580B00F7FF00107B
:1032D00021586201FFFF6B2505006015000000000A
:1032E00030001104255840010E00001025604000F8
:1032F000FFFF6B2500008990005A0B000100842419
:103300002158690101006925020020150000000014
:103310000800200301002C3142580B0001006B25EE
:10332000255060011F0011040000000003008011FF
:10333000000000000F00001003004C240A0040149D
:103340000000000001008C251600110440600C00F4
:103350001400110421608201FBFF401000000000F6
:103360000400001005008C250E0011040000000070
:1033700005004C240105692D236089012368AB00F9
:103380000000A9910100AD250000A9A000000000E7
:10339000FFFF8C25FAFF80150100A524BAFF00105D
:1033A0000000000024480E01040020150000000069
:1033B000000089900100842425402E01C2110800DC
:1033C000404008000800E00301004230801F033C39
:1033D000741060AC1C80043C783E84241B80053C47
:1033E000A5FF11040000A524A00008241B801F3C99
:1033F0000000FF270800000144000924100000001D
:1034000000000000000001000000000000000000BB
:1034100000000200000000000000000000000300A7
:1034200000000000000000000000FF00000000009D
:1034300001B5486801318E46004770460938014998
:10344000884701BDA90F0010000000000000000027
:1034500000000000000000000000000070E30020F9
:103460007524001021240010992300100923001056
:1034700000000000000100005CE6002010000C00CD
:10348000000000000000000000000000000000003C
:1034900000000000FF00000000000000000000002D
:1034A000D3DEFFFFFE010000FF01000098CCFEFF0D
:0434B000793512ABAD
:040000051000014D99
:00000001FF
