
/home/breaker/git/PS1/pico_booty/build/pico_booty.elf:     file format elf32-littlearm

Sections:
Idx Name          Size      VMA       LMA       File off  Algn
  0 .text         00004f00  10000000  10000000  00001000  2**3
                  CONTENTS, ALLOC, LOAD, READONLY, CODE
  1 .rodata       000003e0  10004f00  10004f00  00005f00  2**2
                  CONTENTS, ALLOC, LOAD, READONLY, DATA
  2 .ARM.exidx    00000008  100052e0  100052e0  000062e0  2**2
                  CONTENTS, ALLOC, LOAD, READONLY, DATA
  3 .binary_info  00000024  100052e8  100052e8  000062e8  2**2
                  CONTENTS, ALLOC, LOAD, READONLY, DATA
  4 .ram_vector_table 00000110  20000000  20000000  00016000  2**2
                  ALLOC
  5 .uninitialized_data 00000000  20000110  20000110  000154b4  2**0
                  CONTENTS
  6 .data         0000e194  20000110  1000530c  00007110  2**3
                  CONTENTS, ALLOC, LOAD, READONLY, CODE
  7 .tdata        00000000  2000e2a4  2000e2a4  000154b4  2**0
                  CONTENTS, ALLOC, LOAD, DATA, THREAD_LOCAL
  8 .tbss         00000000  2000e2a4  2000e2a4  00000000  2**0
                  ALLOC, THREAD_LOCAL
  9 .bss          00000c4c  2000e2a8  100134a0  000162a8  2**3
                  ALLOC
 10 .heap         00000800  2000eef4  100134a0  00015ef4  2**2
                  ALLOC, READONLY
 11 .scratch_x    00000000  20080000  20080000  000154b4  2**0
                  CONTENTS
 12 .scratch_y    00000000  20081000  20081000  000154b4  2**0
                  CONTENTS
 13 .stack_dummy  00000800  20081000  20081000  00016000  2**5
                  ALLOC, READONLY
 14 .flash_end    00000014  100134a0  100134a0  000154a0  2**2
                  CONTENTS, ALLOC, LOAD, READONLY, DATA
 15 .ARM.attributes 00000034  00000000  00000000  000154b4  2**0
                  CONTENTS, READONLY
 16 .comment      00000045  00000000  00000000  000154e8  2**0
                  CONTENTS, READONLY
 17 .debug_info   00039c27  00000000  00000000  0001552d  2**0
                  CONTENTS, READONLY, DEBUGGING, OCTETS
 18 .debug_abbrev 000099f6  00000000  00000000  0004f154  2**0
                  CONTENTS, READONLY, DEBUGGING, OCTETS
 19 .debug_loclists 0001b606  00000000  00000000  00058b4a  2**0
                  CONTENTS, READONLY, DEBUGGING, OCTETS
 20 .debug_aranges 000012f8  00000000  00000000  00074150  2**3
                  CONTENTS, READONLY, DEBUGGING, OCTETS
 21 .debug_rnglists 00004e63  00000000  00000000  00075448  2**0
                  CONTENTS, READONLY, DEBUGGING, OCTETS
 22 .debug_line   0002199e  00000000  00000000  0007a2ab  2**0
                  CONTENTS, READONLY, DEBUGGING, OCTETS
 23 .debug_str    0000a4a5  00000000  00000000  0009bc49  2**0
                  CONTENTS, READONLY, DEBUGGING, OCTETS
 24 .debug_frame  00003500  00000000  00000000  000a60f0  2**2
                  CONTENTS, READONLY, DEBUGGING, OCTETS
 25 .debug_line_str 0000013b  00000000  00000000  000a95f0  2**0
                  CONTENTS, READONLY, DEBUGGING, OCTETS

/home/breaker/git/PS1/pico_booty/build/pico_booty.elf:     file format elf32-littlearm


Disassembly of section .text:

10000000 <__VECTOR_TABLE>:
10000000:	20082000 	.word	0x20082000
10000004:	1000015d 	.word	0x1000015d
10000008:	1000011b 	.word	0x1000011b
1000000c:	1000011d 	.word	0x1000011d
10000010:	10000111 	.word	0x10000111
10000014:	10000111 	.word	0x10000111
10000018:	10000111 	.word	0x10000111
1000001c:	10000111 	.word	0x10000111
10000020:	10000119 	.word	0x10000119
10000024:	10000119 	.word	0x10000119
10000028:	10000119 	.word	0x10000119
1000002c:	1000011f 	.word	0x1000011f
10000030:	10000111 	.word	0x10000111
10000034:	10000119 	.word	0x10000119
10000038:	10000121 	.word	0x10000121
1000003c:	10000123 	.word	0x10000123
10000040:	10000111 	.word	0x10000111
10000044:	10000111 	.word	0x10000111
10000048:	10000111 	.word	0x10000111
1000004c:	10000111 	.word	0x10000111
10000050:	10000111 	.word	0x10000111
10000054:	10000111 	.word	0x10000111
10000058:	10000111 	.word	0x10000111
1000005c:	10000111 	.word	0x10000111
10000060:	10000111 	.word	0x10000111
10000064:	10000111 	.word	0x10000111
10000068:	10000111 	.word	0x10000111
1000006c:	10000111 	.word	0x10000111
10000070:	10000111 	.word	0x10000111
10000074:	10000111 	.word	0x10000111
10000078:	10000111 	.word	0x10000111
1000007c:	10000111 	.word	0x10000111
10000080:	10000111 	.word	0x10000111
10000084:	10000111 	.word	0x10000111
10000088:	10000111 	.word	0x10000111
1000008c:	10000111 	.word	0x10000111
10000090:	10000111 	.word	0x10000111
10000094:	10000111 	.word	0x10000111
10000098:	10000111 	.word	0x10000111
1000009c:	10000111 	.word	0x10000111
100000a0:	10000111 	.word	0x10000111
100000a4:	10000111 	.word	0x10000111
100000a8:	10000111 	.word	0x10000111
100000ac:	10000111 	.word	0x10000111
100000b0:	10000111 	.word	0x10000111
100000b4:	10000111 	.word	0x10000111
100000b8:	10000111 	.word	0x10000111
100000bc:	10000111 	.word	0x10000111
100000c0:	10000111 	.word	0x10000111
100000c4:	10000111 	.word	0x10000111
100000c8:	10000111 	.word	0x10000111
100000cc:	10000111 	.word	0x10000111
100000d0:	10000111 	.word	0x10000111
100000d4:	10000111 	.word	0x10000111
100000d8:	10000111 	.word	0x10000111
100000dc:	10000111 	.word	0x10000111
100000e0:	10000111 	.word	0x10000111
100000e4:	10000111 	.word	0x10000111
100000e8:	10000111 	.word	0x10000111
100000ec:	10000111 	.word	0x10000111
100000f0:	10000111 	.word	0x10000111
100000f4:	10000111 	.word	0x10000111
100000f8:	10000111 	.word	0x10000111
100000fc:	10000111 	.word	0x10000111
10000100:	10000111 	.word	0x10000111
10000104:	10000111 	.word	0x10000111
10000108:	10000111 	.word	0x10000111
1000010c:	10000111 	.word	0x10000111

10000110 <__unhandled_user_irq>:
10000110:	f3ef 8005 	mrs	r0, IPSR
10000114:	3810      	subs	r0, #16

10000116 <unhandled_user_irq_num_in_r0>:
10000116:	be00      	bkpt	0x0000

10000118 <isr_invalid>:
10000118:	be00      	bkpt	0x0000

1000011a <isr_nmi>:
1000011a:	be00      	bkpt	0x0000

1000011c <isr_hardfault>:
1000011c:	be00      	bkpt	0x0000

1000011e <isr_svcall>:
1000011e:	be00      	bkpt	0x0000

10000120 <isr_pendsv>:
10000120:	be00      	bkpt	0x0000

10000122 <isr_systick>:
10000122:	be00      	bkpt	0x0000

10000124 <__default_isrs_end>:
10000124:	7188ebf2 	.word	0x7188ebf2
10000128:	100052e8 	.word	0x100052e8
1000012c:	1000530c 	.word	0x1000530c
10000130:	100001a0 	.word	0x100001a0
10000134:	e71aa390 	.word	0xe71aa390

10000138 <__binary_info_header_end>:
10000138:	ffffded3 	.word	0xffffded3
1000013c:	10210142 	.word	0x10210142
10000140:	000001ff 	.word	0x000001ff
10000144:	00013368 	.word	0x00013368
10000148:	ab123579 	.word	0xab123579

1000014c <_entry_point>:
1000014c:	f04f 0000 	mov.w	r0, #0

10000150 <_enter_vtable_in_r0>:
10000150:	491e      	ldr	r1, [pc, #120]	@ (100001cc <data_cpy_table+0x2c>)
10000152:	6008      	str	r0, [r1, #0]
10000154:	c806      	ldmia	r0!, {r1, r2}
10000156:	f381 8808 	msr	MSP, r1
1000015a:	4710      	bx	r2

1000015c <_reset_handler>:
1000015c:	f04f 4050 	mov.w	r0, #3489660928	@ 0xd0000000
10000160:	6800      	ldr	r0, [r0, #0]
10000162:	b110      	cbz	r0, 1000016a <hold_non_core0_in_bootrom+0x6>

10000164 <hold_non_core0_in_bootrom>:
10000164:	f04f 0000 	mov.w	r0, #0
10000168:	e7f2      	b.n	10000150 <_enter_vtable_in_r0>
1000016a:	a40d      	add	r4, pc, #52	@ (adr r4, 100001a0 <data_cpy_table>)
1000016c:	cc0e      	ldmia	r4!, {r1, r2, r3}
1000016e:	2900      	cmp	r1, #0
10000170:	d002      	beq.n	10000178 <hold_non_core0_in_bootrom+0x14>
10000172:	f000 f812 	bl	1000019a <data_cpy>
10000176:	e7f9      	b.n	1000016c <hold_non_core0_in_bootrom+0x8>
10000178:	4915      	ldr	r1, [pc, #84]	@ (100001d0 <data_cpy_table+0x30>)
1000017a:	4a16      	ldr	r2, [pc, #88]	@ (100001d4 <data_cpy_table+0x34>)
1000017c:	2000      	movs	r0, #0
1000017e:	e000      	b.n	10000182 <bss_fill_test>

10000180 <bss_fill_loop>:
10000180:	c101      	stmia	r1!, {r0}

10000182 <bss_fill_test>:
10000182:	4291      	cmp	r1, r2
10000184:	d1fc      	bne.n	10000180 <bss_fill_loop>

10000186 <platform_entry>:
10000186:	4914      	ldr	r1, [pc, #80]	@ (100001d8 <data_cpy_table+0x38>)
10000188:	4788      	blx	r1
1000018a:	4914      	ldr	r1, [pc, #80]	@ (100001dc <data_cpy_table+0x3c>)
1000018c:	4788      	blx	r1
1000018e:	4914      	ldr	r1, [pc, #80]	@ (100001e0 <data_cpy_table+0x40>)
10000190:	4788      	blx	r1
10000192:	be00      	bkpt	0x0000
10000194:	e7fd      	b.n	10000192 <platform_entry+0xc>

10000196 <data_cpy_loop>:
10000196:	c901      	ldmia	r1!, {r0}
10000198:	c201      	stmia	r2!, {r0}

1000019a <data_cpy>:
1000019a:	429a      	cmp	r2, r3
1000019c:	d3fb      	bcc.n	10000196 <data_cpy_loop>
1000019e:	4770      	bx	lr

100001a0 <data_cpy_table>:
100001a0:	1000530c 	.word	0x1000530c
100001a4:	20000110 	.word	0x20000110
100001a8:	2000e2a4 	.word	0x2000e2a4
100001ac:	100134a0 	.word	0x100134a0
100001b0:	20080000 	.word	0x20080000
100001b4:	20080000 	.word	0x20080000
100001b8:	100134a0 	.word	0x100134a0
100001bc:	20081000 	.word	0x20081000
100001c0:	20081000 	.word	0x20081000
100001c4:	00000000 	.word	0x00000000
100001c8:	4770      	bx	lr
100001ca:	0000      	.short	0x0000
100001cc:	e000ed08 	.word	0xe000ed08
100001d0:	2000e2a4 	.word	0x2000e2a4
100001d4:	2000eef4 	.word	0x2000eef4
100001d8:	10001f61 	.word	0x10001f61
100001dc:	10000379 	.word	0x10000379
100001e0:	10001f59 	.word	0x10001f59

100001e4 <_init>:
100001e4:	b5f8      	push	{r3, r4, r5, r6, r7, lr}
100001e6:	bf00      	nop

100001e8 <register_tm_clones>:
100001e8:	4b06      	ldr	r3, [pc, #24]	@ (10000204 <register_tm_clones+0x1c>)
100001ea:	4907      	ldr	r1, [pc, #28]	@ (10000208 <register_tm_clones+0x20>)
100001ec:	1ac9      	subs	r1, r1, r3
100001ee:	1089      	asrs	r1, r1, #2
100001f0:	bf48      	it	mi
100001f2:	3101      	addmi	r1, #1
100001f4:	1049      	asrs	r1, r1, #1
100001f6:	d003      	beq.n	10000200 <register_tm_clones+0x18>
100001f8:	4b04      	ldr	r3, [pc, #16]	@ (1000020c <register_tm_clones+0x24>)
100001fa:	b10b      	cbz	r3, 10000200 <register_tm_clones+0x18>
100001fc:	4801      	ldr	r0, [pc, #4]	@ (10000204 <register_tm_clones+0x1c>)
100001fe:	4718      	bx	r3
10000200:	4770      	bx	lr
10000202:	bf00      	nop
10000204:	2000e2a4 	.word	0x2000e2a4
10000208:	2000e2a4 	.word	0x2000e2a4
1000020c:	00000000 	.word	0x00000000

10000210 <frame_dummy>:
10000210:	b508      	push	{r3, lr}
10000212:	4b05      	ldr	r3, [pc, #20]	@ (10000228 <frame_dummy+0x18>)
10000214:	b11b      	cbz	r3, 1000021e <frame_dummy+0xe>
10000216:	4905      	ldr	r1, [pc, #20]	@ (1000022c <frame_dummy+0x1c>)
10000218:	4805      	ldr	r0, [pc, #20]	@ (10000230 <frame_dummy+0x20>)
1000021a:	f3af 8000 	nop.w
1000021e:	e8bd 4008 	ldmia.w	sp!, {r3, lr}
10000222:	f7ff bfe1 	b.w	100001e8 <register_tm_clones>
10000226:	bf00      	nop
10000228:	00000000 	.word	0x00000000
1000022c:	2000ee78 	.word	0x2000ee78
10000230:	10004f00 	.word	0x10004f00

10000234 <_Z13resetCallbackjm>:
10000234:	f011 0201 	ands.w	r2, r1, #1
10000238:	b508      	push	{r3, lr}
1000023a:	d113      	bne.n	10000264 <_Z13resetCallbackjm+0x30>
1000023c:	078b      	lsls	r3, r1, #30
1000023e:	d400      	bmi.n	10000242 <_Z13resetCallbackjm+0xe>
10000240:	bd08      	pop	{r3, pc}
10000242:	2102      	movs	r1, #2
10000244:	200a      	movs	r0, #10
10000246:	f000 fa6d 	bl	10000724 <gpio_set_irq_enabled>
1000024a:	4b12      	ldr	r3, [pc, #72]	@ (10000294 <_Z13resetCallbackjm+0x60>)
1000024c:	4a12      	ldr	r2, [pc, #72]	@ (10000298 <_Z13resetCallbackjm+0x64>)
1000024e:	6a9b      	ldr	r3, [r3, #40]	@ 0x28
10000250:	6812      	ldr	r2, [r2, #0]
10000252:	1a9b      	subs	r3, r3, r2
10000254:	f5b3 7ffa 	cmp.w	r3, #500	@ 0x1f4
10000258:	f04f 0201 	mov.w	r2, #1
1000025c:	d314      	bcc.n	10000288 <_Z13resetCallbackjm+0x54>
1000025e:	4b0f      	ldr	r3, [pc, #60]	@ (1000029c <_Z13resetCallbackjm+0x68>)
10000260:	701a      	strb	r2, [r3, #0]
10000262:	bd08      	pop	{r3, pc}
10000264:	4a0b      	ldr	r2, [pc, #44]	@ (10000294 <_Z13resetCallbackjm+0x60>)
10000266:	4b0c      	ldr	r3, [pc, #48]	@ (10000298 <_Z13resetCallbackjm+0x64>)
10000268:	f8d2 c028 	ldr.w	ip, [r2, #40]	@ 0x28
1000026c:	2101      	movs	r1, #1
1000026e:	2200      	movs	r2, #0
10000270:	200a      	movs	r0, #10
10000272:	f8c3 c000 	str.w	ip, [r3]
10000276:	f000 fa55 	bl	10000724 <gpio_set_irq_enabled>
1000027a:	e8bd 4008 	ldmia.w	sp!, {r3, lr}
1000027e:	2201      	movs	r2, #1
10000280:	2102      	movs	r1, #2
10000282:	200a      	movs	r0, #10
10000284:	f000 ba4e 	b.w	10000724 <gpio_set_irq_enabled>
10000288:	200a      	movs	r0, #10
1000028a:	e8bd 4008 	ldmia.w	sp!, {r3, lr}
1000028e:	4611      	mov	r1, r2
10000290:	f000 ba48 	b.w	10000724 <gpio_set_irq_enabled>
10000294:	400b0000 	.word	0x400b0000
10000298:	2000ee68 	.word	0x2000ee68
1000029c:	2000eeef 	.word	0x2000eeef

100002a0 <_Z19initParallelProgramP8pio_hw_thh>:
100002a0:	e92d 41f0 	stmdb	sp!, {r4, r5, r6, r7, r8, lr}
100002a4:	4606      	mov	r6, r0
100002a6:	4617      	mov	r7, r2
100002a8:	2008      	movs	r0, #8
100002aa:	f04f 4300 	mov.w	r3, #2147483648	@ 0x80000000
100002ae:	f44f 3280 	mov.w	r2, #65536	@ 0x10000
100002b2:	4688      	mov	r8, r1
100002b4:	2400      	movs	r4, #0
100002b6:	f106 452f 	add.w	r5, r6, #2936012800	@ 0xaf000000
100002ba:	b086      	sub	sp, #24
100002bc:	f505 0560 	add.w	r5, r5, #14680064	@ 0xe00000
100002c0:	9305      	str	r3, [sp, #20]
100002c2:	0d2d      	lsrs	r5, r5, #20
100002c4:	183b      	adds	r3, r7, r0
100002c6:	492a      	ldr	r1, [pc, #168]	@ (10000370 <_Z19initParallelProgramP8pio_hw_thh+0xd0>)
100002c8:	9202      	str	r2, [sp, #8]
100002ca:	3506      	adds	r5, #6
100002cc:	1cba      	adds	r2, r7, #2
100002ce:	031b      	lsls	r3, r3, #12
100002d0:	ea43 13c2 	orr.w	r3, r3, r2, lsl #7
100002d4:	b2ed      	uxtb	r5, r5
100002d6:	f043 43c0 	orr.w	r3, r3, #1610612736	@ 0x60000000
100002da:	9104      	str	r1, [sp, #16]
100002dc:	4629      	mov	r1, r5
100002de:	9303      	str	r3, [sp, #12]
100002e0:	f000 f9e4 	bl	100006ac <gpio_set_function>
100002e4:	4629      	mov	r1, r5
100002e6:	2009      	movs	r0, #9
100002e8:	f000 f9e0 	bl	100006ac <gpio_set_function>
100002ec:	2101      	movs	r1, #1
100002ee:	2008      	movs	r0, #8
100002f0:	f000 fa90 	bl	10000814 <gpio_set_input_enabled>
100002f4:	2101      	movs	r1, #1
100002f6:	2009      	movs	r0, #9
100002f8:	f000 fa8c 	bl	10000814 <gpio_set_input_enabled>
100002fc:	9a03      	ldr	r2, [sp, #12]
100002fe:	2308      	movs	r3, #8
10000300:	f022 52f8 	bic.w	r2, r2, #520093696	@ 0x1f000000
10000304:	f042 6210 	orr.w	r2, r2, #150994944	@ 0x9000000
10000308:	9203      	str	r2, [sp, #12]
1000030a:	4641      	mov	r1, r8
1000030c:	4622      	mov	r2, r4
1000030e:	4630      	mov	r0, r6
10000310:	9400      	str	r4, [sp, #0]
10000312:	f004 fc29 	bl	10004b68 <pio_sm_set_consecutive_pindirs>
10000316:	9a05      	ldr	r2, [sp, #20]
10000318:	4b16      	ldr	r3, [pc, #88]	@ (10000374 <_Z19initParallelProgramP8pio_hw_thh+0xd4>)
1000031a:	4013      	ands	r3, r2
1000031c:	f043 53a4 	orr.w	r3, r3, #343932928	@ 0x14800000
10000320:	9305      	str	r3, [sp, #20]
10000322:	4620      	mov	r0, r4
10000324:	4629      	mov	r1, r5
10000326:	f000 f9c1 	bl	100006ac <gpio_set_function>
1000032a:	4620      	mov	r0, r4
1000032c:	2101      	movs	r1, #1
1000032e:	f000 f9db 	bl	100006e8 <gpio_set_slew_rate>
10000332:	4620      	mov	r0, r4
10000334:	2101      	movs	r1, #1
10000336:	3401      	adds	r4, #1
10000338:	f000 f9e4 	bl	10000704 <gpio_set_drive_strength>
1000033c:	2c08      	cmp	r4, #8
1000033e:	d1f0      	bne.n	10000322 <_Z19initParallelProgramP8pio_hw_thh+0x82>
10000340:	9b05      	ldr	r3, [sp, #20]
10000342:	9a03      	ldr	r2, [sp, #12]
10000344:	f023 4360 	bic.w	r3, r3, #3758096384	@ 0xe0000000
10000348:	f423 43f8 	bic.w	r3, r3, #31744	@ 0x7c00
1000034c:	f043 4300 	orr.w	r3, r3, #2147483648	@ 0x80000000
10000350:	f443 53a0 	orr.w	r3, r3, #5120	@ 0x1400
10000354:	f042 44c0 	orr.w	r4, r2, #1610612736	@ 0x60000000
10000358:	9305      	str	r3, [sp, #20]
1000035a:	463a      	mov	r2, r7
1000035c:	4641      	mov	r1, r8
1000035e:	4630      	mov	r0, r6
10000360:	ab02      	add	r3, sp, #8
10000362:	9403      	str	r4, [sp, #12]
10000364:	f004 fc46 	bl	10004bf4 <pio_sm_init>
10000368:	b006      	add	sp, #24
1000036a:	e8bd 81f0 	ldmia.w	sp!, {r4, r5, r6, r7, r8, pc}
1000036e:	bf00      	nop
10000370:	50040000 	.word	0x50040000
10000374:	e00ffc00 	.word	0xe00ffc00

10000378 <main>:
10000378:	e92d 4ff8 	stmdb	sp!, {r3, r4, r5, r6, r7, r8, r9, sl, fp, lr}
1000037c:	f001 fef0 	bl	10002160 <stdio_init_all>
10000380:	200a      	movs	r0, #10
10000382:	f000 fa57 	bl	10000834 <gpio_init>
10000386:	230a      	movs	r3, #10
10000388:	f04f 0200 	mov.w	r2, #0
1000038c:	ec42 3044 	gpioc_bit_oe_put r3, r2
10000390:	4944      	ldr	r1, [pc, #272]	@ (100004a4 <main+0x12c>)
10000392:	4845      	ldr	r0, [pc, #276]	@ (100004a8 <main+0x130>)
10000394:	f004 fb64 	bl	10004a60 <pio_add_program>
10000398:	2100      	movs	r1, #0
1000039a:	b2c2      	uxtb	r2, r0
1000039c:	4842      	ldr	r0, [pc, #264]	@ (100004a8 <main+0x130>)
1000039e:	f7ff ff7f 	bl	100002a0 <_Z19initParallelProgramP8pio_hw_thh>
100003a2:	f8df a128 	ldr.w	sl, [pc, #296]	@ 100004cc <main+0x154>
100003a6:	4b41      	ldr	r3, [pc, #260]	@ (100004ac <main+0x134>)
100003a8:	f8df b124 	ldr.w	fp, [pc, #292]	@ 100004d0 <main+0x158>
100003ac:	4f40      	ldr	r7, [pc, #256]	@ (100004b0 <main+0x138>)
100003ae:	eba3 090a 	sub.w	r9, r3, sl
100003b2:	2001      	movs	r0, #1
100003b4:	f004 fb42 	bl	10004a3c <dma_claim_unused_channel>
100003b8:	4b3e      	ldr	r3, [pc, #248]	@ (100004b4 <main+0x13c>)
100003ba:	0184      	lsls	r4, r0, #6
100003bc:	ea03 3340 	and.w	r3, r3, r0, lsl #13
100003c0:	f104 42a0 	add.w	r2, r4, #1342177280	@ 0x50000000
100003c4:	f043 0311 	orr.w	r3, r3, #17
100003c8:	2800      	cmp	r0, #0
100003ca:	f8c2 a000 	str.w	sl, [r2]
100003ce:	4680      	mov	r8, r0
100003d0:	f8c2 b004 	str.w	fp, [r2, #4]
100003d4:	f8c2 9008 	str.w	r9, [r2, #8]
100003d8:	60d3      	str	r3, [r2, #12]
100003da:	db5d      	blt.n	10000498 <main+0x120>
100003dc:	250a      	movs	r5, #10
100003de:	f04f 0301 	mov.w	r3, #1
100003e2:	ec43 5044 	gpioc_bit_oe_put r5, r3
100003e6:	f04f 0600 	mov.w	r6, #0
100003ea:	ec46 5040 	gpioc_bit_out_put r5, r6
100003ee:	4a2e      	ldr	r2, [pc, #184]	@ (100004a8 <main+0x130>)
100003f0:	20fa      	movs	r0, #250	@ 0xfa
100003f2:	6813      	ldr	r3, [r2, #0]
100003f4:	f043 0301 	orr.w	r3, r3, #1
100003f8:	6013      	str	r3, [r2, #0]
100003fa:	f001 f9d9 	bl	100017b0 <sleep_ms>
100003fe:	ec46 5044 	gpioc_bit_oe_put r5, r6
10000402:	f04f 4550 	mov.w	r5, #3489660928	@ 0xd0000000
10000406:	686b      	ldr	r3, [r5, #4]
10000408:	055e      	lsls	r6, r3, #21
1000040a:	d405      	bmi.n	10000418 <main+0xa0>
1000040c:	2001      	movs	r0, #1
1000040e:	f001 f9cf 	bl	100017b0 <sleep_ms>
10000412:	686b      	ldr	r3, [r5, #4]
10000414:	0558      	lsls	r0, r3, #21
10000416:	d5f9      	bpl.n	1000040c <main+0x94>
10000418:	2201      	movs	r2, #1
1000041a:	4d27      	ldr	r5, [pc, #156]	@ (100004b8 <main+0x140>)
1000041c:	4b27      	ldr	r3, [pc, #156]	@ (100004bc <main+0x144>)
1000041e:	200a      	movs	r0, #10
10000420:	4611      	mov	r1, r2
10000422:	f000 f9a3 	bl	1000076c <gpio_set_irq_enabled_with_callback>
10000426:	782b      	ldrb	r3, [r5, #0]
10000428:	b92b      	cbnz	r3, 10000436 <main+0xbe>
1000042a:	2001      	movs	r0, #1
1000042c:	f001 f9c0 	bl	100017b0 <sleep_ms>
10000430:	782b      	ldrb	r3, [r5, #0]
10000432:	2b00      	cmp	r3, #0
10000434:	d0f9      	beq.n	1000042a <main+0xb2>
10000436:	f04f 4650 	mov.w	r6, #3489660928	@ 0xd0000000
1000043a:	6873      	ldr	r3, [r6, #4]
1000043c:	0559      	lsls	r1, r3, #21
1000043e:	d405      	bmi.n	1000044c <main+0xd4>
10000440:	2001      	movs	r0, #1
10000442:	f001 f9b5 	bl	100017b0 <sleep_ms>
10000446:	6873      	ldr	r3, [r6, #4]
10000448:	055a      	lsls	r2, r3, #21
1000044a:	d5f9      	bpl.n	10000440 <main+0xc8>
1000044c:	481c      	ldr	r0, [pc, #112]	@ (100004c0 <main+0x148>)
1000044e:	f001 fecb 	bl	100021e8 <__wrap_puts>
10000452:	2301      	movs	r3, #1
10000454:	f04f 42a0 	mov.w	r2, #1342177280	@ 0x50000000
10000458:	2100      	movs	r1, #0
1000045a:	fa03 f308 	lsl.w	r3, r3, r8
1000045e:	7029      	strb	r1, [r5, #0]
10000460:	4414      	add	r4, r2
10000462:	f8c2 3464 	str.w	r3, [r2, #1124]	@ 0x464
10000466:	68e3      	ldr	r3, [r4, #12]
10000468:	015b      	lsls	r3, r3, #5
1000046a:	d4fc      	bmi.n	10000466 <main+0xee>
1000046c:	4640      	mov	r0, r8
1000046e:	f004 fadf 	bl	10004a30 <dma_channel_unclaim>
10000472:	f04f 4100 	mov.w	r1, #2147483648	@ 0x80000000
10000476:	2010      	movs	r0, #16
10000478:	4b0b      	ldr	r3, [pc, #44]	@ (100004a8 <main+0x130>)
1000047a:	681a      	ldr	r2, [r3, #0]
1000047c:	f022 0201 	bic.w	r2, r2, #1
10000480:	601a      	str	r2, [r3, #0]
10000482:	4a10      	ldr	r2, [pc, #64]	@ (100004c4 <main+0x14c>)
10000484:	f8c7 10d0 	str.w	r1, [r7, #208]	@ 0xd0
10000488:	f8c7 10d0 	str.w	r1, [r7, #208]	@ 0xd0
1000048c:	6010      	str	r0, [r2, #0]
1000048e:	681a      	ldr	r2, [r3, #0]
10000490:	f042 0201 	orr.w	r2, r2, #1
10000494:	601a      	str	r2, [r3, #0]
10000496:	e78c      	b.n	100003b2 <main+0x3a>
10000498:	480b      	ldr	r0, [pc, #44]	@ (100004c8 <main+0x150>)
1000049a:	f001 fea5 	bl	100021e8 <__wrap_puts>
1000049e:	2001      	movs	r0, #1
100004a0:	e8bd 8ff8 	ldmia.w	sp!, {r3, r4, r5, r6, r7, r8, r9, sl, fp, pc}
100004a4:	100050a8 	.word	0x100050a8
100004a8:	50200000 	.word	0x50200000
100004ac:	2000e200 	.word	0x2000e200
100004b0:	50201000 	.word	0x50201000
100004b4:	fc01ffff 	.word	0xfc01ffff
100004b8:	2000eeef 	.word	0x2000eeef
100004bc:	10000235 	.word	0x10000235
100004c0:	10004f1c 	.word	0x10004f1c
100004c4:	50202000 	.word	0x50202000
100004c8:	10004f00 	.word	0x10004f00
100004cc:	20000de0 	.word	0x20000de0
100004d0:	50200010 	.word	0x50200010

100004d4 <gpio_default_irq_handler>:
100004d4:	f04f 4250 	mov.w	r2, #3489660928	@ 0xd0000000
100004d8:	e92d 4ff8 	stmdb	sp!, {r3, r4, r5, r6, r7, r8, r9, sl, fp, lr}
100004dc:	4b6e      	ldr	r3, [pc, #440]	@ (10000698 <gpio_default_irq_handler+0x1c4>)
100004de:	f8d2 a000 	ldr.w	sl, [r2]
100004e2:	f853 702a 	ldr.w	r7, [r3, sl, lsl #2]
100004e6:	f1ba 0f00 	cmp.w	sl, #0
100004ea:	d02b      	beq.n	10000544 <gpio_default_irq_handler+0x70>
100004ec:	f8df 81b4 	ldr.w	r8, [pc, #436]	@ 100006a4 <gpio_default_irq_handler+0x1d0>
100004f0:	b367      	cbz	r7, 1000054c <gpio_default_irq_handler+0x78>
100004f2:	2600      	movs	r6, #0
100004f4:	f8df b1a4 	ldr.w	fp, [pc, #420]	@ 1000069c <gpio_default_irq_handler+0x1c8>
100004f8:	f8df 91a4 	ldr.w	r9, [pc, #420]	@ 100006a0 <gpio_default_irq_handler+0x1cc>
100004fc:	08f3      	lsrs	r3, r6, #3
100004fe:	330c      	adds	r3, #12
10000500:	f858 5023 	ldr.w	r5, [r8, r3, lsl #2]
10000504:	4634      	mov	r4, r6
10000506:	3608      	adds	r6, #8
10000508:	b1c5      	cbz	r5, 1000053c <gpio_default_irq_handler+0x68>
1000050a:	f005 010f 	and.w	r1, r5, #15
1000050e:	092d      	lsrs	r5, r5, #4
10000510:	b189      	cbz	r1, 10000536 <gpio_default_irq_handler+0x62>
10000512:	f85b 202a 	ldr.w	r2, [fp, sl, lsl #2]
10000516:	f004 0307 	and.w	r3, r4, #7
1000051a:	40e2      	lsrs	r2, r4
1000051c:	08e0      	lsrs	r0, r4, #3
1000051e:	009b      	lsls	r3, r3, #2
10000520:	07d2      	lsls	r2, r2, #31
10000522:	fa01 f303 	lsl.w	r3, r1, r3
10000526:	f100 0c8c 	add.w	ip, r0, #140	@ 0x8c
1000052a:	d403      	bmi.n	10000534 <gpio_default_irq_handler+0x60>
1000052c:	4620      	mov	r0, r4
1000052e:	f849 302c 	str.w	r3, [r9, ip, lsl #2]
10000532:	47b8      	blx	r7
10000534:	b115      	cbz	r5, 1000053c <gpio_default_irq_handler+0x68>
10000536:	3401      	adds	r4, #1
10000538:	42b4      	cmp	r4, r6
1000053a:	d3e6      	bcc.n	1000050a <gpio_default_irq_handler+0x36>
1000053c:	2e20      	cmp	r6, #32
1000053e:	d1dd      	bne.n	100004fc <gpio_default_irq_handler+0x28>
10000540:	e8bd 8ff8 	ldmia.w	sp!, {r3, r4, r5, r6, r7, r8, r9, sl, fp, pc}
10000544:	f8df 8160 	ldr.w	r8, [pc, #352]	@ 100006a8 <gpio_default_irq_handler+0x1d4>
10000548:	2f00      	cmp	r7, #0
1000054a:	d1d2      	bne.n	100004f2 <gpio_default_irq_handler+0x1e>
1000054c:	4d53      	ldr	r5, [pc, #332]	@ (1000069c <gpio_default_irq_handler+0x1c8>)
1000054e:	08fc      	lsrs	r4, r7, #3
10000550:	f104 030c 	add.w	r3, r4, #12
10000554:	f858 3023 	ldr.w	r3, [r8, r3, lsl #2]
10000558:	f107 0008 	add.w	r0, r7, #8
1000055c:	2b00      	cmp	r3, #0
1000055e:	d07c      	beq.n	1000065a <gpio_default_irq_handler+0x186>
10000560:	f013 060f 	ands.w	r6, r3, #15
10000564:	ea4f 1213 	mov.w	r2, r3, lsr #4
10000568:	d00a      	beq.n	10000580 <gpio_default_irq_handler+0xac>
1000056a:	f855 102a 	ldr.w	r1, [r5, sl, lsl #2]
1000056e:	40f9      	lsrs	r1, r7
10000570:	07c9      	lsls	r1, r1, #31
10000572:	d403      	bmi.n	1000057c <gpio_default_irq_handler+0xa8>
10000574:	494a      	ldr	r1, [pc, #296]	@ (100006a0 <gpio_default_irq_handler+0x1cc>)
10000576:	348c      	adds	r4, #140	@ 0x8c
10000578:	f841 6024 	str.w	r6, [r1, r4, lsl #2]
1000057c:	2a00      	cmp	r2, #0
1000057e:	d06c      	beq.n	1000065a <gpio_default_irq_handler+0x186>
10000580:	f012 020f 	ands.w	r2, r2, #15
10000584:	ea4f 2113 	mov.w	r1, r3, lsr #8
10000588:	d00d      	beq.n	100005a6 <gpio_default_irq_handler+0xd2>
1000058a:	f855 402a 	ldr.w	r4, [r5, sl, lsl #2]
1000058e:	1c7e      	adds	r6, r7, #1
10000590:	40f4      	lsrs	r4, r6
10000592:	07e4      	lsls	r4, r4, #31
10000594:	d405      	bmi.n	100005a2 <gpio_default_irq_handler+0xce>
10000596:	08f4      	lsrs	r4, r6, #3
10000598:	4e41      	ldr	r6, [pc, #260]	@ (100006a0 <gpio_default_irq_handler+0x1cc>)
1000059a:	0112      	lsls	r2, r2, #4
1000059c:	348c      	adds	r4, #140	@ 0x8c
1000059e:	f846 2024 	str.w	r2, [r6, r4, lsl #2]
100005a2:	2900      	cmp	r1, #0
100005a4:	d059      	beq.n	1000065a <gpio_default_irq_handler+0x186>
100005a6:	f011 010f 	ands.w	r1, r1, #15
100005aa:	ea4f 3413 	mov.w	r4, r3, lsr #12
100005ae:	d007      	beq.n	100005c0 <gpio_default_irq_handler+0xec>
100005b0:	f855 202a 	ldr.w	r2, [r5, sl, lsl #2]
100005b4:	1cbe      	adds	r6, r7, #2
100005b6:	40f2      	lsrs	r2, r6
100005b8:	07d2      	lsls	r2, r2, #31
100005ba:	d558      	bpl.n	1000066e <gpio_default_irq_handler+0x19a>
100005bc:	2c00      	cmp	r4, #0
100005be:	d04c      	beq.n	1000065a <gpio_default_irq_handler+0x186>
100005c0:	f014 040f 	ands.w	r4, r4, #15
100005c4:	ea4f 4113 	mov.w	r1, r3, lsr #16
100005c8:	d007      	beq.n	100005da <gpio_default_irq_handler+0x106>
100005ca:	f855 202a 	ldr.w	r2, [r5, sl, lsl #2]
100005ce:	1cfe      	adds	r6, r7, #3
100005d0:	40f2      	lsrs	r2, r6
100005d2:	07d2      	lsls	r2, r2, #31
100005d4:	d552      	bpl.n	1000067c <gpio_default_irq_handler+0x1a8>
100005d6:	2900      	cmp	r1, #0
100005d8:	d03f      	beq.n	1000065a <gpio_default_irq_handler+0x186>
100005da:	f011 010f 	ands.w	r1, r1, #15
100005de:	ea4f 5213 	mov.w	r2, r3, lsr #20
100005e2:	d007      	beq.n	100005f4 <gpio_default_irq_handler+0x120>
100005e4:	4c2d      	ldr	r4, [pc, #180]	@ (1000069c <gpio_default_irq_handler+0x1c8>)
100005e6:	f854 602a 	ldr.w	r6, [r4, sl, lsl #2]
100005ea:	1d3c      	adds	r4, r7, #4
100005ec:	40e6      	lsrs	r6, r4
100005ee:	07f6      	lsls	r6, r6, #31
100005f0:	d54b      	bpl.n	1000068a <gpio_default_irq_handler+0x1b6>
100005f2:	b392      	cbz	r2, 1000065a <gpio_default_irq_handler+0x186>
100005f4:	f012 020f 	ands.w	r2, r2, #15
100005f8:	ea4f 6113 	mov.w	r1, r3, lsr #24
100005fc:	d00d      	beq.n	1000061a <gpio_default_irq_handler+0x146>
100005fe:	4c27      	ldr	r4, [pc, #156]	@ (1000069c <gpio_default_irq_handler+0x1c8>)
10000600:	f854 602a 	ldr.w	r6, [r4, sl, lsl #2]
10000604:	1d7c      	adds	r4, r7, #5
10000606:	40e6      	lsrs	r6, r4
10000608:	07f6      	lsls	r6, r6, #31
1000060a:	d405      	bmi.n	10000618 <gpio_default_irq_handler+0x144>
1000060c:	4e24      	ldr	r6, [pc, #144]	@ (100006a0 <gpio_default_irq_handler+0x1cc>)
1000060e:	08e4      	lsrs	r4, r4, #3
10000610:	0512      	lsls	r2, r2, #20
10000612:	348c      	adds	r4, #140	@ 0x8c
10000614:	f846 2024 	str.w	r2, [r6, r4, lsl #2]
10000618:	b1f9      	cbz	r1, 1000065a <gpio_default_irq_handler+0x186>
1000061a:	f011 010f 	ands.w	r1, r1, #15
1000061e:	ea4f 7313 	mov.w	r3, r3, lsr #28
10000622:	d01f      	beq.n	10000664 <gpio_default_irq_handler+0x190>
10000624:	4c1d      	ldr	r4, [pc, #116]	@ (1000069c <gpio_default_irq_handler+0x1c8>)
10000626:	1dbe      	adds	r6, r7, #6
10000628:	f854 202a 	ldr.w	r2, [r4, sl, lsl #2]
1000062c:	40f2      	lsrs	r2, r6
1000062e:	07d2      	lsls	r2, r2, #31
10000630:	d405      	bmi.n	1000063e <gpio_default_irq_handler+0x16a>
10000632:	08f2      	lsrs	r2, r6, #3
10000634:	4e1a      	ldr	r6, [pc, #104]	@ (100006a0 <gpio_default_irq_handler+0x1cc>)
10000636:	0609      	lsls	r1, r1, #24
10000638:	328c      	adds	r2, #140	@ 0x8c
1000063a:	f846 1022 	str.w	r1, [r6, r2, lsl #2]
1000063e:	3707      	adds	r7, #7
10000640:	b15b      	cbz	r3, 1000065a <gpio_default_irq_handler+0x186>
10000642:	f854 202a 	ldr.w	r2, [r4, sl, lsl #2]
10000646:	40fa      	lsrs	r2, r7
10000648:	07d1      	lsls	r1, r2, #31
1000064a:	d406      	bmi.n	1000065a <gpio_default_irq_handler+0x186>
1000064c:	4914      	ldr	r1, [pc, #80]	@ (100006a0 <gpio_default_irq_handler+0x1cc>)
1000064e:	08ff      	lsrs	r7, r7, #3
10000650:	071b      	lsls	r3, r3, #28
10000652:	f107 028c 	add.w	r2, r7, #140	@ 0x8c
10000656:	f841 3022 	str.w	r3, [r1, r2, lsl #2]
1000065a:	2820      	cmp	r0, #32
1000065c:	f43f af70 	beq.w	10000540 <gpio_default_irq_handler+0x6c>
10000660:	4607      	mov	r7, r0
10000662:	e774      	b.n	1000054e <gpio_default_irq_handler+0x7a>
10000664:	2b00      	cmp	r3, #0
10000666:	d0f8      	beq.n	1000065a <gpio_default_irq_handler+0x186>
10000668:	4c0c      	ldr	r4, [pc, #48]	@ (1000069c <gpio_default_irq_handler+0x1c8>)
1000066a:	3707      	adds	r7, #7
1000066c:	e7e9      	b.n	10000642 <gpio_default_irq_handler+0x16e>
1000066e:	08f2      	lsrs	r2, r6, #3
10000670:	4e0b      	ldr	r6, [pc, #44]	@ (100006a0 <gpio_default_irq_handler+0x1cc>)
10000672:	0209      	lsls	r1, r1, #8
10000674:	328c      	adds	r2, #140	@ 0x8c
10000676:	f846 1022 	str.w	r1, [r6, r2, lsl #2]
1000067a:	e79f      	b.n	100005bc <gpio_default_irq_handler+0xe8>
1000067c:	08f2      	lsrs	r2, r6, #3
1000067e:	4e08      	ldr	r6, [pc, #32]	@ (100006a0 <gpio_default_irq_handler+0x1cc>)
10000680:	0324      	lsls	r4, r4, #12
10000682:	328c      	adds	r2, #140	@ 0x8c
10000684:	f846 4022 	str.w	r4, [r6, r2, lsl #2]
10000688:	e7a5      	b.n	100005d6 <gpio_default_irq_handler+0x102>
1000068a:	4e05      	ldr	r6, [pc, #20]	@ (100006a0 <gpio_default_irq_handler+0x1cc>)
1000068c:	08e4      	lsrs	r4, r4, #3
1000068e:	0409      	lsls	r1, r1, #16
10000690:	348c      	adds	r4, #140	@ 0x8c
10000692:	f846 1024 	str.w	r1, [r6, r4, lsl #2]
10000696:	e7ac      	b.n	100005f2 <gpio_default_irq_handler+0x11e>
10000698:	2000e9f4 	.word	0x2000e9f4
1000069c:	2000eeb8 	.word	0x2000eeb8
100006a0:	40028000 	.word	0x40028000
100006a4:	40028290 	.word	0x40028290
100006a8:	40028248 	.word	0x40028248

100006ac <gpio_set_function>:
100006ac:	f44f 7c80 	mov.w	ip, #256	@ 0x100
100006b0:	4b0c      	ldr	r3, [pc, #48]	@ (100006e4 <gpio_set_function+0x38>)
100006b2:	b500      	push	{lr}
100006b4:	f853 2020 	ldr.w	r2, [r3, r0, lsl #2]
100006b8:	eb03 0380 	add.w	r3, r3, r0, lsl #2
100006bc:	00c0      	lsls	r0, r0, #3
100006be:	f082 0240 	eor.w	r2, r2, #64	@ 0x40
100006c2:	f100 4080 	add.w	r0, r0, #1073741824	@ 0x40000000
100006c6:	f503 5e80 	add.w	lr, r3, #4096	@ 0x1000
100006ca:	f002 02c0 	and.w	r2, r2, #192	@ 0xc0
100006ce:	f500 3020 	add.w	r0, r0, #163840	@ 0x28000
100006d2:	f503 5340 	add.w	r3, r3, #12288	@ 0x3000
100006d6:	f8ce 2000 	str.w	r2, [lr]
100006da:	6041      	str	r1, [r0, #4]
100006dc:	f8c3 c000 	str.w	ip, [r3]
100006e0:	bd00      	pop	{pc}
100006e2:	bf00      	nop
100006e4:	40038004 	.word	0x40038004

100006e8 <gpio_set_slew_rate>:
100006e8:	4b05      	ldr	r3, [pc, #20]	@ (10000700 <gpio_set_slew_rate+0x18>)
100006ea:	f853 2020 	ldr.w	r2, [r3, r0, lsl #2]
100006ee:	eb03 0380 	add.w	r3, r3, r0, lsl #2
100006f2:	4051      	eors	r1, r2
100006f4:	f001 0101 	and.w	r1, r1, #1
100006f8:	f503 5380 	add.w	r3, r3, #4096	@ 0x1000
100006fc:	6019      	str	r1, [r3, #0]
100006fe:	4770      	bx	lr
10000700:	40038004 	.word	0x40038004

10000704 <gpio_set_drive_strength>:
10000704:	4b06      	ldr	r3, [pc, #24]	@ (10000720 <gpio_set_drive_strength+0x1c>)
10000706:	f853 2020 	ldr.w	r2, [r3, r0, lsl #2]
1000070a:	eb03 0380 	add.w	r3, r3, r0, lsl #2
1000070e:	ea82 1201 	eor.w	r2, r2, r1, lsl #4
10000712:	f002 0230 	and.w	r2, r2, #48	@ 0x30
10000716:	f503 5380 	add.w	r3, r3, #4096	@ 0x1000
1000071a:	601a      	str	r2, [r3, #0]
1000071c:	4770      	bx	lr
1000071e:	bf00      	nop
10000720:	40038004 	.word	0x40038004

10000724 <gpio_set_irq_enabled>:
10000724:	f04f 4350 	mov.w	r3, #3489660928	@ 0xd0000000
10000728:	681b      	ldr	r3, [r3, #0]
1000072a:	b193      	cbz	r3, 10000752 <gpio_set_irq_enabled+0x2e>
1000072c:	4b0c      	ldr	r3, [pc, #48]	@ (10000760 <gpio_set_irq_enabled+0x3c>)
1000072e:	ea4f 0cd0 	mov.w	ip, r0, lsr #3
10000732:	f000 0007 	and.w	r0, r0, #7
10000736:	0080      	lsls	r0, r0, #2
10000738:	4081      	lsls	r1, r0
1000073a:	480a      	ldr	r0, [pc, #40]	@ (10000764 <gpio_set_irq_enabled+0x40>)
1000073c:	eb03 038c 	add.w	r3, r3, ip, lsl #2
10000740:	f10c 0c8c 	add.w	ip, ip, #140	@ 0x8c
10000744:	f840 102c 	str.w	r1, [r0, ip, lsl #2]
10000748:	b12a      	cbz	r2, 10000756 <gpio_set_irq_enabled+0x32>
1000074a:	f503 5300 	add.w	r3, r3, #8192	@ 0x2000
1000074e:	6019      	str	r1, [r3, #0]
10000750:	4770      	bx	lr
10000752:	4b05      	ldr	r3, [pc, #20]	@ (10000768 <gpio_set_irq_enabled+0x44>)
10000754:	e7eb      	b.n	1000072e <gpio_set_irq_enabled+0xa>
10000756:	f503 5340 	add.w	r3, r3, #12288	@ 0x3000
1000075a:	6019      	str	r1, [r3, #0]
1000075c:	4770      	bx	lr
1000075e:	bf00      	nop
10000760:	40028290 	.word	0x40028290
10000764:	40028000 	.word	0x40028000
10000768:	40028248 	.word	0x40028248

1000076c <gpio_set_irq_enabled_with_callback>:
1000076c:	e92d 41f0 	stmdb	sp!, {r4, r5, r6, r7, r8, lr}
10000770:	f04f 4650 	mov.w	r6, #3489660928	@ 0xd0000000
10000774:	4690      	mov	r8, r2
10000776:	461d      	mov	r5, r3
10000778:	6832      	ldr	r2, [r6, #0]
1000077a:	4b21      	ldr	r3, [pc, #132]	@ (10000800 <gpio_set_irq_enabled_with_callback+0x94>)
1000077c:	460f      	mov	r7, r1
1000077e:	f853 1022 	ldr.w	r1, [r3, r2, lsl #2]
10000782:	4604      	mov	r4, r0
10000784:	b082      	sub	sp, #8
10000786:	b331      	cbz	r1, 100007d6 <gpio_set_irq_enabled_with_callback+0x6a>
10000788:	b38d      	cbz	r5, 100007ee <gpio_set_irq_enabled_with_callback+0x82>
1000078a:	4611      	mov	r1, r2
1000078c:	f843 5022 	str.w	r5, [r3, r2, lsl #2]
10000790:	b1c9      	cbz	r1, 100007c6 <gpio_set_irq_enabled_with_callback+0x5a>
10000792:	4b1c      	ldr	r3, [pc, #112]	@ (10000804 <gpio_set_irq_enabled_with_callback+0x98>)
10000794:	08e1      	lsrs	r1, r4, #3
10000796:	f004 0407 	and.w	r4, r4, #7
1000079a:	481b      	ldr	r0, [pc, #108]	@ (10000808 <gpio_set_irq_enabled_with_callback+0x9c>)
1000079c:	00a4      	lsls	r4, r4, #2
1000079e:	fa07 f404 	lsl.w	r4, r7, r4
100007a2:	eb03 0381 	add.w	r3, r3, r1, lsl #2
100007a6:	318c      	adds	r1, #140	@ 0x8c
100007a8:	f840 4021 	str.w	r4, [r0, r1, lsl #2]
100007ac:	f1b8 0f00 	cmp.w	r8, #0
100007b0:	d00b      	beq.n	100007ca <gpio_set_irq_enabled_with_callback+0x5e>
100007b2:	2101      	movs	r1, #1
100007b4:	2015      	movs	r0, #21
100007b6:	f503 5300 	add.w	r3, r3, #8192	@ 0x2000
100007ba:	601c      	str	r4, [r3, #0]
100007bc:	b002      	add	sp, #8
100007be:	e8bd 41f0 	ldmia.w	sp!, {r4, r5, r6, r7, r8, lr}
100007c2:	f000 b979 	b.w	10000ab8 <irq_set_enabled>
100007c6:	4b11      	ldr	r3, [pc, #68]	@ (1000080c <gpio_set_irq_enabled_with_callback+0xa0>)
100007c8:	e7e4      	b.n	10000794 <gpio_set_irq_enabled_with_callback+0x28>
100007ca:	f503 5340 	add.w	r3, r3, #12288	@ 0x3000
100007ce:	601c      	str	r4, [r3, #0]
100007d0:	b002      	add	sp, #8
100007d2:	e8bd 81f0 	ldmia.w	sp!, {r4, r5, r6, r7, r8, pc}
100007d6:	b145      	cbz	r5, 100007ea <gpio_set_irq_enabled_with_callback+0x7e>
100007d8:	f843 5022 	str.w	r5, [r3, r2, lsl #2]
100007dc:	2015      	movs	r0, #21
100007de:	460a      	mov	r2, r1
100007e0:	490b      	ldr	r1, [pc, #44]	@ (10000810 <gpio_set_irq_enabled_with_callback+0xa4>)
100007e2:	f000 f9e3 	bl	10000bac <irq_add_shared_handler>
100007e6:	6831      	ldr	r1, [r6, #0]
100007e8:	e7d2      	b.n	10000790 <gpio_set_irq_enabled_with_callback+0x24>
100007ea:	4611      	mov	r1, r2
100007ec:	e7d0      	b.n	10000790 <gpio_set_irq_enabled_with_callback+0x24>
100007ee:	4908      	ldr	r1, [pc, #32]	@ (10000810 <gpio_set_irq_enabled_with_callback+0xa4>)
100007f0:	2015      	movs	r0, #21
100007f2:	9201      	str	r2, [sp, #4]
100007f4:	f000 fad4 	bl	10000da0 <irq_remove_handler>
100007f8:	6831      	ldr	r1, [r6, #0]
100007fa:	9a01      	ldr	r2, [sp, #4]
100007fc:	4b00      	ldr	r3, [pc, #0]	@ (10000800 <gpio_set_irq_enabled_with_callback+0x94>)
100007fe:	e7c5      	b.n	1000078c <gpio_set_irq_enabled_with_callback+0x20>
10000800:	2000e9f4 	.word	0x2000e9f4
10000804:	40028290 	.word	0x40028290
10000808:	40028000 	.word	0x40028000
1000080c:	40028248 	.word	0x40028248
10000810:	100004d5 	.word	0x100004d5

10000814 <gpio_set_input_enabled>:
10000814:	4b06      	ldr	r3, [pc, #24]	@ (10000830 <gpio_set_input_enabled+0x1c>)
10000816:	2240      	movs	r2, #64	@ 0x40
10000818:	eb03 0380 	add.w	r3, r3, r0, lsl #2
1000081c:	b119      	cbz	r1, 10000826 <gpio_set_input_enabled+0x12>
1000081e:	f503 5300 	add.w	r3, r3, #8192	@ 0x2000
10000822:	601a      	str	r2, [r3, #0]
10000824:	4770      	bx	lr
10000826:	f503 5340 	add.w	r3, r3, #12288	@ 0x3000
1000082a:	601a      	str	r2, [r3, #0]
1000082c:	4770      	bx	lr
1000082e:	bf00      	nop
10000830:	40038004 	.word	0x40038004

10000834 <gpio_init>:
10000834:	f04f 0300 	mov.w	r3, #0
10000838:	b500      	push	{lr}
1000083a:	ec43 0044 	gpioc_bit_oe_put r0, r3
1000083e:	ec43 0040 	gpioc_bit_out_put r0, r3
10000842:	f04f 0e05 	mov.w	lr, #5
10000846:	f44f 7c80 	mov.w	ip, #256	@ 0x100
1000084a:	4b0c      	ldr	r3, [pc, #48]	@ (1000087c <gpio_init+0x48>)
1000084c:	00c2      	lsls	r2, r0, #3
1000084e:	f853 1020 	ldr.w	r1, [r3, r0, lsl #2]
10000852:	eb03 0080 	add.w	r0, r3, r0, lsl #2
10000856:	f081 0140 	eor.w	r1, r1, #64	@ 0x40
1000085a:	f102 4380 	add.w	r3, r2, #1073741824	@ 0x40000000
1000085e:	f503 3320 	add.w	r3, r3, #163840	@ 0x28000
10000862:	f001 02c0 	and.w	r2, r1, #192	@ 0xc0
10000866:	f500 5180 	add.w	r1, r0, #4096	@ 0x1000
1000086a:	f500 5040 	add.w	r0, r0, #12288	@ 0x3000
1000086e:	600a      	str	r2, [r1, #0]
10000870:	f8c3 e004 	str.w	lr, [r3, #4]
10000874:	f8c0 c000 	str.w	ip, [r0]
10000878:	bd00      	pop	{pc}
1000087a:	bf00      	nop
1000087c:	40038004 	.word	0x40038004

10000880 <panic>:
10000880:	b40f      	push	{r0, r1, r2, r3}
10000882:	b500      	push	{lr}
10000884:	4808      	ldr	r0, [pc, #32]	@ (100008a8 <panic+0x28>)
10000886:	b083      	sub	sp, #12
10000888:	f001 fcae 	bl	100021e8 <__wrap_puts>
1000088c:	9b04      	ldr	r3, [sp, #16]
1000088e:	b13b      	cbz	r3, 100008a0 <panic+0x20>
10000890:	a905      	add	r1, sp, #20
10000892:	4618      	mov	r0, r3
10000894:	9101      	str	r1, [sp, #4]
10000896:	f001 fb45 	bl	10001f24 <weak_raw_vprintf>
1000089a:	4804      	ldr	r0, [pc, #16]	@ (100008ac <panic+0x2c>)
1000089c:	f001 fca4 	bl	100021e8 <__wrap_puts>
100008a0:	2001      	movs	r0, #1
100008a2:	f001 fb57 	bl	10001f54 <_exit>
100008a6:	bf00      	nop
100008a8:	10004f2c 	.word	0x10004f2c
100008ac:	10004f3c 	.word	0x10004f3c

100008b0 <hw_claim_lock>:
100008b0:	f3ef 8010 	mrs	r0, PRIMASK
100008b4:	b672      	cpsid	i
100008b6:	4b06      	ldr	r3, [pc, #24]	@ (100008d0 <hw_claim_lock+0x20>)
100008b8:	e8d3 1fcf 	ldaexb	r1, [r3]
100008bc:	2201      	movs	r2, #1
100008be:	2900      	cmp	r1, #0
100008c0:	d1fa      	bne.n	100008b8 <hw_claim_lock+0x8>
100008c2:	e8c3 2f41 	strexb	r1, r2, [r3]
100008c6:	2900      	cmp	r1, #0
100008c8:	d1f6      	bne.n	100008b8 <hw_claim_lock+0x8>
100008ca:	f3bf 8f5f 	dmb	sy
100008ce:	4770      	bx	lr
100008d0:	2000e5df 	.word	0x2000e5df

100008d4 <hw_claim_unlock>:
100008d4:	2300      	movs	r3, #0
100008d6:	4a03      	ldr	r2, [pc, #12]	@ (100008e4 <hw_claim_unlock+0x10>)
100008d8:	e8c2 3f8f 	stlb	r3, [r2]
100008dc:	f380 8810 	msr	PRIMASK, r0
100008e0:	4770      	bx	lr
100008e2:	bf00      	nop
100008e4:	2000e5df 	.word	0x2000e5df

100008e8 <hw_claim_or_assert>:
100008e8:	b570      	push	{r4, r5, r6, lr}
100008ea:	4616      	mov	r6, r2
100008ec:	f3ef 8410 	mrs	r4, PRIMASK
100008f0:	b672      	cpsid	i
100008f2:	f8df e048 	ldr.w	lr, [pc, #72]	@ 1000093c <hw_claim_or_assert+0x54>
100008f6:	e8de 2fcf 	ldaexb	r2, [lr]
100008fa:	2301      	movs	r3, #1
100008fc:	2a00      	cmp	r2, #0
100008fe:	d1fa      	bne.n	100008f6 <hw_claim_or_assert+0xe>
10000900:	e8ce 3f42 	strexb	r2, r3, [lr]
10000904:	2a00      	cmp	r2, #0
10000906:	d1f6      	bne.n	100008f6 <hw_claim_or_assert+0xe>
10000908:	f3bf 8f5f 	dmb	sy
1000090c:	2301      	movs	r3, #1
1000090e:	f001 0c07 	and.w	ip, r1, #7
10000912:	08ca      	lsrs	r2, r1, #3
10000914:	fa03 f30c 	lsl.w	r3, r3, ip
10000918:	f810 c002 	ldrb.w	ip, [r0, r2]
1000091c:	ea1c 0503 	ands.w	r5, ip, r3
10000920:	d108      	bne.n	10000934 <hw_claim_or_assert+0x4c>
10000922:	ea4c 0c03 	orr.w	ip, ip, r3
10000926:	f800 c002 	strb.w	ip, [r0, r2]
1000092a:	e8ce 5f8f 	stlb	r5, [lr]
1000092e:	f384 8810 	msr	PRIMASK, r4
10000932:	bd70      	pop	{r4, r5, r6, pc}
10000934:	4630      	mov	r0, r6
10000936:	f7ff ffa3 	bl	10000880 <panic>
1000093a:	bf00      	nop
1000093c:	2000e5df 	.word	0x2000e5df

10000940 <hw_claim_unused_from_range>:
10000940:	b5f8      	push	{r3, r4, r5, r6, r7, lr}
10000942:	460f      	mov	r7, r1
10000944:	4619      	mov	r1, r3
10000946:	f3ef 8610 	mrs	r6, PRIMASK
1000094a:	b672      	cpsid	i
1000094c:	4d1c      	ldr	r5, [pc, #112]	@ (100009c0 <hw_claim_unused_from_range+0x80>)
1000094e:	e8d5 4fcf 	ldaexb	r4, [r5]
10000952:	2301      	movs	r3, #1
10000954:	2c00      	cmp	r4, #0
10000956:	d1fa      	bne.n	1000094e <hw_claim_unused_from_range+0xe>
10000958:	e8c5 3f44 	strexb	r4, r3, [r5]
1000095c:	2c00      	cmp	r4, #0
1000095e:	d1f6      	bne.n	1000094e <hw_claim_unused_from_range+0xe>
10000960:	f3bf 8f5f 	dmb	sy
10000964:	428a      	cmp	r2, r1
10000966:	d81b      	bhi.n	100009a0 <hw_claim_unused_from_range+0x60>
10000968:	2401      	movs	r4, #1
1000096a:	e002      	b.n	10000972 <hw_claim_unused_from_range+0x32>
1000096c:	3201      	adds	r2, #1
1000096e:	4291      	cmp	r1, r2
10000970:	d322      	bcc.n	100009b8 <hw_claim_unused_from_range+0x78>
10000972:	08d3      	lsrs	r3, r2, #3
10000974:	f810 e003 	ldrb.w	lr, [r0, r3]
10000978:	f002 0c07 	and.w	ip, r2, #7
1000097c:	fa04 fc0c 	lsl.w	ip, r4, ip
10000980:	ea1e 0f0c 	tst.w	lr, ip
10000984:	d1f2      	bne.n	1000096c <hw_claim_unused_from_range+0x2c>
10000986:	ea4e 0e0c 	orr.w	lr, lr, ip
1000098a:	f800 e003 	strb.w	lr, [r0, r3]
1000098e:	4610      	mov	r0, r2
10000990:	2300      	movs	r3, #0
10000992:	e8c5 3f8f 	stlb	r3, [r5]
10000996:	f386 8810 	msr	PRIMASK, r6
1000099a:	4298      	cmp	r0, r3
1000099c:	db07      	blt.n	100009ae <hw_claim_unused_from_range+0x6e>
1000099e:	bdf8      	pop	{r3, r4, r5, r6, r7, pc}
100009a0:	2300      	movs	r3, #0
100009a2:	e8c5 3f8f 	stlb	r3, [r5]
100009a6:	f386 8810 	msr	PRIMASK, r6
100009aa:	f04f 30ff 	mov.w	r0, #4294967295	@ 0xffffffff
100009ae:	2f00      	cmp	r7, #0
100009b0:	d0f5      	beq.n	1000099e <hw_claim_unused_from_range+0x5e>
100009b2:	9806      	ldr	r0, [sp, #24]
100009b4:	f7ff ff64 	bl	10000880 <panic>
100009b8:	f04f 30ff 	mov.w	r0, #4294967295	@ 0xffffffff
100009bc:	e7e8      	b.n	10000990 <hw_claim_unused_from_range+0x50>
100009be:	bf00      	nop
100009c0:	2000e5df 	.word	0x2000e5df

100009c4 <hw_claim_clear>:
100009c4:	b500      	push	{lr}
100009c6:	f3ef 8e10 	mrs	lr, PRIMASK
100009ca:	b672      	cpsid	i
100009cc:	4b10      	ldr	r3, [pc, #64]	@ (10000a10 <hw_claim_clear+0x4c>)
100009ce:	e8d3 cfcf 	ldaexb	ip, [r3]
100009d2:	2201      	movs	r2, #1
100009d4:	f1bc 0f00 	cmp.w	ip, #0
100009d8:	d1f9      	bne.n	100009ce <hw_claim_clear+0xa>
100009da:	e8c3 2f4c 	strexb	ip, r2, [r3]
100009de:	f1bc 0f00 	cmp.w	ip, #0
100009e2:	d1f4      	bne.n	100009ce <hw_claim_clear+0xa>
100009e4:	f3bf 8f5f 	dmb	sy
100009e8:	2201      	movs	r2, #1
100009ea:	ea4f 0cd1 	mov.w	ip, r1, lsr #3
100009ee:	f001 0107 	and.w	r1, r1, #7
100009f2:	fa02 f101 	lsl.w	r1, r2, r1
100009f6:	f810 200c 	ldrb.w	r2, [r0, ip]
100009fa:	ea22 0201 	bic.w	r2, r2, r1
100009fe:	f800 200c 	strb.w	r2, [r0, ip]
10000a02:	2200      	movs	r2, #0
10000a04:	e8c3 2f8f 	stlb	r2, [r3]
10000a08:	f38e 8810 	msr	PRIMASK, lr
10000a0c:	bd00      	pop	{pc}
10000a0e:	bf00      	nop
10000a10:	2000e5df 	.word	0x2000e5df

10000a14 <next_striped_spin_lock_num>:
10000a14:	4a04      	ldr	r2, [pc, #16]	@ (10000a28 <next_striped_spin_lock_num+0x14>)
10000a16:	7810      	ldrb	r0, [r2, #0]
10000a18:	1c43      	adds	r3, r0, #1
10000a1a:	b2db      	uxtb	r3, r3
10000a1c:	2b18      	cmp	r3, #24
10000a1e:	bf28      	it	cs
10000a20:	2310      	movcs	r3, #16
10000a22:	7013      	strb	r3, [r2, #0]
10000a24:	4770      	bx	lr
10000a26:	bf00      	nop
10000a28:	2000e200 	.word	0x2000e200

10000a2c <spin_lock_claim_unused>:
10000a2c:	b500      	push	{lr}
10000a2e:	f8df c01c 	ldr.w	ip, [pc, #28]	@ 10000a4c <spin_lock_claim_unused+0x20>
10000a32:	b083      	sub	sp, #12
10000a34:	4601      	mov	r1, r0
10000a36:	231f      	movs	r3, #31
10000a38:	2218      	movs	r2, #24
10000a3a:	f8cd c000 	str.w	ip, [sp]
10000a3e:	4802      	ldr	r0, [pc, #8]	@ (10000a48 <spin_lock_claim_unused+0x1c>)
10000a40:	f7ff ff7e 	bl	10000940 <hw_claim_unused_from_range>
10000a44:	b003      	add	sp, #12
10000a46:	bd00      	pop	{pc}
10000a48:	2000ea04 	.word	0x2000ea04
10000a4c:	10004f40 	.word	0x10004f40

10000a50 <spinlock_set_extexclall>:
10000a50:	f04f 22e0 	mov.w	r2, #3758153728	@ 0xe000e000
10000a54:	6893      	ldr	r3, [r2, #8]
10000a56:	f043 5300 	orr.w	r3, r3, #536870912	@ 0x20000000
10000a5a:	6093      	str	r3, [r2, #8]
10000a5c:	4770      	bx	lr
10000a5e:	bf00      	nop

10000a60 <spin_locks_reset>:
10000a60:	2100      	movs	r1, #0
10000a62:	4b04      	ldr	r3, [pc, #16]	@ (10000a74 <spin_locks_reset+0x14>)
10000a64:	f103 0220 	add.w	r2, r3, #32
10000a68:	e8c3 1f8f 	stlb	r1, [r3]
10000a6c:	3301      	adds	r3, #1
10000a6e:	4293      	cmp	r3, r2
10000a70:	d1fa      	bne.n	10000a68 <spin_locks_reset+0x8>
10000a72:	4770      	bx	lr
10000a74:	2000e5d4 	.word	0x2000e5d4

10000a78 <runtime_init_per_core_irq_priorities>:
10000a78:	f04f 23e0 	mov.w	r3, #3758153728	@ 0xe000e000
10000a7c:	f04f 3280 	mov.w	r2, #2155905152	@ 0x80808080
10000a80:	f8c3 2400 	str.w	r2, [r3, #1024]	@ 0x400
10000a84:	f8c3 2404 	str.w	r2, [r3, #1028]	@ 0x404
10000a88:	f8c3 2408 	str.w	r2, [r3, #1032]	@ 0x408
10000a8c:	f8c3 240c 	str.w	r2, [r3, #1036]	@ 0x40c
10000a90:	f8c3 2410 	str.w	r2, [r3, #1040]	@ 0x410
10000a94:	f8c3 2414 	str.w	r2, [r3, #1044]	@ 0x414
10000a98:	f8c3 2418 	str.w	r2, [r3, #1048]	@ 0x418
10000a9c:	f8c3 241c 	str.w	r2, [r3, #1052]	@ 0x41c
10000aa0:	f8c3 2420 	str.w	r2, [r3, #1056]	@ 0x420
10000aa4:	f8c3 2424 	str.w	r2, [r3, #1060]	@ 0x424
10000aa8:	f8c3 2428 	str.w	r2, [r3, #1064]	@ 0x428
10000aac:	f8c3 242c 	str.w	r2, [r3, #1068]	@ 0x42c
10000ab0:	f8c3 2430 	str.w	r2, [r3, #1072]	@ 0x430
10000ab4:	b662      	cpsie	i
10000ab6:	4770      	bx	lr

10000ab8 <irq_set_enabled>:
10000ab8:	2301      	movs	r3, #1
10000aba:	f000 021f 	and.w	r2, r0, #31
10000abe:	4093      	lsls	r3, r2
10000ac0:	0940      	lsrs	r0, r0, #5
10000ac2:	b141      	cbz	r1, 10000ad6 <irq_set_enabled+0x1e>
10000ac4:	0080      	lsls	r0, r0, #2
10000ac6:	f100 4060 	add.w	r0, r0, #3758096384	@ 0xe0000000
10000aca:	f500 4061 	add.w	r0, r0, #57600	@ 0xe100
10000ace:	f8c0 3180 	str.w	r3, [r0, #384]	@ 0x180
10000ad2:	6003      	str	r3, [r0, #0]
10000ad4:	4770      	bx	lr
10000ad6:	4a02      	ldr	r2, [pc, #8]	@ (10000ae0 <irq_set_enabled+0x28>)
10000ad8:	3020      	adds	r0, #32
10000ada:	f842 3020 	str.w	r3, [r2, r0, lsl #2]
10000ade:	4770      	bx	lr
10000ae0:	e000e100 	.word	0xe000e100

10000ae4 <irq_is_enabled>:
10000ae4:	2301      	movs	r3, #1
10000ae6:	4a06      	ldr	r2, [pc, #24]	@ (10000b00 <irq_is_enabled+0x1c>)
10000ae8:	0941      	lsrs	r1, r0, #5
10000aea:	f852 2021 	ldr.w	r2, [r2, r1, lsl #2]
10000aee:	f000 001f 	and.w	r0, r0, #31
10000af2:	4083      	lsls	r3, r0
10000af4:	4213      	tst	r3, r2
10000af6:	bf14      	ite	ne
10000af8:	2001      	movne	r0, #1
10000afa:	2000      	moveq	r0, #0
10000afc:	4770      	bx	lr
10000afe:	bf00      	nop
10000b00:	e000e100 	.word	0xe000e100

10000b04 <irq_set_pending>:
10000b04:	2201      	movs	r2, #1
10000b06:	0943      	lsrs	r3, r0, #5
10000b08:	4903      	ldr	r1, [pc, #12]	@ (10000b18 <irq_set_pending+0x14>)
10000b0a:	f000 001f 	and.w	r0, r0, #31
10000b0e:	4082      	lsls	r2, r0
10000b10:	3340      	adds	r3, #64	@ 0x40
10000b12:	f841 2023 	str.w	r2, [r1, r3, lsl #2]
10000b16:	4770      	bx	lr
10000b18:	e000e100 	.word	0xe000e100

10000b1c <irq_has_shared_handler>:
10000b1c:	4a05      	ldr	r2, [pc, #20]	@ (10000b34 <irq_has_shared_handler+0x18>)
10000b1e:	3010      	adds	r0, #16
10000b20:	6892      	ldr	r2, [r2, #8]
10000b22:	4b05      	ldr	r3, [pc, #20]	@ (10000b38 <irq_has_shared_handler+0x1c>)
10000b24:	f852 0020 	ldr.w	r0, [r2, r0, lsl #2]
10000b28:	1ac0      	subs	r0, r0, r3
10000b2a:	282f      	cmp	r0, #47	@ 0x2f
10000b2c:	bf8c      	ite	hi
10000b2e:	2000      	movhi	r0, #0
10000b30:	2001      	movls	r0, #1
10000b32:	4770      	bx	lr
10000b34:	e000ed00 	.word	0xe000ed00
10000b38:	2000e204 	.word	0x2000e204

10000b3c <irq_set_exclusive_handler>:
10000b3c:	b510      	push	{r4, lr}
10000b3e:	b082      	sub	sp, #8
10000b40:	f3ef 8410 	mrs	r4, PRIMASK
10000b44:	b672      	cpsid	i
10000b46:	4b16      	ldr	r3, [pc, #88]	@ (10000ba0 <irq_set_exclusive_handler+0x64>)
10000b48:	e8d3 cfcf 	ldaexb	ip, [r3]
10000b4c:	2201      	movs	r2, #1
10000b4e:	f1bc 0f00 	cmp.w	ip, #0
10000b52:	d1f9      	bne.n	10000b48 <irq_set_exclusive_handler+0xc>
10000b54:	e8c3 2f4c 	strexb	ip, r2, [r3]
10000b58:	f1bc 0f00 	cmp.w	ip, #0
10000b5c:	d1f4      	bne.n	10000b48 <irq_set_exclusive_handler+0xc>
10000b5e:	f3bf 8f5f 	dmb	sy
10000b62:	4a10      	ldr	r2, [pc, #64]	@ (10000ba4 <irq_set_exclusive_handler+0x68>)
10000b64:	3010      	adds	r0, #16
10000b66:	6892      	ldr	r2, [r2, #8]
10000b68:	f8df c03c 	ldr.w	ip, [pc, #60]	@ 10000ba8 <irq_set_exclusive_handler+0x6c>
10000b6c:	f852 2020 	ldr.w	r2, [r2, r0, lsl #2]
10000b70:	4562      	cmp	r2, ip
10000b72:	d008      	beq.n	10000b86 <irq_set_exclusive_handler+0x4a>
10000b74:	4291      	cmp	r1, r2
10000b76:	d006      	beq.n	10000b86 <irq_set_exclusive_handler+0x4a>
10000b78:	e9cd 0100 	strd	r0, r1, [sp]
10000b7c:	f001 f8bc 	bl	10001cf8 <hard_assertion_failure>
10000b80:	9901      	ldr	r1, [sp, #4]
10000b82:	4b07      	ldr	r3, [pc, #28]	@ (10000ba0 <irq_set_exclusive_handler+0x64>)
10000b84:	9800      	ldr	r0, [sp, #0]
10000b86:	4a07      	ldr	r2, [pc, #28]	@ (10000ba4 <irq_set_exclusive_handler+0x68>)
10000b88:	6892      	ldr	r2, [r2, #8]
10000b8a:	f842 1020 	str.w	r1, [r2, r0, lsl #2]
10000b8e:	f3bf 8f5f 	dmb	sy
10000b92:	2200      	movs	r2, #0
10000b94:	e8c3 2f8f 	stlb	r2, [r3]
10000b98:	f384 8810 	msr	PRIMASK, r4
10000b9c:	b002      	add	sp, #8
10000b9e:	bd10      	pop	{r4, pc}
10000ba0:	2000e5dd 	.word	0x2000e5dd
10000ba4:	e000ed00 	.word	0xe000ed00
10000ba8:	10000111 	.word	0x10000111

10000bac <irq_add_shared_handler>:
10000bac:	e92d 4ff0 	stmdb	sp!, {r4, r5, r6, r7, r8, r9, sl, fp, lr}
10000bb0:	4606      	mov	r6, r0
10000bb2:	468a      	mov	sl, r1
10000bb4:	4615      	mov	r5, r2
10000bb6:	b083      	sub	sp, #12
10000bb8:	f3ef 8810 	mrs	r8, PRIMASK
10000bbc:	b672      	cpsid	i
10000bbe:	4f71      	ldr	r7, [pc, #452]	@ (10000d84 <irq_add_shared_handler+0x1d8>)
10000bc0:	e8d7 2fcf 	ldaexb	r2, [r7]
10000bc4:	2301      	movs	r3, #1
10000bc6:	2a00      	cmp	r2, #0
10000bc8:	d1fa      	bne.n	10000bc0 <irq_add_shared_handler+0x14>
10000bca:	e8c7 3f42 	strexb	r2, r3, [r7]
10000bce:	2a00      	cmp	r2, #0
10000bd0:	d1f6      	bne.n	10000bc0 <irq_add_shared_handler+0x14>
10000bd2:	f3bf 8f5f 	dmb	sy
10000bd6:	496c      	ldr	r1, [pc, #432]	@ (10000d88 <irq_add_shared_handler+0x1dc>)
10000bd8:	f991 2000 	ldrsb.w	r2, [r1]
10000bdc:	2a00      	cmp	r2, #0
10000bde:	db7b      	blt.n	10000cd8 <irq_add_shared_handler+0x12c>
10000be0:	486a      	ldr	r0, [pc, #424]	@ (10000d8c <irq_add_shared_handler+0x1e0>)
10000be2:	eb02 0442 	add.w	r4, r2, r2, lsl #1
10000be6:	eb00 0384 	add.w	r3, r0, r4, lsl #2
10000bea:	f893 c006 	ldrb.w	ip, [r3, #6]
10000bee:	3610      	adds	r6, #16
10000bf0:	f881 c000 	strb.w	ip, [r1]
10000bf4:	4966      	ldr	r1, [pc, #408]	@ (10000d90 <irq_add_shared_handler+0x1e4>)
10000bf6:	00a4      	lsls	r4, r4, #2
10000bf8:	6889      	ldr	r1, [r1, #8]
10000bfa:	ea4f 0b42 	mov.w	fp, r2, lsl #1
10000bfe:	f851 e026 	ldr.w	lr, [r1, r6, lsl #2]
10000c02:	ebae 0100 	sub.w	r1, lr, r0
10000c06:	292f      	cmp	r1, #47	@ 0x2f
10000c08:	d92e      	bls.n	10000c68 <irq_add_shared_handler+0xbc>
10000c0a:	4962      	ldr	r1, [pc, #392]	@ (10000d94 <irq_add_shared_handler+0x1e8>)
10000c0c:	458e      	cmp	lr, r1
10000c0e:	f040 8084 	bne.w	10000d1a <irq_add_shared_handler+0x16e>
10000c12:	f043 0e01 	orr.w	lr, r3, #1
10000c16:	4b60      	ldr	r3, [pc, #384]	@ (10000d98 <irq_add_shared_handler+0x1ec>)
10000c18:	3402      	adds	r4, #2
10000c1a:	4404      	add	r4, r0
10000c1c:	3b04      	subs	r3, #4
10000c1e:	1b1b      	subs	r3, r3, r4
10000c20:	f3c3 034a 	ubfx	r3, r3, #1, #11
10000c24:	ea6f 43c3 	mvn.w	r3, r3, lsl #19
10000c28:	f44f 4121 	mov.w	r1, #41216	@ 0xa100
10000c2c:	ea6f 43d3 	mvn.w	r3, r3, lsr #19
10000c30:	445a      	add	r2, fp
10000c32:	f820 1022 	strh.w	r1, [r0, r2, lsl #2]
10000c36:	eb00 0282 	add.w	r2, r0, r2, lsl #2
10000c3a:	8053      	strh	r3, [r2, #2]
10000c3c:	f64b 5301 	movw	r3, #48385	@ 0xbd01
10000c40:	8093      	strh	r3, [r2, #4]
10000c42:	23ff      	movs	r3, #255	@ 0xff
10000c44:	71d5      	strb	r5, [r2, #7]
10000c46:	f8c2 a008 	str.w	sl, [r2, #8]
10000c4a:	7193      	strb	r3, [r2, #6]
10000c4c:	4b50      	ldr	r3, [pc, #320]	@ (10000d90 <irq_add_shared_handler+0x1e4>)
10000c4e:	689b      	ldr	r3, [r3, #8]
10000c50:	f843 e026 	str.w	lr, [r3, r6, lsl #2]
10000c54:	f3bf 8f5f 	dmb	sy
10000c58:	2300      	movs	r3, #0
10000c5a:	e8c7 3f8f 	stlb	r3, [r7]
10000c5e:	f388 8810 	msr	PRIMASK, r8
10000c62:	b003      	add	sp, #12
10000c64:	e8bd 8ff0 	ldmia.w	sp!, {r4, r5, r6, r7, r8, r9, sl, fp, pc}
10000c68:	f02e 0c01 	bic.w	ip, lr, #1
10000c6c:	f89c 1007 	ldrb.w	r1, [ip, #7]
10000c70:	42a9      	cmp	r1, r5
10000c72:	d95a      	bls.n	10000d2a <irq_add_shared_handler+0x17e>
10000c74:	46b1      	mov	r9, r6
10000c76:	9401      	str	r4, [sp, #4]
10000c78:	461e      	mov	r6, r3
10000c7a:	e003      	b.n	10000c84 <irq_add_shared_handler+0xd8>
10000c7c:	79cb      	ldrb	r3, [r1, #7]
10000c7e:	42ab      	cmp	r3, r5
10000c80:	d930      	bls.n	10000ce4 <irq_add_shared_handler+0x138>
10000c82:	468c      	mov	ip, r1
10000c84:	f99c 4006 	ldrsb.w	r4, [ip, #6]
10000c88:	eb04 0144 	add.w	r1, r4, r4, lsl #1
10000c8c:	2c00      	cmp	r4, #0
10000c8e:	eb00 0181 	add.w	r1, r0, r1, lsl #2
10000c92:	daf3      	bge.n	10000c7c <irq_add_shared_handler+0xd0>
10000c94:	9400      	str	r4, [sp, #0]
10000c96:	f64b 5401 	movw	r4, #48385	@ 0xbd01
10000c9a:	4633      	mov	r3, r6
10000c9c:	464e      	mov	r6, r9
10000c9e:	f10c 0904 	add.w	r9, ip, #4
10000ca2:	3b04      	subs	r3, #4
10000ca4:	eba3 0309 	sub.w	r3, r3, r9
10000ca8:	f3c3 034a 	ubfx	r3, r3, #1, #11
10000cac:	ea6f 43c3 	mvn.w	r3, r3, lsl #19
10000cb0:	ea6f 43d3 	mvn.w	r3, r3, lsr #19
10000cb4:	f8ac 3004 	strh.w	r3, [ip, #4]
10000cb8:	4b38      	ldr	r3, [pc, #224]	@ (10000d9c <irq_add_shared_handler+0x1f0>)
10000cba:	eb0b 0102 	add.w	r1, fp, r2
10000cbe:	f88c 2006 	strb.w	r2, [ip, #6]
10000cc2:	f840 3021 	str.w	r3, [r0, r1, lsl #2]
10000cc6:	9b00      	ldr	r3, [sp, #0]
10000cc8:	eb00 0281 	add.w	r2, r0, r1, lsl #2
10000ccc:	8094      	strh	r4, [r2, #4]
10000cce:	7193      	strb	r3, [r2, #6]
10000cd0:	71d5      	strb	r5, [r2, #7]
10000cd2:	f8c2 a008 	str.w	sl, [r2, #8]
10000cd6:	e7b9      	b.n	10000c4c <irq_add_shared_handler+0xa0>
10000cd8:	f001 f80e 	bl	10001cf8 <hard_assertion_failure>
10000cdc:	492a      	ldr	r1, [pc, #168]	@ (10000d88 <irq_add_shared_handler+0x1dc>)
10000cde:	f991 2000 	ldrsb.w	r2, [r1]
10000ce2:	e77d      	b.n	10000be0 <irq_add_shared_handler+0x34>
10000ce4:	f06f 0107 	mvn.w	r1, #7
10000ce8:	9400      	str	r4, [sp, #0]
10000cea:	9c01      	ldr	r4, [sp, #4]
10000cec:	4633      	mov	r3, r6
10000cee:	1b0c      	subs	r4, r1, r4
10000cf0:	4661      	mov	r1, ip
10000cf2:	1a24      	subs	r4, r4, r0
10000cf4:	9401      	str	r4, [sp, #4]
10000cf6:	f831 4f04 	ldrh.w	r4, [r1, #4]!
10000cfa:	464e      	mov	r6, r9
10000cfc:	f344 040a 	sbfx	r4, r4, #0, #11
10000d00:	3402      	adds	r4, #2
10000d02:	eb01 0444 	add.w	r4, r1, r4, lsl #1
10000d06:	4689      	mov	r9, r1
10000d08:	9901      	ldr	r1, [sp, #4]
10000d0a:	440c      	add	r4, r1
10000d0c:	f3c4 044a 	ubfx	r4, r4, #1, #11
10000d10:	ea6f 44c4 	mvn.w	r4, r4, lsl #19
10000d14:	ea6f 44d4 	mvn.w	r4, r4, lsr #19
10000d18:	e7c3      	b.n	10000ca2 <irq_add_shared_handler+0xf6>
10000d1a:	e9cd 2300 	strd	r2, r3, [sp]
10000d1e:	f000 ffeb 	bl	10001cf8 <hard_assertion_failure>
10000d22:	e9dd 2300 	ldrd	r2, r3, [sp]
10000d26:	4819      	ldr	r0, [pc, #100]	@ (10000d8c <irq_add_shared_handler+0x1e0>)
10000d28:	e773      	b.n	10000c12 <irq_add_shared_handler+0x66>
10000d2a:	4a1b      	ldr	r2, [pc, #108]	@ (10000d98 <irq_add_shared_handler+0x1ec>)
10000d2c:	1ca1      	adds	r1, r4, #2
10000d2e:	71dd      	strb	r5, [r3, #7]
10000d30:	4401      	add	r1, r0
10000d32:	3a04      	subs	r2, #4
10000d34:	1d25      	adds	r5, r4, #4
10000d36:	1a52      	subs	r2, r2, r1
10000d38:	4405      	add	r5, r0
10000d3a:	f1ac 0104 	sub.w	r1, ip, #4
10000d3e:	1b49      	subs	r1, r1, r5
10000d40:	f3c1 014a 	ubfx	r1, r1, #1, #11
10000d44:	ea6f 41c1 	mvn.w	r1, r1, lsl #19
10000d48:	f3c2 024a 	ubfx	r2, r2, #1, #11
10000d4c:	ea6f 42c2 	mvn.w	r2, r2, lsl #19
10000d50:	ea6f 41d1 	mvn.w	r1, r1, lsr #19
10000d54:	f44f 4e21 	mov.w	lr, #41216	@ 0xa100
10000d58:	ea6f 42d2 	mvn.w	r2, r2, lsr #19
10000d5c:	8099      	strh	r1, [r3, #4]
10000d5e:	490f      	ldr	r1, [pc, #60]	@ (10000d9c <irq_add_shared_handler+0x1f0>)
10000d60:	f820 e004 	strh.w	lr, [r0, r4]
10000d64:	805a      	strh	r2, [r3, #2]
10000d66:	f64a 25aa 	movw	r5, #43690	@ 0xaaaa
10000d6a:	4662      	mov	r2, ip
10000d6c:	1a12      	subs	r2, r2, r0
10000d6e:	4152      	adcs	r2, r2
10000d70:	4355      	muls	r5, r2
10000d72:	0d2d      	lsrs	r5, r5, #20
10000d74:	f8c3 a008 	str.w	sl, [r3, #8]
10000d78:	719d      	strb	r5, [r3, #6]
10000d7a:	f043 0e01 	orr.w	lr, r3, #1
10000d7e:	f8cc 1000 	str.w	r1, [ip]
10000d82:	e763      	b.n	10000c4c <irq_add_shared_handler+0xa0>
10000d84:	2000e5dd 	.word	0x2000e5dd
10000d88:	2000eeeb 	.word	0x2000eeeb
10000d8c:	2000e204 	.word	0x2000e204
10000d90:	e000ed00 	.word	0xe000ed00
10000d94:	10000111 	.word	0x10000111
10000d98:	2000e234 	.word	0x2000e234
10000d9c:	47804801 	.word	0x47804801

10000da0 <irq_remove_handler>:
10000da0:	e92d 4ff0 	stmdb	sp!, {r4, r5, r6, r7, r8, r9, sl, fp, lr}
10000da4:	4603      	mov	r3, r0
10000da6:	b085      	sub	sp, #20
10000da8:	f3ef 8710 	mrs	r7, PRIMASK
10000dac:	b672      	cpsid	i
10000dae:	4c76      	ldr	r4, [pc, #472]	@ (10000f88 <irq_remove_handler+0x1e8>)
10000db0:	e8d4 0fcf 	ldaexb	r0, [r4]
10000db4:	2201      	movs	r2, #1
10000db6:	2800      	cmp	r0, #0
10000db8:	d1fa      	bne.n	10000db0 <irq_remove_handler+0x10>
10000dba:	e8c4 2f40 	strexb	r0, r2, [r4]
10000dbe:	2800      	cmp	r0, #0
10000dc0:	d1f6      	bne.n	10000db0 <irq_remove_handler+0x10>
10000dc2:	f3bf 8f5f 	dmb	sy
10000dc6:	4a71      	ldr	r2, [pc, #452]	@ (10000f8c <irq_remove_handler+0x1ec>)
10000dc8:	f103 0610 	add.w	r6, r3, #16
10000dcc:	6892      	ldr	r2, [r2, #8]
10000dce:	f8df 81d4 	ldr.w	r8, [pc, #468]	@ 10000fa4 <irq_remove_handler+0x204>
10000dd2:	f852 0026 	ldr.w	r0, [r2, r6, lsl #2]
10000dd6:	4540      	cmp	r0, r8
10000dd8:	d04b      	beq.n	10000e72 <irq_remove_handler+0xd2>
10000dda:	4288      	cmp	r0, r1
10000ddc:	d057      	beq.n	10000e8e <irq_remove_handler+0xee>
10000dde:	4d6c      	ldr	r5, [pc, #432]	@ (10000f90 <irq_remove_handler+0x1f0>)
10000de0:	eba0 0c05 	sub.w	ip, r0, r5
10000de4:	f1bc 0f2f 	cmp.w	ip, #47	@ 0x2f
10000de8:	d843      	bhi.n	10000e72 <irq_remove_handler+0xd2>
10000dea:	f04f 0e01 	mov.w	lr, #1
10000dee:	ea4f 1c53 	mov.w	ip, r3, lsr #5
10000df2:	ea4f 0c8c 	mov.w	ip, ip, lsl #2
10000df6:	f10c 4260 	add.w	r2, ip, #3758096384	@ 0xe0000000
10000dfa:	f502 4261 	add.w	r2, r2, #57600	@ 0xe100
10000dfe:	f8d2 c000 	ldr.w	ip, [r2]
10000e02:	f003 031f 	and.w	r3, r3, #31
10000e06:	fa0e f303 	lsl.w	r3, lr, r3
10000e0a:	9200      	str	r2, [sp, #0]
10000e0c:	9301      	str	r3, [sp, #4]
10000e0e:	f8c2 3080 	str.w	r3, [r2, #128]	@ 0x80
10000e12:	ea03 090c 	and.w	r9, r3, ip
10000e16:	f3bf 8f5f 	dmb	sy
10000e1a:	f3ef 8305 	mrs	r3, IPSR
10000e1e:	b2db      	uxtb	r3, r3
10000e20:	469a      	mov	sl, r3
10000e22:	2b00      	cmp	r3, #0
10000e24:	d035      	beq.n	10000e92 <irq_remove_handler+0xf2>
10000e26:	429e      	cmp	r6, r3
10000e28:	d005      	beq.n	10000e36 <irq_remove_handler+0x96>
10000e2a:	e9cd 0102 	strd	r0, r1, [sp, #8]
10000e2e:	f000 ff63 	bl	10001cf8 <hard_assertion_failure>
10000e32:	e9dd 0102 	ldrd	r0, r1, [sp, #8]
10000e36:	f020 0e01 	bic.w	lr, r0, #1
10000e3a:	f8de c008 	ldr.w	ip, [lr, #8]
10000e3e:	4561      	cmp	r1, ip
10000e40:	d105      	bne.n	10000e4e <irq_remove_handler+0xae>
10000e42:	e08c      	b.n	10000f5e <irq_remove_handler+0x1be>
10000e44:	f8d3 c008 	ldr.w	ip, [r3, #8]
10000e48:	4561      	cmp	r1, ip
10000e4a:	d032      	beq.n	10000eb2 <irq_remove_handler+0x112>
10000e4c:	469e      	mov	lr, r3
10000e4e:	f99e 2006 	ldrsb.w	r2, [lr, #6]
10000e52:	eb02 0342 	add.w	r3, r2, r2, lsl #1
10000e56:	2a00      	cmp	r2, #0
10000e58:	eb05 0383 	add.w	r3, r5, r3, lsl #2
10000e5c:	daf2      	bge.n	10000e44 <irq_remove_handler+0xa4>
10000e5e:	4561      	cmp	r1, ip
10000e60:	d060      	beq.n	10000f24 <irq_remove_handler+0x184>
10000e62:	e9dd 3200 	ldrd	r3, r2, [sp]
10000e66:	f1b9 0f00 	cmp.w	r9, #0
10000e6a:	d01f      	beq.n	10000eac <irq_remove_handler+0x10c>
10000e6c:	f8c3 2180 	str.w	r2, [r3, #384]	@ 0x180
10000e70:	601a      	str	r2, [r3, #0]
10000e72:	4b46      	ldr	r3, [pc, #280]	@ (10000f8c <irq_remove_handler+0x1ec>)
10000e74:	689b      	ldr	r3, [r3, #8]
10000e76:	f843 0026 	str.w	r0, [r3, r6, lsl #2]
10000e7a:	f3bf 8f5f 	dmb	sy
10000e7e:	2300      	movs	r3, #0
10000e80:	e8c4 3f8f 	stlb	r3, [r4]
10000e84:	f387 8810 	msr	PRIMASK, r7
10000e88:	b005      	add	sp, #20
10000e8a:	e8bd 8ff0 	ldmia.w	sp!, {r4, r5, r6, r7, r8, r9, sl, fp, pc}
10000e8e:	4640      	mov	r0, r8
10000e90:	e7ef      	b.n	10000e72 <irq_remove_handler+0xd2>
10000e92:	f020 0e01 	bic.w	lr, r0, #1
10000e96:	f8de c008 	ldr.w	ip, [lr, #8]
10000e9a:	4561      	cmp	r1, ip
10000e9c:	d1d7      	bne.n	10000e4e <irq_remove_handler+0xae>
10000e9e:	f99e b006 	ldrsb.w	fp, [lr, #6]
10000ea2:	459b      	cmp	fp, r3
10000ea4:	4673      	mov	r3, lr
10000ea6:	da09      	bge.n	10000ebc <irq_remove_handler+0x11c>
10000ea8:	4640      	mov	r0, r8
10000eaa:	e046      	b.n	10000f3a <irq_remove_handler+0x19a>
10000eac:	f8c3 2080 	str.w	r2, [r3, #128]	@ 0x80
10000eb0:	e7df      	b.n	10000e72 <irq_remove_handler+0xd2>
10000eb2:	f993 b006 	ldrsb.w	fp, [r3, #6]
10000eb6:	f1bb 0f00 	cmp.w	fp, #0
10000eba:	db34      	blt.n	10000f26 <irq_remove_handler+0x186>
10000ebc:	eb0b 0c4b 	add.w	ip, fp, fp, lsl #1
10000ec0:	eb05 028c 	add.w	r2, r5, ip, lsl #2
10000ec4:	f892 e007 	ldrb.w	lr, [r2, #7]
10000ec8:	ea4f 018c 	mov.w	r1, ip, lsl #2
10000ecc:	9102      	str	r1, [sp, #8]
10000ece:	6891      	ldr	r1, [r2, #8]
10000ed0:	f883 e007 	strb.w	lr, [r3, #7]
10000ed4:	f992 c006 	ldrsb.w	ip, [r2, #6]
10000ed8:	6099      	str	r1, [r3, #8]
10000eda:	f1bc 0f00 	cmp.w	ip, #0
10000ede:	f883 c006 	strb.w	ip, [r3, #6]
10000ee2:	ea4f 0e4b 	mov.w	lr, fp, lsl #1
10000ee6:	db38      	blt.n	10000f5a <irq_remove_handler+0x1ba>
10000ee8:	f06f 0c07 	mvn.w	ip, #7
10000eec:	8892      	ldrh	r2, [r2, #4]
10000eee:	9902      	ldr	r1, [sp, #8]
10000ef0:	f342 020a 	sbfx	r2, r2, #0, #11
10000ef4:	eb01 0242 	add.w	r2, r1, r2, lsl #1
10000ef8:	3208      	adds	r2, #8
10000efa:	442a      	add	r2, r5
10000efc:	ebac 0c03 	sub.w	ip, ip, r3
10000f00:	4462      	add	r2, ip
10000f02:	f3c2 024a 	ubfx	r2, r2, #1, #11
10000f06:	ea6f 42c2 	mvn.w	r2, r2, lsl #19
10000f0a:	ea6f 42d2 	mvn.w	r2, r2, lsr #19
10000f0e:	809a      	strh	r2, [r3, #4]
10000f10:	4b20      	ldr	r3, [pc, #128]	@ (10000f94 <irq_remove_handler+0x1f4>)
10000f12:	44de      	add	lr, fp
10000f14:	781a      	ldrb	r2, [r3, #0]
10000f16:	eb05 0e8e 	add.w	lr, r5, lr, lsl #2
10000f1a:	f883 b000 	strb.w	fp, [r3]
10000f1e:	f88e 2006 	strb.w	r2, [lr, #6]
10000f22:	e79e      	b.n	10000e62 <irq_remove_handler+0xc2>
10000f24:	4673      	mov	r3, lr
10000f26:	f1ba 0f00 	cmp.w	sl, #0
10000f2a:	d11e      	bne.n	10000f6a <irq_remove_handler+0x1ca>
10000f2c:	22ff      	movs	r2, #255	@ 0xff
10000f2e:	f88e 2006 	strb.w	r2, [lr, #6]
10000f32:	f64b 5201 	movw	r2, #48385	@ 0xbd01
10000f36:	f8ae 2004 	strh.w	r2, [lr, #4]
10000f3a:	f8df c058 	ldr.w	ip, [pc, #88]	@ 10000f94 <irq_remove_handler+0x1f4>
10000f3e:	f64a 22aa 	movw	r2, #43690	@ 0xaaaa
10000f42:	f89c e000 	ldrb.w	lr, [ip]
10000f46:	4619      	mov	r1, r3
10000f48:	1b49      	subs	r1, r1, r5
10000f4a:	4149      	adcs	r1, r1
10000f4c:	434a      	muls	r2, r1
10000f4e:	0d12      	lsrs	r2, r2, #20
10000f50:	f883 e006 	strb.w	lr, [r3, #6]
10000f54:	f88c 2000 	strb.w	r2, [ip]
10000f58:	e783      	b.n	10000e62 <irq_remove_handler+0xc2>
10000f5a:	4a0f      	ldr	r2, [pc, #60]	@ (10000f98 <irq_remove_handler+0x1f8>)
10000f5c:	e7d7      	b.n	10000f0e <irq_remove_handler+0x16e>
10000f5e:	f99e b006 	ldrsb.w	fp, [lr, #6]
10000f62:	4673      	mov	r3, lr
10000f64:	f1bb 0f00 	cmp.w	fp, #0
10000f68:	daa8      	bge.n	10000ebc <irq_remove_handler+0x11c>
10000f6a:	4a0c      	ldr	r2, [pc, #48]	@ (10000f9c <irq_remove_handler+0x1fc>)
10000f6c:	4d0c      	ldr	r5, [pc, #48]	@ (10000fa0 <irq_remove_handler+0x200>)
10000f6e:	1ad2      	subs	r2, r2, r3
10000f70:	3a08      	subs	r2, #8
10000f72:	f3c2 310a 	ubfx	r1, r2, #12, #11
10000f76:	ea6f 5101 	mvn.w	r1, r1, lsl #20
10000f7a:	ea6f 5111 	mvn.w	r1, r1, lsr #20
10000f7e:	ea45 0252 	orr.w	r2, r5, r2, lsr #1
10000f82:	80da      	strh	r2, [r3, #6]
10000f84:	8099      	strh	r1, [r3, #4]
10000f86:	e76c      	b.n	10000e62 <irq_remove_handler+0xc2>
10000f88:	2000e5dd 	.word	0x2000e5dd
10000f8c:	e000ed00 	.word	0xe000ed00
10000f90:	2000e204 	.word	0x2000e204
10000f94:	2000eeeb 	.word	0x2000eeeb
10000f98:	ffffbd01 	.word	0xffffbd01
10000f9c:	2000e23e 	.word	0x2000e23e
10000fa0:	fffff800 	.word	0xfffff800
10000fa4:	10000111 	.word	0x10000111

10000fa8 <irq_add_tail_to_free_list>:
10000fa8:	e92d 41f0 	stmdb	sp!, {r4, r5, r6, r7, r8, lr}
10000fac:	f3ef 8305 	mrs	r3, IPSR
10000fb0:	b2db      	uxtb	r3, r3
10000fb2:	469e      	mov	lr, r3
10000fb4:	f3ef 8510 	mrs	r5, PRIMASK
10000fb8:	b672      	cpsid	i
10000fba:	4929      	ldr	r1, [pc, #164]	@ (10001060 <irq_add_tail_to_free_list+0xb8>)
10000fbc:	e8d1 2fcf 	ldaexb	r2, [r1]
10000fc0:	2301      	movs	r3, #1
10000fc2:	2a00      	cmp	r2, #0
10000fc4:	d1fa      	bne.n	10000fbc <irq_add_tail_to_free_list+0x14>
10000fc6:	e8c1 3f42 	strexb	r2, r3, [r1]
10000fca:	2a00      	cmp	r2, #0
10000fcc:	d1f6      	bne.n	10000fbc <irq_add_tail_to_free_list+0x14>
10000fce:	f3bf 8f5f 	dmb	sy
10000fd2:	f8df 809c 	ldr.w	r8, [pc, #156]	@ 10001070 <irq_add_tail_to_free_list+0xc8>
10000fd6:	f040 0601 	orr.w	r6, r0, #1
10000fda:	f8d8 7008 	ldr.w	r7, [r8, #8]
10000fde:	f64a 23aa 	movw	r3, #43690	@ 0xaaaa
10000fe2:	f857 702e 	ldr.w	r7, [r7, lr, lsl #2]
10000fe6:	4604      	mov	r4, r0
10000fe8:	4a1e      	ldr	r2, [pc, #120]	@ (10001064 <irq_add_tail_to_free_list+0xbc>)
10000fea:	1aa4      	subs	r4, r4, r2
10000fec:	4164      	adcs	r4, r4
10000fee:	4363      	muls	r3, r4
10000ff0:	0d1b      	lsrs	r3, r3, #20
10000ff2:	42b7      	cmp	r7, r6
10000ff4:	b25b      	sxtb	r3, r3
10000ff6:	d01e      	beq.n	10001036 <irq_add_tail_to_free_list+0x8e>
10000ff8:	f992 4006 	ldrsb.w	r4, [r2, #6]
10000ffc:	429c      	cmp	r4, r3
10000ffe:	d020      	beq.n	10001042 <irq_add_tail_to_free_list+0x9a>
10001000:	f992 4012 	ldrsb.w	r4, [r2, #18]
10001004:	429c      	cmp	r4, r3
10001006:	d027      	beq.n	10001058 <irq_add_tail_to_free_list+0xb0>
10001008:	f992 401e 	ldrsb.w	r4, [r2, #30]
1000100c:	429c      	cmp	r4, r3
1000100e:	d025      	beq.n	1000105c <irq_add_tail_to_free_list+0xb4>
10001010:	f992 402a 	ldrsb.w	r4, [r2, #42]	@ 0x2a
10001014:	429c      	cmp	r4, r3
10001016:	bf08      	it	eq
10001018:	2403      	moveq	r4, #3
1000101a:	d013      	beq.n	10001044 <irq_add_tail_to_free_list+0x9c>
1000101c:	4a12      	ldr	r2, [pc, #72]	@ (10001068 <irq_add_tail_to_free_list+0xc0>)
1000101e:	2400      	movs	r4, #0
10001020:	f892 c000 	ldrb.w	ip, [r2]
10001024:	7013      	strb	r3, [r2, #0]
10001026:	f880 c006 	strb.w	ip, [r0, #6]
1000102a:	e8c1 4f8f 	stlb	r4, [r1]
1000102e:	f385 8810 	msr	PRIMASK, r5
10001032:	e8bd 81f0 	ldmia.w	sp!, {r4, r5, r6, r7, r8, pc}
10001036:	f8d8 2008 	ldr.w	r2, [r8, #8]
1000103a:	4c0c      	ldr	r4, [pc, #48]	@ (1000106c <irq_add_tail_to_free_list+0xc4>)
1000103c:	f842 402e 	str.w	r4, [r2, lr, lsl #2]
10001040:	e7ec      	b.n	1000101c <irq_add_tail_to_free_list+0x74>
10001042:	2400      	movs	r4, #0
10001044:	eb04 0444 	add.w	r4, r4, r4, lsl #1
10001048:	eb02 0284 	add.w	r2, r2, r4, lsl #2
1000104c:	24ff      	movs	r4, #255	@ 0xff
1000104e:	7194      	strb	r4, [r2, #6]
10001050:	f64b 5401 	movw	r4, #48385	@ 0xbd01
10001054:	8094      	strh	r4, [r2, #4]
10001056:	e7e1      	b.n	1000101c <irq_add_tail_to_free_list+0x74>
10001058:	2401      	movs	r4, #1
1000105a:	e7f3      	b.n	10001044 <irq_add_tail_to_free_list+0x9c>
1000105c:	2402      	movs	r4, #2
1000105e:	e7f1      	b.n	10001044 <irq_add_tail_to_free_list+0x9c>
10001060:	2000e5dd 	.word	0x2000e5dd
10001064:	2000e204 	.word	0x2000e204
10001068:	2000eeeb 	.word	0x2000eeeb
1000106c:	10000111 	.word	0x10000111
10001070:	e000ed00 	.word	0xe000ed00

10001074 <user_irq_claim_unused>:
10001074:	b500      	push	{lr}
10001076:	f8df c024 	ldr.w	ip, [pc, #36]	@ 1000109c <user_irq_claim_unused+0x28>
1000107a:	b083      	sub	sp, #12
1000107c:	4601      	mov	r1, r0
1000107e:	2305      	movs	r3, #5
10001080:	2200      	movs	r2, #0
10001082:	f8cd c000 	str.w	ip, [sp]
10001086:	4804      	ldr	r0, [pc, #16]	@ (10001098 <user_irq_claim_unused+0x24>)
10001088:	f7ff fc5a 	bl	10000940 <hw_claim_unused_from_range>
1000108c:	2800      	cmp	r0, #0
1000108e:	bfa8      	it	ge
10001090:	f1c0 0033 	rsbge	r0, r0, #51	@ 0x33
10001094:	b003      	add	sp, #12
10001096:	bd00      	pop	{pc}
10001098:	2000eef0 	.word	0x2000eef0
1000109c:	10004f5c 	.word	0x10004f5c

100010a0 <lock_init>:
100010a0:	4b01      	ldr	r3, [pc, #4]	@ (100010a8 <lock_init+0x8>)
100010a2:	440b      	add	r3, r1
100010a4:	6003      	str	r3, [r0, #0]
100010a6:	4770      	bx	lr
100010a8:	2000e5d4 	.word	0x2000e5d4

100010ac <runtime_init_mutex>:
100010ac:	b570      	push	{r4, r5, r6, lr}
100010ae:	4c10      	ldr	r4, [pc, #64]	@ (100010f0 <runtime_init_mutex+0x44>)
100010b0:	4d10      	ldr	r5, [pc, #64]	@ (100010f4 <runtime_init_mutex+0x48>)
100010b2:	42ac      	cmp	r4, r5
100010b4:	d20e      	bcs.n	100010d4 <runtime_init_mutex+0x28>
100010b6:	26ff      	movs	r6, #255	@ 0xff
100010b8:	6823      	ldr	r3, [r4, #0]
100010ba:	b163      	cbz	r3, 100010d6 <runtime_init_mutex+0x2a>
100010bc:	f7ff fcaa 	bl	10000a14 <next_striped_spin_lock_num>
100010c0:	4601      	mov	r1, r0
100010c2:	4620      	mov	r0, r4
100010c4:	f7ff ffec 	bl	100010a0 <lock_init>
100010c8:	80a6      	strh	r6, [r4, #4]
100010ca:	f3bf 8f5f 	dmb	sy
100010ce:	3408      	adds	r4, #8
100010d0:	42ac      	cmp	r4, r5
100010d2:	d3f1      	bcc.n	100010b8 <runtime_init_mutex+0xc>
100010d4:	bd70      	pop	{r4, r5, r6, pc}
100010d6:	f7ff fc9d 	bl	10000a14 <next_striped_spin_lock_num>
100010da:	4601      	mov	r1, r0
100010dc:	4620      	mov	r0, r4
100010de:	f7ff ffdf 	bl	100010a0 <lock_init>
100010e2:	7126      	strb	r6, [r4, #4]
100010e4:	f3bf 8f5f 	dmb	sy
100010e8:	3408      	adds	r4, #8
100010ea:	42ac      	cmp	r4, r5
100010ec:	d3e4      	bcc.n	100010b8 <runtime_init_mutex+0xc>
100010ee:	bd70      	pop	{r4, r5, r6, pc}
100010f0:	2000e29c 	.word	0x2000e29c
100010f4:	2000e2a4 	.word	0x2000e2a4

100010f8 <mutex_init>:
100010f8:	b510      	push	{r4, lr}
100010fa:	4604      	mov	r4, r0
100010fc:	f7ff fc8a 	bl	10000a14 <next_striped_spin_lock_num>
10001100:	4601      	mov	r1, r0
10001102:	4620      	mov	r0, r4
10001104:	f7ff ffcc 	bl	100010a0 <lock_init>
10001108:	23ff      	movs	r3, #255	@ 0xff
1000110a:	7123      	strb	r3, [r4, #4]
1000110c:	f3bf 8f5f 	dmb	sy
10001110:	bd10      	pop	{r4, pc}
10001112:	bf00      	nop

10001114 <critical_section_init>:
10001114:	b510      	push	{r4, lr}
10001116:	4604      	mov	r4, r0
10001118:	2001      	movs	r0, #1
1000111a:	f7ff fc87 	bl	10000a2c <spin_lock_claim_unused>
1000111e:	4b03      	ldr	r3, [pc, #12]	@ (1000112c <critical_section_init+0x18>)
10001120:	4403      	add	r3, r0
10001122:	6023      	str	r3, [r4, #0]
10001124:	f3bf 8f5f 	dmb	sy
10001128:	bd10      	pop	{r4, pc}
1000112a:	bf00      	nop
1000112c:	2000e5d4 	.word	0x2000e5d4

10001130 <critical_section_init_with_lock_num>:
10001130:	4b02      	ldr	r3, [pc, #8]	@ (1000113c <critical_section_init_with_lock_num+0xc>)
10001132:	440b      	add	r3, r1
10001134:	6003      	str	r3, [r0, #0]
10001136:	f3bf 8f5f 	dmb	sy
1000113a:	4770      	bx	lr
1000113c:	2000e5d4 	.word	0x2000e5d4

10001140 <sleep_until_callback>:
10001140:	4b0d      	ldr	r3, [pc, #52]	@ (10001178 <sleep_until_callback+0x38>)
10001142:	681a      	ldr	r2, [r3, #0]
10001144:	f3ef 8110 	mrs	r1, PRIMASK
10001148:	b672      	cpsid	i
1000114a:	e8d2 cfcf 	ldaexb	ip, [r2]
1000114e:	2001      	movs	r0, #1
10001150:	f1bc 0f00 	cmp.w	ip, #0
10001154:	d1f9      	bne.n	1000114a <sleep_until_callback+0xa>
10001156:	e8c2 0f4c 	strexb	ip, r0, [r2]
1000115a:	f1bc 0f00 	cmp.w	ip, #0
1000115e:	d1f4      	bne.n	1000114a <sleep_until_callback+0xa>
10001160:	f3bf 8f5f 	dmb	sy
10001164:	2200      	movs	r2, #0
10001166:	681b      	ldr	r3, [r3, #0]
10001168:	e8c3 2f8f 	stlb	r2, [r3]
1000116c:	f381 8810 	msr	PRIMASK, r1
10001170:	bf40      	sev
10001172:	2000      	movs	r0, #0
10001174:	2100      	movs	r1, #0
10001176:	4770      	bx	lr
10001178:	2000eec8 	.word	0x2000eec8
1000117c:	00000000 	.word	0x00000000

10001180 <alarm_pool_irq_handler>:
10001180:	e92d 4ff0 	stmdb	sp!, {r4, r5, r6, r7, r8, r9, sl, fp, lr}
10001184:	ed2d 8b02 	vpush	{d8}
10001188:	b085      	sub	sp, #20
1000118a:	f3ef 8305 	mrs	r3, IPSR
1000118e:	b2db      	uxtb	r3, r3
10001190:	3b10      	subs	r3, #16
10001192:	089a      	lsrs	r2, r3, #2
10001194:	bf18      	it	ne
10001196:	2201      	movne	r2, #1
10001198:	f04f 0101 	mov.w	r1, #1
1000119c:	f003 0b03 	and.w	fp, r3, #3
100011a0:	bf18      	it	ne
100011a2:	4ca9      	ldrne	r4, [pc, #676]	@ (10001448 <alarm_pool_irq_handler+0x2c8>)
100011a4:	4ba9      	ldr	r3, [pc, #676]	@ (1000144c <alarm_pool_irq_handler+0x2cc>)
100011a6:	bf08      	it	eq
100011a8:	4ca9      	ldreq	r4, [pc, #676]	@ (10001450 <alarm_pool_irq_handler+0x2d0>)
100011aa:	eb0b 0282 	add.w	r2, fp, r2, lsl #2
100011ae:	f853 5022 	ldr.w	r5, [r3, r2, lsl #2]
100011b2:	fa01 f20b 	lsl.w	r2, r1, fp
100011b6:	f504 5341 	add.w	r3, r4, #12352	@ 0x3040
100011ba:	ed9f 8ba1 	vldr	d8, [pc, #644]	@ 10001440 <alarm_pool_irq_handler+0x2c0>
100011be:	9202      	str	r2, [sp, #8]
100011c0:	605a      	str	r2, [r3, #4]
100011c2:	e02f      	b.n	10001224 <alarm_pool_irq_handler+0xa4>
100011c4:	88ab      	ldrh	r3, [r5, #4]
100011c6:	0419      	lsls	r1, r3, #16
100011c8:	f140 8094 	bpl.w	100012f4 <alarm_pool_irq_handler+0x174>
100011cc:	79ab      	ldrb	r3, [r5, #6]
100011ce:	2b00      	cmp	r3, #0
100011d0:	f040 80de 	bne.w	10001390 <alarm_pool_irq_handler+0x210>
100011d4:	f9b5 6008 	ldrsh.w	r6, [r5, #8]
100011d8:	2e00      	cmp	r6, #0
100011da:	f2c0 811c 	blt.w	10001416 <alarm_pool_irq_handler+0x296>
100011de:	696b      	ldr	r3, [r5, #20]
100011e0:	eb06 0646 	add.w	r6, r6, r6, lsl #1
100011e4:	eb03 03c6 	add.w	r3, r3, r6, lsl #3
100011e8:	e9d3 6702 	ldrd	r6, r7, [r3, #8]
100011ec:	f1b7 3fff 	cmp.w	r7, #4294967295	@ 0xffffffff
100011f0:	bf08      	it	eq
100011f2:	f1b6 3fff 	cmpeq.w	r6, #4294967295	@ 0xffffffff
100011f6:	d00e      	beq.n	10001216 <alarm_pool_irq_handler+0x96>
100011f8:	eb04 018b 	add.w	r1, r4, fp, lsl #2
100011fc:	6aa3      	ldr	r3, [r4, #40]	@ 0x28
100011fe:	690a      	ldr	r2, [r1, #16]
10001200:	1ad2      	subs	r2, r2, r3
10001202:	1af3      	subs	r3, r6, r3
10001204:	4293      	cmp	r3, r2
10001206:	d305      	bcc.n	10001214 <alarm_pool_irq_handler+0x94>
10001208:	2301      	movs	r3, #1
1000120a:	6a22      	ldr	r2, [r4, #32]
1000120c:	fa03 f30b 	lsl.w	r3, r3, fp
10001210:	4213      	tst	r3, r2
10001212:	d100      	bne.n	10001216 <alarm_pool_irq_handler+0x96>
10001214:	610e      	str	r6, [r1, #16]
10001216:	4620      	mov	r0, r4
10001218:	f000 fbc6 	bl	100019a8 <timer_time_us_64>
1000121c:	42b0      	cmp	r0, r6
1000121e:	41b9      	sbcs	r1, r7
10001220:	f2c0 80f9 	blt.w	10001416 <alarm_pool_irq_handler+0x296>
10001224:	f9b5 6008 	ldrsh.w	r6, [r5, #8]
10001228:	9b02      	ldr	r3, [sp, #8]
1000122a:	2e00      	cmp	r6, #0
1000122c:	63e3      	str	r3, [r4, #60]	@ 0x3c
1000122e:	dbc9      	blt.n	100011c4 <alarm_pool_irq_handler+0x44>
10001230:	f8d5 9014 	ldr.w	r9, [r5, #20]
10001234:	eb06 0a46 	add.w	sl, r6, r6, lsl #1
10001238:	eb09 07ca 	add.w	r7, r9, sl, lsl #3
1000123c:	68bb      	ldr	r3, [r7, #8]
1000123e:	4620      	mov	r0, r4
10001240:	f8d7 800c 	ldr.w	r8, [r7, #12]
10001244:	9301      	str	r3, [sp, #4]
10001246:	f000 fbaf 	bl	100019a8 <timer_time_us_64>
1000124a:	9b01      	ldr	r3, [sp, #4]
1000124c:	4298      	cmp	r0, r3
1000124e:	eb71 0108 	sbcs.w	r1, r1, r8
10001252:	dbb7      	blt.n	100011c4 <alarm_pool_irq_handler+0x44>
10001254:	f1b8 0f00 	cmp.w	r8, #0
10001258:	f2c0 80c0 	blt.w	100013dc <alarm_pool_irq_handler+0x25c>
1000125c:	e9d7 3104 	ldrd	r3, r1, [r7, #16]
10001260:	4a7c      	ldr	r2, [pc, #496]	@ (10001454 <alarm_pool_irq_handler+0x2d4>)
10001262:	4293      	cmp	r3, r2
10001264:	f000 80f8 	beq.w	10001458 <alarm_pool_irq_handler+0x2d8>
10001268:	887a      	ldrh	r2, [r7, #2]
1000126a:	f9b5 0008 	ldrsh.w	r0, [r5, #8]
1000126e:	b292      	uxth	r2, r2
10001270:	ea42 4000 	orr.w	r0, r2, r0, lsl #16
10001274:	4798      	blx	r3
10001276:	4602      	mov	r2, r0
10001278:	460b      	mov	r3, r1
1000127a:	ea52 0103 	orrs.w	r1, r2, r3
1000127e:	f000 80ad 	beq.w	100013dc <alarm_pool_irq_handler+0x25c>
10001282:	2b00      	cmp	r3, #0
10001284:	f280 80cd 	bge.w	10001422 <alarm_pool_irq_handler+0x2a2>
10001288:	9901      	ldr	r1, [sp, #4]
1000128a:	ebb1 0e02 	subs.w	lr, r1, r2
1000128e:	eb68 0803 	sbc.w	r8, r8, r3
10001292:	f939 303a 	ldrsh.w	r3, [r9, sl, lsl #3]
10001296:	e9c7 e802 	strd	lr, r8, [r7, #8]
1000129a:	2b00      	cmp	r3, #0
1000129c:	db92      	blt.n	100011c4 <alarm_pool_irq_handler+0x44>
1000129e:	6968      	ldr	r0, [r5, #20]
100012a0:	eb03 0243 	add.w	r2, r3, r3, lsl #1
100012a4:	eb00 02c2 	add.w	r2, r0, r2, lsl #3
100012a8:	e9d2 7102 	ldrd	r7, r1, [r2, #8]
100012ac:	45be      	cmp	lr, r7
100012ae:	eb78 0c01 	sbcs.w	ip, r8, r1
100012b2:	ea4f 0243 	mov.w	r2, r3, lsl #1
100012b6:	db85      	blt.n	100011c4 <alarm_pool_irq_handler+0x44>
100012b8:	46ac      	mov	ip, r5
100012ba:	f82c 3f08 	strh.w	r3, [ip, #8]!
100012be:	e006      	b.n	100012ce <alarm_pool_irq_handler+0x14e>
100012c0:	eb03 0143 	add.w	r1, r3, r3, lsl #1
100012c4:	eb00 01c1 	add.w	r1, r0, r1, lsl #3
100012c8:	005a      	lsls	r2, r3, #1
100012ca:	e9d1 7102 	ldrd	r7, r1, [r1, #8]
100012ce:	45be      	cmp	lr, r7
100012d0:	eb78 0101 	sbcs.w	r1, r8, r1
100012d4:	441a      	add	r2, r3
100012d6:	db05      	blt.n	100012e4 <alarm_pool_irq_handler+0x164>
100012d8:	f930 3032 	ldrsh.w	r3, [r0, r2, lsl #3]
100012dc:	eb00 0cc2 	add.w	ip, r0, r2, lsl #3
100012e0:	2b00      	cmp	r3, #0
100012e2:	daed      	bge.n	100012c0 <alarm_pool_irq_handler+0x140>
100012e4:	f829 303a 	strh.w	r3, [r9, sl, lsl #3]
100012e8:	f8ac 6000 	strh.w	r6, [ip]
100012ec:	88ab      	ldrh	r3, [r5, #4]
100012ee:	0419      	lsls	r1, r3, #16
100012f0:	f53f af6c 	bmi.w	100011cc <alarm_pool_irq_handler+0x4c>
100012f4:	692b      	ldr	r3, [r5, #16]
100012f6:	f3ef 8210 	mrs	r2, PRIMASK
100012fa:	b672      	cpsid	i
100012fc:	e8d3 0fcf 	ldaexb	r0, [r3]
10001300:	2101      	movs	r1, #1
10001302:	2800      	cmp	r0, #0
10001304:	d1fa      	bne.n	100012fc <alarm_pool_irq_handler+0x17c>
10001306:	e8c3 1f40 	strexb	r0, r1, [r3]
1000130a:	2800      	cmp	r0, #0
1000130c:	d1f6      	bne.n	100012fc <alarm_pool_irq_handler+0x17c>
1000130e:	f3bf 8f5f 	dmb	sy
10001312:	f64f 76ff 	movw	r6, #65535	@ 0xffff
10001316:	88a8      	ldrh	r0, [r5, #4]
10001318:	2300      	movs	r3, #0
1000131a:	6929      	ldr	r1, [r5, #16]
1000131c:	b200      	sxth	r0, r0
1000131e:	80ae      	strh	r6, [r5, #4]
10001320:	e8c1 3f8f 	stlb	r3, [r1]
10001324:	f382 8810 	msr	PRIMASK, r2
10001328:	4298      	cmp	r0, r3
1000132a:	f6ff af4f 	blt.w	100011cc <alarm_pool_irq_handler+0x4c>
1000132e:	4607      	mov	r7, r0
10001330:	46a1      	mov	r9, r4
10001332:	696e      	ldr	r6, [r5, #20]
10001334:	f105 0808 	add.w	r8, r5, #8
10001338:	f9b5 3008 	ldrsh.w	r3, [r5, #8]
1000133c:	eb07 0e47 	add.w	lr, r7, r7, lsl #1
10001340:	2b00      	cmp	r3, #0
10001342:	46c4      	mov	ip, r8
10001344:	eb06 02ce 	add.w	r2, r6, lr, lsl #3
10001348:	db15      	blt.n	10001376 <alarm_pool_irq_handler+0x1f6>
1000134a:	e9d2 4002 	ldrd	r4, r0, [r2, #8]
1000134e:	46aa      	mov	sl, r5
10001350:	9701      	str	r7, [sp, #4]
10001352:	e004      	b.n	1000135e <alarm_pool_irq_handler+0x1de>
10001354:	f936 3035 	ldrsh.w	r3, [r6, r5, lsl #3]
10001358:	4694      	mov	ip, r2
1000135a:	2b00      	cmp	r3, #0
1000135c:	db09      	blt.n	10001372 <alarm_pool_irq_handler+0x1f2>
1000135e:	eb03 0543 	add.w	r5, r3, r3, lsl #1
10001362:	eb06 02c5 	add.w	r2, r6, r5, lsl #3
10001366:	e9d2 7102 	ldrd	r7, r1, [r2, #8]
1000136a:	42bc      	cmp	r4, r7
1000136c:	eb70 0101 	sbcs.w	r1, r0, r1
10001370:	daf0      	bge.n	10001354 <alarm_pool_irq_handler+0x1d4>
10001372:	4655      	mov	r5, sl
10001374:	9f01      	ldr	r7, [sp, #4]
10001376:	f8ac 7000 	strh.w	r7, [ip]
1000137a:	f936 703e 	ldrsh.w	r7, [r6, lr, lsl #3]
1000137e:	f826 303e 	strh.w	r3, [r6, lr, lsl #3]
10001382:	2f00      	cmp	r7, #0
10001384:	dad8      	bge.n	10001338 <alarm_pool_irq_handler+0x1b8>
10001386:	79ab      	ldrb	r3, [r5, #6]
10001388:	464c      	mov	r4, r9
1000138a:	2b00      	cmp	r3, #0
1000138c:	f43f af22 	beq.w	100011d4 <alarm_pool_irq_handler+0x54>
10001390:	2300      	movs	r3, #0
10001392:	71ab      	strb	r3, [r5, #6]
10001394:	f9b5 6008 	ldrsh.w	r6, [r5, #8]
10001398:	1c72      	adds	r2, r6, #1
1000139a:	4633      	mov	r3, r6
1000139c:	d03b      	beq.n	10001416 <alarm_pool_irq_handler+0x296>
1000139e:	6968      	ldr	r0, [r5, #20]
100013a0:	f105 0e08 	add.w	lr, r5, #8
100013a4:	e003      	b.n	100013ae <alarm_pool_irq_handler+0x22e>
100013a6:	468e      	mov	lr, r1
100013a8:	1c5a      	adds	r2, r3, #1
100013aa:	f43f af15 	beq.w	100011d8 <alarm_pool_irq_handler+0x58>
100013ae:	eb03 0243 	add.w	r2, r3, r3, lsl #1
100013b2:	eb00 01c2 	add.w	r1, r0, r2, lsl #3
100013b6:	884f      	ldrh	r7, [r1, #2]
100013b8:	469c      	mov	ip, r3
100013ba:	043f      	lsls	r7, r7, #16
100013bc:	f930 3032 	ldrsh.w	r3, [r0, r2, lsl #3]
100013c0:	d5f1      	bpl.n	100013a6 <alarm_pool_irq_handler+0x226>
100013c2:	4566      	cmp	r6, ip
100013c4:	ed81 8b02 	vstr	d8, [r1, #8]
100013c8:	d0ee      	beq.n	100013a8 <alarm_pool_irq_handler+0x228>
100013ca:	f8ae 3000 	strh.w	r3, [lr]
100013ce:	8929      	ldrh	r1, [r5, #8]
100013d0:	4666      	mov	r6, ip
100013d2:	f820 1032 	strh.w	r1, [r0, r2, lsl #3]
100013d6:	f8a5 c008 	strh.w	ip, [r5, #8]
100013da:	e7e5      	b.n	100013a8 <alarm_pool_irq_handler+0x228>
100013dc:	f839 303a 	ldrh.w	r3, [r9, sl, lsl #3]
100013e0:	812b      	strh	r3, [r5, #8]
100013e2:	692b      	ldr	r3, [r5, #16]
100013e4:	f3ef 8210 	mrs	r2, PRIMASK
100013e8:	b672      	cpsid	i
100013ea:	e8d3 0fcf 	ldaexb	r0, [r3]
100013ee:	2101      	movs	r1, #1
100013f0:	2800      	cmp	r0, #0
100013f2:	d1fa      	bne.n	100013ea <alarm_pool_irq_handler+0x26a>
100013f4:	e8c3 1f40 	strexb	r0, r1, [r3]
100013f8:	2800      	cmp	r0, #0
100013fa:	d1f6      	bne.n	100013ea <alarm_pool_irq_handler+0x26a>
100013fc:	f3bf 8f5f 	dmb	sy
10001400:	886b      	ldrh	r3, [r5, #2]
10001402:	6929      	ldr	r1, [r5, #16]
10001404:	f829 303a 	strh.w	r3, [r9, sl, lsl #3]
10001408:	2300      	movs	r3, #0
1000140a:	806e      	strh	r6, [r5, #2]
1000140c:	e8c1 3f8f 	stlb	r3, [r1]
10001410:	f382 8810 	msr	PRIMASK, r2
10001414:	e6d6      	b.n	100011c4 <alarm_pool_irq_handler+0x44>
10001416:	bf40      	sev
10001418:	b005      	add	sp, #20
1000141a:	ecbd 8b02 	vpop	{d8}
1000141e:	e8bd 8ff0 	ldmia.w	sp!, {r4, r5, r6, r7, r8, r9, sl, fp, pc}
10001422:	4620      	mov	r0, r4
10001424:	9303      	str	r3, [sp, #12]
10001426:	9201      	str	r2, [sp, #4]
10001428:	f000 fabe 	bl	100019a8 <timer_time_us_64>
1000142c:	9a01      	ldr	r2, [sp, #4]
1000142e:	9b03      	ldr	r3, [sp, #12]
10001430:	eb10 0e02 	adds.w	lr, r0, r2
10001434:	eb43 0801 	adc.w	r8, r3, r1
10001438:	e72b      	b.n	10001292 <alarm_pool_irq_handler+0x112>
1000143a:	bf00      	nop
1000143c:	f3af 8000 	nop.w
10001440:	ffffffff 	.word	0xffffffff
10001444:	ffffffff 	.word	0xffffffff
10001448:	400b8000 	.word	0x400b8000
1000144c:	2000ee98 	.word	0x2000ee98
10001450:	400b0000 	.word	0x400b0000
10001454:	10001181 	.word	0x10001181
10001458:	4608      	mov	r0, r1
1000145a:	690b      	ldr	r3, [r1, #16]
1000145c:	9103      	str	r1, [sp, #12]
1000145e:	4798      	blx	r3
10001460:	2800      	cmp	r0, #0
10001462:	d0bb      	beq.n	100013dc <alarm_pool_irq_handler+0x25c>
10001464:	9903      	ldr	r1, [sp, #12]
10001466:	e9d1 2300 	ldrd	r2, r3, [r1]
1000146a:	e706      	b.n	1000127a <alarm_pool_irq_handler+0xfa>

1000146c <runtime_init_default_alarm_pool>:
1000146c:	b538      	push	{r3, r4, r5, lr}
1000146e:	4b38      	ldr	r3, [pc, #224]	@ (10001550 <runtime_init_default_alarm_pool+0xe4>)
10001470:	691c      	ldr	r4, [r3, #16]
10001472:	b12c      	cbz	r4, 10001480 <runtime_init_default_alarm_pool+0x14>
10001474:	e8bd 4038 	ldmia.w	sp!, {r3, r4, r5, lr}
10001478:	210a      	movs	r1, #10
1000147a:	4836      	ldr	r0, [pc, #216]	@ (10001554 <runtime_init_default_alarm_pool+0xe8>)
1000147c:	f7ff be10 	b.w	100010a0 <lock_init>
10001480:	2103      	movs	r1, #3
10001482:	4835      	ldr	r0, [pc, #212]	@ (10001558 <runtime_init_default_alarm_pool+0xec>)
10001484:	f000 fa7e 	bl	10001984 <timer_hardware_alarm_claim>
10001488:	4d33      	ldr	r5, [pc, #204]	@ (10001558 <runtime_init_default_alarm_pool+0xec>)
1000148a:	4b31      	ldr	r3, [pc, #196]	@ (10001550 <runtime_init_default_alarm_pool+0xe4>)
1000148c:	60dd      	str	r5, [r3, #12]
1000148e:	f7ff fac1 	bl	10000a14 <next_striped_spin_lock_num>
10001492:	4a32      	ldr	r2, [pc, #200]	@ (1000155c <runtime_init_default_alarm_pool+0xf0>)
10001494:	f04f 4e50 	mov.w	lr, #3489660928	@ 0xd0000000
10001498:	4402      	add	r2, r0
1000149a:	2003      	movs	r0, #3
1000149c:	4b2c      	ldr	r3, [pc, #176]	@ (10001550 <runtime_init_default_alarm_pool+0xe4>)
1000149e:	f04f 0c0f 	mov.w	ip, #15
100014a2:	7018      	strb	r0, [r3, #0]
100014a4:	611a      	str	r2, [r3, #16]
100014a6:	f8de 2000 	ldr.w	r2, [lr]
100014aa:	f64f 71ff 	movw	r1, #65535	@ 0xffff
100014ae:	705a      	strb	r2, [r3, #1]
100014b0:	695a      	ldr	r2, [r3, #20]
100014b2:	f8a3 c002 	strh.w	ip, [r3, #2]
100014b6:	8314      	strh	r4, [r2, #24]
100014b8:	f04f 0402 	mov.w	r4, #2
100014bc:	f8a2 4048 	strh.w	r4, [r2, #72]	@ 0x48
100014c0:	f04f 0404 	mov.w	r4, #4
100014c4:	f8a2 4078 	strh.w	r4, [r2, #120]	@ 0x78
100014c8:	f04f 0405 	mov.w	r4, #5
100014cc:	f8a2 4090 	strh.w	r4, [r2, #144]	@ 0x90
100014d0:	f04f 0406 	mov.w	r4, #6
100014d4:	f8a2 40a8 	strh.w	r4, [r2, #168]	@ 0xa8
100014d8:	f04f 0407 	mov.w	r4, #7
100014dc:	f8a2 40c0 	strh.w	r4, [r2, #192]	@ 0xc0
100014e0:	f04f 0409 	mov.w	r4, #9
100014e4:	f8a2 40f0 	strh.w	r4, [r2, #240]	@ 0xf0
100014e8:	f04f 040a 	mov.w	r4, #10
100014ec:	f8a2 4108 	strh.w	r4, [r2, #264]	@ 0x108
100014f0:	f04f 040b 	mov.w	r4, #11
100014f4:	f8a2 4120 	strh.w	r4, [r2, #288]	@ 0x120
100014f8:	f04f 040c 	mov.w	r4, #12
100014fc:	f8a2 4138 	strh.w	r4, [r2, #312]	@ 0x138
10001500:	f04f 0401 	mov.w	r4, #1
10001504:	8614      	strh	r4, [r2, #48]	@ 0x30
10001506:	f04f 0408 	mov.w	r4, #8
1000150a:	f8a2 40d8 	strh.w	r4, [r2, #216]	@ 0xd8
1000150e:	4c14      	ldr	r4, [pc, #80]	@ (10001560 <runtime_init_default_alarm_pool+0xf4>)
10001510:	f04f 0e0d 	mov.w	lr, #13
10001514:	f04f 0c0e 	mov.w	ip, #14
10001518:	609c      	str	r4, [r3, #8]
1000151a:	2408      	movs	r4, #8
1000151c:	8099      	strh	r1, [r3, #4]
1000151e:	f8a2 e150 	strh.w	lr, [r2, #336]	@ 0x150
10001522:	f8a2 c168 	strh.w	ip, [r2, #360]	@ 0x168
10001526:	f8a2 0060 	strh.w	r0, [r2, #96]	@ 0x60
1000152a:	8011      	strh	r1, [r2, #0]
1000152c:	4a0d      	ldr	r2, [pc, #52]	@ (10001564 <runtime_init_default_alarm_pool+0xf8>)
1000152e:	622c      	str	r4, [r5, #32]
10001530:	490d      	ldr	r1, [pc, #52]	@ (10001568 <runtime_init_default_alarm_pool+0xfc>)
10001532:	60d3      	str	r3, [r2, #12]
10001534:	f7ff fb02 	bl	10000b3c <irq_set_exclusive_handler>
10001538:	2101      	movs	r1, #1
1000153a:	2003      	movs	r0, #3
1000153c:	f7ff fabc 	bl	10000ab8 <irq_set_enabled>
10001540:	4b0a      	ldr	r3, [pc, #40]	@ (1000156c <runtime_init_default_alarm_pool+0x100>)
10001542:	210a      	movs	r1, #10
10001544:	641c      	str	r4, [r3, #64]	@ 0x40
10001546:	4803      	ldr	r0, [pc, #12]	@ (10001554 <runtime_init_default_alarm_pool+0xe8>)
10001548:	e8bd 4038 	ldmia.w	sp!, {r3, r4, r5, lr}
1000154c:	f7ff bda8 	b.w	100010a0 <lock_init>
10001550:	2000e24c 	.word	0x2000e24c
10001554:	2000eec8 	.word	0x2000eec8
10001558:	400b0000 	.word	0x400b0000
1000155c:	2000e5d4 	.word	0x2000e5d4
10001560:	0010ffff 	.word	0x0010ffff
10001564:	2000ee98 	.word	0x2000ee98
10001568:	10001181 	.word	0x10001181
1000156c:	400b2000 	.word	0x400b2000

10001570 <alarm_pool_get_default>:
10001570:	4800      	ldr	r0, [pc, #0]	@ (10001574 <alarm_pool_get_default+0x4>)
10001572:	4770      	bx	lr
10001574:	2000e24c 	.word	0x2000e24c

10001578 <alarm_pool_add_alarm_at>:
10001578:	b5f0      	push	{r4, r5, r6, r7, lr}
1000157a:	b083      	sub	sp, #12
1000157c:	f89d 4028 	ldrb.w	r4, [sp, #40]	@ 0x28
10001580:	461d      	mov	r5, r3
10001582:	4603      	mov	r3, r0
10001584:	b954      	cbnz	r4, 1000159c <alarm_pool_add_alarm_at+0x24>
10001586:	e9cd 0200 	strd	r0, r2, [sp]
1000158a:	f000 fa15 	bl	100019b8 <time_us_64>
1000158e:	9a01      	ldr	r2, [sp, #4]
10001590:	9b00      	ldr	r3, [sp, #0]
10001592:	4282      	cmp	r2, r0
10001594:	eb65 0101 	sbc.w	r1, r5, r1
10001598:	42a1      	cmp	r1, r4
1000159a:	db5b      	blt.n	10001654 <alarm_pool_add_alarm_at+0xdc>
1000159c:	6919      	ldr	r1, [r3, #16]
1000159e:	f3ef 8010 	mrs	r0, PRIMASK
100015a2:	b672      	cpsid	i
100015a4:	e8d1 6fcf 	ldaexb	r6, [r1]
100015a8:	2401      	movs	r4, #1
100015aa:	2e00      	cmp	r6, #0
100015ac:	d1fa      	bne.n	100015a4 <alarm_pool_add_alarm_at+0x2c>
100015ae:	e8c1 4f46 	strexb	r6, r4, [r1]
100015b2:	2e00      	cmp	r6, #0
100015b4:	d1f6      	bne.n	100015a4 <alarm_pool_add_alarm_at+0x2c>
100015b6:	f3bf 8f5f 	dmb	sy
100015ba:	f9b3 4002 	ldrsh.w	r4, [r3, #2]
100015be:	691f      	ldr	r7, [r3, #16]
100015c0:	2c00      	cmp	r4, #0
100015c2:	db3e      	blt.n	10001642 <alarm_pool_add_alarm_at+0xca>
100015c4:	f8d3 c014 	ldr.w	ip, [r3, #20]
100015c8:	eb04 0e44 	add.w	lr, r4, r4, lsl #1
100015cc:	f83c 103e 	ldrh.w	r1, [ip, lr, lsl #3]
100015d0:	2600      	movs	r6, #0
100015d2:	8059      	strh	r1, [r3, #2]
100015d4:	eb0c 01ce 	add.w	r1, ip, lr, lsl #3
100015d8:	e8c7 6f8f 	stlb	r6, [r7]
100015dc:	f380 8810 	msr	PRIMASK, r0
100015e0:	8848      	ldrh	r0, [r1, #2]
100015e2:	e9c1 2502 	strd	r2, r5, [r1, #8]
100015e6:	3001      	adds	r0, #1
100015e8:	f3c0 000e 	ubfx	r0, r0, #0, #15
100015ec:	2801      	cmp	r0, #1
100015ee:	bf38      	it	cc
100015f0:	2001      	movcc	r0, #1
100015f2:	9a08      	ldr	r2, [sp, #32]
100015f4:	8048      	strh	r0, [r1, #2]
100015f6:	610a      	str	r2, [r1, #16]
100015f8:	9a09      	ldr	r2, [sp, #36]	@ 0x24
100015fa:	ea40 4004 	orr.w	r0, r0, r4, lsl #16
100015fe:	614a      	str	r2, [r1, #20]
10001600:	691a      	ldr	r2, [r3, #16]
10001602:	f3ef 8110 	mrs	r1, PRIMASK
10001606:	b672      	cpsid	i
10001608:	e8d2 7fcf 	ldaexb	r7, [r2]
1000160c:	2501      	movs	r5, #1
1000160e:	2f00      	cmp	r7, #0
10001610:	d1fa      	bne.n	10001608 <alarm_pool_add_alarm_at+0x90>
10001612:	e8c2 5f47 	strexb	r7, r5, [r2]
10001616:	2f00      	cmp	r7, #0
10001618:	d1f6      	bne.n	10001608 <alarm_pool_add_alarm_at+0x90>
1000161a:	f3bf 8f5f 	dmb	sy
1000161e:	889a      	ldrh	r2, [r3, #4]
10001620:	f82c 203e 	strh.w	r2, [ip, lr, lsl #3]
10001624:	691a      	ldr	r2, [r3, #16]
10001626:	809c      	strh	r4, [r3, #4]
10001628:	e8c2 6f8f 	stlb	r6, [r2]
1000162c:	f381 8810 	msr	PRIMASK, r1
10001630:	2101      	movs	r1, #1
10001632:	781c      	ldrb	r4, [r3, #0]
10001634:	68da      	ldr	r2, [r3, #12]
10001636:	40a1      	lsls	r1, r4
10001638:	f502 5301 	add.w	r3, r2, #8256	@ 0x2040
1000163c:	6059      	str	r1, [r3, #4]
1000163e:	b003      	add	sp, #12
10001640:	bdf0      	pop	{r4, r5, r6, r7, pc}
10001642:	2300      	movs	r3, #0
10001644:	e8c7 3f8f 	stlb	r3, [r7]
10001648:	f380 8810 	msr	PRIMASK, r0
1000164c:	f04f 30ff 	mov.w	r0, #4294967295	@ 0xffffffff
10001650:	b003      	add	sp, #12
10001652:	bdf0      	pop	{r4, r5, r6, r7, pc}
10001654:	4620      	mov	r0, r4
10001656:	b003      	add	sp, #12
10001658:	bdf0      	pop	{r4, r5, r6, r7, pc}
1000165a:	bf00      	nop

1000165c <alarm_pool_add_alarm_at_force_in_context>:
1000165c:	b5f0      	push	{r4, r5, r6, r7, lr}
1000165e:	4616      	mov	r6, r2
10001660:	461f      	mov	r7, r3
10001662:	6902      	ldr	r2, [r0, #16]
10001664:	4603      	mov	r3, r0
10001666:	f3ef 8010 	mrs	r0, PRIMASK
1000166a:	b672      	cpsid	i
1000166c:	e8d2 4fcf 	ldaexb	r4, [r2]
10001670:	2101      	movs	r1, #1
10001672:	2c00      	cmp	r4, #0
10001674:	d1fa      	bne.n	1000166c <alarm_pool_add_alarm_at_force_in_context+0x10>
10001676:	e8c2 1f44 	strexb	r4, r1, [r2]
1000167a:	2c00      	cmp	r4, #0
1000167c:	d1f6      	bne.n	1000166c <alarm_pool_add_alarm_at_force_in_context+0x10>
1000167e:	f3bf 8f5f 	dmb	sy
10001682:	f9b3 1002 	ldrsh.w	r1, [r3, #2]
10001686:	691d      	ldr	r5, [r3, #16]
10001688:	2900      	cmp	r1, #0
1000168a:	db45      	blt.n	10001718 <alarm_pool_add_alarm_at_force_in_context+0xbc>
1000168c:	f8d3 e014 	ldr.w	lr, [r3, #20]
10001690:	eb01 0241 	add.w	r2, r1, r1, lsl #1
10001694:	f83e 4032 	ldrh.w	r4, [lr, r2, lsl #3]
10001698:	eb0e 0cc2 	add.w	ip, lr, r2, lsl #3
1000169c:	805c      	strh	r4, [r3, #2]
1000169e:	2400      	movs	r4, #0
100016a0:	e8c5 4f8f 	stlb	r4, [r5]
100016a4:	f380 8810 	msr	PRIMASK, r0
100016a8:	9805      	ldr	r0, [sp, #20]
100016aa:	4635      	mov	r5, r6
100016ac:	f8cc 0010 	str.w	r0, [ip, #16]
100016b0:	9806      	ldr	r0, [sp, #24]
100016b2:	463e      	mov	r6, r7
100016b4:	f8cc 0014 	str.w	r0, [ip, #20]
100016b8:	f8bc 0002 	ldrh.w	r0, [ip, #2]
100016bc:	e9cc 5602 	strd	r5, r6, [ip, #8]
100016c0:	3001      	adds	r0, #1
100016c2:	f3c0 000e 	ubfx	r0, r0, #0, #15
100016c6:	2801      	cmp	r0, #1
100016c8:	bf38      	it	cc
100016ca:	2001      	movcc	r0, #1
100016cc:	f8ac 0002 	strh.w	r0, [ip, #2]
100016d0:	ea40 4001 	orr.w	r0, r0, r1, lsl #16
100016d4:	f8d3 c010 	ldr.w	ip, [r3, #16]
100016d8:	f3ef 8510 	mrs	r5, PRIMASK
100016dc:	b672      	cpsid	i
100016de:	e8dc 7fcf 	ldaexb	r7, [ip]
100016e2:	2601      	movs	r6, #1
100016e4:	2f00      	cmp	r7, #0
100016e6:	d1fa      	bne.n	100016de <alarm_pool_add_alarm_at_force_in_context+0x82>
100016e8:	e8cc 6f47 	strexb	r7, r6, [ip]
100016ec:	2f00      	cmp	r7, #0
100016ee:	d1f6      	bne.n	100016de <alarm_pool_add_alarm_at_force_in_context+0x82>
100016f0:	f3bf 8f5f 	dmb	sy
100016f4:	f8b3 c004 	ldrh.w	ip, [r3, #4]
100016f8:	f82e c032 	strh.w	ip, [lr, r2, lsl #3]
100016fc:	8099      	strh	r1, [r3, #4]
100016fe:	691a      	ldr	r2, [r3, #16]
10001700:	e8c2 4f8f 	stlb	r4, [r2]
10001704:	f385 8810 	msr	PRIMASK, r5
10001708:	2101      	movs	r1, #1
1000170a:	781c      	ldrb	r4, [r3, #0]
1000170c:	68da      	ldr	r2, [r3, #12]
1000170e:	40a1      	lsls	r1, r4
10001710:	f502 5301 	add.w	r3, r2, #8256	@ 0x2040
10001714:	6059      	str	r1, [r3, #4]
10001716:	bdf0      	pop	{r4, r5, r6, r7, pc}
10001718:	2300      	movs	r3, #0
1000171a:	e8c5 3f8f 	stlb	r3, [r5]
1000171e:	f380 8810 	msr	PRIMASK, r0
10001722:	f04f 30ff 	mov.w	r0, #4294967295	@ 0xffffffff
10001726:	bdf0      	pop	{r4, r5, r6, r7, pc}

10001728 <alarm_pool_cancel_alarm>:
10001728:	4603      	mov	r3, r0
1000172a:	8940      	ldrh	r0, [r0, #10]
1000172c:	ebb0 4f21 	cmp.w	r0, r1, asr #16
10001730:	dd3a      	ble.n	100017a8 <alarm_pool_cancel_alarm+0x80>
10001732:	6958      	ldr	r0, [r3, #20]
10001734:	140a      	asrs	r2, r1, #16
10001736:	eb02 0242 	add.w	r2, r2, r2, lsl #1
1000173a:	b510      	push	{r4, lr}
1000173c:	f8d3 c010 	ldr.w	ip, [r3, #16]
10001740:	eb00 00c2 	add.w	r0, r0, r2, lsl #3
10001744:	f3ef 8e10 	mrs	lr, PRIMASK
10001748:	b672      	cpsid	i
1000174a:	e8dc 4fcf 	ldaexb	r4, [ip]
1000174e:	2201      	movs	r2, #1
10001750:	2c00      	cmp	r4, #0
10001752:	d1fa      	bne.n	1000174a <alarm_pool_cancel_alarm+0x22>
10001754:	e8cc 2f44 	strexb	r4, r2, [ip]
10001758:	2c00      	cmp	r4, #0
1000175a:	d1f6      	bne.n	1000174a <alarm_pool_cancel_alarm+0x22>
1000175c:	f3bf 8f5f 	dmb	sy
10001760:	8842      	ldrh	r2, [r0, #2]
10001762:	b289      	uxth	r1, r1
10001764:	b292      	uxth	r2, r2
10001766:	428a      	cmp	r2, r1
10001768:	d007      	beq.n	1000177a <alarm_pool_cancel_alarm+0x52>
1000176a:	2200      	movs	r2, #0
1000176c:	691b      	ldr	r3, [r3, #16]
1000176e:	e8c3 2f8f 	stlb	r2, [r3]
10001772:	f38e 8810 	msr	PRIMASK, lr
10001776:	2000      	movs	r0, #0
10001778:	bd10      	pop	{r4, pc}
1000177a:	ea6f 4242 	mvn.w	r2, r2, lsl #17
1000177e:	ea6f 4252 	mvn.w	r2, r2, lsr #17
10001782:	8042      	strh	r2, [r0, #2]
10001784:	2101      	movs	r1, #1
10001786:	2200      	movs	r2, #0
10001788:	6918      	ldr	r0, [r3, #16]
1000178a:	7199      	strb	r1, [r3, #6]
1000178c:	e8c0 2f8f 	stlb	r2, [r0]
10001790:	f38e 8810 	msr	PRIMASK, lr
10001794:	f893 c000 	ldrb.w	ip, [r3]
10001798:	68da      	ldr	r2, [r3, #12]
1000179a:	4608      	mov	r0, r1
1000179c:	f502 5301 	add.w	r3, r2, #8256	@ 0x2040
100017a0:	fa01 f10c 	lsl.w	r1, r1, ip
100017a4:	6059      	str	r1, [r3, #4]
100017a6:	bd10      	pop	{r4, pc}
100017a8:	2000      	movs	r0, #0
100017aa:	4770      	bx	lr

100017ac <alarm_pool_core_num>:
100017ac:	7840      	ldrb	r0, [r0, #1]
100017ae:	4770      	bx	lr

100017b0 <sleep_ms>:
100017b0:	e92d 41f0 	stmdb	sp!, {r4, r5, r6, r7, r8, lr}
100017b4:	b082      	sub	sp, #8
100017b6:	4606      	mov	r6, r0
100017b8:	f000 f8fe 	bl	100019b8 <time_us_64>
100017bc:	f44f 737a 	mov.w	r3, #1000	@ 0x3e8
100017c0:	4604      	mov	r4, r0
100017c2:	f04f 30ff 	mov.w	r0, #4294967295	@ 0xffffffff
100017c6:	f06f 4200 	mvn.w	r2, #2147483648	@ 0x80000000
100017ca:	fbe6 4103 	umlal	r4, r1, r6, r3
100017ce:	42a0      	cmp	r0, r4
100017d0:	eb72 0301 	sbcs.w	r3, r2, r1
100017d4:	bf3a      	itte	cc
100017d6:	4604      	movcc	r4, r0
100017d8:	4615      	movcc	r5, r2
100017da:	460d      	movcs	r5, r1
100017dc:	1fa6      	subs	r6, r4, #6
100017de:	f145 37ff 	adc.w	r7, r5, #4294967295	@ 0xffffffff
100017e2:	42b4      	cmp	r4, r6
100017e4:	eb75 0307 	sbcs.w	r3, r5, r7
100017e8:	bf3c      	itt	cc
100017ea:	2600      	movcc	r6, #0
100017ec:	4637      	movcc	r7, r6
100017ee:	f000 f8e3 	bl	100019b8 <time_us_64>
100017f2:	1a30      	subs	r0, r6, r0
100017f4:	eb67 0101 	sbc.w	r1, r7, r1
100017f8:	2801      	cmp	r0, #1
100017fa:	f171 0100 	sbcs.w	r1, r1, #0
100017fe:	da06      	bge.n	1000180e <sleep_ms+0x5e>
10001800:	4620      	mov	r0, r4
10001802:	4629      	mov	r1, r5
10001804:	b002      	add	sp, #8
10001806:	e8bd 41f0 	ldmia.w	sp!, {r4, r5, r6, r7, r8, lr}
1000180a:	f000 b8df 	b.w	100019cc <busy_wait_until>
1000180e:	f000 f8d3 	bl	100019b8 <time_us_64>
10001812:	4286      	cmp	r6, r0
10001814:	eb67 0101 	sbc.w	r1, r7, r1
10001818:	2900      	cmp	r1, #0
1000181a:	db0a      	blt.n	10001832 <sleep_ms+0x82>
1000181c:	2100      	movs	r1, #0
1000181e:	4b17      	ldr	r3, [pc, #92]	@ (1000187c <sleep_ms+0xcc>)
10001820:	4632      	mov	r2, r6
10001822:	9300      	str	r3, [sp, #0]
10001824:	4816      	ldr	r0, [pc, #88]	@ (10001880 <sleep_ms+0xd0>)
10001826:	463b      	mov	r3, r7
10001828:	9101      	str	r1, [sp, #4]
1000182a:	f7ff ff17 	bl	1000165c <alarm_pool_add_alarm_at_force_in_context>
1000182e:	3001      	adds	r0, #1
10001830:	d0e6      	beq.n	10001800 <sleep_ms+0x50>
10001832:	f04f 0c00 	mov.w	ip, #0
10001836:	4a13      	ldr	r2, [pc, #76]	@ (10001884 <sleep_ms+0xd4>)
10001838:	4913      	ldr	r1, [pc, #76]	@ (10001888 <sleep_ms+0xd8>)
1000183a:	6a53      	ldr	r3, [r2, #36]	@ 0x24
1000183c:	429f      	cmp	r7, r3
1000183e:	d804      	bhi.n	1000184a <sleep_ms+0x9a>
10001840:	6a90      	ldr	r0, [r2, #40]	@ 0x28
10001842:	42b0      	cmp	r0, r6
10001844:	d2dc      	bcs.n	10001800 <sleep_ms+0x50>
10001846:	429f      	cmp	r7, r3
10001848:	d1da      	bne.n	10001800 <sleep_ms+0x50>
1000184a:	680b      	ldr	r3, [r1, #0]
1000184c:	f3ef 8010 	mrs	r0, PRIMASK
10001850:	b672      	cpsid	i
10001852:	e8d3 8fcf 	ldaexb	r8, [r3]
10001856:	f05f 0e01 	movs.w	lr, #1
1000185a:	f1b8 0f00 	cmp.w	r8, #0
1000185e:	d1f8      	bne.n	10001852 <sleep_ms+0xa2>
10001860:	e8c3 ef48 	strexb	r8, lr, [r3]
10001864:	f1b8 0f00 	cmp.w	r8, #0
10001868:	d1f3      	bne.n	10001852 <sleep_ms+0xa2>
1000186a:	f3bf 8f5f 	dmb	sy
1000186e:	680b      	ldr	r3, [r1, #0]
10001870:	e8c3 cf8f 	stlb	ip, [r3]
10001874:	f380 8810 	msr	PRIMASK, r0
10001878:	bf20      	wfe
1000187a:	e7de      	b.n	1000183a <sleep_ms+0x8a>
1000187c:	10001141 	.word	0x10001141
10001880:	2000e24c 	.word	0x2000e24c
10001884:	400b0000 	.word	0x400b0000
10001888:	2000eec8 	.word	0x2000eec8

1000188c <best_effort_wfe_or_timeout>:
1000188c:	f3ef 8205 	mrs	r2, IPSR
10001890:	b2d2      	uxtb	r2, r2
10001892:	b182      	cbz	r2, 100018b6 <best_effort_wfe_or_timeout+0x2a>
10001894:	4b38      	ldr	r3, [pc, #224]	@ (10001978 <best_effort_wfe_or_timeout+0xec>)
10001896:	6a5a      	ldr	r2, [r3, #36]	@ 0x24
10001898:	428a      	cmp	r2, r1
1000189a:	d202      	bcs.n	100018a2 <best_effort_wfe_or_timeout+0x16>
1000189c:	2200      	movs	r2, #0
1000189e:	4610      	mov	r0, r2
100018a0:	4770      	bx	lr
100018a2:	bf14      	ite	ne
100018a4:	2201      	movne	r2, #1
100018a6:	2200      	moveq	r2, #0
100018a8:	6a9b      	ldr	r3, [r3, #40]	@ 0x28
100018aa:	4283      	cmp	r3, r0
100018ac:	bf28      	it	cs
100018ae:	f042 0201 	orrcs.w	r2, r2, #1
100018b2:	4610      	mov	r0, r2
100018b4:	4770      	bx	lr
100018b6:	b570      	push	{r4, r5, r6, lr}
100018b8:	b084      	sub	sp, #16
100018ba:	9203      	str	r2, [sp, #12]
100018bc:	4a2f      	ldr	r2, [pc, #188]	@ (1000197c <best_effort_wfe_or_timeout+0xf0>)
100018be:	4606      	mov	r6, r0
100018c0:	68d3      	ldr	r3, [r2, #12]
100018c2:	7815      	ldrb	r5, [r2, #0]
100018c4:	4618      	mov	r0, r3
100018c6:	460c      	mov	r4, r1
100018c8:	9302      	str	r3, [sp, #8]
100018ca:	f000 f86d 	bl	100019a8 <timer_time_us_64>
100018ce:	9b02      	ldr	r3, [sp, #8]
100018d0:	f105 0c04 	add.w	ip, r5, #4
100018d4:	f853 c02c 	ldr.w	ip, [r3, ip, lsl #2]
100018d8:	9a03      	ldr	r2, [sp, #12]
100018da:	ebac 0c00 	sub.w	ip, ip, r0
100018de:	1a30      	subs	r0, r6, r0
100018e0:	eb64 0101 	sbc.w	r1, r4, r1
100018e4:	4560      	cmp	r0, ip
100018e6:	f171 0100 	sbcs.w	r1, r1, #0
100018ea:	db0f      	blt.n	1000190c <best_effort_wfe_or_timeout+0x80>
100018ec:	bf20      	wfe
100018ee:	4b22      	ldr	r3, [pc, #136]	@ (10001978 <best_effort_wfe_or_timeout+0xec>)
100018f0:	6a59      	ldr	r1, [r3, #36]	@ 0x24
100018f2:	42a1      	cmp	r1, r4
100018f4:	d307      	bcc.n	10001906 <best_effort_wfe_or_timeout+0x7a>
100018f6:	bf14      	ite	ne
100018f8:	2201      	movne	r2, #1
100018fa:	2200      	moveq	r2, #0
100018fc:	6a9b      	ldr	r3, [r3, #40]	@ 0x28
100018fe:	42b3      	cmp	r3, r6
10001900:	bf28      	it	cs
10001902:	f042 0201 	orrcs.w	r2, r2, #1
10001906:	4610      	mov	r0, r2
10001908:	b004      	add	sp, #16
1000190a:	bd70      	pop	{r4, r5, r6, pc}
1000190c:	9202      	str	r2, [sp, #8]
1000190e:	f000 f853 	bl	100019b8 <time_us_64>
10001912:	4286      	cmp	r6, r0
10001914:	eb64 0101 	sbc.w	r1, r4, r1
10001918:	2900      	cmp	r1, #0
1000191a:	9a02      	ldr	r2, [sp, #8]
1000191c:	db1b      	blt.n	10001956 <best_effort_wfe_or_timeout+0xca>
1000191e:	4918      	ldr	r1, [pc, #96]	@ (10001980 <best_effort_wfe_or_timeout+0xf4>)
10001920:	4623      	mov	r3, r4
10001922:	e9cd 1200 	strd	r1, r2, [sp]
10001926:	4815      	ldr	r0, [pc, #84]	@ (1000197c <best_effort_wfe_or_timeout+0xf0>)
10001928:	4632      	mov	r2, r6
1000192a:	f7ff fe97 	bl	1000165c <alarm_pool_add_alarm_at_force_in_context>
1000192e:	1e01      	subs	r1, r0, #0
10001930:	dd11      	ble.n	10001956 <best_effort_wfe_or_timeout+0xca>
10001932:	4b11      	ldr	r3, [pc, #68]	@ (10001978 <best_effort_wfe_or_timeout+0xec>)
10001934:	6a5a      	ldr	r2, [r3, #36]	@ 0x24
10001936:	42a2      	cmp	r2, r4
10001938:	d31c      	bcc.n	10001974 <best_effort_wfe_or_timeout+0xe8>
1000193a:	6a9b      	ldr	r3, [r3, #40]	@ 0x28
1000193c:	42b3      	cmp	r3, r6
1000193e:	d317      	bcc.n	10001970 <best_effort_wfe_or_timeout+0xe4>
10001940:	480e      	ldr	r0, [pc, #56]	@ (1000197c <best_effort_wfe_or_timeout+0xf0>)
10001942:	f7ff fef1 	bl	10001728 <alarm_pool_cancel_alarm>
10001946:	4b0c      	ldr	r3, [pc, #48]	@ (10001978 <best_effort_wfe_or_timeout+0xec>)
10001948:	6a5a      	ldr	r2, [r3, #36]	@ 0x24
1000194a:	42a2      	cmp	r2, r4
1000194c:	d2d3      	bcs.n	100018f6 <best_effort_wfe_or_timeout+0x6a>
1000194e:	2200      	movs	r2, #0
10001950:	4610      	mov	r0, r2
10001952:	b004      	add	sp, #16
10001954:	bd70      	pop	{r4, r5, r6, pc}
10001956:	4b08      	ldr	r3, [pc, #32]	@ (10001978 <best_effort_wfe_or_timeout+0xec>)
10001958:	6a5a      	ldr	r2, [r3, #36]	@ 0x24
1000195a:	42a2      	cmp	r2, r4
1000195c:	d3f7      	bcc.n	1000194e <best_effort_wfe_or_timeout+0xc2>
1000195e:	1b12      	subs	r2, r2, r4
10001960:	bf18      	it	ne
10001962:	2201      	movne	r2, #1
10001964:	6a9b      	ldr	r3, [r3, #40]	@ 0x28
10001966:	42b3      	cmp	r3, r6
10001968:	bf28      	it	cs
1000196a:	f042 0201 	orrcs.w	r2, r2, #1
1000196e:	e7ca      	b.n	10001906 <best_effort_wfe_or_timeout+0x7a>
10001970:	42a2      	cmp	r2, r4
10001972:	d1e5      	bne.n	10001940 <best_effort_wfe_or_timeout+0xb4>
10001974:	bf20      	wfe
10001976:	e7e3      	b.n	10001940 <best_effort_wfe_or_timeout+0xb4>
10001978:	400b0000 	.word	0x400b0000
1000197c:	2000e24c 	.word	0x2000e24c
10001980:	10001141 	.word	0x10001141

10001984 <timer_hardware_alarm_claim>:
10001984:	b410      	push	{r4}
10001986:	4b05      	ldr	r3, [pc, #20]	@ (1000199c <timer_hardware_alarm_claim+0x18>)
10001988:	4c05      	ldr	r4, [pc, #20]	@ (100019a0 <timer_hardware_alarm_claim+0x1c>)
1000198a:	4a06      	ldr	r2, [pc, #24]	@ (100019a4 <timer_hardware_alarm_claim+0x20>)
1000198c:	42a0      	cmp	r0, r4
1000198e:	bf14      	ite	ne
10001990:	4618      	movne	r0, r3
10001992:	1c58      	addeq	r0, r3, #1
10001994:	bc10      	pop	{r4}
10001996:	f7fe bfa7 	b.w	100008e8 <hw_claim_or_assert>
1000199a:	bf00      	nop
1000199c:	2000ea08 	.word	0x2000ea08
100019a0:	400b8000 	.word	0x400b8000
100019a4:	10004f78 	.word	0x10004f78

100019a8 <timer_time_us_64>:
100019a8:	4603      	mov	r3, r0
100019aa:	6a41      	ldr	r1, [r0, #36]	@ 0x24
100019ac:	460a      	mov	r2, r1
100019ae:	6a98      	ldr	r0, [r3, #40]	@ 0x28
100019b0:	6a59      	ldr	r1, [r3, #36]	@ 0x24
100019b2:	428a      	cmp	r2, r1
100019b4:	d1fa      	bne.n	100019ac <timer_time_us_64+0x4>
100019b6:	4770      	bx	lr

100019b8 <time_us_64>:
100019b8:	4b03      	ldr	r3, [pc, #12]	@ (100019c8 <time_us_64+0x10>)
100019ba:	6a59      	ldr	r1, [r3, #36]	@ 0x24
100019bc:	460a      	mov	r2, r1
100019be:	6a98      	ldr	r0, [r3, #40]	@ 0x28
100019c0:	6a59      	ldr	r1, [r3, #36]	@ 0x24
100019c2:	4291      	cmp	r1, r2
100019c4:	d1fa      	bne.n	100019bc <time_us_64+0x4>
100019c6:	4770      	bx	lr
100019c8:	400b0000 	.word	0x400b0000

100019cc <busy_wait_until>:
100019cc:	4a07      	ldr	r2, [pc, #28]	@ (100019ec <busy_wait_until+0x20>)
100019ce:	6a53      	ldr	r3, [r2, #36]	@ 0x24
100019d0:	4299      	cmp	r1, r3
100019d2:	d8fc      	bhi.n	100019ce <busy_wait_until+0x2>
100019d4:	4299      	cmp	r1, r3
100019d6:	d107      	bne.n	100019e8 <busy_wait_until+0x1c>
100019d8:	4b04      	ldr	r3, [pc, #16]	@ (100019ec <busy_wait_until+0x20>)
100019da:	e002      	b.n	100019e2 <busy_wait_until+0x16>
100019dc:	6a5a      	ldr	r2, [r3, #36]	@ 0x24
100019de:	4291      	cmp	r1, r2
100019e0:	d102      	bne.n	100019e8 <busy_wait_until+0x1c>
100019e2:	6a9a      	ldr	r2, [r3, #40]	@ 0x28
100019e4:	4290      	cmp	r0, r2
100019e6:	d8f9      	bhi.n	100019dc <busy_wait_until+0x10>
100019e8:	4770      	bx	lr
100019ea:	bf00      	nop
100019ec:	400b0000 	.word	0x400b0000

100019f0 <clock_configure_undivided>:
100019f0:	eb00 0c40 	add.w	ip, r0, r0, lsl #1
100019f4:	ea4f 0c8c 	mov.w	ip, ip, lsl #2
100019f8:	f10c 4c80 	add.w	ip, ip, #1073741824	@ 0x40000000
100019fc:	f50c 3c80 	add.w	ip, ip, #65536	@ 0x10000
10001a00:	b570      	push	{r4, r5, r6, lr}
10001a02:	461e      	mov	r6, r3
10001a04:	f8dc 3004 	ldr.w	r3, [ip, #4]
10001a08:	1f04      	subs	r4, r0, #4
10001a0a:	f5b3 3f80 	cmp.w	r3, #65536	@ 0x10000
10001a0e:	bf38      	it	cc
10001a10:	f44f 3380 	movcc.w	r3, #65536	@ 0x10000
10001a14:	b2e4      	uxtb	r4, r4
10001a16:	bf38      	it	cc
10001a18:	f8cc 3004 	strcc.w	r3, [ip, #4]
10001a1c:	2c01      	cmp	r4, #1
10001a1e:	d92e      	bls.n	10001a7e <clock_configure_undivided+0x8e>
10001a20:	f44f 6500 	mov.w	r5, #2048	@ 0x800
10001a24:	4b28      	ldr	r3, [pc, #160]	@ (10001ac8 <clock_configure_undivided+0xd8>)
10001a26:	f50c 5e40 	add.w	lr, ip, #12288	@ 0x3000
10001a2a:	f8ce 5000 	str.w	r5, [lr]
10001a2e:	f853 e020 	ldr.w	lr, [r3, r0, lsl #2]
10001a32:	f1be 0f00 	cmp.w	lr, #0
10001a36:	d117      	bne.n	10001a68 <clock_configure_undivided+0x78>
10001a38:	f8dc e000 	ldr.w	lr, [ip]
10001a3c:	2c01      	cmp	r4, #1
10001a3e:	ea8e 1242 	eor.w	r2, lr, r2, lsl #5
10001a42:	f002 02e0 	and.w	r2, r2, #224	@ 0xe0
10001a46:	f50c 5e80 	add.w	lr, ip, #4096	@ 0x1000
10001a4a:	f8ce 2000 	str.w	r2, [lr]
10001a4e:	d92b      	bls.n	10001aa8 <clock_configure_undivided+0xb8>
10001a50:	f44f 6100 	mov.w	r1, #2048	@ 0x800
10001a54:	f843 6020 	str.w	r6, [r3, r0, lsl #2]
10001a58:	f44f 3380 	mov.w	r3, #65536	@ 0x10000
10001a5c:	f50c 5200 	add.w	r2, ip, #8192	@ 0x2000
10001a60:	6011      	str	r1, [r2, #0]
10001a62:	f8cc 3004 	str.w	r3, [ip, #4]
10001a66:	bd70      	pop	{r4, r5, r6, pc}
10001a68:	695d      	ldr	r5, [r3, #20]
10001a6a:	fbb5 fefe 	udiv	lr, r5, lr
10001a6e:	f10e 0e01 	add.w	lr, lr, #1
10001a72:	eb0e 0e4e 	add.w	lr, lr, lr, lsl #1
10001a76:	f1be 0e03 	subs.w	lr, lr, #3
10001a7a:	d2fc      	bcs.n	10001a76 <clock_configure_undivided+0x86>
10001a7c:	e7dc      	b.n	10001a38 <clock_configure_undivided+0x48>
10001a7e:	2901      	cmp	r1, #1
10001a80:	d1ce      	bne.n	10001a20 <clock_configure_undivided+0x30>
10001a82:	2403      	movs	r4, #3
10001a84:	f50c 5340 	add.w	r3, ip, #12288	@ 0x3000
10001a88:	601c      	str	r4, [r3, #0]
10001a8a:	f8dc 3008 	ldr.w	r3, [ip, #8]
10001a8e:	07db      	lsls	r3, r3, #31
10001a90:	d5fb      	bpl.n	10001a8a <clock_configure_undivided+0x9a>
10001a92:	f8dc 3000 	ldr.w	r3, [ip]
10001a96:	f50c 5e80 	add.w	lr, ip, #4096	@ 0x1000
10001a9a:	ea83 1342 	eor.w	r3, r3, r2, lsl #5
10001a9e:	f003 03e0 	and.w	r3, r3, #224	@ 0xe0
10001aa2:	f8ce 3000 	str.w	r3, [lr]
10001aa6:	4b08      	ldr	r3, [pc, #32]	@ (10001ac8 <clock_configure_undivided+0xd8>)
10001aa8:	2201      	movs	r2, #1
10001aaa:	f8dc 4000 	ldr.w	r4, [ip]
10001aae:	404c      	eors	r4, r1
10001ab0:	f004 0403 	and.w	r4, r4, #3
10001ab4:	f8ce 4000 	str.w	r4, [lr]
10001ab8:	fa02 f101 	lsl.w	r1, r2, r1
10001abc:	f8dc 2008 	ldr.w	r2, [ip, #8]
10001ac0:	420a      	tst	r2, r1
10001ac2:	d0fb      	beq.n	10001abc <clock_configure_undivided+0xcc>
10001ac4:	e7c4      	b.n	10001a50 <clock_configure_undivided+0x60>
10001ac6:	bf00      	nop
10001ac8:	2000ea0c 	.word	0x2000ea0c

10001acc <clock_get_hz>:
10001acc:	4b01      	ldr	r3, [pc, #4]	@ (10001ad4 <clock_get_hz+0x8>)
10001ace:	f853 0020 	ldr.w	r0, [r3, r0, lsl #2]
10001ad2:	4770      	bx	lr
10001ad4:	2000ea0c 	.word	0x2000ea0c

10001ad8 <pll_init>:
10001ad8:	b510      	push	{r4, lr}
10001ada:	9c02      	ldr	r4, [sp, #8]
10001adc:	468e      	mov	lr, r1
10001ade:	ea4f 3c04 	mov.w	ip, r4, lsl #12
10001ae2:	ea4c 4c03 	orr.w	ip, ip, r3, lsl #16
10001ae6:	4b1c      	ldr	r3, [pc, #112]	@ (10001b58 <pll_init+0x80>)
10001ae8:	fbb3 f3f1 	udiv	r3, r3, r1
10001aec:	6801      	ldr	r1, [r0, #0]
10001aee:	fbb2 f4f3 	udiv	r4, r2, r3
10001af2:	2900      	cmp	r1, #0
10001af4:	db20      	blt.n	10001b38 <pll_init+0x60>
10001af6:	4a19      	ldr	r2, [pc, #100]	@ (10001b5c <pll_init+0x84>)
10001af8:	4b19      	ldr	r3, [pc, #100]	@ (10001b60 <pll_init+0x88>)
10001afa:	4290      	cmp	r0, r2
10001afc:	bf14      	ite	ne
10001afe:	f44f 4280 	movne.w	r2, #16384	@ 0x4000
10001b02:	f44f 4200 	moveq.w	r2, #32768	@ 0x8000
10001b06:	4917      	ldr	r1, [pc, #92]	@ (10001b64 <pll_init+0x8c>)
10001b08:	601a      	str	r2, [r3, #0]
10001b0a:	f503 5380 	add.w	r3, r3, #4096	@ 0x1000
10001b0e:	601a      	str	r2, [r3, #0]
10001b10:	688b      	ldr	r3, [r1, #8]
10001b12:	ea32 0303 	bics.w	r3, r2, r3
10001b16:	d1fb      	bne.n	10001b10 <pll_init+0x38>
10001b18:	2221      	movs	r2, #33	@ 0x21
10001b1a:	f500 5340 	add.w	r3, r0, #12288	@ 0x3000
10001b1e:	3304      	adds	r3, #4
10001b20:	f8c0 e000 	str.w	lr, [r0]
10001b24:	6084      	str	r4, [r0, #8]
10001b26:	601a      	str	r2, [r3, #0]
10001b28:	6802      	ldr	r2, [r0, #0]
10001b2a:	2a00      	cmp	r2, #0
10001b2c:	dafc      	bge.n	10001b28 <pll_init+0x50>
10001b2e:	2208      	movs	r2, #8
10001b30:	f8c0 c00c 	str.w	ip, [r0, #12]
10001b34:	601a      	str	r2, [r3, #0]
10001b36:	bd10      	pop	{r4, pc}
10001b38:	6803      	ldr	r3, [r0, #0]
10001b3a:	f003 033f 	and.w	r3, r3, #63	@ 0x3f
10001b3e:	4573      	cmp	r3, lr
10001b40:	d1d9      	bne.n	10001af6 <pll_init+0x1e>
10001b42:	6883      	ldr	r3, [r0, #8]
10001b44:	f3c3 030b 	ubfx	r3, r3, #0, #12
10001b48:	42a3      	cmp	r3, r4
10001b4a:	d1d4      	bne.n	10001af6 <pll_init+0x1e>
10001b4c:	68c3      	ldr	r3, [r0, #12]
10001b4e:	f403 23ee 	and.w	r3, r3, #487424	@ 0x77000
10001b52:	4563      	cmp	r3, ip
10001b54:	d1cf      	bne.n	10001af6 <pll_init+0x1e>
10001b56:	bd10      	pop	{r4, pc}
10001b58:	00b71b00 	.word	0x00b71b00
10001b5c:	40058000 	.word	0x40058000
10001b60:	40022000 	.word	0x40022000
10001b64:	40020000 	.word	0x40020000

10001b68 <watchdog_reboot>:
10001b68:	f04f 4c80 	mov.w	ip, #1073741824	@ 0x40000000
10001b6c:	4b21      	ldr	r3, [pc, #132]	@ (10001bf4 <watchdog_reboot+0x8c>)
10001b6e:	b500      	push	{lr}
10001b70:	f8c3 c000 	str.w	ip, [r3]
10001b74:	2800      	cmp	r0, #0
10001b76:	d039      	beq.n	10001bec <watchdog_reboot+0x84>
10001b78:	f8df c088 	ldr.w	ip, [pc, #136]	@ 10001c04 <watchdog_reboot+0x9c>
10001b7c:	f5a3 5340 	sub.w	r3, r3, #12288	@ 0x3000
10001b80:	f8c3 c01c 	str.w	ip, [r3, #28]
10001b84:	f8df c080 	ldr.w	ip, [pc, #128]	@ 10001c08 <watchdog_reboot+0xa0>
10001b88:	f040 0001 	orr.w	r0, r0, #1
10001b8c:	ea80 0c0c 	eor.w	ip, r0, ip
10001b90:	f8c3 c020 	str.w	ip, [r3, #32]
10001b94:	6259      	str	r1, [r3, #36]	@ 0x24
10001b96:	6298      	str	r0, [r3, #40]	@ 0x28
10001b98:	f04f 4e80 	mov.w	lr, #1073741824	@ 0x40000000
10001b9c:	f04f 61e0 	mov.w	r1, #117440512	@ 0x7000000
10001ba0:	4b14      	ldr	r3, [pc, #80]	@ (10001bf4 <watchdog_reboot+0x8c>)
10001ba2:	4815      	ldr	r0, [pc, #84]	@ (10001bf8 <watchdog_reboot+0x90>)
10001ba4:	f8df c064 	ldr.w	ip, [pc, #100]	@ 10001c0c <watchdog_reboot+0xa4>
10001ba8:	f8c3 e000 	str.w	lr, [r3]
10001bac:	f8c0 c008 	str.w	ip, [r0, #8]
10001bb0:	6019      	str	r1, [r3, #0]
10001bb2:	b92a      	cbnz	r2, 10001bc0 <watchdog_reboot+0x58>
10001bb4:	f04f 4200 	mov.w	r2, #2147483648	@ 0x80000000
10001bb8:	f5a3 5380 	sub.w	r3, r3, #4096	@ 0x1000
10001bbc:	601a      	str	r2, [r3, #0]
10001bbe:	bd00      	pop	{pc}
10001bc0:	f44f 737a 	mov.w	r3, #1000	@ 0x3e8
10001bc4:	fb03 f202 	mul.w	r2, r3, r2
10001bc8:	f1b2 7f80 	cmp.w	r2, #16777216	@ 0x1000000
10001bcc:	bf2a      	itet	cs
10001bce:	f06f 437f 	mvncs.w	r3, #4278190080	@ 0xff000000
10001bd2:	4613      	movcc	r3, r2
10001bd4:	461a      	movcs	r2, r3
10001bd6:	f04f 4180 	mov.w	r1, #1073741824	@ 0x40000000
10001bda:	f8df c034 	ldr.w	ip, [pc, #52]	@ 10001c10 <watchdog_reboot+0xa8>
10001bde:	4807      	ldr	r0, [pc, #28]	@ (10001bfc <watchdog_reboot+0x94>)
10001be0:	f8cc 3000 	str.w	r3, [ip]
10001be4:	4b06      	ldr	r3, [pc, #24]	@ (10001c00 <watchdog_reboot+0x98>)
10001be6:	6042      	str	r2, [r0, #4]
10001be8:	6019      	str	r1, [r3, #0]
10001bea:	bd00      	pop	{pc}
10001bec:	4b03      	ldr	r3, [pc, #12]	@ (10001bfc <watchdog_reboot+0x94>)
10001bee:	61d8      	str	r0, [r3, #28]
10001bf0:	e7d2      	b.n	10001b98 <watchdog_reboot+0x30>
10001bf2:	bf00      	nop
10001bf4:	400db000 	.word	0x400db000
10001bf8:	4001a000 	.word	0x4001a000
10001bfc:	400d8000 	.word	0x400d8000
10001c00:	400da000 	.word	0x400da000
10001c04:	b007c0d3 	.word	0xb007c0d3
10001c08:	4ff83f2d 	.word	0x4ff83f2d
10001c0c:	01fffff3 	.word	0x01fffff3
10001c10:	2000ee70 	.word	0x2000ee70

10001c14 <tick_start>:
10001c14:	2301      	movs	r3, #1
10001c16:	eb00 0040 	add.w	r0, r0, r0, lsl #1
10001c1a:	0080      	lsls	r0, r0, #2
10001c1c:	f100 4080 	add.w	r0, r0, #1073741824	@ 0x40000000
10001c20:	f500 1084 	add.w	r0, r0, #1081344	@ 0x108000
10001c24:	6041      	str	r1, [r0, #4]
10001c26:	6003      	str	r3, [r0, #0]
10001c28:	4770      	bx	lr
10001c2a:	bf00      	nop

10001c2c <rom_reboot.constprop.0.isra.0>:
10001c2c:	b510      	push	{r4, lr}
10001c2e:	2400      	movs	r4, #0
10001c30:	b082      	sub	sp, #8
10001c32:	460b      	mov	r3, r1
10001c34:	8ae4      	ldrh	r4, [r4, #22]
10001c36:	2100      	movs	r1, #0
10001c38:	e841 f100 	tt	r1, r1
10001c3c:	e9cd 0300 	strd	r0, r3, [sp]
10001c40:	024b      	lsls	r3, r1, #9
10001c42:	bf54      	ite	pl
10001c44:	2110      	movpl	r1, #16
10001c46:	2104      	movmi	r1, #4
10001c48:	f244 2052 	movw	r0, #16978	@ 0x4252
10001c4c:	47a0      	blx	r4
10001c4e:	e9dd 2300 	ldrd	r2, r3, [sp]
10001c52:	4686      	mov	lr, r0
10001c54:	210a      	movs	r1, #10
10001c56:	f44f 7081 	mov.w	r0, #258	@ 0x102
10001c5a:	46f4      	mov	ip, lr
10001c5c:	b002      	add	sp, #8
10001c5e:	e8bd 4010 	ldmia.w	sp!, {r4, lr}
10001c62:	4760      	bx	ip

10001c64 <rom_func_lookup>:
10001c64:	2300      	movs	r3, #0
10001c66:	8adb      	ldrh	r3, [r3, #22]
10001c68:	2200      	movs	r2, #0
10001c6a:	e842 f200 	tt	r2, r2
10001c6e:	0252      	lsls	r2, r2, #9
10001c70:	d401      	bmi.n	10001c76 <rom_func_lookup+0x12>
10001c72:	2110      	movs	r1, #16
10001c74:	4718      	bx	r3
10001c76:	2104      	movs	r1, #4
10001c78:	4718      	bx	r3
10001c7a:	bf00      	nop

10001c7c <rom_reset_usb_boot_extra>:
10001c7c:	b508      	push	{r3, lr}
10001c7e:	4603      	mov	r3, r0
10001c80:	4608      	mov	r0, r1
10001c82:	1e19      	subs	r1, r3, #0
10001c84:	db02      	blt.n	10001c8c <rom_reset_usb_boot_extra+0x10>
10001c86:	b11a      	cbz	r2, 10001c90 <rom_reset_usb_boot_extra+0x14>
10001c88:	f040 0030 	orr.w	r0, r0, #48	@ 0x30
10001c8c:	f7ff ffce 	bl	10001c2c <rom_reboot.constprop.0.isra.0>
10001c90:	f040 0020 	orr.w	r0, r0, #32
10001c94:	e7fa      	b.n	10001c8c <rom_reset_usb_boot_extra+0x10>
10001c96:	bf00      	nop

10001c98 <runtime_init_bootrom_locking_enable>:
10001c98:	4a03      	ldr	r2, [pc, #12]	@ (10001ca8 <runtime_init_bootrom_locking_enable+0x10>)
10001c9a:	f8d2 3828 	ldr.w	r3, [r2, #2088]	@ 0x828
10001c9e:	2b00      	cmp	r3, #0
10001ca0:	d0fb      	beq.n	10001c9a <runtime_init_bootrom_locking_enable+0x2>
10001ca2:	f3bf 8f5f 	dmb	sy
10001ca6:	4770      	bx	lr
10001ca8:	400e0000 	.word	0x400e0000

10001cac <runtime_init_boot_locks_reset>:
10001cac:	2100      	movs	r1, #0
10001cae:	4b04      	ldr	r3, [pc, #16]	@ (10001cc0 <runtime_init_boot_locks_reset+0x14>)
10001cb0:	4a04      	ldr	r2, [pc, #16]	@ (10001cc4 <runtime_init_boot_locks_reset+0x18>)
10001cb2:	f3bf 8f5f 	dmb	sy
10001cb6:	f843 1b04 	str.w	r1, [r3], #4
10001cba:	4293      	cmp	r3, r2
10001cbc:	d1f9      	bne.n	10001cb2 <runtime_init_boot_locks_reset+0x6>
10001cbe:	4770      	bx	lr
10001cc0:	400e080c 	.word	0x400e080c
10001cc4:	400e082c 	.word	0x400e082c

10001cc8 <xosc_init>:
10001cc8:	f44f 6c2a 	mov.w	ip, #2720	@ 0xaa0
10001ccc:	f44f 708d 	mov.w	r0, #282	@ 0x11a
10001cd0:	4a05      	ldr	r2, [pc, #20]	@ (10001ce8 <xosc_init+0x20>)
10001cd2:	4b06      	ldr	r3, [pc, #24]	@ (10001cec <xosc_init+0x24>)
10001cd4:	4906      	ldr	r1, [pc, #24]	@ (10001cf0 <xosc_init+0x28>)
10001cd6:	f8c2 c000 	str.w	ip, [r2]
10001cda:	60d0      	str	r0, [r2, #12]
10001cdc:	6019      	str	r1, [r3, #0]
10001cde:	6853      	ldr	r3, [r2, #4]
10001ce0:	2b00      	cmp	r3, #0
10001ce2:	dafc      	bge.n	10001cde <xosc_init+0x16>
10001ce4:	4770      	bx	lr
10001ce6:	bf00      	nop
10001ce8:	40048000 	.word	0x40048000
10001cec:	4004a000 	.word	0x4004a000
10001cf0:	00fab000 	.word	0x00fab000

10001cf4 <first_per_core_initializer>:
10001cf4:	4770      	bx	lr
10001cf6:	bf00      	nop

10001cf8 <hard_assertion_failure>:
10001cf8:	b508      	push	{r3, lr}
10001cfa:	4801      	ldr	r0, [pc, #4]	@ (10001d00 <hard_assertion_failure+0x8>)
10001cfc:	f7fe fdc0 	bl	10000880 <panic>
10001d00:	10004f9c 	.word	0x10004f9c

10001d04 <runtime_run_initializers>:
10001d04:	b538      	push	{r3, r4, r5, lr}
10001d06:	4c05      	ldr	r4, [pc, #20]	@ (10001d1c <runtime_run_initializers+0x18>)
10001d08:	4d05      	ldr	r5, [pc, #20]	@ (10001d20 <runtime_run_initializers+0x1c>)
10001d0a:	42ac      	cmp	r4, r5
10001d0c:	d204      	bcs.n	10001d18 <runtime_run_initializers+0x14>
10001d0e:	f854 3b04 	ldr.w	r3, [r4], #4
10001d12:	4798      	blx	r3
10001d14:	42ac      	cmp	r4, r5
10001d16:	d3fa      	bcc.n	10001d0e <runtime_run_initializers+0xa>
10001d18:	bd38      	pop	{r3, r4, r5, pc}
10001d1a:	bf00      	nop
10001d1c:	10004eb8 	.word	0x10004eb8
10001d20:	10004ef8 	.word	0x10004ef8

10001d24 <runtime_init_early_resets>:
10001d24:	4806      	ldr	r0, [pc, #24]	@ (10001d40 <runtime_init_early_resets+0x1c>)
10001d26:	f8df c028 	ldr.w	ip, [pc, #40]	@ 10001d50 <runtime_init_early_resets+0x2c>
10001d2a:	4b06      	ldr	r3, [pc, #24]	@ (10001d44 <runtime_init_early_resets+0x20>)
10001d2c:	4a06      	ldr	r2, [pc, #24]	@ (10001d48 <runtime_init_early_resets+0x24>)
10001d2e:	4907      	ldr	r1, [pc, #28]	@ (10001d4c <runtime_init_early_resets+0x28>)
10001d30:	f8c0 c000 	str.w	ip, [r0]
10001d34:	601a      	str	r2, [r3, #0]
10001d36:	688b      	ldr	r3, [r1, #8]
10001d38:	ea32 0303 	bics.w	r3, r2, r3
10001d3c:	d1fb      	bne.n	10001d36 <runtime_init_early_resets+0x12>
10001d3e:	4770      	bx	lr
10001d40:	40022000 	.word	0x40022000
10001d44:	40023000 	.word	0x40023000
10001d48:	03f3fff6 	.word	0x03f3fff6
10001d4c:	40020000 	.word	0x40020000
10001d50:	efef3b7f 	.word	0xefef3b7f

10001d54 <runtime_init_usb_power_down>:
10001d54:	4b04      	ldr	r3, [pc, #16]	@ (10001d68 <runtime_init_usb_power_down+0x14>)
10001d56:	6cdb      	ldr	r3, [r3, #76]	@ 0x4c
10001d58:	f5b3 4f00 	cmp.w	r3, #32768	@ 0x8000
10001d5c:	d103      	bne.n	10001d66 <runtime_init_usb_power_down+0x12>
10001d5e:	f44f 2280 	mov.w	r2, #262144	@ 0x40000
10001d62:	4b02      	ldr	r3, [pc, #8]	@ (10001d6c <runtime_init_usb_power_down+0x18>)
10001d64:	64da      	str	r2, [r3, #76]	@ 0x4c
10001d66:	4770      	bx	lr
10001d68:	50110000 	.word	0x50110000
10001d6c:	50112000 	.word	0x50112000

10001d70 <runtime_init_per_core_enable_coprocessors>:
10001d70:	f04f 22e0 	mov.w	r2, #3758153728	@ 0xe000e000
10001d74:	4b04      	ldr	r3, [pc, #16]	@ (10001d88 <runtime_init_per_core_enable_coprocessors+0x18>)
10001d76:	f8d2 1d88 	ldr.w	r1, [r2, #3464]	@ 0xd88
10001d7a:	430b      	orrs	r3, r1
10001d7c:	f8c2 3d88 	str.w	r3, [r2, #3464]	@ 0xd88
10001d80:	ee10 0430 			dcp_rcmp r0
10001d84:	4770      	bx	lr
10001d86:	bf00      	nop
10001d88:	00300303 	.word	0x00300303

10001d8c <runtime_init_post_clock_resets>:
10001d8c:	f06f 4160 	mvn.w	r1, #3758096384	@ 0xe0000000
10001d90:	4b04      	ldr	r3, [pc, #16]	@ (10001da4 <runtime_init_post_clock_resets+0x18>)
10001d92:	4a05      	ldr	r2, [pc, #20]	@ (10001da8 <runtime_init_post_clock_resets+0x1c>)
10001d94:	6019      	str	r1, [r3, #0]
10001d96:	6893      	ldr	r3, [r2, #8]
10001d98:	43db      	mvns	r3, r3
10001d9a:	f033 4360 	bics.w	r3, r3, #3758096384	@ 0xe0000000
10001d9e:	d1fa      	bne.n	10001d96 <runtime_init_post_clock_resets+0xa>
10001da0:	4770      	bx	lr
10001da2:	bf00      	nop
10001da4:	40023000 	.word	0x40023000
10001da8:	40020000 	.word	0x40020000

10001dac <runtime_init_bootrom_reset>:
10001dac:	b510      	push	{r4, lr}
10001dae:	f245 2053 	movw	r0, #21075	@ 0x5253
10001db2:	f7ff ff57 	bl	10001c64 <rom_func_lookup>
10001db6:	e8bd 4010 	ldmia.w	sp!, {r4, lr}
10001dba:	4603      	mov	r3, r0
10001dbc:	2004      	movs	r0, #4
10001dbe:	4718      	bx	r3

10001dc0 <runtime_init_per_core_bootrom_reset>:
10001dc0:	b510      	push	{r4, lr}
10001dc2:	f245 2053 	movw	r0, #21075	@ 0x5253
10001dc6:	f7ff ff4d 	bl	10001c64 <rom_func_lookup>
10001dca:	e8bd 4010 	ldmia.w	sp!, {r4, lr}
10001dce:	4603      	mov	r3, r0
10001dd0:	2001      	movs	r0, #1
10001dd2:	4718      	bx	r3

10001dd4 <runtime_init_spin_locks_reset>:
10001dd4:	f7fe be44 	b.w	10000a60 <spin_locks_reset>

10001dd8 <runtime_init_install_ram_vector_table>:
10001dd8:	4914      	ldr	r1, [pc, #80]	@ (10001e2c <runtime_init_install_ram_vector_table+0x54>)
10001dda:	4b15      	ldr	r3, [pc, #84]	@ (10001e30 <runtime_init_install_ram_vector_table+0x58>)
10001ddc:	b570      	push	{r4, r5, r6, lr}
10001dde:	1a5c      	subs	r4, r3, r1
10001de0:	10a6      	asrs	r6, r4, #2
10001de2:	2e44      	cmp	r6, #68	@ 0x44
10001de4:	4632      	mov	r2, r6
10001de6:	bf28      	it	cs
10001de8:	2244      	movcs	r2, #68	@ 0x44
10001dea:	4d12      	ldr	r5, [pc, #72]	@ (10001e34 <runtime_init_install_ram_vector_table+0x5c>)
10001dec:	0092      	lsls	r2, r2, #2
10001dee:	4628      	mov	r0, r5
10001df0:	f002 ff98 	bl	10004d24 <memcpy>
10001df4:	f5b4 7f86 	cmp.w	r4, #268	@ 0x10c
10001df8:	d813      	bhi.n	10001e22 <runtime_init_install_ram_vector_table+0x4a>
10001dfa:	4a0f      	ldr	r2, [pc, #60]	@ (10001e38 <runtime_init_install_ram_vector_table+0x60>)
10001dfc:	d014      	beq.n	10001e28 <runtime_init_install_ram_vector_table+0x50>
10001dfe:	f1c6 0044 	rsb	r0, r6, #68	@ 0x44
10001e02:	192b      	adds	r3, r5, r4
10001e04:	0841      	lsrs	r1, r0, #1
10001e06:	eb03 01c1 	add.w	r1, r3, r1, lsl #3
10001e0a:	e9c3 2200 	strd	r2, r2, [r3]
10001e0e:	3308      	adds	r3, #8
10001e10:	4299      	cmp	r1, r3
10001e12:	d1fa      	bne.n	10001e0a <runtime_init_install_ram_vector_table+0x32>
10001e14:	07c3      	lsls	r3, r0, #31
10001e16:	d504      	bpl.n	10001e22 <runtime_init_install_ram_vector_table+0x4a>
10001e18:	f020 0001 	bic.w	r0, r0, #1
10001e1c:	4430      	add	r0, r6
10001e1e:	f845 2020 	str.w	r2, [r5, r0, lsl #2]
10001e22:	4b06      	ldr	r3, [pc, #24]	@ (10001e3c <runtime_init_install_ram_vector_table+0x64>)
10001e24:	609d      	str	r5, [r3, #8]
10001e26:	bd70      	pop	{r4, r5, r6, pc}
10001e28:	2043      	movs	r0, #67	@ 0x43
10001e2a:	e7f8      	b.n	10001e1e <runtime_init_install_ram_vector_table+0x46>
10001e2c:	10000000 	.word	0x10000000
10001e30:	10000110 	.word	0x10000110
10001e34:	20000000 	.word	0x20000000
10001e38:	10000111 	.word	0x10000111
10001e3c:	e000ed00 	.word	0xe000ed00

10001e40 <runtime_init_clocks>:
10001e40:	2300      	movs	r3, #0
10001e42:	b570      	push	{r4, r5, r6, lr}
10001e44:	4c2b      	ldr	r4, [pc, #172]	@ (10001ef4 <runtime_init_clocks+0xb4>)
10001e46:	b082      	sub	sp, #8
10001e48:	f8c4 3084 	str.w	r3, [r4, #132]	@ 0x84
10001e4c:	f7ff ff3c 	bl	10001cc8 <xosc_init>
10001e50:	2201      	movs	r2, #1
10001e52:	4b29      	ldr	r3, [pc, #164]	@ (10001ef8 <runtime_init_clocks+0xb8>)
10001e54:	63da      	str	r2, [r3, #60]	@ 0x3c
10001e56:	6c63      	ldr	r3, [r4, #68]	@ 0x44
10001e58:	2b01      	cmp	r3, #1
10001e5a:	d1fc      	bne.n	10001e56 <runtime_init_clocks+0x16>
10001e5c:	2103      	movs	r1, #3
10001e5e:	4a26      	ldr	r2, [pc, #152]	@ (10001ef8 <runtime_init_clocks+0xb8>)
10001e60:	4b24      	ldr	r3, [pc, #144]	@ (10001ef4 <runtime_init_clocks+0xb4>)
10001e62:	6311      	str	r1, [r2, #48]	@ 0x30
10001e64:	6b9c      	ldr	r4, [r3, #56]	@ 0x38
10001e66:	2c01      	cmp	r4, #1
10001e68:	d1fc      	bne.n	10001e64 <runtime_init_clocks+0x24>
10001e6a:	2602      	movs	r6, #2
10001e6c:	2505      	movs	r5, #5
10001e6e:	4621      	mov	r1, r4
10001e70:	2305      	movs	r3, #5
10001e72:	4a22      	ldr	r2, [pc, #136]	@ (10001efc <runtime_init_clocks+0xbc>)
10001e74:	4822      	ldr	r0, [pc, #136]	@ (10001f00 <runtime_init_clocks+0xc0>)
10001e76:	9600      	str	r6, [sp, #0]
10001e78:	f7ff fe2e 	bl	10001ad8 <pll_init>
10001e7c:	4621      	mov	r1, r4
10001e7e:	462b      	mov	r3, r5
10001e80:	4a20      	ldr	r2, [pc, #128]	@ (10001f04 <runtime_init_clocks+0xc4>)
10001e82:	4821      	ldr	r0, [pc, #132]	@ (10001f08 <runtime_init_clocks+0xc8>)
10001e84:	9500      	str	r5, [sp, #0]
10001e86:	f7ff fe27 	bl	10001ad8 <pll_init>
10001e8a:	2200      	movs	r2, #0
10001e8c:	2004      	movs	r0, #4
10001e8e:	4631      	mov	r1, r6
10001e90:	4b1e      	ldr	r3, [pc, #120]	@ (10001f0c <runtime_init_clocks+0xcc>)
10001e92:	f7ff fdad 	bl	100019f0 <clock_configure_undivided>
10001e96:	4621      	mov	r1, r4
10001e98:	4628      	mov	r0, r5
10001e9a:	2200      	movs	r2, #0
10001e9c:	4b1c      	ldr	r3, [pc, #112]	@ (10001f10 <runtime_init_clocks+0xd0>)
10001e9e:	f7ff fda7 	bl	100019f0 <clock_configure_undivided>
10001ea2:	2200      	movs	r2, #0
10001ea4:	2008      	movs	r0, #8
10001ea6:	4611      	mov	r1, r2
10001ea8:	4b1a      	ldr	r3, [pc, #104]	@ (10001f14 <runtime_init_clocks+0xd4>)
10001eaa:	f7ff fda1 	bl	100019f0 <clock_configure_undivided>
10001eae:	2200      	movs	r2, #0
10001eb0:	2009      	movs	r0, #9
10001eb2:	4611      	mov	r1, r2
10001eb4:	4b17      	ldr	r3, [pc, #92]	@ (10001f14 <runtime_init_clocks+0xd4>)
10001eb6:	f7ff fd9b 	bl	100019f0 <clock_configure_undivided>
10001eba:	2200      	movs	r2, #0
10001ebc:	2006      	movs	r0, #6
10001ebe:	4611      	mov	r1, r2
10001ec0:	4b13      	ldr	r3, [pc, #76]	@ (10001f10 <runtime_init_clocks+0xd0>)
10001ec2:	f7ff fd95 	bl	100019f0 <clock_configure_undivided>
10001ec6:	2200      	movs	r2, #0
10001ec8:	4b11      	ldr	r3, [pc, #68]	@ (10001f10 <runtime_init_clocks+0xd0>)
10001eca:	2007      	movs	r0, #7
10001ecc:	4611      	mov	r1, r2
10001ece:	f7ff fd8f 	bl	100019f0 <clock_configure_undivided>
10001ed2:	2004      	movs	r0, #4
10001ed4:	f7ff fdfa 	bl	10001acc <clock_get_hz>
10001ed8:	2400      	movs	r4, #0
10001eda:	4b0f      	ldr	r3, [pc, #60]	@ (10001f18 <runtime_init_clocks+0xd8>)
10001edc:	fba3 3500 	umull	r3, r5, r3, r0
10001ee0:	0cad      	lsrs	r5, r5, #18
10001ee2:	b2e0      	uxtb	r0, r4
10001ee4:	4629      	mov	r1, r5
10001ee6:	3401      	adds	r4, #1
10001ee8:	f7ff fe94 	bl	10001c14 <tick_start>
10001eec:	2c06      	cmp	r4, #6
10001eee:	d1f8      	bne.n	10001ee2 <runtime_init_clocks+0xa2>
10001ef0:	b002      	add	sp, #8
10001ef2:	bd70      	pop	{r4, r5, r6, pc}
10001ef4:	40010000 	.word	0x40010000
10001ef8:	40013000 	.word	0x40013000
10001efc:	59682f00 	.word	0x59682f00
10001f00:	40050000 	.word	0x40050000
10001f04:	47868c00 	.word	0x47868c00
10001f08:	40058000 	.word	0x40058000
10001f0c:	00b71b00 	.word	0x00b71b00
10001f10:	08f0d180 	.word	0x08f0d180
10001f14:	02dc6c00 	.word	0x02dc6c00
10001f18:	431bde83 	.word	0x431bde83

10001f1c <_out_char>:
10001f1c:	b900      	cbnz	r0, 10001f20 <_out_char+0x4>
10001f1e:	4770      	bx	lr
10001f20:	f000 b920 	b.w	10002164 <__wrap_putchar>

10001f24 <weak_raw_vprintf>:
10001f24:	b510      	push	{r4, lr}
10001f26:	4a09      	ldr	r2, [pc, #36]	@ (10001f4c <weak_raw_vprintf+0x28>)
10001f28:	b084      	sub	sp, #16
10001f2a:	6814      	ldr	r4, [r2, #0]
10001f2c:	b14c      	cbz	r4, 10001f42 <weak_raw_vprintf+0x1e>
10001f2e:	4603      	mov	r3, r0
10001f30:	9100      	str	r1, [sp, #0]
10001f32:	f04f 32ff 	mov.w	r2, #4294967295	@ 0xffffffff
10001f36:	a903      	add	r1, sp, #12
10001f38:	4805      	ldr	r0, [pc, #20]	@ (10001f50 <weak_raw_vprintf+0x2c>)
10001f3a:	47a0      	blx	r4
10001f3c:	2001      	movs	r0, #1
10001f3e:	b004      	add	sp, #16
10001f40:	bd10      	pop	{r4, pc}
10001f42:	f000 f951 	bl	100021e8 <__wrap_puts>
10001f46:	4620      	mov	r0, r4
10001f48:	b004      	add	sp, #16
10001f4a:	bd10      	pop	{r4, pc}
10001f4c:	2000ee6c 	.word	0x2000ee6c
10001f50:	10001f1d 	.word	0x10001f1d

10001f54 <_exit>:
10001f54:	be00      	bkpt	0x0000
10001f56:	e7fd      	b.n	10001f54 <_exit>

10001f58 <exit>:
10001f58:	b508      	push	{r3, lr}
10001f5a:	f7ff fffb 	bl	10001f54 <_exit>
10001f5e:	bf00      	nop

10001f60 <runtime_init>:
10001f60:	b538      	push	{r3, r4, r5, lr}
10001f62:	4c06      	ldr	r4, [pc, #24]	@ (10001f7c <runtime_init+0x1c>)
10001f64:	4d06      	ldr	r5, [pc, #24]	@ (10001f80 <runtime_init+0x20>)
10001f66:	f7ff fecd 	bl	10001d04 <runtime_run_initializers>
10001f6a:	42ac      	cmp	r4, r5
10001f6c:	d204      	bcs.n	10001f78 <runtime_init+0x18>
10001f6e:	f854 3b04 	ldr.w	r3, [r4], #4
10001f72:	4798      	blx	r3
10001f74:	42ac      	cmp	r4, r5
10001f76:	d3fa      	bcc.n	10001f6e <runtime_init+0xe>
10001f78:	bd38      	pop	{r3, r4, r5, pc}
10001f7a:	bf00      	nop
10001f7c:	10004ef8 	.word	0x10004ef8
10001f80:	10004f00 	.word	0x10004f00

10001f84 <stdio_out_chars_no_crlf>:
10001f84:	6803      	ldr	r3, [r0, #0]
10001f86:	4608      	mov	r0, r1
10001f88:	4611      	mov	r1, r2
10001f8a:	4718      	bx	r3

10001f8c <stdio_out_chars_crlf>:
10001f8c:	b570      	push	{r4, r5, r6, lr}
10001f8e:	4605      	mov	r5, r0
10001f90:	4608      	mov	r0, r1
10001f92:	7d69      	ldrb	r1, [r5, #21]
10001f94:	b082      	sub	sp, #8
10001f96:	2900      	cmp	r1, #0
10001f98:	d04f      	beq.n	1000203a <stdio_out_chars_crlf+0xae>
10001f9a:	2a00      	cmp	r2, #0
10001f9c:	dd25      	ble.n	10001fea <stdio_out_chars_crlf+0x5e>
10001f9e:	7803      	ldrb	r3, [r0, #0]
10001fa0:	4614      	mov	r4, r2
10001fa2:	2b0a      	cmp	r3, #10
10001fa4:	4606      	mov	r6, r0
10001fa6:	d022      	beq.n	10001fee <stdio_out_chars_crlf+0x62>
10001fa8:	2c01      	cmp	r4, #1
10001faa:	f04f 0e00 	mov.w	lr, #0
10001fae:	d00d      	beq.n	10001fcc <stdio_out_chars_crlf+0x40>
10001fb0:	4632      	mov	r2, r6
10001fb2:	2301      	movs	r3, #1
10001fb4:	f812 cf01 	ldrb.w	ip, [r2, #1]!
10001fb8:	4619      	mov	r1, r3
10001fba:	f1bc 0f0a 	cmp.w	ip, #10
10001fbe:	f103 0301 	add.w	r3, r3, #1
10001fc2:	d020      	beq.n	10002006 <stdio_out_chars_crlf+0x7a>
10001fc4:	429c      	cmp	r4, r3
10001fc6:	d1f5      	bne.n	10001fb4 <stdio_out_chars_crlf+0x28>
10001fc8:	4574      	cmp	r4, lr
10001fca:	dd05      	ble.n	10001fd8 <stdio_out_chars_crlf+0x4c>
10001fcc:	682b      	ldr	r3, [r5, #0]
10001fce:	eba4 010e 	sub.w	r1, r4, lr
10001fd2:	eb06 000e 	add.w	r0, r6, lr
10001fd6:	4798      	blx	r3
10001fd8:	1931      	adds	r1, r6, r4
10001fda:	f811 3c01 	ldrb.w	r3, [r1, #-1]
10001fde:	f1a3 030d 	sub.w	r3, r3, #13
10001fe2:	fab3 f383 	clz	r3, r3
10001fe6:	095b      	lsrs	r3, r3, #5
10001fe8:	752b      	strb	r3, [r5, #20]
10001fea:	b002      	add	sp, #8
10001fec:	bd70      	pop	{r4, r5, r6, pc}
10001fee:	7d2b      	ldrb	r3, [r5, #20]
10001ff0:	2b00      	cmp	r3, #0
10001ff2:	d1d9      	bne.n	10001fa8 <stdio_out_chars_crlf+0x1c>
10001ff4:	2102      	movs	r1, #2
10001ff6:	682b      	ldr	r3, [r5, #0]
10001ff8:	4813      	ldr	r0, [pc, #76]	@ (10002048 <stdio_out_chars_crlf+0xbc>)
10001ffa:	4798      	blx	r3
10001ffc:	2c01      	cmp	r4, #1
10001ffe:	d0eb      	beq.n	10001fd8 <stdio_out_chars_crlf+0x4c>
10002000:	f04f 0e01 	mov.w	lr, #1
10002004:	e7d4      	b.n	10001fb0 <stdio_out_chars_crlf+0x24>
10002006:	f812 0c01 	ldrb.w	r0, [r2, #-1]
1000200a:	280d      	cmp	r0, #13
1000200c:	d0da      	beq.n	10001fc4 <stdio_out_chars_crlf+0x38>
1000200e:	458e      	cmp	lr, r1
10002010:	eb06 000e 	add.w	r0, r6, lr
10002014:	eba1 010e 	sub.w	r1, r1, lr
10002018:	da05      	bge.n	10002026 <stdio_out_chars_crlf+0x9a>
1000201a:	e9cd 3200 	strd	r3, r2, [sp]
1000201e:	682b      	ldr	r3, [r5, #0]
10002020:	4798      	blx	r3
10002022:	e9dd 3200 	ldrd	r3, r2, [sp]
10002026:	e9cd 3200 	strd	r3, r2, [sp]
1000202a:	2102      	movs	r1, #2
1000202c:	682b      	ldr	r3, [r5, #0]
1000202e:	4806      	ldr	r0, [pc, #24]	@ (10002048 <stdio_out_chars_crlf+0xbc>)
10002030:	4798      	blx	r3
10002032:	9b00      	ldr	r3, [sp, #0]
10002034:	9a01      	ldr	r2, [sp, #4]
10002036:	469e      	mov	lr, r3
10002038:	e7c4      	b.n	10001fc4 <stdio_out_chars_crlf+0x38>
1000203a:	4611      	mov	r1, r2
1000203c:	682b      	ldr	r3, [r5, #0]
1000203e:	b002      	add	sp, #8
10002040:	e8bd 4070 	ldmia.w	sp!, {r4, r5, r6, lr}
10002044:	4718      	bx	r3
10002046:	bf00      	nop
10002048:	10005124 	.word	0x10005124

1000204c <stdio_put_string>:
1000204c:	e92d 47f0 	stmdb	sp!, {r4, r5, r6, r7, r8, r9, sl, lr}
10002050:	b082      	sub	sp, #8
10002052:	4690      	mov	r8, r2
10002054:	461c      	mov	r4, r3
10002056:	460d      	mov	r5, r1
10002058:	4607      	mov	r7, r0
1000205a:	f7ff fcad 	bl	100019b8 <time_us_64>
1000205e:	f04f 3cff 	mov.w	ip, #4294967295	@ 0xffffffff
10002062:	f06f 4600 	mvn.w	r6, #2147483648	@ 0x80000000
10002066:	4a2e      	ldr	r2, [pc, #184]	@ (10002120 <stdio_put_string+0xd4>)
10002068:	1882      	adds	r2, r0, r2
1000206a:	f141 0300 	adc.w	r3, r1, #0
1000206e:	4594      	cmp	ip, r2
10002070:	eb76 0103 	sbcs.w	r1, r6, r3
10002074:	bf3c      	itt	cc
10002076:	4662      	movcc	r2, ip
10002078:	4633      	movcc	r3, r6
1000207a:	482a      	ldr	r0, [pc, #168]	@ (10002124 <stdio_put_string+0xd8>)
1000207c:	f002 ff14 	bl	10004ea8 <__mutex_try_enter_block_until_veneer>
10002080:	1c6b      	adds	r3, r5, #1
10002082:	4682      	mov	sl, r0
10002084:	d040      	beq.n	10002108 <stdio_put_string+0xbc>
10002086:	b30c      	cbz	r4, 100020cc <stdio_put_string+0x80>
10002088:	4e27      	ldr	r6, [pc, #156]	@ (10002128 <stdio_put_string+0xdc>)
1000208a:	4b28      	ldr	r3, [pc, #160]	@ (1000212c <stdio_put_string+0xe0>)
1000208c:	681c      	ldr	r4, [r3, #0]
1000208e:	b1b4      	cbz	r4, 100020be <stdio_put_string+0x72>
10002090:	f1b8 0f00 	cmp.w	r8, #0
10002094:	d11c      	bne.n	100020d0 <stdio_put_string+0x84>
10002096:	f8df 809c 	ldr.w	r8, [pc, #156]	@ 10002134 <stdio_put_string+0xe8>
1000209a:	e001      	b.n	100020a0 <stdio_put_string+0x54>
1000209c:	6924      	ldr	r4, [r4, #16]
1000209e:	b174      	cbz	r4, 100020be <stdio_put_string+0x72>
100020a0:	6823      	ldr	r3, [r4, #0]
100020a2:	2b00      	cmp	r3, #0
100020a4:	d0fa      	beq.n	1000209c <stdio_put_string+0x50>
100020a6:	f8d8 3000 	ldr.w	r3, [r8]
100020aa:	b10b      	cbz	r3, 100020b0 <stdio_put_string+0x64>
100020ac:	429c      	cmp	r4, r3
100020ae:	d1f5      	bne.n	1000209c <stdio_put_string+0x50>
100020b0:	4620      	mov	r0, r4
100020b2:	462a      	mov	r2, r5
100020b4:	4639      	mov	r1, r7
100020b6:	47b0      	blx	r6
100020b8:	6924      	ldr	r4, [r4, #16]
100020ba:	2c00      	cmp	r4, #0
100020bc:	d1f0      	bne.n	100020a0 <stdio_put_string+0x54>
100020be:	f1ba 0f00 	cmp.w	sl, #0
100020c2:	d126      	bne.n	10002112 <stdio_put_string+0xc6>
100020c4:	4628      	mov	r0, r5
100020c6:	b002      	add	sp, #8
100020c8:	e8bd 87f0 	ldmia.w	sp!, {r4, r5, r6, r7, r8, r9, sl, pc}
100020cc:	4e18      	ldr	r6, [pc, #96]	@ (10002130 <stdio_put_string+0xe4>)
100020ce:	e7dc      	b.n	1000208a <stdio_put_string+0x3e>
100020d0:	f04f 090a 	mov.w	r9, #10
100020d4:	f8df 805c 	ldr.w	r8, [pc, #92]	@ 10002134 <stdio_put_string+0xe8>
100020d8:	e002      	b.n	100020e0 <stdio_put_string+0x94>
100020da:	6924      	ldr	r4, [r4, #16]
100020dc:	2c00      	cmp	r4, #0
100020de:	d0ee      	beq.n	100020be <stdio_put_string+0x72>
100020e0:	6823      	ldr	r3, [r4, #0]
100020e2:	2b00      	cmp	r3, #0
100020e4:	d0f9      	beq.n	100020da <stdio_put_string+0x8e>
100020e6:	f8d8 3000 	ldr.w	r3, [r8]
100020ea:	b10b      	cbz	r3, 100020f0 <stdio_put_string+0xa4>
100020ec:	42a3      	cmp	r3, r4
100020ee:	d1f4      	bne.n	100020da <stdio_put_string+0x8e>
100020f0:	462a      	mov	r2, r5
100020f2:	4639      	mov	r1, r7
100020f4:	4620      	mov	r0, r4
100020f6:	47b0      	blx	r6
100020f8:	2201      	movs	r2, #1
100020fa:	4620      	mov	r0, r4
100020fc:	f10d 0107 	add.w	r1, sp, #7
10002100:	f88d 9007 	strb.w	r9, [sp, #7]
10002104:	47b0      	blx	r6
10002106:	e7e8      	b.n	100020da <stdio_put_string+0x8e>
10002108:	4638      	mov	r0, r7
1000210a:	f002 fe81 	bl	10004e10 <strlen>
1000210e:	4605      	mov	r5, r0
10002110:	e7b9      	b.n	10002086 <stdio_put_string+0x3a>
10002112:	4804      	ldr	r0, [pc, #16]	@ (10002124 <stdio_put_string+0xd8>)
10002114:	f002 febc 	bl	10004e90 <__mutex_exit_veneer>
10002118:	4628      	mov	r0, r5
1000211a:	b002      	add	sp, #8
1000211c:	e8bd 87f0 	ldmia.w	sp!, {r4, r5, r6, r7, r8, r9, sl, pc}
10002120:	000f4240 	.word	0x000f4240
10002124:	2000e29c 	.word	0x2000e29c
10002128:	10001f8d 	.word	0x10001f8d
1000212c:	2000ea5c 	.word	0x2000ea5c
10002130:	10001f85 	.word	0x10001f85
10002134:	2000ea64 	.word	0x2000ea64

10002138 <stdio_set_driver_enabled>:
10002138:	4a08      	ldr	r2, [pc, #32]	@ (1000215c <stdio_set_driver_enabled+0x24>)
1000213a:	6813      	ldr	r3, [r2, #0]
1000213c:	b923      	cbnz	r3, 10002148 <stdio_set_driver_enabled+0x10>
1000213e:	e00a      	b.n	10002156 <stdio_set_driver_enabled+0x1e>
10002140:	f103 0210 	add.w	r2, r3, #16
10002144:	691b      	ldr	r3, [r3, #16]
10002146:	b133      	cbz	r3, 10002156 <stdio_set_driver_enabled+0x1e>
10002148:	4283      	cmp	r3, r0
1000214a:	d1f9      	bne.n	10002140 <stdio_set_driver_enabled+0x8>
1000214c:	b929      	cbnz	r1, 1000215a <stdio_set_driver_enabled+0x22>
1000214e:	6918      	ldr	r0, [r3, #16]
10002150:	6010      	str	r0, [r2, #0]
10002152:	6119      	str	r1, [r3, #16]
10002154:	4770      	bx	lr
10002156:	b101      	cbz	r1, 1000215a <stdio_set_driver_enabled+0x22>
10002158:	6010      	str	r0, [r2, #0]
1000215a:	4770      	bx	lr
1000215c:	2000ea5c 	.word	0x2000ea5c

10002160 <stdio_init_all>:
10002160:	f000 ba74 	b.w	1000264c <stdio_usb_init>

10002164 <__wrap_putchar>:
10002164:	b5f0      	push	{r4, r5, r6, r7, lr}
10002166:	b083      	sub	sp, #12
10002168:	4606      	mov	r6, r0
1000216a:	f88d 0007 	strb.w	r0, [sp, #7]
1000216e:	f7ff fc23 	bl	100019b8 <time_us_64>
10002172:	f04f 35ff 	mov.w	r5, #4294967295	@ 0xffffffff
10002176:	f06f 4400 	mvn.w	r4, #2147483648	@ 0x80000000
1000217a:	4a17      	ldr	r2, [pc, #92]	@ (100021d8 <__wrap_putchar+0x74>)
1000217c:	1882      	adds	r2, r0, r2
1000217e:	f141 0300 	adc.w	r3, r1, #0
10002182:	4295      	cmp	r5, r2
10002184:	eb74 0103 	sbcs.w	r1, r4, r3
10002188:	bf3c      	itt	cc
1000218a:	4623      	movcc	r3, r4
1000218c:	462a      	movcc	r2, r5
1000218e:	4813      	ldr	r0, [pc, #76]	@ (100021dc <__wrap_putchar+0x78>)
10002190:	f002 fe8a 	bl	10004ea8 <__mutex_try_enter_block_until_veneer>
10002194:	4b12      	ldr	r3, [pc, #72]	@ (100021e0 <__wrap_putchar+0x7c>)
10002196:	4607      	mov	r7, r0
10002198:	681c      	ldr	r4, [r3, #0]
1000219a:	b19c      	cbz	r4, 100021c4 <__wrap_putchar+0x60>
1000219c:	4d11      	ldr	r5, [pc, #68]	@ (100021e4 <__wrap_putchar+0x80>)
1000219e:	e001      	b.n	100021a4 <__wrap_putchar+0x40>
100021a0:	6924      	ldr	r4, [r4, #16]
100021a2:	b17c      	cbz	r4, 100021c4 <__wrap_putchar+0x60>
100021a4:	6823      	ldr	r3, [r4, #0]
100021a6:	2b00      	cmp	r3, #0
100021a8:	d0fa      	beq.n	100021a0 <__wrap_putchar+0x3c>
100021aa:	682b      	ldr	r3, [r5, #0]
100021ac:	b10b      	cbz	r3, 100021b2 <__wrap_putchar+0x4e>
100021ae:	429c      	cmp	r4, r3
100021b0:	d1f6      	bne.n	100021a0 <__wrap_putchar+0x3c>
100021b2:	4620      	mov	r0, r4
100021b4:	2201      	movs	r2, #1
100021b6:	f10d 0107 	add.w	r1, sp, #7
100021ba:	f7ff fee7 	bl	10001f8c <stdio_out_chars_crlf>
100021be:	6924      	ldr	r4, [r4, #16]
100021c0:	2c00      	cmp	r4, #0
100021c2:	d1ef      	bne.n	100021a4 <__wrap_putchar+0x40>
100021c4:	b917      	cbnz	r7, 100021cc <__wrap_putchar+0x68>
100021c6:	4630      	mov	r0, r6
100021c8:	b003      	add	sp, #12
100021ca:	bdf0      	pop	{r4, r5, r6, r7, pc}
100021cc:	4803      	ldr	r0, [pc, #12]	@ (100021dc <__wrap_putchar+0x78>)
100021ce:	f002 fe5f 	bl	10004e90 <__mutex_exit_veneer>
100021d2:	4630      	mov	r0, r6
100021d4:	b003      	add	sp, #12
100021d6:	bdf0      	pop	{r4, r5, r6, r7, pc}
100021d8:	000f4240 	.word	0x000f4240
100021dc:	2000e29c 	.word	0x2000e29c
100021e0:	2000ea5c 	.word	0x2000ea5c
100021e4:	2000ea64 	.word	0x2000ea64

100021e8 <__wrap_puts>:
100021e8:	b538      	push	{r3, r4, r5, lr}
100021ea:	4604      	mov	r4, r0
100021ec:	f002 fe10 	bl	10004e10 <strlen>
100021f0:	2301      	movs	r3, #1
100021f2:	4605      	mov	r5, r0
100021f4:	461a      	mov	r2, r3
100021f6:	4620      	mov	r0, r4
100021f8:	4629      	mov	r1, r5
100021fa:	f7ff ff27 	bl	1000204c <stdio_put_string>
100021fe:	4b08      	ldr	r3, [pc, #32]	@ (10002220 <__wrap_puts+0x38>)
10002200:	681c      	ldr	r4, [r3, #0]
10002202:	b12c      	cbz	r4, 10002210 <__wrap_puts+0x28>
10002204:	6863      	ldr	r3, [r4, #4]
10002206:	b12b      	cbz	r3, 10002214 <__wrap_puts+0x2c>
10002208:	4798      	blx	r3
1000220a:	6924      	ldr	r4, [r4, #16]
1000220c:	2c00      	cmp	r4, #0
1000220e:	d1f9      	bne.n	10002204 <__wrap_puts+0x1c>
10002210:	4628      	mov	r0, r5
10002212:	bd38      	pop	{r3, r4, r5, pc}
10002214:	6924      	ldr	r4, [r4, #16]
10002216:	2c00      	cmp	r4, #0
10002218:	d1f4      	bne.n	10002204 <__wrap_puts+0x1c>
1000221a:	4628      	mov	r0, r5
1000221c:	bd38      	pop	{r3, r4, r5, pc}
1000221e:	bf00      	nop
10002220:	2000ea5c 	.word	0x2000ea5c

10002224 <resetd_init>:
10002224:	4770      	bx	lr
10002226:	bf00      	nop

10002228 <resetd_reset>:
10002228:	2200      	movs	r2, #0
1000222a:	4b01      	ldr	r3, [pc, #4]	@ (10002230 <resetd_reset+0x8>)
1000222c:	701a      	strb	r2, [r3, #0]
1000222e:	4770      	bx	lr
10002230:	2000eeec 	.word	0x2000eeec

10002234 <resetd_open>:
10002234:	794b      	ldrb	r3, [r1, #5]
10002236:	2bff      	cmp	r3, #255	@ 0xff
10002238:	d10b      	bne.n	10002252 <resetd_open+0x1e>
1000223a:	7988      	ldrb	r0, [r1, #6]
1000223c:	b948      	cbnz	r0, 10002252 <resetd_open+0x1e>
1000223e:	79cb      	ldrb	r3, [r1, #7]
10002240:	2b01      	cmp	r3, #1
10002242:	d107      	bne.n	10002254 <resetd_open+0x20>
10002244:	2a08      	cmp	r2, #8
10002246:	d905      	bls.n	10002254 <resetd_open+0x20>
10002248:	4b03      	ldr	r3, [pc, #12]	@ (10002258 <resetd_open+0x24>)
1000224a:	788a      	ldrb	r2, [r1, #2]
1000224c:	2009      	movs	r0, #9
1000224e:	701a      	strb	r2, [r3, #0]
10002250:	4770      	bx	lr
10002252:	2000      	movs	r0, #0
10002254:	4770      	bx	lr
10002256:	bf00      	nop
10002258:	2000eeec 	.word	0x2000eeec

1000225c <resetd_xfer_cb>:
1000225c:	2001      	movs	r0, #1
1000225e:	4770      	bx	lr

10002260 <resetd_control_xfer_cb>:
10002260:	2901      	cmp	r1, #1
10002262:	d001      	beq.n	10002268 <resetd_control_xfer_cb+0x8>
10002264:	2001      	movs	r0, #1
10002266:	4770      	bx	lr
10002268:	b508      	push	{r3, lr}
1000226a:	4b10      	ldr	r3, [pc, #64]	@ (100022ac <resetd_control_xfer_cb+0x4c>)
1000226c:	8891      	ldrh	r1, [r2, #4]
1000226e:	781b      	ldrb	r3, [r3, #0]
10002270:	4299      	cmp	r1, r3
10002272:	d001      	beq.n	10002278 <resetd_control_xfer_cb+0x18>
10002274:	2000      	movs	r0, #0
10002276:	bd08      	pop	{r3, pc}
10002278:	7853      	ldrb	r3, [r2, #1]
1000227a:	2b01      	cmp	r3, #1
1000227c:	d008      	beq.n	10002290 <resetd_control_xfer_cb+0x30>
1000227e:	2b02      	cmp	r3, #2
10002280:	d1f8      	bne.n	10002274 <resetd_control_xfer_cb+0x14>
10002282:	2100      	movs	r1, #0
10002284:	2264      	movs	r2, #100	@ 0x64
10002286:	4608      	mov	r0, r1
10002288:	f7ff fc6e 	bl	10001b68 <watchdog_reboot>
1000228c:	2001      	movs	r0, #1
1000228e:	bd08      	pop	{r3, pc}
10002290:	8851      	ldrh	r1, [r2, #2]
10002292:	05cb      	lsls	r3, r1, #23
10002294:	bf48      	it	mi
10002296:	0a48      	lsrmi	r0, r1, #9
10002298:	f3c1 2240 	ubfx	r2, r1, #9, #1
1000229c:	bf58      	it	pl
1000229e:	f04f 30ff 	movpl.w	r0, #4294967295	@ 0xffffffff
100022a2:	f001 017f 	and.w	r1, r1, #127	@ 0x7f
100022a6:	f7ff fce9 	bl	10001c7c <rom_reset_usb_boot_extra>
100022aa:	bf00      	nop
100022ac:	2000eeec 	.word	0x2000eeec

100022b0 <tud_descriptor_bos_cb>:
100022b0:	4800      	ldr	r0, [pc, #0]	@ (100022b4 <tud_descriptor_bos_cb+0x4>)
100022b2:	4770      	bx	lr
100022b4:	100051f0 	.word	0x100051f0

100022b8 <tud_vendor_control_xfer_cb>:
100022b8:	2901      	cmp	r1, #1
100022ba:	d107      	bne.n	100022cc <tud_vendor_control_xfer_cb+0x14>
100022bc:	7853      	ldrb	r3, [r2, #1]
100022be:	2b01      	cmp	r3, #1
100022c0:	d102      	bne.n	100022c8 <tud_vendor_control_xfer_cb+0x10>
100022c2:	8893      	ldrh	r3, [r2, #4]
100022c4:	2b07      	cmp	r3, #7
100022c6:	d003      	beq.n	100022d0 <tud_vendor_control_xfer_cb+0x18>
100022c8:	2000      	movs	r0, #0
100022ca:	4770      	bx	lr
100022cc:	2001      	movs	r0, #1
100022ce:	4770      	bx	lr
100022d0:	4611      	mov	r1, r2
100022d2:	23a6      	movs	r3, #166	@ 0xa6
100022d4:	4a01      	ldr	r2, [pc, #4]	@ (100022dc <tud_vendor_control_xfer_cb+0x24>)
100022d6:	f001 ba8d 	b.w	100037f4 <tud_control_xfer>
100022da:	bf00      	nop
100022dc:	10005148 	.word	0x10005148

100022e0 <usbd_app_driver_get_cb>:
100022e0:	4603      	mov	r3, r0
100022e2:	2201      	movs	r2, #1
100022e4:	4801      	ldr	r0, [pc, #4]	@ (100022ec <usbd_app_driver_get_cb+0xc>)
100022e6:	701a      	strb	r2, [r3, #0]
100022e8:	4770      	bx	lr
100022ea:	bf00      	nop
100022ec:	10005128 	.word	0x10005128

100022f0 <tud_cdc_line_coding_cb>:
100022f0:	b508      	push	{r3, lr}
100022f2:	680b      	ldr	r3, [r1, #0]
100022f4:	f5b3 6f96 	cmp.w	r3, #1200	@ 0x4b0
100022f8:	d000      	beq.n	100022fc <tud_cdc_line_coding_cb+0xc>
100022fa:	bd08      	pop	{r3, pc}
100022fc:	2200      	movs	r2, #0
100022fe:	f04f 30ff 	mov.w	r0, #4294967295	@ 0xffffffff
10002302:	4611      	mov	r1, r2
10002304:	f7ff fcba 	bl	10001c7c <rom_reset_usb_boot_extra>

10002308 <stdio_usb_set_chars_available_callback>:
10002308:	4a02      	ldr	r2, [pc, #8]	@ (10002314 <stdio_usb_set_chars_available_callback+0xc>)
1000230a:	4b03      	ldr	r3, [pc, #12]	@ (10002318 <stdio_usb_set_chars_available_callback+0x10>)
1000230c:	6010      	str	r0, [r2, #0]
1000230e:	6019      	str	r1, [r3, #0]
10002310:	4770      	bx	lr
10002312:	bf00      	nop
10002314:	2000e9fc 	.word	0x2000e9fc
10002318:	2000ea00 	.word	0x2000ea00

1000231c <timer_task>:
1000231c:	4b18      	ldr	r3, [pc, #96]	@ (10002380 <timer_task+0x64>)
1000231e:	b570      	push	{r4, r5, r6, lr}
10002320:	681a      	ldr	r2, [r3, #0]
10002322:	2a00      	cmp	r2, #0
10002324:	d028      	beq.n	10002378 <timer_task+0x5c>
10002326:	f3ef 8110 	mrs	r1, PRIMASK
1000232a:	b672      	cpsid	i
1000232c:	e8d2 4fcf 	ldaexb	r4, [r2]
10002330:	2001      	movs	r0, #1
10002332:	2c00      	cmp	r4, #0
10002334:	d1fa      	bne.n	1000232c <timer_task+0x10>
10002336:	e8c2 0f44 	strexb	r4, r0, [r2]
1000233a:	2c00      	cmp	r4, #0
1000233c:	d1f6      	bne.n	1000232c <timer_task+0x10>
1000233e:	f3bf 8f5f 	dmb	sy
10002342:	2200      	movs	r2, #0
10002344:	4c0f      	ldr	r4, [pc, #60]	@ (10002384 <timer_task+0x68>)
10002346:	6818      	ldr	r0, [r3, #0]
10002348:	6059      	str	r1, [r3, #4]
1000234a:	7022      	strb	r2, [r4, #0]
1000234c:	e8c0 2f8f 	stlb	r2, [r0]
10002350:	f381 8810 	msr	PRIMASK, r1
10002354:	2400      	movs	r4, #0
10002356:	2500      	movs	r5, #0
10002358:	4e0b      	ldr	r6, [pc, #44]	@ (10002388 <timer_task+0x6c>)
1000235a:	7830      	ldrb	r0, [r6, #0]
1000235c:	f7fe fbc2 	bl	10000ae4 <irq_is_enabled>
10002360:	b920      	cbnz	r0, 1000236c <timer_task+0x50>
10002362:	2400      	movs	r4, #0
10002364:	2500      	movs	r5, #0
10002366:	4620      	mov	r0, r4
10002368:	4629      	mov	r1, r5
1000236a:	bd70      	pop	{r4, r5, r6, pc}
1000236c:	7830      	ldrb	r0, [r6, #0]
1000236e:	f7fe fbc9 	bl	10000b04 <irq_set_pending>
10002372:	4620      	mov	r0, r4
10002374:	4629      	mov	r1, r5
10002376:	bd70      	pop	{r4, r5, r6, pc}
10002378:	f44f 747a 	mov.w	r4, #1000	@ 0x3e8
1000237c:	2500      	movs	r5, #0
1000237e:	e7eb      	b.n	10002358 <timer_task+0x3c>
10002380:	2000ee90 	.word	0x2000ee90
10002384:	2000eeee 	.word	0x2000eeee
10002388:	2000eeed 	.word	0x2000eeed

1000238c <usb_irq>:
1000238c:	4b01      	ldr	r3, [pc, #4]	@ (10002394 <usb_irq+0x8>)
1000238e:	7818      	ldrb	r0, [r3, #0]
10002390:	f7fe bbb8 	b.w	10000b04 <irq_set_pending>
10002394:	2000eeed 	.word	0x2000eeed

10002398 <stdio_usb_in_chars>:
10002398:	b538      	push	{r3, r4, r5, lr}
1000239a:	4604      	mov	r4, r0
1000239c:	2000      	movs	r0, #0
1000239e:	460d      	mov	r5, r1
100023a0:	f001 fb62 	bl	10003a68 <tud_cdc_n_connected>
100023a4:	b3a8      	cbz	r0, 10002412 <stdio_usb_in_chars+0x7a>
100023a6:	2000      	movs	r0, #0
100023a8:	f001 fb74 	bl	10003a94 <tud_cdc_n_available>
100023ac:	b388      	cbz	r0, 10002412 <stdio_usb_in_chars+0x7a>
100023ae:	f7ff fb03 	bl	100019b8 <time_us_64>
100023b2:	f04f 3eff 	mov.w	lr, #4294967295	@ 0xffffffff
100023b6:	f06f 4c00 	mvn.w	ip, #2147483648	@ 0x80000000
100023ba:	4a17      	ldr	r2, [pc, #92]	@ (10002418 <stdio_usb_in_chars+0x80>)
100023bc:	1882      	adds	r2, r0, r2
100023be:	f141 0300 	adc.w	r3, r1, #0
100023c2:	4596      	cmp	lr, r2
100023c4:	eb7c 0103 	sbcs.w	r1, ip, r3
100023c8:	bf3c      	itt	cc
100023ca:	4672      	movcc	r2, lr
100023cc:	4663      	movcc	r3, ip
100023ce:	4813      	ldr	r0, [pc, #76]	@ (1000241c <stdio_usb_in_chars+0x84>)
100023d0:	f002 fd6a 	bl	10004ea8 <__mutex_try_enter_block_until_veneer>
100023d4:	b1e8      	cbz	r0, 10002412 <stdio_usb_in_chars+0x7a>
100023d6:	2000      	movs	r0, #0
100023d8:	f001 fb46 	bl	10003a68 <tud_cdc_n_connected>
100023dc:	b958      	cbnz	r0, 100023f6 <stdio_usb_in_chars+0x5e>
100023de:	4601      	mov	r1, r0
100023e0:	f04f 30ff 	mov.w	r0, #4294967295	@ 0xffffffff
100023e4:	f000 fd2a 	bl	10002e3c <tud_task_ext>
100023e8:	f06f 0402 	mvn.w	r4, #2
100023ec:	480b      	ldr	r0, [pc, #44]	@ (1000241c <stdio_usb_in_chars+0x84>)
100023ee:	f002 fd4f 	bl	10004e90 <__mutex_exit_veneer>
100023f2:	4620      	mov	r0, r4
100023f4:	bd38      	pop	{r3, r4, r5, pc}
100023f6:	2000      	movs	r0, #0
100023f8:	f001 fb4c 	bl	10003a94 <tud_cdc_n_available>
100023fc:	2800      	cmp	r0, #0
100023fe:	d0ee      	beq.n	100023de <stdio_usb_in_chars+0x46>
10002400:	4621      	mov	r1, r4
10002402:	462a      	mov	r2, r5
10002404:	2000      	movs	r0, #0
10002406:	f001 fb4f 	bl	10003aa8 <tud_cdc_n_read>
1000240a:	4604      	mov	r4, r0
1000240c:	2800      	cmp	r0, #0
1000240e:	d1ed      	bne.n	100023ec <stdio_usb_in_chars+0x54>
10002410:	e7ea      	b.n	100023e8 <stdio_usb_in_chars+0x50>
10002412:	f06f 0402 	mvn.w	r4, #2
10002416:	e7ec      	b.n	100023f2 <stdio_usb_in_chars+0x5a>
10002418:	000f4240 	.word	0x000f4240
1000241c:	2000eecc 	.word	0x2000eecc

10002420 <stdio_usb_out_flush>:
10002420:	b508      	push	{r3, lr}
10002422:	f7ff fac9 	bl	100019b8 <time_us_64>
10002426:	f04f 3eff 	mov.w	lr, #4294967295	@ 0xffffffff
1000242a:	f06f 4c00 	mvn.w	ip, #2147483648	@ 0x80000000
1000242e:	4a0f      	ldr	r2, [pc, #60]	@ (1000246c <stdio_usb_out_flush+0x4c>)
10002430:	1882      	adds	r2, r0, r2
10002432:	f141 0300 	adc.w	r3, r1, #0
10002436:	4596      	cmp	lr, r2
10002438:	eb7c 0103 	sbcs.w	r1, ip, r3
1000243c:	bf3c      	itt	cc
1000243e:	4672      	movcc	r2, lr
10002440:	4663      	movcc	r3, ip
10002442:	480b      	ldr	r0, [pc, #44]	@ (10002470 <stdio_usb_out_flush+0x50>)
10002444:	f002 fd30 	bl	10004ea8 <__mutex_try_enter_block_until_veneer>
10002448:	b170      	cbz	r0, 10002468 <stdio_usb_out_flush+0x48>
1000244a:	f04f 30ff 	mov.w	r0, #4294967295	@ 0xffffffff
1000244e:	2100      	movs	r1, #0
10002450:	f000 fcf4 	bl	10002e3c <tud_task_ext>
10002454:	2000      	movs	r0, #0
10002456:	f001 fb6d 	bl	10003b34 <tud_cdc_n_write_flush>
1000245a:	2800      	cmp	r0, #0
1000245c:	d1f5      	bne.n	1000244a <stdio_usb_out_flush+0x2a>
1000245e:	e8bd 4008 	ldmia.w	sp!, {r3, lr}
10002462:	4803      	ldr	r0, [pc, #12]	@ (10002470 <stdio_usb_out_flush+0x50>)
10002464:	f002 bd14 	b.w	10004e90 <__mutex_exit_veneer>
10002468:	bd08      	pop	{r3, pc}
1000246a:	bf00      	nop
1000246c:	000f4240 	.word	0x000f4240
10002470:	2000eecc 	.word	0x2000eecc

10002474 <stdio_usb_out_chars>:
10002474:	e92d 41f0 	stmdb	sp!, {r4, r5, r6, r7, r8, lr}
10002478:	4607      	mov	r7, r0
1000247a:	460e      	mov	r6, r1
1000247c:	f7ff fa9c 	bl	100019b8 <time_us_64>
10002480:	f04f 35ff 	mov.w	r5, #4294967295	@ 0xffffffff
10002484:	f06f 4400 	mvn.w	r4, #2147483648	@ 0x80000000
10002488:	4a32      	ldr	r2, [pc, #200]	@ (10002554 <stdio_usb_out_chars+0xe0>)
1000248a:	1882      	adds	r2, r0, r2
1000248c:	f141 0300 	adc.w	r3, r1, #0
10002490:	4295      	cmp	r5, r2
10002492:	eb74 0103 	sbcs.w	r1, r4, r3
10002496:	bf3c      	itt	cc
10002498:	462a      	movcc	r2, r5
1000249a:	4623      	movcc	r3, r4
1000249c:	482e      	ldr	r0, [pc, #184]	@ (10002558 <stdio_usb_out_chars+0xe4>)
1000249e:	f002 fd03 	bl	10004ea8 <__mutex_try_enter_block_until_veneer>
100024a2:	b908      	cbnz	r0, 100024a8 <stdio_usb_out_chars+0x34>
100024a4:	e8bd 81f0 	ldmia.w	sp!, {r4, r5, r6, r7, r8, pc}
100024a8:	2000      	movs	r0, #0
100024aa:	f001 fadd 	bl	10003a68 <tud_cdc_n_connected>
100024ae:	2800      	cmp	r0, #0
100024b0:	d045      	beq.n	1000253e <stdio_usb_out_chars+0xca>
100024b2:	2e00      	cmp	r6, #0
100024b4:	dd3e      	ble.n	10002534 <stdio_usb_out_chars+0xc0>
100024b6:	2500      	movs	r5, #0
100024b8:	f8df 80a4 	ldr.w	r8, [pc, #164]	@ 10002560 <stdio_usb_out_chars+0xec>
100024bc:	e012      	b.n	100024e4 <stdio_usb_out_chars+0x70>
100024be:	4622      	mov	r2, r4
100024c0:	2000      	movs	r0, #0
100024c2:	f001 fb81 	bl	10003bc8 <tud_cdc_n_write>
100024c6:	2100      	movs	r1, #0
100024c8:	4405      	add	r5, r0
100024ca:	f04f 30ff 	mov.w	r0, #4294967295	@ 0xffffffff
100024ce:	f000 fcb5 	bl	10002e3c <tud_task_ext>
100024d2:	2000      	movs	r0, #0
100024d4:	f001 fb2e 	bl	10003b34 <tud_cdc_n_write_flush>
100024d8:	f7ff fa6e 	bl	100019b8 <time_us_64>
100024dc:	e9c8 0100 	strd	r0, r1, [r8]
100024e0:	42ae      	cmp	r6, r5
100024e2:	dd27      	ble.n	10002534 <stdio_usb_out_chars+0xc0>
100024e4:	2000      	movs	r0, #0
100024e6:	f001 fb8d 	bl	10003c04 <tud_cdc_n_write_available>
100024ea:	1b74      	subs	r4, r6, r5
100024ec:	4284      	cmp	r4, r0
100024ee:	bfa8      	it	ge
100024f0:	4604      	movge	r4, r0
100024f2:	1979      	adds	r1, r7, r5
100024f4:	2c00      	cmp	r4, #0
100024f6:	d1e2      	bne.n	100024be <stdio_usb_out_chars+0x4a>
100024f8:	4621      	mov	r1, r4
100024fa:	f04f 30ff 	mov.w	r0, #4294967295	@ 0xffffffff
100024fe:	f000 fc9d 	bl	10002e3c <tud_task_ext>
10002502:	4620      	mov	r0, r4
10002504:	f001 fb16 	bl	10003b34 <tud_cdc_n_write_flush>
10002508:	4620      	mov	r0, r4
1000250a:	f001 faad 	bl	10003a68 <tud_cdc_n_connected>
1000250e:	b188      	cbz	r0, 10002534 <stdio_usb_out_chars+0xc0>
10002510:	4620      	mov	r0, r4
10002512:	f001 fb77 	bl	10003c04 <tud_cdc_n_write_available>
10002516:	2800      	cmp	r0, #0
10002518:	d1e2      	bne.n	100024e0 <stdio_usb_out_chars+0x6c>
1000251a:	f7ff fa4d 	bl	100019b8 <time_us_64>
1000251e:	4a0f      	ldr	r2, [pc, #60]	@ (1000255c <stdio_usb_out_chars+0xe8>)
10002520:	f8d8 3000 	ldr.w	r3, [r8]
10002524:	189b      	adds	r3, r3, r2
10002526:	f8d8 2004 	ldr.w	r2, [r8, #4]
1000252a:	f142 0200 	adc.w	r2, r2, #0
1000252e:	4283      	cmp	r3, r0
10002530:	418a      	sbcs	r2, r1
10002532:	d2d5      	bcs.n	100024e0 <stdio_usb_out_chars+0x6c>
10002534:	4808      	ldr	r0, [pc, #32]	@ (10002558 <stdio_usb_out_chars+0xe4>)
10002536:	e8bd 41f0 	ldmia.w	sp!, {r4, r5, r6, r7, r8, lr}
1000253a:	f002 bca9 	b.w	10004e90 <__mutex_exit_veneer>
1000253e:	2000      	movs	r0, #0
10002540:	e8bd 41f0 	ldmia.w	sp!, {r4, r5, r6, r7, r8, lr}
10002544:	2100      	movs	r1, #0
10002546:	4b06      	ldr	r3, [pc, #24]	@ (10002560 <stdio_usb_out_chars+0xec>)
10002548:	e9c3 0100 	strd	r0, r1, [r3]
1000254c:	4802      	ldr	r0, [pc, #8]	@ (10002558 <stdio_usb_out_chars+0xe4>)
1000254e:	f002 bc9f 	b.w	10004e90 <__mutex_exit_veneer>
10002552:	bf00      	nop
10002554:	000f4240 	.word	0x000f4240
10002558:	2000eecc 	.word	0x2000eecc
1000255c:	0007a120 	.word	0x0007a120
10002560:	2000e4f0 	.word	0x2000e4f0

10002564 <low_priority_worker_irq>:
10002564:	b510      	push	{r4, lr}
10002566:	2100      	movs	r1, #0
10002568:	b084      	sub	sp, #16
1000256a:	4832      	ldr	r0, [pc, #200]	@ (10002634 <low_priority_worker_irq+0xd0>)
1000256c:	f002 fca0 	bl	10004eb0 <__mutex_try_enter_veneer>
10002570:	bb28      	cbnz	r0, 100025be <low_priority_worker_irq+0x5a>
10002572:	4b31      	ldr	r3, [pc, #196]	@ (10002638 <low_priority_worker_irq+0xd4>)
10002574:	681a      	ldr	r2, [r3, #0]
10002576:	b302      	cbz	r2, 100025ba <low_priority_worker_irq+0x56>
10002578:	f3ef 8110 	mrs	r1, PRIMASK
1000257c:	b672      	cpsid	i
1000257e:	e8d2 efcf 	ldaexb	lr, [r2]
10002582:	f05f 0c01 	movs.w	ip, #1
10002586:	f1be 0f00 	cmp.w	lr, #0
1000258a:	d1f8      	bne.n	1000257e <low_priority_worker_irq+0x1a>
1000258c:	e8c2 cf4e 	strexb	lr, ip, [r2]
10002590:	f1be 0f00 	cmp.w	lr, #0
10002594:	d1f3      	bne.n	1000257e <low_priority_worker_irq+0x1a>
10002596:	f3bf 8f5f 	dmb	sy
1000259a:	f8df c0a8 	ldr.w	ip, [pc, #168]	@ 10002644 <low_priority_worker_irq+0xe0>
1000259e:	f8d3 e000 	ldr.w	lr, [r3]
100025a2:	f89c 2000 	ldrb.w	r2, [ip]
100025a6:	6059      	str	r1, [r3, #4]
100025a8:	b2d3      	uxtb	r3, r2
100025aa:	2201      	movs	r2, #1
100025ac:	f88c 2000 	strb.w	r2, [ip]
100025b0:	e8ce 0f8f 	stlb	r0, [lr]
100025b4:	f381 8810 	msr	PRIMASK, r1
100025b8:	b1cb      	cbz	r3, 100025ee <low_priority_worker_irq+0x8a>
100025ba:	b004      	add	sp, #16
100025bc:	bd10      	pop	{r4, pc}
100025be:	2100      	movs	r1, #0
100025c0:	f04f 30ff 	mov.w	r0, #4294967295	@ 0xffffffff
100025c4:	f000 fc3a 	bl	10002e3c <tud_task_ext>
100025c8:	2000      	movs	r0, #0
100025ca:	f001 fa63 	bl	10003a94 <tud_cdc_n_available>
100025ce:	4604      	mov	r4, r0
100025d0:	4818      	ldr	r0, [pc, #96]	@ (10002634 <low_priority_worker_irq+0xd0>)
100025d2:	f002 fc5d 	bl	10004e90 <__mutex_exit_veneer>
100025d6:	2c00      	cmp	r4, #0
100025d8:	d0ef      	beq.n	100025ba <low_priority_worker_irq+0x56>
100025da:	4b18      	ldr	r3, [pc, #96]	@ (1000263c <low_priority_worker_irq+0xd8>)
100025dc:	681b      	ldr	r3, [r3, #0]
100025de:	2b00      	cmp	r3, #0
100025e0:	d0eb      	beq.n	100025ba <low_priority_worker_irq+0x56>
100025e2:	4a17      	ldr	r2, [pc, #92]	@ (10002640 <low_priority_worker_irq+0xdc>)
100025e4:	6810      	ldr	r0, [r2, #0]
100025e6:	b004      	add	sp, #16
100025e8:	e8bd 4010 	ldmia.w	sp!, {r4, lr}
100025ec:	4718      	bx	r3
100025ee:	f7fe ffbf 	bl	10001570 <alarm_pool_get_default>
100025f2:	4604      	mov	r4, r0
100025f4:	f7ff f9e0 	bl	100019b8 <time_us_64>
100025f8:	f04f 3eff 	mov.w	lr, #4294967295	@ 0xffffffff
100025fc:	f06f 4c00 	mvn.w	ip, #2147483648	@ 0x80000000
10002600:	f510 727a 	adds.w	r2, r0, #1000	@ 0x3e8
10002604:	f141 0300 	adc.w	r3, r1, #0
10002608:	4596      	cmp	lr, r2
1000260a:	eb7c 0103 	sbcs.w	r1, ip, r3
1000260e:	bf38      	it	cc
10002610:	4663      	movcc	r3, ip
10002612:	f04f 0100 	mov.w	r1, #0
10002616:	f04f 0c01 	mov.w	ip, #1
1000261a:	bf38      	it	cc
1000261c:	4672      	movcc	r2, lr
1000261e:	f8df e028 	ldr.w	lr, [pc, #40]	@ 10002648 <low_priority_worker_irq+0xe4>
10002622:	4620      	mov	r0, r4
10002624:	e9cd 1c01 	strd	r1, ip, [sp, #4]
10002628:	f8cd e000 	str.w	lr, [sp]
1000262c:	f7fe ffa4 	bl	10001578 <alarm_pool_add_alarm_at>
10002630:	b004      	add	sp, #16
10002632:	bd10      	pop	{r4, pc}
10002634:	2000eecc 	.word	0x2000eecc
10002638:	2000ee90 	.word	0x2000ee90
1000263c:	2000e9fc 	.word	0x2000e9fc
10002640:	2000ea00 	.word	0x2000ea00
10002644:	2000eeee 	.word	0x2000eeee
10002648:	1000231d 	.word	0x1000231d

1000264c <stdio_usb_init>:
1000264c:	f04f 4350 	mov.w	r3, #3489660928	@ 0xd0000000
10002650:	b530      	push	{r4, r5, lr}
10002652:	b085      	sub	sp, #20
10002654:	681c      	ldr	r4, [r3, #0]
10002656:	f7fe ff8b 	bl	10001570 <alarm_pool_get_default>
1000265a:	f7ff f8a7 	bl	100017ac <alarm_pool_core_num>
1000265e:	42a0      	cmp	r0, r4
10002660:	d002      	beq.n	10002668 <stdio_usb_init+0x1c>
10002662:	2000      	movs	r0, #0
10002664:	b005      	add	sp, #20
10002666:	bd30      	pop	{r4, r5, pc}
10002668:	2100      	movs	r1, #0
1000266a:	4b2c      	ldr	r3, [pc, #176]	@ (1000271c <stdio_usb_init+0xd0>)
1000266c:	4608      	mov	r0, r1
1000266e:	781b      	ldrb	r3, [r3, #0]
10002670:	f001 fdac 	bl	100041cc <tusb_rhport_init>
10002674:	482a      	ldr	r0, [pc, #168]	@ (10002720 <stdio_usb_init+0xd4>)
10002676:	6803      	ldr	r3, [r0, #0]
10002678:	2b00      	cmp	r3, #0
1000267a:	d04b      	beq.n	10002714 <stdio_usb_init+0xc8>
1000267c:	2001      	movs	r0, #1
1000267e:	f7fe fcf9 	bl	10001074 <user_irq_claim_unused>
10002682:	4603      	mov	r3, r0
10002684:	4c27      	ldr	r4, [pc, #156]	@ (10002724 <stdio_usb_init+0xd8>)
10002686:	4928      	ldr	r1, [pc, #160]	@ (10002728 <stdio_usb_init+0xdc>)
10002688:	b2c0      	uxtb	r0, r0
1000268a:	7023      	strb	r3, [r4, #0]
1000268c:	f7fe fa56 	bl	10000b3c <irq_set_exclusive_handler>
10002690:	7820      	ldrb	r0, [r4, #0]
10002692:	2101      	movs	r1, #1
10002694:	f7fe fa10 	bl	10000ab8 <irq_set_enabled>
10002698:	200e      	movs	r0, #14
1000269a:	f7fe fa3f 	bl	10000b1c <irq_has_shared_handler>
1000269e:	bb60      	cbnz	r0, 100026fa <stdio_usb_init+0xae>
100026a0:	4b22      	ldr	r3, [pc, #136]	@ (1000272c <stdio_usb_init+0xe0>)
100026a2:	f06f 4400 	mvn.w	r4, #2147483648	@ 0x80000000
100026a6:	e9c3 0000 	strd	r0, r0, [r3]
100026aa:	f7fe ff61 	bl	10001570 <alarm_pool_get_default>
100026ae:	4605      	mov	r5, r0
100026b0:	f7ff f982 	bl	100019b8 <time_us_64>
100026b4:	f04f 3cff 	mov.w	ip, #4294967295	@ 0xffffffff
100026b8:	f510 727a 	adds.w	r2, r0, #1000	@ 0x3e8
100026bc:	f141 0300 	adc.w	r3, r1, #0
100026c0:	4594      	cmp	ip, r2
100026c2:	eb74 0103 	sbcs.w	r1, r4, r3
100026c6:	bf38      	it	cc
100026c8:	4623      	movcc	r3, r4
100026ca:	f04f 0100 	mov.w	r1, #0
100026ce:	f04f 0401 	mov.w	r4, #1
100026d2:	bf38      	it	cc
100026d4:	4662      	movcc	r2, ip
100026d6:	f8df c060 	ldr.w	ip, [pc, #96]	@ 10002738 <stdio_usb_init+0xec>
100026da:	4628      	mov	r0, r5
100026dc:	e9cd 1401 	strd	r1, r4, [sp, #4]
100026e0:	f8cd c000 	str.w	ip, [sp]
100026e4:	f7fe ff48 	bl	10001578 <alarm_pool_add_alarm_at>
100026e8:	2800      	cmp	r0, #0
100026ea:	dbba      	blt.n	10002662 <stdio_usb_init+0x16>
100026ec:	2101      	movs	r1, #1
100026ee:	4810      	ldr	r0, [pc, #64]	@ (10002730 <stdio_usb_init+0xe4>)
100026f0:	f7ff fd22 	bl	10002138 <stdio_set_driver_enabled>
100026f4:	2001      	movs	r0, #1
100026f6:	b005      	add	sp, #20
100026f8:	bd30      	pop	{r4, r5, pc}
100026fa:	2001      	movs	r0, #1
100026fc:	f7fe f996 	bl	10000a2c <spin_lock_claim_unused>
10002700:	4601      	mov	r1, r0
10002702:	480a      	ldr	r0, [pc, #40]	@ (1000272c <stdio_usb_init+0xe0>)
10002704:	f7fe fd14 	bl	10001130 <critical_section_init_with_lock_num>
10002708:	2200      	movs	r2, #0
1000270a:	200e      	movs	r0, #14
1000270c:	4909      	ldr	r1, [pc, #36]	@ (10002734 <stdio_usb_init+0xe8>)
1000270e:	f7fe fa4d 	bl	10000bac <irq_add_shared_handler>
10002712:	e7eb      	b.n	100026ec <stdio_usb_init+0xa0>
10002714:	f7fe fcf0 	bl	100010f8 <mutex_init>
10002718:	e7b0      	b.n	1000267c <stdio_usb_init+0x30>
1000271a:	bf00      	nop
1000271c:	10005308 	.word	0x10005308
10002720:	2000eecc 	.word	0x2000eecc
10002724:	2000eeed 	.word	0x2000eeed
10002728:	10002565 	.word	0x10002565
1000272c:	2000ee90 	.word	0x2000ee90
10002730:	2000e264 	.word	0x2000e264
10002734:	1000238d 	.word	0x1000238d
10002738:	1000231d 	.word	0x1000231d

1000273c <tud_descriptor_device_cb>:
1000273c:	4800      	ldr	r0, [pc, #0]	@ (10002740 <tud_descriptor_device_cb+0x4>)
1000273e:	4770      	bx	lr
10002740:	1000528c 	.word	0x1000528c

10002744 <tud_descriptor_configuration_cb>:
10002744:	4800      	ldr	r0, [pc, #0]	@ (10002748 <tud_descriptor_configuration_cb+0x4>)
10002746:	4770      	bx	lr
10002748:	10005238 	.word	0x10005238

1000274c <tud_descriptor_string_cb>:
1000274c:	b500      	push	{lr}
1000274e:	4a1c      	ldr	r2, [pc, #112]	@ (100027c0 <tud_descriptor_string_cb+0x74>)
10002750:	4603      	mov	r3, r0
10002752:	7811      	ldrb	r1, [r2, #0]
10002754:	b083      	sub	sp, #12
10002756:	b331      	cbz	r1, 100027a6 <tud_descriptor_string_cb+0x5a>
10002758:	b963      	cbnz	r3, 10002774 <tud_descriptor_string_cb+0x28>
1000275a:	f240 4209 	movw	r2, #1033	@ 0x409
1000275e:	f44f 7341 	mov.w	r3, #772	@ 0x304
10002762:	f8df c060 	ldr.w	ip, [pc, #96]	@ 100027c4 <tud_descriptor_string_cb+0x78>
10002766:	f8ac 2002 	strh.w	r2, [ip, #2]
1000276a:	4816      	ldr	r0, [pc, #88]	@ (100027c4 <tud_descriptor_string_cb+0x78>)
1000276c:	f8ac 3000 	strh.w	r3, [ip]
10002770:	b003      	add	sp, #12
10002772:	bd00      	pop	{pc}
10002774:	2b05      	cmp	r3, #5
10002776:	d820      	bhi.n	100027ba <tud_descriptor_string_cb+0x6e>
10002778:	4a13      	ldr	r2, [pc, #76]	@ (100027c8 <tud_descriptor_string_cb+0x7c>)
1000277a:	f8df c048 	ldr.w	ip, [pc, #72]	@ 100027c4 <tud_descriptor_string_cb+0x78>
1000277e:	f852 1023 	ldr.w	r1, [r2, r3, lsl #2]
10002782:	4660      	mov	r0, ip
10002784:	2300      	movs	r3, #0
10002786:	3901      	subs	r1, #1
10002788:	e003      	b.n	10002792 <tud_descriptor_string_cb+0x46>
1000278a:	2b13      	cmp	r3, #19
1000278c:	f820 2f02 	strh.w	r2, [r0, #2]!
10002790:	d010      	beq.n	100027b4 <tud_descriptor_string_cb+0x68>
10002792:	f811 2f01 	ldrb.w	r2, [r1, #1]!
10002796:	3301      	adds	r3, #1
10002798:	b2db      	uxtb	r3, r3
1000279a:	2a00      	cmp	r2, #0
1000279c:	d1f5      	bne.n	1000278a <tud_descriptor_string_cb+0x3e>
1000279e:	005b      	lsls	r3, r3, #1
100027a0:	f443 7340 	orr.w	r3, r3, #768	@ 0x300
100027a4:	e7e1      	b.n	1000276a <tud_descriptor_string_cb+0x1e>
100027a6:	9001      	str	r0, [sp, #4]
100027a8:	2111      	movs	r1, #17
100027aa:	4610      	mov	r0, r2
100027ac:	f000 f824 	bl	100027f8 <pico_get_unique_board_id_string>
100027b0:	9b01      	ldr	r3, [sp, #4]
100027b2:	e7d1      	b.n	10002758 <tud_descriptor_string_cb+0xc>
100027b4:	f44f 734a 	mov.w	r3, #808	@ 0x328
100027b8:	e7d7      	b.n	1000276a <tud_descriptor_string_cb+0x1e>
100027ba:	2000      	movs	r0, #0
100027bc:	e7d8      	b.n	10002770 <tud_descriptor_string_cb+0x24>
100027be:	bf00      	nop
100027c0:	2000eed4 	.word	0x2000eed4
100027c4:	2000ea34 	.word	0x2000ea34
100027c8:	10005220 	.word	0x10005220

100027cc <_retrieve_unique_id_on_boot>:
100027cc:	b500      	push	{lr}
100027ce:	f245 3047 	movw	r0, #21319	@ 0x5347
100027d2:	b08b      	sub	sp, #44	@ 0x2c
100027d4:	f7ff fa46 	bl	10001c64 <rom_func_lookup>
100027d8:	2201      	movs	r2, #1
100027da:	4603      	mov	r3, r0
100027dc:	2109      	movs	r1, #9
100027de:	a801      	add	r0, sp, #4
100027e0:	4798      	blx	r3
100027e2:	e9dd 3203 	ldrd	r3, r2, [sp, #12]
100027e6:	4903      	ldr	r1, [pc, #12]	@ (100027f4 <_retrieve_unique_id_on_boot+0x28>)
100027e8:	ba12      	rev	r2, r2
100027ea:	ba1b      	rev	r3, r3
100027ec:	e9c1 2300 	strd	r2, r3, [r1]
100027f0:	b00b      	add	sp, #44	@ 0x2c
100027f2:	bd00      	pop	{pc}
100027f4:	2000eec0 	.word	0x2000eec0

100027f8 <pico_get_unique_board_id_string>:
100027f8:	2901      	cmp	r1, #1
100027fa:	f000 80bb 	beq.w	10002974 <pico_get_unique_board_id_string+0x17c>
100027fe:	4a61      	ldr	r2, [pc, #388]	@ (10002984 <pico_get_unique_board_id_string+0x18c>)
10002800:	3901      	subs	r1, #1
10002802:	7813      	ldrb	r3, [r2, #0]
10002804:	ea4f 1c23 	mov.w	ip, r3, asr #4
10002808:	f1bc 0f09 	cmp.w	ip, #9
1000280c:	bfcc      	ite	gt
1000280e:	f10c 0c37 	addgt.w	ip, ip, #55	@ 0x37
10002812:	f10c 0c30 	addle.w	ip, ip, #48	@ 0x30
10002816:	2901      	cmp	r1, #1
10002818:	f880 c000 	strb.w	ip, [r0]
1000281c:	f000 80ad 	beq.w	1000297a <pico_get_unique_board_id_string+0x182>
10002820:	f003 030f 	and.w	r3, r3, #15
10002824:	2b09      	cmp	r3, #9
10002826:	bf8c      	ite	hi
10002828:	3337      	addhi	r3, #55	@ 0x37
1000282a:	3330      	addls	r3, #48	@ 0x30
1000282c:	2902      	cmp	r1, #2
1000282e:	7043      	strb	r3, [r0, #1]
10002830:	f000 80a3 	beq.w	1000297a <pico_get_unique_board_id_string+0x182>
10002834:	7853      	ldrb	r3, [r2, #1]
10002836:	ea4f 1c23 	mov.w	ip, r3, asr #4
1000283a:	f1bc 0f09 	cmp.w	ip, #9
1000283e:	bfcc      	ite	gt
10002840:	f10c 0c37 	addgt.w	ip, ip, #55	@ 0x37
10002844:	f10c 0c30 	addle.w	ip, ip, #48	@ 0x30
10002848:	2903      	cmp	r1, #3
1000284a:	f880 c002 	strb.w	ip, [r0, #2]
1000284e:	f000 8094 	beq.w	1000297a <pico_get_unique_board_id_string+0x182>
10002852:	f003 030f 	and.w	r3, r3, #15
10002856:	2b09      	cmp	r3, #9
10002858:	bf8c      	ite	hi
1000285a:	3337      	addhi	r3, #55	@ 0x37
1000285c:	3330      	addls	r3, #48	@ 0x30
1000285e:	2904      	cmp	r1, #4
10002860:	70c3      	strb	r3, [r0, #3]
10002862:	f000 808a 	beq.w	1000297a <pico_get_unique_board_id_string+0x182>
10002866:	7893      	ldrb	r3, [r2, #2]
10002868:	ea4f 1c23 	mov.w	ip, r3, asr #4
1000286c:	f1bc 0f09 	cmp.w	ip, #9
10002870:	bfcc      	ite	gt
10002872:	f10c 0c37 	addgt.w	ip, ip, #55	@ 0x37
10002876:	f10c 0c30 	addle.w	ip, ip, #48	@ 0x30
1000287a:	2905      	cmp	r1, #5
1000287c:	f880 c004 	strb.w	ip, [r0, #4]
10002880:	d07b      	beq.n	1000297a <pico_get_unique_board_id_string+0x182>
10002882:	f003 030f 	and.w	r3, r3, #15
10002886:	2b09      	cmp	r3, #9
10002888:	bf8c      	ite	hi
1000288a:	3337      	addhi	r3, #55	@ 0x37
1000288c:	3330      	addls	r3, #48	@ 0x30
1000288e:	2906      	cmp	r1, #6
10002890:	7143      	strb	r3, [r0, #5]
10002892:	d072      	beq.n	1000297a <pico_get_unique_board_id_string+0x182>
10002894:	78d3      	ldrb	r3, [r2, #3]
10002896:	ea4f 1c23 	mov.w	ip, r3, asr #4
1000289a:	f1bc 0f09 	cmp.w	ip, #9
1000289e:	bfcc      	ite	gt
100028a0:	f10c 0c37 	addgt.w	ip, ip, #55	@ 0x37
100028a4:	f10c 0c30 	addle.w	ip, ip, #48	@ 0x30
100028a8:	2907      	cmp	r1, #7
100028aa:	f880 c006 	strb.w	ip, [r0, #6]
100028ae:	d064      	beq.n	1000297a <pico_get_unique_board_id_string+0x182>
100028b0:	f003 030f 	and.w	r3, r3, #15
100028b4:	2b09      	cmp	r3, #9
100028b6:	bf8c      	ite	hi
100028b8:	3337      	addhi	r3, #55	@ 0x37
100028ba:	3330      	addls	r3, #48	@ 0x30
100028bc:	2908      	cmp	r1, #8
100028be:	71c3      	strb	r3, [r0, #7]
100028c0:	d05b      	beq.n	1000297a <pico_get_unique_board_id_string+0x182>
100028c2:	7913      	ldrb	r3, [r2, #4]
100028c4:	ea4f 1c23 	mov.w	ip, r3, asr #4
100028c8:	f1bc 0f09 	cmp.w	ip, #9
100028cc:	bfcc      	ite	gt
100028ce:	f10c 0c37 	addgt.w	ip, ip, #55	@ 0x37
100028d2:	f10c 0c30 	addle.w	ip, ip, #48	@ 0x30
100028d6:	2909      	cmp	r1, #9
100028d8:	f880 c008 	strb.w	ip, [r0, #8]
100028dc:	d04d      	beq.n	1000297a <pico_get_unique_board_id_string+0x182>
100028de:	f003 030f 	and.w	r3, r3, #15
100028e2:	2b09      	cmp	r3, #9
100028e4:	bf8c      	ite	hi
100028e6:	3337      	addhi	r3, #55	@ 0x37
100028e8:	3330      	addls	r3, #48	@ 0x30
100028ea:	290a      	cmp	r1, #10
100028ec:	7243      	strb	r3, [r0, #9]
100028ee:	d044      	beq.n	1000297a <pico_get_unique_board_id_string+0x182>
100028f0:	7953      	ldrb	r3, [r2, #5]
100028f2:	ea4f 1c23 	mov.w	ip, r3, asr #4
100028f6:	f1bc 0f09 	cmp.w	ip, #9
100028fa:	bfcc      	ite	gt
100028fc:	f10c 0c37 	addgt.w	ip, ip, #55	@ 0x37
10002900:	f10c 0c30 	addle.w	ip, ip, #48	@ 0x30
10002904:	290b      	cmp	r1, #11
10002906:	f880 c00a 	strb.w	ip, [r0, #10]
1000290a:	d036      	beq.n	1000297a <pico_get_unique_board_id_string+0x182>
1000290c:	f003 030f 	and.w	r3, r3, #15
10002910:	2b09      	cmp	r3, #9
10002912:	bf8c      	ite	hi
10002914:	3337      	addhi	r3, #55	@ 0x37
10002916:	3330      	addls	r3, #48	@ 0x30
10002918:	290c      	cmp	r1, #12
1000291a:	72c3      	strb	r3, [r0, #11]
1000291c:	d02d      	beq.n	1000297a <pico_get_unique_board_id_string+0x182>
1000291e:	7993      	ldrb	r3, [r2, #6]
10002920:	ea4f 1c23 	mov.w	ip, r3, asr #4
10002924:	f1bc 0f09 	cmp.w	ip, #9
10002928:	bfcc      	ite	gt
1000292a:	f10c 0c37 	addgt.w	ip, ip, #55	@ 0x37
1000292e:	f10c 0c30 	addle.w	ip, ip, #48	@ 0x30
10002932:	290d      	cmp	r1, #13
10002934:	f880 c00c 	strb.w	ip, [r0, #12]
10002938:	d01f      	beq.n	1000297a <pico_get_unique_board_id_string+0x182>
1000293a:	f003 030f 	and.w	r3, r3, #15
1000293e:	2b09      	cmp	r3, #9
10002940:	bf8c      	ite	hi
10002942:	3337      	addhi	r3, #55	@ 0x37
10002944:	3330      	addls	r3, #48	@ 0x30
10002946:	290e      	cmp	r1, #14
10002948:	7343      	strb	r3, [r0, #13]
1000294a:	d016      	beq.n	1000297a <pico_get_unique_board_id_string+0x182>
1000294c:	79d3      	ldrb	r3, [r2, #7]
1000294e:	111a      	asrs	r2, r3, #4
10002950:	2a09      	cmp	r2, #9
10002952:	bfcc      	ite	gt
10002954:	3237      	addgt	r2, #55	@ 0x37
10002956:	3230      	addle	r2, #48	@ 0x30
10002958:	290f      	cmp	r1, #15
1000295a:	7382      	strb	r2, [r0, #14]
1000295c:	d00d      	beq.n	1000297a <pico_get_unique_board_id_string+0x182>
1000295e:	f003 030f 	and.w	r3, r3, #15
10002962:	2b09      	cmp	r3, #9
10002964:	bf94      	ite	ls
10002966:	3330      	addls	r3, #48	@ 0x30
10002968:	3337      	addhi	r3, #55	@ 0x37
1000296a:	2910      	cmp	r1, #16
1000296c:	73c3      	strb	r3, [r0, #15]
1000296e:	bf18      	it	ne
10002970:	3010      	addne	r0, #16
10002972:	d002      	beq.n	1000297a <pico_get_unique_board_id_string+0x182>
10002974:	2300      	movs	r3, #0
10002976:	7003      	strb	r3, [r0, #0]
10002978:	4770      	bx	lr
1000297a:	2300      	movs	r3, #0
1000297c:	4408      	add	r0, r1
1000297e:	7003      	strb	r3, [r0, #0]
10002980:	4770      	bx	lr
10002982:	bf00      	nop
10002984:	2000eec0 	.word	0x2000eec0

10002988 <dcd_init>:
10002988:	b510      	push	{r4, lr}
1000298a:	f000 f939 	bl	10002c00 <rp2040_usb_init>
1000298e:	230c      	movs	r3, #12
10002990:	4c1c      	ldr	r4, [pc, #112]	@ (10002a04 <dcd_init+0x7c>)
10002992:	22ff      	movs	r2, #255	@ 0xff
10002994:	67a3      	str	r3, [r4, #120]	@ 0x78
10002996:	200e      	movs	r0, #14
10002998:	491b      	ldr	r1, [pc, #108]	@ (10002a08 <dcd_init+0x80>)
1000299a:	f7fe f907 	bl	10000bac <irq_add_shared_handler>
1000299e:	2240      	movs	r2, #64	@ 0x40
100029a0:	2100      	movs	r1, #0
100029a2:	481a      	ldr	r0, [pc, #104]	@ (10002a0c <dcd_init+0x84>)
100029a4:	f002 f97a 	bl	10004c9c <memset>
100029a8:	f04f 0c80 	mov.w	ip, #128	@ 0x80
100029ac:	2001      	movs	r0, #1
100029ae:	4a17      	ldr	r2, [pc, #92]	@ (10002a0c <dcd_init+0x84>)
100029b0:	2300      	movs	r3, #0
100029b2:	f8a2 c022 	strh.w	ip, [r2, #34]	@ 0x22
100029b6:	7050      	strb	r0, [r2, #1]
100029b8:	4610      	mov	r0, r2
100029ba:	2240      	movs	r2, #64	@ 0x40
100029bc:	4914      	ldr	r1, [pc, #80]	@ (10002a10 <dcd_init+0x88>)
100029be:	8302      	strh	r2, [r0, #24]
100029c0:	8702      	strh	r2, [r0, #56]	@ 0x38
100029c2:	4a14      	ldr	r2, [pc, #80]	@ (10002a14 <dcd_init+0x8c>)
100029c4:	6081      	str	r1, [r0, #8]
100029c6:	6043      	str	r3, [r0, #4]
100029c8:	f8c2 3084 	str.w	r3, [r2, #132]	@ 0x84
100029cc:	f8c2 3080 	str.w	r3, [r2, #128]	@ 0x80
100029d0:	f880 3021 	strb.w	r3, [r0, #33]	@ 0x21
100029d4:	f880 303b 	strb.w	r3, [r0, #59]	@ 0x3b
100029d8:	6243      	str	r3, [r0, #36]	@ 0x24
100029da:	4b0f      	ldr	r3, [pc, #60]	@ (10002a18 <dcd_init+0x90>)
100029dc:	60c3      	str	r3, [r0, #12]
100029de:	62c3      	str	r3, [r0, #44]	@ 0x2c
100029e0:	3b80      	subs	r3, #128	@ 0x80
100029e2:	6283      	str	r3, [r0, #40]	@ 0x28
100029e4:	f002 fa58 	bl	10004e98 <__reset_non_control_endpoints_veneer>
100029e8:	f04f 5c00 	mov.w	ip, #536870912	@ 0x20000000
100029ec:	f44f 3280 	mov.w	r2, #65536	@ 0x10000
100029f0:	2001      	movs	r0, #1
100029f2:	490a      	ldr	r1, [pc, #40]	@ (10002a1c <dcd_init+0x94>)
100029f4:	4b0a      	ldr	r3, [pc, #40]	@ (10002a20 <dcd_init+0x98>)
100029f6:	6420      	str	r0, [r4, #64]	@ 0x40
100029f8:	f8c4 c04c 	str.w	ip, [r4, #76]	@ 0x4c
100029fc:	f8c4 1090 	str.w	r1, [r4, #144]	@ 0x90
10002a00:	64da      	str	r2, [r3, #76]	@ 0x4c
10002a02:	bd10      	pop	{r4, pc}
10002a04:	50110000 	.word	0x50110000
10002a08:	20000399 	.word	0x20000399
10002a0c:	2000ea68 	.word	0x2000ea68
10002a10:	50100084 	.word	0x50100084
10002a14:	50100000 	.word	0x50100000
10002a18:	50100100 	.word	0x50100100
10002a1c:	0001d010 	.word	0x0001d010
10002a20:	50112000 	.word	0x50112000

10002a24 <dcd_int_enable>:
10002a24:	2101      	movs	r1, #1
10002a26:	200e      	movs	r0, #14
10002a28:	f7fe b846 	b.w	10000ab8 <irq_set_enabled>

10002a2c <dcd_set_address>:
10002a2c:	2200      	movs	r2, #0
10002a2e:	4802      	ldr	r0, [pc, #8]	@ (10002a38 <dcd_set_address+0xc>)
10002a30:	4611      	mov	r1, r2
10002a32:	f000 b905 	b.w	10002c40 <hw_endpoint_xfer_start>
10002a36:	bf00      	nop
10002a38:	2000ea88 	.word	0x2000ea88

10002a3c <dcd_sof_enable>:
10002a3c:	4b04      	ldr	r3, [pc, #16]	@ (10002a50 <dcd_sof_enable+0x14>)
10002a3e:	7019      	strb	r1, [r3, #0]
10002a40:	b121      	cbz	r1, 10002a4c <dcd_sof_enable+0x10>
10002a42:	f44f 3200 	mov.w	r2, #131072	@ 0x20000
10002a46:	4b03      	ldr	r3, [pc, #12]	@ (10002a54 <dcd_sof_enable+0x18>)
10002a48:	f8c3 2090 	str.w	r2, [r3, #144]	@ 0x90
10002a4c:	4770      	bx	lr
10002a4e:	bf00      	nop
10002a50:	2000eee9 	.word	0x2000eee9
10002a54:	50112000 	.word	0x50112000

10002a58 <dcd_edpt0_status_complete>:
10002a58:	780b      	ldrb	r3, [r1, #0]
10002a5a:	065b      	lsls	r3, r3, #25
10002a5c:	d000      	beq.n	10002a60 <dcd_edpt0_status_complete+0x8>
10002a5e:	4770      	bx	lr
10002a60:	784b      	ldrb	r3, [r1, #1]
10002a62:	2b05      	cmp	r3, #5
10002a64:	d1fb      	bne.n	10002a5e <dcd_edpt0_status_complete+0x6>
10002a66:	884b      	ldrh	r3, [r1, #2]
10002a68:	4a01      	ldr	r2, [pc, #4]	@ (10002a70 <dcd_edpt0_status_complete+0x18>)
10002a6a:	b2db      	uxtb	r3, r3
10002a6c:	6013      	str	r3, [r2, #0]
10002a6e:	e7f6      	b.n	10002a5e <dcd_edpt0_status_complete+0x6>
10002a70:	50110000 	.word	0x50110000

10002a74 <dcd_edpt_open>:
10002a74:	78cb      	ldrb	r3, [r1, #3]
10002a76:	f003 0c03 	and.w	ip, r3, #3
10002a7a:	f1bc 0f01 	cmp.w	ip, #1
10002a7e:	f3c3 0001 	ubfx	r0, r3, #0, #2
10002a82:	d062      	beq.n	10002b4a <dcd_edpt_open+0xd6>
10002a84:	e92d 41f0 	stmdb	sp!, {r4, r5, r6, r7, r8, lr}
10002a88:	2600      	movs	r6, #0
10002a8a:	f891 e002 	ldrb.w	lr, [r1, #2]
10002a8e:	4c36      	ldr	r4, [pc, #216]	@ (10002b68 <dcd_edpt_open+0xf4>)
10002a90:	f00e 027f 	and.w	r2, lr, #127	@ 0x7f
10002a94:	0053      	lsls	r3, r2, #1
10002a96:	8889      	ldrh	r1, [r1, #4]
10002a98:	4698      	mov	r8, r3
10002a9a:	eb03 13de 	add.w	r3, r3, lr, lsr #7
10002a9e:	eb04 1343 	add.w	r3, r4, r3, lsl #5
10002aa2:	ea4f 15de 	mov.w	r5, lr, lsr #7
10002aa6:	76d8      	strb	r0, [r3, #27]
10002aa8:	f3c1 010a 	ubfx	r1, r1, #0, #11
10002aac:	f085 0001 	eor.w	r0, r5, #1
10002ab0:	f883 e002 	strb.w	lr, [r3, #2]
10002ab4:	8319      	strh	r1, [r3, #24]
10002ab6:	7058      	strb	r0, [r3, #1]
10002ab8:	70de      	strb	r6, [r3, #3]
10002aba:	00d3      	lsls	r3, r2, #3
10002abc:	2d00      	cmp	r5, #0
10002abe:	d132      	bne.n	10002b26 <dcd_edpt_open+0xb2>
10002ac0:	482a      	ldr	r0, [pc, #168]	@ (10002b6c <dcd_edpt_open+0xf8>)
10002ac2:	3304      	adds	r3, #4
10002ac4:	eb04 1e82 	add.w	lr, r4, r2, lsl #6
10002ac8:	181f      	adds	r7, r3, r0
10002aca:	f8ce 7008 	str.w	r7, [lr, #8]
10002ace:	501e      	str	r6, [r3, r0]
10002ad0:	b392      	cbz	r2, 10002b38 <dcd_edpt_open+0xc4>
10002ad2:	4b27      	ldr	r3, [pc, #156]	@ (10002b70 <dcd_edpt_open+0xfc>)
10002ad4:	eb03 03c2 	add.w	r3, r3, r2, lsl #3
10002ad8:	f8ce 3004 	str.w	r3, [lr, #4]
10002adc:	313f      	adds	r1, #63	@ 0x3f
10002ade:	0989      	lsrs	r1, r1, #6
10002ae0:	f1bc 0f02 	cmp.w	ip, #2
10002ae4:	bf14      	ite	ne
10002ae6:	018b      	lslne	r3, r1, #6
10002ae8:	01cb      	lsleq	r3, r1, #7
10002aea:	4922      	ldr	r1, [pc, #136]	@ (10002b74 <dcd_edpt_open+0x100>)
10002aec:	eb08 0605 	add.w	r6, r8, r5
10002af0:	680a      	ldr	r2, [r1, #0]
10002af2:	eb04 1646 	add.w	r6, r4, r6, lsl #5
10002af6:	4413      	add	r3, r2
10002af8:	600b      	str	r3, [r1, #0]
10002afa:	491f      	ldr	r1, [pc, #124]	@ (10002b78 <dcd_edpt_open+0x104>)
10002afc:	60f2      	str	r2, [r6, #12]
10002afe:	428b      	cmp	r3, r1
10002b00:	d82d      	bhi.n	10002b5e <dcd_edpt_open+0xea>
10002b02:	eb08 0305 	add.w	r3, r8, r5
10002b06:	eb04 1443 	add.w	r4, r4, r3, lsl #5
10002b0a:	7ee1      	ldrb	r1, [r4, #27]
10002b0c:	f082 42a0 	eor.w	r2, r2, #1342177280	@ 0x50000000
10002b10:	f482 1280 	eor.w	r2, r2, #1048576	@ 0x100000
10002b14:	6863      	ldr	r3, [r4, #4]
10002b16:	ea42 6281 	orr.w	r2, r2, r1, lsl #26
10002b1a:	f042 4200 	orr.w	r2, r2, #2147483648	@ 0x80000000
10002b1e:	2001      	movs	r0, #1
10002b20:	601a      	str	r2, [r3, #0]
10002b22:	e8bd 81f0 	ldmia.w	sp!, {r4, r5, r6, r7, r8, pc}
10002b26:	4811      	ldr	r0, [pc, #68]	@ (10002b6c <dcd_edpt_open+0xf8>)
10002b28:	eb04 1e82 	add.w	lr, r4, r2, lsl #6
10002b2c:	4403      	add	r3, r0
10002b2e:	f8ce 3028 	str.w	r3, [lr, #40]	@ 0x28
10002b32:	f840 6032 	str.w	r6, [r0, r2, lsl #3]
10002b36:	b952      	cbnz	r2, 10002b4e <dcd_edpt_open+0xda>
10002b38:	4613      	mov	r3, r2
10002b3a:	4a10      	ldr	r2, [pc, #64]	@ (10002b7c <dcd_edpt_open+0x108>)
10002b3c:	eb04 1445 	add.w	r4, r4, r5, lsl #5
10002b40:	2001      	movs	r0, #1
10002b42:	60e2      	str	r2, [r4, #12]
10002b44:	6063      	str	r3, [r4, #4]
10002b46:	e8bd 81f0 	ldmia.w	sp!, {r4, r5, r6, r7, r8, pc}
10002b4a:	2000      	movs	r0, #0
10002b4c:	4770      	bx	lr
10002b4e:	00d2      	lsls	r2, r2, #3
10002b50:	f102 42a0 	add.w	r2, r2, #1342177280	@ 0x50000000
10002b54:	f502 1280 	add.w	r2, r2, #1048576	@ 0x100000
10002b58:	f8ce 2024 	str.w	r2, [lr, #36]	@ 0x24
10002b5c:	e7be      	b.n	10002adc <dcd_edpt_open+0x68>
10002b5e:	f7ff f8cb 	bl	10001cf8 <hard_assertion_failure>
10002b62:	68f2      	ldr	r2, [r6, #12]
10002b64:	e7cd      	b.n	10002b02 <dcd_edpt_open+0x8e>
10002b66:	bf00      	nop
10002b68:	2000ea68 	.word	0x2000ea68
10002b6c:	50100080 	.word	0x50100080
10002b70:	50100004 	.word	0x50100004
10002b74:	2000ee74 	.word	0x2000ee74
10002b78:	50100fff 	.word	0x50100fff
10002b7c:	50100100 	.word	0x50100100

10002b80 <dcd_edpt_close_all>:
10002b80:	f002 b98a 	b.w	10004e98 <__reset_non_control_endpoints_veneer>

10002b84 <dcd_edpt_xfer>:
10002b84:	b508      	push	{r3, lr}
10002b86:	4696      	mov	lr, r2
10002b88:	f8df c01c 	ldr.w	ip, [pc, #28]	@ 10002ba8 <dcd_edpt_xfer+0x24>
10002b8c:	f001 027f 	and.w	r2, r1, #127	@ 0x7f
10002b90:	09c8      	lsrs	r0, r1, #7
10002b92:	eb00 0042 	add.w	r0, r0, r2, lsl #1
10002b96:	eb0c 1040 	add.w	r0, ip, r0, lsl #5
10002b9a:	461a      	mov	r2, r3
10002b9c:	4671      	mov	r1, lr
10002b9e:	f000 f84f 	bl	10002c40 <hw_endpoint_xfer_start>
10002ba2:	2001      	movs	r0, #1
10002ba4:	bd08      	pop	{r3, pc}
10002ba6:	bf00      	nop
10002ba8:	2000ea68 	.word	0x2000ea68

10002bac <dcd_edpt_stall>:
10002bac:	f011 027f 	ands.w	r2, r1, #127	@ 0x7f
10002bb0:	d105      	bne.n	10002bbe <dcd_edpt_stall+0x12>
10002bb2:	2900      	cmp	r1, #0
10002bb4:	bf0c      	ite	eq
10002bb6:	2002      	moveq	r0, #2
10002bb8:	2001      	movne	r0, #1
10002bba:	4b06      	ldr	r3, [pc, #24]	@ (10002bd4 <dcd_edpt_stall+0x28>)
10002bbc:	6698      	str	r0, [r3, #104]	@ 0x68
10002bbe:	09c9      	lsrs	r1, r1, #7
10002bc0:	4b05      	ldr	r3, [pc, #20]	@ (10002bd8 <dcd_edpt_stall+0x2c>)
10002bc2:	eb01 0042 	add.w	r0, r1, r2, lsl #1
10002bc6:	eb03 1040 	add.w	r0, r3, r0, lsl #5
10002bca:	f44f 6200 	mov.w	r2, #2048	@ 0x800
10002bce:	2100      	movs	r1, #0
10002bd0:	f002 b966 	b.w	10004ea0 <___hw_endpoint_buffer_control_update32_veneer>
10002bd4:	50112000 	.word	0x50112000
10002bd8:	2000ea68 	.word	0x2000ea68

10002bdc <dcd_edpt_clear_stall>:
10002bdc:	f011 037f 	ands.w	r3, r1, #127	@ 0x7f
10002be0:	d100      	bne.n	10002be4 <dcd_edpt_clear_stall+0x8>
10002be2:	4770      	bx	lr
10002be4:	2200      	movs	r2, #0
10002be6:	4805      	ldr	r0, [pc, #20]	@ (10002bfc <dcd_edpt_clear_stall+0x20>)
10002be8:	005b      	lsls	r3, r3, #1
10002bea:	eb03 13d1 	add.w	r3, r3, r1, lsr #7
10002bee:	eb00 1043 	add.w	r0, r0, r3, lsl #5
10002bf2:	f46f 6100 	mvn.w	r1, #2048	@ 0x800
10002bf6:	70c2      	strb	r2, [r0, #3]
10002bf8:	f002 b952 	b.w	10004ea0 <___hw_endpoint_buffer_control_update32_veneer>
10002bfc:	2000ea68 	.word	0x2000ea68

10002c00 <rp2040_usb_init>:
10002c00:	f04f 5280 	mov.w	r2, #268435456	@ 0x10000000
10002c04:	4809      	ldr	r0, [pc, #36]	@ (10002c2c <rp2040_usb_init+0x2c>)
10002c06:	490a      	ldr	r1, [pc, #40]	@ (10002c30 <rp2040_usb_init+0x30>)
10002c08:	b508      	push	{r3, lr}
10002c0a:	4b0a      	ldr	r3, [pc, #40]	@ (10002c34 <rp2040_usb_init+0x34>)
10002c0c:	6002      	str	r2, [r0, #0]
10002c0e:	600a      	str	r2, [r1, #0]
10002c10:	6899      	ldr	r1, [r3, #8]
10002c12:	43c9      	mvns	r1, r1
10002c14:	f011 5180 	ands.w	r1, r1, #268435456	@ 0x10000000
10002c18:	d1fa      	bne.n	10002c10 <rp2040_usb_init+0x10>
10002c1a:	f44f 5280 	mov.w	r2, #4096	@ 0x1000
10002c1e:	4806      	ldr	r0, [pc, #24]	@ (10002c38 <rp2040_usb_init+0x38>)
10002c20:	f002 f83c 	bl	10004c9c <memset>
10002c24:	2209      	movs	r2, #9
10002c26:	4b05      	ldr	r3, [pc, #20]	@ (10002c3c <rp2040_usb_init+0x3c>)
10002c28:	675a      	str	r2, [r3, #116]	@ 0x74
10002c2a:	bd08      	pop	{r3, pc}
10002c2c:	40022000 	.word	0x40022000
10002c30:	40023000 	.word	0x40023000
10002c34:	40020000 	.word	0x40020000
10002c38:	50100000 	.word	0x50100000
10002c3c:	50110000 	.word	0x50110000

10002c40 <hw_endpoint_xfer_start>:
10002c40:	2300      	movs	r3, #0
10002c42:	f04f 0c01 	mov.w	ip, #1
10002c46:	b510      	push	{r4, lr}
10002c48:	6101      	str	r1, [r0, #16]
10002c4a:	f880 c01a 	strb.w	ip, [r0, #26]
10002c4e:	8282      	strh	r2, [r0, #20]
10002c50:	82c3      	strh	r3, [r0, #22]
10002c52:	4604      	mov	r4, r0
10002c54:	f002 f914 	bl	10004e80 <__e15_is_bulkin_ep_veneer>
10002c58:	b120      	cbz	r0, 10002c64 <hw_endpoint_xfer_start+0x24>
10002c5a:	f44f 3200 	mov.w	r2, #131072	@ 0x20000
10002c5e:	4b07      	ldr	r3, [pc, #28]	@ (10002c7c <hw_endpoint_xfer_start+0x3c>)
10002c60:	f8c3 2090 	str.w	r2, [r3, #144]	@ 0x90
10002c64:	4620      	mov	r0, r4
10002c66:	f002 f903 	bl	10004e70 <__e15_is_critical_frame_period_veneer>
10002c6a:	b110      	cbz	r0, 10002c72 <hw_endpoint_xfer_start+0x32>
10002c6c:	2301      	movs	r3, #1
10002c6e:	7723      	strb	r3, [r4, #28]
10002c70:	bd10      	pop	{r4, pc}
10002c72:	4620      	mov	r0, r4
10002c74:	e8bd 4010 	ldmia.w	sp!, {r4, lr}
10002c78:	f002 b906 	b.w	10004e88 <__hw_endpoint_start_next_buffer_veneer>
10002c7c:	50112000 	.word	0x50112000

10002c80 <configuration_reset>:
10002c80:	e92d 41f0 	stmdb	sp!, {r4, r5, r6, r7, r8, lr}
10002c84:	2400      	movs	r4, #0
10002c86:	4d1c      	ldr	r5, [pc, #112]	@ (10002cf8 <configuration_reset+0x78>)
10002c88:	4606      	mov	r6, r0
10002c8a:	4623      	mov	r3, r4
10002c8c:	782a      	ldrb	r2, [r5, #0]
10002c8e:	f8df 8078 	ldr.w	r8, [pc, #120]	@ 10002d08 <configuration_reset+0x88>
10002c92:	4f1a      	ldr	r7, [pc, #104]	@ (10002cfc <configuration_reset+0x7c>)
10002c94:	e00d      	b.n	10002cb2 <configuration_reset+0x32>
10002c96:	683b      	ldr	r3, [r7, #0]
10002c98:	eb13 1344 	adds.w	r3, r3, r4, lsl #5
10002c9c:	d023      	beq.n	10002ce6 <configuration_reset+0x66>
10002c9e:	68db      	ldr	r3, [r3, #12]
10002ca0:	4630      	mov	r0, r6
10002ca2:	4798      	blx	r3
10002ca4:	782a      	ldrb	r2, [r5, #0]
10002ca6:	3401      	adds	r4, #1
10002ca8:	b2e4      	uxtb	r4, r4
10002caa:	1c51      	adds	r1, r2, #1
10002cac:	42a1      	cmp	r1, r4
10002cae:	4623      	mov	r3, r4
10002cb0:	db06      	blt.n	10002cc0 <configuration_reset+0x40>
10002cb2:	42a2      	cmp	r2, r4
10002cb4:	eba3 0302 	sub.w	r3, r3, r2
10002cb8:	d8ed      	bhi.n	10002c96 <configuration_reset+0x16>
10002cba:	eb08 1343 	add.w	r3, r8, r3, lsl #5
10002cbe:	e7ee      	b.n	10002c9e <configuration_reset+0x1e>
10002cc0:	2254      	movs	r2, #84	@ 0x54
10002cc2:	2100      	movs	r1, #0
10002cc4:	480e      	ldr	r0, [pc, #56]	@ (10002d00 <configuration_reset+0x80>)
10002cc6:	f001 ffe9 	bl	10004c9c <memset>
10002cca:	f04f 33ff 	mov.w	r3, #4294967295	@ 0xffffffff
10002cce:	4c0c      	ldr	r4, [pc, #48]	@ (10002d00 <configuration_reset+0x80>)
10002cd0:	2220      	movs	r2, #32
10002cd2:	e9c4 3301 	strd	r3, r3, [r4, #4]
10002cd6:	e9c4 3303 	strd	r3, r3, [r4, #12]
10002cda:	21ff      	movs	r1, #255	@ 0xff
10002cdc:	e8bd 41f0 	ldmia.w	sp!, {r4, r5, r6, r7, r8, lr}
10002ce0:	4808      	ldr	r0, [pc, #32]	@ (10002d04 <configuration_reset+0x84>)
10002ce2:	f001 bfdb 	b.w	10004c9c <memset>
10002ce6:	f04f 23e0 	mov.w	r3, #3758153728	@ 0xe000e000
10002cea:	f8d3 3df0 	ldr.w	r3, [r3, #3568]	@ 0xdf0
10002cee:	07db      	lsls	r3, r3, #31
10002cf0:	d500      	bpl.n	10002cf4 <configuration_reset+0x74>
10002cf2:	be00      	bkpt	0x0000
10002cf4:	e8bd 81f0 	ldmia.w	sp!, {r4, r5, r6, r7, r8, pc}
10002cf8:	2000eee8 	.word	0x2000eee8
10002cfc:	2000e4f8 	.word	0x2000e4f8
10002d00:	2000e600 	.word	0x2000e600
10002d04:	2000e614 	.word	0x2000e614
10002d08:	100052a0 	.word	0x100052a0

10002d0c <tud_event_hook_cb>:
10002d0c:	4770      	bx	lr
10002d0e:	bf00      	nop

10002d10 <tud_sof_cb>:
10002d10:	4770      	bx	lr
10002d12:	bf00      	nop

10002d14 <tud_descriptor_device_qualifier_cb>:
10002d14:	2000      	movs	r0, #0
10002d16:	4770      	bx	lr

10002d18 <tud_descriptor_other_speed_configuration_cb>:
10002d18:	2000      	movs	r0, #0
10002d1a:	4770      	bx	lr

10002d1c <tud_mount_cb>:
10002d1c:	4770      	bx	lr
10002d1e:	bf00      	nop

10002d20 <tud_umount_cb>:
10002d20:	4770      	bx	lr
10002d22:	bf00      	nop

10002d24 <tud_suspend_cb>:
10002d24:	4770      	bx	lr
10002d26:	bf00      	nop

10002d28 <tud_resume_cb>:
10002d28:	4770      	bx	lr
10002d2a:	bf00      	nop

10002d2c <tud_mounted>:
10002d2c:	4b02      	ldr	r3, [pc, #8]	@ (10002d38 <tud_mounted+0xc>)
10002d2e:	7858      	ldrb	r0, [r3, #1]
10002d30:	3800      	subs	r0, #0
10002d32:	bf18      	it	ne
10002d34:	2001      	movne	r0, #1
10002d36:	4770      	bx	lr
10002d38:	2000e600 	.word	0x2000e600

10002d3c <tud_suspended>:
10002d3c:	4b02      	ldr	r3, [pc, #8]	@ (10002d48 <tud_suspended+0xc>)
10002d3e:	7818      	ldrb	r0, [r3, #0]
10002d40:	f3c0 0080 	ubfx	r0, r0, #2, #1
10002d44:	4770      	bx	lr
10002d46:	bf00      	nop
10002d48:	2000e600 	.word	0x2000e600

10002d4c <tud_rhport_init>:
10002d4c:	e92d 47f0 	stmdb	sp!, {r4, r5, r6, r7, r8, r9, sl, lr}
10002d50:	f8df 80e4 	ldr.w	r8, [pc, #228]	@ 10002e38 <tud_rhport_init+0xec>
10002d54:	f898 3000 	ldrb.w	r3, [r8]
10002d58:	2bff      	cmp	r3, #255	@ 0xff
10002d5a:	d153      	bne.n	10002e04 <tud_rhport_init+0xb8>
10002d5c:	2900      	cmp	r1, #0
10002d5e:	d03c      	beq.n	10002dda <tud_rhport_init+0x8e>
10002d60:	2254      	movs	r2, #84	@ 0x54
10002d62:	468a      	mov	sl, r1
10002d64:	4681      	mov	r9, r0
10002d66:	2100      	movs	r1, #0
10002d68:	4828      	ldr	r0, [pc, #160]	@ (10002e0c <tud_rhport_init+0xc0>)
10002d6a:	f001 ff97 	bl	10004c9c <memset>
10002d6e:	2200      	movs	r2, #0
10002d70:	4c27      	ldr	r4, [pc, #156]	@ (10002e10 <tud_rhport_init+0xc4>)
10002d72:	4b28      	ldr	r3, [pc, #160]	@ (10002e14 <tud_rhport_init+0xc8>)
10002d74:	4620      	mov	r0, r4
10002d76:	701a      	strb	r2, [r3, #0]
10002d78:	f7fe f9be 	bl	100010f8 <mutex_init>
10002d7c:	4b26      	ldr	r3, [pc, #152]	@ (10002e18 <tud_rhport_init+0xcc>)
10002d7e:	4827      	ldr	r0, [pc, #156]	@ (10002e1c <tud_rhport_init+0xd0>)
10002d80:	601c      	str	r4, [r3, #0]
10002d82:	4c27      	ldr	r4, [pc, #156]	@ (10002e20 <tud_rhport_init+0xd4>)
10002d84:	f7fe f9c6 	bl	10001114 <critical_section_init>
10002d88:	4620      	mov	r0, r4
10002d8a:	f001 fe17 	bl	100049bc <tu_fifo_clear>
10002d8e:	4a25      	ldr	r2, [pc, #148]	@ (10002e24 <tud_rhport_init+0xd8>)
10002d90:	4b25      	ldr	r3, [pc, #148]	@ (10002e28 <tud_rhport_init+0xdc>)
10002d92:	6014      	str	r4, [r2, #0]
10002d94:	b123      	cbz	r3, 10002da0 <tud_rhport_init+0x54>
10002d96:	4825      	ldr	r0, [pc, #148]	@ (10002e2c <tud_rhport_init+0xe0>)
10002d98:	f7ff faa2 	bl	100022e0 <usbd_app_driver_get_cb>
10002d9c:	4b24      	ldr	r3, [pc, #144]	@ (10002e30 <tud_rhport_init+0xe4>)
10002d9e:	6018      	str	r0, [r3, #0]
10002da0:	2400      	movs	r4, #0
10002da2:	4d22      	ldr	r5, [pc, #136]	@ (10002e2c <tud_rhport_init+0xe0>)
10002da4:	4623      	mov	r3, r4
10002da6:	782a      	ldrb	r2, [r5, #0]
10002da8:	4f22      	ldr	r7, [pc, #136]	@ (10002e34 <tud_rhport_init+0xe8>)
10002daa:	4e21      	ldr	r6, [pc, #132]	@ (10002e30 <tud_rhport_init+0xe4>)
10002dac:	e00d      	b.n	10002dca <tud_rhport_init+0x7e>
10002dae:	6833      	ldr	r3, [r6, #0]
10002db0:	eb13 1344 	adds.w	r3, r3, r4, lsl #5
10002db4:	d011      	beq.n	10002dda <tud_rhport_init+0x8e>
10002db6:	685b      	ldr	r3, [r3, #4]
10002db8:	b17b      	cbz	r3, 10002dda <tud_rhport_init+0x8e>
10002dba:	4798      	blx	r3
10002dbc:	782a      	ldrb	r2, [r5, #0]
10002dbe:	3401      	adds	r4, #1
10002dc0:	b2e4      	uxtb	r4, r4
10002dc2:	1c51      	adds	r1, r2, #1
10002dc4:	42a1      	cmp	r1, r4
10002dc6:	4623      	mov	r3, r4
10002dc8:	db11      	blt.n	10002dee <tud_rhport_init+0xa2>
10002dca:	42a2      	cmp	r2, r4
10002dcc:	d8ef      	bhi.n	10002dae <tud_rhport_init+0x62>
10002dce:	1a9b      	subs	r3, r3, r2
10002dd0:	eb07 1343 	add.w	r3, r7, r3, lsl #5
10002dd4:	685b      	ldr	r3, [r3, #4]
10002dd6:	2b00      	cmp	r3, #0
10002dd8:	d1ef      	bne.n	10002dba <tud_rhport_init+0x6e>
10002dda:	f04f 23e0 	mov.w	r3, #3758153728	@ 0xe000e000
10002dde:	f8d3 3df0 	ldr.w	r3, [r3, #3568]	@ 0xdf0
10002de2:	07db      	lsls	r3, r3, #31
10002de4:	d500      	bpl.n	10002de8 <tud_rhport_init+0x9c>
10002de6:	be00      	bkpt	0x0000
10002de8:	2000      	movs	r0, #0
10002dea:	e8bd 87f0 	ldmia.w	sp!, {r4, r5, r6, r7, r8, r9, sl, pc}
10002dee:	4651      	mov	r1, sl
10002df0:	4648      	mov	r0, r9
10002df2:	f888 9000 	strb.w	r9, [r8]
10002df6:	f7ff fdc7 	bl	10002988 <dcd_init>
10002dfa:	2800      	cmp	r0, #0
10002dfc:	d0ed      	beq.n	10002dda <tud_rhport_init+0x8e>
10002dfe:	4648      	mov	r0, r9
10002e00:	f7ff fe10 	bl	10002a24 <dcd_int_enable>
10002e04:	2001      	movs	r0, #1
10002e06:	e8bd 87f0 	ldmia.w	sp!, {r4, r5, r6, r7, r8, r9, sl, pc}
10002e0a:	bf00      	nop
10002e0c:	2000e600 	.word	0x2000e600
10002e10:	2000e5f8 	.word	0x2000e5f8
10002e14:	2000eeea 	.word	0x2000eeea
10002e18:	2000e654 	.word	0x2000e654
10002e1c:	2000e290 	.word	0x2000e290
10002e20:	2000e27c 	.word	0x2000e27c
10002e24:	2000e658 	.word	0x2000e658
10002e28:	100022e1 	.word	0x100022e1
10002e2c:	2000eee8 	.word	0x2000eee8
10002e30:	2000e4f8 	.word	0x2000e4f8
10002e34:	100052a0 	.word	0x100052a0
10002e38:	2000e298 	.word	0x2000e298

10002e3c <tud_task_ext>:
10002e3c:	4b95      	ldr	r3, [pc, #596]	@ (10003094 <tud_task_ext+0x258>)
10002e3e:	781b      	ldrb	r3, [r3, #0]
10002e40:	2bff      	cmp	r3, #255	@ 0xff
10002e42:	f000 8119 	beq.w	10003078 <tud_task_ext+0x23c>
10002e46:	e92d 4ff0 	stmdb	sp!, {r4, r5, r6, r7, r8, r9, sl, fp, lr}
10002e4a:	4c93      	ldr	r4, [pc, #588]	@ (10003098 <tud_task_ext+0x25c>)
10002e4c:	4d93      	ldr	r5, [pc, #588]	@ (1000309c <tud_task_ext+0x260>)
10002e4e:	f8df 8260 	ldr.w	r8, [pc, #608]	@ 100030b0 <tud_task_ext+0x274>
10002e52:	4f93      	ldr	r7, [pc, #588]	@ (100030a0 <tud_task_ext+0x264>)
10002e54:	b08b      	sub	sp, #44	@ 0x2c
10002e56:	6826      	ldr	r6, [r4, #0]
10002e58:	6973      	ldr	r3, [r6, #20]
10002e5a:	f3ef 8210 	mrs	r2, PRIMASK
10002e5e:	b672      	cpsid	i
10002e60:	e8d3 0fcf 	ldaexb	r0, [r3]
10002e64:	2101      	movs	r1, #1
10002e66:	2800      	cmp	r0, #0
10002e68:	d1fa      	bne.n	10002e60 <tud_task_ext+0x24>
10002e6a:	e8c3 1f40 	strexb	r0, r1, [r3]
10002e6e:	2800      	cmp	r0, #0
10002e70:	d1f6      	bne.n	10002e60 <tud_task_ext+0x24>
10002e72:	f3bf 8f5f 	dmb	sy
10002e76:	61b2      	str	r2, [r6, #24]
10002e78:	4630      	mov	r0, r6
10002e7a:	a907      	add	r1, sp, #28
10002e7c:	f001 fbe4 	bl	10004648 <tu_fifo_read>
10002e80:	2300      	movs	r3, #0
10002e82:	6972      	ldr	r2, [r6, #20]
10002e84:	e8c2 3f8f 	stlb	r3, [r2]
10002e88:	69b3      	ldr	r3, [r6, #24]
10002e8a:	f383 8810 	msr	PRIMASK, r3
10002e8e:	2800      	cmp	r0, #0
10002e90:	f000 80ca 	beq.w	10003028 <tud_task_ext+0x1ec>
10002e94:	f89d 301d 	ldrb.w	r3, [sp, #29]
10002e98:	3b01      	subs	r3, #1
10002e9a:	2b07      	cmp	r3, #7
10002e9c:	f200 839e 	bhi.w	100035dc <tud_task_ext+0x7a0>
10002ea0:	e8df f003 	tbb	[pc, r3]
10002ea4:	9b93afa5 	.word	0x9b93afa5
10002ea8:	040a358c 	.word	0x040a358c
10002eac:	9b08      	ldr	r3, [sp, #32]
10002eae:	2b00      	cmp	r3, #0
10002eb0:	d0d1      	beq.n	10002e56 <tud_task_ext+0x1a>
10002eb2:	9809      	ldr	r0, [sp, #36]	@ 0x24
10002eb4:	4798      	blx	r3
10002eb6:	e7ce      	b.n	10002e56 <tud_task_ext+0x1a>
10002eb8:	f89d 1020 	ldrb.w	r1, [sp, #32]
10002ebc:	f001 067f 	and.w	r6, r1, #127	@ 0x7f
10002ec0:	eb05 0046 	add.w	r0, r5, r6, lsl #1
10002ec4:	eb00 10d1 	add.w	r0, r0, r1, lsr #7
10002ec8:	f890 3034 	ldrb.w	r3, [r0, #52]	@ 0x34
10002ecc:	f023 0301 	bic.w	r3, r3, #1
10002ed0:	f880 3034 	strb.w	r3, [r0, #52]	@ 0x34
10002ed4:	f890 3034 	ldrb.w	r3, [r0, #52]	@ 0x34
10002ed8:	f023 0304 	bic.w	r3, r3, #4
10002edc:	f880 3034 	strb.w	r3, [r0, #52]	@ 0x34
10002ee0:	2e00      	cmp	r6, #0
10002ee2:	f000 80a4 	beq.w	1000302e <tud_task_ext+0x1f2>
10002ee6:	7d03      	ldrb	r3, [r0, #20]
10002ee8:	f898 2000 	ldrb.w	r2, [r8]
10002eec:	4293      	cmp	r3, r2
10002eee:	f080 8091 	bcs.w	10003014 <tud_task_ext+0x1d8>
10002ef2:	4a6c      	ldr	r2, [pc, #432]	@ (100030a4 <tud_task_ext+0x268>)
10002ef4:	6812      	ldr	r2, [r2, #0]
10002ef6:	eb12 1343 	adds.w	r3, r2, r3, lsl #5
10002efa:	f000 808e 	beq.w	1000301a <tud_task_ext+0x1de>
10002efe:	699e      	ldr	r6, [r3, #24]
10002f00:	f89d 2021 	ldrb.w	r2, [sp, #33]	@ 0x21
10002f04:	9b09      	ldr	r3, [sp, #36]	@ 0x24
10002f06:	f89d 001c 	ldrb.w	r0, [sp, #28]
10002f0a:	47b0      	blx	r6
10002f0c:	e7a3      	b.n	10002e56 <tud_task_ext+0x1a>
10002f0e:	783b      	ldrb	r3, [r7, #0]
10002f10:	2b00      	cmp	r3, #0
10002f12:	f000 8082 	beq.w	1000301a <tud_task_ext+0x1de>
10002f16:	783b      	ldrb	r3, [r7, #0]
10002f18:	3b01      	subs	r3, #1
10002f1a:	703b      	strb	r3, [r7, #0]
10002f1c:	783b      	ldrb	r3, [r7, #0]
10002f1e:	f003 00ff 	and.w	r0, r3, #255	@ 0xff
10002f22:	2b00      	cmp	r3, #0
10002f24:	d197      	bne.n	10002e56 <tud_task_ext+0x1a>
10002f26:	f8df a174 	ldr.w	sl, [pc, #372]	@ 1000309c <tud_task_ext+0x260>
10002f2a:	f89d b01c 	ldrb.w	fp, [sp, #28]
10002f2e:	f89a 3000 	ldrb.w	r3, [sl]
10002f32:	f043 0301 	orr.w	r3, r3, #1
10002f36:	f88a 3000 	strb.w	r3, [sl]
10002f3a:	f89a 3034 	ldrb.w	r3, [sl, #52]	@ 0x34
10002f3e:	f360 0300 	bfi	r3, r0, #0, #1
10002f42:	f88a 3034 	strb.w	r3, [sl, #52]	@ 0x34
10002f46:	f89a 3034 	ldrb.w	r3, [sl, #52]	@ 0x34
10002f4a:	f360 0382 	bfi	r3, r0, #2, #1
10002f4e:	f88a 3034 	strb.w	r3, [sl, #52]	@ 0x34
10002f52:	f89a 3035 	ldrb.w	r3, [sl, #53]	@ 0x35
10002f56:	f360 0300 	bfi	r3, r0, #0, #1
10002f5a:	f88a 3035 	strb.w	r3, [sl, #53]	@ 0x35
10002f5e:	f89a 3035 	ldrb.w	r3, [sl, #53]	@ 0x35
10002f62:	f360 0382 	bfi	r3, r0, #2, #1
10002f66:	f88a 3035 	strb.w	r3, [sl, #53]	@ 0x35
10002f6a:	f000 fca7 	bl	100038bc <usbd_control_set_complete_callback>
10002f6e:	f89d 3020 	ldrb.w	r3, [sp, #32]
10002f72:	f003 0260 	and.w	r2, r3, #96	@ 0x60
10002f76:	2a60      	cmp	r2, #96	@ 0x60
10002f78:	d06c      	beq.n	10003054 <tud_task_ext+0x218>
10002f7a:	2a40      	cmp	r2, #64	@ 0x40
10002f7c:	d07d      	beq.n	1000307a <tud_task_ext+0x23e>
10002f7e:	f003 031f 	and.w	r3, r3, #31
10002f82:	2b01      	cmp	r3, #1
10002f84:	f000 80c3 	beq.w	1000310e <tud_task_ext+0x2d2>
10002f88:	2b02      	cmp	r3, #2
10002f8a:	f000 8093 	beq.w	100030b4 <tud_task_ext+0x278>
10002f8e:	2b00      	cmp	r3, #0
10002f90:	d160      	bne.n	10003054 <tud_task_ext+0x218>
10002f92:	2a20      	cmp	r2, #32
10002f94:	f000 8202 	beq.w	1000339c <tud_task_ext+0x560>
10002f98:	2a00      	cmp	r2, #0
10002f9a:	d15b      	bne.n	10003054 <tud_task_ext+0x218>
10002f9c:	f89d 3021 	ldrb.w	r3, [sp, #33]	@ 0x21
10002fa0:	2b09      	cmp	r3, #9
10002fa2:	d857      	bhi.n	10003054 <tud_task_ext+0x218>
10002fa4:	e8df f013 	tbh	[pc, r3, lsl #1]
10002fa8:	01af01bf 	.word	0x01af01bf
10002fac:	01d10056 	.word	0x01d10056
10002fb0:	01a00056 	.word	0x01a00056
10002fb4:	00560176 	.word	0x00560176
10002fb8:	00f9016a 	.word	0x00f9016a
10002fbc:	782b      	ldrb	r3, [r5, #0]
10002fbe:	07d9      	lsls	r1, r3, #31
10002fc0:	f57f af49 	bpl.w	10002e56 <tud_task_ext+0x1a>
10002fc4:	f7ff feb0 	bl	10002d28 <tud_resume_cb>
10002fc8:	e745      	b.n	10002e56 <tud_task_ext+0x1a>
10002fca:	78eb      	ldrb	r3, [r5, #3]
10002fcc:	07da      	lsls	r2, r3, #31
10002fce:	f57f af42 	bpl.w	10002e56 <tud_task_ext+0x1a>
10002fd2:	9808      	ldr	r0, [sp, #32]
10002fd4:	f7ff fe9c 	bl	10002d10 <tud_sof_cb>
10002fd8:	e73d      	b.n	10002e56 <tud_task_ext+0x1a>
10002fda:	782b      	ldrb	r3, [r5, #0]
10002fdc:	07d8      	lsls	r0, r3, #31
10002fde:	f57f af3a 	bpl.w	10002e56 <tud_task_ext+0x1a>
10002fe2:	7828      	ldrb	r0, [r5, #0]
10002fe4:	f3c0 00c0 	ubfx	r0, r0, #3, #1
10002fe8:	f7ff fe9c 	bl	10002d24 <tud_suspend_cb>
10002fec:	e733      	b.n	10002e56 <tud_task_ext+0x1a>
10002fee:	f89d 001c 	ldrb.w	r0, [sp, #28]
10002ff2:	f7ff fe45 	bl	10002c80 <configuration_reset>
10002ff6:	f000 fc57 	bl	100038a8 <usbd_control_reset>
10002ffa:	f89d 3020 	ldrb.w	r3, [sp, #32]
10002ffe:	70ab      	strb	r3, [r5, #2]
10003000:	e729      	b.n	10002e56 <tud_task_ext+0x1a>
10003002:	f89d 001c 	ldrb.w	r0, [sp, #28]
10003006:	f7ff fe3b 	bl	10002c80 <configuration_reset>
1000300a:	f000 fc4d 	bl	100038a8 <usbd_control_reset>
1000300e:	f7ff fe87 	bl	10002d20 <tud_umount_cb>
10003012:	e720      	b.n	10002e56 <tud_task_ext+0x1a>
10003014:	1c50      	adds	r0, r2, #1
10003016:	4298      	cmp	r0, r3
10003018:	da11      	bge.n	1000303e <tud_task_ext+0x202>
1000301a:	f04f 23e0 	mov.w	r3, #3758153728	@ 0xe000e000
1000301e:	f8d3 3df0 	ldr.w	r3, [r3, #3568]	@ 0xdf0
10003022:	07dc      	lsls	r4, r3, #31
10003024:	d500      	bpl.n	10003028 <tud_task_ext+0x1ec>
10003026:	be00      	bkpt	0x0000
10003028:	b00b      	add	sp, #44	@ 0x2c
1000302a:	e8bd 8ff0 	ldmia.w	sp!, {r4, r5, r6, r7, r8, r9, sl, fp, pc}
1000302e:	9b09      	ldr	r3, [sp, #36]	@ 0x24
10003030:	f89d 2021 	ldrb.w	r2, [sp, #33]	@ 0x21
10003034:	f89d 001c 	ldrb.w	r0, [sp, #28]
10003038:	f000 fc54 	bl	100038e4 <usbd_control_xfer_cb>
1000303c:	e70b      	b.n	10002e56 <tud_task_ext+0x1a>
1000303e:	1a9b      	subs	r3, r3, r2
10003040:	4a19      	ldr	r2, [pc, #100]	@ (100030a8 <tud_task_ext+0x26c>)
10003042:	eb02 1343 	add.w	r3, r2, r3, lsl #5
10003046:	e75a      	b.n	10002efe <tud_task_ext+0xc2>
10003048:	f7ff fb7c 	bl	10002744 <tud_descriptor_configuration_cb>
1000304c:	4602      	mov	r2, r0
1000304e:	2800      	cmp	r0, #0
10003050:	f040 8194 	bne.w	1000337c <tud_task_ext+0x540>
10003054:	f04f 23e0 	mov.w	r3, #3758153728	@ 0xe000e000
10003058:	f8d3 3df0 	ldr.w	r3, [r3, #3568]	@ 0xdf0
1000305c:	07de      	lsls	r6, r3, #31
1000305e:	d500      	bpl.n	10003062 <tud_task_ext+0x226>
10003060:	be00      	bkpt	0x0000
10003062:	f89d 001c 	ldrb.w	r0, [sp, #28]
10003066:	2100      	movs	r1, #0
10003068:	f7ff fda0 	bl	10002bac <dcd_edpt_stall>
1000306c:	2180      	movs	r1, #128	@ 0x80
1000306e:	f89d 001c 	ldrb.w	r0, [sp, #28]
10003072:	f7ff fd9b 	bl	10002bac <dcd_edpt_stall>
10003076:	e6ee      	b.n	10002e56 <tud_task_ext+0x1a>
10003078:	4770      	bx	lr
1000307a:	480c      	ldr	r0, [pc, #48]	@ (100030ac <tud_task_ext+0x270>)
1000307c:	f000 fc1e 	bl	100038bc <usbd_control_set_complete_callback>
10003080:	2101      	movs	r1, #1
10003082:	4658      	mov	r0, fp
10003084:	aa08      	add	r2, sp, #32
10003086:	f7ff f917 	bl	100022b8 <tud_vendor_control_xfer_cb>
1000308a:	2800      	cmp	r0, #0
1000308c:	f47f aee3 	bne.w	10002e56 <tud_task_ext+0x1a>
10003090:	e7e7      	b.n	10003062 <tud_task_ext+0x226>
10003092:	bf00      	nop
10003094:	2000e298 	.word	0x2000e298
10003098:	2000e658 	.word	0x2000e658
1000309c:	2000e600 	.word	0x2000e600
100030a0:	2000eeea 	.word	0x2000eeea
100030a4:	2000e4f8 	.word	0x2000e4f8
100030a8:	100052a0 	.word	0x100052a0
100030ac:	100022b9 	.word	0x100022b9
100030b0:	2000eee8 	.word	0x2000eee8
100030b4:	f89d 1024 	ldrb.w	r1, [sp, #36]	@ 0x24
100030b8:	f011 0f70 	tst.w	r1, #112	@ 0x70
100030bc:	d1ca      	bne.n	10003054 <tud_task_ext+0x218>
100030be:	48b4      	ldr	r0, [pc, #720]	@ (10003390 <tud_task_ext+0x554>)
100030c0:	f001 037f 	and.w	r3, r1, #127	@ 0x7f
100030c4:	f890 c000 	ldrb.w	ip, [r0]
100030c8:	eb0a 0043 	add.w	r0, sl, r3, lsl #1
100030cc:	eb00 10d1 	add.w	r0, r0, r1, lsr #7
100030d0:	7d00      	ldrb	r0, [r0, #20]
100030d2:	4560      	cmp	r0, ip
100030d4:	d34d      	bcc.n	10003172 <tud_task_ext+0x336>
100030d6:	f10c 0e01 	add.w	lr, ip, #1
100030da:	4586      	cmp	lr, r0
100030dc:	f2c0 8170 	blt.w	100033c0 <tud_task_ext+0x584>
100030e0:	eba0 000c 	sub.w	r0, r0, ip
100030e4:	f8df c2ac 	ldr.w	ip, [pc, #684]	@ 10003394 <tud_task_ext+0x558>
100030e8:	eb0c 1040 	add.w	r0, ip, r0, lsl #5
100030ec:	9000      	str	r0, [sp, #0]
100030ee:	2a00      	cmp	r2, #0
100030f0:	f000 816a 	beq.w	100033c8 <tud_task_ext+0x58c>
100030f4:	9e00      	ldr	r6, [sp, #0]
100030f6:	6970      	ldr	r0, [r6, #20]
100030f8:	f000 fbe0 	bl	100038bc <usbd_control_set_complete_callback>
100030fc:	2101      	movs	r1, #1
100030fe:	4658      	mov	r0, fp
10003100:	6973      	ldr	r3, [r6, #20]
10003102:	aa08      	add	r2, sp, #32
10003104:	4798      	blx	r3
10003106:	2800      	cmp	r0, #0
10003108:	f47f aea5 	bne.w	10002e56 <tud_task_ext+0x1a>
1000310c:	e7a9      	b.n	10003062 <tud_task_ext+0x226>
1000310e:	f89d 3024 	ldrb.w	r3, [sp, #36]	@ 0x24
10003112:	2b0f      	cmp	r3, #15
10003114:	d8a5      	bhi.n	10003062 <tud_task_ext+0x226>
10003116:	4a9e      	ldr	r2, [pc, #632]	@ (10003390 <tud_task_ext+0x554>)
10003118:	4453      	add	r3, sl
1000311a:	791b      	ldrb	r3, [r3, #4]
1000311c:	7812      	ldrb	r2, [r2, #0]
1000311e:	4293      	cmp	r3, r2
10003120:	d335      	bcc.n	1000318e <tud_task_ext+0x352>
10003122:	1c51      	adds	r1, r2, #1
10003124:	4299      	cmp	r1, r3
10003126:	db9c      	blt.n	10003062 <tud_task_ext+0x226>
10003128:	4e9a      	ldr	r6, [pc, #616]	@ (10003394 <tud_task_ext+0x558>)
1000312a:	1a9b      	subs	r3, r3, r2
1000312c:	eb06 1643 	add.w	r6, r6, r3, lsl #5
10003130:	6970      	ldr	r0, [r6, #20]
10003132:	f000 fbc3 	bl	100038bc <usbd_control_set_complete_callback>
10003136:	2101      	movs	r1, #1
10003138:	4658      	mov	r0, fp
1000313a:	6973      	ldr	r3, [r6, #20]
1000313c:	aa08      	add	r2, sp, #32
1000313e:	4798      	blx	r3
10003140:	2800      	cmp	r0, #0
10003142:	f47f ae88 	bne.w	10002e56 <tud_task_ext+0x1a>
10003146:	f89d 3020 	ldrb.w	r3, [sp, #32]
1000314a:	f013 0660 	ands.w	r6, r3, #96	@ 0x60
1000314e:	d188      	bne.n	10003062 <tud_task_ext+0x226>
10003150:	f89d 3021 	ldrb.w	r3, [sp, #33]	@ 0x21
10003154:	3b0a      	subs	r3, #10
10003156:	2b01      	cmp	r3, #1
10003158:	d883      	bhi.n	10003062 <tud_task_ext+0x226>
1000315a:	f000 fbaf 	bl	100038bc <usbd_control_set_complete_callback>
1000315e:	f89d 3021 	ldrb.w	r3, [sp, #33]	@ 0x21
10003162:	2b0a      	cmp	r3, #10
10003164:	f000 8213 	beq.w	1000358e <tud_task_ext+0x752>
10003168:	4658      	mov	r0, fp
1000316a:	a908      	add	r1, sp, #32
1000316c:	f000 fb26 	bl	100037bc <tud_control_status>
10003170:	e671      	b.n	10002e56 <tud_task_ext+0x1a>
10003172:	f8df c224 	ldr.w	ip, [pc, #548]	@ 10003398 <tud_task_ext+0x55c>
10003176:	f8dc c000 	ldr.w	ip, [ip]
1000317a:	eb0c 1040 	add.w	r0, ip, r0, lsl #5
1000317e:	9000      	str	r0, [sp, #0]
10003180:	2a00      	cmp	r2, #0
10003182:	f000 8121 	beq.w	100033c8 <tud_task_ext+0x58c>
10003186:	2800      	cmp	r0, #0
10003188:	f43f af6b 	beq.w	10003062 <tud_task_ext+0x226>
1000318c:	e7b2      	b.n	100030f4 <tud_task_ext+0x2b8>
1000318e:	4a82      	ldr	r2, [pc, #520]	@ (10003398 <tud_task_ext+0x55c>)
10003190:	6816      	ldr	r6, [r2, #0]
10003192:	eb16 1643 	adds.w	r6, r6, r3, lsl #5
10003196:	d1cb      	bne.n	10003130 <tud_task_ext+0x2f4>
10003198:	e763      	b.n	10003062 <tud_task_ext+0x226>
1000319a:	f89a 2001 	ldrb.w	r2, [sl, #1]
1000319e:	f89d 3022 	ldrb.w	r3, [sp, #34]	@ 0x22
100031a2:	4293      	cmp	r3, r2
100031a4:	f000 8164 	beq.w	10003470 <tud_task_ext+0x634>
100031a8:	f89a 2001 	ldrb.w	r2, [sl, #1]
100031ac:	2a00      	cmp	r2, #0
100031ae:	f040 81d8 	bne.w	10003562 <tud_task_ext+0x726>
100031b2:	f88a 3001 	strb.w	r3, [sl, #1]
100031b6:	2b00      	cmp	r3, #0
100031b8:	f000 8158 	beq.w	1000346c <tud_task_ext+0x630>
100031bc:	3b01      	subs	r3, #1
100031be:	b2d8      	uxtb	r0, r3
100031c0:	f7ff fac0 	bl	10002744 <tud_descriptor_configuration_cb>
100031c4:	2800      	cmp	r0, #0
100031c6:	f000 8174 	beq.w	100034b2 <tud_task_ext+0x676>
100031ca:	7843      	ldrb	r3, [r0, #1]
100031cc:	2b02      	cmp	r3, #2
100031ce:	f040 8170 	bne.w	100034b2 <tud_task_ext+0x676>
100031d2:	79c2      	ldrb	r2, [r0, #7]
100031d4:	f89a 1000 	ldrb.w	r1, [sl]
100031d8:	f3c2 1340 	ubfx	r3, r2, #5, #1
100031dc:	011b      	lsls	r3, r3, #4
100031de:	f3c2 1280 	ubfx	r2, r2, #6, #1
100031e2:	f021 0130 	bic.w	r1, r1, #48	@ 0x30
100031e6:	ea43 1342 	orr.w	r3, r3, r2, lsl #5
100031ea:	430b      	orrs	r3, r1
100031ec:	f88a 3000 	strb.w	r3, [sl]
100031f0:	8843      	ldrh	r3, [r0, #2]
100031f2:	f100 0109 	add.w	r1, r0, #9
100031f6:	18c3      	adds	r3, r0, r3
100031f8:	9302      	str	r3, [sp, #8]
100031fa:	9b02      	ldr	r3, [sp, #8]
100031fc:	428b      	cmp	r3, r1
100031fe:	f240 81c3 	bls.w	10003588 <tud_task_ext+0x74c>
10003202:	784b      	ldrb	r3, [r1, #1]
10003204:	2b0b      	cmp	r3, #11
10003206:	f000 81cc 	beq.w	100035a2 <tud_task_ext+0x766>
1000320a:	2001      	movs	r0, #1
1000320c:	2b04      	cmp	r3, #4
1000320e:	f040 8150 	bne.w	100034b2 <tud_task_ext+0x676>
10003212:	2200      	movs	r2, #0
10003214:	9b02      	ldr	r3, [sp, #8]
10003216:	9200      	str	r2, [sp, #0]
10003218:	1a5b      	subs	r3, r3, r1
1000321a:	fa1f f983 	uxth.w	r9, r3
1000321e:	4b5c      	ldr	r3, [pc, #368]	@ (10003390 <tud_task_ext+0x554>)
10003220:	9201      	str	r2, [sp, #4]
10003222:	781b      	ldrb	r3, [r3, #0]
10003224:	9003      	str	r0, [sp, #12]
10003226:	e01f      	b.n	10003268 <tud_task_ext+0x42c>
10003228:	4b5b      	ldr	r3, [pc, #364]	@ (10003398 <tud_task_ext+0x55c>)
1000322a:	681b      	ldr	r3, [r3, #0]
1000322c:	eb13 1342 	adds.w	r3, r3, r2, lsl #5
10003230:	f000 813f 	beq.w	100034b2 <tud_task_ext+0x676>
10003234:	464a      	mov	r2, r9
10003236:	691e      	ldr	r6, [r3, #16]
10003238:	4658      	mov	r0, fp
1000323a:	9105      	str	r1, [sp, #20]
1000323c:	9304      	str	r3, [sp, #16]
1000323e:	47b0      	blx	r6
10003240:	4602      	mov	r2, r0
10003242:	9b00      	ldr	r3, [sp, #0]
10003244:	2a08      	cmp	r2, #8
10003246:	9905      	ldr	r1, [sp, #20]
10003248:	f103 0001 	add.w	r0, r3, #1
1000324c:	d903      	bls.n	10003256 <tud_task_ext+0x41a>
1000324e:	4591      	cmp	r9, r2
10003250:	9b04      	ldr	r3, [sp, #16]
10003252:	f080 8112 	bcs.w	1000347a <tud_task_ext+0x63e>
10003256:	4b4e      	ldr	r3, [pc, #312]	@ (10003390 <tud_task_ext+0x554>)
10003258:	b2c0      	uxtb	r0, r0
1000325a:	781b      	ldrb	r3, [r3, #0]
1000325c:	9000      	str	r0, [sp, #0]
1000325e:	1c5a      	adds	r2, r3, #1
10003260:	4290      	cmp	r0, r2
10003262:	9001      	str	r0, [sp, #4]
10003264:	f300 8125 	bgt.w	100034b2 <tud_task_ext+0x676>
10003268:	9a00      	ldr	r2, [sp, #0]
1000326a:	9801      	ldr	r0, [sp, #4]
1000326c:	4293      	cmp	r3, r2
1000326e:	eba0 0303 	sub.w	r3, r0, r3
10003272:	d8d9      	bhi.n	10003228 <tud_task_ext+0x3ec>
10003274:	4a47      	ldr	r2, [pc, #284]	@ (10003394 <tud_task_ext+0x558>)
10003276:	eb02 1343 	add.w	r3, r2, r3, lsl #5
1000327a:	e7db      	b.n	10003234 <tud_task_ext+0x3f8>
1000327c:	f89a 3001 	ldrb.w	r3, [sl, #1]
10003280:	4658      	mov	r0, fp
10003282:	f88d 301a 	strb.w	r3, [sp, #26]
10003286:	f10d 021a 	add.w	r2, sp, #26
1000328a:	2301      	movs	r3, #1
1000328c:	a908      	add	r1, sp, #32
1000328e:	f000 fab1 	bl	100037f4 <tud_control_xfer>
10003292:	e5e0      	b.n	10002e56 <tud_task_ext+0x1a>
10003294:	f8bd 0022 	ldrh.w	r0, [sp, #34]	@ 0x22
10003298:	0a03      	lsrs	r3, r0, #8
1000329a:	1e5a      	subs	r2, r3, #1
1000329c:	b2c0      	uxtb	r0, r0
1000329e:	2a0e      	cmp	r2, #14
100032a0:	f63f aedf 	bhi.w	10003062 <tud_task_ext+0x226>
100032a4:	a101      	add	r1, pc, #4	@ (adr r1, 100032ac <tud_task_ext+0x470>)
100032a6:	f851 f022 	ldr.w	pc, [r1, r2, lsl #2]
100032aa:	bf00      	nop
100032ac:	100034e5 	.word	0x100034e5
100032b0:	1000336b 	.word	0x1000336b
100032b4:	10003521 	.word	0x10003521
100032b8:	10003063 	.word	0x10003063
100032bc:	10003063 	.word	0x10003063
100032c0:	10003503 	.word	0x10003503
100032c4:	1000336b 	.word	0x1000336b
100032c8:	10003063 	.word	0x10003063
100032cc:	10003063 	.word	0x10003063
100032d0:	10003063 	.word	0x10003063
100032d4:	10003063 	.word	0x10003063
100032d8:	10003063 	.word	0x10003063
100032dc:	10003063 	.word	0x10003063
100032e0:	10003063 	.word	0x10003063
100032e4:	100034d7 	.word	0x100034d7
100032e8:	a808      	add	r0, sp, #32
100032ea:	f000 faed 	bl	100038c8 <usbd_control_set_request>
100032ee:	4658      	mov	r0, fp
100032f0:	f89d 1022 	ldrb.w	r1, [sp, #34]	@ 0x22
100032f4:	f7ff fb9a 	bl	10002a2c <dcd_set_address>
100032f8:	f89a 3000 	ldrb.w	r3, [sl]
100032fc:	f043 0302 	orr.w	r3, r3, #2
10003300:	f88a 3000 	strb.w	r3, [sl]
10003304:	e5a7      	b.n	10002e56 <tud_task_ext+0x1a>
10003306:	f8bd 3022 	ldrh.w	r3, [sp, #34]	@ 0x22
1000330a:	2b01      	cmp	r3, #1
1000330c:	f47f aea9 	bne.w	10003062 <tud_task_ext+0x226>
10003310:	f89a 3000 	ldrb.w	r3, [sl]
10003314:	4658      	mov	r0, fp
10003316:	f023 0308 	bic.w	r3, r3, #8
1000331a:	a908      	add	r1, sp, #32
1000331c:	f88a 3000 	strb.w	r3, [sl]
10003320:	f000 fa4c 	bl	100037bc <tud_control_status>
10003324:	e597      	b.n	10002e56 <tud_task_ext+0x1a>
10003326:	4658      	mov	r0, fp
10003328:	f89a 3000 	ldrb.w	r3, [sl]
1000332c:	089a      	lsrs	r2, r3, #2
1000332e:	f002 0202 	and.w	r2, r2, #2
10003332:	f3c3 1340 	ubfx	r3, r3, #5, #1
10003336:	4313      	orrs	r3, r2
10003338:	f8ad 301a 	strh.w	r3, [sp, #26]
1000333c:	f10d 021a 	add.w	r2, sp, #26
10003340:	2302      	movs	r3, #2
10003342:	a908      	add	r1, sp, #32
10003344:	f000 fa56 	bl	100037f4 <tud_control_xfer>
10003348:	e585      	b.n	10002e56 <tud_task_ext+0x1a>
1000334a:	f8bd 3022 	ldrh.w	r3, [sp, #34]	@ 0x22
1000334e:	2b01      	cmp	r3, #1
10003350:	f47f ae87 	bne.w	10003062 <tud_task_ext+0x226>
10003354:	f89a 3000 	ldrb.w	r3, [sl]
10003358:	4658      	mov	r0, fp
1000335a:	f043 0308 	orr.w	r3, r3, #8
1000335e:	a908      	add	r1, sp, #32
10003360:	f88a 3000 	strb.w	r3, [sl]
10003364:	f000 fa2a 	bl	100037bc <tud_control_status>
10003368:	e575      	b.n	10002e56 <tud_task_ext+0x1a>
1000336a:	2b02      	cmp	r3, #2
1000336c:	f43f ae6c 	beq.w	10003048 <tud_task_ext+0x20c>
10003370:	f7ff fcd2 	bl	10002d18 <tud_descriptor_other_speed_configuration_cb>
10003374:	4602      	mov	r2, r0
10003376:	2800      	cmp	r0, #0
10003378:	f43f ae73 	beq.w	10003062 <tud_task_ext+0x226>
1000337c:	4658      	mov	r0, fp
1000337e:	8853      	ldrh	r3, [r2, #2]
10003380:	a908      	add	r1, sp, #32
10003382:	f000 fa37 	bl	100037f4 <tud_control_xfer>
10003386:	2800      	cmp	r0, #0
10003388:	f47f ad65 	bne.w	10002e56 <tud_task_ext+0x1a>
1000338c:	e669      	b.n	10003062 <tud_task_ext+0x226>
1000338e:	bf00      	nop
10003390:	2000eee8 	.word	0x2000eee8
10003394:	100052a0 	.word	0x100052a0
10003398:	2000e4f8 	.word	0x2000e4f8
1000339c:	f89d 3024 	ldrb.w	r3, [sp, #36]	@ 0x24
100033a0:	2b0f      	cmp	r3, #15
100033a2:	f63f ae5e 	bhi.w	10003062 <tud_task_ext+0x226>
100033a6:	4a92      	ldr	r2, [pc, #584]	@ (100035f0 <tud_task_ext+0x7b4>)
100033a8:	4453      	add	r3, sl
100033aa:	791b      	ldrb	r3, [r3, #4]
100033ac:	7812      	ldrb	r2, [r2, #0]
100033ae:	4293      	cmp	r3, r2
100033b0:	d21e      	bcs.n	100033f0 <tud_task_ext+0x5b4>
100033b2:	4a90      	ldr	r2, [pc, #576]	@ (100035f4 <tud_task_ext+0x7b8>)
100033b4:	6816      	ldr	r6, [r2, #0]
100033b6:	eb16 1643 	adds.w	r6, r6, r3, lsl #5
100033ba:	f47f ae9c 	bne.w	100030f6 <tud_task_ext+0x2ba>
100033be:	e650      	b.n	10003062 <tud_task_ext+0x226>
100033c0:	2a00      	cmp	r2, #0
100033c2:	f47f ae4e 	bne.w	10003062 <tud_task_ext+0x226>
100033c6:	9200      	str	r2, [sp, #0]
100033c8:	f89d c021 	ldrb.w	ip, [sp, #33]	@ 0x21
100033cc:	f00c 02fd 	and.w	r2, ip, #253	@ 0xfd
100033d0:	2a01      	cmp	r2, #1
100033d2:	d016      	beq.n	10003402 <tud_task_ext+0x5c6>
100033d4:	f1bc 0f00 	cmp.w	ip, #0
100033d8:	f47f ae3c 	bne.w	10003054 <tud_task_ext+0x218>
100033dc:	eb0a 0343 	add.w	r3, sl, r3, lsl #1
100033e0:	eb03 13d1 	add.w	r3, r3, r1, lsr #7
100033e4:	f893 3034 	ldrb.w	r3, [r3, #52]	@ 0x34
100033e8:	4658      	mov	r0, fp
100033ea:	f3c3 0340 	ubfx	r3, r3, #1, #1
100033ee:	e7a3      	b.n	10003338 <tud_task_ext+0x4fc>
100033f0:	1c51      	adds	r1, r2, #1
100033f2:	4299      	cmp	r1, r3
100033f4:	f6ff ae35 	blt.w	10003062 <tud_task_ext+0x226>
100033f8:	4e7f      	ldr	r6, [pc, #508]	@ (100035f8 <tud_task_ext+0x7bc>)
100033fa:	1a9b      	subs	r3, r3, r2
100033fc:	eb06 1643 	add.w	r6, r6, r3, lsl #5
10003400:	e679      	b.n	100030f6 <tud_task_ext+0x2ba>
10003402:	f8bd 2022 	ldrh.w	r2, [sp, #34]	@ 0x22
10003406:	b9da      	cbnz	r2, 10003440 <tud_task_ext+0x604>
10003408:	487c      	ldr	r0, [pc, #496]	@ (100035fc <tud_task_ext+0x7c0>)
1000340a:	f1bc 0f01 	cmp.w	ip, #1
1000340e:	7800      	ldrb	r0, [r0, #0]
10003410:	f000 808e 	beq.w	10003530 <tud_task_ext+0x6f4>
10003414:	e9cd 1301 	strd	r1, r3, [sp, #4]
10003418:	f7ff fbc8 	bl	10002bac <dcd_edpt_stall>
1000341c:	9b02      	ldr	r3, [sp, #8]
1000341e:	9901      	ldr	r1, [sp, #4]
10003420:	eb0a 0343 	add.w	r3, sl, r3, lsl #1
10003424:	eb03 13d1 	add.w	r3, r3, r1, lsr #7
10003428:	f893 2034 	ldrb.w	r2, [r3, #52]	@ 0x34
1000342c:	f042 0202 	orr.w	r2, r2, #2
10003430:	f883 2034 	strb.w	r2, [r3, #52]	@ 0x34
10003434:	f893 2034 	ldrb.w	r2, [r3, #52]	@ 0x34
10003438:	f042 0201 	orr.w	r2, r2, #1
1000343c:	f883 2034 	strb.w	r2, [r3, #52]	@ 0x34
10003440:	9b00      	ldr	r3, [sp, #0]
10003442:	2b00      	cmp	r3, #0
10003444:	f43f ad07 	beq.w	10002e56 <tud_task_ext+0x1a>
10003448:	461e      	mov	r6, r3
1000344a:	6958      	ldr	r0, [r3, #20]
1000344c:	f000 fa36 	bl	100038bc <usbd_control_set_complete_callback>
10003450:	6973      	ldr	r3, [r6, #20]
10003452:	2101      	movs	r1, #1
10003454:	aa08      	add	r2, sp, #32
10003456:	4658      	mov	r0, fp
10003458:	4798      	blx	r3
1000345a:	2000      	movs	r0, #0
1000345c:	f000 fa2e 	bl	100038bc <usbd_control_set_complete_callback>
10003460:	f89a 3035 	ldrb.w	r3, [sl, #53]	@ 0x35
10003464:	07db      	lsls	r3, r3, #31
10003466:	f53f acf6 	bmi.w	10002e56 <tud_task_ext+0x1a>
1000346a:	e67d      	b.n	10003168 <tud_task_ext+0x32c>
1000346c:	f7ff fc58 	bl	10002d20 <tud_umount_cb>
10003470:	4658      	mov	r0, fp
10003472:	a908      	add	r1, sp, #32
10003474:	f000 f9a2 	bl	100037bc <tud_control_status>
10003478:	e4ed      	b.n	10002e56 <tud_task_ext+0x1a>
1000347a:	9803      	ldr	r0, [sp, #12]
1000347c:	2801      	cmp	r0, #1
1000347e:	f000 80a6 	beq.w	100035ce <tud_task_ext+0x792>
10003482:	2800      	cmp	r0, #0
10003484:	f000 8092 	beq.w	100035ac <tud_task_ext+0x770>
10003488:	2300      	movs	r3, #0
1000348a:	f891 e002 	ldrb.w	lr, [r1, #2]
1000348e:	e007      	b.n	100034a0 <tud_task_ext+0x664>
10003490:	9e00      	ldr	r6, [sp, #0]
10003492:	f88c 6004 	strb.w	r6, [ip, #4]
10003496:	fa5f fc83 	uxtb.w	ip, r3
1000349a:	4560      	cmp	r0, ip
1000349c:	f240 8086 	bls.w	100035ac <tud_task_ext+0x770>
100034a0:	eb0e 0c03 	add.w	ip, lr, r3
100034a4:	fa5a fc8c 	uxtab	ip, sl, ip
100034a8:	f89c 6004 	ldrb.w	r6, [ip, #4]
100034ac:	3301      	adds	r3, #1
100034ae:	2eff      	cmp	r6, #255	@ 0xff
100034b0:	d0ee      	beq.n	10003490 <tud_task_ext+0x654>
100034b2:	f04f 23e0 	mov.w	r3, #3758153728	@ 0xe000e000
100034b6:	f8d3 3df0 	ldr.w	r3, [r3, #3568]	@ 0xdf0
100034ba:	07d9      	lsls	r1, r3, #31
100034bc:	d500      	bpl.n	100034c0 <tud_task_ext+0x684>
100034be:	be00      	bkpt	0x0000
100034c0:	f04f 23e0 	mov.w	r3, #3758153728	@ 0xe000e000
100034c4:	f8d3 3df0 	ldr.w	r3, [r3, #3568]	@ 0xdf0
100034c8:	07da      	lsls	r2, r3, #31
100034ca:	d500      	bpl.n	100034ce <tud_task_ext+0x692>
100034cc:	be00      	bkpt	0x0000
100034ce:	2300      	movs	r3, #0
100034d0:	f88a 3001 	strb.w	r3, [sl, #1]
100034d4:	e5c5      	b.n	10003062 <tud_task_ext+0x226>
100034d6:	f7fe feeb 	bl	100022b0 <tud_descriptor_bos_cb>
100034da:	4602      	mov	r2, r0
100034dc:	2800      	cmp	r0, #0
100034de:	f47f af4d 	bne.w	1000337c <tud_task_ext+0x540>
100034e2:	e5be      	b.n	10003062 <tud_task_ext+0x226>
100034e4:	f7ff f92a 	bl	1000273c <tud_descriptor_device_cb>
100034e8:	4602      	mov	r2, r0
100034ea:	2800      	cmp	r0, #0
100034ec:	f43f adb2 	beq.w	10003054 <tud_task_ext+0x218>
100034f0:	4658      	mov	r0, fp
100034f2:	2312      	movs	r3, #18
100034f4:	a908      	add	r1, sp, #32
100034f6:	f000 f97d 	bl	100037f4 <tud_control_xfer>
100034fa:	2800      	cmp	r0, #0
100034fc:	f47f acab 	bne.w	10002e56 <tud_task_ext+0x1a>
10003500:	e5af      	b.n	10003062 <tud_task_ext+0x226>
10003502:	f7ff fc07 	bl	10002d14 <tud_descriptor_device_qualifier_cb>
10003506:	4602      	mov	r2, r0
10003508:	2800      	cmp	r0, #0
1000350a:	f43f adaa 	beq.w	10003062 <tud_task_ext+0x226>
1000350e:	4658      	mov	r0, fp
10003510:	7813      	ldrb	r3, [r2, #0]
10003512:	a908      	add	r1, sp, #32
10003514:	f000 f96e 	bl	100037f4 <tud_control_xfer>
10003518:	2800      	cmp	r0, #0
1000351a:	f47f ac9c 	bne.w	10002e56 <tud_task_ext+0x1a>
1000351e:	e5a0      	b.n	10003062 <tud_task_ext+0x226>
10003520:	f8bd 1024 	ldrh.w	r1, [sp, #36]	@ 0x24
10003524:	f7ff f912 	bl	1000274c <tud_descriptor_string_cb>
10003528:	4602      	mov	r2, r0
1000352a:	2800      	cmp	r0, #0
1000352c:	d1ef      	bne.n	1000350e <tud_task_ext+0x6d2>
1000352e:	e598      	b.n	10003062 <tud_task_ext+0x226>
10003530:	e9cd 3202 	strd	r3, r2, [sp, #8]
10003534:	9101      	str	r1, [sp, #4]
10003536:	f7ff fb51 	bl	10002bdc <dcd_edpt_clear_stall>
1000353a:	9b02      	ldr	r3, [sp, #8]
1000353c:	9901      	ldr	r1, [sp, #4]
1000353e:	eb0a 0343 	add.w	r3, sl, r3, lsl #1
10003542:	eb03 13d1 	add.w	r3, r3, r1, lsr #7
10003546:	f893 1034 	ldrb.w	r1, [r3, #52]	@ 0x34
1000354a:	9a03      	ldr	r2, [sp, #12]
1000354c:	f362 0141 	bfi	r1, r2, #1, #1
10003550:	f883 1034 	strb.w	r1, [r3, #52]	@ 0x34
10003554:	f893 1034 	ldrb.w	r1, [r3, #52]	@ 0x34
10003558:	f362 0100 	bfi	r1, r2, #0, #1
1000355c:	f883 1034 	strb.w	r1, [r3, #52]	@ 0x34
10003560:	e76e      	b.n	10003440 <tud_task_ext+0x604>
10003562:	2100      	movs	r1, #0
10003564:	4658      	mov	r0, fp
10003566:	9301      	str	r3, [sp, #4]
10003568:	f7ff fa68 	bl	10002a3c <dcd_sof_enable>
1000356c:	4658      	mov	r0, fp
1000356e:	f7ff fb07 	bl	10002b80 <dcd_edpt_close_all>
10003572:	f89a 2002 	ldrb.w	r2, [sl, #2]
10003576:	4658      	mov	r0, fp
10003578:	9200      	str	r2, [sp, #0]
1000357a:	f7ff fb81 	bl	10002c80 <configuration_reset>
1000357e:	9a00      	ldr	r2, [sp, #0]
10003580:	9b01      	ldr	r3, [sp, #4]
10003582:	f88a 2002 	strb.w	r2, [sl, #2]
10003586:	e614      	b.n	100031b2 <tud_task_ext+0x376>
10003588:	f7ff fbc8 	bl	10002d1c <tud_mount_cb>
1000358c:	e770      	b.n	10003470 <tud_task_ext+0x634>
1000358e:	4658      	mov	r0, fp
10003590:	2301      	movs	r3, #1
10003592:	a908      	add	r1, sp, #32
10003594:	f10d 021a 	add.w	r2, sp, #26
10003598:	f88d 601a 	strb.w	r6, [sp, #26]
1000359c:	f000 f92a 	bl	100037f4 <tud_control_xfer>
100035a0:	e459      	b.n	10002e56 <tud_task_ext+0x1a>
100035a2:	780b      	ldrb	r3, [r1, #0]
100035a4:	78c8      	ldrb	r0, [r1, #3]
100035a6:	4419      	add	r1, r3
100035a8:	784b      	ldrb	r3, [r1, #1]
100035aa:	e62f      	b.n	1000320c <tud_task_ext+0x3d0>
100035ac:	9b00      	ldr	r3, [sp, #0]
100035ae:	4814      	ldr	r0, [pc, #80]	@ (10003600 <tud_task_ext+0x7c4>)
100035b0:	9203      	str	r2, [sp, #12]
100035b2:	9100      	str	r1, [sp, #0]
100035b4:	f000 febc 	bl	10004330 <tu_edpt_bind_driver>
100035b8:	4b0d      	ldr	r3, [pc, #52]	@ (100035f0 <tud_task_ext+0x7b4>)
100035ba:	9a03      	ldr	r2, [sp, #12]
100035bc:	9900      	ldr	r1, [sp, #0]
100035be:	781b      	ldrb	r3, [r3, #0]
100035c0:	4411      	add	r1, r2
100035c2:	9a01      	ldr	r2, [sp, #4]
100035c4:	3301      	adds	r3, #1
100035c6:	4293      	cmp	r3, r2
100035c8:	f6bf ae17 	bge.w	100031fa <tud_task_ext+0x3be>
100035cc:	e771      	b.n	100034b2 <tud_task_ext+0x676>
100035ce:	f8d3 c010 	ldr.w	ip, [r3, #16]
100035d2:	4b0c      	ldr	r3, [pc, #48]	@ (10003604 <tud_task_ext+0x7c8>)
100035d4:	459c      	cmp	ip, r3
100035d6:	bf08      	it	eq
100035d8:	2002      	moveq	r0, #2
100035da:	e755      	b.n	10003488 <tud_task_ext+0x64c>
100035dc:	f04f 23e0 	mov.w	r3, #3758153728	@ 0xe000e000
100035e0:	f8d3 3df0 	ldr.w	r3, [r3, #3568]	@ 0xdf0
100035e4:	07db      	lsls	r3, r3, #31
100035e6:	f57f ac36 	bpl.w	10002e56 <tud_task_ext+0x1a>
100035ea:	be00      	bkpt	0x0000
100035ec:	e433      	b.n	10002e56 <tud_task_ext+0x1a>
100035ee:	bf00      	nop
100035f0:	2000eee8 	.word	0x2000eee8
100035f4:	2000e4f8 	.word	0x2000e4f8
100035f8:	100052a0 	.word	0x100052a0
100035fc:	2000e298 	.word	0x2000e298
10003600:	2000e614 	.word	0x2000e614
10003604:	10003d0d 	.word	0x10003d0d

10003608 <usbd_open_edpt_pair>:
10003608:	e92d 4ff8 	stmdb	sp!, {r3, r4, r5, r6, r7, r8, r9, sl, fp, lr}
1000360c:	9f0a      	ldr	r7, [sp, #40]	@ 0x28
1000360e:	2a00      	cmp	r2, #0
10003610:	d040      	beq.n	10003694 <usbd_open_edpt_pair+0x8c>
10003612:	460c      	mov	r4, r1
10003614:	461e      	mov	r6, r3
10003616:	4615      	mov	r5, r2
10003618:	f04f 0b00 	mov.w	fp, #0
1000361c:	f8df 9080 	ldr.w	r9, [pc, #128]	@ 100036a0 <usbd_open_edpt_pair+0x98>
10003620:	f8df 8080 	ldr.w	r8, [pc, #128]	@ 100036a4 <usbd_open_edpt_pair+0x9c>
10003624:	e016      	b.n	10003654 <usbd_open_edpt_pair+0x4c>
10003626:	4620      	mov	r0, r4
10003628:	f898 1002 	ldrb.w	r1, [r8, #2]
1000362c:	f899 a000 	ldrb.w	sl, [r9]
10003630:	f000 fe4e 	bl	100042d0 <tu_edpt_validate>
10003634:	b1d0      	cbz	r0, 1000366c <usbd_open_edpt_pair+0x64>
10003636:	4621      	mov	r1, r4
10003638:	4650      	mov	r0, sl
1000363a:	f7ff fa1b 	bl	10002a74 <dcd_edpt_open>
1000363e:	b1e0      	cbz	r0, 1000367a <usbd_open_edpt_pair+0x72>
10003640:	78a3      	ldrb	r3, [r4, #2]
10003642:	f10b 0b01 	add.w	fp, fp, #1
10003646:	09da      	lsrs	r2, r3, #7
10003648:	d120      	bne.n	1000368c <usbd_open_edpt_pair+0x84>
1000364a:	45ab      	cmp	fp, r5
1000364c:	703b      	strb	r3, [r7, #0]
1000364e:	d021      	beq.n	10003694 <usbd_open_edpt_pair+0x8c>
10003650:	7823      	ldrb	r3, [r4, #0]
10003652:	441c      	add	r4, r3
10003654:	7863      	ldrb	r3, [r4, #1]
10003656:	2b05      	cmp	r3, #5
10003658:	d10f      	bne.n	1000367a <usbd_open_edpt_pair+0x72>
1000365a:	78e1      	ldrb	r1, [r4, #3]
1000365c:	f001 0103 	and.w	r1, r1, #3
10003660:	42b1      	cmp	r1, r6
10003662:	d10a      	bne.n	1000367a <usbd_open_edpt_pair+0x72>
10003664:	78a3      	ldrb	r3, [r4, #2]
10003666:	f013 0f70 	tst.w	r3, #112	@ 0x70
1000366a:	d0dc      	beq.n	10003626 <usbd_open_edpt_pair+0x1e>
1000366c:	f04f 23e0 	mov.w	r3, #3758153728	@ 0xe000e000
10003670:	f8d3 3df0 	ldr.w	r3, [r3, #3568]	@ 0xdf0
10003674:	07da      	lsls	r2, r3, #31
10003676:	d500      	bpl.n	1000367a <usbd_open_edpt_pair+0x72>
10003678:	be00      	bkpt	0x0000
1000367a:	f04f 23e0 	mov.w	r3, #3758153728	@ 0xe000e000
1000367e:	f8d3 3df0 	ldr.w	r3, [r3, #3568]	@ 0xdf0
10003682:	07db      	lsls	r3, r3, #31
10003684:	d409      	bmi.n	1000369a <usbd_open_edpt_pair+0x92>
10003686:	2000      	movs	r0, #0
10003688:	e8bd 8ff8 	ldmia.w	sp!, {r3, r4, r5, r6, r7, r8, r9, sl, fp, pc}
1000368c:	9a0b      	ldr	r2, [sp, #44]	@ 0x2c
1000368e:	45ab      	cmp	fp, r5
10003690:	7013      	strb	r3, [r2, #0]
10003692:	d1dd      	bne.n	10003650 <usbd_open_edpt_pair+0x48>
10003694:	2001      	movs	r0, #1
10003696:	e8bd 8ff8 	ldmia.w	sp!, {r3, r4, r5, r6, r7, r8, r9, sl, fp, pc}
1000369a:	be00      	bkpt	0x0000
1000369c:	e7f3      	b.n	10003686 <usbd_open_edpt_pair+0x7e>
1000369e:	bf00      	nop
100036a0:	2000e298 	.word	0x2000e298
100036a4:	2000e600 	.word	0x2000e600

100036a8 <usbd_edpt_open>:
100036a8:	788b      	ldrb	r3, [r1, #2]
100036aa:	f013 0f70 	tst.w	r3, #112	@ 0x70
100036ae:	d008      	beq.n	100036c2 <usbd_edpt_open+0x1a>
100036b0:	f04f 23e0 	mov.w	r3, #3758153728	@ 0xe000e000
100036b4:	f8d3 3df0 	ldr.w	r3, [r3, #3568]	@ 0xdf0
100036b8:	07da      	lsls	r2, r3, #31
100036ba:	d500      	bpl.n	100036be <usbd_edpt_open+0x16>
100036bc:	be00      	bkpt	0x0000
100036be:	2000      	movs	r0, #0
100036c0:	4770      	bx	lr
100036c2:	b510      	push	{r4, lr}
100036c4:	b082      	sub	sp, #8
100036c6:	4608      	mov	r0, r1
100036c8:	9101      	str	r1, [sp, #4]
100036ca:	490c      	ldr	r1, [pc, #48]	@ (100036fc <usbd_edpt_open+0x54>)
100036cc:	4a0c      	ldr	r2, [pc, #48]	@ (10003700 <usbd_edpt_open+0x58>)
100036ce:	7889      	ldrb	r1, [r1, #2]
100036d0:	7814      	ldrb	r4, [r2, #0]
100036d2:	f000 fdfd 	bl	100042d0 <tu_edpt_validate>
100036d6:	b948      	cbnz	r0, 100036ec <usbd_edpt_open+0x44>
100036d8:	f04f 23e0 	mov.w	r3, #3758153728	@ 0xe000e000
100036dc:	f8d3 3df0 	ldr.w	r3, [r3, #3568]	@ 0xdf0
100036e0:	07db      	lsls	r3, r3, #31
100036e2:	d500      	bpl.n	100036e6 <usbd_edpt_open+0x3e>
100036e4:	be00      	bkpt	0x0000
100036e6:	2000      	movs	r0, #0
100036e8:	b002      	add	sp, #8
100036ea:	bd10      	pop	{r4, pc}
100036ec:	4620      	mov	r0, r4
100036ee:	9901      	ldr	r1, [sp, #4]
100036f0:	b002      	add	sp, #8
100036f2:	e8bd 4010 	ldmia.w	sp!, {r4, lr}
100036f6:	f7ff b9bd 	b.w	10002a74 <dcd_edpt_open>
100036fa:	bf00      	nop
100036fc:	2000e600 	.word	0x2000e600
10003700:	2000e298 	.word	0x2000e298

10003704 <usbd_edpt_claim>:
10003704:	460a      	mov	r2, r1
10003706:	4b06      	ldr	r3, [pc, #24]	@ (10003720 <usbd_edpt_claim+0x1c>)
10003708:	4806      	ldr	r0, [pc, #24]	@ (10003724 <usbd_edpt_claim+0x20>)
1000370a:	6819      	ldr	r1, [r3, #0]
1000370c:	09d3      	lsrs	r3, r2, #7
1000370e:	3334      	adds	r3, #52	@ 0x34
10003710:	f002 027f 	and.w	r2, r2, #127	@ 0x7f
10003714:	eb03 0342 	add.w	r3, r3, r2, lsl #1
10003718:	4418      	add	r0, r3
1000371a:	f000 bd8d 	b.w	10004238 <tu_edpt_claim>
1000371e:	bf00      	nop
10003720:	2000e654 	.word	0x2000e654
10003724:	2000e600 	.word	0x2000e600

10003728 <usbd_edpt_release>:
10003728:	460a      	mov	r2, r1
1000372a:	4b06      	ldr	r3, [pc, #24]	@ (10003744 <usbd_edpt_release+0x1c>)
1000372c:	4806      	ldr	r0, [pc, #24]	@ (10003748 <usbd_edpt_release+0x20>)
1000372e:	6819      	ldr	r1, [r3, #0]
10003730:	09d3      	lsrs	r3, r2, #7
10003732:	3334      	adds	r3, #52	@ 0x34
10003734:	f002 027f 	and.w	r2, r2, #127	@ 0x7f
10003738:	eb03 0342 	add.w	r3, r3, r2, lsl #1
1000373c:	4418      	add	r0, r3
1000373e:	f000 bdab 	b.w	10004298 <tu_edpt_release>
10003742:	bf00      	nop
10003744:	2000e654 	.word	0x2000e654
10003748:	2000e600 	.word	0x2000e600

1000374c <usbd_edpt_xfer>:
1000374c:	b510      	push	{r4, lr}
1000374e:	4819      	ldr	r0, [pc, #100]	@ (100037b4 <usbd_edpt_xfer+0x68>)
10003750:	f001 047f 	and.w	r4, r1, #127	@ 0x7f
10003754:	eb00 0044 	add.w	r0, r0, r4, lsl #1
10003758:	eb00 10d1 	add.w	r0, r0, r1, lsr #7
1000375c:	f890 c034 	ldrb.w	ip, [r0, #52]	@ 0x34
10003760:	f01c 0f01 	tst.w	ip, #1
10003764:	d008      	beq.n	10003778 <usbd_edpt_xfer+0x2c>
10003766:	f04f 23e0 	mov.w	r3, #3758153728	@ 0xe000e000
1000376a:	f8d3 3df0 	ldr.w	r3, [r3, #3568]	@ 0xdf0
1000376e:	07da      	lsls	r2, r3, #31
10003770:	d500      	bpl.n	10003774 <usbd_edpt_xfer+0x28>
10003772:	be00      	bkpt	0x0000
10003774:	2000      	movs	r0, #0
10003776:	bd10      	pop	{r4, pc}
10003778:	f100 0430 	add.w	r4, r0, #48	@ 0x30
1000377c:	f894 c004 	ldrb.w	ip, [r4, #4]
10003780:	480d      	ldr	r0, [pc, #52]	@ (100037b8 <usbd_edpt_xfer+0x6c>)
10003782:	f04c 0c01 	orr.w	ip, ip, #1
10003786:	7800      	ldrb	r0, [r0, #0]
10003788:	f884 c004 	strb.w	ip, [r4, #4]
1000378c:	f7ff f9fa 	bl	10002b84 <dcd_edpt_xfer>
10003790:	2800      	cmp	r0, #0
10003792:	d1f0      	bne.n	10003776 <usbd_edpt_xfer+0x2a>
10003794:	f04f 21e0 	mov.w	r1, #3758153728	@ 0xe000e000
10003798:	7922      	ldrb	r2, [r4, #4]
1000379a:	f360 0200 	bfi	r2, r0, #0, #1
1000379e:	7122      	strb	r2, [r4, #4]
100037a0:	7922      	ldrb	r2, [r4, #4]
100037a2:	f360 0282 	bfi	r2, r0, #2, #1
100037a6:	7122      	strb	r2, [r4, #4]
100037a8:	f8d1 3df0 	ldr.w	r3, [r1, #3568]	@ 0xdf0
100037ac:	07db      	lsls	r3, r3, #31
100037ae:	d5e1      	bpl.n	10003774 <usbd_edpt_xfer+0x28>
100037b0:	be00      	bkpt	0x0000
100037b2:	e7df      	b.n	10003774 <usbd_edpt_xfer+0x28>
100037b4:	2000e600 	.word	0x2000e600
100037b8:	2000e298 	.word	0x2000e298

100037bc <tud_control_status>:
100037bc:	f8df c030 	ldr.w	ip, [pc, #48]	@ 100037f0 <tud_control_status+0x34>
100037c0:	2300      	movs	r3, #0
100037c2:	4662      	mov	r2, ip
100037c4:	b510      	push	{r4, lr}
100037c6:	468e      	mov	lr, r1
100037c8:	4604      	mov	r4, r0
100037ca:	6808      	ldr	r0, [r1, #0]
100037cc:	6849      	ldr	r1, [r1, #4]
100037ce:	f8cc 300c 	str.w	r3, [ip, #12]
100037d2:	c203      	stmia	r2!, {r0, r1}
100037d4:	f89e 1000 	ldrb.w	r1, [lr]
100037d8:	4620      	mov	r0, r4
100037da:	e8bd 4010 	ldmia.w	sp!, {r4, lr}
100037de:	f081 01ff 	eor.w	r1, r1, #255	@ 0xff
100037e2:	461a      	mov	r2, r3
100037e4:	f001 0180 	and.w	r1, r1, #128	@ 0x80
100037e8:	f8cc 3008 	str.w	r3, [ip, #8]
100037ec:	f7ff bfae 	b.w	1000374c <usbd_edpt_xfer>
100037f0:	2000e5c0 	.word	0x2000e5c0

100037f4 <tud_control_xfer>:
100037f4:	f8df c0ac 	ldr.w	ip, [pc, #172]	@ 100038a4 <tud_control_xfer+0xb0>
100037f8:	b570      	push	{r4, r5, r6, lr}
100037fa:	4615      	mov	r5, r2
100037fc:	4662      	mov	r2, ip
100037fe:	2400      	movs	r4, #0
10003800:	468e      	mov	lr, r1
10003802:	4606      	mov	r6, r0
10003804:	6808      	ldr	r0, [r1, #0]
10003806:	6849      	ldr	r1, [r1, #4]
10003808:	b082      	sub	sp, #8
1000380a:	c203      	stmia	r2!, {r0, r1}
1000380c:	f8cc 5008 	str.w	r5, [ip, #8]
10003810:	f8ac 400e 	strh.w	r4, [ip, #14]
10003814:	f8be 2006 	ldrh.w	r2, [lr, #6]
10003818:	4293      	cmp	r3, r2
1000381a:	bf28      	it	cs
1000381c:	4613      	movcs	r3, r2
1000381e:	f8ac 300c 	strh.w	r3, [ip, #12]
10003822:	b18a      	cbz	r2, 10003848 <tud_control_xfer+0x54>
10003824:	b333      	cbz	r3, 10003874 <tud_control_xfer+0x80>
10003826:	b1dd      	cbz	r5, 10003860 <tud_control_xfer+0x6c>
10003828:	f99c 2000 	ldrsb.w	r2, [ip]
1000382c:	2b40      	cmp	r3, #64	@ 0x40
1000382e:	bf28      	it	cs
10003830:	2340      	movcs	r3, #64	@ 0x40
10003832:	2a00      	cmp	r2, #0
10003834:	db29      	blt.n	1000388a <tud_control_xfer+0x96>
10003836:	4621      	mov	r1, r4
10003838:	4630      	mov	r0, r6
1000383a:	4a19      	ldr	r2, [pc, #100]	@ (100038a0 <tud_control_xfer+0xac>)
1000383c:	f7ff ff86 	bl	1000374c <usbd_edpt_xfer>
10003840:	b170      	cbz	r0, 10003860 <tud_control_xfer+0x6c>
10003842:	2001      	movs	r0, #1
10003844:	b002      	add	sp, #8
10003846:	bd70      	pop	{r4, r5, r6, pc}
10003848:	f89e 1000 	ldrb.w	r1, [lr]
1000384c:	4613      	mov	r3, r2
1000384e:	f081 01ff 	eor.w	r1, r1, #255	@ 0xff
10003852:	4630      	mov	r0, r6
10003854:	f001 0180 	and.w	r1, r1, #128	@ 0x80
10003858:	f7ff ff78 	bl	1000374c <usbd_edpt_xfer>
1000385c:	2800      	cmp	r0, #0
1000385e:	d1f0      	bne.n	10003842 <tud_control_xfer+0x4e>
10003860:	f04f 23e0 	mov.w	r3, #3758153728	@ 0xe000e000
10003864:	f8d3 3df0 	ldr.w	r3, [r3, #3568]	@ 0xdf0
10003868:	07db      	lsls	r3, r3, #31
1000386a:	d500      	bpl.n	1000386e <tud_control_xfer+0x7a>
1000386c:	be00      	bkpt	0x0000
1000386e:	2000      	movs	r0, #0
10003870:	b002      	add	sp, #8
10003872:	bd70      	pop	{r4, r5, r6, pc}
10003874:	461a      	mov	r2, r3
10003876:	f89c 1000 	ldrb.w	r1, [ip]
1000387a:	f001 0180 	and.w	r1, r1, #128	@ 0x80
1000387e:	4630      	mov	r0, r6
10003880:	f7ff ff64 	bl	1000374c <usbd_edpt_xfer>
10003884:	2800      	cmp	r0, #0
10003886:	d1dc      	bne.n	10003842 <tud_control_xfer+0x4e>
10003888:	e7ea      	b.n	10003860 <tud_control_xfer+0x6c>
1000388a:	461a      	mov	r2, r3
1000388c:	4629      	mov	r1, r5
1000388e:	4804      	ldr	r0, [pc, #16]	@ (100038a0 <tud_control_xfer+0xac>)
10003890:	9301      	str	r3, [sp, #4]
10003892:	f001 fa47 	bl	10004d24 <memcpy>
10003896:	2180      	movs	r1, #128	@ 0x80
10003898:	4a01      	ldr	r2, [pc, #4]	@ (100038a0 <tud_control_xfer+0xac>)
1000389a:	9b01      	ldr	r3, [sp, #4]
1000389c:	e7ef      	b.n	1000387e <tud_control_xfer+0x8a>
1000389e:	bf00      	nop
100038a0:	2000e580 	.word	0x2000e580
100038a4:	2000e5c0 	.word	0x2000e5c0

100038a8 <usbd_control_reset>:
100038a8:	2200      	movs	r2, #0
100038aa:	4b03      	ldr	r3, [pc, #12]	@ (100038b8 <usbd_control_reset+0x10>)
100038ac:	e9c3 2200 	strd	r2, r2, [r3]
100038b0:	e9c3 2202 	strd	r2, r2, [r3, #8]
100038b4:	611a      	str	r2, [r3, #16]
100038b6:	4770      	bx	lr
100038b8:	2000e5c0 	.word	0x2000e5c0

100038bc <usbd_control_set_complete_callback>:
100038bc:	4b01      	ldr	r3, [pc, #4]	@ (100038c4 <usbd_control_set_complete_callback+0x8>)
100038be:	6118      	str	r0, [r3, #16]
100038c0:	4770      	bx	lr
100038c2:	bf00      	nop
100038c4:	2000e5c0 	.word	0x2000e5c0

100038c8 <usbd_control_set_request>:
100038c8:	4601      	mov	r1, r0
100038ca:	4a05      	ldr	r2, [pc, #20]	@ (100038e0 <usbd_control_set_request+0x18>)
100038cc:	f04f 0c00 	mov.w	ip, #0
100038d0:	4613      	mov	r3, r2
100038d2:	6800      	ldr	r0, [r0, #0]
100038d4:	6849      	ldr	r1, [r1, #4]
100038d6:	e9c2 cc02 	strd	ip, ip, [r2, #8]
100038da:	c303      	stmia	r3!, {r0, r1}
100038dc:	4770      	bx	lr
100038de:	bf00      	nop
100038e0:	2000e5c0 	.word	0x2000e5c0

100038e4 <usbd_control_xfer_cb>:
100038e4:	b530      	push	{r4, r5, lr}
100038e6:	4c3e      	ldr	r4, [pc, #248]	@ (100039e0 <usbd_control_xfer_cb+0xfc>)
100038e8:	09c9      	lsrs	r1, r1, #7
100038ea:	7822      	ldrb	r2, [r4, #0]
100038ec:	4605      	mov	r5, r0
100038ee:	ebb1 1fd2 	cmp.w	r1, r2, lsr #7
100038f2:	b083      	sub	sp, #12
100038f4:	d017      	beq.n	10003926 <usbd_control_xfer_cb+0x42>
100038f6:	b153      	cbz	r3, 1000390e <usbd_control_xfer_cb+0x2a>
100038f8:	f04f 23e0 	mov.w	r3, #3758153728	@ 0xe000e000
100038fc:	f8d3 3df0 	ldr.w	r3, [r3, #3568]	@ 0xdf0
10003900:	07db      	lsls	r3, r3, #31
10003902:	d402      	bmi.n	1000390a <usbd_control_xfer_cb+0x26>
10003904:	2000      	movs	r0, #0
10003906:	b003      	add	sp, #12
10003908:	bd30      	pop	{r4, r5, pc}
1000390a:	be00      	bkpt	0x0000
1000390c:	e7fa      	b.n	10003904 <usbd_control_xfer_cb+0x20>
1000390e:	4621      	mov	r1, r4
10003910:	f7ff f8a2 	bl	10002a58 <dcd_edpt0_status_complete>
10003914:	6923      	ldr	r3, [r4, #16]
10003916:	b11b      	cbz	r3, 10003920 <usbd_control_xfer_cb+0x3c>
10003918:	4622      	mov	r2, r4
1000391a:	2103      	movs	r1, #3
1000391c:	4628      	mov	r0, r5
1000391e:	4798      	blx	r3
10003920:	2001      	movs	r0, #1
10003922:	b003      	add	sp, #12
10003924:	bd30      	pop	{r4, r5, pc}
10003926:	f994 2000 	ldrsb.w	r2, [r4]
1000392a:	2a00      	cmp	r2, #0
1000392c:	db08      	blt.n	10003940 <usbd_control_xfer_cb+0x5c>
1000392e:	68a0      	ldr	r0, [r4, #8]
10003930:	2800      	cmp	r0, #0
10003932:	d0e7      	beq.n	10003904 <usbd_control_xfer_cb+0x20>
10003934:	461a      	mov	r2, r3
10003936:	492b      	ldr	r1, [pc, #172]	@ (100039e4 <usbd_control_xfer_cb+0x100>)
10003938:	9301      	str	r3, [sp, #4]
1000393a:	f001 f9f3 	bl	10004d24 <memcpy>
1000393e:	9b01      	ldr	r3, [sp, #4]
10003940:	89e0      	ldrh	r0, [r4, #14]
10003942:	68a1      	ldr	r1, [r4, #8]
10003944:	88e2      	ldrh	r2, [r4, #6]
10003946:	4418      	add	r0, r3
10003948:	b280      	uxth	r0, r0
1000394a:	4419      	add	r1, r3
1000394c:	4282      	cmp	r2, r0
1000394e:	81e0      	strh	r0, [r4, #14]
10003950:	60a1      	str	r1, [r4, #8]
10003952:	d016      	beq.n	10003982 <usbd_control_xfer_cb+0x9e>
10003954:	2b3f      	cmp	r3, #63	@ 0x3f
10003956:	d914      	bls.n	10003982 <usbd_control_xfer_cb+0x9e>
10003958:	89a2      	ldrh	r2, [r4, #12]
1000395a:	f994 4000 	ldrsb.w	r4, [r4]
1000395e:	1a13      	subs	r3, r2, r0
10003960:	b29b      	uxth	r3, r3
10003962:	2b40      	cmp	r3, #64	@ 0x40
10003964:	bf28      	it	cs
10003966:	2340      	movcs	r3, #64	@ 0x40
10003968:	2c00      	cmp	r4, #0
1000396a:	db28      	blt.n	100039be <usbd_control_xfer_cb+0xda>
1000396c:	4290      	cmp	r0, r2
1000396e:	f04f 0100 	mov.w	r1, #0
10003972:	d032      	beq.n	100039da <usbd_control_xfer_cb+0xf6>
10003974:	4a1b      	ldr	r2, [pc, #108]	@ (100039e4 <usbd_control_xfer_cb+0x100>)
10003976:	4628      	mov	r0, r5
10003978:	f7ff fee8 	bl	1000374c <usbd_edpt_xfer>
1000397c:	2800      	cmp	r0, #0
1000397e:	d1cf      	bne.n	10003920 <usbd_control_xfer_cb+0x3c>
10003980:	e7ba      	b.n	100038f8 <usbd_control_xfer_cb+0x14>
10003982:	6923      	ldr	r3, [r4, #16]
10003984:	b123      	cbz	r3, 10003990 <usbd_control_xfer_cb+0xac>
10003986:	2102      	movs	r1, #2
10003988:	4628      	mov	r0, r5
1000398a:	4a15      	ldr	r2, [pc, #84]	@ (100039e0 <usbd_control_xfer_cb+0xfc>)
1000398c:	4798      	blx	r3
1000398e:	b168      	cbz	r0, 100039ac <usbd_control_xfer_cb+0xc8>
10003990:	2300      	movs	r3, #0
10003992:	7821      	ldrb	r1, [r4, #0]
10003994:	4628      	mov	r0, r5
10003996:	f081 01ff 	eor.w	r1, r1, #255	@ 0xff
1000399a:	461a      	mov	r2, r3
1000399c:	f001 0180 	and.w	r1, r1, #128	@ 0x80
100039a0:	f7ff fed4 	bl	1000374c <usbd_edpt_xfer>
100039a4:	2800      	cmp	r0, #0
100039a6:	d0a7      	beq.n	100038f8 <usbd_control_xfer_cb+0x14>
100039a8:	2001      	movs	r0, #1
100039aa:	e7ba      	b.n	10003922 <usbd_control_xfer_cb+0x3e>
100039ac:	4601      	mov	r1, r0
100039ae:	4628      	mov	r0, r5
100039b0:	f7ff f8fc 	bl	10002bac <dcd_edpt_stall>
100039b4:	2180      	movs	r1, #128	@ 0x80
100039b6:	4628      	mov	r0, r5
100039b8:	f7ff f8f8 	bl	10002bac <dcd_edpt_stall>
100039bc:	e7b0      	b.n	10003920 <usbd_control_xfer_cb+0x3c>
100039be:	4290      	cmp	r0, r2
100039c0:	d008      	beq.n	100039d4 <usbd_control_xfer_cb+0xf0>
100039c2:	461a      	mov	r2, r3
100039c4:	4807      	ldr	r0, [pc, #28]	@ (100039e4 <usbd_control_xfer_cb+0x100>)
100039c6:	9301      	str	r3, [sp, #4]
100039c8:	f001 f9ac 	bl	10004d24 <memcpy>
100039cc:	2180      	movs	r1, #128	@ 0x80
100039ce:	4a05      	ldr	r2, [pc, #20]	@ (100039e4 <usbd_control_xfer_cb+0x100>)
100039d0:	9b01      	ldr	r3, [sp, #4]
100039d2:	e7d0      	b.n	10003976 <usbd_control_xfer_cb+0x92>
100039d4:	2180      	movs	r1, #128	@ 0x80
100039d6:	2200      	movs	r2, #0
100039d8:	e7cd      	b.n	10003976 <usbd_control_xfer_cb+0x92>
100039da:	460a      	mov	r2, r1
100039dc:	e7cb      	b.n	10003976 <usbd_control_xfer_cb+0x92>
100039de:	bf00      	nop
100039e0:	2000e5c0 	.word	0x2000e5c0
100039e4:	2000e580 	.word	0x2000e580

100039e8 <_prep_out_transaction.isra.0>:
100039e8:	b570      	push	{r4, r5, r6, lr}
100039ea:	b082      	sub	sp, #8
100039ec:	4604      	mov	r4, r0
100039ee:	f7ff f99d 	bl	10002d2c <tud_mounted>
100039f2:	b908      	cbnz	r0, 100039f8 <_prep_out_transaction.isra.0+0x10>
100039f4:	b002      	add	sp, #8
100039f6:	bd70      	pop	{r4, r5, r6, pc}
100039f8:	f7ff f9a0 	bl	10002d3c <tud_suspended>
100039fc:	4602      	mov	r2, r0
100039fe:	2800      	cmp	r0, #0
10003a00:	d1f8      	bne.n	100039f4 <_prep_out_transaction.isra.0+0xc>
10003a02:	23c8      	movs	r3, #200	@ 0xc8
10003a04:	fb04 f303 	mul.w	r3, r4, r3
10003a08:	4915      	ldr	r1, [pc, #84]	@ (10003a60 <_prep_out_transaction.isra.0+0x78>)
10003a0a:	4625      	mov	r5, r4
10003a0c:	18cc      	adds	r4, r1, r3
10003a0e:	78e0      	ldrb	r0, [r4, #3]
10003a10:	2800      	cmp	r0, #0
10003a12:	d0ef      	beq.n	100039f4 <_prep_out_transaction.isra.0+0xc>
10003a14:	3310      	adds	r3, #16
10003a16:	185e      	adds	r6, r3, r1
10003a18:	4630      	mov	r0, r6
10003a1a:	9201      	str	r2, [sp, #4]
10003a1c:	f000 fe02 	bl	10004624 <tu_fifo_remaining>
10003a20:	283f      	cmp	r0, #63	@ 0x3f
10003a22:	d9e7      	bls.n	100039f4 <_prep_out_transaction.isra.0+0xc>
10003a24:	78e1      	ldrb	r1, [r4, #3]
10003a26:	9801      	ldr	r0, [sp, #4]
10003a28:	f7ff fe6c 	bl	10003704 <usbd_edpt_claim>
10003a2c:	2800      	cmp	r0, #0
10003a2e:	d0e1      	beq.n	100039f4 <_prep_out_transaction.isra.0+0xc>
10003a30:	4630      	mov	r0, r6
10003a32:	f000 fdf7 	bl	10004624 <tu_fifo_remaining>
10003a36:	283f      	cmp	r0, #63	@ 0x3f
10003a38:	78e1      	ldrb	r1, [r4, #3]
10003a3a:	d90a      	bls.n	10003a52 <_prep_out_transaction.isra.0+0x6a>
10003a3c:	2340      	movs	r3, #64	@ 0x40
10003a3e:	f8df c024 	ldr.w	ip, [pc, #36]	@ 10003a64 <_prep_out_transaction.isra.0+0x7c>
10003a42:	9801      	ldr	r0, [sp, #4]
10003a44:	eb0c 12c5 	add.w	r2, ip, r5, lsl #7
10003a48:	b002      	add	sp, #8
10003a4a:	e8bd 4070 	ldmia.w	sp!, {r4, r5, r6, lr}
10003a4e:	f7ff be7d 	b.w	1000374c <usbd_edpt_xfer>
10003a52:	9801      	ldr	r0, [sp, #4]
10003a54:	b002      	add	sp, #8
10003a56:	e8bd 4070 	ldmia.w	sp!, {r4, r5, r6, lr}
10003a5a:	f7ff be65 	b.w	10003728 <usbd_edpt_release>
10003a5e:	bf00      	nop
10003a60:	2000e2a8 	.word	0x2000e2a8
10003a64:	2000e4fc 	.word	0x2000e4fc

10003a68 <tud_cdc_n_connected>:
10003a68:	b510      	push	{r4, lr}
10003a6a:	4604      	mov	r4, r0
10003a6c:	f7ff f95e 	bl	10002d2c <tud_mounted>
10003a70:	b908      	cbnz	r0, 10003a76 <tud_cdc_n_connected+0xe>
10003a72:	2000      	movs	r0, #0
10003a74:	bd10      	pop	{r4, pc}
10003a76:	f7ff f961 	bl	10002d3c <tud_suspended>
10003a7a:	2800      	cmp	r0, #0
10003a7c:	d1f9      	bne.n	10003a72 <tud_cdc_n_connected+0xa>
10003a7e:	22c8      	movs	r2, #200	@ 0xc8
10003a80:	4b03      	ldr	r3, [pc, #12]	@ (10003a90 <tud_cdc_n_connected+0x28>)
10003a82:	fb02 3304 	mla	r3, r2, r4, r3
10003a86:	7918      	ldrb	r0, [r3, #4]
10003a88:	f000 0001 	and.w	r0, r0, #1
10003a8c:	bd10      	pop	{r4, pc}
10003a8e:	bf00      	nop
10003a90:	2000e2a8 	.word	0x2000e2a8

10003a94 <tud_cdc_n_available>:
10003a94:	22c8      	movs	r2, #200	@ 0xc8
10003a96:	b508      	push	{r3, lr}
10003a98:	4b02      	ldr	r3, [pc, #8]	@ (10003aa4 <tud_cdc_n_available+0x10>)
10003a9a:	fb02 3000 	mla	r0, r2, r0, r3
10003a9e:	f000 fda7 	bl	100045f0 <tu_fifo_count>
10003aa2:	bd08      	pop	{r3, pc}
10003aa4:	2000e2b8 	.word	0x2000e2b8

10003aa8 <tud_cdc_n_read>:
10003aa8:	f64f 73ff 	movw	r3, #65535	@ 0xffff
10003aac:	e92d 41f0 	stmdb	sp!, {r4, r5, r6, r7, r8, lr}
10003ab0:	24c8      	movs	r4, #200	@ 0xc8
10003ab2:	429a      	cmp	r2, r3
10003ab4:	bf28      	it	cs
10003ab6:	461a      	movcs	r2, r3
10003ab8:	fb00 f404 	mul.w	r4, r0, r4
10003abc:	4d1b      	ldr	r5, [pc, #108]	@ (10003b2c <tud_cdc_n_read+0x84>)
10003abe:	f104 0310 	add.w	r3, r4, #16
10003ac2:	b082      	sub	sp, #8
10003ac4:	4680      	mov	r8, r0
10003ac6:	b292      	uxth	r2, r2
10003ac8:	1958      	adds	r0, r3, r5
10003aca:	195f      	adds	r7, r3, r5
10003acc:	f000 fe0a 	bl	100046e4 <tu_fifo_read_n>
10003ad0:	4606      	mov	r6, r0
10003ad2:	f7ff f92b 	bl	10002d2c <tud_mounted>
10003ad6:	b918      	cbnz	r0, 10003ae0 <tud_cdc_n_read+0x38>
10003ad8:	4630      	mov	r0, r6
10003ada:	b002      	add	sp, #8
10003adc:	e8bd 81f0 	ldmia.w	sp!, {r4, r5, r6, r7, r8, pc}
10003ae0:	f7ff f92c 	bl	10002d3c <tud_suspended>
10003ae4:	2800      	cmp	r0, #0
10003ae6:	d1f7      	bne.n	10003ad8 <tud_cdc_n_read+0x30>
10003ae8:	4425      	add	r5, r4
10003aea:	78ea      	ldrb	r2, [r5, #3]
10003aec:	2a00      	cmp	r2, #0
10003aee:	d0f3      	beq.n	10003ad8 <tud_cdc_n_read+0x30>
10003af0:	9001      	str	r0, [sp, #4]
10003af2:	4638      	mov	r0, r7
10003af4:	f000 fd96 	bl	10004624 <tu_fifo_remaining>
10003af8:	283f      	cmp	r0, #63	@ 0x3f
10003afa:	d9ed      	bls.n	10003ad8 <tud_cdc_n_read+0x30>
10003afc:	9801      	ldr	r0, [sp, #4]
10003afe:	78e9      	ldrb	r1, [r5, #3]
10003b00:	f7ff fe00 	bl	10003704 <usbd_edpt_claim>
10003b04:	2800      	cmp	r0, #0
10003b06:	d0e7      	beq.n	10003ad8 <tud_cdc_n_read+0x30>
10003b08:	4638      	mov	r0, r7
10003b0a:	f000 fd8b 	bl	10004624 <tu_fifo_remaining>
10003b0e:	283f      	cmp	r0, #63	@ 0x3f
10003b10:	78e9      	ldrb	r1, [r5, #3]
10003b12:	d907      	bls.n	10003b24 <tud_cdc_n_read+0x7c>
10003b14:	4a06      	ldr	r2, [pc, #24]	@ (10003b30 <tud_cdc_n_read+0x88>)
10003b16:	2340      	movs	r3, #64	@ 0x40
10003b18:	9801      	ldr	r0, [sp, #4]
10003b1a:	eb02 12c8 	add.w	r2, r2, r8, lsl #7
10003b1e:	f7ff fe15 	bl	1000374c <usbd_edpt_xfer>
10003b22:	e7d9      	b.n	10003ad8 <tud_cdc_n_read+0x30>
10003b24:	9801      	ldr	r0, [sp, #4]
10003b26:	f7ff fdff 	bl	10003728 <usbd_edpt_release>
10003b2a:	e7d5      	b.n	10003ad8 <tud_cdc_n_read+0x30>
10003b2c:	2000e2a8 	.word	0x2000e2a8
10003b30:	2000e4fc 	.word	0x2000e4fc

10003b34 <tud_cdc_n_write_flush>:
10003b34:	b5f0      	push	{r4, r5, r6, r7, lr}
10003b36:	b083      	sub	sp, #12
10003b38:	4605      	mov	r5, r0
10003b3a:	f7ff f8f7 	bl	10002d2c <tud_mounted>
10003b3e:	b910      	cbnz	r0, 10003b46 <tud_cdc_n_write_flush+0x12>
10003b40:	2000      	movs	r0, #0
10003b42:	b003      	add	sp, #12
10003b44:	bdf0      	pop	{r4, r5, r6, r7, pc}
10003b46:	f7ff f8f9 	bl	10002d3c <tud_suspended>
10003b4a:	4604      	mov	r4, r0
10003b4c:	2800      	cmp	r0, #0
10003b4e:	d1f7      	bne.n	10003b40 <tud_cdc_n_write_flush+0xc>
10003b50:	23c8      	movs	r3, #200	@ 0xc8
10003b52:	fb05 f303 	mul.w	r3, r5, r3
10003b56:	4a1a      	ldr	r2, [pc, #104]	@ (10003bc0 <tud_cdc_n_write_flush+0x8c>)
10003b58:	f103 0124 	add.w	r1, r3, #36	@ 0x24
10003b5c:	188f      	adds	r7, r1, r2
10003b5e:	4638      	mov	r0, r7
10003b60:	9300      	str	r3, [sp, #0]
10003b62:	f000 fd45 	bl	100045f0 <tu_fifo_count>
10003b66:	2800      	cmp	r0, #0
10003b68:	d0ea      	beq.n	10003b40 <tud_cdc_n_write_flush+0xc>
10003b6a:	4a15      	ldr	r2, [pc, #84]	@ (10003bc0 <tud_cdc_n_write_flush+0x8c>)
10003b6c:	9b00      	ldr	r3, [sp, #0]
10003b6e:	4620      	mov	r0, r4
10003b70:	18d6      	adds	r6, r2, r3
10003b72:	78b1      	ldrb	r1, [r6, #2]
10003b74:	f7ff fdc6 	bl	10003704 <usbd_edpt_claim>
10003b78:	2800      	cmp	r0, #0
10003b7a:	d0e1      	beq.n	10003b40 <tud_cdc_n_write_flush+0xc>
10003b7c:	4911      	ldr	r1, [pc, #68]	@ (10003bc4 <tud_cdc_n_write_flush+0x90>)
10003b7e:	4638      	mov	r0, r7
10003b80:	eb01 11c5 	add.w	r1, r1, r5, lsl #7
10003b84:	2240      	movs	r2, #64	@ 0x40
10003b86:	9100      	str	r1, [sp, #0]
10003b88:	f000 fdac 	bl	100046e4 <tu_fifo_read_n>
10003b8c:	f896 c002 	ldrb.w	ip, [r6, #2]
10003b90:	4603      	mov	r3, r0
10003b92:	b170      	cbz	r0, 10003bb2 <tud_cdc_n_write_flush+0x7e>
10003b94:	9001      	str	r0, [sp, #4]
10003b96:	4661      	mov	r1, ip
10003b98:	4620      	mov	r0, r4
10003b9a:	9a00      	ldr	r2, [sp, #0]
10003b9c:	f7ff fdd6 	bl	1000374c <usbd_edpt_xfer>
10003ba0:	b958      	cbnz	r0, 10003bba <tud_cdc_n_write_flush+0x86>
10003ba2:	f04f 23e0 	mov.w	r3, #3758153728	@ 0xe000e000
10003ba6:	f8d3 3df0 	ldr.w	r3, [r3, #3568]	@ 0xdf0
10003baa:	07db      	lsls	r3, r3, #31
10003bac:	d5c8      	bpl.n	10003b40 <tud_cdc_n_write_flush+0xc>
10003bae:	be00      	bkpt	0x0000
10003bb0:	e7c6      	b.n	10003b40 <tud_cdc_n_write_flush+0xc>
10003bb2:	4661      	mov	r1, ip
10003bb4:	f7ff fdb8 	bl	10003728 <usbd_edpt_release>
10003bb8:	e7c2      	b.n	10003b40 <tud_cdc_n_write_flush+0xc>
10003bba:	9801      	ldr	r0, [sp, #4]
10003bbc:	e7c1      	b.n	10003b42 <tud_cdc_n_write_flush+0xe>
10003bbe:	bf00      	nop
10003bc0:	2000e2a8 	.word	0x2000e2a8
10003bc4:	2000e53c 	.word	0x2000e53c

10003bc8 <tud_cdc_n_write>:
10003bc8:	b570      	push	{r4, r5, r6, lr}
10003bca:	4605      	mov	r5, r0
10003bcc:	f64f 70ff 	movw	r0, #65535	@ 0xffff
10003bd0:	23c8      	movs	r3, #200	@ 0xc8
10003bd2:	4282      	cmp	r2, r0
10003bd4:	bf28      	it	cs
10003bd6:	4602      	movcs	r2, r0
10003bd8:	4c09      	ldr	r4, [pc, #36]	@ (10003c00 <tud_cdc_n_write+0x38>)
10003bda:	b292      	uxth	r2, r2
10003bdc:	fb03 4405 	mla	r4, r3, r5, r4
10003be0:	4620      	mov	r0, r4
10003be2:	f000 fe43 	bl	1000486c <tu_fifo_write_n>
10003be6:	4606      	mov	r6, r0
10003be8:	4620      	mov	r0, r4
10003bea:	f000 fd01 	bl	100045f0 <tu_fifo_count>
10003bee:	283f      	cmp	r0, #63	@ 0x3f
10003bf0:	d801      	bhi.n	10003bf6 <tud_cdc_n_write+0x2e>
10003bf2:	4630      	mov	r0, r6
10003bf4:	bd70      	pop	{r4, r5, r6, pc}
10003bf6:	4628      	mov	r0, r5
10003bf8:	f7ff ff9c 	bl	10003b34 <tud_cdc_n_write_flush>
10003bfc:	4630      	mov	r0, r6
10003bfe:	bd70      	pop	{r4, r5, r6, pc}
10003c00:	2000e2cc 	.word	0x2000e2cc

10003c04 <tud_cdc_n_write_available>:
10003c04:	22c8      	movs	r2, #200	@ 0xc8
10003c06:	b508      	push	{r3, lr}
10003c08:	4b02      	ldr	r3, [pc, #8]	@ (10003c14 <tud_cdc_n_write_available+0x10>)
10003c0a:	fb02 3000 	mla	r0, r2, r0, r3
10003c0e:	f000 fd09 	bl	10004624 <tu_fifo_remaining>
10003c12:	bd08      	pop	{r3, pc}
10003c14:	2000e2cc 	.word	0x2000e2cc

10003c18 <cdcd_init>:
10003c18:	b570      	push	{r4, r5, r6, lr}
10003c1a:	2400      	movs	r4, #0
10003c1c:	b082      	sub	sp, #8
10003c1e:	22c8      	movs	r2, #200	@ 0xc8
10003c20:	2100      	movs	r1, #0
10003c22:	4818      	ldr	r0, [pc, #96]	@ (10003c84 <cdcd_init+0x6c>)
10003c24:	f001 f83a 	bl	10004c9c <memset>
10003c28:	23ff      	movs	r3, #255	@ 0xff
10003c2a:	f44f 31e1 	mov.w	r1, #115200	@ 0x1c200
10003c2e:	2208      	movs	r2, #8
10003c30:	4815      	ldr	r0, [pc, #84]	@ (10003c88 <cdcd_init+0x70>)
10003c32:	7004      	strb	r4, [r0, #0]
10003c34:	4813      	ldr	r0, [pc, #76]	@ (10003c84 <cdcd_init+0x6c>)
10003c36:	9400      	str	r4, [sp, #0]
10003c38:	4606      	mov	r6, r0
10003c3a:	7143      	strb	r3, [r0, #5]
10003c3c:	6081      	str	r1, [r0, #8]
10003c3e:	7382      	strb	r2, [r0, #14]
10003c40:	f100 0138 	add.w	r1, r0, #56	@ 0x38
10003c44:	2301      	movs	r3, #1
10003c46:	2240      	movs	r2, #64	@ 0x40
10003c48:	3010      	adds	r0, #16
10003c4a:	f000 fca1 	bl	10004590 <tu_fifo_config>
10003c4e:	2301      	movs	r3, #1
10003c50:	2240      	movs	r2, #64	@ 0x40
10003c52:	f106 0178 	add.w	r1, r6, #120	@ 0x78
10003c56:	9300      	str	r3, [sp, #0]
10003c58:	f106 05b8 	add.w	r5, r6, #184	@ 0xb8
10003c5c:	f106 0024 	add.w	r0, r6, #36	@ 0x24
10003c60:	f000 fc96 	bl	10004590 <tu_fifo_config>
10003c64:	4628      	mov	r0, r5
10003c66:	f7fd fa47 	bl	100010f8 <mutex_init>
10003c6a:	f106 00c0 	add.w	r0, r6, #192	@ 0xc0
10003c6e:	f7fd fa43 	bl	100010f8 <mutex_init>
10003c72:	f106 00c0 	add.w	r0, r6, #192	@ 0xc0
10003c76:	e9c6 4507 	strd	r4, r5, [r6, #28]
10003c7a:	e9c6 040c 	strd	r0, r4, [r6, #48]	@ 0x30
10003c7e:	b002      	add	sp, #8
10003c80:	bd70      	pop	{r4, r5, r6, pc}
10003c82:	bf00      	nop
10003c84:	2000e2a8 	.word	0x2000e2a8
10003c88:	2000e57c 	.word	0x2000e57c

10003c8c <cdcd_deinit>:
10003c8c:	4b0a      	ldr	r3, [pc, #40]	@ (10003cb8 <cdcd_deinit+0x2c>)
10003c8e:	6b19      	ldr	r1, [r3, #48]	@ 0x30
10003c90:	6a1a      	ldr	r2, [r3, #32]
10003c92:	b161      	cbz	r1, 10003cae <cdcd_deinit+0x22>
10003c94:	b13a      	cbz	r2, 10003ca6 <cdcd_deinit+0x1a>
10003c96:	2200      	movs	r2, #0
10003c98:	e9c3 220c 	strd	r2, r2, [r3, #48]	@ 0x30
10003c9c:	61da      	str	r2, [r3, #28]
10003c9e:	2200      	movs	r2, #0
10003ca0:	621a      	str	r2, [r3, #32]
10003ca2:	2001      	movs	r0, #1
10003ca4:	4770      	bx	lr
10003ca6:	2001      	movs	r0, #1
10003ca8:	e9c3 220c 	strd	r2, r2, [r3, #48]	@ 0x30
10003cac:	4770      	bx	lr
10003cae:	2a00      	cmp	r2, #0
10003cb0:	d0f7      	beq.n	10003ca2 <cdcd_deinit+0x16>
10003cb2:	61d9      	str	r1, [r3, #28]
10003cb4:	e7f3      	b.n	10003c9e <cdcd_deinit+0x12>
10003cb6:	bf00      	nop
10003cb8:	2000e2a8 	.word	0x2000e2a8

10003cbc <cdcd_reset>:
10003cbc:	2200      	movs	r2, #0
10003cbe:	4910      	ldr	r1, [pc, #64]	@ (10003d00 <cdcd_reset+0x44>)
10003cc0:	b508      	push	{r3, lr}
10003cc2:	4810      	ldr	r0, [pc, #64]	@ (10003d04 <cdcd_reset+0x48>)
10003cc4:	780b      	ldrb	r3, [r1, #0]
10003cc6:	6002      	str	r2, [r0, #0]
10003cc8:	7102      	strb	r2, [r0, #4]
10003cca:	07da      	lsls	r2, r3, #31
10003ccc:	d507      	bpl.n	10003cde <cdcd_reset+0x22>
10003cce:	079b      	lsls	r3, r3, #30
10003cd0:	d50c      	bpl.n	10003cec <cdcd_reset+0x30>
10003cd2:	e8bd 4008 	ldmia.w	sp!, {r3, lr}
10003cd6:	2101      	movs	r1, #1
10003cd8:	480b      	ldr	r0, [pc, #44]	@ (10003d08 <cdcd_reset+0x4c>)
10003cda:	f000 be8b 	b.w	100049f4 <tu_fifo_set_overwritable>
10003cde:	3010      	adds	r0, #16
10003ce0:	f000 fe6c 	bl	100049bc <tu_fifo_clear>
10003ce4:	4906      	ldr	r1, [pc, #24]	@ (10003d00 <cdcd_reset+0x44>)
10003ce6:	780b      	ldrb	r3, [r1, #0]
10003ce8:	079b      	lsls	r3, r3, #30
10003cea:	d4f2      	bmi.n	10003cd2 <cdcd_reset+0x16>
10003cec:	4806      	ldr	r0, [pc, #24]	@ (10003d08 <cdcd_reset+0x4c>)
10003cee:	f000 fe65 	bl	100049bc <tu_fifo_clear>
10003cf2:	e8bd 4008 	ldmia.w	sp!, {r3, lr}
10003cf6:	2101      	movs	r1, #1
10003cf8:	4803      	ldr	r0, [pc, #12]	@ (10003d08 <cdcd_reset+0x4c>)
10003cfa:	f000 be7b 	b.w	100049f4 <tu_fifo_set_overwritable>
10003cfe:	bf00      	nop
10003d00:	2000e57c 	.word	0x2000e57c
10003d04:	2000e2a8 	.word	0x2000e2a8
10003d08:	2000e2cc 	.word	0x2000e2cc

10003d0c <cdcd_open>:
10003d0c:	b570      	push	{r4, r5, r6, lr}
10003d0e:	794b      	ldrb	r3, [r1, #5]
10003d10:	b084      	sub	sp, #16
10003d12:	2b02      	cmp	r3, #2
10003d14:	d102      	bne.n	10003d1c <cdcd_open+0x10>
10003d16:	798b      	ldrb	r3, [r1, #6]
10003d18:	2b02      	cmp	r3, #2
10003d1a:	d003      	beq.n	10003d24 <cdcd_open+0x18>
10003d1c:	2400      	movs	r4, #0
10003d1e:	4620      	mov	r0, r4
10003d20:	b004      	add	sp, #16
10003d22:	bd70      	pop	{r4, r5, r6, pc}
10003d24:	4b2b      	ldr	r3, [pc, #172]	@ (10003dd4 <cdcd_open+0xc8>)
10003d26:	789b      	ldrb	r3, [r3, #2]
10003d28:	b13b      	cbz	r3, 10003d3a <cdcd_open+0x2e>
10003d2a:	f04f 23e0 	mov.w	r3, #3758153728	@ 0xe000e000
10003d2e:	f8d3 3df0 	ldr.w	r3, [r3, #3568]	@ 0xdf0
10003d32:	07db      	lsls	r3, r3, #31
10003d34:	d5f2      	bpl.n	10003d1c <cdcd_open+0x10>
10003d36:	be00      	bkpt	0x0000
10003d38:	e7f0      	b.n	10003d1c <cdcd_open+0x10>
10003d3a:	788b      	ldrb	r3, [r1, #2]
10003d3c:	4605      	mov	r5, r0
10003d3e:	4825      	ldr	r0, [pc, #148]	@ (10003dd4 <cdcd_open+0xc8>)
10003d40:	7003      	strb	r3, [r0, #0]
10003d42:	780b      	ldrb	r3, [r1, #0]
10003d44:	4419      	add	r1, r3
10003d46:	f891 c001 	ldrb.w	ip, [r1, #1]
10003d4a:	f1bc 0f24 	cmp.w	ip, #36	@ 0x24
10003d4e:	bf08      	it	eq
10003d50:	2409      	moveq	r4, #9
10003d52:	d009      	beq.n	10003d68 <cdcd_open+0x5c>
10003d54:	e03b      	b.n	10003dce <cdcd_open+0xc2>
10003d56:	780b      	ldrb	r3, [r1, #0]
10003d58:	4419      	add	r1, r3
10003d5a:	f891 c001 	ldrb.w	ip, [r1, #1]
10003d5e:	4423      	add	r3, r4
10003d60:	f1bc 0f24 	cmp.w	ip, #36	@ 0x24
10003d64:	b29c      	uxth	r4, r3
10003d66:	d107      	bne.n	10003d78 <cdcd_open+0x6c>
10003d68:	4294      	cmp	r4, r2
10003d6a:	d9f4      	bls.n	10003d56 <cdcd_open+0x4a>
10003d6c:	2000      	movs	r0, #0
10003d6e:	f7ff fe3b 	bl	100039e8 <_prep_out_transaction.isra.0>
10003d72:	4620      	mov	r0, r4
10003d74:	b004      	add	sp, #16
10003d76:	bd70      	pop	{r4, r5, r6, pc}
10003d78:	4663      	mov	r3, ip
10003d7a:	f1bc 0f05 	cmp.w	ip, #5
10003d7e:	d016      	beq.n	10003dae <cdcd_open+0xa2>
10003d80:	2b04      	cmp	r3, #4
10003d82:	d1f3      	bne.n	10003d6c <cdcd_open+0x60>
10003d84:	794b      	ldrb	r3, [r1, #5]
10003d86:	2b0a      	cmp	r3, #10
10003d88:	d1f0      	bne.n	10003d6c <cdcd_open+0x60>
10003d8a:	4b13      	ldr	r3, [pc, #76]	@ (10003dd8 <cdcd_open+0xcc>)
10003d8c:	780a      	ldrb	r2, [r1, #0]
10003d8e:	9301      	str	r3, [sp, #4]
10003d90:	3301      	adds	r3, #1
10003d92:	9300      	str	r3, [sp, #0]
10003d94:	2302      	movs	r3, #2
10003d96:	4616      	mov	r6, r2
10003d98:	4411      	add	r1, r2
10003d9a:	4628      	mov	r0, r5
10003d9c:	461a      	mov	r2, r3
10003d9e:	f7ff fc33 	bl	10003608 <usbd_open_edpt_pair>
10003da2:	2800      	cmp	r0, #0
10003da4:	d0c1      	beq.n	10003d2a <cdcd_open+0x1e>
10003da6:	340e      	adds	r4, #14
10003da8:	1933      	adds	r3, r6, r4
10003daa:	b29c      	uxth	r4, r3
10003dac:	e7de      	b.n	10003d6c <cdcd_open+0x60>
10003dae:	4628      	mov	r0, r5
10003db0:	9103      	str	r1, [sp, #12]
10003db2:	f7ff fc79 	bl	100036a8 <usbd_edpt_open>
10003db6:	9903      	ldr	r1, [sp, #12]
10003db8:	2800      	cmp	r0, #0
10003dba:	d0b6      	beq.n	10003d2a <cdcd_open+0x1e>
10003dbc:	788b      	ldrb	r3, [r1, #2]
10003dbe:	4a05      	ldr	r2, [pc, #20]	@ (10003dd4 <cdcd_open+0xc8>)
10003dc0:	7053      	strb	r3, [r2, #1]
10003dc2:	780b      	ldrb	r3, [r1, #0]
10003dc4:	191a      	adds	r2, r3, r4
10003dc6:	4419      	add	r1, r3
10003dc8:	784b      	ldrb	r3, [r1, #1]
10003dca:	b294      	uxth	r4, r2
10003dcc:	e7d8      	b.n	10003d80 <cdcd_open+0x74>
10003dce:	4663      	mov	r3, ip
10003dd0:	2409      	movs	r4, #9
10003dd2:	e7d2      	b.n	10003d7a <cdcd_open+0x6e>
10003dd4:	2000e2a8 	.word	0x2000e2a8
10003dd8:	2000e2aa 	.word	0x2000e2aa

10003ddc <cdcd_control_xfer_cb>:
10003ddc:	7813      	ldrb	r3, [r2, #0]
10003dde:	f003 0360 	and.w	r3, r3, #96	@ 0x60
10003de2:	2b20      	cmp	r3, #32
10003de4:	d10b      	bne.n	10003dfe <cdcd_control_xfer_cb+0x22>
10003de6:	b500      	push	{lr}
10003de8:	f8df c0bc 	ldr.w	ip, [pc, #188]	@ 10003ea8 <cdcd_control_xfer_cb+0xcc>
10003dec:	8893      	ldrh	r3, [r2, #4]
10003dee:	f89c e000 	ldrb.w	lr, [ip]
10003df2:	b083      	sub	sp, #12
10003df4:	459e      	cmp	lr, r3
10003df6:	d004      	beq.n	10003e02 <cdcd_control_xfer_cb+0x26>
10003df8:	2000      	movs	r0, #0
10003dfa:	b003      	add	sp, #12
10003dfc:	bd00      	pop	{pc}
10003dfe:	2000      	movs	r0, #0
10003e00:	4770      	bx	lr
10003e02:	7853      	ldrb	r3, [r2, #1]
10003e04:	3b20      	subs	r3, #32
10003e06:	2b03      	cmp	r3, #3
10003e08:	d8f6      	bhi.n	10003df8 <cdcd_control_xfer_cb+0x1c>
10003e0a:	e8df f003 	tbb	[pc, r3]
10003e0e:	272c      	.short	0x272c
10003e10:	020d      	.short	0x020d
10003e12:	2901      	cmp	r1, #1
10003e14:	d033      	beq.n	10003e7e <cdcd_control_xfer_cb+0xa2>
10003e16:	2903      	cmp	r1, #3
10003e18:	d122      	bne.n	10003e60 <cdcd_control_xfer_cb+0x84>
10003e1a:	4b1e      	ldr	r3, [pc, #120]	@ (10003e94 <cdcd_control_xfer_cb+0xb8>)
10003e1c:	b303      	cbz	r3, 10003e60 <cdcd_control_xfer_cb+0x84>
10003e1e:	2000      	movs	r0, #0
10003e20:	8851      	ldrh	r1, [r2, #2]
10003e22:	f3af 8000 	nop.w
10003e26:	e01b      	b.n	10003e60 <cdcd_control_xfer_cb+0x84>
10003e28:	2901      	cmp	r1, #1
10003e2a:	d028      	beq.n	10003e7e <cdcd_control_xfer_cb+0xa2>
10003e2c:	2903      	cmp	r1, #3
10003e2e:	d117      	bne.n	10003e60 <cdcd_control_xfer_cb+0x84>
10003e30:	8852      	ldrh	r2, [r2, #2]
10003e32:	4819      	ldr	r0, [pc, #100]	@ (10003e98 <cdcd_control_xfer_cb+0xbc>)
10003e34:	f002 0301 	and.w	r3, r2, #1
10003e38:	f083 0101 	eor.w	r1, r3, #1
10003e3c:	9301      	str	r3, [sp, #4]
10003e3e:	f88c 2004 	strb.w	r2, [ip, #4]
10003e42:	9200      	str	r2, [sp, #0]
10003e44:	f000 fdd6 	bl	100049f4 <tu_fifo_set_overwritable>
10003e48:	4914      	ldr	r1, [pc, #80]	@ (10003e9c <cdcd_control_xfer_cb+0xc0>)
10003e4a:	b149      	cbz	r1, 10003e60 <cdcd_control_xfer_cb+0x84>
10003e4c:	9a00      	ldr	r2, [sp, #0]
10003e4e:	2000      	movs	r0, #0
10003e50:	9901      	ldr	r1, [sp, #4]
10003e52:	f3c2 0240 	ubfx	r2, r2, #1, #1
10003e56:	f3af 8000 	nop.w
10003e5a:	e001      	b.n	10003e60 <cdcd_control_xfer_cb+0x84>
10003e5c:	2901      	cmp	r1, #1
10003e5e:	d012      	beq.n	10003e86 <cdcd_control_xfer_cb+0xaa>
10003e60:	2001      	movs	r0, #1
10003e62:	b003      	add	sp, #12
10003e64:	bd00      	pop	{pc}
10003e66:	2901      	cmp	r1, #1
10003e68:	d00d      	beq.n	10003e86 <cdcd_control_xfer_cb+0xaa>
10003e6a:	2903      	cmp	r1, #3
10003e6c:	d1f8      	bne.n	10003e60 <cdcd_control_xfer_cb+0x84>
10003e6e:	4b0c      	ldr	r3, [pc, #48]	@ (10003ea0 <cdcd_control_xfer_cb+0xc4>)
10003e70:	2b00      	cmp	r3, #0
10003e72:	d0f5      	beq.n	10003e60 <cdcd_control_xfer_cb+0x84>
10003e74:	2000      	movs	r0, #0
10003e76:	490b      	ldr	r1, [pc, #44]	@ (10003ea4 <cdcd_control_xfer_cb+0xc8>)
10003e78:	f7fe fa3a 	bl	100022f0 <tud_cdc_line_coding_cb>
10003e7c:	e7f0      	b.n	10003e60 <cdcd_control_xfer_cb+0x84>
10003e7e:	4611      	mov	r1, r2
10003e80:	f7ff fc9c 	bl	100037bc <tud_control_status>
10003e84:	e7ec      	b.n	10003e60 <cdcd_control_xfer_cb+0x84>
10003e86:	4611      	mov	r1, r2
10003e88:	2307      	movs	r3, #7
10003e8a:	4a06      	ldr	r2, [pc, #24]	@ (10003ea4 <cdcd_control_xfer_cb+0xc8>)
10003e8c:	f7ff fcb2 	bl	100037f4 <tud_control_xfer>
10003e90:	e7e6      	b.n	10003e60 <cdcd_control_xfer_cb+0x84>
10003e92:	bf00      	nop
10003e94:	00000000 	.word	0x00000000
10003e98:	2000e2cc 	.word	0x2000e2cc
10003e9c:	00000000 	.word	0x00000000
10003ea0:	100022f1 	.word	0x100022f1
10003ea4:	2000e2b0 	.word	0x2000e2b0
10003ea8:	2000e2a8 	.word	0x2000e2a8

10003eac <cdcd_xfer_cb>:
10003eac:	e92d 41f0 	stmdb	sp!, {r4, r5, r6, r7, r8, lr}
10003eb0:	4c35      	ldr	r4, [pc, #212]	@ (10003f88 <cdcd_xfer_cb+0xdc>)
10003eb2:	460d      	mov	r5, r1
10003eb4:	78e2      	ldrb	r2, [r4, #3]
10003eb6:	4607      	mov	r7, r0
10003eb8:	428a      	cmp	r2, r1
10003eba:	461e      	mov	r6, r3
10003ebc:	b082      	sub	sp, #8
10003ebe:	d02f      	beq.n	10003f20 <cdcd_xfer_cb+0x74>
10003ec0:	78a3      	ldrb	r3, [r4, #2]
10003ec2:	428b      	cmp	r3, r1
10003ec4:	d009      	beq.n	10003eda <cdcd_xfer_cb+0x2e>
10003ec6:	f04f 23e0 	mov.w	r3, #3758153728	@ 0xe000e000
10003eca:	f8d3 3df0 	ldr.w	r3, [r3, #3568]	@ 0xdf0
10003ece:	07db      	lsls	r3, r3, #31
10003ed0:	d424      	bmi.n	10003f1c <cdcd_xfer_cb+0x70>
10003ed2:	2000      	movs	r0, #0
10003ed4:	b002      	add	sp, #8
10003ed6:	e8bd 81f0 	ldmia.w	sp!, {r4, r5, r6, r7, r8, pc}
10003eda:	4b2c      	ldr	r3, [pc, #176]	@ (10003f8c <cdcd_xfer_cb+0xe0>)
10003edc:	b113      	cbz	r3, 10003ee4 <cdcd_xfer_cb+0x38>
10003ede:	2000      	movs	r0, #0
10003ee0:	f3af 8000 	nop.w
10003ee4:	2000      	movs	r0, #0
10003ee6:	f7ff fe25 	bl	10003b34 <tud_cdc_n_write_flush>
10003eea:	2800      	cmp	r0, #0
10003eec:	d147      	bne.n	10003f7e <cdcd_xfer_cb+0xd2>
10003eee:	4828      	ldr	r0, [pc, #160]	@ (10003f90 <cdcd_xfer_cb+0xe4>)
10003ef0:	f000 fb7e 	bl	100045f0 <tu_fifo_count>
10003ef4:	2800      	cmp	r0, #0
10003ef6:	d142      	bne.n	10003f7e <cdcd_xfer_cb+0xd2>
10003ef8:	2e00      	cmp	r6, #0
10003efa:	d040      	beq.n	10003f7e <cdcd_xfer_cb+0xd2>
10003efc:	f016 053f 	ands.w	r5, r6, #63	@ 0x3f
10003f00:	d13d      	bne.n	10003f7e <cdcd_xfer_cb+0xd2>
10003f02:	4638      	mov	r0, r7
10003f04:	78a1      	ldrb	r1, [r4, #2]
10003f06:	f7ff fbfd 	bl	10003704 <usbd_edpt_claim>
10003f0a:	2800      	cmp	r0, #0
10003f0c:	d037      	beq.n	10003f7e <cdcd_xfer_cb+0xd2>
10003f0e:	462b      	mov	r3, r5
10003f10:	462a      	mov	r2, r5
10003f12:	4638      	mov	r0, r7
10003f14:	78a1      	ldrb	r1, [r4, #2]
10003f16:	f7ff fc19 	bl	1000374c <usbd_edpt_xfer>
10003f1a:	e030      	b.n	10003f7e <cdcd_xfer_cb+0xd2>
10003f1c:	be00      	bkpt	0x0000
10003f1e:	e7d8      	b.n	10003ed2 <cdcd_xfer_cb+0x26>
10003f20:	b29a      	uxth	r2, r3
10003f22:	491c      	ldr	r1, [pc, #112]	@ (10003f94 <cdcd_xfer_cb+0xe8>)
10003f24:	f104 0010 	add.w	r0, r4, #16
10003f28:	f000 fca0 	bl	1000486c <tu_fifo_write_n>
10003f2c:	4b1a      	ldr	r3, [pc, #104]	@ (10003f98 <cdcd_xfer_cb+0xec>)
10003f2e:	b1d3      	cbz	r3, 10003f66 <cdcd_xfer_cb+0xba>
10003f30:	7962      	ldrb	r2, [r4, #5]
10003f32:	2aff      	cmp	r2, #255	@ 0xff
10003f34:	d017      	beq.n	10003f66 <cdcd_xfer_cb+0xba>
10003f36:	b1b6      	cbz	r6, 10003f66 <cdcd_xfer_cb+0xba>
10003f38:	4b16      	ldr	r3, [pc, #88]	@ (10003f94 <cdcd_xfer_cb+0xe8>)
10003f3a:	eb03 0806 	add.w	r8, r3, r6
10003f3e:	e002      	b.n	10003f46 <cdcd_xfer_cb+0x9a>
10003f40:	4543      	cmp	r3, r8
10003f42:	d010      	beq.n	10003f66 <cdcd_xfer_cb+0xba>
10003f44:	7962      	ldrb	r2, [r4, #5]
10003f46:	f813 1b01 	ldrb.w	r1, [r3], #1
10003f4a:	4291      	cmp	r1, r2
10003f4c:	d1f8      	bne.n	10003f40 <cdcd_xfer_cb+0x94>
10003f4e:	4813      	ldr	r0, [pc, #76]	@ (10003f9c <cdcd_xfer_cb+0xf0>)
10003f50:	9301      	str	r3, [sp, #4]
10003f52:	f000 fb5d 	bl	10004610 <tu_fifo_empty>
10003f56:	9b01      	ldr	r3, [sp, #4]
10003f58:	2800      	cmp	r0, #0
10003f5a:	d1f1      	bne.n	10003f40 <cdcd_xfer_cb+0x94>
10003f5c:	7961      	ldrb	r1, [r4, #5]
10003f5e:	f3af 8000 	nop.w
10003f62:	9b01      	ldr	r3, [sp, #4]
10003f64:	e7ec      	b.n	10003f40 <cdcd_xfer_cb+0x94>
10003f66:	4b0e      	ldr	r3, [pc, #56]	@ (10003fa0 <cdcd_xfer_cb+0xf4>)
10003f68:	b11b      	cbz	r3, 10003f72 <cdcd_xfer_cb+0xc6>
10003f6a:	480c      	ldr	r0, [pc, #48]	@ (10003f9c <cdcd_xfer_cb+0xf0>)
10003f6c:	f000 fb50 	bl	10004610 <tu_fifo_empty>
10003f70:	b138      	cbz	r0, 10003f82 <cdcd_xfer_cb+0xd6>
10003f72:	2000      	movs	r0, #0
10003f74:	f7ff fd38 	bl	100039e8 <_prep_out_transaction.isra.0>
10003f78:	78a3      	ldrb	r3, [r4, #2]
10003f7a:	42ab      	cmp	r3, r5
10003f7c:	d0ad      	beq.n	10003eda <cdcd_xfer_cb+0x2e>
10003f7e:	2001      	movs	r0, #1
10003f80:	e7a8      	b.n	10003ed4 <cdcd_xfer_cb+0x28>
10003f82:	f3af 8000 	nop.w
10003f86:	e7f4      	b.n	10003f72 <cdcd_xfer_cb+0xc6>
10003f88:	2000e2a8 	.word	0x2000e2a8
10003f8c:	00000000 	.word	0x00000000
10003f90:	2000e2cc 	.word	0x2000e2cc
10003f94:	2000e4fc 	.word	0x2000e4fc
10003f98:	00000000 	.word	0x00000000
10003f9c:	2000e2b8 	.word	0x2000e2b8
10003fa0:	00000000 	.word	0x00000000

10003fa4 <vendord_init>:
10003fa4:	b5f0      	push	{r4, r5, r6, r7, lr}
10003fa6:	f44f 7213 	mov.w	r2, #588	@ 0x24c
10003faa:	b085      	sub	sp, #20
10003fac:	2100      	movs	r1, #0
10003fae:	4812      	ldr	r0, [pc, #72]	@ (10003ff8 <vendord_init+0x54>)
10003fb0:	f000 fe74 	bl	10004c9c <memset>
10003fb4:	2640      	movs	r6, #64	@ 0x40
10003fb6:	2300      	movs	r3, #0
10003fb8:	f44f 7580 	mov.w	r5, #256	@ 0x100
10003fbc:	4f0e      	ldr	r7, [pc, #56]	@ (10003ff8 <vendord_init+0x54>)
10003fbe:	4c0f      	ldr	r4, [pc, #60]	@ (10003ffc <vendord_init+0x58>)
10003fc0:	f507 72a6 	add.w	r2, r7, #332	@ 0x14c
10003fc4:	4619      	mov	r1, r3
10003fc6:	e9cd 4602 	strd	r4, r6, [sp, #8]
10003fca:	9200      	str	r2, [sp, #0]
10003fcc:	9501      	str	r5, [sp, #4]
10003fce:	461a      	mov	r2, r3
10003fd0:	f507 7094 	add.w	r0, r7, #296	@ 0x128
10003fd4:	f000 f9d6 	bl	10004384 <tu_edpt_stream_init>
10003fd8:	2300      	movs	r3, #0
10003fda:	f107 0128 	add.w	r1, r7, #40	@ 0x28
10003fde:	4434      	add	r4, r6
10003fe0:	9100      	str	r1, [sp, #0]
10003fe2:	2201      	movs	r2, #1
10003fe4:	4619      	mov	r1, r3
10003fe6:	e9cd 4602 	strd	r4, r6, [sp, #8]
10003fea:	9501      	str	r5, [sp, #4]
10003fec:	1d38      	adds	r0, r7, #4
10003fee:	f000 f9c9 	bl	10004384 <tu_edpt_stream_init>
10003ff2:	b005      	add	sp, #20
10003ff4:	bdf0      	pop	{r4, r5, r6, r7, pc}
10003ff6:	bf00      	nop
10003ff8:	2000e7a8 	.word	0x2000e7a8
10003ffc:	2000e728 	.word	0x2000e728

10004000 <vendord_deinit>:
10004000:	b508      	push	{r3, lr}
10004002:	4804      	ldr	r0, [pc, #16]	@ (10004014 <vendord_deinit+0x14>)
10004004:	f000 f9ea 	bl	100043dc <tu_edpt_stream_deinit>
10004008:	4803      	ldr	r0, [pc, #12]	@ (10004018 <vendord_deinit+0x18>)
1000400a:	f000 f9e7 	bl	100043dc <tu_edpt_stream_deinit>
1000400e:	2001      	movs	r0, #1
10004010:	bd08      	pop	{r3, pc}
10004012:	bf00      	nop
10004014:	2000e8d0 	.word	0x2000e8d0
10004018:	2000e7ac 	.word	0x2000e7ac

1000401c <vendord_reset>:
1000401c:	b538      	push	{r3, r4, r5, lr}
1000401e:	2500      	movs	r5, #0
10004020:	4c06      	ldr	r4, [pc, #24]	@ (1000403c <vendord_reset+0x20>)
10004022:	f504 7098 	add.w	r0, r4, #304	@ 0x130
10004026:	7025      	strb	r5, [r4, #0]
10004028:	f000 fcc8 	bl	100049bc <tu_fifo_clear>
1000402c:	f104 000c 	add.w	r0, r4, #12
10004030:	f000 fcc4 	bl	100049bc <tu_fifo_clear>
10004034:	f884 5129 	strb.w	r5, [r4, #297]	@ 0x129
10004038:	7165      	strb	r5, [r4, #5]
1000403a:	bd38      	pop	{r3, r4, r5, pc}
1000403c:	2000e7a8 	.word	0x2000e7a8

10004040 <vendord_open>:
10004040:	e92d 43f8 	stmdb	sp!, {r3, r4, r5, r6, r7, r8, r9, lr}
10004044:	794b      	ldrb	r3, [r1, #5]
10004046:	2bff      	cmp	r3, #255	@ 0xff
10004048:	d105      	bne.n	10004056 <vendord_open+0x16>
1000404a:	4f35      	ldr	r7, [pc, #212]	@ (10004120 <vendord_open+0xe0>)
1000404c:	797e      	ldrb	r6, [r7, #5]
1000404e:	f897 3129 	ldrb.w	r3, [r7, #297]	@ 0x129
10004052:	431e      	orrs	r6, r3
10004054:	d002      	beq.n	1000405c <vendord_open+0x1c>
10004056:	2000      	movs	r0, #0
10004058:	e8bd 83f8 	ldmia.w	sp!, {r3, r4, r5, r6, r7, r8, r9, pc}
1000405c:	788b      	ldrb	r3, [r1, #2]
1000405e:	780c      	ldrb	r4, [r1, #0]
10004060:	703b      	strb	r3, [r7, #0]
10004062:	790b      	ldrb	r3, [r1, #4]
10004064:	4681      	mov	r9, r0
10004066:	4688      	mov	r8, r1
10004068:	440c      	add	r4, r1
1000406a:	2b00      	cmp	r3, #0
1000406c:	d034      	beq.n	100040d8 <vendord_open+0x98>
1000406e:	18a5      	adds	r5, r4, r2
10004070:	e003      	b.n	1000407a <vendord_open+0x3a>
10004072:	42ac      	cmp	r4, r5
10004074:	d230      	bcs.n	100040d8 <vendord_open+0x98>
10004076:	7823      	ldrb	r3, [r4, #0]
10004078:	441c      	add	r4, r3
1000407a:	7863      	ldrb	r3, [r4, #1]
1000407c:	2b05      	cmp	r3, #5
1000407e:	d1f8      	bne.n	10004072 <vendord_open+0x32>
10004080:	42ac      	cmp	r4, r5
10004082:	d229      	bcs.n	100040d8 <vendord_open+0x98>
10004084:	4621      	mov	r1, r4
10004086:	4648      	mov	r0, r9
10004088:	f7ff fb0e 	bl	100036a8 <usbd_edpt_open>
1000408c:	2800      	cmp	r0, #0
1000408e:	d03e      	beq.n	1000410e <vendord_open+0xce>
10004090:	78a3      	ldrb	r3, [r4, #2]
10004092:	09db      	lsrs	r3, r3, #7
10004094:	d125      	bne.n	100040e2 <vendord_open+0xa2>
10004096:	4823      	ldr	r0, [pc, #140]	@ (10004124 <vendord_open+0xe4>)
10004098:	f000 fc90 	bl	100049bc <tu_fifo_clear>
1000409c:	78a3      	ldrb	r3, [r4, #2]
1000409e:	f897 2128 	ldrb.w	r2, [r7, #296]	@ 0x128
100040a2:	f887 3129 	strb.w	r3, [r7, #297]	@ 0x129
100040a6:	88a3      	ldrh	r3, [r4, #4]
100040a8:	4648      	mov	r0, r9
100040aa:	f3c3 030a 	ubfx	r3, r3, #0, #11
100040ae:	f5a3 7300 	sub.w	r3, r3, #512	@ 0x200
100040b2:	fab3 f383 	clz	r3, r3
100040b6:	095b      	lsrs	r3, r3, #5
100040b8:	f363 0241 	bfi	r2, r3, #1, #1
100040bc:	491a      	ldr	r1, [pc, #104]	@ (10004128 <vendord_open+0xe8>)
100040be:	f887 2128 	strb.w	r2, [r7, #296]	@ 0x128
100040c2:	f000 f9fd 	bl	100044c0 <tu_edpt_stream_read_xfer>
100040c6:	b310      	cbz	r0, 1000410e <vendord_open+0xce>
100040c8:	7823      	ldrb	r3, [r4, #0]
100040ca:	f898 2004 	ldrb.w	r2, [r8, #4]
100040ce:	3601      	adds	r6, #1
100040d0:	441c      	add	r4, r3
100040d2:	b2f3      	uxtb	r3, r6
100040d4:	429a      	cmp	r2, r3
100040d6:	d8d0      	bhi.n	1000407a <vendord_open+0x3a>
100040d8:	eba4 0008 	sub.w	r0, r4, r8
100040dc:	b280      	uxth	r0, r0
100040de:	e8bd 83f8 	ldmia.w	sp!, {r3, r4, r5, r6, r7, r8, r9, pc}
100040e2:	4812      	ldr	r0, [pc, #72]	@ (1000412c <vendord_open+0xec>)
100040e4:	f000 fc6a 	bl	100049bc <tu_fifo_clear>
100040e8:	78a3      	ldrb	r3, [r4, #2]
100040ea:	793a      	ldrb	r2, [r7, #4]
100040ec:	717b      	strb	r3, [r7, #5]
100040ee:	88a3      	ldrh	r3, [r4, #4]
100040f0:	490f      	ldr	r1, [pc, #60]	@ (10004130 <vendord_open+0xf0>)
100040f2:	f3c3 030a 	ubfx	r3, r3, #0, #11
100040f6:	f5a3 7300 	sub.w	r3, r3, #512	@ 0x200
100040fa:	fab3 f383 	clz	r3, r3
100040fe:	095b      	lsrs	r3, r3, #5
10004100:	f363 0241 	bfi	r2, r3, #1, #1
10004104:	2000      	movs	r0, #0
10004106:	713a      	strb	r2, [r7, #4]
10004108:	f000 f9a0 	bl	1000444c <tu_edpt_stream_write_xfer>
1000410c:	e7dc      	b.n	100040c8 <vendord_open+0x88>
1000410e:	f04f 23e0 	mov.w	r3, #3758153728	@ 0xe000e000
10004112:	f8d3 3df0 	ldr.w	r3, [r3, #3568]	@ 0xdf0
10004116:	07db      	lsls	r3, r3, #31
10004118:	d59d      	bpl.n	10004056 <vendord_open+0x16>
1000411a:	be00      	bkpt	0x0000
1000411c:	e79b      	b.n	10004056 <vendord_open+0x16>
1000411e:	bf00      	nop
10004120:	2000e7a8 	.word	0x2000e7a8
10004124:	2000e8d8 	.word	0x2000e8d8
10004128:	2000e8d0 	.word	0x2000e8d0
1000412c:	2000e7b4 	.word	0x2000e7b4
10004130:	2000e7ac 	.word	0x2000e7ac

10004134 <vendord_xfer_cb>:
10004134:	b510      	push	{r4, lr}
10004136:	f8df c090 	ldr.w	ip, [pc, #144]	@ 100041c8 <vendord_xfer_cb+0x94>
1000413a:	4604      	mov	r4, r0
1000413c:	f89c 2129 	ldrb.w	r2, [ip, #297]	@ 0x129
10004140:	b082      	sub	sp, #8
10004142:	428a      	cmp	r2, r1
10004144:	d01a      	beq.n	1000417c <vendord_xfer_cb+0x48>
10004146:	f89c 2005 	ldrb.w	r2, [ip, #5]
1000414a:	428a      	cmp	r2, r1
1000414c:	d002      	beq.n	10004154 <vendord_xfer_cb+0x20>
1000414e:	2000      	movs	r0, #0
10004150:	b002      	add	sp, #8
10004152:	bd10      	pop	{r4, pc}
10004154:	4a17      	ldr	r2, [pc, #92]	@ (100041b4 <vendord_xfer_cb+0x80>)
10004156:	b12a      	cbz	r2, 10004164 <vendord_xfer_cb+0x30>
10004158:	b299      	uxth	r1, r3
1000415a:	2000      	movs	r0, #0
1000415c:	9301      	str	r3, [sp, #4]
1000415e:	f3af 8000 	nop.w
10004162:	9b01      	ldr	r3, [sp, #4]
10004164:	4620      	mov	r0, r4
10004166:	4914      	ldr	r1, [pc, #80]	@ (100041b8 <vendord_xfer_cb+0x84>)
10004168:	9301      	str	r3, [sp, #4]
1000416a:	f000 f96f 	bl	1000444c <tu_edpt_stream_write_xfer>
1000416e:	b998      	cbnz	r0, 10004198 <vendord_xfer_cb+0x64>
10004170:	4620      	mov	r0, r4
10004172:	9a01      	ldr	r2, [sp, #4]
10004174:	4910      	ldr	r1, [pc, #64]	@ (100041b8 <vendord_xfer_cb+0x84>)
10004176:	f000 f933 	bl	100043e0 <tu_edpt_stream_write_zlp_if_needed>
1000417a:	e00d      	b.n	10004198 <vendord_xfer_cb+0x64>
1000417c:	f8bc 2134 	ldrh.w	r2, [ip, #308]	@ 0x134
10004180:	b96a      	cbnz	r2, 1000419e <vendord_xfer_cb+0x6a>
10004182:	4a0e      	ldr	r2, [pc, #56]	@ (100041bc <vendord_xfer_cb+0x88>)
10004184:	b122      	cbz	r2, 10004190 <vendord_xfer_cb+0x5c>
10004186:	2000      	movs	r0, #0
10004188:	490d      	ldr	r1, [pc, #52]	@ (100041c0 <vendord_xfer_cb+0x8c>)
1000418a:	b29a      	uxth	r2, r3
1000418c:	f3af 8000 	nop.w
10004190:	4620      	mov	r0, r4
10004192:	490c      	ldr	r1, [pc, #48]	@ (100041c4 <vendord_xfer_cb+0x90>)
10004194:	f000 f994 	bl	100044c0 <tu_edpt_stream_read_xfer>
10004198:	2001      	movs	r0, #1
1000419a:	b002      	add	sp, #8
1000419c:	bd10      	pop	{r4, pc}
1000419e:	b29a      	uxth	r2, r3
100041a0:	f8dc 112c 	ldr.w	r1, [ip, #300]	@ 0x12c
100041a4:	f50c 7098 	add.w	r0, ip, #304	@ 0x130
100041a8:	9301      	str	r3, [sp, #4]
100041aa:	f000 fb5f 	bl	1000486c <tu_fifo_write_n>
100041ae:	9b01      	ldr	r3, [sp, #4]
100041b0:	e7e7      	b.n	10004182 <vendord_xfer_cb+0x4e>
100041b2:	bf00      	nop
100041b4:	00000000 	.word	0x00000000
100041b8:	2000e7ac 	.word	0x2000e7ac
100041bc:	00000000 	.word	0x00000000
100041c0:	2000e728 	.word	0x2000e728
100041c4:	2000e8d0 	.word	0x2000e8d0
100041c8:	2000e7a8 	.word	0x2000e7a8

100041cc <tusb_rhport_init>:
100041cc:	b500      	push	{lr}
100041ce:	b083      	sub	sp, #12
100041d0:	b1d9      	cbz	r1, 1000420a <tusb_rhport_init+0x3e>
100041d2:	2801      	cmp	r0, #1
100041d4:	d80e      	bhi.n	100041f4 <tusb_rhport_init+0x28>
100041d6:	780b      	ldrb	r3, [r1, #0]
100041d8:	b163      	cbz	r3, 100041f4 <tusb_rhport_init+0x28>
100041da:	f8df c058 	ldr.w	ip, [pc, #88]	@ 10004234 <tusb_rhport_init+0x68>
100041de:	2b01      	cmp	r3, #1
100041e0:	f80c 3000 	strb.w	r3, [ip, r0]
100041e4:	d002      	beq.n	100041ec <tusb_rhport_init+0x20>
100041e6:	2001      	movs	r0, #1
100041e8:	b003      	add	sp, #12
100041ea:	bd00      	pop	{pc}
100041ec:	f7fe fdae 	bl	10002d4c <tud_rhport_init>
100041f0:	2800      	cmp	r0, #0
100041f2:	d1f8      	bne.n	100041e6 <tusb_rhport_init+0x1a>
100041f4:	f04f 23e0 	mov.w	r3, #3758153728	@ 0xe000e000
100041f8:	f8d3 3df0 	ldr.w	r3, [r3, #3568]	@ 0xdf0
100041fc:	07db      	lsls	r3, r3, #31
100041fe:	d402      	bmi.n	10004206 <tusb_rhport_init+0x3a>
10004200:	2000      	movs	r0, #0
10004202:	b003      	add	sp, #12
10004204:	bd00      	pop	{pc}
10004206:	be00      	bkpt	0x0000
10004208:	e7fa      	b.n	10004200 <tusb_rhport_init+0x34>
1000420a:	2201      	movs	r2, #1
1000420c:	4608      	mov	r0, r1
1000420e:	a901      	add	r1, sp, #4
10004210:	f8ad 2004 	strh.w	r2, [sp, #4]
10004214:	f7fe fd9a 	bl	10002d4c <tud_rhport_init>
10004218:	2201      	movs	r2, #1
1000421a:	b938      	cbnz	r0, 1000422c <tusb_rhport_init+0x60>
1000421c:	f04f 23e0 	mov.w	r3, #3758153728	@ 0xe000e000
10004220:	f8d3 3df0 	ldr.w	r3, [r3, #3568]	@ 0xdf0
10004224:	07da      	lsls	r2, r3, #31
10004226:	d5ec      	bpl.n	10004202 <tusb_rhport_init+0x36>
10004228:	be00      	bkpt	0x0000
1000422a:	e7ea      	b.n	10004202 <tusb_rhport_init+0x36>
1000422c:	4b01      	ldr	r3, [pc, #4]	@ (10004234 <tusb_rhport_init+0x68>)
1000422e:	701a      	strb	r2, [r3, #0]
10004230:	e7e7      	b.n	10004202 <tusb_rhport_init+0x36>
10004232:	bf00      	nop
10004234:	2000e5f4 	.word	0x2000e5f4

10004238 <tu_edpt_claim>:
10004238:	7803      	ldrb	r3, [r0, #0]
1000423a:	f013 0301 	ands.w	r3, r3, #1
1000423e:	d11e      	bne.n	1000427e <tu_edpt_claim+0x46>
10004240:	b530      	push	{r4, r5, lr}
10004242:	4602      	mov	r2, r0
10004244:	7800      	ldrb	r0, [r0, #0]
10004246:	b083      	sub	sp, #12
10004248:	4604      	mov	r4, r0
1000424a:	0740      	lsls	r0, r0, #29
1000424c:	d502      	bpl.n	10004254 <tu_edpt_claim+0x1c>
1000424e:	4618      	mov	r0, r3
10004250:	b003      	add	sp, #12
10004252:	bd30      	pop	{r4, r5, pc}
10004254:	4608      	mov	r0, r1
10004256:	460d      	mov	r5, r1
10004258:	f04f 31ff 	mov.w	r1, #4294967295	@ 0xffffffff
1000425c:	9201      	str	r2, [sp, #4]
1000425e:	f000 fe0b 	bl	10004e78 <__mutex_enter_timeout_ms_veneer>
10004262:	9a01      	ldr	r2, [sp, #4]
10004264:	7813      	ldrb	r3, [r2, #0]
10004266:	f013 0301 	ands.w	r3, r3, #1
1000426a:	d10b      	bne.n	10004284 <tu_edpt_claim+0x4c>
1000426c:	7811      	ldrb	r1, [r2, #0]
1000426e:	0749      	lsls	r1, r1, #29
10004270:	d40a      	bmi.n	10004288 <tu_edpt_claim+0x50>
10004272:	7811      	ldrb	r1, [r2, #0]
10004274:	2301      	movs	r3, #1
10004276:	f041 0104 	orr.w	r1, r1, #4
1000427a:	7011      	strb	r1, [r2, #0]
1000427c:	e004      	b.n	10004288 <tu_edpt_claim+0x50>
1000427e:	2300      	movs	r3, #0
10004280:	4618      	mov	r0, r3
10004282:	4770      	bx	lr
10004284:	f3c4 0380 	ubfx	r3, r4, #2, #1
10004288:	4628      	mov	r0, r5
1000428a:	9301      	str	r3, [sp, #4]
1000428c:	f000 fe00 	bl	10004e90 <__mutex_exit_veneer>
10004290:	9b01      	ldr	r3, [sp, #4]
10004292:	4618      	mov	r0, r3
10004294:	b003      	add	sp, #12
10004296:	bd30      	pop	{r4, r5, pc}

10004298 <tu_edpt_release>:
10004298:	b570      	push	{r4, r5, r6, lr}
1000429a:	460d      	mov	r5, r1
1000429c:	4604      	mov	r4, r0
1000429e:	f04f 31ff 	mov.w	r1, #4294967295	@ 0xffffffff
100042a2:	4628      	mov	r0, r5
100042a4:	f000 fde8 	bl	10004e78 <__mutex_enter_timeout_ms_veneer>
100042a8:	7823      	ldrb	r3, [r4, #0]
100042aa:	f3c3 0680 	ubfx	r6, r3, #2, #1
100042ae:	075b      	lsls	r3, r3, #29
100042b0:	d508      	bpl.n	100042c4 <tu_edpt_release+0x2c>
100042b2:	7823      	ldrb	r3, [r4, #0]
100042b4:	f013 0301 	ands.w	r3, r3, #1
100042b8:	bf11      	iteee	ne
100042ba:	2600      	movne	r6, #0
100042bc:	7822      	ldrbeq	r2, [r4, #0]
100042be:	f363 0282 	bfieq	r2, r3, #2, #1
100042c2:	7022      	strbeq	r2, [r4, #0]
100042c4:	4628      	mov	r0, r5
100042c6:	f000 fde3 	bl	10004e90 <__mutex_exit_veneer>
100042ca:	4630      	mov	r0, r6
100042cc:	bd70      	pop	{r4, r5, r6, pc}
100042ce:	bf00      	nop

100042d0 <tu_edpt_validate>:
100042d0:	78c3      	ldrb	r3, [r0, #3]
100042d2:	8882      	ldrh	r2, [r0, #4]
100042d4:	f003 0003 	and.w	r0, r3, #3
100042d8:	2802      	cmp	r0, #2
100042da:	f3c2 020a 	ubfx	r2, r2, #0, #11
100042de:	d015      	beq.n	1000430c <tu_edpt_validate+0x3c>
100042e0:	2803      	cmp	r0, #3
100042e2:	d00a      	beq.n	100042fa <tu_edpt_validate+0x2a>
100042e4:	2801      	cmp	r0, #1
100042e6:	d11c      	bne.n	10004322 <tu_edpt_validate+0x52>
100042e8:	2902      	cmp	r1, #2
100042ea:	f240 33ff 	movw	r3, #1023	@ 0x3ff
100042ee:	bf08      	it	eq
100042f0:	f44f 6380 	moveq.w	r3, #1024	@ 0x400
100042f4:	4293      	cmp	r3, r2
100042f6:	d30d      	bcc.n	10004314 <tu_edpt_validate+0x44>
100042f8:	4770      	bx	lr
100042fa:	2902      	cmp	r1, #2
100042fc:	bf14      	ite	ne
100042fe:	2340      	movne	r3, #64	@ 0x40
10004300:	f44f 6380 	moveq.w	r3, #1024	@ 0x400
10004304:	4293      	cmp	r3, r2
10004306:	d305      	bcc.n	10004314 <tu_edpt_validate+0x44>
10004308:	2001      	movs	r0, #1
1000430a:	4770      	bx	lr
1000430c:	2902      	cmp	r1, #2
1000430e:	d00a      	beq.n	10004326 <tu_edpt_validate+0x56>
10004310:	2a40      	cmp	r2, #64	@ 0x40
10004312:	d9f9      	bls.n	10004308 <tu_edpt_validate+0x38>
10004314:	f04f 23e0 	mov.w	r3, #3758153728	@ 0xe000e000
10004318:	f8d3 3df0 	ldr.w	r3, [r3, #3568]	@ 0xdf0
1000431c:	07db      	lsls	r3, r3, #31
1000431e:	d500      	bpl.n	10004322 <tu_edpt_validate+0x52>
10004320:	be00      	bkpt	0x0000
10004322:	2000      	movs	r0, #0
10004324:	4770      	bx	lr
10004326:	f5b2 7f00 	cmp.w	r2, #512	@ 0x200
1000432a:	d0ed      	beq.n	10004308 <tu_edpt_validate+0x38>
1000432c:	e7f2      	b.n	10004314 <tu_edpt_validate+0x44>
1000432e:	bf00      	nop

10004330 <tu_edpt_bind_driver>:
10004330:	440a      	add	r2, r1
10004332:	4291      	cmp	r1, r2
10004334:	d225      	bcs.n	10004382 <tu_edpt_bind_driver+0x52>
10004336:	f891 c001 	ldrb.w	ip, [r1, #1]
1000433a:	f1bc 0f05 	cmp.w	ip, #5
1000433e:	d005      	beq.n	1000434c <tu_edpt_bind_driver+0x1c>
10004340:	f891 c000 	ldrb.w	ip, [r1]
10004344:	4461      	add	r1, ip
10004346:	428a      	cmp	r2, r1
10004348:	d8f5      	bhi.n	10004336 <tu_edpt_bind_driver+0x6>
1000434a:	4770      	bx	lr
1000434c:	b500      	push	{lr}
1000434e:	f891 c002 	ldrb.w	ip, [r1, #2]
10004352:	f00c 0e7f 	and.w	lr, ip, #127	@ 0x7f
10004356:	eb00 0e4e 	add.w	lr, r0, lr, lsl #1
1000435a:	ea4f 1cdc 	mov.w	ip, ip, lsr #7
1000435e:	f80e 300c 	strb.w	r3, [lr, ip]
10004362:	f891 c000 	ldrb.w	ip, [r1]
10004366:	4461      	add	r1, ip
10004368:	428a      	cmp	r2, r1
1000436a:	d909      	bls.n	10004380 <tu_edpt_bind_driver+0x50>
1000436c:	f891 c001 	ldrb.w	ip, [r1, #1]
10004370:	f1bc 0f05 	cmp.w	ip, #5
10004374:	d0eb      	beq.n	1000434e <tu_edpt_bind_driver+0x1e>
10004376:	f891 c000 	ldrb.w	ip, [r1]
1000437a:	4461      	add	r1, ip
1000437c:	428a      	cmp	r2, r1
1000437e:	d8f5      	bhi.n	1000436c <tu_edpt_bind_driver+0x3c>
10004380:	bd00      	pop	{pc}
10004382:	4770      	bx	lr

10004384 <tu_edpt_stream_init>:
10004384:	b570      	push	{r4, r5, r6, lr}
10004386:	b084      	sub	sp, #16
10004388:	9300      	str	r3, [sp, #0]
1000438a:	f890 c000 	ldrb.w	ip, [r0]
1000438e:	4616      	mov	r6, r2
10004390:	f361 0c00 	bfi	ip, r1, #0, #1
10004394:	f8bd 2024 	ldrh.w	r2, [sp, #36]	@ 0x24
10004398:	4604      	mov	r4, r0
1000439a:	2301      	movs	r3, #1
1000439c:	9908      	ldr	r1, [sp, #32]
1000439e:	f800 cb08 	strb.w	ip, [r0], #8
100043a2:	f8bd 502c 	ldrh.w	r5, [sp, #44]	@ 0x2c
100043a6:	9203      	str	r2, [sp, #12]
100043a8:	f000 f8f2 	bl	10004590 <tu_fifo_config>
100043ac:	9b08      	ldr	r3, [sp, #32]
100043ae:	b10b      	cbz	r3, 100043b4 <tu_edpt_stream_init+0x30>
100043b0:	9a03      	ldr	r2, [sp, #12]
100043b2:	b92a      	cbnz	r2, 100043c0 <tu_edpt_stream_init+0x3c>
100043b4:	2001      	movs	r0, #1
100043b6:	9b0a      	ldr	r3, [sp, #40]	@ 0x28
100043b8:	8065      	strh	r5, [r4, #2]
100043ba:	6063      	str	r3, [r4, #4]
100043bc:	b004      	add	sp, #16
100043be:	bd70      	pop	{r4, r5, r6, pc}
100043c0:	f104 001c 	add.w	r0, r4, #28
100043c4:	9003      	str	r0, [sp, #12]
100043c6:	f7fc fe97 	bl	100010f8 <mutex_init>
100043ca:	9803      	ldr	r0, [sp, #12]
100043cc:	b91e      	cbnz	r6, 100043d6 <tu_edpt_stream_init+0x52>
100043ce:	4633      	mov	r3, r6
100043d0:	e9c4 3005 	strd	r3, r0, [r4, #20]
100043d4:	e7ee      	b.n	100043b4 <tu_edpt_stream_init+0x30>
100043d6:	4603      	mov	r3, r0
100043d8:	2000      	movs	r0, #0
100043da:	e7f9      	b.n	100043d0 <tu_edpt_stream_init+0x4c>

100043dc <tu_edpt_stream_deinit>:
100043dc:	2001      	movs	r0, #1
100043de:	4770      	bx	lr

100043e0 <tu_edpt_stream_write_zlp_if_needed>:
100043e0:	b570      	push	{r4, r5, r6, lr}
100043e2:	4606      	mov	r6, r0
100043e4:	4608      	mov	r0, r1
100043e6:	f240 13ff 	movw	r3, #511	@ 0x1ff
100043ea:	460c      	mov	r4, r1
100043ec:	f810 1b08 	ldrb.w	r1, [r0], #8
100043f0:	b082      	sub	sp, #8
100043f2:	f011 0f02 	tst.w	r1, #2
100043f6:	9201      	str	r2, [sp, #4]
100043f8:	bf0c      	ite	eq
100043fa:	253f      	moveq	r5, #63	@ 0x3f
100043fc:	461d      	movne	r5, r3
100043fe:	f000 f8f7 	bl	100045f0 <tu_fifo_count>
10004402:	9a01      	ldr	r2, [sp, #4]
10004404:	b928      	cbnz	r0, 10004412 <tu_edpt_stream_write_zlp_if_needed+0x32>
10004406:	b122      	cbz	r2, 10004412 <tu_edpt_stream_write_zlp_if_needed+0x32>
10004408:	4215      	tst	r5, r2
1000440a:	d102      	bne.n	10004412 <tu_edpt_stream_write_zlp_if_needed+0x32>
1000440c:	7823      	ldrb	r3, [r4, #0]
1000440e:	07da      	lsls	r2, r3, #31
10004410:	d502      	bpl.n	10004418 <tu_edpt_stream_write_zlp_if_needed+0x38>
10004412:	2000      	movs	r0, #0
10004414:	b002      	add	sp, #8
10004416:	bd70      	pop	{r4, r5, r6, pc}
10004418:	4630      	mov	r0, r6
1000441a:	7861      	ldrb	r1, [r4, #1]
1000441c:	f7ff f972 	bl	10003704 <usbd_edpt_claim>
10004420:	2800      	cmp	r0, #0
10004422:	d0f6      	beq.n	10004412 <tu_edpt_stream_write_zlp_if_needed+0x32>
10004424:	7823      	ldrb	r3, [r4, #0]
10004426:	f013 0301 	ands.w	r3, r3, #1
1000442a:	d007      	beq.n	1000443c <tu_edpt_stream_write_zlp_if_needed+0x5c>
1000442c:	f04f 23e0 	mov.w	r3, #3758153728	@ 0xe000e000
10004430:	f8d3 3df0 	ldr.w	r3, [r3, #3568]	@ 0xdf0
10004434:	07db      	lsls	r3, r3, #31
10004436:	d5ec      	bpl.n	10004412 <tu_edpt_stream_write_zlp_if_needed+0x32>
10004438:	be00      	bkpt	0x0000
1000443a:	e7ea      	b.n	10004412 <tu_edpt_stream_write_zlp_if_needed+0x32>
1000443c:	461a      	mov	r2, r3
1000443e:	4630      	mov	r0, r6
10004440:	7861      	ldrb	r1, [r4, #1]
10004442:	f7ff f983 	bl	1000374c <usbd_edpt_xfer>
10004446:	2800      	cmp	r0, #0
10004448:	d1e4      	bne.n	10004414 <tu_edpt_stream_write_zlp_if_needed+0x34>
1000444a:	e7ef      	b.n	1000442c <tu_edpt_stream_write_zlp_if_needed+0x4c>

1000444c <tu_edpt_stream_write_xfer>:
1000444c:	b570      	push	{r4, r5, r6, lr}
1000444e:	4605      	mov	r5, r0
10004450:	b082      	sub	sp, #8
10004452:	f101 0008 	add.w	r0, r1, #8
10004456:	460c      	mov	r4, r1
10004458:	f000 f8ca 	bl	100045f0 <tu_fifo_count>
1000445c:	b110      	cbz	r0, 10004464 <tu_edpt_stream_write_xfer+0x18>
1000445e:	7823      	ldrb	r3, [r4, #0]
10004460:	07da      	lsls	r2, r3, #31
10004462:	d502      	bpl.n	1000446a <tu_edpt_stream_write_xfer+0x1e>
10004464:	2000      	movs	r0, #0
10004466:	b002      	add	sp, #8
10004468:	bd70      	pop	{r4, r5, r6, pc}
1000446a:	4628      	mov	r0, r5
1000446c:	7861      	ldrb	r1, [r4, #1]
1000446e:	f7ff f949 	bl	10003704 <usbd_edpt_claim>
10004472:	2800      	cmp	r0, #0
10004474:	d0f6      	beq.n	10004464 <tu_edpt_stream_write_xfer+0x18>
10004476:	8862      	ldrh	r2, [r4, #2]
10004478:	6861      	ldr	r1, [r4, #4]
1000447a:	f104 0008 	add.w	r0, r4, #8
1000447e:	f000 f931 	bl	100046e4 <tu_fifo_read_n>
10004482:	7822      	ldrb	r2, [r4, #0]
10004484:	4603      	mov	r3, r0
10004486:	f002 0201 	and.w	r2, r2, #1
1000448a:	b140      	cbz	r0, 1000449e <tu_edpt_stream_write_xfer+0x52>
1000448c:	b172      	cbz	r2, 100044ac <tu_edpt_stream_write_xfer+0x60>
1000448e:	f04f 23e0 	mov.w	r3, #3758153728	@ 0xe000e000
10004492:	f8d3 3df0 	ldr.w	r3, [r3, #3568]	@ 0xdf0
10004496:	07db      	lsls	r3, r3, #31
10004498:	d5e4      	bpl.n	10004464 <tu_edpt_stream_write_xfer+0x18>
1000449a:	be00      	bkpt	0x0000
1000449c:	e7e2      	b.n	10004464 <tu_edpt_stream_write_xfer+0x18>
1000449e:	2a00      	cmp	r2, #0
100044a0:	d1e0      	bne.n	10004464 <tu_edpt_stream_write_xfer+0x18>
100044a2:	4628      	mov	r0, r5
100044a4:	7861      	ldrb	r1, [r4, #1]
100044a6:	f7ff f93f 	bl	10003728 <usbd_edpt_release>
100044aa:	e7db      	b.n	10004464 <tu_edpt_stream_write_xfer+0x18>
100044ac:	9001      	str	r0, [sp, #4]
100044ae:	6862      	ldr	r2, [r4, #4]
100044b0:	4628      	mov	r0, r5
100044b2:	7861      	ldrb	r1, [r4, #1]
100044b4:	f7ff f94a 	bl	1000374c <usbd_edpt_xfer>
100044b8:	2800      	cmp	r0, #0
100044ba:	d0e8      	beq.n	1000448e <tu_edpt_stream_write_xfer+0x42>
100044bc:	9801      	ldr	r0, [sp, #4]
100044be:	e7d2      	b.n	10004466 <tu_edpt_stream_write_xfer+0x1a>

100044c0 <tu_edpt_stream_read_xfer>:
100044c0:	e92d 41f0 	stmdb	sp!, {r4, r5, r6, r7, r8, lr}
100044c4:	898a      	ldrh	r2, [r1, #12]
100044c6:	460c      	mov	r4, r1
100044c8:	4605      	mov	r5, r0
100044ca:	780b      	ldrb	r3, [r1, #0]
100044cc:	b082      	sub	sp, #8
100044ce:	b92a      	cbnz	r2, 100044dc <tu_edpt_stream_read_xfer+0x1c>
100044d0:	07de      	lsls	r6, r3, #31
100044d2:	d537      	bpl.n	10004544 <tu_edpt_stream_read_xfer+0x84>
100044d4:	2000      	movs	r0, #0
100044d6:	b002      	add	sp, #8
100044d8:	e8bd 81f0 	ldmia.w	sp!, {r4, r5, r6, r7, r8, pc}
100044dc:	0799      	lsls	r1, r3, #30
100044de:	f104 0008 	add.w	r0, r4, #8
100044e2:	bf47      	ittee	mi
100044e4:	f44f 487e 	movmi.w	r8, #65024	@ 0xfe00
100044e8:	f44f 7600 	movmi.w	r6, #512	@ 0x200
100044ec:	f64f 78c0 	movwpl	r8, #65472	@ 0xffc0
100044f0:	2640      	movpl	r6, #64	@ 0x40
100044f2:	f000 f897 	bl	10004624 <tu_fifo_remaining>
100044f6:	4286      	cmp	r6, r0
100044f8:	f104 0708 	add.w	r7, r4, #8
100044fc:	d8ea      	bhi.n	100044d4 <tu_edpt_stream_read_xfer+0x14>
100044fe:	7823      	ldrb	r3, [r4, #0]
10004500:	07da      	lsls	r2, r3, #31
10004502:	d4e7      	bmi.n	100044d4 <tu_edpt_stream_read_xfer+0x14>
10004504:	4628      	mov	r0, r5
10004506:	7861      	ldrb	r1, [r4, #1]
10004508:	f7ff f8fc 	bl	10003704 <usbd_edpt_claim>
1000450c:	2800      	cmp	r0, #0
1000450e:	d0e1      	beq.n	100044d4 <tu_edpt_stream_read_xfer+0x14>
10004510:	4638      	mov	r0, r7
10004512:	f000 f887 	bl	10004624 <tu_fifo_remaining>
10004516:	7823      	ldrb	r3, [r4, #0]
10004518:	4286      	cmp	r6, r0
1000451a:	f003 0301 	and.w	r3, r3, #1
1000451e:	d82e      	bhi.n	1000457e <tu_edpt_stream_read_xfer+0xbe>
10004520:	b9c3      	cbnz	r3, 10004554 <tu_edpt_stream_read_xfer+0x94>
10004522:	8863      	ldrh	r3, [r4, #2]
10004524:	ea08 0200 	and.w	r2, r8, r0
10004528:	4293      	cmp	r3, r2
1000452a:	bf28      	it	cs
1000452c:	4613      	movcs	r3, r2
1000452e:	7861      	ldrb	r1, [r4, #1]
10004530:	2b00      	cmp	r3, #0
10004532:	d02b      	beq.n	1000458c <tu_edpt_stream_read_xfer+0xcc>
10004534:	6862      	ldr	r2, [r4, #4]
10004536:	4628      	mov	r0, r5
10004538:	9301      	str	r3, [sp, #4]
1000453a:	f7ff f907 	bl	1000374c <usbd_edpt_xfer>
1000453e:	b148      	cbz	r0, 10004554 <tu_edpt_stream_read_xfer+0x94>
10004540:	9801      	ldr	r0, [sp, #4]
10004542:	e7c8      	b.n	100044d6 <tu_edpt_stream_read_xfer+0x16>
10004544:	7849      	ldrb	r1, [r1, #1]
10004546:	f7ff f8dd 	bl	10003704 <usbd_edpt_claim>
1000454a:	2800      	cmp	r0, #0
1000454c:	d0c2      	beq.n	100044d4 <tu_edpt_stream_read_xfer+0x14>
1000454e:	7823      	ldrb	r3, [r4, #0]
10004550:	07d8      	lsls	r0, r3, #31
10004552:	d507      	bpl.n	10004564 <tu_edpt_stream_read_xfer+0xa4>
10004554:	f04f 23e0 	mov.w	r3, #3758153728	@ 0xe000e000
10004558:	f8d3 3df0 	ldr.w	r3, [r3, #3568]	@ 0xdf0
1000455c:	07db      	lsls	r3, r3, #31
1000455e:	d5b9      	bpl.n	100044d4 <tu_edpt_stream_read_xfer+0x14>
10004560:	be00      	bkpt	0x0000
10004562:	e7b7      	b.n	100044d4 <tu_edpt_stream_read_xfer+0x14>
10004564:	8863      	ldrh	r3, [r4, #2]
10004566:	7861      	ldrb	r1, [r4, #1]
10004568:	b13b      	cbz	r3, 1000457a <tu_edpt_stream_read_xfer+0xba>
1000456a:	6862      	ldr	r2, [r4, #4]
1000456c:	4628      	mov	r0, r5
1000456e:	f7ff f8ed 	bl	1000374c <usbd_edpt_xfer>
10004572:	2800      	cmp	r0, #0
10004574:	d0ee      	beq.n	10004554 <tu_edpt_stream_read_xfer+0x94>
10004576:	8860      	ldrh	r0, [r4, #2]
10004578:	e7ad      	b.n	100044d6 <tu_edpt_stream_read_xfer+0x16>
1000457a:	461a      	mov	r2, r3
1000457c:	e7f6      	b.n	1000456c <tu_edpt_stream_read_xfer+0xac>
1000457e:	2b00      	cmp	r3, #0
10004580:	d1a8      	bne.n	100044d4 <tu_edpt_stream_read_xfer+0x14>
10004582:	4628      	mov	r0, r5
10004584:	7861      	ldrb	r1, [r4, #1]
10004586:	f7ff f8cf 	bl	10003728 <usbd_edpt_release>
1000458a:	e7a3      	b.n	100044d4 <tu_edpt_stream_read_xfer+0x14>
1000458c:	461a      	mov	r2, r3
1000458e:	e7d2      	b.n	10004536 <tu_edpt_stream_read_xfer+0x76>

10004590 <tu_fifo_config>:
10004590:	e92d 41f0 	stmdb	sp!, {r4, r5, r6, r7, r8, lr}
10004594:	f5b2 4f00 	cmp.w	r2, #32768	@ 0x8000
10004598:	f89d 5018 	ldrb.w	r5, [sp, #24]
1000459c:	d824      	bhi.n	100045e8 <tu_fifo_config+0x58>
1000459e:	4604      	mov	r4, r0
100045a0:	68c0      	ldr	r0, [r0, #12]
100045a2:	4698      	mov	r8, r3
100045a4:	460f      	mov	r7, r1
100045a6:	4616      	mov	r6, r2
100045a8:	b118      	cbz	r0, 100045b2 <tu_fifo_config+0x22>
100045aa:	f04f 31ff 	mov.w	r1, #4294967295	@ 0xffffffff
100045ae:	f000 fc63 	bl	10004e78 <__mutex_enter_timeout_ms_veneer>
100045b2:	6920      	ldr	r0, [r4, #16]
100045b4:	b118      	cbz	r0, 100045be <tu_fifo_config+0x2e>
100045b6:	f04f 31ff 	mov.w	r1, #4294967295	@ 0xffffffff
100045ba:	f000 fc5d 	bl	10004e78 <__mutex_enter_timeout_ms_veneer>
100045be:	2200      	movs	r2, #0
100045c0:	f3c8 030e 	ubfx	r3, r8, #0, #15
100045c4:	68e0      	ldr	r0, [r4, #12]
100045c6:	ea43 33c5 	orr.w	r3, r3, r5, lsl #15
100045ca:	8162      	strh	r2, [r4, #10]
100045cc:	6027      	str	r7, [r4, #0]
100045ce:	80a6      	strh	r6, [r4, #4]
100045d0:	80e3      	strh	r3, [r4, #6]
100045d2:	8122      	strh	r2, [r4, #8]
100045d4:	b108      	cbz	r0, 100045da <tu_fifo_config+0x4a>
100045d6:	f000 fc5b 	bl	10004e90 <__mutex_exit_veneer>
100045da:	6920      	ldr	r0, [r4, #16]
100045dc:	b108      	cbz	r0, 100045e2 <tu_fifo_config+0x52>
100045de:	f000 fc57 	bl	10004e90 <__mutex_exit_veneer>
100045e2:	2001      	movs	r0, #1
100045e4:	e8bd 81f0 	ldmia.w	sp!, {r4, r5, r6, r7, r8, pc}
100045e8:	2000      	movs	r0, #0
100045ea:	e8bd 81f0 	ldmia.w	sp!, {r4, r5, r6, r7, r8, pc}
100045ee:	bf00      	nop

100045f0 <tu_fifo_count>:
100045f0:	8903      	ldrh	r3, [r0, #8]
100045f2:	8942      	ldrh	r2, [r0, #10]
100045f4:	b29b      	uxth	r3, r3
100045f6:	b292      	uxth	r2, r2
100045f8:	8880      	ldrh	r0, [r0, #4]
100045fa:	4293      	cmp	r3, r2
100045fc:	bf36      	itet	cc
100045fe:	ebc2 0240 	rsbcc	r2, r2, r0, lsl #1
10004602:	1a9b      	subcs	r3, r3, r2
10004604:	189b      	addcc	r3, r3, r2
10004606:	b29b      	uxth	r3, r3
10004608:	4298      	cmp	r0, r3
1000460a:	bf28      	it	cs
1000460c:	4618      	movcs	r0, r3
1000460e:	4770      	bx	lr

10004610 <tu_fifo_empty>:
10004610:	8902      	ldrh	r2, [r0, #8]
10004612:	8943      	ldrh	r3, [r0, #10]
10004614:	b290      	uxth	r0, r2
10004616:	b29b      	uxth	r3, r3
10004618:	1ac0      	subs	r0, r0, r3
1000461a:	fab0 f080 	clz	r0, r0
1000461e:	0940      	lsrs	r0, r0, #5
10004620:	4770      	bx	lr
10004622:	bf00      	nop

10004624 <tu_fifo_remaining>:
10004624:	8903      	ldrh	r3, [r0, #8]
10004626:	8942      	ldrh	r2, [r0, #10]
10004628:	b29b      	uxth	r3, r3
1000462a:	8880      	ldrh	r0, [r0, #4]
1000462c:	b292      	uxth	r2, r2
1000462e:	4293      	cmp	r3, r2
10004630:	bf36      	itet	cc
10004632:	ebc2 0240 	rsbcc	r2, r2, r0, lsl #1
10004636:	1a9b      	subcs	r3, r3, r2
10004638:	189b      	addcc	r3, r3, r2
1000463a:	b29b      	uxth	r3, r3
1000463c:	4298      	cmp	r0, r3
1000463e:	bf86      	itte	hi
10004640:	1ac0      	subhi	r0, r0, r3
10004642:	b280      	uxthhi	r0, r0
10004644:	2000      	movls	r0, #0
10004646:	4770      	bx	lr

10004648 <tu_fifo_read>:
10004648:	b530      	push	{r4, r5, lr}
1000464a:	4604      	mov	r4, r0
1000464c:	6900      	ldr	r0, [r0, #16]
1000464e:	460d      	mov	r5, r1
10004650:	b083      	sub	sp, #12
10004652:	b118      	cbz	r0, 1000465c <tu_fifo_read+0x14>
10004654:	f04f 31ff 	mov.w	r1, #4294967295	@ 0xffffffff
10004658:	f000 fc0e 	bl	10004e78 <__mutex_enter_timeout_ms_veneer>
1000465c:	8922      	ldrh	r2, [r4, #8]
1000465e:	8961      	ldrh	r1, [r4, #10]
10004660:	b292      	uxth	r2, r2
10004662:	b289      	uxth	r1, r1
10004664:	88a3      	ldrh	r3, [r4, #4]
10004666:	428a      	cmp	r2, r1
10004668:	bf36      	itet	cc
1000466a:	ebc1 0043 	rsbcc	r0, r1, r3, lsl #1
1000466e:	1a50      	subcs	r0, r2, r1
10004670:	1880      	addcc	r0, r0, r2
10004672:	b280      	uxth	r0, r0
10004674:	b368      	cbz	r0, 100046d2 <tu_fifo_read+0x8a>
10004676:	4283      	cmp	r3, r0
10004678:	d209      	bcs.n	1000468e <tu_fifo_read+0x46>
1000467a:	429a      	cmp	r2, r3
1000467c:	bf2c      	ite	cs
1000467e:	1ad2      	subcs	r2, r2, r3
10004680:	18d2      	addcc	r2, r2, r3
10004682:	b291      	uxth	r1, r2
10004684:	428b      	cmp	r3, r1
10004686:	8161      	strh	r1, [r4, #10]
10004688:	d803      	bhi.n	10004692 <tu_fifo_read+0x4a>
1000468a:	1ac9      	subs	r1, r1, r3
1000468c:	b289      	uxth	r1, r1
1000468e:	428b      	cmp	r3, r1
10004690:	d9fb      	bls.n	1000468a <tu_fifo_read+0x42>
10004692:	88e2      	ldrh	r2, [r4, #6]
10004694:	6823      	ldr	r3, [r4, #0]
10004696:	f3c2 020e 	ubfx	r2, r2, #0, #15
1000469a:	fb02 3101 	mla	r1, r2, r1, r3
1000469e:	4628      	mov	r0, r5
100046a0:	f000 fb40 	bl	10004d24 <memcpy>
100046a4:	8962      	ldrh	r2, [r4, #10]
100046a6:	88a3      	ldrh	r3, [r4, #4]
100046a8:	b292      	uxth	r2, r2
100046aa:	1c51      	adds	r1, r2, #1
100046ac:	b289      	uxth	r1, r1
100046ae:	428a      	cmp	r2, r1
100046b0:	f04f 0201 	mov.w	r2, #1
100046b4:	d910      	bls.n	100046d8 <tu_fifo_read+0x90>
100046b6:	2100      	movs	r1, #0
100046b8:	fa03 f002 	lsl.w	r0, r3, r2
100046bc:	1a09      	subs	r1, r1, r0
100046be:	6920      	ldr	r0, [r4, #16]
100046c0:	8161      	strh	r1, [r4, #10]
100046c2:	b118      	cbz	r0, 100046cc <tu_fifo_read+0x84>
100046c4:	9201      	str	r2, [sp, #4]
100046c6:	f000 fbe3 	bl	10004e90 <__mutex_exit_veneer>
100046ca:	9a01      	ldr	r2, [sp, #4]
100046cc:	4610      	mov	r0, r2
100046ce:	b003      	add	sp, #12
100046d0:	bd30      	pop	{r4, r5, pc}
100046d2:	4602      	mov	r2, r0
100046d4:	8961      	ldrh	r1, [r4, #10]
100046d6:	b289      	uxth	r1, r1
100046d8:	ebb1 0f43 	cmp.w	r1, r3, lsl #1
100046dc:	ea4f 0043 	mov.w	r0, r3, lsl #1
100046e0:	dbed      	blt.n	100046be <tu_fifo_read+0x76>
100046e2:	e7eb      	b.n	100046bc <tu_fifo_read+0x74>

100046e4 <tu_fifo_read_n>:
100046e4:	e92d 41f0 	stmdb	sp!, {r4, r5, r6, r7, r8, lr}
100046e8:	4605      	mov	r5, r0
100046ea:	6900      	ldr	r0, [r0, #16]
100046ec:	4688      	mov	r8, r1
100046ee:	b082      	sub	sp, #8
100046f0:	b128      	cbz	r0, 100046fe <tu_fifo_read_n+0x1a>
100046f2:	f04f 31ff 	mov.w	r1, #4294967295	@ 0xffffffff
100046f6:	9200      	str	r2, [sp, #0]
100046f8:	f000 fbbe 	bl	10004e78 <__mutex_enter_timeout_ms_veneer>
100046fc:	9a00      	ldr	r2, [sp, #0]
100046fe:	8929      	ldrh	r1, [r5, #8]
10004700:	896b      	ldrh	r3, [r5, #10]
10004702:	b289      	uxth	r1, r1
10004704:	b29b      	uxth	r3, r3
10004706:	88ac      	ldrh	r4, [r5, #4]
10004708:	4299      	cmp	r1, r3
1000470a:	bf36      	itet	cc
1000470c:	ebc3 0644 	rsbcc	r6, r3, r4, lsl #1
10004710:	1ace      	subcs	r6, r1, r3
10004712:	1876      	addcc	r6, r6, r1
10004714:	b2b6      	uxth	r6, r6
10004716:	2e00      	cmp	r6, #0
10004718:	d04b      	beq.n	100047b2 <tu_fifo_read_n+0xce>
1000471a:	42b4      	cmp	r4, r6
1000471c:	d341      	bcc.n	100047a2 <tu_fifo_read_n+0xbe>
1000471e:	42b2      	cmp	r2, r6
10004720:	bf28      	it	cs
10004722:	4632      	movcs	r2, r6
10004724:	429c      	cmp	r4, r3
10004726:	b296      	uxth	r6, r2
10004728:	d803      	bhi.n	10004732 <tu_fifo_read_n+0x4e>
1000472a:	1b1b      	subs	r3, r3, r4
1000472c:	b29b      	uxth	r3, r3
1000472e:	429c      	cmp	r4, r3
10004730:	d9fb      	bls.n	1000472a <tu_fifo_read_n+0x46>
10004732:	f8b5 c006 	ldrh.w	ip, [r5, #6]
10004736:	1ae0      	subs	r0, r4, r3
10004738:	6829      	ldr	r1, [r5, #0]
1000473a:	b280      	uxth	r0, r0
1000473c:	f3cc 020e 	ubfx	r2, ip, #0, #15
10004740:	4286      	cmp	r6, r0
10004742:	4617      	mov	r7, r2
10004744:	fb02 1103 	mla	r1, r2, r3, r1
10004748:	d925      	bls.n	10004796 <tu_fifo_read_n+0xb2>
1000474a:	fb10 f202 	smulbb	r2, r0, r2
1000474e:	4640      	mov	r0, r8
10004750:	b292      	uxth	r2, r2
10004752:	9301      	str	r3, [sp, #4]
10004754:	9200      	str	r2, [sp, #0]
10004756:	f000 fae5 	bl	10004d24 <memcpy>
1000475a:	9b01      	ldr	r3, [sp, #4]
1000475c:	9a00      	ldr	r2, [sp, #0]
1000475e:	1b34      	subs	r4, r6, r4
10004760:	4423      	add	r3, r4
10004762:	eb08 0002 	add.w	r0, r8, r2
10004766:	fb13 f207 	smulbb	r2, r3, r7
1000476a:	6829      	ldr	r1, [r5, #0]
1000476c:	b292      	uxth	r2, r2
1000476e:	f000 fad9 	bl	10004d24 <memcpy>
10004772:	896a      	ldrh	r2, [r5, #10]
10004774:	88ac      	ldrh	r4, [r5, #4]
10004776:	b292      	uxth	r2, r2
10004778:	1993      	adds	r3, r2, r6
1000477a:	b29b      	uxth	r3, r3
1000477c:	429a      	cmp	r2, r3
1000477e:	d91a      	bls.n	100047b6 <tu_fifo_read_n+0xd2>
10004780:	0062      	lsls	r2, r4, #1
10004782:	1a9b      	subs	r3, r3, r2
10004784:	6928      	ldr	r0, [r5, #16]
10004786:	816b      	strh	r3, [r5, #10]
10004788:	b108      	cbz	r0, 1000478e <tu_fifo_read_n+0xaa>
1000478a:	f000 fb81 	bl	10004e90 <__mutex_exit_veneer>
1000478e:	4630      	mov	r0, r6
10004790:	b002      	add	sp, #8
10004792:	e8bd 81f0 	ldmia.w	sp!, {r4, r5, r6, r7, r8, pc}
10004796:	4640      	mov	r0, r8
10004798:	fb06 f202 	mul.w	r2, r6, r2
1000479c:	f000 fac2 	bl	10004d24 <memcpy>
100047a0:	e7e7      	b.n	10004772 <tu_fifo_read_n+0x8e>
100047a2:	42a1      	cmp	r1, r4
100047a4:	bf2c      	ite	cs
100047a6:	1b09      	subcs	r1, r1, r4
100047a8:	1909      	addcc	r1, r1, r4
100047aa:	b28b      	uxth	r3, r1
100047ac:	4626      	mov	r6, r4
100047ae:	816b      	strh	r3, [r5, #10]
100047b0:	e7b5      	b.n	1000471e <tu_fifo_read_n+0x3a>
100047b2:	896b      	ldrh	r3, [r5, #10]
100047b4:	b29b      	uxth	r3, r3
100047b6:	ebb3 0f44 	cmp.w	r3, r4, lsl #1
100047ba:	ea4f 0244 	mov.w	r2, r4, lsl #1
100047be:	dbe1      	blt.n	10004784 <tu_fifo_read_n+0xa0>
100047c0:	e7df      	b.n	10004782 <tu_fifo_read_n+0x9e>
100047c2:	bf00      	nop

100047c4 <tu_fifo_write>:
100047c4:	b570      	push	{r4, r5, r6, lr}
100047c6:	4604      	mov	r4, r0
100047c8:	68c0      	ldr	r0, [r0, #12]
100047ca:	460e      	mov	r6, r1
100047cc:	b082      	sub	sp, #8
100047ce:	b118      	cbz	r0, 100047d8 <tu_fifo_write+0x14>
100047d0:	f04f 31ff 	mov.w	r1, #4294967295	@ 0xffffffff
100047d4:	f000 fb50 	bl	10004e78 <__mutex_enter_timeout_ms_veneer>
100047d8:	8925      	ldrh	r5, [r4, #8]
100047da:	8923      	ldrh	r3, [r4, #8]
100047dc:	8961      	ldrh	r1, [r4, #10]
100047de:	b29b      	uxth	r3, r3
100047e0:	b289      	uxth	r1, r1
100047e2:	88a2      	ldrh	r2, [r4, #4]
100047e4:	428b      	cmp	r3, r1
100047e6:	bf36      	itet	cc
100047e8:	ebc1 0142 	rsbcc	r1, r1, r2, lsl #1
100047ec:	1a5b      	subcs	r3, r3, r1
100047ee:	185b      	addcc	r3, r3, r1
100047f0:	b29b      	uxth	r3, r3
100047f2:	429a      	cmp	r2, r3
100047f4:	b2ad      	uxth	r5, r5
100047f6:	d80b      	bhi.n	10004810 <tu_fifo_write+0x4c>
100047f8:	79e1      	ldrb	r1, [r4, #7]
100047fa:	09c9      	lsrs	r1, r1, #7
100047fc:	d108      	bne.n	10004810 <tu_fifo_write+0x4c>
100047fe:	68e0      	ldr	r0, [r4, #12]
10004800:	b118      	cbz	r0, 1000480a <tu_fifo_write+0x46>
10004802:	9101      	str	r1, [sp, #4]
10004804:	f000 fb44 	bl	10004e90 <__mutex_exit_veneer>
10004808:	9901      	ldr	r1, [sp, #4]
1000480a:	4608      	mov	r0, r1
1000480c:	b002      	add	sp, #8
1000480e:	bd70      	pop	{r4, r5, r6, pc}
10004810:	4295      	cmp	r5, r2
10004812:	bf28      	it	cs
10004814:	462b      	movcs	r3, r5
10004816:	d317      	bcc.n	10004848 <tu_fifo_write+0x84>
10004818:	1a9b      	subs	r3, r3, r2
1000481a:	b29b      	uxth	r3, r3
1000481c:	4293      	cmp	r3, r2
1000481e:	d2fb      	bcs.n	10004818 <tu_fifo_write+0x54>
10004820:	88e2      	ldrh	r2, [r4, #6]
10004822:	6820      	ldr	r0, [r4, #0]
10004824:	f3c2 020e 	ubfx	r2, r2, #0, #15
10004828:	fb02 0003 	mla	r0, r2, r3, r0
1000482c:	4631      	mov	r1, r6
1000482e:	f000 fa79 	bl	10004d24 <memcpy>
10004832:	1c6b      	adds	r3, r5, #1
10004834:	b29b      	uxth	r3, r3
10004836:	429d      	cmp	r5, r3
10004838:	88a2      	ldrh	r2, [r4, #4]
1000483a:	d911      	bls.n	10004860 <tu_fifo_write+0x9c>
1000483c:	2300      	movs	r3, #0
1000483e:	0051      	lsls	r1, r2, #1
10004840:	1a5b      	subs	r3, r3, r1
10004842:	2101      	movs	r1, #1
10004844:	8123      	strh	r3, [r4, #8]
10004846:	e7da      	b.n	100047fe <tu_fifo_write+0x3a>
10004848:	88e2      	ldrh	r2, [r4, #6]
1000484a:	6820      	ldr	r0, [r4, #0]
1000484c:	f3c2 020e 	ubfx	r2, r2, #0, #15
10004850:	fb05 0002 	mla	r0, r5, r2, r0
10004854:	4631      	mov	r1, r6
10004856:	f000 fa65 	bl	10004d24 <memcpy>
1000485a:	3501      	adds	r5, #1
1000485c:	88a2      	ldrh	r2, [r4, #4]
1000485e:	b2ab      	uxth	r3, r5
10004860:	ebb3 0f42 	cmp.w	r3, r2, lsl #1
10004864:	ea4f 0142 	mov.w	r1, r2, lsl #1
10004868:	dbeb      	blt.n	10004842 <tu_fifo_write+0x7e>
1000486a:	e7e9      	b.n	10004840 <tu_fifo_write+0x7c>

1000486c <tu_fifo_write_n>:
1000486c:	e92d 47f0 	stmdb	sp!, {r4, r5, r6, r7, r8, r9, sl, lr}
10004870:	4615      	mov	r5, r2
10004872:	b082      	sub	sp, #8
10004874:	2a00      	cmp	r2, #0
10004876:	d04a      	beq.n	1000490e <tu_fifo_write_n+0xa2>
10004878:	4604      	mov	r4, r0
1000487a:	68c0      	ldr	r0, [r0, #12]
1000487c:	4688      	mov	r8, r1
1000487e:	b118      	cbz	r0, 10004888 <tu_fifo_write_n+0x1c>
10004880:	f04f 31ff 	mov.w	r1, #4294967295	@ 0xffffffff
10004884:	f000 faf8 	bl	10004e78 <__mutex_enter_timeout_ms_veneer>
10004888:	79e1      	ldrb	r1, [r4, #7]
1000488a:	8926      	ldrh	r6, [r4, #8]
1000488c:	8963      	ldrh	r3, [r4, #10]
1000488e:	09c9      	lsrs	r1, r1, #7
10004890:	88a2      	ldrh	r2, [r4, #4]
10004892:	b2b6      	uxth	r6, r6
10004894:	b29b      	uxth	r3, r3
10004896:	d13e      	bne.n	10004916 <tu_fifo_write_n+0xaa>
10004898:	429e      	cmp	r6, r3
1000489a:	bf36      	itet	cc
1000489c:	ebc3 0342 	rsbcc	r3, r3, r2, lsl #1
100048a0:	1af3      	subcs	r3, r6, r3
100048a2:	199b      	addcc	r3, r3, r6
100048a4:	b29b      	uxth	r3, r3
100048a6:	4293      	cmp	r3, r2
100048a8:	d253      	bcs.n	10004952 <tu_fifo_write_n+0xe6>
100048aa:	1ad3      	subs	r3, r2, r3
100048ac:	b29b      	uxth	r3, r3
100048ae:	42ab      	cmp	r3, r5
100048b0:	bf28      	it	cs
100048b2:	462b      	movcs	r3, r5
100048b4:	b29d      	uxth	r5, r3
100048b6:	1973      	adds	r3, r6, r5
100048b8:	f8b4 c006 	ldrh.w	ip, [r4, #6]
100048bc:	fa1f f983 	uxth.w	r9, r3
100048c0:	eba5 0a02 	sub.w	sl, r5, r2
100048c4:	4296      	cmp	r6, r2
100048c6:	4633      	mov	r3, r6
100048c8:	d303      	bcc.n	100048d2 <tu_fifo_write_n+0x66>
100048ca:	1a9b      	subs	r3, r3, r2
100048cc:	b29b      	uxth	r3, r3
100048ce:	4293      	cmp	r3, r2
100048d0:	d2fb      	bcs.n	100048ca <tu_fifo_write_n+0x5e>
100048d2:	1ad2      	subs	r2, r2, r3
100048d4:	b291      	uxth	r1, r2
100048d6:	6820      	ldr	r0, [r4, #0]
100048d8:	f3cc 020e 	ubfx	r2, ip, #0, #15
100048dc:	42a9      	cmp	r1, r5
100048de:	4617      	mov	r7, r2
100048e0:	fb02 0003 	mla	r0, r2, r3, r0
100048e4:	d352      	bcc.n	1000498c <tu_fifo_write_n+0x120>
100048e6:	4641      	mov	r1, r8
100048e8:	fb05 f202 	mul.w	r2, r5, r2
100048ec:	f000 fa1a 	bl	10004d24 <memcpy>
100048f0:	88a3      	ldrh	r3, [r4, #4]
100048f2:	454e      	cmp	r6, r9
100048f4:	ea4f 0243 	mov.w	r2, r3, lsl #1
100048f8:	d802      	bhi.n	10004900 <tu_fifo_write_n+0x94>
100048fa:	ebb9 0f43 	cmp.w	r9, r3, lsl #1
100048fe:	db01      	blt.n	10004904 <tu_fifo_write_n+0x98>
10004900:	eba9 0902 	sub.w	r9, r9, r2
10004904:	68e0      	ldr	r0, [r4, #12]
10004906:	462a      	mov	r2, r5
10004908:	f8a4 9008 	strh.w	r9, [r4, #8]
1000490c:	bb28      	cbnz	r0, 1000495a <tu_fifo_write_n+0xee>
1000490e:	4610      	mov	r0, r2
10004910:	b002      	add	sp, #8
10004912:	e8bd 87f0 	ldmia.w	sp!, {r4, r5, r6, r7, r8, r9, sl, pc}
10004916:	4295      	cmp	r5, r2
10004918:	d227      	bcs.n	1000496a <tu_fifo_write_n+0xfe>
1000491a:	429e      	cmp	r6, r3
1000491c:	bf36      	itet	cc
1000491e:	ebc3 0142 	rsbcc	r1, r3, r2, lsl #1
10004922:	1af1      	subcs	r1, r6, r3
10004924:	1989      	addcc	r1, r1, r6
10004926:	b289      	uxth	r1, r1
10004928:	0050      	lsls	r0, r2, #1
1000492a:	4429      	add	r1, r5
1000492c:	1aaf      	subs	r7, r5, r2
1000492e:	4281      	cmp	r1, r0
10004930:	46ba      	mov	sl, r7
10004932:	db08      	blt.n	10004946 <tu_fifo_write_n+0xda>
10004934:	1899      	adds	r1, r3, r2
10004936:	b289      	uxth	r1, r1
10004938:	1b4e      	subs	r6, r1, r5
1000493a:	b2b6      	uxth	r6, r6
1000493c:	42b3      	cmp	r3, r6
1000493e:	4689      	mov	r9, r1
10004940:	d938      	bls.n	100049b4 <tu_fifo_write_n+0x148>
10004942:	1a30      	subs	r0, r6, r0
10004944:	b286      	uxth	r6, r0
10004946:	19ab      	adds	r3, r5, r6
10004948:	fa1f f983 	uxth.w	r9, r3
1000494c:	f8b4 c006 	ldrh.w	ip, [r4, #6]
10004950:	e7b8      	b.n	100048c4 <tu_fifo_write_n+0x58>
10004952:	2200      	movs	r2, #0
10004954:	68e0      	ldr	r0, [r4, #12]
10004956:	2800      	cmp	r0, #0
10004958:	d0d9      	beq.n	1000490e <tu_fifo_write_n+0xa2>
1000495a:	9200      	str	r2, [sp, #0]
1000495c:	f000 fa98 	bl	10004e90 <__mutex_exit_veneer>
10004960:	9a00      	ldr	r2, [sp, #0]
10004962:	4610      	mov	r0, r2
10004964:	b002      	add	sp, #8
10004966:	e8bd 87f0 	ldmia.w	sp!, {r4, r5, r6, r7, r8, r9, sl, pc}
1000496a:	2a00      	cmp	r2, #0
1000496c:	d0f2      	beq.n	10004954 <tu_fifo_write_n+0xe8>
1000496e:	f8b4 c006 	ldrh.w	ip, [r4, #6]
10004972:	1aad      	subs	r5, r5, r2
10004974:	1899      	adds	r1, r3, r2
10004976:	461e      	mov	r6, r3
10004978:	f3cc 030e 	ubfx	r3, ip, #0, #15
1000497c:	fb03 8805 	mla	r8, r3, r5, r8
10004980:	f04f 0a00 	mov.w	sl, #0
10004984:	4615      	mov	r5, r2
10004986:	fa1f f981 	uxth.w	r9, r1
1000498a:	e79b      	b.n	100048c4 <tu_fifo_write_n+0x58>
1000498c:	fb11 f202 	smulbb	r2, r1, r2
10004990:	4641      	mov	r1, r8
10004992:	b292      	uxth	r2, r2
10004994:	9301      	str	r3, [sp, #4]
10004996:	9200      	str	r2, [sp, #0]
10004998:	f000 f9c4 	bl	10004d24 <memcpy>
1000499c:	9b01      	ldr	r3, [sp, #4]
1000499e:	9a00      	ldr	r2, [sp, #0]
100049a0:	4453      	add	r3, sl
100049a2:	fb13 f307 	smulbb	r3, r3, r7
100049a6:	eb08 0102 	add.w	r1, r8, r2
100049aa:	6820      	ldr	r0, [r4, #0]
100049ac:	b29a      	uxth	r2, r3
100049ae:	f000 f9b9 	bl	10004d24 <memcpy>
100049b2:	e79d      	b.n	100048f0 <tu_fifo_write_n+0x84>
100049b4:	42b0      	cmp	r0, r6
100049b6:	ddc4      	ble.n	10004942 <tu_fifo_write_n+0xd6>
100049b8:	e7c8      	b.n	1000494c <tu_fifo_write_n+0xe0>
100049ba:	bf00      	nop

100049bc <tu_fifo_clear>:
100049bc:	b510      	push	{r4, lr}
100049be:	4604      	mov	r4, r0
100049c0:	68c0      	ldr	r0, [r0, #12]
100049c2:	b118      	cbz	r0, 100049cc <tu_fifo_clear+0x10>
100049c4:	f04f 31ff 	mov.w	r1, #4294967295	@ 0xffffffff
100049c8:	f000 fa56 	bl	10004e78 <__mutex_enter_timeout_ms_veneer>
100049cc:	6920      	ldr	r0, [r4, #16]
100049ce:	b118      	cbz	r0, 100049d8 <tu_fifo_clear+0x1c>
100049d0:	f04f 31ff 	mov.w	r1, #4294967295	@ 0xffffffff
100049d4:	f000 fa50 	bl	10004e78 <__mutex_enter_timeout_ms_veneer>
100049d8:	2300      	movs	r3, #0
100049da:	68e0      	ldr	r0, [r4, #12]
100049dc:	8163      	strh	r3, [r4, #10]
100049de:	8123      	strh	r3, [r4, #8]
100049e0:	b108      	cbz	r0, 100049e6 <tu_fifo_clear+0x2a>
100049e2:	f000 fa55 	bl	10004e90 <__mutex_exit_veneer>
100049e6:	6920      	ldr	r0, [r4, #16]
100049e8:	b108      	cbz	r0, 100049ee <tu_fifo_clear+0x32>
100049ea:	f000 fa51 	bl	10004e90 <__mutex_exit_veneer>
100049ee:	2001      	movs	r0, #1
100049f0:	bd10      	pop	{r4, pc}
100049f2:	bf00      	nop

100049f4 <tu_fifo_set_overwritable>:
100049f4:	b538      	push	{r3, r4, r5, lr}
100049f6:	4604      	mov	r4, r0
100049f8:	68c0      	ldr	r0, [r0, #12]
100049fa:	460d      	mov	r5, r1
100049fc:	b118      	cbz	r0, 10004a06 <tu_fifo_set_overwritable+0x12>
100049fe:	f04f 31ff 	mov.w	r1, #4294967295	@ 0xffffffff
10004a02:	f000 fa39 	bl	10004e78 <__mutex_enter_timeout_ms_veneer>
10004a06:	6920      	ldr	r0, [r4, #16]
10004a08:	b118      	cbz	r0, 10004a12 <tu_fifo_set_overwritable+0x1e>
10004a0a:	f04f 31ff 	mov.w	r1, #4294967295	@ 0xffffffff
10004a0e:	f000 fa33 	bl	10004e78 <__mutex_enter_timeout_ms_veneer>
10004a12:	79e3      	ldrb	r3, [r4, #7]
10004a14:	68e0      	ldr	r0, [r4, #12]
10004a16:	f365 13c7 	bfi	r3, r5, #7, #1
10004a1a:	71e3      	strb	r3, [r4, #7]
10004a1c:	b108      	cbz	r0, 10004a22 <tu_fifo_set_overwritable+0x2e>
10004a1e:	f000 fa37 	bl	10004e90 <__mutex_exit_veneer>
10004a22:	6920      	ldr	r0, [r4, #16]
10004a24:	b108      	cbz	r0, 10004a2a <tu_fifo_set_overwritable+0x36>
10004a26:	f000 fa33 	bl	10004e90 <__mutex_exit_veneer>
10004a2a:	2001      	movs	r0, #1
10004a2c:	bd38      	pop	{r3, r4, r5, pc}
10004a2e:	bf00      	nop

10004a30 <dma_channel_unclaim>:
10004a30:	4601      	mov	r1, r0
10004a32:	4801      	ldr	r0, [pc, #4]	@ (10004a38 <dma_channel_unclaim+0x8>)
10004a34:	f7fb bfc6 	b.w	100009c4 <hw_claim_clear>
10004a38:	2000eee6 	.word	0x2000eee6

10004a3c <dma_claim_unused_channel>:
10004a3c:	b500      	push	{lr}
10004a3e:	f8df c01c 	ldr.w	ip, [pc, #28]	@ 10004a5c <dma_claim_unused_channel+0x20>
10004a42:	b083      	sub	sp, #12
10004a44:	4601      	mov	r1, r0
10004a46:	230f      	movs	r3, #15
10004a48:	2200      	movs	r2, #0
10004a4a:	f8cd c000 	str.w	ip, [sp]
10004a4e:	4802      	ldr	r0, [pc, #8]	@ (10004a58 <dma_claim_unused_channel+0x1c>)
10004a50:	f7fb ff76 	bl	10000940 <hw_claim_unused_from_range>
10004a54:	b003      	add	sp, #12
10004a56:	bd00      	pop	{pc}
10004a58:	2000eee6 	.word	0x2000eee6
10004a5c:	10005088 	.word	0x10005088

10004a60 <pio_add_program>:
10004a60:	e92d 47f0 	stmdb	sp!, {r4, r5, r6, r7, r8, r9, sl, lr}
10004a64:	4688      	mov	r8, r1
10004a66:	4605      	mov	r5, r0
10004a68:	f7fb ff22 	bl	100008b0 <hw_claim_lock>
10004a6c:	2201      	movs	r2, #1
10004a6e:	f898 e004 	ldrb.w	lr, [r8, #4]
10004a72:	4681      	mov	r9, r0
10004a74:	f998 c005 	ldrsb.w	ip, [r8, #5]
10004a78:	f105 402f 	add.w	r0, r5, #2936012800	@ 0xaf000000
10004a7c:	4f39      	ldr	r7, [pc, #228]	@ (10004b64 <pio_add_program+0x104>)
10004a7e:	f500 0060 	add.w	r0, r0, #14680064	@ 0xe00000
10004a82:	fa02 f20e 	lsl.w	r2, r2, lr
10004a86:	0d00      	lsrs	r0, r0, #20
10004a88:	f1bc 0f00 	cmp.w	ip, #0
10004a8c:	f857 6020 	ldr.w	r6, [r7, r0, lsl #2]
10004a90:	f102 32ff 	add.w	r2, r2, #4294967295	@ 0xffffffff
10004a94:	f1ce 0420 	rsb	r4, lr, #32
10004a98:	db3b      	blt.n	10004b12 <pio_add_program+0xb2>
10004a9a:	45a4      	cmp	ip, r4
10004a9c:	dc03      	bgt.n	10004aa6 <pio_add_program+0x46>
10004a9e:	fa02 f30c 	lsl.w	r3, r2, ip
10004aa2:	4233      	tst	r3, r6
10004aa4:	d007      	beq.n	10004ab6 <pio_add_program+0x56>
10004aa6:	f04f 34ff 	mov.w	r4, #4294967295	@ 0xffffffff
10004aaa:	4648      	mov	r0, r9
10004aac:	f7fb ff12 	bl	100008d4 <hw_claim_unlock>
10004ab0:	4620      	mov	r0, r4
10004ab2:	e8bd 87f0 	ldmia.w	sp!, {r4, r5, r6, r7, r8, r9, sl, pc}
10004ab6:	f8d5 3168 	ldr.w	r3, [r5, #360]	@ 0x168
10004aba:	f898 4007 	ldrb.w	r4, [r8, #7]
10004abe:	2b00      	cmp	r3, #0
10004ac0:	d149      	bne.n	10004b56 <pio_add_program+0xf6>
10004ac2:	0763      	lsls	r3, r4, #29
10004ac4:	d437      	bmi.n	10004b36 <pio_add_program+0xd6>
10004ac6:	4664      	mov	r4, ip
10004ac8:	fa02 f30c 	lsl.w	r3, r2, ip
10004acc:	421e      	tst	r6, r3
10004ace:	469a      	mov	sl, r3
10004ad0:	d139      	bne.n	10004b46 <pio_add_program+0xe6>
10004ad2:	f1be 0f00 	cmp.w	lr, #0
10004ad6:	d012      	beq.n	10004afe <pio_add_program+0x9e>
10004ad8:	f8d8 1000 	ldr.w	r1, [r8]
10004adc:	eb01 084e 	add.w	r8, r1, lr, lsl #1
10004ae0:	46e6      	mov	lr, ip
10004ae2:	f831 3b02 	ldrh.w	r3, [r1], #2
10004ae6:	f10e 0212 	add.w	r2, lr, #18
10004aea:	f5b3 5f00 	cmp.w	r3, #8192	@ 0x2000
10004aee:	bf38      	it	cc
10004af0:	4463      	addcc	r3, ip
10004af2:	4541      	cmp	r1, r8
10004af4:	f10e 0e01 	add.w	lr, lr, #1
10004af8:	f845 3022 	str.w	r3, [r5, r2, lsl #2]
10004afc:	d1f1      	bne.n	10004ae2 <pio_add_program+0x82>
10004afe:	ea46 060a 	orr.w	r6, r6, sl
10004b02:	f847 6020 	str.w	r6, [r7, r0, lsl #2]
10004b06:	4648      	mov	r0, r9
10004b08:	f7fb fee4 	bl	100008d4 <hw_claim_unlock>
10004b0c:	4620      	mov	r0, r4
10004b0e:	e8bd 87f0 	ldmia.w	sp!, {r4, r5, r6, r7, r8, r9, sl, pc}
10004b12:	f1be 0f20 	cmp.w	lr, #32
10004b16:	dd02      	ble.n	10004b1e <pio_add_program+0xbe>
10004b18:	e015      	b.n	10004b46 <pio_add_program+0xe6>
10004b1a:	3c01      	subs	r4, #1
10004b1c:	d313      	bcc.n	10004b46 <pio_add_program+0xe6>
10004b1e:	fa02 f304 	lsl.w	r3, r2, r4
10004b22:	4233      	tst	r3, r6
10004b24:	46a4      	mov	ip, r4
10004b26:	d1f8      	bne.n	10004b1a <pio_add_program+0xba>
10004b28:	f8d5 1168 	ldr.w	r1, [r5, #360]	@ 0x168
10004b2c:	f898 3007 	ldrb.w	r3, [r8, #7]
10004b30:	b9a1      	cbnz	r1, 10004b5c <pio_add_program+0xfc>
10004b32:	075b      	lsls	r3, r3, #29
10004b34:	d5c8      	bpl.n	10004ac8 <pio_add_program+0x68>
10004b36:	f06f 040a 	mvn.w	r4, #10
10004b3a:	4648      	mov	r0, r9
10004b3c:	f7fb feca 	bl	100008d4 <hw_claim_unlock>
10004b40:	4620      	mov	r0, r4
10004b42:	e8bd 87f0 	ldmia.w	sp!, {r4, r5, r6, r7, r8, r9, sl, pc}
10004b46:	f06f 0408 	mvn.w	r4, #8
10004b4a:	4648      	mov	r0, r9
10004b4c:	f7fb fec2 	bl	100008d4 <hw_claim_unlock>
10004b50:	4620      	mov	r0, r4
10004b52:	e8bd 87f0 	ldmia.w	sp!, {r4, r5, r6, r7, r8, r9, sl, pc}
10004b56:	07e1      	lsls	r1, r4, #31
10004b58:	d5b5      	bpl.n	10004ac6 <pio_add_program+0x66>
10004b5a:	e7ec      	b.n	10004b36 <pio_add_program+0xd6>
10004b5c:	07d9      	lsls	r1, r3, #31
10004b5e:	d5b3      	bpl.n	10004ac8 <pio_add_program+0x68>
10004b60:	e7e9      	b.n	10004b36 <pio_add_program+0xd6>
10004b62:	bf00      	nop
10004b64:	2000e71c 	.word	0x2000e71c

10004b68 <pio_sm_set_consecutive_pindirs>:
10004b68:	b5f0      	push	{r4, r5, r6, r7, lr}
10004b6a:	469e      	mov	lr, r3
10004b6c:	f8d0 3168 	ldr.w	r3, [r0, #360]	@ 0x168
10004b70:	f89d 5014 	ldrb.w	r5, [sp, #20]
10004b74:	1ad2      	subs	r2, r2, r3
10004b76:	2a1f      	cmp	r2, #31
10004b78:	d839      	bhi.n	10004bee <pio_sm_set_consecutive_pindirs+0x86>
10004b7a:	460c      	mov	r4, r1
10004b7c:	f24e 0380 	movw	r3, #57472	@ 0xe080
10004b80:	f24e 019f 	movw	r1, #57503	@ 0xe09f
10004b84:	f44f 3700 	mov.w	r7, #131072	@ 0x20000
10004b88:	eb04 0c44 	add.w	ip, r4, r4, lsl #1
10004b8c:	2d00      	cmp	r5, #0
10004b8e:	bf08      	it	eq
10004b90:	4619      	moveq	r1, r3
10004b92:	eb00 03cc 	add.w	r3, r0, ip, lsl #3
10004b96:	f503 5343 	add.w	r3, r3, #12480	@ 0x30c0
10004b9a:	eb00 0ccc 	add.w	ip, r0, ip, lsl #3
10004b9e:	f1be 0f05 	cmp.w	lr, #5
10004ba2:	f8dc 60dc 	ldr.w	r6, [ip, #220]	@ 0xdc
10004ba6:	f8dc 50cc 	ldr.w	r5, [ip, #204]	@ 0xcc
10004baa:	60df      	str	r7, [r3, #12]
10004bac:	d90e      	bls.n	10004bcc <pio_sm_set_consecutive_pindirs+0x64>
10004bae:	0153      	lsls	r3, r2, #5
10004bb0:	f1ae 0e05 	sub.w	lr, lr, #5
10004bb4:	f043 53a0 	orr.w	r3, r3, #335544320	@ 0x14000000
10004bb8:	3205      	adds	r2, #5
10004bba:	f1be 0f05 	cmp.w	lr, #5
10004bbe:	f8cc 30dc 	str.w	r3, [ip, #220]	@ 0xdc
10004bc2:	f002 021f 	and.w	r2, r2, #31
10004bc6:	f8cc 10d8 	str.w	r1, [ip, #216]	@ 0xd8
10004bca:	d8f0      	bhi.n	10004bae <pio_sm_set_consecutive_pindirs+0x46>
10004bcc:	0152      	lsls	r2, r2, #5
10004bce:	eb04 0444 	add.w	r4, r4, r4, lsl #1
10004bd2:	ea42 638e 	orr.w	r3, r2, lr, lsl #26
10004bd6:	eb00 02c4 	add.w	r2, r0, r4, lsl #3
10004bda:	f8c2 30dc 	str.w	r3, [r2, #220]	@ 0xdc
10004bde:	2000      	movs	r0, #0
10004be0:	f8c2 10d8 	str.w	r1, [r2, #216]	@ 0xd8
10004be4:	f8c2 60dc 	str.w	r6, [r2, #220]	@ 0xdc
10004be8:	f8c2 50cc 	str.w	r5, [r2, #204]	@ 0xcc
10004bec:	bdf0      	pop	{r4, r5, r6, r7, pc}
10004bee:	f06f 0004 	mvn.w	r0, #4
10004bf2:	bdf0      	pop	{r4, r5, r6, r7, pc}

10004bf4 <pio_sm_init>:
10004bf4:	b5f0      	push	{r4, r5, r6, r7, lr}
10004bf6:	2401      	movs	r4, #1
10004bf8:	fa04 f501 	lsl.w	r5, r4, r1
10004bfc:	6804      	ldr	r4, [r0, #0]
10004bfe:	ea24 0405 	bic.w	r4, r4, r5
10004c02:	6004      	str	r4, [r0, #0]
10004c04:	b3a3      	cbz	r3, 10004c70 <pio_sm_init+0x7c>
10004c06:	e9d3 5601 	ldrd	r5, r6, [r3, #4]
10004c0a:	681f      	ldr	r7, [r3, #0]
10004c0c:	68dc      	ldr	r4, [r3, #12]
10004c0e:	eb01 0341 	add.w	r3, r1, r1, lsl #1
10004c12:	eb00 03c3 	add.w	r3, r0, r3, lsl #3
10004c16:	f8c3 70c8 	str.w	r7, [r3, #200]	@ 0xc8
10004c1a:	ea4f 0c41 	mov.w	ip, r1, lsl #1
10004c1e:	f8c3 60d0 	str.w	r6, [r3, #208]	@ 0xd0
10004c22:	f8c3 50cc 	str.w	r5, [r3, #204]	@ 0xcc
10004c26:	f8c3 40dc 	str.w	r4, [r3, #220]	@ 0xdc
10004c2a:	eb0c 0301 	add.w	r3, ip, r1
10004c2e:	f04f 3501 	mov.w	r5, #16843009	@ 0x1010101
10004c32:	eb00 0cc3 	add.w	ip, r0, r3, lsl #3
10004c36:	f04f 4600 	mov.w	r6, #2147483648	@ 0x80000000
10004c3a:	eb00 0ec3 	add.w	lr, r0, r3, lsl #3
10004c3e:	2301      	movs	r3, #1
10004c40:	f50e 5e86 	add.w	lr, lr, #4288	@ 0x10c0
10004c44:	1d0c      	adds	r4, r1, #4
10004c46:	f101 0708 	add.w	r7, r1, #8
10004c4a:	408d      	lsls	r5, r1
10004c4c:	f8ce 6010 	str.w	r6, [lr, #16]
10004c50:	fa03 f404 	lsl.w	r4, r3, r4
10004c54:	f8ce 6010 	str.w	r6, [lr, #16]
10004c58:	f002 021f 	and.w	r2, r2, #31
10004c5c:	6085      	str	r5, [r0, #8]
10004c5e:	40bb      	lsls	r3, r7
10004c60:	f500 5000 	add.w	r0, r0, #8192	@ 0x2000
10004c64:	6004      	str	r4, [r0, #0]
10004c66:	6003      	str	r3, [r0, #0]
10004c68:	2000      	movs	r0, #0
10004c6a:	f8cc 20d8 	str.w	r2, [ip, #216]	@ 0xd8
10004c6e:	bdf0      	pop	{r4, r5, r6, r7, pc}
10004c70:	f44f 3780 	mov.w	r7, #65536	@ 0x10000
10004c74:	f44f 2640 	mov.w	r6, #786432	@ 0xc0000
10004c78:	f44f 35f8 	mov.w	r5, #126976	@ 0x1f000
10004c7c:	eb01 0441 	add.w	r4, r1, r1, lsl #1
10004c80:	eb00 04c4 	add.w	r4, r0, r4, lsl #3
10004c84:	f8c4 70c8 	str.w	r7, [r4, #200]	@ 0xc8
10004c88:	ea4f 0c41 	mov.w	ip, r1, lsl #1
10004c8c:	f8c4 60d0 	str.w	r6, [r4, #208]	@ 0xd0
10004c90:	f8c4 50cc 	str.w	r5, [r4, #204]	@ 0xcc
10004c94:	f8c4 30dc 	str.w	r3, [r4, #220]	@ 0xdc
10004c98:	e7c7      	b.n	10004c2a <pio_sm_init+0x36>
10004c9a:	bf00      	nop

10004c9c <memset>:
10004c9c:	b530      	push	{r4, r5, lr}
10004c9e:	0784      	lsls	r4, r0, #30
10004ca0:	4686      	mov	lr, r0
10004ca2:	4603      	mov	r3, r0
10004ca4:	d006      	beq.n	10004cb4 <memset+0x18>
10004ca6:	b3a2      	cbz	r2, 10004d12 <memset+0x76>
10004ca8:	f803 1b01 	strb.w	r1, [r3], #1
10004cac:	0798      	lsls	r0, r3, #30
10004cae:	f102 32ff 	add.w	r2, r2, #4294967295	@ 0xffffffff
10004cb2:	d1f8      	bne.n	10004ca6 <memset+0xa>
10004cb4:	2a03      	cmp	r2, #3
10004cb6:	d926      	bls.n	10004d06 <memset+0x6a>
10004cb8:	fa5f fc81 	uxtb.w	ip, r1
10004cbc:	2a0f      	cmp	r2, #15
10004cbe:	eb0c 2c0c 	add.w	ip, ip, ip, lsl #8
10004cc2:	eb0c 400c 	add.w	r0, ip, ip, lsl #16
10004cc6:	d92a      	bls.n	10004d1e <memset+0x82>
10004cc8:	f022 0c0f 	bic.w	ip, r2, #15
10004ccc:	449c      	add	ip, r3
10004cce:	e9c3 0000 	strd	r0, r0, [r3]
10004cd2:	e9c3 0002 	strd	r0, r0, [r3, #8]
10004cd6:	3310      	adds	r3, #16
10004cd8:	4563      	cmp	r3, ip
10004cda:	d1f8      	bne.n	10004cce <memset+0x32>
10004cdc:	f012 0f0c 	tst.w	r2, #12
10004ce0:	f002 050f 	and.w	r5, r2, #15
10004ce4:	d017      	beq.n	10004d16 <memset+0x7a>
10004ce6:	ea4f 0c95 	mov.w	ip, r5, lsr #2
10004cea:	461a      	mov	r2, r3
10004cec:	f10c 34ff 	add.w	r4, ip, #4294967295	@ 0xffffffff
10004cf0:	eb03 0c8c 	add.w	ip, r3, ip, lsl #2
10004cf4:	f842 0b04 	str.w	r0, [r2], #4
10004cf8:	4562      	cmp	r2, ip
10004cfa:	d1fb      	bne.n	10004cf4 <memset+0x58>
10004cfc:	3304      	adds	r3, #4
10004cfe:	f005 0203 	and.w	r2, r5, #3
10004d02:	eb03 0384 	add.w	r3, r3, r4, lsl #2
10004d06:	b122      	cbz	r2, 10004d12 <memset+0x76>
10004d08:	441a      	add	r2, r3
10004d0a:	f803 1b01 	strb.w	r1, [r3], #1
10004d0e:	429a      	cmp	r2, r3
10004d10:	d1fb      	bne.n	10004d0a <memset+0x6e>
10004d12:	4670      	mov	r0, lr
10004d14:	bd30      	pop	{r4, r5, pc}
10004d16:	462a      	mov	r2, r5
10004d18:	2a00      	cmp	r2, #0
10004d1a:	d1f5      	bne.n	10004d08 <memset+0x6c>
10004d1c:	e7f9      	b.n	10004d12 <memset+0x76>
10004d1e:	4615      	mov	r5, r2
10004d20:	e7e1      	b.n	10004ce6 <memset+0x4a>
10004d22:	bf00      	nop

10004d24 <memcpy>:
10004d24:	4684      	mov	ip, r0
10004d26:	ea41 0300 	orr.w	r3, r1, r0
10004d2a:	f013 0303 	ands.w	r3, r3, #3
10004d2e:	d149      	bne.n	10004dc4 <memcpy+0xa0>
10004d30:	3a40      	subs	r2, #64	@ 0x40
10004d32:	d323      	bcc.n	10004d7c <memcpy+0x58>
10004d34:	680b      	ldr	r3, [r1, #0]
10004d36:	6003      	str	r3, [r0, #0]
10004d38:	684b      	ldr	r3, [r1, #4]
10004d3a:	6043      	str	r3, [r0, #4]
10004d3c:	688b      	ldr	r3, [r1, #8]
10004d3e:	6083      	str	r3, [r0, #8]
10004d40:	68cb      	ldr	r3, [r1, #12]
10004d42:	60c3      	str	r3, [r0, #12]
10004d44:	690b      	ldr	r3, [r1, #16]
10004d46:	6103      	str	r3, [r0, #16]
10004d48:	694b      	ldr	r3, [r1, #20]
10004d4a:	6143      	str	r3, [r0, #20]
10004d4c:	698b      	ldr	r3, [r1, #24]
10004d4e:	6183      	str	r3, [r0, #24]
10004d50:	69cb      	ldr	r3, [r1, #28]
10004d52:	61c3      	str	r3, [r0, #28]
10004d54:	6a0b      	ldr	r3, [r1, #32]
10004d56:	6203      	str	r3, [r0, #32]
10004d58:	6a4b      	ldr	r3, [r1, #36]	@ 0x24
10004d5a:	6243      	str	r3, [r0, #36]	@ 0x24
10004d5c:	6a8b      	ldr	r3, [r1, #40]	@ 0x28
10004d5e:	6283      	str	r3, [r0, #40]	@ 0x28
10004d60:	6acb      	ldr	r3, [r1, #44]	@ 0x2c
10004d62:	62c3      	str	r3, [r0, #44]	@ 0x2c
10004d64:	6b0b      	ldr	r3, [r1, #48]	@ 0x30
10004d66:	6303      	str	r3, [r0, #48]	@ 0x30
10004d68:	6b4b      	ldr	r3, [r1, #52]	@ 0x34
10004d6a:	6343      	str	r3, [r0, #52]	@ 0x34
10004d6c:	6b8b      	ldr	r3, [r1, #56]	@ 0x38
10004d6e:	6383      	str	r3, [r0, #56]	@ 0x38
10004d70:	6bcb      	ldr	r3, [r1, #60]	@ 0x3c
10004d72:	63c3      	str	r3, [r0, #60]	@ 0x3c
10004d74:	3040      	adds	r0, #64	@ 0x40
10004d76:	3140      	adds	r1, #64	@ 0x40
10004d78:	3a40      	subs	r2, #64	@ 0x40
10004d7a:	d2db      	bcs.n	10004d34 <memcpy+0x10>
10004d7c:	3230      	adds	r2, #48	@ 0x30
10004d7e:	d30b      	bcc.n	10004d98 <memcpy+0x74>
10004d80:	680b      	ldr	r3, [r1, #0]
10004d82:	6003      	str	r3, [r0, #0]
10004d84:	684b      	ldr	r3, [r1, #4]
10004d86:	6043      	str	r3, [r0, #4]
10004d88:	688b      	ldr	r3, [r1, #8]
10004d8a:	6083      	str	r3, [r0, #8]
10004d8c:	68cb      	ldr	r3, [r1, #12]
10004d8e:	60c3      	str	r3, [r0, #12]
10004d90:	3010      	adds	r0, #16
10004d92:	3110      	adds	r1, #16
10004d94:	3a10      	subs	r2, #16
10004d96:	d2f3      	bcs.n	10004d80 <memcpy+0x5c>
10004d98:	320c      	adds	r2, #12
10004d9a:	d305      	bcc.n	10004da8 <memcpy+0x84>
10004d9c:	f851 3b04 	ldr.w	r3, [r1], #4
10004da0:	f840 3b04 	str.w	r3, [r0], #4
10004da4:	3a04      	subs	r2, #4
10004da6:	d2f9      	bcs.n	10004d9c <memcpy+0x78>
10004da8:	3204      	adds	r2, #4
10004daa:	d008      	beq.n	10004dbe <memcpy+0x9a>
10004dac:	07d2      	lsls	r2, r2, #31
10004dae:	bf1c      	itt	ne
10004db0:	f811 3b01 	ldrbne.w	r3, [r1], #1
10004db4:	f800 3b01 	strbne.w	r3, [r0], #1
10004db8:	d301      	bcc.n	10004dbe <memcpy+0x9a>
10004dba:	880b      	ldrh	r3, [r1, #0]
10004dbc:	8003      	strh	r3, [r0, #0]
10004dbe:	4660      	mov	r0, ip
10004dc0:	4770      	bx	lr
10004dc2:	bf00      	nop
10004dc4:	2a08      	cmp	r2, #8
10004dc6:	d313      	bcc.n	10004df0 <memcpy+0xcc>
10004dc8:	078b      	lsls	r3, r1, #30
10004dca:	d0b1      	beq.n	10004d30 <memcpy+0xc>
10004dcc:	f010 0303 	ands.w	r3, r0, #3
10004dd0:	d0ae      	beq.n	10004d30 <memcpy+0xc>
10004dd2:	f1c3 0304 	rsb	r3, r3, #4
10004dd6:	1ad2      	subs	r2, r2, r3
10004dd8:	07db      	lsls	r3, r3, #31
10004dda:	bf1c      	itt	ne
10004ddc:	f811 3b01 	ldrbne.w	r3, [r1], #1
10004de0:	f800 3b01 	strbne.w	r3, [r0], #1
10004de4:	d3a4      	bcc.n	10004d30 <memcpy+0xc>
10004de6:	f831 3b02 	ldrh.w	r3, [r1], #2
10004dea:	f820 3b02 	strh.w	r3, [r0], #2
10004dee:	e79f      	b.n	10004d30 <memcpy+0xc>
10004df0:	3a04      	subs	r2, #4
10004df2:	d3d9      	bcc.n	10004da8 <memcpy+0x84>
10004df4:	3a01      	subs	r2, #1
10004df6:	f811 3b01 	ldrb.w	r3, [r1], #1
10004dfa:	f800 3b01 	strb.w	r3, [r0], #1
10004dfe:	d2f9      	bcs.n	10004df4 <memcpy+0xd0>
10004e00:	780b      	ldrb	r3, [r1, #0]
10004e02:	7003      	strb	r3, [r0, #0]
10004e04:	784b      	ldrb	r3, [r1, #1]
10004e06:	7043      	strb	r3, [r0, #1]
10004e08:	788b      	ldrb	r3, [r1, #2]
10004e0a:	7083      	strb	r3, [r0, #2]
10004e0c:	4660      	mov	r0, ip
10004e0e:	4770      	bx	lr

10004e10 <strlen>:
10004e10:	f020 0103 	bic.w	r1, r0, #3
10004e14:	f010 0003 	ands.w	r0, r0, #3
10004e18:	f1c0 0000 	rsb	r0, r0, #0
10004e1c:	f851 3b04 	ldr.w	r3, [r1], #4
10004e20:	f100 0c04 	add.w	ip, r0, #4
10004e24:	ea4f 0ccc 	mov.w	ip, ip, lsl #3
10004e28:	f06f 0200 	mvn.w	r2, #0
10004e2c:	bf1c      	itt	ne
10004e2e:	fa22 f20c 	lsrne.w	r2, r2, ip
10004e32:	4313      	orrne	r3, r2
10004e34:	f04f 0c01 	mov.w	ip, #1
10004e38:	ea4c 2c0c 	orr.w	ip, ip, ip, lsl #8
10004e3c:	ea4c 4c0c 	orr.w	ip, ip, ip, lsl #16
10004e40:	eba3 020c 	sub.w	r2, r3, ip
10004e44:	ea22 0203 	bic.w	r2, r2, r3
10004e48:	ea12 12cc 	ands.w	r2, r2, ip, lsl #7
10004e4c:	bf04      	itt	eq
10004e4e:	f851 3b04 	ldreq.w	r3, [r1], #4
10004e52:	3004      	addeq	r0, #4
10004e54:	d0f4      	beq.n	10004e40 <strlen+0x30>
10004e56:	f1c2 0100 	rsb	r1, r2, #0
10004e5a:	ea02 0201 	and.w	r2, r2, r1
10004e5e:	fab2 f282 	clz	r2, r2
10004e62:	f1c2 021f 	rsb	r2, r2, #31
10004e66:	eb00 00d2 	add.w	r0, r0, r2, lsr #3
10004e6a:	4770      	bx	lr

10004e6c <_fini>:
10004e6c:	b5f8      	push	{r3, r4, r5, r6, r7, lr}
10004e6e:	bf00      	nop

10004e70 <__e15_is_critical_frame_period_veneer>:
10004e70:	f85f f000 	ldr.w	pc, [pc]	@ 10004e74 <__e15_is_critical_frame_period_veneer+0x4>
10004e74:	20000a7d 	.word	0x20000a7d

10004e78 <__mutex_enter_timeout_ms_veneer>:
10004e78:	f85f f000 	ldr.w	pc, [pc]	@ 10004e7c <__mutex_enter_timeout_ms_veneer+0x4>
10004e7c:	20000235 	.word	0x20000235

10004e80 <__e15_is_bulkin_ep_veneer>:
10004e80:	f85f f000 	ldr.w	pc, [pc]	@ 10004e84 <__e15_is_bulkin_ep_veneer+0x4>
10004e84:	20000a55 	.word	0x20000a55

10004e88 <__hw_endpoint_start_next_buffer_veneer>:
10004e88:	f85f f000 	ldr.w	pc, [pc]	@ 10004e8c <__hw_endpoint_start_next_buffer_veneer+0x4>
10004e8c:	20000af9 	.word	0x20000af9

10004e90 <__mutex_exit_veneer>:
10004e90:	f85f f000 	ldr.w	pc, [pc]	@ 10004e94 <__mutex_exit_veneer+0x4>
10004e94:	2000026d 	.word	0x2000026d

10004e98 <__reset_non_control_endpoints_veneer>:
10004e98:	f85f f000 	ldr.w	pc, [pc]	@ 10004e9c <__reset_non_control_endpoints_veneer+0x4>
10004e9c:	200002a9 	.word	0x200002a9

10004ea0 <___hw_endpoint_buffer_control_update32_veneer>:
10004ea0:	f85f f000 	ldr.w	pc, [pc]	@ 10004ea4 <___hw_endpoint_buffer_control_update32_veneer+0x4>
10004ea4:	20000ab1 	.word	0x20000ab1

10004ea8 <__mutex_try_enter_block_until_veneer>:
10004ea8:	f85f f000 	ldr.w	pc, [pc]	@ 10004eac <__mutex_try_enter_block_until_veneer+0x4>
10004eac:	200001cd 	.word	0x200001cd

10004eb0 <__mutex_try_enter_veneer>:
10004eb0:	f85f f000 	ldr.w	pc, [pc]	@ 10004eb4 <__mutex_try_enter_veneer+0x4>
10004eb4:	20000111 	.word	0x20000111

10004eb8 <__pre_init_runtime_init_bootrom_reset>:
10004eb8:	10001dad                                ....

10004ebc <__pre_init_runtime_init_early_resets>:
10004ebc:	10001d25                                %...

10004ec0 <__pre_init_runtime_init_usb_power_down>:
10004ec0:	10001d55                                U...

10004ec4 <__pre_init_runtime_init_clocks>:
10004ec4:	10001e41                                A...

10004ec8 <__pre_init_runtime_init_post_clock_resets>:
10004ec8:	10001d8d                                ....

10004ecc <__pre_init_runtime_init_boot_locks_reset>:
10004ecc:	10001cad                                ....

10004ed0 <__pre_init_runtime_init_spin_locks_reset>:
10004ed0:	10001dd5                                ....

10004ed4 <__pre_init_runtime_init_bootrom_locking_enable>:
10004ed4:	10001c99                                ....

10004ed8 <__pre_init_runtime_init_mutex>:
10004ed8:	100010ad                                ....

10004edc <__pre_init_runtime_init_install_ram_vector_table>:
10004edc:	10001dd9                                ....

10004ee0 <__pre_init_runtime_init_default_alarm_pool>:
10004ee0:	1000146d                                m...

10004ee4 <__pre_init_first_per_core_initializer>:
10004ee4:	10001cf5                                ....

10004ee8 <__pre_init_runtime_init_per_core_bootrom_reset>:
10004ee8:	10001dc1                                ....

10004eec <__pre_init_runtime_init_per_core_enable_coprocessors>:
10004eec:	10001d71                                q...

10004ef0 <__pre_init_spinlock_set_extexclall>:
10004ef0:	10000a51                                Q...

10004ef4 <__pre_init_runtime_init_per_core_irq_priorities>:
10004ef4:	10000a79                                y...

10004ef8 <__init_array_start>:
10004ef8:	100027cd 	.word	0x100027cd

10004efc <__frame_dummy_init_array_entry>:
10004efc:	10000211                                ....

Disassembly of section .data:

20000110 <mutex_try_enter>:
20000110:	4603      	mov	r3, r0
20000112:	b500      	push	{lr}
20000114:	6802      	ldr	r2, [r0, #0]
20000116:	f3ef 8c10 	mrs	ip, PRIMASK
2000011a:	b672      	cpsid	i
2000011c:	e8d2 efcf 	ldaexb	lr, [r2]
20000120:	2001      	movs	r0, #1
20000122:	f1be 0f00 	cmp.w	lr, #0
20000126:	d1f9      	bne.n	2000011c <mutex_try_enter+0xc>
20000128:	e8c2 0f4e 	strexb	lr, r0, [r2]
2000012c:	f1be 0f00 	cmp.w	lr, #0
20000130:	d1f4      	bne.n	2000011c <mutex_try_enter+0xc>
20000132:	f3bf 8f5f 	dmb	sy
20000136:	f993 2004 	ldrsb.w	r2, [r3, #4]
2000013a:	2a00      	cmp	r2, #0
2000013c:	db09      	blt.n	20000152 <mutex_try_enter+0x42>
2000013e:	b101      	cbz	r1, 20000142 <mutex_try_enter+0x32>
20000140:	600a      	str	r2, [r1, #0]
20000142:	2000      	movs	r0, #0
20000144:	2200      	movs	r2, #0
20000146:	681b      	ldr	r3, [r3, #0]
20000148:	e8c3 2f8f 	stlb	r2, [r3]
2000014c:	f38c 8810 	msr	PRIMASK, ip
20000150:	bd00      	pop	{pc}
20000152:	f04f 4250 	mov.w	r2, #3489660928	@ 0xd0000000
20000156:	6812      	ldr	r2, [r2, #0]
20000158:	2001      	movs	r0, #1
2000015a:	711a      	strb	r2, [r3, #4]
2000015c:	e7f2      	b.n	20000144 <mutex_try_enter+0x34>
2000015e:	bf00      	nop

20000160 <mutex_enter_block_until>:
20000160:	f04f 4150 	mov.w	r1, #3489660928	@ 0xd0000000
20000164:	e92d 41f0 	stmdb	sp!, {r4, r5, r6, r7, r8, lr}
20000168:	461f      	mov	r7, r3
2000016a:	680b      	ldr	r3, [r1, #0]
2000016c:	4604      	mov	r4, r0
2000016e:	4616      	mov	r6, r2
20000170:	2500      	movs	r5, #0
20000172:	4698      	mov	r8, r3
20000174:	e008      	b.n	20000188 <mutex_enter_block_until+0x28>
20000176:	e8c3 5f8f 	stlb	r5, [r3]
2000017a:	f382 8810 	msr	PRIMASK, r2
2000017e:	4630      	mov	r0, r6
20000180:	4639      	mov	r1, r7
20000182:	f000 fe29 	bl	20000dd8 <__best_effort_wfe_or_timeout_veneer>
20000186:	b9e8      	cbnz	r0, 200001c4 <mutex_enter_block_until+0x64>
20000188:	6823      	ldr	r3, [r4, #0]
2000018a:	f3ef 8210 	mrs	r2, PRIMASK
2000018e:	b672      	cpsid	i
20000190:	e8d3 0fcf 	ldaexb	r0, [r3]
20000194:	2101      	movs	r1, #1
20000196:	2800      	cmp	r0, #0
20000198:	d1fa      	bne.n	20000190 <mutex_enter_block_until+0x30>
2000019a:	e8c3 1f40 	strexb	r0, r1, [r3]
2000019e:	2800      	cmp	r0, #0
200001a0:	d1f6      	bne.n	20000190 <mutex_enter_block_until+0x30>
200001a2:	f3bf 8f5f 	dmb	sy
200001a6:	f994 1004 	ldrsb.w	r1, [r4, #4]
200001aa:	6823      	ldr	r3, [r4, #0]
200001ac:	2900      	cmp	r1, #0
200001ae:	dae2      	bge.n	20000176 <mutex_enter_block_until+0x16>
200001b0:	2100      	movs	r1, #0
200001b2:	f884 8004 	strb.w	r8, [r4, #4]
200001b6:	e8c3 1f8f 	stlb	r1, [r3]
200001ba:	f382 8810 	msr	PRIMASK, r2
200001be:	2001      	movs	r0, #1
200001c0:	e8bd 81f0 	ldmia.w	sp!, {r4, r5, r6, r7, r8, pc}
200001c4:	2000      	movs	r0, #0
200001c6:	e8bd 81f0 	ldmia.w	sp!, {r4, r5, r6, r7, r8, pc}
200001ca:	bf00      	nop

200001cc <mutex_try_enter_block_until>:
200001cc:	b510      	push	{r4, lr}
200001ce:	6801      	ldr	r1, [r0, #0]
200001d0:	f3ef 8e10 	mrs	lr, PRIMASK
200001d4:	b672      	cpsid	i
200001d6:	e8d1 cfcf 	ldaexb	ip, [r1]
200001da:	2401      	movs	r4, #1
200001dc:	f1bc 0f00 	cmp.w	ip, #0
200001e0:	d1f9      	bne.n	200001d6 <mutex_try_enter_block_until+0xa>
200001e2:	e8c1 4f4c 	strexb	ip, r4, [r1]
200001e6:	f1bc 0f00 	cmp.w	ip, #0
200001ea:	d1f4      	bne.n	200001d6 <mutex_try_enter_block_until+0xa>
200001ec:	f3bf 8f5f 	dmb	sy
200001f0:	f990 c004 	ldrsb.w	ip, [r0, #4]
200001f4:	6804      	ldr	r4, [r0, #0]
200001f6:	f1bc 0f00 	cmp.w	ip, #0
200001fa:	db10      	blt.n	2000021e <mutex_try_enter_block_until+0x52>
200001fc:	2100      	movs	r1, #0
200001fe:	e8c4 1f8f 	stlb	r1, [r4]
20000202:	f38e 8810 	msr	PRIMASK, lr
20000206:	f04f 4450 	mov.w	r4, #3489660928	@ 0xd0000000
2000020a:	f994 4000 	ldrsb.w	r4, [r4]
2000020e:	4564      	cmp	r4, ip
20000210:	d101      	bne.n	20000216 <mutex_try_enter_block_until+0x4a>
20000212:	4608      	mov	r0, r1
20000214:	bd10      	pop	{r4, pc}
20000216:	e8bd 4010 	ldmia.w	sp!, {r4, lr}
2000021a:	f7ff bfa1 	b.w	20000160 <mutex_enter_block_until>
2000021e:	f04f 4250 	mov.w	r2, #3489660928	@ 0xd0000000
20000222:	6812      	ldr	r2, [r2, #0]
20000224:	2300      	movs	r3, #0
20000226:	7102      	strb	r2, [r0, #4]
20000228:	e8c4 3f8f 	stlb	r3, [r4]
2000022c:	f38e 8810 	msr	PRIMASK, lr
20000230:	2001      	movs	r0, #1
20000232:	bd10      	pop	{r4, pc}

20000234 <mutex_enter_timeout_ms>:
20000234:	b570      	push	{r4, r5, r6, lr}
20000236:	4605      	mov	r5, r0
20000238:	460c      	mov	r4, r1
2000023a:	f000 fdb9 	bl	20000db0 <__time_us_64_veneer>
2000023e:	4602      	mov	r2, r0
20000240:	460b      	mov	r3, r1
20000242:	f44f 707a 	mov.w	r0, #1000	@ 0x3e8
20000246:	f04f 3eff 	mov.w	lr, #4294967295	@ 0xffffffff
2000024a:	f06f 4c00 	mvn.w	ip, #2147483648	@ 0x80000000
2000024e:	fbe4 2300 	umlal	r2, r3, r4, r0
20000252:	4596      	cmp	lr, r2
20000254:	eb7c 0103 	sbcs.w	r1, ip, r3
20000258:	bf38      	it	cc
2000025a:	4672      	movcc	r2, lr
2000025c:	4628      	mov	r0, r5
2000025e:	e8bd 4070 	ldmia.w	sp!, {r4, r5, r6, lr}
20000262:	bf38      	it	cc
20000264:	4663      	movcc	r3, ip
20000266:	f7ff bf7b 	b.w	20000160 <mutex_enter_block_until>
2000026a:	bf00      	nop

2000026c <mutex_exit>:
2000026c:	6803      	ldr	r3, [r0, #0]
2000026e:	f3ef 8210 	mrs	r2, PRIMASK
20000272:	b672      	cpsid	i
20000274:	e8d3 cfcf 	ldaexb	ip, [r3]
20000278:	2101      	movs	r1, #1
2000027a:	f1bc 0f00 	cmp.w	ip, #0
2000027e:	d1f9      	bne.n	20000274 <mutex_exit+0x8>
20000280:	e8c3 1f4c 	strexb	ip, r1, [r3]
20000284:	f1bc 0f00 	cmp.w	ip, #0
20000288:	d1f4      	bne.n	20000274 <mutex_exit+0x8>
2000028a:	f3bf 8f5f 	dmb	sy
2000028e:	f04f 0cff 	mov.w	ip, #255	@ 0xff
20000292:	2300      	movs	r3, #0
20000294:	6801      	ldr	r1, [r0, #0]
20000296:	f880 c004 	strb.w	ip, [r0, #4]
2000029a:	e8c1 3f8f 	stlb	r3, [r1]
2000029e:	f382 8810 	msr	PRIMASK, r2
200002a2:	bf40      	sev
200002a4:	4770      	bx	lr
200002a6:	bf00      	nop

200002a8 <reset_non_control_endpoints>:
200002a8:	2100      	movs	r1, #0
200002aa:	b508      	push	{r3, lr}
200002ac:	4b13      	ldr	r3, [pc, #76]	@ (200002fc <reset_non_control_endpoints+0x54>)
200002ae:	f44f 7270 	mov.w	r2, #960	@ 0x3c0
200002b2:	6099      	str	r1, [r3, #8]
200002b4:	4812      	ldr	r0, [pc, #72]	@ (20000300 <reset_non_control_endpoints+0x58>)
200002b6:	60d9      	str	r1, [r3, #12]
200002b8:	6119      	str	r1, [r3, #16]
200002ba:	6159      	str	r1, [r3, #20]
200002bc:	6199      	str	r1, [r3, #24]
200002be:	61d9      	str	r1, [r3, #28]
200002c0:	6219      	str	r1, [r3, #32]
200002c2:	6259      	str	r1, [r3, #36]	@ 0x24
200002c4:	6299      	str	r1, [r3, #40]	@ 0x28
200002c6:	62d9      	str	r1, [r3, #44]	@ 0x2c
200002c8:	6319      	str	r1, [r3, #48]	@ 0x30
200002ca:	6359      	str	r1, [r3, #52]	@ 0x34
200002cc:	6399      	str	r1, [r3, #56]	@ 0x38
200002ce:	63d9      	str	r1, [r3, #60]	@ 0x3c
200002d0:	6419      	str	r1, [r3, #64]	@ 0x40
200002d2:	6459      	str	r1, [r3, #68]	@ 0x44
200002d4:	6499      	str	r1, [r3, #72]	@ 0x48
200002d6:	64d9      	str	r1, [r3, #76]	@ 0x4c
200002d8:	6519      	str	r1, [r3, #80]	@ 0x50
200002da:	6559      	str	r1, [r3, #84]	@ 0x54
200002dc:	6599      	str	r1, [r3, #88]	@ 0x58
200002de:	65d9      	str	r1, [r3, #92]	@ 0x5c
200002e0:	6619      	str	r1, [r3, #96]	@ 0x60
200002e2:	6659      	str	r1, [r3, #100]	@ 0x64
200002e4:	6699      	str	r1, [r3, #104]	@ 0x68
200002e6:	66d9      	str	r1, [r3, #108]	@ 0x6c
200002e8:	6719      	str	r1, [r3, #112]	@ 0x70
200002ea:	6759      	str	r1, [r3, #116]	@ 0x74
200002ec:	6799      	str	r1, [r3, #120]	@ 0x78
200002ee:	67d9      	str	r1, [r3, #124]	@ 0x7c
200002f0:	f000 fd6e 	bl	20000dd0 <__memset_veneer>
200002f4:	4b03      	ldr	r3, [pc, #12]	@ (20000304 <reset_non_control_endpoints+0x5c>)
200002f6:	4a04      	ldr	r2, [pc, #16]	@ (20000308 <reset_non_control_endpoints+0x60>)
200002f8:	601a      	str	r2, [r3, #0]
200002fa:	bd08      	pop	{r3, pc}
200002fc:	50100000 	.word	0x50100000
20000300:	2000eaa8 	.word	0x2000eaa8
20000304:	2000ee74 	.word	0x2000ee74
20000308:	50100180 	.word	0x50100180

2000030c <hw_handle_buff_status>:
2000030c:	e92d 47f0 	stmdb	sp!, {r4, r5, r6, r7, r8, r9, sl, lr}
20000310:	4b1e      	ldr	r3, [pc, #120]	@ (2000038c <hw_handle_buff_status+0x80>)
20000312:	b084      	sub	sp, #16
20000314:	f8d3 a058 	ldr.w	sl, [r3, #88]	@ 0x58
20000318:	f1ba 0f00 	cmp.w	sl, #0
2000031c:	d021      	beq.n	20000362 <hw_handle_buff_status+0x56>
2000031e:	2400      	movs	r4, #0
20000320:	2501      	movs	r5, #1
20000322:	f44f 69e0 	mov.w	r9, #1792	@ 0x700
20000326:	f8df 806c 	ldr.w	r8, [pc, #108]	@ 20000394 <hw_handle_buff_status+0x88>
2000032a:	4f19      	ldr	r7, [pc, #100]	@ (20000390 <hw_handle_buff_status+0x84>)
2000032c:	e005      	b.n	2000033a <hw_handle_buff_status+0x2e>
2000032e:	3401      	adds	r4, #1
20000330:	b2e4      	uxtb	r4, r4
20000332:	2c20      	cmp	r4, #32
20000334:	ea4f 0545 	mov.w	r5, r5, lsl #1
20000338:	d013      	beq.n	20000362 <hw_handle_buff_status+0x56>
2000033a:	ea1a 0f05 	tst.w	sl, r5
2000033e:	d0f6      	beq.n	2000032e <hw_handle_buff_status+0x22>
20000340:	43e3      	mvns	r3, r4
20000342:	f004 06fe 	and.w	r6, r4, #254	@ 0xfe
20000346:	f003 0301 	and.w	r3, r3, #1
2000034a:	441e      	add	r6, r3
2000034c:	eb07 1646 	add.w	r6, r7, r6, lsl #5
20000350:	4630      	mov	r0, r6
20000352:	f8c8 5058 	str.w	r5, [r8, #88]	@ 0x58
20000356:	f000 fc01 	bl	20000b5c <hw_endpoint_xfer_continue>
2000035a:	b928      	cbnz	r0, 20000368 <hw_handle_buff_status+0x5c>
2000035c:	ea3a 0a05 	bics.w	sl, sl, r5
20000360:	d1e5      	bne.n	2000032e <hw_handle_buff_status+0x22>
20000362:	b004      	add	sp, #16
20000364:	e8bd 87f0 	ldmia.w	sp!, {r4, r5, r6, r7, r8, r9, sl, pc}
20000368:	78b3      	ldrb	r3, [r6, #2]
2000036a:	8af2      	ldrh	r2, [r6, #22]
2000036c:	f88d 3008 	strb.w	r3, [sp, #8]
20000370:	2300      	movs	r3, #0
20000372:	a801      	add	r0, sp, #4
20000374:	2101      	movs	r1, #1
20000376:	f8ad 9004 	strh.w	r9, [sp, #4]
2000037a:	9203      	str	r2, [sp, #12]
2000037c:	f88d 3009 	strb.w	r3, [sp, #9]
20000380:	f000 fc0a 	bl	20000b98 <dcd_event_handler>
20000384:	4630      	mov	r0, r6
20000386:	f000 fb8d 	bl	20000aa4 <hw_endpoint_reset_transfer>
2000038a:	e7e7      	b.n	2000035c <hw_handle_buff_status+0x50>
2000038c:	50110000 	.word	0x50110000
20000390:	2000ea68 	.word	0x2000ea68
20000394:	50113000 	.word	0x50113000

20000398 <dcd_rp2040_irq>:
20000398:	b570      	push	{r4, r5, r6, lr}
2000039a:	4bb2      	ldr	r3, [pc, #712]	@ (20000664 <dcd_rp2040_irq+0x2cc>)
2000039c:	b086      	sub	sp, #24
2000039e:	f8d3 4098 	ldr.w	r4, [r3, #152]	@ 0x98
200003a2:	f414 3500 	ands.w	r5, r4, #131072	@ 0x20000
200003a6:	d074      	beq.n	20000492 <dcd_rp2040_irq+0xfa>
200003a8:	4aaf      	ldr	r2, [pc, #700]	@ (20000668 <dcd_rp2040_irq+0x2d0>)
200003aa:	4bb0      	ldr	r3, [pc, #704]	@ (2000066c <dcd_rp2040_irq+0x2d4>)
200003ac:	6a90      	ldr	r0, [r2, #40]	@ 0x28
200003ae:	f893 203b 	ldrb.w	r2, [r3, #59]	@ 0x3b
200003b2:	49af      	ldr	r1, [pc, #700]	@ (20000670 <dcd_rp2040_irq+0x2d8>)
200003b4:	2a02      	cmp	r2, #2
200003b6:	6008      	str	r0, [r1, #0]
200003b8:	f000 80e6 	beq.w	20000588 <dcd_rp2040_irq+0x1f0>
200003bc:	2500      	movs	r5, #0
200003be:	f893 207b 	ldrb.w	r2, [r3, #123]	@ 0x7b
200003c2:	2a02      	cmp	r2, #2
200003c4:	f000 81b2 	beq.w	2000072c <dcd_rp2040_irq+0x394>
200003c8:	f893 20bb 	ldrb.w	r2, [r3, #187]	@ 0xbb
200003cc:	2a02      	cmp	r2, #2
200003ce:	f000 81a2 	beq.w	20000716 <dcd_rp2040_irq+0x37e>
200003d2:	f893 20fb 	ldrb.w	r2, [r3, #251]	@ 0xfb
200003d6:	2a02      	cmp	r2, #2
200003d8:	f000 8192 	beq.w	20000700 <dcd_rp2040_irq+0x368>
200003dc:	f893 213b 	ldrb.w	r2, [r3, #315]	@ 0x13b
200003e0:	2a02      	cmp	r2, #2
200003e2:	f000 8181 	beq.w	200006e8 <dcd_rp2040_irq+0x350>
200003e6:	f893 217b 	ldrb.w	r2, [r3, #379]	@ 0x17b
200003ea:	2a02      	cmp	r2, #2
200003ec:	f000 8171 	beq.w	200006d2 <dcd_rp2040_irq+0x33a>
200003f0:	f893 21bb 	ldrb.w	r2, [r3, #443]	@ 0x1bb
200003f4:	2a02      	cmp	r2, #2
200003f6:	f000 8161 	beq.w	200006bc <dcd_rp2040_irq+0x324>
200003fa:	f893 21fb 	ldrb.w	r2, [r3, #507]	@ 0x1fb
200003fe:	2a02      	cmp	r2, #2
20000400:	f000 8150 	beq.w	200006a4 <dcd_rp2040_irq+0x30c>
20000404:	f893 223b 	ldrb.w	r2, [r3, #571]	@ 0x23b
20000408:	2a02      	cmp	r2, #2
2000040a:	f000 813f 	beq.w	2000068c <dcd_rp2040_irq+0x2f4>
2000040e:	f893 227b 	ldrb.w	r2, [r3, #635]	@ 0x27b
20000412:	2a02      	cmp	r2, #2
20000414:	f000 811a 	beq.w	2000064c <dcd_rp2040_irq+0x2b4>
20000418:	f893 22bb 	ldrb.w	r2, [r3, #699]	@ 0x2bb
2000041c:	2a02      	cmp	r2, #2
2000041e:	f000 8109 	beq.w	20000634 <dcd_rp2040_irq+0x29c>
20000422:	f893 22fb 	ldrb.w	r2, [r3, #763]	@ 0x2fb
20000426:	2a02      	cmp	r2, #2
20000428:	f000 80f8 	beq.w	2000061c <dcd_rp2040_irq+0x284>
2000042c:	f893 233b 	ldrb.w	r2, [r3, #827]	@ 0x33b
20000430:	2a02      	cmp	r2, #2
20000432:	f000 80e7 	beq.w	20000604 <dcd_rp2040_irq+0x26c>
20000436:	f893 237b 	ldrb.w	r2, [r3, #891]	@ 0x37b
2000043a:	2a02      	cmp	r2, #2
2000043c:	f000 80b7 	beq.w	200005ae <dcd_rp2040_irq+0x216>
20000440:	f893 23bb 	ldrb.w	r2, [r3, #955]	@ 0x3bb
20000444:	2a02      	cmp	r2, #2
20000446:	f000 817c 	beq.w	20000742 <dcd_rp2040_irq+0x3aa>
2000044a:	f893 23fb 	ldrb.w	r2, [r3, #1019]	@ 0x3fb
2000044e:	2a02      	cmp	r2, #2
20000450:	f000 80c7 	beq.w	200005e2 <dcd_rp2040_irq+0x24a>
20000454:	b93d      	cbnz	r5, 20000466 <dcd_rp2040_irq+0xce>
20000456:	4b87      	ldr	r3, [pc, #540]	@ (20000674 <dcd_rp2040_irq+0x2dc>)
20000458:	781b      	ldrb	r3, [r3, #0]
2000045a:	b923      	cbnz	r3, 20000466 <dcd_rp2040_irq+0xce>
2000045c:	f44f 3200 	mov.w	r2, #131072	@ 0x20000
20000460:	4b85      	ldr	r3, [pc, #532]	@ (20000678 <dcd_rp2040_irq+0x2e0>)
20000462:	f8c3 2090 	str.w	r2, [r3, #144]	@ 0x90
20000466:	f44f 7240 	mov.w	r2, #768	@ 0x300
2000046a:	4b7e      	ldr	r3, [pc, #504]	@ (20000664 <dcd_rp2040_irq+0x2cc>)
2000046c:	2101      	movs	r1, #1
2000046e:	6c9b      	ldr	r3, [r3, #72]	@ 0x48
20000470:	a803      	add	r0, sp, #12
20000472:	f3c3 030a 	ubfx	r3, r3, #0, #11
20000476:	9304      	str	r3, [sp, #16]
20000478:	f8ad 200c 	strh.w	r2, [sp, #12]
2000047c:	f000 fb8c 	bl	20000b98 <dcd_event_handler>
20000480:	06e3      	lsls	r3, r4, #27
20000482:	f44f 3500 	mov.w	r5, #131072	@ 0x20000
20000486:	4e7d      	ldr	r6, [pc, #500]	@ (2000067c <dcd_rp2040_irq+0x2e4>)
20000488:	d507      	bpl.n	2000049a <dcd_rp2040_irq+0x102>
2000048a:	f7ff ff3f 	bl	2000030c <hw_handle_buff_status>
2000048e:	4635      	mov	r5, r6
20000490:	e003      	b.n	2000049a <dcd_rp2040_irq+0x102>
20000492:	06e3      	lsls	r3, r4, #27
20000494:	f04f 0610 	mov.w	r6, #16
20000498:	d4f7      	bmi.n	2000048a <dcd_rp2040_irq+0xf2>
2000049a:	03e0      	lsls	r0, r4, #15
2000049c:	d51d      	bpl.n	200004da <dcd_rp2040_irq+0x142>
2000049e:	4873      	ldr	r0, [pc, #460]	@ (2000066c <dcd_rp2040_irq+0x2d4>)
200004a0:	2602      	movs	r6, #2
200004a2:	7e83      	ldrb	r3, [r0, #26]
200004a4:	f445 3580 	orr.w	r5, r5, #65536	@ 0x10000
200004a8:	bb33      	cbnz	r3, 200004f8 <dcd_rp2040_irq+0x160>
200004aa:	f04f 0301 	mov.w	r3, #1
200004ae:	2e01      	cmp	r6, #1
200004b0:	70c3      	strb	r3, [r0, #3]
200004b2:	f100 0020 	add.w	r0, r0, #32
200004b6:	d11b      	bne.n	200004f0 <dcd_rp2040_irq+0x158>
200004b8:	f44f 62c0 	mov.w	r2, #1536	@ 0x600
200004bc:	4b70      	ldr	r3, [pc, #448]	@ (20000680 <dcd_rp2040_irq+0x2e8>)
200004be:	f8ad 200c 	strh.w	r2, [sp, #12]
200004c2:	e893 0003 	ldmia.w	r3, {r0, r1}
200004c6:	e9cd 0104 	strd	r0, r1, [sp, #16]
200004ca:	4631      	mov	r1, r6
200004cc:	a803      	add	r0, sp, #12
200004ce:	f000 fb63 	bl	20000b98 <dcd_event_handler>
200004d2:	f44f 3200 	mov.w	r2, #131072	@ 0x20000
200004d6:	4b68      	ldr	r3, [pc, #416]	@ (20000678 <dcd_rp2040_irq+0x2e0>)
200004d8:	651a      	str	r2, [r3, #80]	@ 0x50
200004da:	04e1      	lsls	r1, r4, #19
200004dc:	d43e      	bmi.n	2000055c <dcd_rp2040_irq+0x1c4>
200004de:	0462      	lsls	r2, r4, #17
200004e0:	d42e      	bmi.n	20000540 <dcd_rp2040_irq+0x1a8>
200004e2:	0423      	lsls	r3, r4, #16
200004e4:	d41d      	bmi.n	20000522 <dcd_rp2040_irq+0x18a>
200004e6:	42a5      	cmp	r5, r4
200004e8:	f040 81bb 	bne.w	20000862 <dcd_rp2040_irq+0x4ca>
200004ec:	b006      	add	sp, #24
200004ee:	bd70      	pop	{r4, r5, r6, pc}
200004f0:	7e83      	ldrb	r3, [r0, #26]
200004f2:	2601      	movs	r6, #1
200004f4:	2b00      	cmp	r3, #0
200004f6:	d0d8      	beq.n	200004aa <dcd_rp2040_irq+0x112>
200004f8:	4b62      	ldr	r3, [pc, #392]	@ (20000684 <dcd_rp2040_irq+0x2ec>)
200004fa:	4a5a      	ldr	r2, [pc, #360]	@ (20000664 <dcd_rp2040_irq+0x2cc>)
200004fc:	661e      	str	r6, [r3, #96]	@ 0x60
200004fe:	6e53      	ldr	r3, [r2, #100]	@ 0x64
20000500:	ea36 0303 	bics.w	r3, r6, r3
20000504:	d1fb      	bne.n	200004fe <dcd_rp2040_irq+0x166>
20000506:	f44f 5240 	mov.w	r2, #12288	@ 0x3000
2000050a:	2100      	movs	r1, #0
2000050c:	9001      	str	r0, [sp, #4]
2000050e:	f000 facf 	bl	20000ab0 <_hw_endpoint_buffer_control_update32>
20000512:	9801      	ldr	r0, [sp, #4]
20000514:	f000 fac6 	bl	20000aa4 <hw_endpoint_reset_transfer>
20000518:	4b57      	ldr	r3, [pc, #348]	@ (20000678 <dcd_rp2040_irq+0x2e0>)
2000051a:	9801      	ldr	r0, [sp, #4]
2000051c:	665e      	str	r6, [r3, #100]	@ 0x64
2000051e:	661e      	str	r6, [r3, #96]	@ 0x60
20000520:	e7c3      	b.n	200004aa <dcd_rp2040_irq+0x112>
20000522:	f44f 63a0 	mov.w	r3, #1280	@ 0x500
20000526:	2101      	movs	r1, #1
20000528:	a803      	add	r0, sp, #12
2000052a:	f8ad 300c 	strh.w	r3, [sp, #12]
2000052e:	f000 fb33 	bl	20000b98 <dcd_event_handler>
20000532:	f44f 6200 	mov.w	r2, #2048	@ 0x800
20000536:	4b50      	ldr	r3, [pc, #320]	@ (20000678 <dcd_rp2040_irq+0x2e0>)
20000538:	f445 4500 	orr.w	r5, r5, #32768	@ 0x8000
2000053c:	651a      	str	r2, [r3, #80]	@ 0x50
2000053e:	e7d2      	b.n	200004e6 <dcd_rp2040_irq+0x14e>
20000540:	f44f 6380 	mov.w	r3, #1024	@ 0x400
20000544:	2101      	movs	r1, #1
20000546:	a803      	add	r0, sp, #12
20000548:	f8ad 300c 	strh.w	r3, [sp, #12]
2000054c:	f000 fb24 	bl	20000b98 <dcd_event_handler>
20000550:	2210      	movs	r2, #16
20000552:	4b49      	ldr	r3, [pc, #292]	@ (20000678 <dcd_rp2040_irq+0x2e0>)
20000554:	f445 4580 	orr.w	r5, r5, #16384	@ 0x4000
20000558:	651a      	str	r2, [r3, #80]	@ 0x50
2000055a:	e7c2      	b.n	200004e2 <dcd_rp2040_irq+0x14a>
2000055c:	2600      	movs	r6, #0
2000055e:	4b41      	ldr	r3, [pc, #260]	@ (20000664 <dcd_rp2040_irq+0x2cc>)
20000560:	f445 5580 	orr.w	r5, r5, #4096	@ 0x1000
20000564:	601e      	str	r6, [r3, #0]
20000566:	f7ff fe9f 	bl	200002a8 <reset_non_control_endpoints>
2000056a:	f44f 7380 	mov.w	r3, #256	@ 0x100
2000056e:	2101      	movs	r1, #1
20000570:	a803      	add	r0, sp, #12
20000572:	f8ad 300c 	strh.w	r3, [sp, #12]
20000576:	f88d 6010 	strb.w	r6, [sp, #16]
2000057a:	f000 fb0d 	bl	20000b98 <dcd_event_handler>
2000057e:	f44f 2200 	mov.w	r2, #524288	@ 0x80000
20000582:	4b3d      	ldr	r3, [pc, #244]	@ (20000678 <dcd_rp2040_irq+0x2e0>)
20000584:	651a      	str	r2, [r3, #80]	@ 0x50
20000586:	e7aa      	b.n	200004de <dcd_rp2040_irq+0x146>
20000588:	f893 503a 	ldrb.w	r5, [r3, #58]	@ 0x3a
2000058c:	2d00      	cmp	r5, #0
2000058e:	f43f af16 	beq.w	200003be <dcd_rp2040_irq+0x26>
20000592:	f893 203c 	ldrb.w	r2, [r3, #60]	@ 0x3c
20000596:	2a00      	cmp	r2, #0
20000598:	f43f af11 	beq.w	200003be <dcd_rp2040_irq+0x26>
2000059c:	2200      	movs	r2, #0
2000059e:	f103 0020 	add.w	r0, r3, #32
200005a2:	f883 203c 	strb.w	r2, [r3, #60]	@ 0x3c
200005a6:	f000 faa7 	bl	20000af8 <hw_endpoint_start_next_buffer>
200005aa:	4b30      	ldr	r3, [pc, #192]	@ (2000066c <dcd_rp2040_irq+0x2d4>)
200005ac:	e707      	b.n	200003be <dcd_rp2040_irq+0x26>
200005ae:	f893 637a 	ldrb.w	r6, [r3, #890]	@ 0x37a
200005b2:	2e00      	cmp	r6, #0
200005b4:	f43f af44 	beq.w	20000440 <dcd_rp2040_irq+0xa8>
200005b8:	f893 237c 	ldrb.w	r2, [r3, #892]	@ 0x37c
200005bc:	2a00      	cmp	r2, #0
200005be:	f040 8140 	bne.w	20000842 <dcd_rp2040_irq+0x4aa>
200005c2:	f893 23bb 	ldrb.w	r2, [r3, #955]	@ 0x3bb
200005c6:	2a02      	cmp	r2, #2
200005c8:	f040 80c4 	bne.w	20000754 <dcd_rp2040_irq+0x3bc>
200005cc:	f893 23ba 	ldrb.w	r2, [r3, #954]	@ 0x3ba
200005d0:	2a00      	cmp	r2, #0
200005d2:	f040 80bb 	bne.w	2000074c <dcd_rp2040_irq+0x3b4>
200005d6:	f893 23fb 	ldrb.w	r2, [r3, #1019]	@ 0x3fb
200005da:	2a02      	cmp	r2, #2
200005dc:	f47f af43 	bne.w	20000466 <dcd_rp2040_irq+0xce>
200005e0:	4635      	mov	r5, r6
200005e2:	f893 23fa 	ldrb.w	r2, [r3, #1018]	@ 0x3fa
200005e6:	2a00      	cmp	r2, #0
200005e8:	f43f af34 	beq.w	20000454 <dcd_rp2040_irq+0xbc>
200005ec:	f893 23fc 	ldrb.w	r2, [r3, #1020]	@ 0x3fc
200005f0:	2a00      	cmp	r2, #0
200005f2:	f43f af38 	beq.w	20000466 <dcd_rp2040_irq+0xce>
200005f6:	2200      	movs	r2, #0
200005f8:	4823      	ldr	r0, [pc, #140]	@ (20000688 <dcd_rp2040_irq+0x2f0>)
200005fa:	f883 23fc 	strb.w	r2, [r3, #1020]	@ 0x3fc
200005fe:	f000 fa7b 	bl	20000af8 <hw_endpoint_start_next_buffer>
20000602:	e730      	b.n	20000466 <dcd_rp2040_irq+0xce>
20000604:	f893 633a 	ldrb.w	r6, [r3, #826]	@ 0x33a
20000608:	2e00      	cmp	r6, #0
2000060a:	f43f af14 	beq.w	20000436 <dcd_rp2040_irq+0x9e>
2000060e:	f893 233c 	ldrb.w	r2, [r3, #828]	@ 0x33c
20000612:	2a00      	cmp	r2, #0
20000614:	f040 80a9 	bne.w	2000076a <dcd_rp2040_irq+0x3d2>
20000618:	4635      	mov	r5, r6
2000061a:	e70c      	b.n	20000436 <dcd_rp2040_irq+0x9e>
2000061c:	f893 62fa 	ldrb.w	r6, [r3, #762]	@ 0x2fa
20000620:	2e00      	cmp	r6, #0
20000622:	f43f af03 	beq.w	2000042c <dcd_rp2040_irq+0x94>
20000626:	f893 22fc 	ldrb.w	r2, [r3, #764]	@ 0x2fc
2000062a:	2a00      	cmp	r2, #0
2000062c:	f040 80af 	bne.w	2000078e <dcd_rp2040_irq+0x3f6>
20000630:	4635      	mov	r5, r6
20000632:	e6fb      	b.n	2000042c <dcd_rp2040_irq+0x94>
20000634:	f893 62ba 	ldrb.w	r6, [r3, #698]	@ 0x2ba
20000638:	2e00      	cmp	r6, #0
2000063a:	f43f aef2 	beq.w	20000422 <dcd_rp2040_irq+0x8a>
2000063e:	f893 22bc 	ldrb.w	r2, [r3, #700]	@ 0x2bc
20000642:	2a00      	cmp	r2, #0
20000644:	f040 809a 	bne.w	2000077c <dcd_rp2040_irq+0x3e4>
20000648:	4635      	mov	r5, r6
2000064a:	e6ea      	b.n	20000422 <dcd_rp2040_irq+0x8a>
2000064c:	f893 627a 	ldrb.w	r6, [r3, #634]	@ 0x27a
20000650:	2e00      	cmp	r6, #0
20000652:	f43f aee1 	beq.w	20000418 <dcd_rp2040_irq+0x80>
20000656:	f893 227c 	ldrb.w	r2, [r3, #636]	@ 0x27c
2000065a:	2a00      	cmp	r2, #0
2000065c:	f040 80cd 	bne.w	200007fa <dcd_rp2040_irq+0x462>
20000660:	4635      	mov	r5, r6
20000662:	e6d9      	b.n	20000418 <dcd_rp2040_irq+0x80>
20000664:	50110000 	.word	0x50110000
20000668:	400b0000 	.word	0x400b0000
2000066c:	2000ea68 	.word	0x2000ea68
20000670:	2000ea60 	.word	0x2000ea60
20000674:	2000eee9 	.word	0x2000eee9
20000678:	50113000 	.word	0x50113000
2000067c:	00020010 	.word	0x00020010
20000680:	50100000 	.word	0x50100000
20000684:	50112000 	.word	0x50112000
20000688:	2000ee48 	.word	0x2000ee48
2000068c:	f893 623a 	ldrb.w	r6, [r3, #570]	@ 0x23a
20000690:	2e00      	cmp	r6, #0
20000692:	f43f aebc 	beq.w	2000040e <dcd_rp2040_irq+0x76>
20000696:	f893 223c 	ldrb.w	r2, [r3, #572]	@ 0x23c
2000069a:	2a00      	cmp	r2, #0
2000069c:	f040 80a4 	bne.w	200007e8 <dcd_rp2040_irq+0x450>
200006a0:	4635      	mov	r5, r6
200006a2:	e6b4      	b.n	2000040e <dcd_rp2040_irq+0x76>
200006a4:	f893 61fa 	ldrb.w	r6, [r3, #506]	@ 0x1fa
200006a8:	2e00      	cmp	r6, #0
200006aa:	f43f aeab 	beq.w	20000404 <dcd_rp2040_irq+0x6c>
200006ae:	f893 21fc 	ldrb.w	r2, [r3, #508]	@ 0x1fc
200006b2:	2a00      	cmp	r2, #0
200006b4:	f040 808f 	bne.w	200007d6 <dcd_rp2040_irq+0x43e>
200006b8:	4635      	mov	r5, r6
200006ba:	e6a3      	b.n	20000404 <dcd_rp2040_irq+0x6c>
200006bc:	f893 61ba 	ldrb.w	r6, [r3, #442]	@ 0x1ba
200006c0:	2e00      	cmp	r6, #0
200006c2:	f43f ae9a 	beq.w	200003fa <dcd_rp2040_irq+0x62>
200006c6:	f893 21bc 	ldrb.w	r2, [r3, #444]	@ 0x1bc
200006ca:	2a00      	cmp	r2, #0
200006cc:	d17a      	bne.n	200007c4 <dcd_rp2040_irq+0x42c>
200006ce:	4635      	mov	r5, r6
200006d0:	e693      	b.n	200003fa <dcd_rp2040_irq+0x62>
200006d2:	f893 617a 	ldrb.w	r6, [r3, #378]	@ 0x17a
200006d6:	2e00      	cmp	r6, #0
200006d8:	f43f ae8a 	beq.w	200003f0 <dcd_rp2040_irq+0x58>
200006dc:	f893 217c 	ldrb.w	r2, [r3, #380]	@ 0x17c
200006e0:	2a00      	cmp	r2, #0
200006e2:	d166      	bne.n	200007b2 <dcd_rp2040_irq+0x41a>
200006e4:	4635      	mov	r5, r6
200006e6:	e683      	b.n	200003f0 <dcd_rp2040_irq+0x58>
200006e8:	f893 613a 	ldrb.w	r6, [r3, #314]	@ 0x13a
200006ec:	2e00      	cmp	r6, #0
200006ee:	f43f ae7a 	beq.w	200003e6 <dcd_rp2040_irq+0x4e>
200006f2:	f893 213c 	ldrb.w	r2, [r3, #316]	@ 0x13c
200006f6:	2a00      	cmp	r2, #0
200006f8:	f040 8091 	bne.w	2000081e <dcd_rp2040_irq+0x486>
200006fc:	4635      	mov	r5, r6
200006fe:	e672      	b.n	200003e6 <dcd_rp2040_irq+0x4e>
20000700:	f893 60fa 	ldrb.w	r6, [r3, #250]	@ 0xfa
20000704:	2e00      	cmp	r6, #0
20000706:	f43f ae69 	beq.w	200003dc <dcd_rp2040_irq+0x44>
2000070a:	f893 20fc 	ldrb.w	r2, [r3, #252]	@ 0xfc
2000070e:	2a00      	cmp	r2, #0
20000710:	d17c      	bne.n	2000080c <dcd_rp2040_irq+0x474>
20000712:	4635      	mov	r5, r6
20000714:	e662      	b.n	200003dc <dcd_rp2040_irq+0x44>
20000716:	f893 60ba 	ldrb.w	r6, [r3, #186]	@ 0xba
2000071a:	2e00      	cmp	r6, #0
2000071c:	f43f ae59 	beq.w	200003d2 <dcd_rp2040_irq+0x3a>
20000720:	f893 20bc 	ldrb.w	r2, [r3, #188]	@ 0xbc
20000724:	2a00      	cmp	r2, #0
20000726:	d13b      	bne.n	200007a0 <dcd_rp2040_irq+0x408>
20000728:	4635      	mov	r5, r6
2000072a:	e652      	b.n	200003d2 <dcd_rp2040_irq+0x3a>
2000072c:	f893 607a 	ldrb.w	r6, [r3, #122]	@ 0x7a
20000730:	2e00      	cmp	r6, #0
20000732:	f43f ae49 	beq.w	200003c8 <dcd_rp2040_irq+0x30>
20000736:	f893 207c 	ldrb.w	r2, [r3, #124]	@ 0x7c
2000073a:	2a00      	cmp	r2, #0
2000073c:	d178      	bne.n	20000830 <dcd_rp2040_irq+0x498>
2000073e:	4635      	mov	r5, r6
20000740:	e642      	b.n	200003c8 <dcd_rp2040_irq+0x30>
20000742:	f893 23ba 	ldrb.w	r2, [r3, #954]	@ 0x3ba
20000746:	2a00      	cmp	r2, #0
20000748:	f43f ae7f 	beq.w	2000044a <dcd_rp2040_irq+0xb2>
2000074c:	f893 23bc 	ldrb.w	r2, [r3, #956]	@ 0x3bc
20000750:	2a00      	cmp	r2, #0
20000752:	d17e      	bne.n	20000852 <dcd_rp2040_irq+0x4ba>
20000754:	f893 23fb 	ldrb.w	r2, [r3, #1019]	@ 0x3fb
20000758:	2a02      	cmp	r2, #2
2000075a:	f47f ae84 	bne.w	20000466 <dcd_rp2040_irq+0xce>
2000075e:	f893 23fa 	ldrb.w	r2, [r3, #1018]	@ 0x3fa
20000762:	2a00      	cmp	r2, #0
20000764:	f43f ae7f 	beq.w	20000466 <dcd_rp2040_irq+0xce>
20000768:	e740      	b.n	200005ec <dcd_rp2040_irq+0x254>
2000076a:	2200      	movs	r2, #0
2000076c:	483f      	ldr	r0, [pc, #252]	@ (2000086c <dcd_rp2040_irq+0x4d4>)
2000076e:	f883 233c 	strb.w	r2, [r3, #828]	@ 0x33c
20000772:	4635      	mov	r5, r6
20000774:	f000 f9c0 	bl	20000af8 <hw_endpoint_start_next_buffer>
20000778:	4b3d      	ldr	r3, [pc, #244]	@ (20000870 <dcd_rp2040_irq+0x4d8>)
2000077a:	e65c      	b.n	20000436 <dcd_rp2040_irq+0x9e>
2000077c:	2200      	movs	r2, #0
2000077e:	483d      	ldr	r0, [pc, #244]	@ (20000874 <dcd_rp2040_irq+0x4dc>)
20000780:	f883 22bc 	strb.w	r2, [r3, #700]	@ 0x2bc
20000784:	4635      	mov	r5, r6
20000786:	f000 f9b7 	bl	20000af8 <hw_endpoint_start_next_buffer>
2000078a:	4b39      	ldr	r3, [pc, #228]	@ (20000870 <dcd_rp2040_irq+0x4d8>)
2000078c:	e649      	b.n	20000422 <dcd_rp2040_irq+0x8a>
2000078e:	2200      	movs	r2, #0
20000790:	4839      	ldr	r0, [pc, #228]	@ (20000878 <dcd_rp2040_irq+0x4e0>)
20000792:	f883 22fc 	strb.w	r2, [r3, #764]	@ 0x2fc
20000796:	4635      	mov	r5, r6
20000798:	f000 f9ae 	bl	20000af8 <hw_endpoint_start_next_buffer>
2000079c:	4b34      	ldr	r3, [pc, #208]	@ (20000870 <dcd_rp2040_irq+0x4d8>)
2000079e:	e645      	b.n	2000042c <dcd_rp2040_irq+0x94>
200007a0:	2200      	movs	r2, #0
200007a2:	4836      	ldr	r0, [pc, #216]	@ (2000087c <dcd_rp2040_irq+0x4e4>)
200007a4:	f883 20bc 	strb.w	r2, [r3, #188]	@ 0xbc
200007a8:	4635      	mov	r5, r6
200007aa:	f000 f9a5 	bl	20000af8 <hw_endpoint_start_next_buffer>
200007ae:	4b30      	ldr	r3, [pc, #192]	@ (20000870 <dcd_rp2040_irq+0x4d8>)
200007b0:	e60f      	b.n	200003d2 <dcd_rp2040_irq+0x3a>
200007b2:	2200      	movs	r2, #0
200007b4:	4832      	ldr	r0, [pc, #200]	@ (20000880 <dcd_rp2040_irq+0x4e8>)
200007b6:	f883 217c 	strb.w	r2, [r3, #380]	@ 0x17c
200007ba:	4635      	mov	r5, r6
200007bc:	f000 f99c 	bl	20000af8 <hw_endpoint_start_next_buffer>
200007c0:	4b2b      	ldr	r3, [pc, #172]	@ (20000870 <dcd_rp2040_irq+0x4d8>)
200007c2:	e615      	b.n	200003f0 <dcd_rp2040_irq+0x58>
200007c4:	2200      	movs	r2, #0
200007c6:	482f      	ldr	r0, [pc, #188]	@ (20000884 <dcd_rp2040_irq+0x4ec>)
200007c8:	f883 21bc 	strb.w	r2, [r3, #444]	@ 0x1bc
200007cc:	4635      	mov	r5, r6
200007ce:	f000 f993 	bl	20000af8 <hw_endpoint_start_next_buffer>
200007d2:	4b27      	ldr	r3, [pc, #156]	@ (20000870 <dcd_rp2040_irq+0x4d8>)
200007d4:	e611      	b.n	200003fa <dcd_rp2040_irq+0x62>
200007d6:	2200      	movs	r2, #0
200007d8:	482b      	ldr	r0, [pc, #172]	@ (20000888 <dcd_rp2040_irq+0x4f0>)
200007da:	f883 21fc 	strb.w	r2, [r3, #508]	@ 0x1fc
200007de:	4635      	mov	r5, r6
200007e0:	f000 f98a 	bl	20000af8 <hw_endpoint_start_next_buffer>
200007e4:	4b22      	ldr	r3, [pc, #136]	@ (20000870 <dcd_rp2040_irq+0x4d8>)
200007e6:	e60d      	b.n	20000404 <dcd_rp2040_irq+0x6c>
200007e8:	2200      	movs	r2, #0
200007ea:	4828      	ldr	r0, [pc, #160]	@ (2000088c <dcd_rp2040_irq+0x4f4>)
200007ec:	f883 223c 	strb.w	r2, [r3, #572]	@ 0x23c
200007f0:	4635      	mov	r5, r6
200007f2:	f000 f981 	bl	20000af8 <hw_endpoint_start_next_buffer>
200007f6:	4b1e      	ldr	r3, [pc, #120]	@ (20000870 <dcd_rp2040_irq+0x4d8>)
200007f8:	e609      	b.n	2000040e <dcd_rp2040_irq+0x76>
200007fa:	2200      	movs	r2, #0
200007fc:	4824      	ldr	r0, [pc, #144]	@ (20000890 <dcd_rp2040_irq+0x4f8>)
200007fe:	f883 227c 	strb.w	r2, [r3, #636]	@ 0x27c
20000802:	4635      	mov	r5, r6
20000804:	f000 f978 	bl	20000af8 <hw_endpoint_start_next_buffer>
20000808:	4b19      	ldr	r3, [pc, #100]	@ (20000870 <dcd_rp2040_irq+0x4d8>)
2000080a:	e605      	b.n	20000418 <dcd_rp2040_irq+0x80>
2000080c:	2200      	movs	r2, #0
2000080e:	4821      	ldr	r0, [pc, #132]	@ (20000894 <dcd_rp2040_irq+0x4fc>)
20000810:	f883 20fc 	strb.w	r2, [r3, #252]	@ 0xfc
20000814:	4635      	mov	r5, r6
20000816:	f000 f96f 	bl	20000af8 <hw_endpoint_start_next_buffer>
2000081a:	4b15      	ldr	r3, [pc, #84]	@ (20000870 <dcd_rp2040_irq+0x4d8>)
2000081c:	e5de      	b.n	200003dc <dcd_rp2040_irq+0x44>
2000081e:	2200      	movs	r2, #0
20000820:	481d      	ldr	r0, [pc, #116]	@ (20000898 <dcd_rp2040_irq+0x500>)
20000822:	f883 213c 	strb.w	r2, [r3, #316]	@ 0x13c
20000826:	4635      	mov	r5, r6
20000828:	f000 f966 	bl	20000af8 <hw_endpoint_start_next_buffer>
2000082c:	4b10      	ldr	r3, [pc, #64]	@ (20000870 <dcd_rp2040_irq+0x4d8>)
2000082e:	e5da      	b.n	200003e6 <dcd_rp2040_irq+0x4e>
20000830:	2200      	movs	r2, #0
20000832:	481a      	ldr	r0, [pc, #104]	@ (2000089c <dcd_rp2040_irq+0x504>)
20000834:	f883 207c 	strb.w	r2, [r3, #124]	@ 0x7c
20000838:	4635      	mov	r5, r6
2000083a:	f000 f95d 	bl	20000af8 <hw_endpoint_start_next_buffer>
2000083e:	4b0c      	ldr	r3, [pc, #48]	@ (20000870 <dcd_rp2040_irq+0x4d8>)
20000840:	e5c2      	b.n	200003c8 <dcd_rp2040_irq+0x30>
20000842:	2200      	movs	r2, #0
20000844:	4816      	ldr	r0, [pc, #88]	@ (200008a0 <dcd_rp2040_irq+0x508>)
20000846:	f883 237c 	strb.w	r2, [r3, #892]	@ 0x37c
2000084a:	f000 f955 	bl	20000af8 <hw_endpoint_start_next_buffer>
2000084e:	4b08      	ldr	r3, [pc, #32]	@ (20000870 <dcd_rp2040_irq+0x4d8>)
20000850:	e6b7      	b.n	200005c2 <dcd_rp2040_irq+0x22a>
20000852:	2200      	movs	r2, #0
20000854:	4813      	ldr	r0, [pc, #76]	@ (200008a4 <dcd_rp2040_irq+0x50c>)
20000856:	f883 23bc 	strb.w	r2, [r3, #956]	@ 0x3bc
2000085a:	f000 f94d 	bl	20000af8 <hw_endpoint_start_next_buffer>
2000085e:	4b04      	ldr	r3, [pc, #16]	@ (20000870 <dcd_rp2040_irq+0x4d8>)
20000860:	e778      	b.n	20000754 <dcd_rp2040_irq+0x3bc>
20000862:	4811      	ldr	r0, [pc, #68]	@ (200008a8 <dcd_rp2040_irq+0x510>)
20000864:	ea85 0104 	eor.w	r1, r5, r4
20000868:	f000 faaa 	bl	20000dc0 <__panic_veneer>
2000086c:	2000ed88 	.word	0x2000ed88
20000870:	2000ea68 	.word	0x2000ea68
20000874:	2000ed08 	.word	0x2000ed08
20000878:	2000ed48 	.word	0x2000ed48
2000087c:	2000eb08 	.word	0x2000eb08
20000880:	2000ebc8 	.word	0x2000ebc8
20000884:	2000ec08 	.word	0x2000ec08
20000888:	2000ec48 	.word	0x2000ec48
2000088c:	2000ec88 	.word	0x2000ec88
20000890:	2000ecc8 	.word	0x2000ecc8
20000894:	2000eb48 	.word	0x2000eb48
20000898:	2000eb88 	.word	0x2000eb88
2000089c:	2000eac8 	.word	0x2000eac8
200008a0:	2000edc8 	.word	0x2000edc8
200008a4:	2000ee08 	.word	0x2000ee08
200008a8:	1000502c 	.word	0x1000502c

200008ac <prepare_ep_buffer>:
200008ac:	e92d 43f0 	stmdb	sp!, {r4, r5, r6, r7, r8, r9, lr}
200008b0:	8a82      	ldrh	r2, [r0, #20]
200008b2:	f8b0 e018 	ldrh.w	lr, [r0, #24]
200008b6:	4603      	mov	r3, r0
200008b8:	4596      	cmp	lr, r2
200008ba:	78c0      	ldrb	r0, [r0, #3]
200008bc:	bf28      	it	cs
200008be:	4696      	movcs	lr, r2
200008c0:	1e04      	subs	r4, r0, #0
200008c2:	bf18      	it	ne
200008c4:	2401      	movne	r4, #1
200008c6:	f080 0001 	eor.w	r0, r0, #1
200008ca:	460d      	mov	r5, r1
200008cc:	eba2 020e 	sub.w	r2, r2, lr
200008d0:	7859      	ldrb	r1, [r3, #1]
200008d2:	70d8      	strb	r0, [r3, #3]
200008d4:	b292      	uxth	r2, r2
200008d6:	f44e 6080 	orr.w	r0, lr, #1024	@ 0x400
200008da:	829a      	strh	r2, [r3, #20]
200008dc:	ea40 3044 	orr.w	r0, r0, r4, lsl #13
200008e0:	bba1      	cbnz	r1, 2000094c <prepare_ep_buffer+0xa0>
200008e2:	6919      	ldr	r1, [r3, #16]
200008e4:	f1be 0f00 	cmp.w	lr, #0
200008e8:	d02c      	beq.n	20000944 <prepare_ep_buffer+0x98>
200008ea:	f10e 34ff 	add.w	r4, lr, #4294967295	@ 0xffffffff
200008ee:	68da      	ldr	r2, [r3, #12]
200008f0:	2c05      	cmp	r4, #5
200008f2:	46a1      	mov	r9, r4
200008f4:	eb02 1885 	add.w	r8, r2, r5, lsl #6
200008f8:	d92f      	bls.n	2000095a <prepare_ep_buffer+0xae>
200008fa:	eba8 0401 	sub.w	r4, r8, r1
200008fe:	3c01      	subs	r4, #1
20000900:	2c02      	cmp	r4, #2
20000902:	46c4      	mov	ip, r8
20000904:	460a      	mov	r2, r1
20000906:	d928      	bls.n	2000095a <prepare_ep_buffer+0xae>
20000908:	ea4f 079e 	mov.w	r7, lr, lsr #2
2000090c:	eb01 0687 	add.w	r6, r1, r7, lsl #2
20000910:	f852 4b04 	ldr.w	r4, [r2], #4
20000914:	4296      	cmp	r6, r2
20000916:	f84c 4b04 	str.w	r4, [ip], #4
2000091a:	d1f9      	bne.n	20000910 <prepare_ep_buffer+0x64>
2000091c:	ebbe 0f87 	cmp.w	lr, r7, lsl #2
20000920:	d00e      	beq.n	20000940 <prepare_ep_buffer+0x94>
20000922:	f811 2027 	ldrb.w	r2, [r1, r7, lsl #2]
20000926:	ebb9 0187 	subs.w	r1, r9, r7, lsl #2
2000092a:	f808 2027 	strb.w	r2, [r8, r7, lsl #2]
2000092e:	eb08 0287 	add.w	r2, r8, r7, lsl #2
20000932:	d005      	beq.n	20000940 <prepare_ep_buffer+0x94>
20000934:	7874      	ldrb	r4, [r6, #1]
20000936:	2901      	cmp	r1, #1
20000938:	7054      	strb	r4, [r2, #1]
2000093a:	d001      	beq.n	20000940 <prepare_ep_buffer+0x94>
2000093c:	78b1      	ldrb	r1, [r6, #2]
2000093e:	7091      	strb	r1, [r2, #2]
20000940:	6919      	ldr	r1, [r3, #16]
20000942:	8a9a      	ldrh	r2, [r3, #20]
20000944:	4471      	add	r1, lr
20000946:	6119      	str	r1, [r3, #16]
20000948:	f440 4000 	orr.w	r0, r0, #32768	@ 0x8000
2000094c:	b90a      	cbnz	r2, 20000952 <prepare_ep_buffer+0xa6>
2000094e:	f440 4080 	orr.w	r0, r0, #16384	@ 0x4000
20000952:	b105      	cbz	r5, 20000956 <prepare_ep_buffer+0xaa>
20000954:	0400      	lsls	r0, r0, #16
20000956:	e8bd 83f0 	ldmia.w	sp!, {r4, r5, r6, r7, r8, r9, pc}
2000095a:	f108 32ff 	add.w	r2, r8, #4294967295	@ 0xffffffff
2000095e:	eb01 060e 	add.w	r6, r1, lr
20000962:	f811 4b01 	ldrb.w	r4, [r1], #1
20000966:	42b1      	cmp	r1, r6
20000968:	f802 4f01 	strb.w	r4, [r2, #1]!
2000096c:	d1f9      	bne.n	20000962 <prepare_ep_buffer+0xb6>
2000096e:	e7e7      	b.n	20000940 <prepare_ep_buffer+0x94>

20000970 <sync_ep_buffer>:
20000970:	6883      	ldr	r3, [r0, #8]
20000972:	e92d 41f0 	stmdb	sp!, {r4, r5, r6, r7, r8, lr}
20000976:	4605      	mov	r5, r0
20000978:	6818      	ldr	r0, [r3, #0]
2000097a:	b101      	cbz	r1, 2000097e <sync_ep_buffer+0xe>
2000097c:	0c00      	lsrs	r0, r0, #16
2000097e:	786a      	ldrb	r2, [r5, #1]
20000980:	f3c0 0009 	ubfx	r0, r0, #0, #10
20000984:	b94a      	cbnz	r2, 2000099a <sync_ep_buffer+0x2a>
20000986:	8aeb      	ldrh	r3, [r5, #22]
20000988:	4403      	add	r3, r0
2000098a:	82eb      	strh	r3, [r5, #22]
2000098c:	8b2b      	ldrh	r3, [r5, #24]
2000098e:	4283      	cmp	r3, r0
20000990:	bf84      	itt	hi
20000992:	2300      	movhi	r3, #0
20000994:	82ab      	strhhi	r3, [r5, #20]
20000996:	e8bd 81f0 	ldmia.w	sp!, {r4, r5, r6, r7, r8, pc}
2000099a:	f8d5 c010 	ldr.w	ip, [r5, #16]
2000099e:	b388      	cbz	r0, 20000a04 <sync_ep_buffer+0x94>
200009a0:	1e42      	subs	r2, r0, #1
200009a2:	68eb      	ldr	r3, [r5, #12]
200009a4:	2a05      	cmp	r2, #5
200009a6:	4616      	mov	r6, r2
200009a8:	eb03 1e81 	add.w	lr, r3, r1, lsl #6
200009ac:	d931      	bls.n	20000a12 <sync_ep_buffer+0xa2>
200009ae:	0189      	lsls	r1, r1, #6
200009b0:	1c4c      	adds	r4, r1, #1
200009b2:	441c      	add	r4, r3
200009b4:	ebac 0404 	sub.w	r4, ip, r4
200009b8:	2c02      	cmp	r4, #2
200009ba:	4662      	mov	r2, ip
200009bc:	d929      	bls.n	20000a12 <sync_ep_buffer+0xa2>
200009be:	f400 717f 	and.w	r1, r0, #1020	@ 0x3fc
200009c2:	4673      	mov	r3, lr
200009c4:	460f      	mov	r7, r1
200009c6:	ea4f 0890 	mov.w	r8, r0, lsr #2
200009ca:	185c      	adds	r4, r3, r1
200009cc:	f853 1b04 	ldr.w	r1, [r3], #4
200009d0:	42a3      	cmp	r3, r4
200009d2:	f842 1b04 	str.w	r1, [r2], #4
200009d6:	d1f9      	bne.n	200009cc <sync_ep_buffer+0x5c>
200009d8:	42b8      	cmp	r0, r7
200009da:	d011      	beq.n	20000a00 <sync_ep_buffer+0x90>
200009dc:	f81e 3028 	ldrb.w	r3, [lr, r8, lsl #2]
200009e0:	44be      	add	lr, r7
200009e2:	f80c 3028 	strb.w	r3, [ip, r8, lsl #2]
200009e6:	1bf3      	subs	r3, r6, r7
200009e8:	44bc      	add	ip, r7
200009ea:	d009      	beq.n	20000a00 <sync_ep_buffer+0x90>
200009ec:	f89e 2001 	ldrb.w	r2, [lr, #1]
200009f0:	2b01      	cmp	r3, #1
200009f2:	f88c 2001 	strb.w	r2, [ip, #1]
200009f6:	d003      	beq.n	20000a00 <sync_ep_buffer+0x90>
200009f8:	f89e 3002 	ldrb.w	r3, [lr, #2]
200009fc:	f88c 3002 	strb.w	r3, [ip, #2]
20000a00:	f8d5 c010 	ldr.w	ip, [r5, #16]
20000a04:	8aea      	ldrh	r2, [r5, #22]
20000a06:	eb0c 0300 	add.w	r3, ip, r0
20000a0a:	4402      	add	r2, r0
20000a0c:	82ea      	strh	r2, [r5, #22]
20000a0e:	612b      	str	r3, [r5, #16]
20000a10:	e7bc      	b.n	2000098c <sync_ep_buffer+0x1c>
20000a12:	f10c 3cff 	add.w	ip, ip, #4294967295	@ 0xffffffff
20000a16:	eb0e 0200 	add.w	r2, lr, r0
20000a1a:	f81e 3b01 	ldrb.w	r3, [lr], #1
20000a1e:	4572      	cmp	r2, lr
20000a20:	f80c 3f01 	strb.w	r3, [ip, #1]!
20000a24:	d1f9      	bne.n	20000a1a <sync_ep_buffer+0xaa>
20000a26:	e7eb      	b.n	20000a00 <sync_ep_buffer+0x90>

20000a28 <_hw_endpoint_xfer_sync>:
20000a28:	b510      	push	{r4, lr}
20000a2a:	4604      	mov	r4, r0
20000a2c:	6883      	ldr	r3, [r0, #8]
20000a2e:	2100      	movs	r1, #0
20000a30:	681b      	ldr	r3, [r3, #0]
20000a32:	f7ff ff9d 	bl	20000970 <sync_ep_buffer>
20000a36:	6863      	ldr	r3, [r4, #4]
20000a38:	681b      	ldr	r3, [r3, #0]
20000a3a:	005b      	lsls	r3, r3, #1
20000a3c:	d502      	bpl.n	20000a44 <_hw_endpoint_xfer_sync+0x1c>
20000a3e:	8b23      	ldrh	r3, [r4, #24]
20000a40:	4283      	cmp	r3, r0
20000a42:	d000      	beq.n	20000a46 <_hw_endpoint_xfer_sync+0x1e>
20000a44:	bd10      	pop	{r4, pc}
20000a46:	4620      	mov	r0, r4
20000a48:	e8bd 4010 	ldmia.w	sp!, {r4, lr}
20000a4c:	2101      	movs	r1, #1
20000a4e:	f7ff bf8f 	b.w	20000970 <sync_ep_buffer>
20000a52:	bf00      	nop

20000a54 <e15_is_bulkin_ep>:
20000a54:	4b08      	ldr	r3, [pc, #32]	@ (20000a78 <e15_is_bulkin_ep+0x24>)
20000a56:	6c1b      	ldr	r3, [r3, #64]	@ 0x40
20000a58:	f013 0302 	ands.w	r3, r3, #2
20000a5c:	d102      	bne.n	20000a64 <e15_is_bulkin_ep+0x10>
20000a5e:	7882      	ldrb	r2, [r0, #2]
20000a60:	09d2      	lsrs	r2, r2, #7
20000a62:	d101      	bne.n	20000a68 <e15_is_bulkin_ep+0x14>
20000a64:	2000      	movs	r0, #0
20000a66:	4770      	bx	lr
20000a68:	7ec0      	ldrb	r0, [r0, #27]
20000a6a:	f1a0 0002 	sub.w	r0, r0, #2
20000a6e:	fab0 f080 	clz	r0, r0
20000a72:	0940      	lsrs	r0, r0, #5
20000a74:	4770      	bx	lr
20000a76:	bf00      	nop
20000a78:	50110000 	.word	0x50110000

20000a7c <e15_is_critical_frame_period>:
20000a7c:	b508      	push	{r3, lr}
20000a7e:	f7ff ffe9 	bl	20000a54 <e15_is_bulkin_ep>
20000a82:	b150      	cbz	r0, 20000a9a <e15_is_critical_frame_period+0x1e>
20000a84:	4a05      	ldr	r2, [pc, #20]	@ (20000a9c <e15_is_critical_frame_period+0x20>)
20000a86:	4b06      	ldr	r3, [pc, #24]	@ (20000aa0 <e15_is_critical_frame_period+0x24>)
20000a88:	6a90      	ldr	r0, [r2, #40]	@ 0x28
20000a8a:	681b      	ldr	r3, [r3, #0]
20000a8c:	f5a0 7048 	sub.w	r0, r0, #800	@ 0x320
20000a90:	1ac0      	subs	r0, r0, r3
20000a92:	28c6      	cmp	r0, #198	@ 0xc6
20000a94:	bf8c      	ite	hi
20000a96:	2000      	movhi	r0, #0
20000a98:	2001      	movls	r0, #1
20000a9a:	bd08      	pop	{r3, pc}
20000a9c:	400b0000 	.word	0x400b0000
20000aa0:	2000ea60 	.word	0x2000ea60

20000aa4 <hw_endpoint_reset_transfer>:
20000aa4:	2300      	movs	r3, #0
20000aa6:	e9c0 3304 	strd	r3, r3, [r0, #16]
20000aaa:	7683      	strb	r3, [r0, #26]
20000aac:	4770      	bx	lr
20000aae:	bf00      	nop

20000ab0 <_hw_endpoint_buffer_control_update32>:
20000ab0:	b508      	push	{r3, lr}
20000ab2:	6883      	ldr	r3, [r0, #8]
20000ab4:	b119      	cbz	r1, 20000abe <_hw_endpoint_buffer_control_update32+0xe>
20000ab6:	f8d3 c000 	ldr.w	ip, [r3]
20000aba:	ea01 010c 	and.w	r1, r1, ip
20000abe:	b18a      	cbz	r2, 20000ae4 <_hw_endpoint_buffer_control_update32+0x34>
20000ac0:	4311      	orrs	r1, r2
20000ac2:	0552      	lsls	r2, r2, #21
20000ac4:	d50e      	bpl.n	20000ae4 <_hw_endpoint_buffer_control_update32+0x34>
20000ac6:	681a      	ldr	r2, [r3, #0]
20000ac8:	0552      	lsls	r2, r2, #21
20000aca:	d40d      	bmi.n	20000ae8 <_hw_endpoint_buffer_control_update32+0x38>
20000acc:	4a08      	ldr	r2, [pc, #32]	@ (20000af0 <_hw_endpoint_buffer_control_update32+0x40>)
20000ace:	f421 6c80 	bic.w	ip, r1, #1024	@ 0x400
20000ad2:	f8c3 c000 	str.w	ip, [r3]
20000ad6:	6c12      	ldr	r2, [r2, #64]	@ 0x40
20000ad8:	0792      	lsls	r2, r2, #30
20000ada:	d403      	bmi.n	20000ae4 <_hw_endpoint_buffer_control_update32+0x34>
20000adc:	230c      	movs	r3, #12
20000ade:	3b03      	subs	r3, #3
20000ae0:	d2fd      	bcs.n	20000ade <_hw_endpoint_buffer_control_update32+0x2e>
20000ae2:	6883      	ldr	r3, [r0, #8]
20000ae4:	6019      	str	r1, [r3, #0]
20000ae6:	bd08      	pop	{r3, pc}
20000ae8:	7881      	ldrb	r1, [r0, #2]
20000aea:	4802      	ldr	r0, [pc, #8]	@ (20000af4 <_hw_endpoint_buffer_control_update32+0x44>)
20000aec:	f000 f968 	bl	20000dc0 <__panic_veneer>
20000af0:	50110000 	.word	0x50110000
20000af4:	10005040 	.word	0x10005040

20000af8 <hw_endpoint_start_next_buffer>:
20000af8:	b530      	push	{r4, r5, lr}
20000afa:	6843      	ldr	r3, [r0, #4]
20000afc:	2100      	movs	r1, #0
20000afe:	b083      	sub	sp, #12
20000b00:	4605      	mov	r5, r0
20000b02:	681c      	ldr	r4, [r3, #0]
20000b04:	f7ff fed2 	bl	200008ac <prepare_ep_buffer>
20000b08:	4b13      	ldr	r3, [pc, #76]	@ (20000b58 <hw_endpoint_start_next_buffer+0x60>)
20000b0a:	f440 5280 	orr.w	r2, r0, #4096	@ 0x1000
20000b0e:	6c19      	ldr	r1, [r3, #64]	@ 0x40
20000b10:	78ab      	ldrb	r3, [r5, #2]
20000b12:	0789      	lsls	r1, r1, #30
20000b14:	d50e      	bpl.n	20000b34 <hw_endpoint_start_next_buffer+0x3c>
20000b16:	065b      	lsls	r3, r3, #25
20000b18:	d00e      	beq.n	20000b38 <hw_endpoint_start_next_buffer+0x40>
20000b1a:	f024 44a0 	bic.w	r4, r4, #1342177280	@ 0x50000000
20000b1e:	f044 5400 	orr.w	r4, r4, #536870912	@ 0x20000000
20000b22:	2100      	movs	r1, #0
20000b24:	4628      	mov	r0, r5
20000b26:	686b      	ldr	r3, [r5, #4]
20000b28:	601c      	str	r4, [r3, #0]
20000b2a:	b003      	add	sp, #12
20000b2c:	e8bd 4030 	ldmia.w	sp!, {r4, r5, lr}
20000b30:	f7ff bfbe 	b.w	20000ab0 <_hw_endpoint_buffer_control_update32>
20000b34:	09db      	lsrs	r3, r3, #7
20000b36:	d0f0      	beq.n	20000b1a <hw_endpoint_start_next_buffer+0x22>
20000b38:	8aab      	ldrh	r3, [r5, #20]
20000b3a:	2b00      	cmp	r3, #0
20000b3c:	d0ed      	beq.n	20000b1a <hw_endpoint_start_next_buffer+0x22>
20000b3e:	2101      	movs	r1, #1
20000b40:	4628      	mov	r0, r5
20000b42:	9201      	str	r2, [sp, #4]
20000b44:	f7ff feb2 	bl	200008ac <prepare_ep_buffer>
20000b48:	9a01      	ldr	r2, [sp, #4]
20000b4a:	f024 5400 	bic.w	r4, r4, #536870912	@ 0x20000000
20000b4e:	4302      	orrs	r2, r0
20000b50:	f044 44a0 	orr.w	r4, r4, #1342177280	@ 0x50000000
20000b54:	e7e5      	b.n	20000b22 <hw_endpoint_start_next_buffer+0x2a>
20000b56:	bf00      	nop
20000b58:	50110000 	.word	0x50110000

20000b5c <hw_endpoint_xfer_continue>:
20000b5c:	b538      	push	{r3, r4, r5, lr}
20000b5e:	7e85      	ldrb	r5, [r0, #26]
20000b60:	4604      	mov	r4, r0
20000b62:	b195      	cbz	r5, 20000b8a <hw_endpoint_xfer_continue+0x2e>
20000b64:	f7ff ff60 	bl	20000a28 <_hw_endpoint_xfer_sync>
20000b68:	8aa3      	ldrh	r3, [r4, #20]
20000b6a:	b90b      	cbnz	r3, 20000b70 <hw_endpoint_xfer_continue+0x14>
20000b6c:	4628      	mov	r0, r5
20000b6e:	bd38      	pop	{r3, r4, r5, pc}
20000b70:	4620      	mov	r0, r4
20000b72:	f7ff ff83 	bl	20000a7c <e15_is_critical_frame_period>
20000b76:	b120      	cbz	r0, 20000b82 <hw_endpoint_xfer_continue+0x26>
20000b78:	2301      	movs	r3, #1
20000b7a:	7723      	strb	r3, [r4, #28]
20000b7c:	2500      	movs	r5, #0
20000b7e:	4628      	mov	r0, r5
20000b80:	bd38      	pop	{r3, r4, r5, pc}
20000b82:	4620      	mov	r0, r4
20000b84:	f7ff ffb8 	bl	20000af8 <hw_endpoint_start_next_buffer>
20000b88:	e7f8      	b.n	20000b7c <hw_endpoint_xfer_continue+0x20>
20000b8a:	7881      	ldrb	r1, [r0, #2]
20000b8c:	4801      	ldr	r0, [pc, #4]	@ (20000b94 <hw_endpoint_xfer_continue+0x38>)
20000b8e:	f000 f917 	bl	20000dc0 <__panic_veneer>
20000b92:	bf00      	nop
20000b94:	10005060 	.word	0x10005060

20000b98 <dcd_event_handler>:
20000b98:	b570      	push	{r4, r5, r6, lr}
20000b9a:	7843      	ldrb	r3, [r0, #1]
20000b9c:	4604      	mov	r4, r0
20000b9e:	3b02      	subs	r3, #2
20000ba0:	460e      	mov	r6, r1
20000ba2:	b086      	sub	sp, #24
20000ba4:	2b04      	cmp	r3, #4
20000ba6:	d813      	bhi.n	20000bd0 <dcd_event_handler+0x38>
20000ba8:	e8df f003 	tbb	[pc, r3]
20000bac:	72694903 	.word	0x72694903
20000bb0:	44          	.byte	0x44
20000bb1:	00          	.byte	0x00
20000bb2:	2100      	movs	r1, #0
20000bb4:	4b78      	ldr	r3, [pc, #480]	@ (20000d98 <dcd_event_handler+0x200>)
20000bb6:	781a      	ldrb	r2, [r3, #0]
20000bb8:	f022 0201 	bic.w	r2, r2, #1
20000bbc:	701a      	strb	r2, [r3, #0]
20000bbe:	781a      	ldrb	r2, [r3, #0]
20000bc0:	f022 0202 	bic.w	r2, r2, #2
20000bc4:	701a      	strb	r2, [r3, #0]
20000bc6:	7059      	strb	r1, [r3, #1]
20000bc8:	781a      	ldrb	r2, [r3, #0]
20000bca:	f361 0282 	bfi	r2, r1, #2, #1
20000bce:	701a      	strb	r2, [r3, #0]
20000bd0:	4b72      	ldr	r3, [pc, #456]	@ (20000d9c <dcd_event_handler+0x204>)
20000bd2:	681b      	ldr	r3, [r3, #0]
20000bd4:	695a      	ldr	r2, [r3, #20]
20000bd6:	f3ef 8010 	mrs	r0, PRIMASK
20000bda:	b672      	cpsid	i
20000bdc:	e8d2 cfcf 	ldaexb	ip, [r2]
20000be0:	2101      	movs	r1, #1
20000be2:	f1bc 0f00 	cmp.w	ip, #0
20000be6:	d1f9      	bne.n	20000bdc <dcd_event_handler+0x44>
20000be8:	e8c2 1f4c 	strexb	ip, r1, [r2]
20000bec:	f1bc 0f00 	cmp.w	ip, #0
20000bf0:	d1f4      	bne.n	20000bdc <dcd_event_handler+0x44>
20000bf2:	f3bf 8f5f 	dmb	sy
20000bf6:	4621      	mov	r1, r4
20000bf8:	6198      	str	r0, [r3, #24]
20000bfa:	4618      	mov	r0, r3
20000bfc:	9301      	str	r3, [sp, #4]
20000bfe:	f000 f8e3 	bl	20000dc8 <__tu_fifo_write_veneer>
20000c02:	9b01      	ldr	r3, [sp, #4]
20000c04:	2200      	movs	r2, #0
20000c06:	6959      	ldr	r1, [r3, #20]
20000c08:	e8c1 2f8f 	stlb	r2, [r1]
20000c0c:	699b      	ldr	r3, [r3, #24]
20000c0e:	f383 8810 	msr	PRIMASK, r3
20000c12:	b940      	cbnz	r0, 20000c26 <dcd_event_handler+0x8e>
20000c14:	f04f 23e0 	mov.w	r3, #3758153728	@ 0xe000e000
20000c18:	f8d3 3df0 	ldr.w	r3, [r3, #3568]	@ 0xdf0
20000c1c:	07db      	lsls	r3, r3, #31
20000c1e:	d507      	bpl.n	20000c30 <dcd_event_handler+0x98>
20000c20:	be00      	bkpt	0x0000
20000c22:	b006      	add	sp, #24
20000c24:	bd70      	pop	{r4, r5, r6, pc}
20000c26:	4632      	mov	r2, r6
20000c28:	7861      	ldrb	r1, [r4, #1]
20000c2a:	7820      	ldrb	r0, [r4, #0]
20000c2c:	f000 f8c4 	bl	20000db8 <__tud_event_hook_cb_veneer>
20000c30:	b006      	add	sp, #24
20000c32:	bd70      	pop	{r4, r5, r6, pc}
20000c34:	4a5a      	ldr	r2, [pc, #360]	@ (20000da0 <dcd_event_handler+0x208>)
20000c36:	7813      	ldrb	r3, [r2, #0]
20000c38:	3301      	adds	r3, #1
20000c3a:	7013      	strb	r3, [r2, #0]
20000c3c:	e7c8      	b.n	20000bd0 <dcd_event_handler+0x38>
20000c3e:	2300      	movs	r3, #0
20000c40:	4a58      	ldr	r2, [pc, #352]	@ (20000da4 <dcd_event_handler+0x20c>)
20000c42:	7810      	ldrb	r0, [r2, #0]
20000c44:	461a      	mov	r2, r3
20000c46:	e013      	b.n	20000c70 <dcd_event_handler+0xd8>
20000c48:	4a57      	ldr	r2, [pc, #348]	@ (20000da8 <dcd_event_handler+0x210>)
20000c4a:	6812      	ldr	r2, [r2, #0]
20000c4c:	eb12 1243 	adds.w	r2, r2, r3, lsl #5
20000c50:	d008      	beq.n	20000c64 <dcd_event_handler+0xcc>
20000c52:	69d2      	ldr	r2, [r2, #28]
20000c54:	b132      	cbz	r2, 20000c64 <dcd_event_handler+0xcc>
20000c56:	7820      	ldrb	r0, [r4, #0]
20000c58:	6861      	ldr	r1, [r4, #4]
20000c5a:	9301      	str	r3, [sp, #4]
20000c5c:	4790      	blx	r2
20000c5e:	4b51      	ldr	r3, [pc, #324]	@ (20000da4 <dcd_event_handler+0x20c>)
20000c60:	7818      	ldrb	r0, [r3, #0]
20000c62:	9b01      	ldr	r3, [sp, #4]
20000c64:	3301      	adds	r3, #1
20000c66:	b2db      	uxtb	r3, r3
20000c68:	1c41      	adds	r1, r0, #1
20000c6a:	4299      	cmp	r1, r3
20000c6c:	461a      	mov	r2, r3
20000c6e:	db18      	blt.n	20000ca2 <dcd_event_handler+0x10a>
20000c70:	4298      	cmp	r0, r3
20000c72:	d8e9      	bhi.n	20000c48 <dcd_event_handler+0xb0>
20000c74:	494d      	ldr	r1, [pc, #308]	@ (20000dac <dcd_event_handler+0x214>)
20000c76:	1a12      	subs	r2, r2, r0
20000c78:	eb01 1242 	add.w	r2, r1, r2, lsl #5
20000c7c:	e7e9      	b.n	20000c52 <dcd_event_handler+0xba>
20000c7e:	4b46      	ldr	r3, [pc, #280]	@ (20000d98 <dcd_event_handler+0x200>)
20000c80:	781a      	ldrb	r2, [r3, #0]
20000c82:	07d2      	lsls	r2, r2, #31
20000c84:	d5d4      	bpl.n	20000c30 <dcd_event_handler+0x98>
20000c86:	781a      	ldrb	r2, [r3, #0]
20000c88:	f042 0204 	orr.w	r2, r2, #4
20000c8c:	701a      	strb	r2, [r3, #0]
20000c8e:	e79f      	b.n	20000bd0 <dcd_event_handler+0x38>
20000c90:	4b41      	ldr	r3, [pc, #260]	@ (20000d98 <dcd_event_handler+0x200>)
20000c92:	781a      	ldrb	r2, [r3, #0]
20000c94:	07d5      	lsls	r5, r2, #31
20000c96:	d5cb      	bpl.n	20000c30 <dcd_event_handler+0x98>
20000c98:	781a      	ldrb	r2, [r3, #0]
20000c9a:	f022 0204 	bic.w	r2, r2, #4
20000c9e:	701a      	strb	r2, [r3, #0]
20000ca0:	e796      	b.n	20000bd0 <dcd_event_handler+0x38>
20000ca2:	4b3d      	ldr	r3, [pc, #244]	@ (20000d98 <dcd_event_handler+0x200>)
20000ca4:	781a      	ldrb	r2, [r3, #0]
20000ca6:	0750      	lsls	r0, r2, #29
20000ca8:	d433      	bmi.n	20000d12 <dcd_event_handler+0x17a>
20000caa:	78db      	ldrb	r3, [r3, #3]
20000cac:	07da      	lsls	r2, r3, #31
20000cae:	d5bf      	bpl.n	20000c30 <dcd_event_handler+0x98>
20000cb0:	2203      	movs	r2, #3
20000cb2:	4b3a      	ldr	r3, [pc, #232]	@ (20000d9c <dcd_event_handler+0x204>)
20000cb4:	7820      	ldrb	r0, [r4, #0]
20000cb6:	6861      	ldr	r1, [r4, #4]
20000cb8:	681b      	ldr	r3, [r3, #0]
20000cba:	f88d 000c 	strb.w	r0, [sp, #12]
20000cbe:	f88d 200d 	strb.w	r2, [sp, #13]
20000cc2:	695a      	ldr	r2, [r3, #20]
20000cc4:	9104      	str	r1, [sp, #16]
20000cc6:	f3ef 8110 	mrs	r1, PRIMASK
20000cca:	b672      	cpsid	i
20000ccc:	e8d2 4fcf 	ldaexb	r4, [r2]
20000cd0:	2001      	movs	r0, #1
20000cd2:	2c00      	cmp	r4, #0
20000cd4:	d1fa      	bne.n	20000ccc <dcd_event_handler+0x134>
20000cd6:	e8c2 0f44 	strexb	r4, r0, [r2]
20000cda:	2c00      	cmp	r4, #0
20000cdc:	d1f6      	bne.n	20000ccc <dcd_event_handler+0x134>
20000cde:	f3bf 8f5f 	dmb	sy
20000ce2:	6199      	str	r1, [r3, #24]
20000ce4:	4618      	mov	r0, r3
20000ce6:	a903      	add	r1, sp, #12
20000ce8:	9301      	str	r3, [sp, #4]
20000cea:	f000 f86d 	bl	20000dc8 <__tu_fifo_write_veneer>
20000cee:	9b01      	ldr	r3, [sp, #4]
20000cf0:	2200      	movs	r2, #0
20000cf2:	6959      	ldr	r1, [r3, #20]
20000cf4:	e8c1 2f8f 	stlb	r2, [r1]
20000cf8:	699b      	ldr	r3, [r3, #24]
20000cfa:	f383 8810 	msr	PRIMASK, r3
20000cfe:	2800      	cmp	r0, #0
20000d00:	d088      	beq.n	20000c14 <dcd_event_handler+0x7c>
20000d02:	4632      	mov	r2, r6
20000d04:	f89d 100d 	ldrb.w	r1, [sp, #13]
20000d08:	f89d 000c 	ldrb.w	r0, [sp, #12]
20000d0c:	f000 f854 	bl	20000db8 <__tud_event_hook_cb_veneer>
20000d10:	e78e      	b.n	20000c30 <dcd_event_handler+0x98>
20000d12:	2500      	movs	r5, #0
20000d14:	2005      	movs	r0, #5
20000d16:	7819      	ldrb	r1, [r3, #0]
20000d18:	e9cd 5504 	strd	r5, r5, [sp, #16]
20000d1c:	f021 0104 	bic.w	r1, r1, #4
20000d20:	9503      	str	r5, [sp, #12]
20000d22:	7019      	strb	r1, [r3, #0]
20000d24:	f88d 000d 	strb.w	r0, [sp, #13]
20000d28:	4a1c      	ldr	r2, [pc, #112]	@ (20000d9c <dcd_event_handler+0x204>)
20000d2a:	7821      	ldrb	r1, [r4, #0]
20000d2c:	6812      	ldr	r2, [r2, #0]
20000d2e:	f88d 100c 	strb.w	r1, [sp, #12]
20000d32:	6951      	ldr	r1, [r2, #20]
20000d34:	f3ef 8010 	mrs	r0, PRIMASK
20000d38:	b672      	cpsid	i
20000d3a:	e8d1 efcf 	ldaexb	lr, [r1]
20000d3e:	f05f 0c01 	movs.w	ip, #1
20000d42:	f1be 0f00 	cmp.w	lr, #0
20000d46:	d1f8      	bne.n	20000d3a <dcd_event_handler+0x1a2>
20000d48:	e8c1 cf4e 	strexb	lr, ip, [r1]
20000d4c:	f1be 0f00 	cmp.w	lr, #0
20000d50:	d1f3      	bne.n	20000d3a <dcd_event_handler+0x1a2>
20000d52:	f3bf 8f5f 	dmb	sy
20000d56:	6190      	str	r0, [r2, #24]
20000d58:	a903      	add	r1, sp, #12
20000d5a:	4610      	mov	r0, r2
20000d5c:	9201      	str	r2, [sp, #4]
20000d5e:	f000 f833 	bl	20000dc8 <__tu_fifo_write_veneer>
20000d62:	9a01      	ldr	r2, [sp, #4]
20000d64:	6951      	ldr	r1, [r2, #20]
20000d66:	e8c1 5f8f 	stlb	r5, [r1]
20000d6a:	6992      	ldr	r2, [r2, #24]
20000d6c:	f382 8810 	msr	PRIMASK, r2
20000d70:	4b09      	ldr	r3, [pc, #36]	@ (20000d98 <dcd_event_handler+0x200>)
20000d72:	b938      	cbnz	r0, 20000d84 <dcd_event_handler+0x1ec>
20000d74:	f04f 22e0 	mov.w	r2, #3758153728	@ 0xe000e000
20000d78:	f8d2 2df0 	ldr.w	r2, [r2, #3568]	@ 0xdf0
20000d7c:	07d1      	lsls	r1, r2, #31
20000d7e:	d594      	bpl.n	20000caa <dcd_event_handler+0x112>
20000d80:	be00      	bkpt	0x0000
20000d82:	e792      	b.n	20000caa <dcd_event_handler+0x112>
20000d84:	4632      	mov	r2, r6
20000d86:	f89d 100d 	ldrb.w	r1, [sp, #13]
20000d8a:	f89d 000c 	ldrb.w	r0, [sp, #12]
20000d8e:	f000 f813 	bl	20000db8 <__tud_event_hook_cb_veneer>
20000d92:	4b01      	ldr	r3, [pc, #4]	@ (20000d98 <dcd_event_handler+0x200>)
20000d94:	e789      	b.n	20000caa <dcd_event_handler+0x112>
20000d96:	bf00      	nop
20000d98:	2000e600 	.word	0x2000e600
20000d9c:	2000e658 	.word	0x2000e658
20000da0:	2000eeea 	.word	0x2000eeea
20000da4:	2000eee8 	.word	0x2000eee8
20000da8:	2000e4f8 	.word	0x2000e4f8
20000dac:	100052a0 	.word	0x100052a0

20000db0 <__time_us_64_veneer>:
20000db0:	f85f f000 	ldr.w	pc, [pc]	@ 20000db4 <__time_us_64_veneer+0x4>
20000db4:	100019b9 	.word	0x100019b9

20000db8 <__tud_event_hook_cb_veneer>:
20000db8:	f85f f000 	ldr.w	pc, [pc]	@ 20000dbc <__tud_event_hook_cb_veneer+0x4>
20000dbc:	10002d0d 	.word	0x10002d0d

20000dc0 <__panic_veneer>:
20000dc0:	f85f f000 	ldr.w	pc, [pc]	@ 20000dc4 <__panic_veneer+0x4>
20000dc4:	10000881 	.word	0x10000881

20000dc8 <__tu_fifo_write_veneer>:
20000dc8:	f85f f000 	ldr.w	pc, [pc]	@ 20000dcc <__tu_fifo_write_veneer+0x4>
20000dcc:	100047c5 	.word	0x100047c5

20000dd0 <__memset_veneer>:
20000dd0:	f85f f000 	ldr.w	pc, [pc]	@ 20000dd4 <__memset_veneer+0x4>
20000dd4:	10004c9d 	.word	0x10004c9d

20000dd8 <__best_effort_wfe_or_timeout_veneer>:
20000dd8:	f85f f000 	ldr.w	pc, [pc]	@ 20000ddc <__best_effort_wfe_or_timeout_veneer+0x4>
20000ddc:	1000188d 	.word	0x1000188d

20000de0 <c_payloadStart>:
20000de0:	6563694c 	.word	0x6563694c
20000de4:	6465736e 	.word	0x6465736e
20000de8:	20796220 	.word	0x20796220
20000dec:	796e6f53 	.word	0x796e6f53
20000df0:	6d6f4320 	.word	0x6d6f4320
20000df4:	65747570 	.word	0x65747570
20000df8:	6e452072 	.word	0x6e452072
20000dfc:	74726574 	.word	0x74726574
20000e00:	6d6e6961 	.word	0x6d6e6961
20000e04:	20746e65 	.word	0x20746e65
20000e08:	2e636e49 	.word	0x2e636e49
20000e0c:	1f000000 	.word	0x1f000000
20000e10:	40803800 	.word	0x40803800
20000e14:	240affff 	.word	0x240affff
20000e18:	3c098003 	.word	0x3c098003
20000e1c:	3c08eb80 	.word	0x3c08eb80
20000e20:	408a5800 	.word	0x408a5800
20000e24:	408a4800 	.word	0x408a4800
20000e28:	40892800 	.word	0x40892800
20000e2c:	40891800 	.word	0x40891800
20000e30:	40883800 	.word	0x40883800
20000e34:	3c088ca7 	.word	0x3c088ca7
20000e38:	ac080024 	.word	0xac080024
20000e3c:	3c0824c6 	.word	0x3c0824c6
20000e40:	3508ffff 	.word	0x3508ffff
20000e44:	ac080028 	.word	0xac080028
20000e48:	3c08ac87 	.word	0x3c08ac87
20000e4c:	ac08002c 	.word	0xac08002c
20000e50:	3c0814c0 	.word	0x3c0814c0
20000e54:	3508fffc 	.word	0x3508fffc
20000e58:	ac080030 	.word	0xac080030
20000e5c:	3c082484 	.word	0x3c082484
20000e60:	35080004 	.word	0x35080004
20000e64:	ac080034 	.word	0xac080034
20000e68:	3c080800 	.word	0x3c080800
20000e6c:	35080028 	.word	0x35080028
20000e70:	ac080038 	.word	0xac080038
20000e74:	3c082409 	.word	0x3c082409
20000e78:	35080044 	.word	0x35080044
20000e7c:	ac08003c 	.word	0xac08003c
20000e80:	3c084080 	.word	0x3c084080
20000e84:	35083800 	.word	0x35083800
20000e88:	ac080040 	.word	0xac080040
20000e8c:	3c083c04 	.word	0x3c083c04
20000e90:	3508801c 	.word	0x3508801c
20000e94:	ac080044 	.word	0xac080044
20000e98:	3c083484 	.word	0x3c083484
20000e9c:	35083e78 	.word	0x35083e78
20000ea0:	ac080048 	.word	0xac080048
20000ea4:	3c083c1f 	.word	0x3c083c1f
20000ea8:	3508801d 	.word	0x3508801d
20000eac:	ac08004c 	.word	0xac08004c
20000eb0:	3c0837ff 	.word	0x3c0837ff
20000eb4:	35081164 	.word	0x35081164
20000eb8:	ac080050 	.word	0xac080050
20000ebc:	3c083c05 	.word	0x3c083c05
20000ec0:	3508bf00 	.word	0x3508bf00
20000ec4:	ac080054 	.word	0xac080054
20000ec8:	3c080800 	.word	0x3c080800
20000ecc:	35080009 	.word	0x35080009
20000ed0:	ac080058 	.word	0xac080058
20000ed4:	3c083406 	.word	0x3c083406
20000ed8:	350834c7 	.word	0x350834c7
20000edc:	03e00008 	.word	0x03e00008
20000ee0:	ac08005c 	.word	0xac08005c
20000ee4:	08801dff 	.word	0x08801dff
20000ee8:	0810003c 	.word	0x0810003c
20000eec:	801eff25 	.word	0x801eff25
20000ef0:	8a303c09 	.word	0x8a303c09
20000ef4:	05f92529 	.word	0x05f92529
20000ef8:	00110900 	.word	0x00110900
20000efc:	0004ad1e 	.word	0x0004ad1e
20000f00:	fffd2ede 	.word	0xfffd2ede
20000f04:	1dce1509 	.word	0x1dce1509
20000f08:	06df2404 	.word	0x06df2404
20000f0c:	c00e2405 	.word	0xc00e2405
20000f10:	1b08bb06 	.word	0x1b08bb06
20000f14:	bdffffd0 	.word	0xbdffffd0
20000f18:	02be4827 	.word	0x02be4827
20000f1c:	fd002c34 	.word	0xfd002c34
20000f20:	0028afbf 	.word	0x0028afbf
20000f24:	38bfafb3 	.word	0x38bfafb3
20000f28:	0020afb2 	.word	0x0020afb2
20000f2c:	1cf6afb1 	.word	0x1cf6afb1
20000f30:	3aafb000 	.word	0x3aafb000
20000f34:	2e8c43ff 	.word	0x2e8c43ff
20000f38:	753c02f1 	.word	0x753c02f1
20000f3c:	3442dbe1 	.word	0x3442dbe1
20000f40:	bb146258 	.word	0xbb146258
20000f44:	b3274e4c 	.word	0xb3274e4c
20000f48:	717fec5b 	.word	0x717fec5b
20000f4c:	a4244400 	.word	0xa4244400
20000f50:	14ff6400 	.word	0x14ff6400
20000f54:	24420072 	.word	0x24420072
20000f58:	ba06e43a 	.word	0xba06e43a
20000f5c:	dd8c970c 	.word	0xdd8c970c
20000f60:	f6bf180f 	.word	0xf6bf180f
20000f64:	0200b024 	.word	0x0200b024
20000f68:	f8df0924 	.word	0xf8df0924
20000f6c:	b3bee340 	.word	0xb3bee340
20000f70:	b3582fe6 	.word	0xb3582fe6
20000f74:	3c470fee 	.word	0x3c470fee
20000f78:	260e1801 	.word	0x260e1801
20000f7c:	0e6f8e66 	.word	0x0e6f8e66
20000f80:	07d02403 	.word	0x07d02403
20000f84:	8d0c07ff 	.word	0x8d0c07ff
20000f88:	1fa04310 	.word	0x1fa04310
20000f8c:	d63f65e7 	.word	0xd63f65e7
20000f90:	bb1e8e2f 	.word	0xbb1e8e2f
20000f94:	00251780 	.word	0x00251780
20000f98:	251460f6 	.word	0x251460f6
20000f9c:	c6bb8e98 	.word	0xc6bb8e98
20000fa0:	106e2e86 	.word	0x106e2e86
20000fa4:	25da0f3c 	.word	0x25da0f3c
20000fa8:	0b251e88 	.word	0x0b251e88
20000fac:	bc660048 	.word	0xbc660048
20000fb0:	db9016e5 	.word	0xdb9016e5
20000fb4:	3f9fe566 	.word	0x3f9fe566
20000fb8:	8e0407c0 	.word	0x8e0407c0
20000fbc:	87e5b34a 	.word	0x87e5b34a
20000fc0:	4000ed03 	.word	0x4000ed03
20000fc4:	b0060a16 	.word	0xb0060a16
20000fc8:	1cf7f73c 	.word	0x1cf7f73c
20000fcc:	ecd60580 	.word	0xecd60580
20000fd0:	92dc3c04 	.word	0x92dc3c04
20000fd4:	a574360b 	.word	0xa574360b
20000fd8:	eb2824ef 	.word	0xeb2824ef
20000fdc:	84eec02e 	.word	0x84eec02e
20000fe0:	f75e3b24 	.word	0xf75e3b24
20000fe4:	5f77266e 	.word	0x5f77266e
20000fe8:	00021675 	.word	0x00021675
20000fec:	332405c8 	.word	0x332405c8
20000ff0:	d8768601 	.word	0xd8768601
20000ff4:	130e1620 	.word	0x130e1620
20000ff8:	170b8f96 	.word	0x170b8f96
20000ffc:	62603681 	.word	0x62603681
20001000:	96169ba2 	.word	0x96169ba2
20001004:	266ec194 	.word	0x266ec194
20001008:	0f84b730 	.word	0x0f84b730
2000100c:	5f058f8f 	.word	0x5f058f8f
20001010:	409115ca 	.word	0x409115ca
20001014:	4825ff77 	.word	0x4825ff77
20001018:	a8677040 	.word	0xa8677040
2000101c:	4e60c236 	.word	0x4e60c236
20001020:	380b0742 	.word	0x380b0742
20001024:	6c83ac02 	.word	0x6c83ac02
20001028:	758cc90e 	.word	0x758cc90e
2000102c:	cf84c2ee 	.word	0xcf84c2ee
20001030:	04023e17 	.word	0x04023e17
20001034:	6d176e5f 	.word	0x6d176e5f
20001038:	cdac4006 	.word	0xcdac4006
2000103c:	b002b6df 	.word	0xb002b6df
20001040:	50cbdfa1 	.word	0x50cbdfa1
20001044:	78781766 	.word	0x78781766
20001048:	0896785a 	.word	0x0896785a
2000104c:	19272e76 	.word	0x19272e76
20001050:	d8f2f688 	.word	0xd8f2f688
20001054:	77777387 	.word	0x77777387
20001058:	03f16e0a 	.word	0x03f16e0a
2000105c:	5388888e 	.word	0x5388888e
20001060:	105b3f7e 	.word	0x105b3f7e
20001064:	be3c1146 	.word	0xbe3c1146
20001068:	ff12571d 	.word	0xff12571d
2000106c:	b83c1306 	.word	0xb83c1306
20001070:	26da31c7 	.word	0x26da31c7
20001074:	e68eb694 	.word	0xe68eb694
20001078:	42ed4e57 	.word	0x42ed4e57
2000107c:	14decd28 	.word	0x14decd28
20001080:	0c0086ed 	.word	0x0c0086ed
20001084:	00dc108e 	.word	0x00dc108e
20001088:	000b47ae 	.word	0x000b47ae
2000108c:	33d92411 	.word	0x33d92411
20001090:	f3c597ea 	.word	0xf3c597ea
20001094:	ec0487d9 	.word	0xec0487d9
20001098:	ec1ff0e3 	.word	0xec1ff0e3
2000109c:	f70ff92e 	.word	0xf70ff92e
200010a0:	9f4223a4 	.word	0x9f4223a4
200010a4:	105184b6 	.word	0x105184b6
200010a8:	43bf0fe7 	.word	0x43bf0fe7
200010ac:	1adb8602 	.word	0x1adb8602
200010b0:	d90d001e 	.word	0xd90d001e
200010b4:	ef2e0700 	.word	0xef2e0700
200010b8:	08d6282a 	.word	0x08d6282a
200010bc:	b71b1034 	.word	0xb71b1034
200010c0:	a2db0014 	.word	0xa2db0014
200010c4:	afa024af 	.word	0xafa024af
200010c8:	24071e6d 	.word	0x24071e6d
200010cc:	240606b8 	.word	0x240606b8
200010d0:	54e67d6c 	.word	0x54e67d6c
200010d4:	5496aef3 	.word	0x5496aef3
200010d8:	583708b6 	.word	0x583708b6
200010dc:	5876364e 	.word	0x5876364e
200010e0:	1e26cffa 	.word	0x1e26cffa
200010e4:	00d0efae 	.word	0x00d0efae
200010e8:	b2efaf40 	.word	0xb2efaf40
200010ec:	d9df070c 	.word	0xd9df070c
200010f0:	d9efda95 	.word	0xd9efda95
200010f4:	f20ffcd7 	.word	0xf20ffcd7
200010f8:	1462ff5e 	.word	0x1462ff5e
200010fc:	17bf45a8 	.word	0x17bf45a8
20001100:	1000ff5a 	.word	0x1000ff5a
20001104:	f8286f04 	.word	0xf8286f04
20001108:	f3e2aee0 	.word	0xf3e2aee0
2000110c:	5e0dc7e1 	.word	0x5e0dc7e1
20001110:	16efb445 	.word	0x16efb445
20001114:	985e3d98 	.word	0x985e3d98
20001118:	82cfe69f 	.word	0x82cfe69f
2000111c:	fe6a28a6 	.word	0xfe6a28a6
20001120:	30a5000f 	.word	0x30a5000f
20001124:	89a2fffc 	.word	0x89a2fffc
20001128:	2cce1476 	.word	0x2cce1476
2000112c:	10601637 	.word	0x10601637
20001130:	0218d180 	.word	0x0218d180
20001134:	c564f01f 	.word	0xc564f01f
20001138:	4f210651 	.word	0x4f210651
2000113c:	86424ac6 	.word	0x86424ac6
20001140:	40765f8c 	.word	0x40765f8c
20001144:	04188f00 	.word	0x04188f00
20001148:	8ed8663b 	.word	0x8ed8663b
2000114c:	16549fb8 	.word	0x16549fb8
20001150:	7017b70d 	.word	0x7017b70d
20001154:	6484e484 	.word	0x6484e484
20001158:	00b45dbf 	.word	0x00b45dbf
2000115c:	e8b68da7 	.word	0xe8b68da7
20001160:	dc668da6 	.word	0xdc668da6
20001164:	c0378da5 	.word	0xc0378da5
20001168:	3fe69d1e 	.word	0x3fe69d1e
2000116c:	24b99a30 	.word	0x24b99a30
20001170:	1ce72079 	.word	0x1ce72079
20001174:	58b91890 	.word	0x58b91890
20001178:	309e34e7 	.word	0x309e34e7
2000117c:	0b28792c 	.word	0x0b28792c
20001180:	7944809e 	.word	0x7944809e
20001184:	903ce740 	.word	0x903ce740
20001188:	e7a8b938 	.word	0xe7a8b938
2000118c:	4c509e54 	.word	0x4c509e54
20001190:	9e0b4879 	.word	0x9e0b4879
20001194:	607964d0 	.word	0x607964d0
20001198:	58905ce7 	.word	0x58905ce7
2000119c:	74e7f8b9 	.word	0x74e7f8b9
200011a0:	796c709e 	.word	0x796c709e
200011a4:	20cd0b68 	.word	0x20cd0b68
200011a8:	803c84ba 	.word	0x803c84ba
200011ac:	78c87cf3 	.word	0x78c87cf3
200011b0:	94f3485c 	.word	0x94f3485c
200011b4:	882e8cde 	.word	0x882e8cde
200011b8:	b09046f3 	.word	0xb09046f3
200011bc:	db70333f 	.word	0xdb70333f
200011c0:	17176704 	.word	0x17176704
200011c4:	f3d01e7c 	.word	0xf3d01e7c
200011c8:	d831df71 	.word	0xd831df71
200011cc:	be87be60 	.word	0xbe87be60
200011d0:	fffb7416 	.word	0xfffb7416
200011d4:	507f7840 	.word	0x507f7840
200011d8:	2e1d9eba 	.word	0x2e1d9eba
200011dc:	ee1e05df 	.word	0xee1e05df
200011e0:	b8bf2da2 	.word	0xb8bf2da2
200011e4:	06de274c 	.word	0x06de274c
200011e8:	28799e1e 	.word	0x28799e1e
200011ec:	9ae70739 	.word	0x9ae70739
200011f0:	089e5093 	.word	0x089e5093
200011f4:	397c7996 	.word	0x397c7996
200011f8:	9392e709 	.word	0x9392e709
200011fc:	8e0a9ea0 	.word	0x8e0a9ea0
20001200:	0b39b479 	.word	0x0b39b479
20001204:	d8938ae7 	.word	0xd8938ae7
20001208:	eb860c9e 	.word	0xeb860c9e
2000120c:	371fb9df 	.word	0x371fb9df
20001210:	249e1683 	.word	0x249e1683
20001214:	00701b25 	.word	0x00701b25
20001218:	8c7afdde 	.word	0x8c7afdde
2000121c:	42081025 	.word	0x42081025
20001220:	b6435f17 	.word	0xb6435f17
20001224:	ae431624 	.word	0xae431624
20001228:	03300efa 	.word	0x03300efa
2000122c:	8aed1ff0 	.word	0x8aed1ff0
20001230:	9e5e3201 	.word	0x9e5e3201
20001234:	863b32fa 	.word	0x863b32fa
20001238:	6ac11090 	.word	0x6ac11090
2000123c:	ae87ff8e 	.word	0xae87ff8e
20001240:	1821da37 	.word	0x1821da37
20001244:	6d5a7b71 	.word	0x6d5a7b71
20001248:	60287e70 	.word	0x60287e70
2000124c:	a0382501 	.word	0xa0382501
20001250:	fe161c9d 	.word	0xfe161c9d
20001254:	a601f17f 	.word	0xa601f17f
20001258:	4a8720dd 	.word	0x4a8720dd
2000125c:	e87e2582 	.word	0xe87e2582
20001260:	fd122942 	.word	0xfd122942
20001264:	6d5821de 	.word	0x6d5821de
20001268:	ae6ef501 	.word	0xae6ef501
2000126c:	298658f0 	.word	0x298658f0
20001270:	140e6de6 	.word	0x140e6de6
20001274:	5a563bb0 	.word	0x5a563bb0
20001278:	024c5633 	.word	0x024c5633
2000127c:	5eb9871e 	.word	0x5eb9871e
20001280:	040030e1 	.word	0x040030e1
20001284:	e1206f8f 	.word	0xe1206f8f
20001288:	62751e7a 	.word	0x62751e7a
2000128c:	d3066077 	.word	0xd3066077
20001290:	efae774e 	.word	0xefae774e
20001294:	608ede0e 	.word	0x608ede0e
20001298:	991ab2ae 	.word	0x991ab2ae
2000129c:	a6676177 	.word	0xa6676177
200012a0:	01d84706 	.word	0x01d84706
200012a4:	0a00a01e 	.word	0x0a00a01e
200012a8:	01401eaf 	.word	0x01401eaf
200012ac:	965e3f81 	.word	0x965e3f81
200012b0:	401a6800 	.word	0x401a6800
200012b4:	086d6807 	.word	0x086d6807
200012b8:	db131e02 	.word	0xdb131e02
200012bc:	f8022244 	.word	0xf8022244
200012c0:	275ae0ff 	.word	0x275ae0ff
200012c4:	170eadea 	.word	0x170eadea
200012c8:	06041a24 	.word	0x06041a24
200012cc:	8f0fc008 	.word	0x8f0fc008
200012d0:	6df6a257 	.word	0x6df6a257
200012d4:	b6770d08 	.word	0xb6770d08
200012d8:	0703e020 	.word	0x0703e020
200012dc:	a7ff81ae 	.word	0xa7ff81ae
200012e0:	f025afbe 	.word	0xf025afbe
200012e4:	0603a0e9 	.word	0x0603a0e9
200012e8:	78c686d1 	.word	0x78c686d1
200012ec:	bf06afc2 	.word	0xbf06afc2
200012f0:	0342e617 	.word	0x0342e617
200012f4:	a0408eb8 	.word	0xa0408eb8
200012f8:	b7571486 	.word	0xb7571486
200012fc:	feafc0f8 	.word	0xfeafc0f8
20001300:	ef0d9606 	.word	0xef0d9606
20001304:	86af55a1 	.word	0x86af55a1
20001308:	8f40abf6 	.word	0x8f40abf6
2000130c:	b92fffd8 	.word	0xb92fffd8
20001310:	c1663605 	.word	0xc1663605
20001314:	77bf8fc2 	.word	0x77bf8fc2
20001318:	7f7b1634 	.word	0x7f7b1634
2000131c:	60ee02ee 	.word	0x60ee02ee
20001320:	052f167f 	.word	0x052f167f
20001324:	80667fa1 	.word	0x80667fa1
20001328:	044f5d7f 	.word	0x044f5d7f
2000132c:	00105e21 	.word	0x00105e21
20001330:	ae059049 	.word	0xae059049
20001334:	06904b20 	.word	0x06904b20
20001338:	e84f40ae 	.word	0xe84f40ae
2000133c:	afbe03d8 	.word	0xafbe03d8
20001340:	010a3042 	.word	0x010a3042
20001344:	c73660b7 	.word	0xc73660b7
20001348:	8fc518da 	.word	0x8fc518da
2000134c:	81b0f7f7 	.word	0x81b0f7f7
20001350:	08b75f44 	.word	0x08b75f44
20001354:	06fa8fdd 	.word	0x06fa8fdd
20001358:	b78f810c 	.word	0xb78f810c
2000135c:	7c256704 	.word	0x7c256704
20001360:	53007a0a 	.word	0x53007a0a
20001364:	c60e048f 	.word	0xc60e048f
20001368:	90dd4e01 	.word	0x90dd4e01
2000136c:	ef6e0917 	.word	0xef6e0917
20001370:	0427d706 	.word	0x0427d706
20001374:	6d67e926 	.word	0x6d67e926
20001378:	702f4031 	.word	0x702f4031
2000137c:	207e5b27 	.word	0x207e5b27
20001380:	de6eefe1 	.word	0xde6eefe1
20001384:	3c06fe2b 	.word	0x3c06fe2b
20001388:	3c05b66c 	.word	0x3c05b66c
2000138c:	7a2f1e50 	.word	0x7a2f1e50
20001390:	0c06eb28 	.word	0x0c06eb28
20001394:	50616f60 	.word	0x50616f60
20001398:	365c8e50 	.word	0x365c8e50
2000139c:	5f6077c0 	.word	0x5f6077c0
200013a0:	8ba3c2cf 	.word	0x8ba3c2cf
200013a4:	12b6ce18 	.word	0x12b6ce18
200013a8:	c316dcdf 	.word	0xc316dcdf
200013ac:	87171c8f 	.word	0x87171c8f
200013b0:	6210df21 	.word	0x6210df21
200013b4:	6c80430a 	.word	0x6c80430a
200013b8:	198fc426 	.word	0x198fc426
200013bc:	821ea077 	.word	0x821ea077
200013c0:	9f4ece38 	.word	0x9f4ece38
200013c4:	5f62e66b 	.word	0x5f62e66b
200013c8:	71c07eda 	.word	0x71c07eda
200013cc:	7b24e747 	.word	0x7b24e747
200013d0:	9987af16 	.word	0x9987af16
200013d4:	2a5eaf3e 	.word	0x2a5eaf3e
200013d8:	ffe0eb7e 	.word	0xffe0eb7e
200013dc:	8f801440 	.word	0x8f801440
200013e0:	830e7010 	.word	0x830e7010
200013e4:	378307c0 	.word	0x378307c0
200013e8:	61272c41 	.word	0x61272c41
200013ec:	ab1fdf5a 	.word	0xab1fdf5a
200013f0:	4dc282ae 	.word	0x4dc282ae
200013f4:	04668397 	.word	0x04668397
200013f8:	6fb104bf 	.word	0x6fb104bf
200013fc:	22582132 	.word	0x22582132
20001400:	3920190f 	.word	0x3920190f
20001404:	1f213b0c 	.word	0x1f213b0c
20001408:	9f580871 	.word	0x9f580871
2000140c:	7d06efb3 	.word	0x7d06efb3
20001410:	81c43c03 	.word	0x81c43c03
20001414:	10967663 	.word	0x10967663
20001418:	a00f1743 	.word	0xa00f1743
2000141c:	6f4fb102 	.word	0x6f4fb102
20001420:	c0e8256f 	.word	0xc0e8256f
20001424:	8fbe4f03 	.word	0x8fbe4f03
20001428:	fe528f3d 	.word	0xfe528f3d
2000142c:	e7e0d664 	.word	0xe7e0d664
20001430:	ee9e5f1c 	.word	0xee9e5f1c
20001434:	36207924 	.word	0x36207924
20001438:	0ec4b03e 	.word	0x0ec4b03e
2000143c:	6000c205 	.word	0x6000c205
20001440:	28265456 	.word	0x28265456
20001444:	0f3be742 	.word	0x0f3be742
20001448:	b0e6ff8f 	.word	0xb0e6ff8f
2000144c:	04182f18 	.word	0x04182f18
20001450:	2727ee6e 	.word	0x2727ee6e
20001454:	16f80318 	.word	0x16f80318
20001458:	ef203063 	.word	0xef203063
2000145c:	19068758 	.word	0x19068758
20001460:	7f2e2c78 	.word	0x7f2e2c78
20001464:	449f0b15 	.word	0x449f0b15
20001468:	a6ed2287 	.word	0xa6ed2287
2000146c:	8bc53e83 	.word	0x8bc53e83
20001470:	83db5683 	.word	0x83db5683
20001474:	268b4719 	.word	0x268b4719
20001478:	2c360f5e 	.word	0x2c360f5e
2000147c:	160e7770 	.word	0x160e7770
20001480:	9e82f601 	.word	0x9e82f601
20001484:	008030f4 	.word	0x008030f4
20001488:	d4df5c28 	.word	0xd4df5c28
2000148c:	307fb495 	.word	0x307fb495
20001490:	fb9e092b 	.word	0xfb9e092b
20001494:	0e1600f7 	.word	0x0e1600f7
20001498:	3a06035c 	.word	0x3a06035c
2000149c:	2079241f 	.word	0x2079241f
200014a0:	0ab028e4 	.word	0x0ab028e4
200014a4:	6414160f 	.word	0x6414160f
200014a8:	e8efe1be 	.word	0xe8efe1be
200014ac:	87fc14cf 	.word	0x87fc14cf
200014b0:	06563bc0 	.word	0x06563bc0
200014b4:	0d141c4f 	.word	0x0d141c4f
200014b8:	90b7aebf 	.word	0x90b7aebf
200014bc:	ee868e29 	.word	0xee868e29
200014c0:	14800e7d 	.word	0x14800e7d
200014c4:	3613278c 	.word	0x3613278c
200014c8:	afc46816 	.word	0xafc46816
200014cc:	4c033f86 	.word	0x4c033f86
200014d0:	a65e3f58 	.word	0xa65e3f58
200014d4:	478a1caf 	.word	0x478a1caf
200014d8:	441f1cef 	.word	0x441f1cef
200014dc:	662bc147 	.word	0x662bc147
200014e0:	7647e9d1 	.word	0x7647e9d1
200014e4:	08e14720 	.word	0x08e14720
200014e8:	e76957b0 	.word	0xe76957b0
200014ec:	bf5a2cf4 	.word	0xbf5a2cf4
200014f0:	76170b5a 	.word	0x76170b5a
200014f4:	49821837 	.word	0x49821837
200014f8:	6c67b002 	.word	0x6c67b002
200014fc:	7655557f 	.word	0x7655557f
20001500:	89ffaabe 	.word	0x89ffaabe
20001504:	aa1f762f 	.word	0xaa1f762f
20001508:	00556c2a 	.word	0x00556c2a
2000150c:	903fe992 	.word	0x903fe992
20001510:	57068c31 	.word	0x57068c31
20001514:	20344488 	.word	0x20344488
20001518:	827fe1b4 	.word	0x827fe1b4
2000151c:	15401687 	.word	0x15401687
20001520:	5f44047e 	.word	0x5f44047e
20001524:	25c9276c 	.word	0x25c9276c
20001528:	f003c7b0 	.word	0xf003c7b0
2000152c:	dbae5b20 	.word	0xdbae5b20
20001530:	93c38e93 	.word	0x93c38e93
20001534:	60309f7e 	.word	0x60309f7e
20001538:	402806d8 	.word	0x402806d8
2000153c:	95449f3c 	.word	0x95449f3c
20001540:	bf4e24de 	.word	0xbf4e24de
20001544:	0007861f 	.word	0x0007861f
20001548:	6f7fee12 	.word	0x6f7fee12
2000154c:	031e12bc 	.word	0x031e12bc
20001550:	b3bf7298 	.word	0xb3bf7298
20001554:	c9004fe7 	.word	0xc9004fe7
20001558:	57e15a10 	.word	0x57e15a10
2000155c:	bb9f07a6 	.word	0xbb9f07a6
20001560:	e456ef64 	.word	0xe456ef64
20001564:	3197c44f 	.word	0x3197c44f
20001568:	1476f3e8 	.word	0x1476f3e8
2000156c:	87bb10c9 	.word	0x87bb10c9
20001570:	ef441002 	.word	0xef441002
20001574:	9b1825e0 	.word	0x9b1825e0
20001578:	0e1f0397 	.word	0x0e1f0397
2000157c:	be0e4030 	.word	0xbe0e4030
20001580:	9027fb60 	.word	0x9027fb60
20001584:	a7b75bcf 	.word	0xa7b75bcf
20001588:	18109e14 	.word	0x18109e14
2000158c:	1ce09e4b 	.word	0x1ce09e4b
20001590:	042f1879 	.word	0x042f1879
20001594:	b7f11310 	.word	0xb7f11310
20001598:	c02fd610 	.word	0xc02fd610
2000159c:	97b40cdf 	.word	0x97b40cdf
200015a0:	756f1d14 	.word	0x756f1d14
200015a4:	8c6ed714 	.word	0x8c6ed714
200015a8:	be7e2e0f 	.word	0xbe7e2e0f
200015ac:	c20c0f44 	.word	0xc20c0f44
200015b0:	b60f2b77 	.word	0xb60f2b77
200015b4:	07a81f00 	.word	0x07a81f00
200015b8:	dc18a716 	.word	0xdc18a716
200015bc:	1ce78722 	.word	0x1ce78722
200015c0:	4220189e 	.word	0x4220189e
200015c4:	c71d00b8 	.word	0xc71d00b8
200015c8:	a386f129 	.word	0xa386f129
200015cc:	f9a7d200 	.word	0xf9a7d200
200015d0:	c0311127 	.word	0xc0311127
200015d4:	5d00c8a7 	.word	0x5d00c8a7
200015d8:	5a6f1400 	.word	0x5a6f1400
200015dc:	10f4671e 	.word	0x10f4671e
200015e0:	5600a040 	.word	0x5600a040
200015e4:	835f017f 	.word	0x835f017f
200015e8:	a0433d57 	.word	0xa0433d57
200015ec:	6c8f1100 	.word	0x6c8f1100
200015f0:	b4033337 	.word	0xb4033337
200015f4:	17822097 	.word	0x17822097
200015f8:	2abf4214 	.word	0x2abf4214
200015fc:	0510181f 	.word	0x0510181f
20001600:	0009f11f 	.word	0x0009f11f
20001604:	035f4762 	.word	0x035f4762
20001608:	11923f6b 	.word	0x11923f6b
2000160c:	9fa11062 	.word	0x9fa11062
20001610:	3876e000 	.word	0x3876e000
20001614:	40c58710 	.word	0x40c58710
20001618:	1f826067 	.word	0x1f826067
2000161c:	89ff801d 	.word	0x89ff801d
20001620:	1c5f6a1f 	.word	0x1c5f6a1f
20001624:	97300060 	.word	0x97300060
20001628:	a1876a48 	.word	0xa1876a48
2000162c:	e008070c 	.word	0xe008070c
20001630:	564f84c7 	.word	0x564f84c7
20001634:	40ee574c 	.word	0x40ee574c
20001638:	089d0fac 	.word	0x089d0fac
2000163c:	566427d4 	.word	0x566427d4
20001640:	c410d7ef 	.word	0xc410d7ef
20001644:	06de668e 	.word	0x06de668e
20001648:	f830fc0d 	.word	0xf830fc0d
2000164c:	122442d1 	.word	0x122442d1
20001650:	36c75c18 	.word	0x36c75c18
20001654:	0e06ff90 	.word	0x0e06ff90
20001658:	67dc6f2a 	.word	0x67dc6f2a
2000165c:	664356d7 	.word	0x664356d7
20001660:	82f67f5e 	.word	0x82f67f5e
20001664:	67101200 	.word	0x67101200
20001668:	03e40164 	.word	0x03e40164
2000166c:	620007f8 	.word	0x620007f8
20001670:	424c471c 	.word	0x424c471c
20001674:	44dea0cb 	.word	0x44dea0cb
20001678:	86217771 	.word	0x86217771
2000167c:	50700167 	.word	0x50700167
20001680:	ce952027 	.word	0xce952027
20001684:	8eb02047 	.word	0x8eb02047
20001688:	0f50ac43 	.word	0x0f50ac43
2000168c:	e44f0436 	.word	0xe44f0436
20001690:	0c828b04 	.word	0x0c828b04
20001694:	ef0ced5f 	.word	0xef0ced5f
20001698:	0d034f6c 	.word	0x0d034f6c
2000169c:	3f050027 	.word	0x3f050027
200016a0:	ef6e1017 	.word	0xef6e1017
200016a4:	14bb4814 	.word	0x14bb4814
200016a8:	c510734f 	.word	0xc510734f
200016ac:	6100170c 	.word	0x6100170c
200016b0:	ff939f9c 	.word	0xff939f9c
200016b4:	0890d702 	.word	0x0890d702
200016b8:	b80864ff 	.word	0xb80864ff
200016bc:	686efdff 	.word	0x686efdff
200016c0:	0ef79611 	.word	0x0ef79611
200016c4:	b7763e6b 	.word	0xb7763e6b
200016c8:	06c1a47e 	.word	0x06c1a47e
200016cc:	582f030c 	.word	0x582f030c
200016d0:	0431b704 	.word	0x0431b704
200016d4:	81be97e7 	.word	0x81be97e7
200016d8:	8eef5234 	.word	0x8eef5234
200016dc:	9607906e 	.word	0x9607906e
200016e0:	620006f6 	.word	0x620006f6
200016e4:	78100e27 	.word	0x78100e27
200016e8:	c607ee16 	.word	0xc607ee16
200016ec:	12367725 	.word	0x12367725
200016f0:	6096b66f 	.word	0x6096b66f
200016f4:	038fc3f6 	.word	0x038fc3f6
200016f8:	176c9f46 	.word	0x176c9f46
200016fc:	40d24f10 	.word	0x40d24f10
20001700:	275037e4 	.word	0x275037e4
20001704:	571a5fb8 	.word	0x571a5fb8
20001708:	d8ff0a4b 	.word	0xd8ff0a4b
2000170c:	12827857 	.word	0x12827857
20001710:	77671602 	.word	0x77671602
20001714:	4582f827 	.word	0x4582f827
20001718:	6467df53 	.word	0x6467df53
2000171c:	6a244434 	.word	0x6a244434
20001720:	af52eb80 	.word	0xaf52eb80
20001724:	26b0de25 	.word	0x26b0de25
20001728:	e761df97 	.word	0xe761df97
2000172c:	9e379f74 	.word	0x9e379f74
20001730:	973719d1 	.word	0x973719d1
20001734:	47ac1ce0 	.word	0x47ac1ce0
20001738:	bab2ef10 	.word	0xbab2ef10
2000173c:	e7c3c661 	.word	0xe7c3c661
20001740:	5b4f040c 	.word	0x5b4f040c
20001744:	900c03f7 	.word	0x900c03f7
20001748:	02930983 	.word	0x02930983
2000174c:	0c971882 	.word	0x0c971882
20001750:	c626c650 	.word	0xc626c650
20001754:	0013f00e 	.word	0x0013f00e
20001758:	bf501462 	.word	0xbf501462
2000175c:	02c72836 	.word	0x02c72836
20001760:	b7c501e4 	.word	0xb7c501e4
20001764:	1007e20a 	.word	0x1007e20a
20001768:	3bb10fa8 	.word	0x3bb10fa8
2000176c:	b39dafa6 	.word	0xb39dafa6
20001770:	b436afc3 	.word	0xb436afc3
20001774:	ee8dbfc4 	.word	0xee8dbfc4
20001778:	6f04171e 	.word	0x6f04171e
2000177c:	05620faa 	.word	0x05620faa
20001780:	3645ce74 	.word	0x3645ce74
20001784:	a527c25f 	.word	0xa527c25f
20001788:	c45079a7 	.word	0xc45079a7
2000178c:	13a462e4 	.word	0x13a462e4
20001790:	83863c57 	.word	0x83863c57
20001794:	cf510c1f 	.word	0xcf510c1f
20001798:	ab6e80c1 	.word	0xab6e80c1
2000179c:	372f435f 	.word	0x372f435f
200017a0:	50a45f5b 	.word	0x50a45f5b
200017a4:	902b04b9 	.word	0x902b04b9
200017a8:	2e60b923 	.word	0x2e60b923
200017ac:	a85c4b08 	.word	0xa85c4b08
200017b0:	85175fcc 	.word	0x85175fcc
200017b4:	2ebf70da 	.word	0x2ebf70da
200017b8:	da5fc50b 	.word	0xda5fc50b
200017bc:	422cbf80 	.word	0x422cbf80
200017c0:	df0d0b37 	.word	0xdf0d0b37
200017c4:	37fe4f0a 	.word	0x37fe4f0a
200017c8:	3746c58c 	.word	0x3746c58c
200017cc:	de0a6fc1 	.word	0xde0a6fc1
200017d0:	0c6fd03e 	.word	0x0c6fd03e
200017d4:	035c9002 	.word	0x035c9002
200017d8:	90045c90 	.word	0x90045c90
200017dc:	ec977658 	.word	0xec977658
200017e0:	184f2383 	.word	0x184f2383
200017e4:	4a87a7fc 	.word	0x4a87a7fc
200017e8:	9f44a3f7 	.word	0x9f44a3f7
200017ec:	195f8802 	.word	0x195f8802
200017f0:	ace40247 	.word	0xace40247
200017f4:	8418c12b 	.word	0x8418c12b
200017f8:	623c130f 	.word	0x623c130f
200017fc:	b46ce41f 	.word	0xb46ce41f
20001800:	a8d86f40 	.word	0xa8d86f40
20001804:	1fc8bb4f 	.word	0x1fc8bb4f
20001808:	da25ec17 	.word	0xda25ec17
2000180c:	24f26f21 	.word	0x24f26f21
20001810:	48da4485 	.word	0x48da4485
20001814:	6f13ed3f 	.word	0x6f13ed3f
20001818:	da157472 	.word	0xda157472
2000181c:	a0e44f09 	.word	0xa0e44f09
20001820:	403f142b 	.word	0x403f142b
20001824:	8f8600ec 	.word	0x8f8600ec
20001828:	1f8b084d 	.word	0x1f8b084d
2000182c:	78bc4090 	.word	0x78bc4090
20001830:	6c770286 	.word	0x6c770286
20001834:	b45d2f80 	.word	0xb45d2f80
20001838:	04921f8b 	.word	0x04921f8b
2000183c:	36501fc1 	.word	0x36501fc1
20001840:	142f1fe0 	.word	0x142f1fe0
20001844:	041f0487 	.word	0x041f0487
20001848:	748750e3 	.word	0x748750e3
2000184c:	624c07c7 	.word	0x624c07c7
20001850:	1f54ecbf 	.word	0x1f54ecbf
20001854:	b396805c 	.word	0xb396805c
20001858:	4cd8c06e 	.word	0x4cd8c06e
2000185c:	222bd6bf 	.word	0x222bd6bf
20001860:	f92e7637 	.word	0xf92e7637
20001864:	0a289c67 	.word	0x0a289c67
20001868:	ad002f0f 	.word	0xad002f0f
2000186c:	0e790697 	.word	0x0e790697
20001870:	0228e010 	.word	0x0228e010
20001874:	a89c8046 	.word	0xa89c8046
20001878:	f69f6e9e 	.word	0xf69f6e9e
2000187c:	daae099c 	.word	0xdaae099c
20001880:	7467f318 	.word	0x7467f318
20001884:	172a87ac 	.word	0x172a87ac
20001888:	a9d9f33d 	.word	0xa9d9f33d
2000188c:	cd1a85ef 	.word	0xcd1a85ef
20001890:	27ae4017 	.word	0x27ae4017
20001894:	4b204e15 	.word	0x4b204e15
20001898:	d7c71093 	.word	0xd7c71093
2000189c:	984e87ff 	.word	0x984e87ff
200018a0:	022e0a09 	.word	0x022e0a09
200018a4:	8c4e034e 	.word	0x8c4e034e
200018a8:	93016a7c 	.word	0x93016a7c
200018ac:	c181250c 	.word	0xc181250c
200018b0:	f0f870ff 	.word	0xf0f870ff
200018b4:	87d6048e 	.word	0x87d6048e
200018b8:	18c26e11 	.word	0x18c26e11
200018bc:	57c2c665 	.word	0x57c2c665
200018c0:	088f36fb 	.word	0x088f36fb
200018c4:	47b1055f 	.word	0x47b1055f
200018c8:	582f840a 	.word	0x582f840a
200018cc:	2f468403 	.word	0x2f468403
200018d0:	38afc566 	.word	0x38afc566
200018d4:	afc6e800 	.word	0xafc6e800
200018d8:	ba4e3230 	.word	0xba4e3230
200018dc:	30ce05a7 	.word	0x30ce05a7
200018e0:	0587981b 	.word	0x0587981b
200018e4:	3d1bff6e 	.word	0x3d1bff6e
200018e8:	0e5d19f7 	.word	0x0e5d19f7
200018ec:	0000d803 	.word	0x0000d803
200018f0:	4894e71f 	.word	0x4894e71f
200018f4:	1417e6dd 	.word	0x1417e6dd
200018f8:	eff61aa5 	.word	0xeff61aa5
200018fc:	be875996 	.word	0xbe875996
20001900:	1e9fad4f 	.word	0x1e9fad4f
20001904:	ef9a1004 	.word	0xef9a1004
20001908:	d69fed34 	.word	0xd69fed34
2000190c:	f23f3857 	.word	0xf23f3857
20001910:	384c9904 	.word	0x384c9904
20001914:	8f421c9d 	.word	0x8f421c9d
20001918:	5e67e690 	.word	0x5e67e690
2000191c:	028fc7e2 	.word	0x028fc7e2
20001920:	af9c97e1 	.word	0xaf9c97e1
20001924:	6636c4c0 	.word	0x6636c4c0
20001928:	8fb1fab3 	.word	0x8fb1fab3
2000192c:	f820af0e 	.word	0xf820af0e
20001930:	6dffff96 	.word	0x6dffff96
20001934:	97ffd4be 	.word	0x97ffd4be
20001938:	fe4f1f8f 	.word	0xfe4f1f8f
2000193c:	4f970b04 	.word	0x4f970b04
20001940:	2b225417 	.word	0x2b225417
20001944:	4210e29f 	.word	0x4210e29f
20001948:	838f1580 	.word	0x838f1580
2000194c:	17ac716f 	.word	0x17ac716f
20001950:	173f7742 	.word	0x173f7742
20001954:	4717647b 	.word	0x4717647b
20001958:	6403df24 	.word	0x6403df24
2000195c:	85f15c20 	.word	0x85f15c20
20001960:	5e580672 	.word	0x5e580672
20001964:	6e77b3b6 	.word	0x6e77b3b6
20001968:	7780596f 	.word	0x7780596f
2000196c:	2c2769b1 	.word	0x2c2769b1
20001970:	28ac30e7 	.word	0x28ac30e7
20001974:	16834ffb 	.word	0x16834ffb
20001978:	8f268fde 	.word	0x8f268fde
2000197c:	ec067c00 	.word	0xec067c00
20001980:	174301c6 	.word	0x174301c6
20001984:	4ea053a3 	.word	0x4ea053a3
20001988:	8d07a183 	.word	0x8d07a183
2000198c:	ce27c24d 	.word	0xce27c24d
20001990:	0fe9ef36 	.word	0x0fe9ef36
20001994:	87836200 	.word	0x87836200
20001998:	425ffa19 	.word	0x425ffa19
2000199c:	7427558c 	.word	0x7427558c
200019a0:	0e2fd7fc 	.word	0x0e2fd7fc
200019a4:	39f6e705 	.word	0x39f6e705
200019a8:	8f6f0000 	.word	0x8f6f0000
200019ac:	4f6a881c 	.word	0x4f6a881c
200019b0:	63276d44 	.word	0x63276d44
200019b4:	1755b4ae 	.word	0x1755b4ae
200019b8:	a7e28fd2 	.word	0xa7e28fd2
200019bc:	c5883cf5 	.word	0xc5883cf5
200019c0:	1788d5c7 	.word	0x1788d5c7
200019c4:	60efb352 	.word	0x60efb352
200019c8:	ff1b6fd6 	.word	0xff1b6fd6
200019cc:	7ad76cc4 	.word	0x7ad76cc4
200019d0:	bfdc6c7f 	.word	0xbfdc6c7f
200019d4:	10175718 	.word	0x10175718
200019d8:	a827a613 	.word	0xa827a613
200019dc:	e0c9bfc5 	.word	0xe0c9bfc5
200019e0:	57140317 	.word	0x57140317
200019e4:	1697d45a 	.word	0x1697d45a
200019e8:	d5429f01 	.word	0xd5429f01
200019ec:	1e38c43e 	.word	0x1e38c43e
200019f0:	fe163e52 	.word	0xfe163e52
200019f4:	46d19789 	.word	0x46d19789
200019f8:	4530e724 	.word	0x4530e724
200019fc:	51b06717 	.word	0x51b06717
20001a00:	141fd3c7 	.word	0x141fd3c7
20001a04:	05c04f05 	.word	0x05c04f05
20001a08:	89239f1c 	.word	0x89239f1c
20001a0c:	1025c367 	.word	0x1025c367
20001a10:	bf7c48cf 	.word	0xbf7c48cf
20001a14:	c3671489 	.word	0xc3671489
20001a18:	827c8724 	.word	0x827c8724
20001a1c:	e762021a 	.word	0xe762021a
20001a20:	38975c01 	.word	0x38975c01
20001a24:	471c893c 	.word	0x471c893c
20001a28:	24c64e4b 	.word	0x24c64e4b
20001a2c:	062b2726 	.word	0x062b2726
20001a30:	d51376e8 	.word	0xd51376e8
20001a34:	5768366f 	.word	0x5768366f
20001a38:	e0af4aad 	.word	0xe0af4aad
20001a3c:	720f0624 	.word	0x720f0624
20001a40:	0d468994 	.word	0x0d468994
20001a44:	da250f4f 	.word	0xda250f4f
20001a48:	7fb747c0 	.word	0x7fb747c0
20001a4c:	8fe83607 	.word	0x8fe83607
20001a50:	3f8ecf45 	.word	0x3f8ecf45
20001a54:	a7e302af 	.word	0xa7e302af
20001a58:	228fc2c0 	.word	0x228fc2c0
20001a5c:	114907cf 	.word	0x114907cf
20001a60:	4897f81b 	.word	0x4897f81b
20001a64:	01160411 	.word	0x01160411
20001a68:	67b050d7 	.word	0x67b050d7
20001a6c:	49c848c9 	.word	0x49c848c9
20001a70:	075eb205 	.word	0x075eb205
20001a74:	97550087 	.word	0x97550087
20001a78:	490c67b5 	.word	0x490c67b5
20001a7c:	8f146395 	.word	0x8f146395
20001a80:	189ee02a 	.word	0x189ee02a
20001a84:	eb60b733 	.word	0xeb60b733
20001a88:	7c8c4334 	.word	0x7c8c4334
20001a8c:	ff560856 	.word	0xff560856
20001a90:	40932ef5 	.word	0x40932ef5
20001a94:	aeecc30f 	.word	0xaeecc30f
20001a98:	c7e694d0 	.word	0xc7e694d0
20001a9c:	c04ea380 	.word	0xc04ea380
20001aa0:	74975718 	.word	0x74975718
20001aa4:	18f00117 	.word	0x18f00117
20001aa8:	182aaf01 	.word	0x182aaf01
20001aac:	05ff54a6 	.word	0x05ff54a6
20001ab0:	5c07bce8 	.word	0x5c07bce8
20001ab4:	d94e637f 	.word	0xd94e637f
20001ab8:	beb7e8de 	.word	0xbeb7e8de
20001abc:	c8451619 	.word	0xc8451619
20001ac0:	76108f17 	.word	0x76108f17
20001ac4:	2bf15f65 	.word	0x2bf15f65
20001ac8:	a36788ca 	.word	0xa36788ca
20001acc:	0fd6c113 	.word	0x0fd6c113
20001ad0:	a8bf9d08 	.word	0xa8bf9d08
20001ad4:	9e0cffe0 	.word	0x9e0cffe0
20001ad8:	12c82710 	.word	0x12c82710
20001adc:	daa7b055 	.word	0xdaa7b055
20001ae0:	922b7701 	.word	0x922b7701
20001ae4:	15922b0a 	.word	0x15922b0a
20001ae8:	2b1b922b 	.word	0x2b1b922b
20001aec:	902b0692 	.word	0x902b0692
20001af0:	7f16ab09 	.word	0x7f16ab09
20001af4:	e67c1c80 	.word	0xe67c1c80
20001af8:	55c60020 	.word	0x55c60020
20001afc:	821c1d8f 	.word	0x821c1d8f
20001b00:	0b20e42f 	.word	0x0b20e42f
20001b04:	ab1f0282 	.word	0xab1f0282
20001b08:	60bf7502 	.word	0x60bf7502
20001b0c:	96eb274e 	.word	0x96eb274e
20001b10:	b8161633 	.word	0xb8161633
20001b14:	94e6051e 	.word	0x94e6051e
20001b18:	9bb611a6 	.word	0x9bb611a6
20001b1c:	0302001a 	.word	0x0302001a
20001b20:	f7a5ef90 	.word	0xf7a5ef90
20001b24:	04101278 	.word	0x04101278
20001b28:	0b47b41f 	.word	0x0b47b41f
20001b2c:	3e10af87 	.word	0x3e10af87
20001b30:	2400900a 	.word	0x2400900a
20001b34:	3fa06719 	.word	0x3fa06719
20001b38:	6800c75d 	.word	0x6800c75d
20001b3c:	ed1b00b6 	.word	0xed1b00b6
20001b40:	d8d7148e 	.word	0xd8d7148e
20001b44:	1886574b 	.word	0x1886574b
20001b48:	36c2ef3c 	.word	0x36c2ef3c
20001b4c:	d782d77d 	.word	0xd782d77d
20001b50:	b5ee7f5d 	.word	0xb5ee7f5d
20001b54:	184cd702 	.word	0x184cd702
20001b58:	56186b91 	.word	0x56186b91
20001b5c:	7716a728 	.word	0x7716a728
20001b60:	02074188 	.word	0x02074188
20001b64:	c6e27725 	.word	0xc6e27725
20001b68:	8fc566f0 	.word	0x8fc566f0
20001b6c:	8f624e31 	.word	0x8f624e31
20001b70:	269facf6 	.word	0x269facf6
20001b74:	3f74ada7 	.word	0x3f74ada7
20001b78:	4f1d0e03 	.word	0x4f1d0e03
20001b7c:	ae7bf057 	.word	0xae7bf057
20001b80:	3160a70c 	.word	0x3160a70c
20001b84:	1803787f 	.word	0x1803787f
20001b88:	4a878c08 	.word	0x4a878c08
20001b8c:	c000db2f 	.word	0xc000db2f
20001b90:	034f69af 	.word	0x034f69af
20001b94:	40dfb771 	.word	0x40dfb771
20001b98:	d8fff806 	.word	0xd8fff806
20001b9c:	5fd71040 	.word	0x5fd71040
20001ba0:	60108fa6 	.word	0x60108fa6
20001ba4:	1a10b8cf 	.word	0x1a10b8cf
20001ba8:	308f2fcd 	.word	0x308f2fcd
20001bac:	30071101 	.word	0x30071101
20001bb0:	13370511 	.word	0x13370511
20001bb4:	0f980a0d 	.word	0x0f980a0d
20001bb8:	cfa61a00 	.word	0xcfa61a00
20001bbc:	54106800 	.word	0x54106800
20001bc0:	93623057 	.word	0x93623057
20001bc4:	665e08af 	.word	0x665e08af
20001bc8:	77087fc2 	.word	0x77087fc2
20001bcc:	07033f41 	.word	0x07033f41
20001bd0:	ffe9067e 	.word	0xffe9067e
20001bd4:	6d3fd040 	.word	0x6d3fd040
20001bd8:	afc2c296 	.word	0xafc2c296
20001bdc:	14ef6404 	.word	0x14ef6404
20001be0:	a710227f 	.word	0xa710227f
20001be4:	dec44858 	.word	0xdec44858
20001be8:	d7abae30 	.word	0xd7abae30
20001bec:	21ca18c4 	.word	0x21ca18c4
20001bf0:	20a3c197 	.word	0x20a3c197
20001bf4:	f0205c6f 	.word	0xf0205c6f
20001bf8:	40178a14 	.word	0x40178a14
20001bfc:	60582f44 	.word	0x60582f44
20001c00:	06201ba7 	.word	0x06201ba7
20001c04:	46ffebe1 	.word	0x46ffebe1
20001c08:	8f26240f 	.word	0x8f26240f
20001c0c:	b137ba90 	.word	0xb137ba90
20001c10:	84219f40 	.word	0x84219f40
20001c14:	d82726bf 	.word	0xd82726bf
20001c18:	b6f710c7 	.word	0xb6f710c7
20001c1c:	838206a3 	.word	0x838206a3
20001c20:	ab5301e7 	.word	0xab5301e7
20001c24:	c9bec0bf 	.word	0xc9bec0bf
20001c28:	541d9f14 	.word	0x541d9f14
20001c2c:	cab1866b 	.word	0xcab1866b
20001c30:	b04c3327 	.word	0xb04c3327
20001c34:	e77508f7 	.word	0xe77508f7
20001c38:	4f1fb61f 	.word	0x4f1fb61f
20001c3c:	188c4275 	.word	0x188c4275
20001c40:	4e4c83f7 	.word	0x4e4c83f7
20001c44:	8910ffc0 	.word	0x8910ffc0
20001c48:	ba0446d0 	.word	0xba0446d0
20001c4c:	67c0b4e7 	.word	0x67c0b4e7
20001c50:	0ba10782 	.word	0x0ba10782
20001c54:	df221ed0 	.word	0xdf221ed0
20001c58:	ba3fead2 	.word	0xba3fead2
20001c5c:	3fe70d20 	.word	0x3fe70d20
20001c60:	24441218 	.word	0x24441218
20001c64:	ffea827b 	.word	0xffea827b
20001c68:	85053fc5 	.word	0x85053fc5
20001c6c:	5786febd 	.word	0x5786febd
20001c70:	0e3fd8ee 	.word	0x0e3fd8ee
20001c74:	5cbf23de 	.word	0x5cbf23de
20001c78:	962f6e0b 	.word	0x962f6e0b
20001c7c:	c79b1866 	.word	0xc79b1866
20001c80:	d73a8638 	.word	0xd73a8638
20001c84:	38cf3114 	.word	0x38cf3114
20001c88:	d78d8a00 	.word	0xd78d8a00
20001c8c:	16bf6818 	.word	0x16bf6818
20001c90:	342919b7 	.word	0x342919b7
20001c94:	1d204fea 	.word	0x1d204fea
20001c98:	43127ebf 	.word	0x43127ebf
20001c9c:	e0141024 	.word	0xe0141024
20001ca0:	a74442b7 	.word	0xa74442b7
20001ca4:	304020e8 	.word	0x304020e8
20001ca8:	d52e861f 	.word	0xd52e861f
20001cac:	0cdf2442 	.word	0x0cdf2442
20001cb0:	f4471505 	.word	0xf4471505
20001cb4:	0842e484 	.word	0x0842e484
20001cb8:	a55c1d1f 	.word	0xa55c1d1f
20001cbc:	c7bd1e86 	.word	0xc7bd1e86
20001cc0:	341ff080 	.word	0x341ff080
20001cc4:	d79a5756 	.word	0xd79a5756
20001cc8:	bf309f17 	.word	0xbf309f17
20001ccc:	dcee2ade 	.word	0xdcee2ade
20001cd0:	05b72904 	.word	0x05b72904
20001cd4:	808e4226 	.word	0x808e4226
20001cd8:	35148697 	.word	0x35148697
20001cdc:	54310517 	.word	0x54310517
20001ce0:	2fcda7d8 	.word	0x2fcda7d8
20001ce4:	4f604c17 	.word	0x4f604c17
20001ce8:	3acfc0b5 	.word	0x3acfc0b5
20001cec:	7f44e6c6 	.word	0x7f44e6c6
20001cf0:	18cfd961 	.word	0x18cfd961
20001cf4:	ce478010 	.word	0xce478010
20001cf8:	6309c443 	.word	0x6309c443
20001cfc:	d78fced6 	.word	0xd78fced6
20001d00:	2c267f20 	.word	0x2c267f20
20001d04:	61240313 	.word	0x61240313
20001d08:	0b27451f 	.word	0x0b27451f
20001d0c:	57280a17 	.word	0x57280a17
20001d10:	8086f41b 	.word	0x8086f41b
20001d14:	8642670b 	.word	0x8642670b
20001d18:	b6040017 	.word	0xb6040017
20001d1c:	24ec2eb6 	.word	0x24ec2eb6
20001d20:	73276210 	.word	0x73276210
20001d24:	1f25db88 	.word	0x1f25db88
20001d28:	148a6f61 	.word	0x148a6f61
20001d2c:	6fffd847 	.word	0x6fffd847
20001d30:	fe1497f0 	.word	0xfe1497f0
20001d34:	058017c7 	.word	0x058017c7
20001d38:	0c1fc457 	.word	0x0c1fc457
20001d3c:	201ef64e 	.word	0x201ef64e
20001d40:	26e7055f 	.word	0x26e7055f
20001d44:	0a961eb4 	.word	0x0a961eb4
20001d48:	4fd3023e 	.word	0x4fd3023e
20001d4c:	116f75b8 	.word	0x116f75b8
20001d50:	101e26de 	.word	0x101e26de
20001d54:	0330ef35 	.word	0x0330ef35
20001d58:	bed4a799 	.word	0xbed4a799
20001d5c:	3817e8e6 	.word	0x3817e8e6
20001d60:	348e79c8 	.word	0x348e79c8
20001d64:	38e730e4 	.word	0x38e730e4
20001d68:	afc5906c 	.word	0xafc5906c
20001d6c:	1ae2494d 	.word	0x1ae2494d
20001d70:	e6140a0f 	.word	0xe6140a0f
20001d74:	16ea140f 	.word	0x16ea140f
20001d78:	43c09f37 	.word	0x43c09f37
20001d7c:	8e634f85 	.word	0x8e634f85
20001d80:	af98d654 	.word	0xaf98d654
20001d84:	8ece3c56 	.word	0x8ece3c56
20001d88:	0e976ac9 	.word	0x0e976ac9
20001d8c:	3567da3c 	.word	0x3567da3c
20001d90:	378b1a57 	.word	0x378b1a57
20001d94:	702f110b 	.word	0x702f110b
20001d98:	265f8820 	.word	0x265f8820
20001d9c:	d57f8a8d 	.word	0xd57f8a8d
20001da0:	3d8cd64e 	.word	0x3d8cd64e
20001da4:	34ffe9f6 	.word	0x34ffe9f6
20001da8:	e2d8c657 	.word	0xe2d8c657
20001dac:	1f4f587f 	.word	0x1f4f587f
20001db0:	1062000d 	.word	0x1062000d
20001db4:	1719d76a 	.word	0x1719d76a
20001db8:	72e4fb39 	.word	0x72e4fb39
20001dbc:	6b1597da 	.word	0x6b1597da
20001dc0:	5597103f 	.word	0x5597103f
20001dc4:	67ffdce4 	.word	0x67ffdce4
20001dc8:	c25f85fa 	.word	0xc25f85fa
20001dcc:	d600d517 	.word	0xd600d517
20001dd0:	a4868fa9 	.word	0xa4868fa9
20001dd4:	4ed7c207 	.word	0x4ed7c207
20001dd8:	2700b14a 	.word	0x2700b14a
20001ddc:	16c81c33 	.word	0x16c81c33
20001de0:	022ff458 	.word	0x022ff458
20001de4:	44071722 	.word	0x44071722
20001de8:	ff14b530 	.word	0xff14b530
20001dec:	264014cf 	.word	0x264014cf
20001df0:	021e37bf 	.word	0x021e37bf
20001df4:	591e9234 	.word	0x591e9234
20001df8:	5a5610b5 	.word	0x5a5610b5
20001dfc:	9f0977a3 	.word	0x9f0977a3
20001e00:	28420837 	.word	0x28420837
20001e04:	c29755e7 	.word	0xc29755e7
20001e08:	6217e907 	.word	0x6217e907
20001e0c:	304278cf 	.word	0x304278cf
20001e10:	12df4c28 	.word	0x12df4c28
20001e14:	f3db8621 	.word	0xf3db8621
20001e18:	4404857f 	.word	0x4404857f
20001e1c:	a224c29f 	.word	0xa224c29f
20001e20:	67f69b47 	.word	0x67f69b47
20001e24:	67083870 	.word	0x67083870
20001e28:	2b2443f1 	.word	0x2b2443f1
20001e2c:	ef760b27 	.word	0xef760b27
20001e30:	4d44ef18 	.word	0x4d44ef18
20001e34:	521e1b37 	.word	0x521e1b37
20001e38:	b7f7e938 	.word	0xb7f7e938
20001e3c:	14e797b2 	.word	0x14e797b2
20001e40:	080f5bf7 	.word	0x080f5bf7
20001e44:	e7281704 	.word	0xe7281704
20001e48:	8fc08fb6 	.word	0x8fc08fb6
20001e4c:	52570438 	.word	0x52570438
20001e50:	e6803ec8 	.word	0xe6803ec8
20001e54:	e7a25705 	.word	0xe7a25705
20001e58:	b7a7be15 	.word	0xb7a7be15
20001e5c:	1103477f 	.word	0x1103477f
20001e60:	ef1107ca 	.word	0xef1107ca
20001e64:	7f6940c0 	.word	0x7f6940c0
20001e68:	e9c7fb8a 	.word	0xe9c7fb8a
20001e6c:	924fab30 	.word	0x924fab30
20001e70:	0131f038 	.word	0x0131f038
20001e74:	662d3ef5 	.word	0x662d3ef5
20001e78:	d308aeb7 	.word	0xd308aeb7
20001e7c:	34436716 	.word	0x34436716
20001e80:	20185720 	.word	0x20185720
20001e84:	5880835c 	.word	0x5880835c
20001e88:	34441727 	.word	0x34441727
20001e8c:	af774aa6 	.word	0xaf774aa6
20001e90:	62c20044 	.word	0x62c20044
20001e94:	52d72810 	.word	0x52d72810
20001e98:	0a889fe6 	.word	0x0a889fe6
20001e9c:	6767d8ef 	.word	0x6767d8ef
20001ea0:	c627a505 	.word	0xc627a505
20001ea4:	422f0fff 	.word	0x422f0fff
20001ea8:	000210e1 	.word	0x000210e1
20001eac:	6c1c2f17 	.word	0x6c1c2f17
20001eb0:	e31f6a37 	.word	0xe31f6a37
20001eb4:	82ef341c 	.word	0x82ef341c
20001eb8:	de1310bf 	.word	0xde1310bf
20001ebc:	1a803c70 	.word	0x1a803c70
20001ec0:	801d1fa5 	.word	0x801d1fa5
20001ec4:	a061a775 	.word	0xa061a775
20001ec8:	4f4e403f 	.word	0x4f4e403f
20001ecc:	09773705 	.word	0x09773705
20001ed0:	27c0c29e 	.word	0x27c0c29e
20001ed4:	841edfcc 	.word	0x841edfcc
20001ed8:	56e711e4 	.word	0x56e711e4
20001edc:	b69d9f1a 	.word	0xb69d9f1a
20001ee0:	812f74ff 	.word	0x812f74ff
20001ee4:	ed01c73b 	.word	0xed01c73b
20001ee8:	ac171d0e 	.word	0xac171d0e
20001eec:	ef6a2676 	.word	0xef6a2676
20001ef0:	cf1311e2 	.word	0xcf1311e2
20001ef4:	0ef71414 	.word	0x0ef71414
20001ef8:	d7884018 	.word	0xd7884018
20001efc:	0dd64ec6 	.word	0x0dd64ec6
20001f00:	cb80085f 	.word	0xcb80085f
20001f04:	60348f08 	.word	0x60348f08
20001f08:	083e3ebf 	.word	0x083e3ebf
20001f0c:	a4e05f2a 	.word	0xa4e05f2a
20001f10:	76007fac 	.word	0x76007fac
20001f14:	6616f717 	.word	0x6616f717
20001f18:	b90730a6 	.word	0xb90730a6
20001f1c:	0fd122df 	.word	0x0fd122df
20001f20:	47e00006 	.word	0x47e00006
20001f24:	561fb190 	.word	0x561fb190
20001f28:	e331c70d 	.word	0xe331c70d
20001f2c:	750c06e7 	.word	0x750c06e7
20001f30:	4f5688b7 	.word	0x4f5688b7
20001f34:	b05cbf17 	.word	0xb05cbf17
20001f38:	37ba5715 	.word	0x37ba5715
20001f3c:	d9570b51 	.word	0xd9570b51
20001f40:	8427e450 	.word	0x8427e450
20001f44:	300f4d48 	.word	0x300f4d48
20001f48:	02441fb8 	.word	0x02441fb8
20001f4c:	9f806fa5 	.word	0x9f806fa5
20001f50:	3d2ed064 	.word	0x3d2ed064
20001f54:	c4972126 	.word	0xc4972126
20001f58:	2ec62406 	.word	0x2ec62406
20001f5c:	f6c11ea5 	.word	0xf6c11ea5
20001f60:	efa116df 	.word	0xefa116df
20001f64:	10678856 	.word	0x10678856
20001f68:	cf50bfe1 	.word	0xcf50bfe1
20001f6c:	66950bc6 	.word	0x66950bc6
20001f70:	b7511221 	.word	0xb7511221
20001f74:	af9f6220 	.word	0xaf9f6220
20001f78:	1f698af8 	.word	0x1f698af8
20001f7c:	e1871282 	.word	0xe1871282
20001f80:	2c27af0a 	.word	0x2c27af0a
20001f84:	8042c00a 	.word	0x8042c00a
20001f88:	07609f85 	.word	0x07609f85
20001f8c:	878b58d7 	.word	0x878b58d7
20001f90:	04e4849c 	.word	0x04e4849c
20001f94:	718cb751 	.word	0x718cb751
20001f98:	af4606a6 	.word	0xaf4606a6
20001f9c:	df3ba629 	.word	0xdf3ba629
20001fa0:	5111ffc6 	.word	0x5111ffc6
20001fa4:	8fc088e7 	.word	0x8fc088e7
20001fa8:	406bfe5b 	.word	0x406bfe5b
20001fac:	585775a0 	.word	0x585775a0
20001fb0:	11c7dc19 	.word	0x11c7dc19
20001fb4:	07548042 	.word	0x07548042
20001fb8:	2e2e1b23 	.word	0x2e2e1b23
20001fbc:	6207540d 	.word	0x6207540d
20001fc0:	8f585731 	.word	0x8f585731
20001fc4:	9c2325a6 	.word	0x9c2325a6
20001fc8:	1f5b3714 	.word	0x1f5b3714
20001fcc:	a90aab43 	.word	0xa90aab43
20001fd0:	32870c57 	.word	0x32870c57
20001fd4:	e3545c07 	.word	0xe3545c07
20001fd8:	07d00f87 	.word	0x07d00f87
20001fdc:	da5707b1 	.word	0xda5707b1
20001fe0:	00f62f64 	.word	0x00f62f64
20001fe4:	03a687ce 	.word	0x03a687ce
20001fe8:	69ccda4f 	.word	0x69ccda4f
20001fec:	6774b537 	.word	0x6774b537
20001ff0:	adcdf3e2 	.word	0xadcdf3e2
20001ff4:	6e2fac2f 	.word	0x6e2fac2f
20001ff8:	3cd208a7 	.word	0x3cd208a7
20001ffc:	560e289f 	.word	0x560e289f
20002000:	07021cf1 	.word	0x07021cf1
20002004:	5af7830c 	.word	0x5af7830c
20002008:	751a57b5 	.word	0x751a57b5
2000200c:	eabee037 	.word	0xeabee037
20002010:	91315f22 	.word	0x91315f22
20002014:	861c4dbf 	.word	0x861c4dbf
20002018:	4e4d0f57 	.word	0x4e4d0f57
2000201c:	6e05e0df 	.word	0x6e05e0df
20002020:	9376160f 	.word	0x9376160f
20002024:	6c28939f 	.word	0x6c28939f
20002028:	078fc6e6 	.word	0x078fc6e6
2000202c:	3628bef6 	.word	0x3628bef6
20002030:	a006cc17 	.word	0xa006cc17
20002034:	26818dbf 	.word	0x26818dbf
20002038:	6e08425e 	.word	0x6e08425e
2000203c:	2e9707df 	.word	0x2e9707df
20002040:	63eef858 	.word	0x63eef858
20002044:	00671c46 	.word	0x00671c46
20002048:	8644d7a7 	.word	0x8644d7a7
2000204c:	3191b762 	.word	0x3191b762
20002050:	ca2b7a47 	.word	0xca2b7a47
20002054:	c641e7d4 	.word	0xc641e7d4
20002058:	a0069554 	.word	0xa0069554
2000205c:	b09f3441 	.word	0xb09f3441
20002060:	73672e6f 	.word	0x73672e6f
20002064:	56436777 	.word	0x56436777
20002068:	16915621 	.word	0x16915621
2000206c:	236e36dd 	.word	0x236e36dd
20002070:	77b0b11e 	.word	0x77b0b11e
20002074:	2f2e0056 	.word	0x2f2e0056
20002078:	0e86ef51 	.word	0x0e86ef51
2000207c:	8f1e7b8f 	.word	0x8f1e7b8f
20002080:	8aa0a497 	.word	0x8aa0a497
20002084:	c722a5e4 	.word	0xc722a5e4
20002088:	c0d340ff 	.word	0xc0d340ff
2000208c:	08a0e3f6 	.word	0x08a0e3f6
20002090:	17b0ef47 	.word	0x17b0ef47
20002094:	6296ec8d 	.word	0x6296ec8d
20002098:	ffd816d9 	.word	0xffd816d9
2000209c:	ba0f0d82 	.word	0xba0f0d82
200020a0:	4fd89037 	.word	0x4fd89037
200020a4:	c07697f3 	.word	0xc07697f3
200020a8:	b0a78d8f 	.word	0xb0a78d8f
200020ac:	978023f7 	.word	0x978023f7
200020b0:	3cfec06f 	.word	0x3cfec06f
200020b4:	409c383c 	.word	0x409c383c
200020b8:	184777e0 	.word	0x184777e0
200020bc:	20cf7318 	.word	0x20cf7318
200020c0:	fa240679 	.word	0xfa240679
200020c4:	63c00028 	.word	0x63c00028
200020c8:	c70aae27 	.word	0xc70aae27
200020cc:	098b94bc 	.word	0x098b94bc
200020d0:	ffa3a751 	.word	0xffa3a751
200020d4:	57e2c540 	.word	0x57e2c540
200020d8:	985e7442 	.word	0x985e7442
200020dc:	8678bec7 	.word	0x8678bec7
200020e0:	bb279546 	.word	0xbb279546
200020e4:	0f458bbc 	.word	0x0f458bbc
200020e8:	7697c4ed 	.word	0x7697c4ed
200020ec:	02ae7f0f 	.word	0x02ae7f0f
200020f0:	7fc59f1c 	.word	0x7fc59f1c
200020f4:	158c0c78 	.word	0x158c0c78
200020f8:	efe01a9f 	.word	0xefe01a9f
200020fc:	703f5c6d 	.word	0x703f5c6d
20002100:	7027aa05 	.word	0x7027aa05
20002104:	872a8c80 	.word	0x872a8c80
20002108:	ea57ac30 	.word	0xea57ac30
2000210c:	2ccf862e 	.word	0x2ccf862e
20002110:	062cbe1e 	.word	0x062cbe1e
20002114:	07042fa3 	.word	0x07042fa3
20002118:	bc47b476 	.word	0xbc47b476
2000211c:	664ea000 	.word	0x664ea000
20002120:	bb16b98a 	.word	0xbb16b98a
20002124:	b3175630 	.word	0xb3175630
20002128:	345ab870 	.word	0x345ab870
2000212c:	b729e26f 	.word	0xb729e26f
20002130:	061d9667 	.word	0x061d9667
20002134:	3c06d580 	.word	0x3c06d580
20002138:	950f95e7 	.word	0x950f95e7
2000213c:	2e2c0de7 	.word	0x2e2c0de7
20002140:	abc460c7 	.word	0xabc460c7
20002144:	a8348d1f 	.word	0xa8348d1f
20002148:	c7b5d217 	.word	0xc7b5d217
2000214c:	8656db30 	.word	0x8656db30
20002150:	42c23c04 	.word	0x42c23c04
20002154:	c41fe0ce 	.word	0xc41fe0ce
20002158:	17c2f68e 	.word	0x17c2f68e
2000215c:	17311a07 	.word	0x17311a07
20002160:	110008ea 	.word	0x110008ea
20002164:	771a8c9f 	.word	0x771a8c9f
20002168:	188cf0f0 	.word	0x188cf0f0
2000216c:	000afd4f 	.word	0x000afd4f
20002170:	d7891000 	.word	0xd7891000
20002174:	069ee109 	.word	0x069ee109
20002178:	c4e4b7f8 	.word	0xc4e4b7f8
2000217c:	604ee340 	.word	0x604ee340
20002180:	41109766 	.word	0x41109766
20002184:	6fce891f 	.word	0x6fce891f
20002188:	6f0a8d14 	.word	0x6f0a8d14
2000218c:	af25282e 	.word	0xaf25282e
20002190:	37d67cf6 	.word	0x37d67cf6
20002194:	60fe2ba4 	.word	0x60fe2ba4
20002198:	cd507037 	.word	0xcd507037
2000219c:	845aaf44 	.word	0x845aaf44
200021a0:	404783ef 	.word	0x404783ef
200021a4:	d0f714ed 	.word	0xd0f714ed
200021a8:	681f0c40 	.word	0x681f0c40
200021ac:	0a1e5f02 	.word	0x0a1e5f02
200021b0:	37c1071d 	.word	0x37c1071d
200021b4:	50960ca0 	.word	0x50960ca0
200021b8:	1c1cec0f 	.word	0x1c1cec0f
200021bc:	aa084d37 	.word	0xaa084d37
200021c0:	c6b6c66f 	.word	0xc6b6c66f
200021c4:	e71d156f 	.word	0xe71d156f
200021c8:	3b9f0d8d 	.word	0x3b9f0d8d
200021cc:	2a0fecbb 	.word	0x2a0fecbb
200021d0:	000847da 	.word	0x000847da
200021d4:	3c9e17a9 	.word	0x3c9e17a9
200021d8:	55407a38 	.word	0x55407a38
200021dc:	1eae5257 	.word	0x1eae5257
200021e0:	776b24a3 	.word	0x776b24a3
200021e4:	af122706 	.word	0xaf122706
200021e8:	098d3c6f 	.word	0x098d3c6f
200021ec:	bb7a5f14 	.word	0xbb7a5f14
200021f0:	b58729d0 	.word	0xb58729d0
200021f4:	ffa73f5c 	.word	0xffa73f5c
200021f8:	a0af8b0c 	.word	0xa0af8b0c
200021fc:	1807d314 	.word	0x1807d314
20002200:	12afc02b 	.word	0x12afc02b
20002204:	30314751 	.word	0x30314751
20002208:	06b8ef0b 	.word	0x06b8ef0b
2000220c:	552e245e 	.word	0x552e245e
20002210:	af8a0396 	.word	0xaf8a0396
20002214:	7d87c544 	.word	0x7d87c544
20002218:	01400004 	.word	0x01400004
2000221c:	2be12f50 	.word	0x2be12f50
20002220:	edc710c8 	.word	0xedc710c8
20002224:	cf1738a3 	.word	0xcf1738a3
20002228:	c71dd229 	.word	0xc71dd229
2000222c:	8dae2ac1 	.word	0x8dae2ac1
20002230:	8564de3e 	.word	0x8564de3e
20002234:	7b62a91f 	.word	0x7b62a91f
20002238:	b1181297 	.word	0xb1181297
2000223c:	1bc00100 	.word	0x1bc00100
20002240:	3312775c 	.word	0x3312775c
20002244:	1017aaa6 	.word	0x1017aaa6
20002248:	de05c717 	.word	0xde05c717
2000224c:	162ace2a 	.word	0x162ace2a
20002250:	82131726 	.word	0x82131726
20002254:	83c69723 	.word	0x83c69723
20002258:	0ebf662c 	.word	0x0ebf662c
2000225c:	d3af6112 	.word	0xd3af6112
20002260:	0de78fc6 	.word	0x0de78fc6
20002264:	6c771570 	.word	0x6c771570
20002268:	c62c310f 	.word	0xc62c310f
2000226c:	29aed28f 	.word	0x29aed28f
20002270:	071a1470 	.word	0x071a1470
20002274:	88116871 	.word	0x88116871
20002278:	e7ad42d7 	.word	0xe7ad42d7
2000227c:	d80b47f0 	.word	0xd80b47f0
20002280:	02069f2f 	.word	0x02069f2f
20002284:	1a07360f 	.word	0x1a07360f
20002288:	8a8def51 	.word	0x8a8def51
2000228c:	170110bf 	.word	0x170110bf
20002290:	b5ff8161 	.word	0xb5ff8161
20002294:	47b87f0f 	.word	0x47b87f0f
20002298:	1fc57706 	.word	0x1fc57706
2000229c:	c564010c 	.word	0xc564010c
200022a0:	0c9f2d57 	.word	0x0c9f2d57
200022a4:	06c88504 	.word	0x06c88504
200022a8:	20f2015c 	.word	0x20f2015c
200022ac:	8104c905 	.word	0x8104c905
200022b0:	884216f1 	.word	0x884216f1
200022b4:	c73d42af 	.word	0xc73d42af
200022b8:	38d7371d 	.word	0x38d7371d
200022bc:	0f3ab76c 	.word	0x0f3ab76c
200022c0:	be970a24 	.word	0xbe970a24
200022c4:	c1400007 	.word	0xc1400007
200022c8:	d19de86f 	.word	0xd19de86f
200022cc:	000047bc 	.word	0x000047bc
200022d0:	833fd04d 	.word	0x833fd04d
200022d4:	b70a0c57 	.word	0xb70a0c57
200022d8:	909605c6 	.word	0x909605c6
200022dc:	14df9852 	.word	0x14df9852
200022e0:	b1501f60 	.word	0xb1501f60
200022e4:	6cff838e 	.word	0x6cff838e
200022e8:	605832af 	.word	0x605832af
200022ec:	450607d0 	.word	0x450607d0
200022f0:	d0e2ed57 	.word	0xd0e2ed57
200022f4:	4f462137 	.word	0x4f462137
200022f8:	619720c2 	.word	0x619720c2
200022fc:	0387428d 	.word	0x0387428d
20002300:	ef425289 	.word	0xef425289
20002304:	5a18af85 	.word	0x5a18af85
20002308:	0f46b7e2 	.word	0x0f46b7e2
2000230c:	ffbb281f 	.word	0xffbb281f
20002310:	2f148640 	.word	0x2f148640
20002314:	34374c01 	.word	0x34374c01
20002318:	19de7011 	.word	0x19de7011
2000231c:	0a08d757 	.word	0x0a08d757
20002320:	4a148635 	.word	0x4a148635
20002324:	5f4291b7 	.word	0x5f4291b7
20002328:	2e182fe9 	.word	0x2e182fe9
2000232c:	1c924b18 	.word	0x1c924b18
20002330:	ad5f15d0 	.word	0xad5f15d0
20002334:	17740758 	.word	0x17740758
20002338:	3407162a 	.word	0x3407162a
2000233c:	b71097ac 	.word	0xb71097ac
20002340:	c305ac32 	.word	0xc305ac32
20002344:	aa56ff1b 	.word	0xaa56ff1b
20002348:	591ba1f7 	.word	0x591ba1f7
2000234c:	02dfac27 	.word	0x02dfac27
20002350:	6f4a85ff 	.word	0x6f4a85ff
20002354:	88af47ac 	.word	0x88af47ac
20002358:	3a14a7c6 	.word	0x3a14a7c6
2000235c:	aeb102df 	.word	0xaeb102df
20002360:	df27c000 	.word	0xdf27c000
20002364:	c78dd208 	.word	0xc78dd208
20002368:	2c814f63 	.word	0x2c814f63
2000236c:	efdb4d6e 	.word	0xefdb4d6e
20002370:	09c01047 	.word	0x09c01047
20002374:	c3e0b796 	.word	0xc3e0b796
20002378:	77060993 	.word	0x77060993
2000237c:	f7060468 	.word	0xf7060468
20002380:	6c77139b 	.word	0x6c77139b
20002384:	df003737 	.word	0xdf003737
20002388:	3390c78a 	.word	0x3390c78a
2000238c:	76a8c217 	.word	0x76a8c217
20002390:	ffe10207 	.word	0xffe10207
20002394:	2f86c7c1 	.word	0x2f86c7c1
20002398:	e167dc08 	.word	0xe167dc08
2000239c:	2314e736 	.word	0x2314e736
200023a0:	3fa019af 	.word	0x3fa019af
200023a4:	416fccc6 	.word	0x416fccc6
200023a8:	ea1f1076 	.word	0xea1f1076
200023ac:	4076f20f 	.word	0x4076f20f
200023b0:	10254e42 	.word	0x10254e42
200023b4:	0f3f6212 	.word	0x0f3f6212
200023b8:	c584002c 	.word	0xc584002c
200023bc:	10604798 	.word	0x10604798
200023c0:	8fc2cf3b 	.word	0x8fc2cf3b
200023c4:	8a573502 	.word	0x8a573502
200023c8:	a69c10f7 	.word	0xa69c10f7
200023cc:	9f6f5868 	.word	0x9f6f5868
200023d0:	711b2256 	.word	0x711b2256
200023d4:	6fa0132f 	.word	0x6fa0132f
200023d8:	42000a3f 	.word	0x42000a3f
200023dc:	d8a9cf71 	.word	0xd8a9cf71
200023e0:	62f66897 	.word	0x62f66897
200023e4:	4247c810 	.word	0x4247c810
200023e8:	80638f8f 	.word	0x80638f8f
200023ec:	c0777603 	.word	0xc0777603
200023f0:	d79aa16f 	.word	0xd79aa16f
200023f4:	9867c2b4 	.word	0x9867c2b4
200023f8:	bdd96237 	.word	0xbdd96237
200023fc:	a401f44f 	.word	0xa401f44f
20002400:	adb6126f 	.word	0xadb6126f
20002404:	84d0854e 	.word	0x84d0854e
20002408:	127f1417 	.word	0x127f1417
2000240c:	10c46e13 	.word	0x10c46e13
20002410:	8260774c 	.word	0x8260774c
20002414:	f723347f 	.word	0xf723347f
20002418:	19670a56 	.word	0x19670a56
2000241c:	4cc222eb 	.word	0x4cc222eb
20002420:	af28164f 	.word	0xaf28164f
20002424:	0c7f16a1 	.word	0x0c7f16a1
20002428:	152c0367 	.word	0x152c0367
2000242c:	b718a1bf 	.word	0xb718a1bf
20002430:	32270c0b 	.word	0x32270c0b
20002434:	0e604118 	.word	0x0e604118
20002438:	4f6fad2f 	.word	0x4f6fad2f
2000243c:	ed2842f0 	.word	0xed2842f0
20002440:	017417d1 	.word	0x017417d1
20002444:	6668df37 	.word	0x6668df37
20002448:	1d4002b7 	.word	0x1d4002b7
2000244c:	2730c32f 	.word	0x2730c32f
20002450:	1497345c 	.word	0x1497345c
20002454:	18d6b76b 	.word	0x18d6b76b
20002458:	09afa3d2 	.word	0x09afa3d2
2000245c:	641747b7 	.word	0x641747b7
20002460:	5716ffd0 	.word	0x5716ffd0
20002464:	0df675b0 	.word	0x0df675b0
20002468:	5540a7aa 	.word	0x5540a7aa
2000246c:	a60b6897 	.word	0xa60b6897
20002470:	24967602 	.word	0x24967602
20002474:	8f620041 	.word	0x8f620041
20002478:	c1406f51 	.word	0xc1406f51
2000247c:	8160efee 	.word	0x8160efee
20002480:	a1e71e37 	.word	0xa1e71e37
20002484:	85ffa827 	.word	0x85ffa827
20002488:	09203f53 	.word	0x09203f53
2000248c:	ee02f738 	.word	0xee02f738
20002490:	4214df74 	.word	0x4214df74
20002494:	825616df 	.word	0x825616df
20002498:	20b87f10 	.word	0x20b87f10
2000249c:	1017a44a 	.word	0x1017a44a
200024a0:	83143487 	.word	0x83143487
200024a4:	57c3526f 	.word	0x57c3526f
200024a8:	07840a15 	.word	0x07840a15
200024ac:	a2c74100 	.word	0xa2c74100
200024b0:	d460009f 	.word	0xd460009f
200024b4:	110597b8 	.word	0x110597b8
200024b8:	d70277a6 	.word	0xd70277a6
200024bc:	d2a20e17 	.word	0xd2a20e17
200024c0:	9f0190af 	.word	0x9f0190af
200024c4:	23f79d56 	.word	0x23f79d56
200024c8:	bc861886 	.word	0xbc861886
200024cc:	f9220620 	.word	0xf9220620
200024d0:	1ba70418 	.word	0x1ba70418
200024d4:	040a199f 	.word	0x040a199f
200024d8:	4fc05604 	.word	0x4fc05604
200024dc:	95961a0c 	.word	0x95961a0c
200024e0:	4b4a5797 	.word	0x4b4a5797
200024e4:	4b9aa7a0 	.word	0x4b9aa7a0
200024e8:	608f898b 	.word	0x608f898b
200024ec:	a1550667 	.word	0xa1550667
200024f0:	ab3041ef 	.word	0xab3041ef
200024f4:	4077475b 	.word	0x4077475b
200024f8:	671a5c35 	.word	0x671a5c35
200024fc:	d55da829 	.word	0xd55da829
20002500:	464e4ddf 	.word	0x464e4ddf
20002504:	97a82547 	.word	0x97a82547
20002508:	2e004f19 	.word	0x2e004f19
2000250c:	808ee032 	.word	0x808ee032
20002510:	4034061f 	.word	0x4034061f
20002514:	8b42920b 	.word	0x8b42920b
20002518:	824f438a 	.word	0x824f438a
2000251c:	878a50e8 	.word	0x878a50e8
20002520:	ad4bdfb7 	.word	0xad4bdfb7
20002524:	2937510b 	.word	0x2937510b
20002528:	3f289652 	.word	0x3f289652
2000252c:	b788af06 	.word	0xb788af06
20002530:	6f101a0b 	.word	0x6f101a0b
20002534:	a6df0220 	.word	0xa6df0220
20002538:	c43ef738 	.word	0xc43ef738
2000253c:	47c0b7b6 	.word	0x47c0b7b6
20002540:	ccb678c8 	.word	0xccb678c8
20002544:	1025b67d 	.word	0x1025b67d
20002548:	182522be 	.word	0x182522be
2000254c:	0ad000e0 	.word	0x0ad000e0
20002550:	16d0a75e 	.word	0x16d0a75e
20002554:	f0260960 	.word	0xf0260960
20002558:	28edfd0e 	.word	0x28edfd0e
2000255c:	42d7e077 	.word	0x42d7e077
20002560:	24041f27 	.word	0x24041f27
20002564:	2f61e2c3 	.word	0x2f61e2c3
20002568:	e4d7710a 	.word	0xe4d7710a
2000256c:	9e35351c 	.word	0x9e35351c
20002570:	0f27d82e 	.word	0x0f27d82e
20002574:	d8d75628 	.word	0xd8d75628
20002578:	6197c3ae 	.word	0x6197c3ae
2000257c:	4ee31a17 	.word	0x4ee31a17
20002580:	75ff26c8 	.word	0x75ff26c8
20002584:	ef38d730 	.word	0xef38d730
20002588:	48844f36 	.word	0x48844f36
2000258c:	521f1776 	.word	0x521f1776
20002590:	0270ffc5 	.word	0x0270ffc5
20002594:	2d7bbe25 	.word	0x2d7bbe25
20002598:	57a3c200 	.word	0x57a3c200
2000259c:	0411c00e 	.word	0x0411c00e
200025a0:	93ccf7fc 	.word	0x93ccf7fc
200025a4:	1ff84930 	.word	0x1ff84930
200025a8:	172e2d93 	.word	0x172e2d93
200025ac:	c03f3726 	.word	0xc03f3726
200025b0:	3e54fea0 	.word	0x3e54fea0
200025b4:	61770a0e 	.word	0x61770a0e
200025b8:	b0970ecc 	.word	0xb0970ecc
200025bc:	d11c168a 	.word	0xd11c168a
200025c0:	bf40a05f 	.word	0xbf40a05f
200025c4:	effe3c61 	.word	0xeffe3c61
200025c8:	8e43770a 	.word	0x8e43770a
200025cc:	32db8fe1 	.word	0x32db8fe1
200025d0:	617e97ff 	.word	0x617e97ff
200025d4:	37b00627 	.word	0x37b00627
200025d8:	2fc3c760 	.word	0x2fc3c760
200025dc:	d69f5881 	.word	0xd69f5881
200025e0:	1757a336 	.word	0x1757a336
200025e4:	3c4b3986 	.word	0x3c4b3986
200025e8:	83cf0fdf 	.word	0x83cf0fdf
200025ec:	fcd06196 	.word	0xfcd06196
200025f0:	00031c3e 	.word	0x00031c3e
200025f4:	00ee5710 	.word	0x00ee5710
200025f8:	06fd1e14 	.word	0x06fd1e14
200025fc:	8c621025 	.word	0x8c621025
20002600:	c5d66617 	.word	0xc5d66617
20002604:	842e3c30 	.word	0x842e3c30
20002608:	2527263b 	.word	0x2527263b
2000260c:	0600086d 	.word	0x0600086d
20002610:	f6430762 	.word	0xf6430762
20002614:	9e077d2c 	.word	0x9e077d2c
20002618:	b48f0ae2 	.word	0xb48f0ae2
2000261c:	0200968b 	.word	0x0200968b
20002620:	ba2f701a 	.word	0xba2f701a
20002624:	6b327801 	.word	0x6b327801
20002628:	8f358537 	.word	0x8f358537
2000262c:	428c43de 	.word	0x428c43de
20002630:	1821dfbe 	.word	0x1821dfbe
20002634:	d82fc062 	.word	0xd82fc062
20002638:	026617ac 	.word	0x026617ac
2000263c:	5d5a94e1 	.word	0x5d5a94e1
20002640:	2f36a72e 	.word	0x2f36a72e
20002644:	4e94429d 	.word	0x4e94429d
20002648:	2d3ed8bf 	.word	0x2d3ed8bf
2000264c:	95fc87fa 	.word	0x95fc87fa
20002650:	d75d36c7 	.word	0xd75d36c7
20002654:	16d440e1 	.word	0x16d440e1
20002658:	1b0f36df 	.word	0x1b0f36df
2000265c:	3d806654 	.word	0x3d806654
20002660:	0d466b27 	.word	0x0d466b27
20002664:	57045056 	.word	0x57045056
20002668:	4cf5805c 	.word	0x4cf5805c
2000266c:	3f417fba 	.word	0x3f417fba
20002670:	ae34de50 	.word	0xae34de50
20002674:	b1c71a04 	.word	0xb1c71a04
20002678:	3ef87742 	.word	0x3ef87742
2000267c:	4e7b34a3 	.word	0x4e7b34a3
20002680:	04c3ee01 	.word	0x04c3ee01
20002684:	0522724f 	.word	0x0522724f
20002688:	30f604de 	.word	0x30f604de
2000268c:	1786ad40 	.word	0x1786ad40
20002690:	47563e09 	.word	0x47563e09
20002694:	c50a76f0 	.word	0xc50a76f0
20002698:	0009e937 	.word	0x0009e937
2000269c:	2c0f474a 	.word	0x2c0f474a
200026a0:	382f0d8e 	.word	0x382f0d8e
200026a4:	37d4e22b 	.word	0x37d4e22b
200026a8:	97de9e06 	.word	0x97de9e06
200026ac:	6f61bf91 	.word	0x6f61bf91
200026b0:	5c2592ee 	.word	0x5c2592ee
200026b4:	d8a6a1a7 	.word	0xd8a6a1a7
200026b8:	b830f714 	.word	0xb830f714
200026bc:	bf850d57 	.word	0xbf850d57
200026c0:	07794f85 	.word	0x07794f85
200026c4:	fa8fde5c 	.word	0xfa8fde5c
200026c8:	0feac88f 	.word	0x0feac88f
200026cc:	c771492d 	.word	0xc771492d
200026d0:	975a9f39 	.word	0x975a9f39
200026d4:	c9000fbe 	.word	0xc9000fbe
200026d8:	051c7234 	.word	0x051c7234
200026dc:	b00510c8 	.word	0xb00510c8
200026e0:	ef81294f 	.word	0xef81294f
200026e4:	b52724aa 	.word	0xb52724aa
200026e8:	1e250feb 	.word	0x1e250feb
200026ec:	5e05ffa6 	.word	0x5e05ffa6
200026f0:	980a27ee 	.word	0x980a27ee
200026f4:	f1302eff 	.word	0xf1302eff
200026f8:	66775256 	.word	0x66775256
200026fc:	24a60e31 	.word	0x24a60e31
20002700:	4825aeff 	.word	0x4825aeff
20002704:	a7aefab1 	.word	0xa7aefab1
20002708:	0aff6e30 	.word	0x0aff6e30
2000270c:	3490af3b 	.word	0x3490af3b
20002710:	a8cf2bb1 	.word	0xa8cf2bb1
20002714:	38c70e0a 	.word	0x38c70e0a
20002718:	ae58e337 	.word	0xae58e337
2000271c:	17aaba0f 	.word	0x17aaba0f
20002720:	dfb934e3 	.word	0xdfb934e3
20002724:	34920b1c 	.word	0x34920b1c
20002728:	570617dd 	.word	0x570617dd
2000272c:	6c215c16 	.word	0x6c215c16
20002730:	9917aa2f 	.word	0x9917aa2f
20002734:	d7803b5c 	.word	0xd7803b5c
20002738:	27669f5c 	.word	0x27669f5c
2000273c:	ac570624 	.word	0xac570624
20002740:	b65fce07 	.word	0xb65fce07
20002744:	6f808627 	.word	0x6f808627
20002748:	ce2fc0ad 	.word	0xce2fc0ad
2000274c:	288a37df 	.word	0x288a37df
20002750:	43d7c15f 	.word	0x43d7c15f
20002754:	a8762180 	.word	0xa8762180
20002758:	207fb8ff 	.word	0x207fb8ff
2000275c:	f02caed7 	.word	0xf02caed7
20002760:	075502d6 	.word	0x075502d6
20002764:	70972cd5 	.word	0x70972cd5
20002768:	3ee7dc02 	.word	0x3ee7dc02
2000276c:	45027081 	.word	0x45027081
20002770:	70d0c90f 	.word	0x70d0c90f
20002774:	5de7c55d 	.word	0x5de7c55d
20002778:	0cc7570b 	.word	0x0cc7570b
2000277c:	0b5de70c 	.word	0x0b5de70c
20002780:	f476c751 	.word	0xf476c751
20002784:	8143b8cf 	.word	0x8143b8cf
20002788:	cfc79fb5 	.word	0xcfc79fb5
2000278c:	2593c0c3 	.word	0x2593c0c3
20002790:	3753a7e9 	.word	0x3753a7e9
20002794:	a6520e8f 	.word	0xa6520e8f
20002798:	07112847 	.word	0x07112847
2000279c:	5f681413 	.word	0x5f681413
200027a0:	3a07e2d0 	.word	0x3a07e2d0
200027a4:	0657ebef 	.word	0x0657ebef
200027a8:	4d0a9c37 	.word	0x4d0a9c37
200027ac:	8d029fd8 	.word	0x8d029fd8
200027b0:	3f1e98a7 	.word	0x3f1e98a7
200027b4:	17ff0715 	.word	0x17ff0715
200027b8:	7f8f8224 	.word	0x7f8f8224
200027bc:	0000139e 	.word	0x0000139e
200027c0:	103f6096 	.word	0x103f6096
200027c4:	2510470d 	.word	0x2510470d
200027c8:	effefeec 	.word	0xeffefeec
200027cc:	0b470448 	.word	0x0b470448
200027d0:	c08f2ccf 	.word	0xc08f2ccf
200027d4:	e0971cc8 	.word	0xe0971cc8
200027d8:	0f348f50 	.word	0x0f348f50
200027dc:	1120576c 	.word	0x1120576c
200027e0:	a9c3084f 	.word	0xa9c3084f
200027e4:	04a3d237 	.word	0x04a3d237
200027e8:	e1588f69 	.word	0xe1588f69
200027ec:	7789102e 	.word	0x7789102e
200027f0:	9d0080d4 	.word	0x9d0080d4
200027f4:	ef3622c7 	.word	0xef3622c7
200027f8:	b30187b1 	.word	0xb30187b1
200027fc:	a5497f1f 	.word	0xa5497f1f
20002800:	934ee38f 	.word	0x934ee38f
20002804:	d002c70a 	.word	0xd002c70a
20002808:	d5893f16 	.word	0xd5893f16
2000280c:	20e0ff18 	.word	0x20e0ff18
20002810:	a793179b 	.word	0xa793179b
20002814:	8ba04338 	.word	0x8ba04338
20002818:	df60ff88 	.word	0xdf60ff88
2000281c:	209aa642 	.word	0x209aa642
20002820:	a1204620 	.word	0xa1204620
20002824:	00eea20e 	.word	0x00eea20e
20002828:	52efc891 	.word	0x52efc891
2000282c:	9f9826ca 	.word	0x9f9826ca
20002830:	d6776b70 	.word	0xd6776b70
20002834:	de06434d 	.word	0xde06434d
20002838:	b60a0e01 	.word	0xb60a0e01
2000283c:	eeab0e68 	.word	0xeeab0e68
20002840:	dfb51b97 	.word	0xdfb51b97
20002844:	acc70c12 	.word	0xacc70c12
20002848:	43a607cf 	.word	0x43a607cf
2000284c:	a0b12f27 	.word	0xa0b12f27
20002850:	a03778ff 	.word	0xa03778ff
20002854:	376c5f8d 	.word	0x376c5f8d
20002858:	9ccdff33 	.word	0x9ccdff33
2000285c:	6f0b20a4 	.word	0x6f0b20a4
20002860:	080113b5 	.word	0x080113b5
20002864:	1e0f8e07 	.word	0x1e0f8e07
20002868:	4c4de276 	.word	0x4c4de276
2000286c:	e384ffd6 	.word	0xe384ffd6
20002870:	2442daf7 	.word	0x2442daf7
20002874:	47e811d7 	.word	0x47e811d7
20002878:	bc0f201c 	.word	0xbc0f201c
2000287c:	2ac2081c 	.word	0x2ac2081c
20002880:	14bc0b87 	.word	0x14bc0b87
20002884:	7098e9d6 	.word	0x7098e9d6
20002888:	27261e5f 	.word	0x27261e5f
2000288c:	e72ddbd6 	.word	0xe72ddbd6
20002890:	a0c28e0d 	.word	0xa0c28e0d
20002894:	6c57ab8f 	.word	0x6c57ab8f
20002898:	2f306396 	.word	0x2f306396
2000289c:	53675eee 	.word	0x53675eee
200028a0:	02206e1c 	.word	0x02206e1c
200028a4:	d319f06f 	.word	0xd319f06f
200028a8:	281dc797 	.word	0x281dc797
200028ac:	048cafa6 	.word	0x048cafa6
200028b0:	5852276b 	.word	0x5852276b
200028b4:	85df35ff 	.word	0x85df35ff
200028b8:	5741579b 	.word	0x5741579b
200028bc:	8fa098a7 	.word	0x8fa098a7
200028c0:	97b65faa 	.word	0x97b65faa
200028c4:	0210237e 	.word	0x0210237e
200028c8:	62020f00 	.word	0x62020f00
200028cc:	7380622f 	.word	0x7380622f
200028d0:	af05246f 	.word	0xaf05246f
200028d4:	b8d72660 	.word	0xb8d72660
200028d8:	d0ae3940 	.word	0xd0ae3940
200028dc:	630fb330 	.word	0x630fb330
200028e0:	828f3ee7 	.word	0x828f3ee7
200028e4:	501ba68f 	.word	0x501ba68f
200028e8:	b70c066f 	.word	0xb70c066f
200028ec:	8178ff11 	.word	0x8178ff11
200028f0:	97d08a52 	.word	0x97d08a52
200028f4:	87b683a7 	.word	0x87b683a7
200028f8:	d7a78076 	.word	0xd7a78076
200028fc:	011e272e 	.word	0x011e272e
20002900:	e7587f85 	.word	0xe7587f85
20002904:	65b5870a 	.word	0x65b5870a
20002908:	bb1f46b7 	.word	0xbb1f46b7
2000290c:	af5551ef 	.word	0xaf5551ef
20002910:	1453ffaf 	.word	0x1453ffaf
20002914:	87706a2f 	.word	0x87706a2f
20002918:	20eb8117 	.word	0x20eb8117
2000291c:	87322402 	.word	0x87322402
20002920:	af6e0f08 	.word	0xaf6e0f08
20002924:	e020840f 	.word	0xe020840f
20002928:	c157a87f 	.word	0xc157a87f
2000292c:	e414a437 	.word	0xe414a437
20002930:	5f750b06 	.word	0x5f750b06
20002934:	631f8c2b 	.word	0x631f8c2b
20002938:	a50cc4af 	.word	0xa50cc4af
2000293c:	a0fe475f 	.word	0xa0fe475f
20002940:	6a07ba27 	.word	0x6a07ba27
20002944:	02b75221 	.word	0x02b75221
20002948:	35599f2b 	.word	0x35599f2b
2000294c:	4f0ba9e7 	.word	0x4f0ba9e7
20002950:	0d2f7010 	.word	0x0d2f7010
20002954:	01c65cfe 	.word	0x01c65cfe
20002958:	017001f2 	.word	0x017001f2
2000295c:	89ff8e50 	.word	0x89ff8e50
20002960:	547f0e17 	.word	0x547f0e17
20002964:	f7730a2f 	.word	0xf7730a2f
20002968:	132e064e 	.word	0x132e064e
2000296c:	3fa2473e 	.word	0x3fa2473e
20002970:	56773fcf 	.word	0x56773fcf
20002974:	26cf814f 	.word	0x26cf814f
20002978:	d71c8f76 	.word	0xd71c8f76
2000297c:	010ff32b 	.word	0x010ff32b
20002980:	690101cf 	.word	0x690101cf
20002984:	6e5887df 	.word	0x6e5887df
20002988:	4ea0a49e 	.word	0x4ea0a49e
2000298c:	00ac7ea8 	.word	0x00ac7ea8
20002990:	a7a030c5 	.word	0xa7a030c5
20002994:	82de7c50 	.word	0x82de7c50
20002998:	dfdb44da 	.word	0xdfdb44da
2000299c:	8f463e1e 	.word	0x8f463e1e
200029a0:	53070b71 	.word	0x53070b71
200029a4:	ae0ec7b1 	.word	0xae0ec7b1
200029a8:	2136f09c 	.word	0x2136f09c
200029ac:	0e9d1677 	.word	0x0e9d1677
200029b0:	46d49e80 	.word	0x46d49e80
200029b4:	9bef3814 	.word	0x9bef3814
200029b8:	03de2e9f 	.word	0x03de2e9f
200029bc:	8f1bb696 	.word	0x8f1bb696
200029c0:	b907ac8a 	.word	0xb907ac8a
200029c4:	e49ce418 	.word	0xe49ce418
200029c8:	7770ac04 	.word	0x7770ac04
200029cc:	1fd414c2 	.word	0x1fd414c2
200029d0:	9e5a0783 	.word	0x9e5a0783
200029d4:	0d37c58f 	.word	0x0d37c58f
200029d8:	2f446911 	.word	0x2f446911
200029dc:	8646e089 	.word	0x8646e089
200029e0:	37d81077 	.word	0x37d81077
200029e4:	0f47abc2 	.word	0x0f47abc2
200029e8:	8f3e8f06 	.word	0x8f3e8f06
200029ec:	14ef05a8 	.word	0x14ef05a8
200029f0:	dd175884 	.word	0xdd175884
200029f4:	1a8d2cee 	.word	0x1a8d2cee
200029f8:	e340f7a8 	.word	0xe340f7a8
200029fc:	4f17520f 	.word	0x4f17520f
20002a00:	3a312214 	.word	0x3a312214
20002a04:	fe128f6f 	.word	0xfe128f6f
20002a08:	1618b621 	.word	0x1618b621
20002a0c:	a4da1880 	.word	0xa4da1880
20002a10:	be59354c 	.word	0xbe59354c
20002a14:	00ac40ef 	.word	0x00ac40ef
20002a18:	16df0faa 	.word	0x16df0faa
20002a1c:	bf5d00af 	.word	0xbf5d00af
20002a20:	330f7660 	.word	0x330f7660
20002a24:	1f1d58a7 	.word	0x1f1d58a7
20002a28:	1877a058 	.word	0x1877a058
20002a2c:	93472ba8 	.word	0x93472ba8
20002a30:	d2570e32 	.word	0xd2570e32
20002a34:	8f63d6c3 	.word	0x8f63d6c3
20002a38:	4f442581 	.word	0x4f442581
20002a3c:	3ba6e089 	.word	0x3ba6e089
20002a40:	96910f46 	.word	0x96910f46
20002a44:	672927c0 	.word	0x672927c0
20002a48:	7f37ee0a 	.word	0x7f37ee0a
20002a4c:	06d41bf1 	.word	0x06d41bf1
20002a50:	1627350c 	.word	0x1627350c
20002a54:	1b0d6701 	.word	0x1b0d6701
20002a58:	dc20cfba 	.word	0xdc20cfba
20002a5c:	035eb2af 	.word	0x035eb2af
20002a60:	c10466e1 	.word	0xc10466e1
20002a64:	f4253a06 	.word	0xf4253a06
20002a68:	767b125e 	.word	0x767b125e
20002a6c:	70162021 	.word	0x70162021
20002a70:	da042080 	.word	0xda042080
20002a74:	2ef0da07 	.word	0x2ef0da07
20002a78:	9f28ac43 	.word	0x9f28ac43
20002a7c:	d8073a2c 	.word	0xd8073a2c
20002a80:	911f2800 	.word	0x911f2800
20002a84:	2a216744 	.word	0x2a216744
20002a88:	38880b57 	.word	0x38880b57
20002a8c:	0cc60f38 	.word	0x0cc60f38
20002a90:	18393017 	.word	0x18393017
20002a94:	afc07847 	.word	0xafc07847
20002a98:	9287ab30 	.word	0x9287ab30
20002a9c:	2320e43c 	.word	0x2320e43c
20002aa0:	ab8c42d0 	.word	0xab8c42d0
20002aa4:	ebbf617f 	.word	0xebbf617f
20002aa8:	4a62001a 	.word	0x4a62001a
20002aac:	84240637 	.word	0x84240637
20002ab0:	07389726 	.word	0x07389726
20002ab4:	cf8d48d7 	.word	0xcf8d48d7
20002ab8:	9e19c0ec 	.word	0x9e19c0ec
20002abc:	afa3c6db 	.word	0xafa3c6db
20002ac0:	d5140d1f 	.word	0xd5140d1f
20002ac4:	569a8f16 	.word	0x569a8f16
20002ac8:	a2be01c7 	.word	0xa2be01c7
20002acc:	4c3c81ce 	.word	0x4c3c81ce
20002ad0:	0f0eb4d7 	.word	0x0f0eb4d7
20002ad4:	0bd61e90 	.word	0x0bd61e90
20002ad8:	90e72810 	.word	0x90e72810
20002adc:	c2cd7fe8 	.word	0xc2cd7fe8
20002ae0:	410de7a4 	.word	0x410de7a4
20002ae4:	fd507baf 	.word	0xfd507baf
20002ae8:	02ac6116 	.word	0x02ac6116
20002aec:	02a856b2 	.word	0x02a856b2
20002af0:	9902b039 	.word	0x9902b039
20002af4:	f4e79906 	.word	0xf4e79906
20002af8:	8e00242f 	.word	0x8e00242f
20002afc:	3fb127c2 	.word	0x3fb127c2
20002b00:	028eb0df 	.word	0x028eb0df
20002b04:	00149d27 	.word	0x00149d27
20002b08:	e2dfd14c 	.word	0xe2dfd14c
20002b0c:	c72a9018 	.word	0xc72a9018
20002b10:	b05a7090 	.word	0xb05a7090
20002b14:	0124675e 	.word	0x0124675e
20002b18:	e40097d3 	.word	0xe40097d3
20002b1c:	00240602 	.word	0x00240602
20002b20:	9d2e3c64 	.word	0x9d2e3c64
20002b24:	27c3e343 	.word	0x27c3e343
20002b28:	ae5f7024 	.word	0xae5f7024
20002b2c:	46df635f 	.word	0x46df635f
20002b30:	7f331127 	.word	0x7f331127
20002b34:	015e7f4b 	.word	0x015e7f4b
20002b38:	af233400 	.word	0xaf233400
20002b3c:	1192174e 	.word	0x1192174e
20002b40:	0c07efc2 	.word	0x0c07efc2
20002b44:	4f1c0801 	.word	0x4f1c0801
20002b48:	e2f85010 	.word	0xe2f85010
20002b4c:	1e76071e 	.word	0x1e76071e
20002b50:	c43f03b7 	.word	0xc43f03b7
20002b54:	8c762c3a 	.word	0x8c762c3a
20002b58:	1fd00801 	.word	0x1fd00801
20002b5c:	6eec2c38 	.word	0x6eec2c38
20002b60:	d708a4f7 	.word	0xd708a4f7
20002b64:	21d3192f 	.word	0x21d3192f
20002b68:	c885904c 	.word	0xc885904c
20002b6c:	c5023062 	.word	0xc5023062
20002b70:	acb44d6f 	.word	0xacb44d6f
20002b74:	b1ee2397 	.word	0xb1ee2397
20002b78:	ce82974f 	.word	0xce82974f
20002b7c:	6f01a4c3 	.word	0x6f01a4c3
20002b80:	04bfaa04 	.word	0x04bfaa04
20002b84:	ec368730 	.word	0xec368730
20002b88:	343c2e97 	.word	0x343c2e97
20002b8c:	37715f6c 	.word	0x37715f6c
20002b90:	91822457 	.word	0x91822457
20002b94:	3a2926c7 	.word	0x3a2926c7
20002b98:	5f342c37 	.word	0x5f342c37
20002b9c:	978b540d 	.word	0x978b540d
20002ba0:	312f1682 	.word	0x312f1682
20002ba4:	812937c5 	.word	0x812937c5
20002ba8:	46098057 	.word	0x46098057
20002bac:	c1ef8977 	.word	0xc1ef8977
20002bb0:	12cf917c 	.word	0x12cf917c
20002bb4:	6d44e7b8 	.word	0x6d44e7b8
20002bb8:	8f5e3c27 	.word	0x8f5e3c27
20002bbc:	2e438ff0 	.word	0x2e438ff0
20002bc0:	7b1e2f55 	.word	0x7b1e2f55
20002bc4:	0f2026d7 	.word	0x0f2026d7
20002bc8:	0cb7141b 	.word	0x0cb7141b
20002bcc:	0f520d0d 	.word	0x0f520d0d
20002bd0:	61a7eb94 	.word	0x61a7eb94
20002bd4:	7fa60b1f 	.word	0x7fa60b1f
20002bd8:	400f083c 	.word	0x400f083c
20002bdc:	8406d603 	.word	0x8406d603
20002be0:	0f8205c7 	.word	0x0f8205c7
20002be4:	281d8c81 	.word	0x281d8c81
20002be8:	f92e9d07 	.word	0xf92e9d07
20002bec:	ea57d145 	.word	0xea57d145
20002bf0:	77429190 	.word	0x77429190
20002bf4:	921f8b25 	.word	0x921f8b25
20002bf8:	2a80e8e4 	.word	0x2a80e8e4
20002bfc:	92047087 	.word	0x92047087
20002c00:	c10197a1 	.word	0xc10197a1
20002c04:	c945d74b 	.word	0xc945d74b
20002c08:	da95f842 	.word	0xda95f842
20002c0c:	2f2a0c06 	.word	0x2f2a0c06
20002c10:	4c92141d 	.word	0x4c92141d
20002c14:	1fb14744 	.word	0x1fb14744
20002c18:	ac177472 	.word	0xac177472
20002c1c:	17338025 	.word	0x17338025
20002c20:	2a92d878 	.word	0x2a92d878
20002c24:	93007677 	.word	0x93007677
20002c28:	39829927 	.word	0x39829927
20002c2c:	1fd22d14 	.word	0x1fd22d14
20002c30:	da955e30 	.word	0xda955e30
20002c34:	c4dfe0a2 	.word	0xc4dfe0a2
20002c38:	baa82705 	.word	0xbaa82705
20002c3c:	ae19c0c7 	.word	0xae19c0c7
20002c40:	07180aaf 	.word	0x07180aaf
20002c44:	c5723fda 	.word	0xc5723fda
20002c48:	000238ff 	.word	0x000238ff
20002c4c:	4546d7ea 	.word	0x4546d7ea
20002c50:	e45c570f 	.word	0xe45c570f
20002c54:	02944211 	.word	0x02944211
20002c58:	a44056db 	.word	0xa44056db
20002c5c:	fa5a0f74 	.word	0xfa5a0f74
20002c60:	aa4ae0e6 	.word	0xaa4ae0e6
20002c64:	c7a8c63f 	.word	0xc7a8c63f
20002c68:	5f1802e2 	.word	0x5f1802e2
20002c6c:	0917582c 	.word	0x0917582c
20002c70:	d703178e 	.word	0xd703178e
20002c74:	3501032f 	.word	0x3501032f
20002c78:	b6bf8847 	.word	0xb6bf8847
20002c7c:	27744018 	.word	0x27744018
20002c80:	d0a70693 	.word	0xd0a70693
20002c84:	62d8afd7 	.word	0x62d8afd7
20002c88:	271177a0 	.word	0x271177a0
20002c8c:	a547d887 	.word	0xa547d887
20002c90:	4c94efba 	.word	0x4c94efba
20002c94:	13a7c03f 	.word	0x13a7c03f
20002c98:	90437f8f 	.word	0x90437f8f
20002c9c:	8e5e2387 	.word	0x8e5e2387
20002ca0:	14c67f1f 	.word	0x14c67f1f
20002ca4:	1fa660a7 	.word	0x1fa660a7
20002ca8:	dfef9304 	.word	0xdfef9304
20002cac:	8602a1b7 	.word	0x8602a1b7
20002cb0:	bcdf153e 	.word	0xbcdf153e
20002cb4:	1b04978e 	.word	0x1b04978e
20002cb8:	6da76087 	.word	0x6da76087
20002cbc:	05737706 	.word	0x05737706
20002cc0:	805705c8 	.word	0x805705c8
20002cc4:	1fd56021 	.word	0x1fd56021
20002cc8:	62b7ad63 	.word	0x62b7ad63
20002ccc:	15d04f60 	.word	0x15d04f60
20002cd0:	08fa30f6 	.word	0x08fa30f6
20002cd4:	08afc200 	.word	0x08afc200
20002cd8:	eec4efe2 	.word	0xeec4efe2
20002cdc:	f7ff9746 	.word	0xf7ff9746
20002ce0:	8f37fb30 	.word	0x8f37fb30
20002ce4:	10fb5f98 	.word	0x10fb5f98
20002ce8:	021f3442 	.word	0x021f3442
20002cec:	0c5e7b16 	.word	0x0c5e7b16
20002cf0:	5e0cc97e 	.word	0x5e0cc97e
20002cf4:	e44affbf 	.word	0xe44affbf
20002cf8:	ea012540 	.word	0xea012540
20002cfc:	60ff810e 	.word	0x60ff810e
20002d00:	acdf647f 	.word	0xacdf647f
20002d04:	120caf10 	.word	0x120caf10
20002d08:	6e1b4ff2 	.word	0x6e1b4ff2
20002d0c:	9158fc49 	.word	0x9158fc49
20002d10:	1bb706d8 	.word	0x1bb706d8
20002d14:	405747f7 	.word	0x405747f7
20002d18:	26370082 	.word	0x26370082
20002d1c:	c867c504 	.word	0xc867c504
20002d20:	1f0856fb 	.word	0x1f0856fb
20002d24:	47980462 	.word	0x47980462
20002d28:	efb14980 	.word	0xefb14980
20002d2c:	2fbeef45 	.word	0x2fbeef45
20002d30:	a7291418 	.word	0xa7291418
20002d34:	26c22188 	.word	0x26c22188
20002d38:	280c77a1 	.word	0x280c77a1
20002d3c:	0e47a7cb 	.word	0x0e47a7cb
20002d40:	2358ffe0 	.word	0x2358ffe0
20002d44:	ac080c0f 	.word	0xac080c0f
20002d48:	150f160e 	.word	0x150f160e
20002d4c:	47f876bf 	.word	0x47f876bf
20002d50:	2c57510c 	.word	0x2c57510c
20002d54:	d7093647 	.word	0xd7093647
20002d58:	9f408601 	.word	0x9f408601
20002d5c:	e7ae96a6 	.word	0xe7ae96a6
20002d60:	c0609f18 	.word	0xc0609f18
20002d64:	bf1dd7e9 	.word	0xbf1dd7e9
20002d68:	4d0db722 	.word	0x4d0db722
20002d6c:	b4820fc1 	.word	0xb4820fc1
20002d70:	f73908a8 	.word	0xf73908a8
20002d74:	cf4e08a9 	.word	0xcf4e08a9
20002d78:	e85a07a4 	.word	0xe85a07a4
20002d7c:	57a25207 	.word	0x57a25207
20002d80:	5cdb3ef5 	.word	0x5cdb3ef5
20002d84:	423838e7 	.word	0x423838e7
20002d88:	36862e4c 	.word	0x36862e4c
20002d8c:	45d03e86 	.word	0x45d03e86
20002d90:	04467d34 	.word	0x04467d34
20002d94:	9d37a9e3 	.word	0x9d37a9e3
20002d98:	61f60b48 	.word	0x61f60b48
20002d9c:	97c31137 	.word	0x97c31137
20002da0:	c214b76a 	.word	0xc214b76a
20002da4:	b5d76216 	.word	0xb5d76216
20002da8:	4fb0b7c0 	.word	0x4fb0b7c0
20002dac:	67f64321 	.word	0x67f64321
20002db0:	00ac431f 	.word	0x00ac431f
20002db4:	5cbdb726 	.word	0x5cbdb726
20002db8:	8e975211 	.word	0x8e975211
20002dbc:	1fcea71e 	.word	0x1fcea71e
20002dc0:	7fce9443 	.word	0x7fce9443
20002dc4:	2f09a443 	.word	0x2f09a443
20002dc8:	023444e0 	.word	0x023444e0
20002dcc:	7012af33 	.word	0x7012af33
20002dd0:	271f4b46 	.word	0x271f4b46
20002dd4:	2eec144c 	.word	0x2eec144c
20002dd8:	1b14462a 	.word	0x1b14462a
20002ddc:	f64f16bf 	.word	0xf64f16bf
20002de0:	3043ffff 	.word	0x3043ffff
20002de4:	60a4f897 	.word	0x60a4f897
20002de8:	c66729db 	.word	0xc66729db
20002dec:	47c41158 	.word	0x47c41158
20002df0:	30e96f1e 	.word	0x30e96f1e
20002df4:	07b38fe9 	.word	0x07b38fe9
20002df8:	a7143d37 	.word	0xa7143d37
20002dfc:	b000f030 	.word	0xb000f030
20002e00:	16275396 	.word	0x16275396
20002e04:	5a24bf6e 	.word	0x5a24bf6e
20002e08:	1f0b4e25 	.word	0x1f0b4e25
20002e0c:	0cff5651 	.word	0x0cff5651
20002e10:	3e86118f 	.word	0x3e86118f
20002e14:	e2a22747 	.word	0xe2a22747
20002e18:	af236107 	.word	0xaf236107
20002e1c:	0c10283f 	.word	0x0c10283f
20002e20:	6c284d1f 	.word	0x6c284d1f
20002e24:	d30e87cb 	.word	0xd30e87cb
20002e28:	cd84af8c 	.word	0xcd84af8c
20002e2c:	b0175da7 	.word	0xb0175da7
20002e30:	8706711f 	.word	0x8706711f
20002e34:	5c401f88 	.word	0x5c401f88
20002e38:	04878647 	.word	0x04878647
20002e3c:	2437dc05 	.word	0x2437dc05
20002e40:	864fc005 	.word	0x864fc005
20002e44:	87819517 	.word	0x87819517
20002e48:	4068de5b 	.word	0x4068de5b
20002e4c:	6a8f31ac 	.word	0x6a8f31ac
20002e50:	15699f35 	.word	0x15699f35
20002e54:	41e78ff7 	.word	0x41e78ff7
20002e58:	5875df10 	.word	0x5875df10
20002e5c:	1f6d5f23 	.word	0x1f6d5f23
20002e60:	2ed7dbad 	.word	0x2ed7dbad
20002e64:	4aa04369 	.word	0x4aa04369
20002e68:	03ed024f 	.word	0x03ed024f
20002e6c:	6fd884ff 	.word	0x6fd884ff
20002e70:	fa629720 	.word	0xfa629720
20002e74:	c4c6672a 	.word	0xc4c6672a
20002e78:	95ed04a7 	.word	0x95ed04a7
20002e7c:	5a3287da 	.word	0x5a3287da
20002e80:	c42f8968 	.word	0xc42f8968
20002e84:	67e29442 	.word	0x67e29442
20002e88:	020257d1 	.word	0x020257d1
20002e8c:	ef5b1f8d 	.word	0xef5b1f8d
20002e90:	b7a88d00 	.word	0xb7a88d00
20002e94:	2304dfb6 	.word	0x2304dfb6
20002e98:	afb80276 	.word	0xafb80276
20002e9c:	a7740924 	.word	0xa7740924
20002ea0:	0b7f98a4 	.word	0x0b7f98a4
20002ea4:	970b4f04 	.word	0x970b4f04
20002ea8:	40b020a4 	.word	0x40b020a4
20002eac:	475ad897 	.word	0x475ad897
20002eb0:	078a052c 	.word	0x078a052c
20002eb4:	050297c1 	.word	0x050297c1
20002eb8:	0d8f5bdf 	.word	0x0d8f5bdf
20002ebc:	07c70d20 	.word	0x07c70d20
20002ec0:	d3a76030 	.word	0xd3a76030
20002ec4:	07b65a7f 	.word	0x07b65a7f
20002ec8:	aaa6e89e 	.word	0xaaa6e89e
20002ecc:	974530cf 	.word	0x974530cf
20002ed0:	7295145c 	.word	0x7295145c
20002ed4:	26325410 	.word	0x26325410
20002ed8:	df816815 	.word	0xdf816815
20002edc:	13a6e952 	.word	0x13a6e952
20002ee0:	8fc3478f 	.word	0x8fc3478f
20002ee4:	421f9d00 	.word	0x421f9d00
20002ee8:	06360f34 	.word	0x06360f34
20002eec:	5ec4185f 	.word	0x5ec4185f
20002ef0:	19373636 	.word	0x19373636
20002ef4:	a0d40048 	.word	0xa0d40048
20002ef8:	1d2238bf 	.word	0x1d2238bf
20002efc:	c745ea36 	.word	0xc745ea36
20002f00:	4257a869 	.word	0x4257a869
20002f04:	135a7716 	.word	0x135a7716
20002f08:	7f0d5fcf 	.word	0x7f0d5fcf
20002f0c:	1328e7ba 	.word	0x1328e7ba
20002f10:	6876971f 	.word	0x6876971f
20002f14:	266e8888 	.word	0x266e8888
20002f18:	af838881 	.word	0xaf838881
20002f1c:	323710ac 	.word	0x323710ac
20002f20:	0854174c 	.word	0x0854174c
20002f24:	1e81af74 	.word	0x1e81af74
20002f28:	94002c3e 	.word	0x94002c3e
20002f2c:	936ce9af 	.word	0x936ce9af
20002f30:	07f02f35 	.word	0x07f02f35
20002f34:	27384324 	.word	0x27384324
20002f38:	4437d225 	.word	0x4437d225
20002f3c:	9564c405 	.word	0x9564c405
20002f40:	767c20d7 	.word	0x767c20d7
20002f44:	29af0e44 	.word	0x29af0e44
20002f48:	588743b5 	.word	0x588743b5
20002f4c:	eb400f28 	.word	0xeb400f28
20002f50:	0b0f05ff 	.word	0x0b0f05ff
20002f54:	82e80337 	.word	0x82e80337
20002f58:	60290f03 	.word	0x60290f03
20002f5c:	420f414f 	.word	0x420f414f
20002f60:	d78137c0 	.word	0xd78137c0
20002f64:	365d602f 	.word	0x365d602f
20002f68:	db3ef5ac 	.word	0xdb3ef5ac
20002f6c:	078a0c06 	.word	0x078a0c06
20002f70:	0a57702d 	.word	0x0a57702d
20002f74:	185a2fd5 	.word	0x185a2fd5
20002f78:	43c4a7d8 	.word	0x43c4a7d8
20002f7c:	9088071e 	.word	0x9088071e
20002f80:	16d016b9 	.word	0x16d016b9
20002f84:	1f63beab 	.word	0x1f63beab
20002f88:	4e8e94e5 	.word	0x4e8e94e5
20002f8c:	e7cc0889 	.word	0xe7cc0889
20002f90:	04b60698 	.word	0x04b60698
20002f94:	918e3a46 	.word	0x918e3a46
20002f98:	09d77000 	.word	0x09d77000
20002f9c:	9080b7a3 	.word	0x9080b7a3
20002fa0:	05831719 	.word	0x05831719
20002fa4:	fea0018e 	.word	0xfea0018e
20002fa8:	2e570627 	.word	0x2e570627
20002fac:	1f6900a8 	.word	0x1f6900a8
20002fb0:	938f4db7 	.word	0x938f4db7
20002fb4:	1ec000c0 	.word	0x1ec000c0
20002fb8:	a794b54f 	.word	0xa794b54f
20002fbc:	8d264257 	.word	0x8d264257
20002fc0:	0f6d93d7 	.word	0x0f6d93d7
20002fc4:	0664afa8 	.word	0x0664afa8
20002fc8:	0c0f1cab 	.word	0x0c0f1cab
20002fcc:	f06f1543 	.word	0xf06f1543
20002fd0:	55c00094 	.word	0x55c00094
20002fd4:	5fdc1a67 	.word	0x5fdc1a67
20002fd8:	0faba545 	.word	0x0faba545
20002fdc:	94df3641 	.word	0x94df3641
20002fe0:	208d272b 	.word	0x208d272b
20002fe4:	648f1fa9 	.word	0x648f1fa9
20002fe8:	39da8046 	.word	0x39da8046
20002fec:	5d578087 	.word	0x5d578087
20002ff0:	1fb0e627 	.word	0x1fb0e627
20002ff4:	67ba3e97 	.word	0x67ba3e97
20002ff8:	8fa92424 	.word	0x8fa92424
20002ffc:	b72738ae 	.word	0xb72738ae
20003000:	4abf7816 	.word	0x4abf7816
20003004:	a75cfec6 	.word	0xa75cfec6
20003008:	7f8b9258 	.word	0x7f8b9258
2000300c:	fbd77050 	.word	0xfbd77050
20003010:	06304207 	.word	0x06304207
20003014:	973871cf 	.word	0x973871cf
20003018:	55384dbf 	.word	0x55384dbf
2000301c:	0a30e3bf 	.word	0x0a30e3bf
20003020:	0adadf63 	.word	0x0adadf63
20003024:	344ec127 	.word	0x344ec127
20003028:	c4211826 	.word	0xc4211826
2000302c:	ac26bec7 	.word	0xac26bec7
20003030:	4b2f1729 	.word	0x4b2f1729
20003034:	063a926f 	.word	0x063a926f
20003038:	87ad0a24 	.word	0x87ad0a24
2000303c:	37e33e7d 	.word	0x37e33e7d
20003040:	e681fa27 	.word	0xe681fa27
20003044:	f6d9678a 	.word	0xf6d9678a
20003048:	d7119f86 	.word	0xd7119f86
2000304c:	b425805f 	.word	0xb425805f
20003050:	976008ef 	.word	0x976008ef
20003054:	76ff4d52 	.word	0x76ff4d52
20003058:	1cb87f88 	.word	0x1cb87f88
2000305c:	3d18b723 	.word	0x3d18b723
20003060:	47d54407 	.word	0x47d54407
20003064:	166f07d4 	.word	0x166f07d4
20003068:	3442a120 	.word	0x3442a120
2000306c:	c2f7355b 	.word	0xc2f7355b
20003070:	6fe7d411 	.word	0x6fe7d411
20003074:	ff97c05f 	.word	0xff97c05f
20003078:	626fa482 	.word	0x626fa482
2000307c:	67574b26 	.word	0x67574b26
20003080:	62ffe191 	.word	0x62ffe191
20003084:	a48fa114 	.word	0xa48fa114
20003088:	910f388c 	.word	0x910f388c
2000308c:	881117a3 	.word	0x881117a3
20003090:	b7362f98 	.word	0xb7362f98
20003094:	749f9110 	.word	0x749f9110
20003098:	d4c7b918 	.word	0xd4c7b918
2000309c:	176a9390 	.word	0x176a9390
200030a0:	de056757 	.word	0xde056757
200030a4:	79b4ae48 	.word	0x79b4ae48
200030a8:	7b090db0 	.word	0x7b090db0
200030ac:	cf0638c7 	.word	0xcf0638c7
200030b0:	443c403c 	.word	0x443c403c
200030b4:	4ccf48f3 	.word	0x4ccf48f3
200030b8:	ff534250 	.word	0xff534250
200030bc:	db174554 	.word	0xdb174554
200030c0:	e8c0ff6c 	.word	0xe8c0ff6c
200030c4:	de47fc03 	.word	0xde47fc03
200030c8:	6de75f57 	.word	0x6de75f57
200030cc:	d02f101f 	.word	0xd02f101f
200030d0:	d3ce1658 	.word	0xd3ce1658
200030d4:	a74c8317 	.word	0xa74c8317
200030d8:	efd8c630 	.word	0xefd8c630
200030dc:	46312e0e 	.word	0x46312e0e
200030e0:	300f345c 	.word	0x300f345c
200030e4:	1f75ffab 	.word	0x1f75ffab
200030e8:	a72fb102 	.word	0xa72fb102
200030ec:	9937d897 	.word	0x9937d897
200030f0:	00023903 	.word	0x00023903
200030f4:	d6a526d9 	.word	0xd6a526d9
200030f8:	2027b8c3 	.word	0x2027b8c3
200030fc:	8ebf5eec 	.word	0x8ebf5eec
20003100:	5453db3e 	.word	0x5453db3e
20003104:	6841460e 	.word	0x6841460e
20003108:	a419053e 	.word	0xa419053e
2000310c:	a6f80457 	.word	0xa6f80457
20003110:	1f29e70c 	.word	0x1f29e70c
20003114:	574f4f76 	.word	0x574f4f76
20003118:	4c530edb 	.word	0x4c530edb
2000311c:	211f534f 	.word	0x211f534f
20003120:	52da9f6e 	.word	0x52da9f6e
20003124:	42094e45 	.word	0x42094e45
20003128:	5a5e4fd2 	.word	0x5a5e4fd2
2000312c:	404ea342 	.word	0x404ea342
20003130:	a4f6c707 	.word	0xa4f6c707
20003134:	2ebfe98a 	.word	0x2ebfe98a
20003138:	5a96b742 	.word	0x5a96b742
2000313c:	c5063ef4 	.word	0xc5063ef4
20003140:	4e7b846f 	.word	0x4e7b846f
20003144:	1357ce62 	.word	0x1357ce62
20003148:	50458558 	.word	0x50458558
2000314c:	175445e6 	.word	0x175445e6
20003150:	4ff926ec 	.word	0x4ff926ec
20003154:	d04c4c4e 	.word	0xd04c4c4e
20003158:	b676430e 	.word	0xb676430e
2000315c:	f92f4f0f 	.word	0xf92f4f0f
20003160:	4ca74cea 	.word	0x4ca74cea
20003164:	ef742c3c 	.word	0xef742c3c
20003168:	165c077b 	.word	0x165c077b
2000316c:	8fec5cd0 	.word	0x8fec5cd0
20003170:	9fc7cb48 	.word	0x9fc7cb48
20003174:	db504d0e 	.word	0xdb504d0e
20003178:	9e554a0e 	.word	0x9e554a0e
2000317c:	8c570e49 	.word	0x8c570e49
20003180:	0fb8e4a8 	.word	0x0fb8e4a8
20003184:	8900083d 	.word	0x8900083d
20003188:	4e49c397 	.word	0x4e49c397
2000318c:	9642da9e 	.word	0x9642da9e
20003190:	a0fd4231 	.word	0xa0fd4231
20003194:	29afc000 	.word	0x29afc000
20003198:	a0e02f57 	.word	0xa0e02f57
2000319c:	30f79a93 	.word	0x30f79a93
200031a0:	ef6d3737 	.word	0xef6d3737
200031a4:	7ed8400d 	.word	0x7ed8400d
200031a8:	b9446417 	.word	0xb9446417
200031ac:	a2efd350 	.word	0xa2efd350
200031b0:	9b970644 	.word	0x9b970644
200031b4:	2eb426a0 	.word	0x2eb426a0
200031b8:	4c1e0ac6 	.word	0x4c1e0ac6
200031bc:	963ca456 	.word	0x963ca456
200031c0:	a90ddc3c 	.word	0xa90ddc3c
200031c4:	352e70ef 	.word	0x352e70ef
200031c8:	e6d27b2f 	.word	0xe6d27b2f
200031cc:	e86f1b27 	.word	0xe86f1b27
200031d0:	5097bb37 	.word	0x5097bb37
200031d4:	f8c8c95e 	.word	0xf8c8c95e
200031d8:	10000333 	.word	0x10000333
200031dc:	44674768 	.word	0x44674768
200031e0:	102c4790 	.word	0x102c4790
200031e4:	940439b7 	.word	0x940439b7
200031e8:	30670429 	.word	0x30670429
200031ec:	d297454c 	.word	0xd297454c
200031f0:	c0cf0c20 	.word	0xc0cf0c20
200031f4:	420fe04c 	.word	0x420fe04c
200031f8:	9d1acf5c 	.word	0x9d1acf5c
200031fc:	26c7a767 	.word	0x26c7a767
20003200:	267c01b7 	.word	0x267c01b7
20003204:	d70a2093 	.word	0xd70a2093
20003208:	6f85209a 	.word	0x6f85209a
2000320c:	e7b10135 	.word	0xe7b10135
20003210:	63d71408 	.word	0x63d71408
20003214:	0f08af56 	.word	0x0f08af56
20003218:	972a9c63 	.word	0x972a9c63
2000321c:	af184ca6 	.word	0xaf184ca6
20003220:	1162181c 	.word	0x1162181c
20003224:	4e0ca817 	.word	0x4e0ca817
20003228:	03afd86c 	.word	0x03afd86c
2000322c:	bcf306e0 	.word	0xbcf306e0
20003230:	3102e707 	.word	0x3102e707
20003234:	44583a5f 	.word	0x44583a5f
20003238:	3a279726 	.word	0x3a279726
2000323c:	1f342ca7 	.word	0x1f342ca7
20003240:	900f8121 	.word	0x900f8121
20003244:	87048b0f 	.word	0x87048b0f
20003248:	82eac940 	.word	0x82eac940
2000324c:	47421c5f 	.word	0x47421c5f
20003250:	5e39be58 	.word	0x5e39be58
20003254:	1af50207 	.word	0x1af50207
20003258:	d1af45ec 	.word	0xd1af45ec
2000325c:	52dace4d 	.word	0x52dace4d
20003260:	e842765e 	.word	0xe842765e
20003264:	c9cf8b60 	.word	0xc9cf8b60
20003268:	08539420 	.word	0x08539420
2000326c:	20ee7a51 	.word	0x20ee7a51
20003270:	0060afc7 	.word	0x0060afc7
20003274:	bfb7c280 	.word	0xbfb7c280
20003278:	268fa100 	.word	0x268fa100
2000327c:	6e02ffff 	.word	0x6e02ffff
20003280:	343030f7 	.word	0x343030f7
20003284:	f7229497 	.word	0xf7229497
20003288:	01e98a3c 	.word	0x01e98a3c
2000328c:	073a9f2a 	.word	0x073a9f2a
20003290:	4c36770d 	.word	0x4c36770d
20003294:	44a82b57 	.word	0x44a82b57
20003298:	d4524f8a 	.word	0xd4524f8a
2000329c:	56670baf 	.word	0x56670baf
200032a0:	e9b7d500 	.word	0xe9b7d500
200032a4:	0f54c36c 	.word	0x0f54c36c
200032a8:	df4c94d2 	.word	0xdf4c94d2
200032ac:	7f6b8407 	.word	0x7f6b8407
200032b0:	ffe56481 	.word	0xffe56481
200032b4:	17607652 	.word	0x17607652
200032b8:	68702568 	.word	0x68702568
200032bc:	17414fb8 	.word	0x17414fb8
200032c0:	02948c4e 	.word	0x02948c4e
200032c4:	e75a3fa2 	.word	0xe75a3fa2
200032c8:	904944ba 	.word	0x904944ba
200032cc:	f7ed0487 	.word	0xf7ed0487
200032d0:	f7d58742 	.word	0xf7d58742
200032d4:	97453403 	.word	0x97453403
200032d8:	532e1508 	.word	0x532e1508
200032dc:	1463361f 	.word	0x1463361f
200032e0:	856c5cd7 	.word	0x856c5cd7
200032e4:	1356ccc9 	.word	0x1356ccc9
200032e8:	0007f1fe 	.word	0x0007f1fe
200032ec:	10a72800 	.word	0x10a72800
200032f0:	a905e735 	.word	0xa905e735
200032f4:	fff6aeaf 	.word	0xfff6aeaf
200032f8:	a21440c0 	.word	0xa21440c0
200032fc:	2f6ac007 	.word	0x2f6ac007
20003300:	027778b0 	.word	0x027778b0
20003304:	c33c662a 	.word	0xc33c662a
20003308:	04bcdf89 	.word	0x04bcdf89
2000330c:	cf854026 	.word	0xcf854026
20003310:	73214408 	.word	0x73214408
20003314:	6850c90c 	.word	0x6850c90c
20003318:	6c8007a1 	.word	0x6c8007a1
2000331c:	516ccfcc 	.word	0x516ccfcc
20003320:	2e707757 	.word	0x2e707757
20003324:	0e4f70b7 	.word	0x0e4f70b7
20003328:	bee13715 	.word	0xbee13715
2000332c:	ffc10ce6 	.word	0xffc10ce6
20003330:	0f76e281 	.word	0x0f76e281
20003334:	17478417 	.word	0x17478417
20003338:	08eea55a 	.word	0x08eea55a
2000333c:	df50311f 	.word	0xdf50311f
20003340:	cc073f8a 	.word	0xcc073f8a
20003344:	5c212101 	.word	0x5c212101
20003348:	a5945436 	.word	0xa5945436
2000334c:	bf3ad70c 	.word	0xbf3ad70c
20003350:	98ffc6f0 	.word	0x98ffc6f0
20003354:	c26e978f 	.word	0xc26e978f
20003358:	ef284148 	.word	0xef284148
2000335c:	44e6d2f5 	.word	0x44e6d2f5
20003360:	4e9f81e7 	.word	0x4e9f81e7
20003364:	3615c9b4 	.word	0x3615c9b4
20003368:	c200f0a8 	.word	0xc200f0a8
2000336c:	8798a8af 	.word	0x8798a8af
20003370:	96fa4e26 	.word	0x96fa4e26
20003374:	7fea4f43 	.word	0x7fea4f43
20003378:	2b3fb050 	.word	0x2b3fb050
2000337c:	805f6107 	.word	0x805f6107
20003380:	4b3ef652 	.word	0x4b3ef652
20003384:	57720a5f 	.word	0x57720a5f
20003388:	45391152 	.word	0x45391152
2000338c:	56960858 	.word	0x56960858
20003390:	4e9e5541 	.word	0x4e9e5541
20003394:	4f985f82 	.word	0x4f985f82
20003398:	4353de3c 	.word	0x4353de3c
2000339c:	768f5742 	.word	0x768f5742
200033a0:	604f62e8 	.word	0x604f62e8
200033a4:	4ccee14e 	.word	0x4ccee14e
200033a8:	3103c6e2 	.word	0x3103c6e2
200033ac:	c23f6d6f 	.word	0xc23f6d6f
200033b0:	4dae6b55 	.word	0x4dae6b55
200033b4:	3fafd88e 	.word	0x3fafd88e
200033b8:	070c75be 	.word	0x070c75be
200033bc:	705f28a6 	.word	0x705f28a6
200033c0:	0e5c9500 	.word	0x0e5c9500
200033c4:	620702f2 	.word	0x620702f2
200033c8:	8f4305ef 	.word	0x8f4305ef
200033cc:	4e3f9541 	.word	0x4e3f9541
200033d0:	69260145 	.word	0x69260145
200033d4:	015f6b0f 	.word	0x015f6b0f
200033d8:	84a6e7ab 	.word	0x84a6e7ab
200033dc:	6288ba67 	.word	0x6288ba67
200033e0:	2284ba97 	.word	0x2284ba97
200033e4:	e78ce4f7 	.word	0xe78ce4f7
200033e8:	e084928c 	.word	0xe084928c
200033ec:	db4f1590 	.word	0xdb4f1590
200033f0:	0cc25f90 	.word	0x0cc25f90
200033f4:	c1b7e800 	.word	0xc1b7e800
200033f8:	df384267 	.word	0xdf384267
200033fc:	77ba1660 	.word	0x77ba1660
20003400:	3e274588 	.word	0x3e274588
20003404:	0c06d608 	.word	0x0c06d608
20003408:	58174f05 	.word	0x58174f05
2000340c:	fe02767d 	.word	0xfe02767d
20003410:	6c5b2f9a 	.word	0x6c5b2f9a
20003414:	f53f105f 	.word	0xf53f105f
20003418:	010211c2 	.word	0x010211c2
2000341c:	691f986f 	.word	0x691f986f
20003420:	9aaf0a7f 	.word	0x9aaf0a7f
20003424:	74cfeb2c 	.word	0x74cfeb2c
20003428:	16033047 	.word	0x16033047
2000342c:	440045d6 	.word	0x440045d6
20003430:	99c148c7 	.word	0x99c148c7
20003434:	9426847f 	.word	0x9426847f
20003438:	819456f5 	.word	0x819456f5
2000343c:	8b8b4857 	.word	0x8b8b4857
20003440:	9e3e09ff 	.word	0x9e3e09ff
20003444:	bc430088 	.word	0xbc430088
20003448:	2d985e98 	.word	0x2d985e98
2000344c:	15849744 	.word	0x15849744
20003450:	c6ee6dcf 	.word	0xc6ee6dcf
20003454:	4d308fc2 	.word	0x4d308fc2
20003458:	b88f8227 	.word	0xb88f8227
2000345c:	e00f2229 	.word	0xe00f2229
20003460:	816ec00f 	.word	0x816ec00f
20003464:	5330b7ba 	.word	0x5330b7ba
20003468:	181267a7 	.word	0x181267a7
2000346c:	4e298f05 	.word	0x4e298f05
20003470:	1b500b5f 	.word	0x1b500b5f
20003474:	ac03cfde 	.word	0xac03cfde
20003478:	b01fc53a 	.word	0xb01fc53a
2000347c:	d7cc312f 	.word	0xd7cc312f
20003480:	370d303f 	.word	0x370d303f
20003484:	1eda3072 	.word	0x1eda3072
20003488:	4ce7112c 	.word	0x4ce7112c
2000348c:	780f0ab7 	.word	0x780f0ab7
20003490:	a0070c98 	.word	0xa0070c98
20003494:	00a9f067 	.word	0x00a9f067
20003498:	449d1708 	.word	0x449d1708
2000349c:	749f134e 	.word	0x749f134e
200034a0:	91db0520 	.word	0x91db0520
200034a4:	378219bf 	.word	0x378219bf
200034a8:	066eced9 	.word	0x066eced9
200034ac:	78c604b4 	.word	0x78c604b4
200034b0:	34c5f775 	.word	0x34c5f775
200034b4:	1434d4ae 	.word	0x1434d4ae
200034b8:	afa148af 	.word	0xafa148af
200034bc:	8746ef46 	.word	0x8746ef46
200034c0:	f78a7ca1 	.word	0xf78a7ca1
200034c4:	104f1744 	.word	0x104f1744
200034c8:	36b03751 	.word	0x36b03751
200034cc:	82743e68 	.word	0x82743e68
200034d0:	ac8037a6 	.word	0xac8037a6
200034d4:	b09f285f 	.word	0xb09f285f
200034d8:	2058e703 	.word	0x2058e703
200034dc:	c6a65b5f 	.word	0xc6a65b5f
200034e0:	bf74868f 	.word	0xbf74868f
200034e4:	bfaef8e2 	.word	0xbfaef8e2
200034e8:	b11f082a 	.word	0xb11f082a
200034ec:	a743bf64 	.word	0xa743bf64
200034f0:	34667978 	.word	0x34667978
200034f4:	34962c3c 	.word	0x34962c3c
200034f8:	2734c527 	.word	0x2734c527
200034fc:	5f17345c 	.word	0x5f17345c
20003500:	72271578 	.word	0x72271578
20003504:	075661c8 	.word	0x075661c8
20003508:	69774c12 	.word	0x69774c12
2000350c:	069646ea 	.word	0x069646ea
20003510:	f72f8d47 	.word	0xf72f8d47
20003514:	48579641 	.word	0x48579641
20003518:	7f310e5e 	.word	0x7f310e5e
2000351c:	1700027b 	.word	0x1700027b
20003520:	64c7a848 	.word	0x64c7a848
20003524:	53502f30 	.word	0x53502f30
20003528:	41470e6c 	.word	0x41470e6c
2000352c:	1e3adf0e 	.word	0x1e3adf0e
20003530:	8047a6c8 	.word	0x8047a6c8
20003534:	d701bfd6 	.word	0xd701bfd6
20003538:	ed484143 	.word	0xed484143
2000353c:	326f4c26 	.word	0x326f4c26
20003540:	95885c11 	.word	0x95885c11
20003544:	8fdc24d4 	.word	0x8fdc24d4
20003548:	a7c02561 	.word	0xa7c02561
2000354c:	173fc4c1 	.word	0x173fc4c1
20003550:	77a55b08 	.word	0x77a55b08
20003554:	4b2ba76e 	.word	0x4b2ba76e
20003558:	c08f0ea6 	.word	0xc08f0ea6
2000355c:	2f1db88f 	.word	0x2f1db88f
20003560:	53492d13 	.word	0x53492d13
20003564:	71582bdf 	.word	0x71582bdf
20003568:	a72e2caf 	.word	0xa72e2caf
2000356c:	a3e140d6 	.word	0xa3e140d6
20003570:	524aa4bf 	.word	0x524aa4bf
20003574:	4e1fe9ef 	.word	0x4e1fe9ef
20003578:	48b988e4 	.word	0x48b988e4
2000357c:	55d20de4 	.word	0x55d20de4
20003580:	36776c77 	.word	0x36776c77
20003584:	90813702 	.word	0x90813702
20003588:	f242a420 	.word	0xf242a420
2000358c:	05dca4ed 	.word	0x05dca4ed
20003590:	7706202f 	.word	0x7706202f
20003594:	0f0a01ab 	.word	0x0f0a01ab
20003598:	c06f33ac 	.word	0xc06f33ac
2000359c:	80873001 	.word	0x80873001
200035a0:	4cc09f9a 	.word	0x4cc09f9a
200035a4:	8fc37cbf 	.word	0x8fc37cbf
200035a8:	671a0110 	.word	0x671a0110
200035ac:	c726f460 	.word	0xc726f460
200035b0:	10bfd425 	.word	0x10bfd425
200035b4:	1453af21 	.word	0x1453af21
200035b8:	48af3542 	.word	0x48af3542
200035bc:	2ff7ad12 	.word	0x2ff7ad12
200035c0:	b770838e 	.word	0xb770838e
200035c4:	178c44ec 	.word	0x178c44ec
200035c8:	66877f31 	.word	0x66877f31
200035cc:	1ee84800 	.word	0x1ee84800
200035d0:	04ac43cc 	.word	0x04ac43cc
200035d4:	9cc4e7aa 	.word	0x9cc4e7aa
200035d8:	6f0d168f 	.word	0x6f0d168f
200035dc:	0000c00a 	.word	0x0000c00a
200035e0:	cb878143 	.word	0xcb878143
200035e4:	0609ffff 	.word	0x0609ffff
200035e8:	0009b8b7 	.word	0x0009b8b7
200035ec:	70c05774 	.word	0x70c05774
200035f0:	2507a411 	.word	0x2507a411
200035f4:	f130465e 	.word	0xf130465e
200035f8:	e01440ff 	.word	0xe01440ff
200035fc:	aa484067 	.word	0xaa484067
20003600:	000df8af 	.word	0x000df8af
20003604:	6f140900 	.word	0x6f140900
20003608:	c000434e 	.word	0xc000434e
2000360c:	af0ad3ff 	.word	0xaf0ad3ff
20003610:	ff98445d 	.word	0xff98445d
20003614:	231f0494 	.word	0x231f0494
20003618:	ed307616 	.word	0xed307616
2000361c:	092c070a 	.word	0x092c070a
20003620:	bd814fc5 	.word	0xbd814fc5
20003624:	96f0609e 	.word	0x96f0609e
20003628:	3d873720 	.word	0x3d873720
2000362c:	4f401170 	.word	0x4f401170
20003630:	1140404f 	.word	0x1140404f
20003634:	3893eff5 	.word	0x3893eff5
20003638:	bf63c24f 	.word	0xbf63c24f
2000363c:	2148b71d 	.word	0x2148b71d
20003640:	3043d807 	.word	0x3043d807
20003644:	63e65b27 	.word	0x63e65b27
20003648:	e6d10834 	.word	0xe6d10834
2000364c:	5f45ad1f 	.word	0x5f45ad1f
20003650:	370e50c6 	.word	0x370e50c6
20003654:	4aafc2c0 	.word	0x4aafc2c0
20003658:	ffd6778b 	.word	0xffd6778b
2000365c:	e91fc5ff 	.word	0xe91fc5ff
20003660:	77811c40 	.word	0x77811c40
20003664:	e7077081 	.word	0xe7077081
20003668:	83969038 	.word	0x83969038
2000366c:	0e860f83 	.word	0x0e860f83
20003670:	02802b07 	.word	0x02802b07
20003674:	2d587795 	.word	0x2d587795
20003678:	3f56258f 	.word	0x3f56258f
2000367c:	b1e7e004 	.word	0xb1e7e004
20003680:	2d569793 	.word	0x2d569793
20003684:	620074c7 	.word	0x620074c7
20003688:	2f164037 	.word	0x2f164037
2000368c:	1d4e7008 	.word	0x1d4e7008
20003690:	170b89a7 	.word	0x170b89a7
20003694:	1067dd11 	.word	0x1067dd11
20003698:	5781a043 	.word	0x5781a043
2000369c:	80c01761 	.word	0x80c01761
200036a0:	3fe91800 	.word	0x3fe91800
200036a4:	e0408f77 	.word	0xe0408f77
200036a8:	0e000213 	.word	0x0e000213
200036ac:	5f350487 	.word	0x5f350487
200036b0:	117502c9 	.word	0x117502c9
200036b4:	503b7f56 	.word	0x503b7f56
200036b8:	18b02402 	.word	0x18b02402
200036bc:	30447d67 	.word	0x30447d67
200036c0:	a37fab18 	.word	0xa37fab18
200036c4:	7f61e625 	.word	0x7f61e625
200036c8:	0732cf0c 	.word	0x0732cf0c
200036cc:	aed08505 	.word	0xaed08505
200036d0:	307fc418 	.word	0x307fc418
200036d4:	af380401 	.word	0xaf380401
200036d8:	713edf4c 	.word	0x713edf4c
200036dc:	28a04011 	.word	0x28a04011
200036e0:	10357c1f 	.word	0x10357c1f
200036e4:	3805a043 	.word	0x3805a043
200036e8:	5f0c0be7 	.word	0x5f0c0be7
200036ec:	0b9137a6 	.word	0x0b9137a6
200036f0:	324f0d97 	.word	0x324f0d97
200036f4:	67a01a44 	.word	0x67a01a44
200036f8:	525f2040 	.word	0x525f2040
200036fc:	9c6187c5 	.word	0x9c6187c5
20003700:	618042cf 	.word	0x618042cf
20003704:	626b67c1 	.word	0x626b67c1
20003708:	2cf8226f 	.word	0x2cf8226f
2000370c:	d10ac700 	.word	0xd10ac700
20003710:	7f3537e7 	.word	0x7f3537e7
20003714:	ff8f0242 	.word	0xff8f0242
20003718:	6e02671e 	.word	0x6e02671e
2000371c:	b095e027 	.word	0xb095e027
20003720:	17ae8007 	.word	0x17ae8007
20003724:	842f8b71 	.word	0x842f8b71
20003728:	10ff9970 	.word	0x10ff9970
2000372c:	2ac3af75 	.word	0x2ac3af75
20003730:	4e245de7 	.word	0x4e245de7
20003734:	b63690bf 	.word	0xb63690bf
20003738:	63d36e76 	.word	0x63d36e76
2000373c:	280c9f90 	.word	0x280c9f90
20003740:	766b2750 	.word	0x766b2750
20003744:	eac7112f 	.word	0xeac7112f
20003748:	16072a30 	.word	0x16072a30
2000374c:	36575caf 	.word	0x36575caf
20003750:	06008f6f 	.word	0x06008f6f
20003754:	d674260d 	.word	0xd674260d
20003758:	e7cc06e1 	.word	0xe7cc06e1
2000375c:	0ca87f0b 	.word	0x0ca87f0b
20003760:	a009470a 	.word	0xa009470a
20003764:	57973a10 	.word	0x57973a10
20003768:	53c5a097 	.word	0x53c5a097
2000376c:	71082817 	.word	0x71082817
20003770:	6f181297 	.word	0x6f181297
20003774:	e074c641 	.word	0xe074c641
20003778:	57812c00 	.word	0x57812c00
2000377c:	46e2c148 	.word	0x46e2c148
20003780:	d1063219 	.word	0xd1063219
20003784:	e2509faf 	.word	0xe2509faf
20003788:	0637515b 	.word	0x0637515b
2000378c:	057f6416 	.word	0x057f6416
20003790:	4310c7fe 	.word	0x4310c7fe
20003794:	876a22ac 	.word	0x876a22ac
20003798:	71d715b0 	.word	0x71d715b0
2000379c:	5ac7d83c 	.word	0x5ac7d83c
200037a0:	edfdc7bc 	.word	0xedfdc7bc
200037a4:	3aaf8a0d 	.word	0x3aaf8a0d
200037a8:	57a59338 	.word	0x57a59338
200037ac:	ce6f5605 	.word	0xce6f5605
200037b0:	828fc62f 	.word	0x828fc62f
200037b4:	baa067ae 	.word	0xbaa067ae
200037b8:	4000f5cf 	.word	0x4000f5cf
200037bc:	765b6f13 	.word	0x765b6f13
200037c0:	229ee000 	.word	0x229ee000
200037c4:	5488d11f 	.word	0x5488d11f
200037c8:	62e7d404 	.word	0x62e7d404
200037cc:	c0302f86 	.word	0xc0302f86
200037d0:	9206865f 	.word	0x9206865f
200037d4:	8784c2b6 	.word	0x8784c2b6
200037d8:	19078605 	.word	0x19078605
200037dc:	2fc5023c 	.word	0x2fc5023c
200037e0:	47aba110 	.word	0x47aba110
200037e4:	1a867a58 	.word	0x1a867a58
200037e8:	532c46e0 	.word	0x532c46e0
200037ec:	77557497 	.word	0x77557497
200037f0:	9e0f73db 	.word	0x9e0f73db
200037f4:	a9a02472 	.word	0xa9a02472
200037f8:	aa20818f 	.word	0xaa20818f
200037fc:	c6bc948f 	.word	0xc6bc948f
20003800:	800e6821 	.word	0x800e6821
20003804:	151060e7 	.word	0x151060e7
20003808:	0050e82f 	.word	0x0050e82f
2000380c:	8aa50fa6 	.word	0x8aa50fa6
20003810:	2293684f 	.word	0x2293684f
20003814:	067fd85f 	.word	0x067fd85f
20003818:	e7c79a24 	.word	0xe7c79a24
2000381c:	0d274d24 	.word	0x0d274d24
20003820:	e3bf820a 	.word	0xe3bf820a
20003824:	d3ff5490 	.word	0xd3ff5490
20003828:	cc68e773 	.word	0xcc68e773
2000382c:	7335b7bf 	.word	0x7335b7bf
20003830:	b1711f5d 	.word	0xb1711f5d
20003834:	864e9d37 	.word	0x864e9d37
20003838:	724e7237 	.word	0x724e7237
2000383c:	3f25064e 	.word	0x3f25064e
20003840:	46dc884a 	.word	0x46dc884a
20003844:	ef2b063f 	.word	0xef2b063f
20003848:	e26d4f61 	.word	0xe26d4f61
2000384c:	87880002 	.word	0x87880002
20003850:	6ef7026d 	.word	0x6ef7026d
20003854:	11148537 	.word	0x11148537
20003858:	e7a0209f 	.word	0xe7a0209f
2000385c:	e4020919 	.word	0xe4020919
20003860:	43f80856 	.word	0x43f80856
20003864:	31435a90 	.word	0x31435a90
20003868:	0f86210f 	.word	0x0f86210f
2000386c:	c1d70a48 	.word	0xc1d70a48
20003870:	b68a0877 	.word	0xb68a0877
20003874:	b72c2c56 	.word	0xb72c2c56
20003878:	bfb840c2 	.word	0xbfb840c2
2000387c:	2c6faa2c 	.word	0x2c6faa2c
20003880:	81208710 	.word	0x81208710
20003884:	2f66015f 	.word	0x2f66015f
20003888:	5a40f7d8 	.word	0x5a40f7d8
2000388c:	b0153ee0 	.word	0xb0153ee0
20003890:	c8d7404f 	.word	0xc8d7404f
20003894:	73ce0521 	.word	0x73ce0521
20003898:	9fa89fc0 	.word	0x9fa89fc0
2000389c:	19ffd056 	.word	0x19ffd056
200038a0:	74bcdf83 	.word	0x74bcdf83
200038a4:	b7620e56 	.word	0xb7620e56
200038a8:	58170b9b 	.word	0x58170b9b
200038ac:	8656e7d5 	.word	0x8656e7d5
200038b0:	74b60f2b 	.word	0x74b60f2b
200038b4:	0fec82cf 	.word	0x0fec82cf
200038b8:	0bfef521 	.word	0x0bfef521
200038bc:	ea049f17 	.word	0xea049f17
200038c0:	5f2effff 	.word	0x5f2effff
200038c4:	565f8730 	.word	0x565f8730
200038c8:	f2d6f814 	.word	0xf2d6f814
200038cc:	b761572b 	.word	0xb761572b
200038d0:	0bf70782 	.word	0x0bf70782
200038d4:	600f3110 	.word	0x600f3110
200038d8:	1ec74008 	.word	0x1ec74008
200038dc:	6fb88fc4 	.word	0x6fb88fc4
200038e0:	08267611 	.word	0x08267611
200038e4:	13c7864f 	.word	0x13c7864f
200038e8:	ff5261e6 	.word	0xff5261e6
200038ec:	4a0fc725 	.word	0x4a0fc725
200038f0:	50ae5041 	.word	0x50ae5041
200038f4:	05046f56 	.word	0x05046f56
200038f8:	77d01617 	.word	0x77d01617
200038fc:	851545c8 	.word	0x851545c8
20003900:	02078f2d 	.word	0x02078f2d
20003904:	c500df02 	.word	0xc500df02
20003908:	1040bd8f 	.word	0x1040bd8f
2000390c:	5780a043 	.word	0x5780a043
20003910:	b1020219 	.word	0xb1020219
20003914:	c190163a 	.word	0xc190163a
20003918:	80410dff 	.word	0x80410dff
2000391c:	2a41b9a7 	.word	0x2a41b9a7
20003920:	a61400e2 	.word	0xa61400e2
20003924:	679a2538 	.word	0x679a2538
20003928:	c3075550 	.word	0xc3075550
2000392c:	63057f26 	.word	0x63057f26
20003930:	40e2df71 	.word	0x40e2df71
20003934:	b28731ac 	.word	0xb28731ac
20003938:	67adcb16 	.word	0x67adcb16
2000393c:	cf165f80 	.word	0xcf165f80
20003940:	4f108ba1 	.word	0x4f108ba1
20003944:	eea25603 	.word	0xeea25603
20003948:	443ce39e 	.word	0x443ce39e
2000394c:	817f1d22 	.word	0x817f1d22
20003950:	07e008c7 	.word	0x07e008c7
20003954:	4de3ff71 	.word	0x4de3ff71
20003958:	4f26e132 	.word	0x4f26e132
2000395c:	c442ee2b 	.word	0xc442ee2b
20003960:	409f63ee 	.word	0x409f63ee
20003964:	1c409fbd 	.word	0x1c409fbd
20003968:	90099218 	.word	0x90099218
2000396c:	377a94af 	.word	0x377a94af
20003970:	105fa781 	.word	0x105fa781
20003974:	5f501102 	.word	0x5f501102
20003978:	0c6e3c2b 	.word	0x0c6e3c2b
2000397c:	832f5261 	.word	0x832f5261
20003980:	c72e61b7 	.word	0xc72e61b7
20003984:	af0a04e8 	.word	0xaf0a04e8
20003988:	0fb71109 	.word	0x0fb71109
2000398c:	cc1d506f 	.word	0xcc1d506f
20003990:	47c75bd7 	.word	0x47c75bd7
20003994:	11008162 	.word	0x11008162
20003998:	8120176f 	.word	0x8120176f
2000399c:	2016d020 	.word	0x2016d020
200039a0:	a057e304 	.word	0xa057e304
200039a4:	44af2a14 	.word	0x44af2a14
200039a8:	1216771c 	.word	0x1216771c
200039ac:	c6288e6d 	.word	0xc6288e6d
200039b0:	c4a74468 	.word	0xc4a74468
200039b4:	908f681c 	.word	0x908f681c
200039b8:	e4a5ae9f 	.word	0xe4a5ae9f
200039bc:	60ff541a 	.word	0x60ff541a
200039c0:	d177d804 	.word	0xd177d804
200039c4:	96c01fbc 	.word	0x96c01fbc
200039c8:	30372a05 	.word	0x30372a05
200039cc:	971dffc2 	.word	0x971dffc2
200039d0:	4201e2d0 	.word	0x4201e2d0
200039d4:	691f8934 	.word	0x691f8934
200039d8:	020290c7 	.word	0x020290c7
200039dc:	902b84e4 	.word	0x902b84e4
200039e0:	44d90203 	.word	0x44d90203
200039e4:	bf4ac7a4 	.word	0xbf4ac7a4
200039e8:	68a647ae 	.word	0x68a647ae
200039ec:	d048a68f 	.word	0xd048a68f
200039f0:	49495d77 	.word	0x49495d77
200039f4:	0848b750 	.word	0x0848b750
200039f8:	a616c735 	.word	0xa616c735
200039fc:	44aeb768 	.word	0x44aeb768
20003a00:	a63f62b0 	.word	0xa63f62b0
20003a04:	abcf0857 	.word	0xabcf0857
20003a08:	82375686 	.word	0x82375686
20003a0c:	ed8a09e4 	.word	0xed8a09e4
20003a10:	c915770b 	.word	0xc915770b
20003a14:	0dd6150c 	.word	0x0dd6150c
20003a18:	ac508715 	.word	0xac508715
20003a1c:	d7005718 	.word	0xd7005718
20003a20:	66c740e8 	.word	0x66c740e8
20003a24:	24a1961e 	.word	0x24a1961e
20003a28:	a7600f89 	.word	0xa7600f89
20003a2c:	87c04c84 	.word	0x87c04c84
20003a30:	100202e0 	.word	0x100202e0
20003a34:	0b2c7077 	.word	0x0b2c7077
20003a38:	e7154bff 	.word	0xe7154bff
20003a3c:	c2a61581 	.word	0xc2a61581
20003a40:	541f2201 	.word	0x541f2201
20003a44:	0fb877e2 	.word	0x0fb877e2
20003a48:	fa665a81 	.word	0xfa665a81
20003a4c:	b0074517 	.word	0xb0074517
20003a50:	070f0e04 	.word	0x070f0e04
20003a54:	48882524 	.word	0x48882524
20003a58:	2402a8fa 	.word	0x2402a8fa
20003a5c:	e65e37e0 	.word	0xe65e37e0
20003a60:	6eef0324 	.word	0x6eef0324
20003a64:	37ac11cf 	.word	0x37ac11cf
20003a68:	b7ff9a04 	.word	0xb7ff9a04
20003a6c:	97d700e7 	.word	0x97d700e7
20003a70:	8000df36 	.word	0x8000df36
20003a74:	11fd00bf 	.word	0x11fd00bf
20003a78:	28210005 	.word	0x28210005
20003a7c:	281aac45 	.word	0x281aac45
20003a80:	0bc6bb0e 	.word	0x0bc6bb0e
20003a84:	2021ed3c 	.word	0x2021ed3c
20003a88:	40606e85 	.word	0x40606e85
20003a8c:	96be6fe0 	.word	0x96be6fe0
20003a90:	7bd424ce 	.word	0x7bd424ce
20003a94:	0f4cff6b 	.word	0x0f4cff6b
20003a98:	07404024 	.word	0x07404024
20003a9c:	6b064e66 	.word	0x6b064e66
20003aa0:	028241d4 	.word	0x028241d4
20003aa4:	16c0bf1e 	.word	0x16c0bf1e
20003aa8:	c0250168 	.word	0xc0250168
20003aac:	b6ac8050 	.word	0xb6ac8050
20003ab0:	066628ed 	.word	0x066628ed
20003ab4:	070a8da9 	.word	0x070a8da9
20003ab8:	4eb00ac4 	.word	0x4eb00ac4
20003abc:	fea00805 	.word	0xfea00805
20003ac0:	2923002e 	.word	0x2923002e
20003ac4:	2c6360de 	.word	0x2c6360de
20003ac8:	e4c01940 	.word	0xe4c01940
20003acc:	04e10eb0 	.word	0x04e10eb0
20003ad0:	3463af4e 	.word	0x3463af4e
20003ad4:	9a65a0d1 	.word	0x9a65a0d1
20003ad8:	3e1e451e 	.word	0x3e1e451e
20003adc:	ffe40b29 	.word	0xffe40b29
20003ae0:	3015b6c9 	.word	0x3015b6c9
20003ae4:	06d7254a 	.word	0x06d7254a
20003ae8:	84fdce8c 	.word	0x84fdce8c
20003aec:	8fffe524 	.word	0x8fffe524
20003af0:	e72ebe15 	.word	0xe72ebe15
20003af4:	0510c224 	.word	0x0510c224
20003af8:	3ba356f5 	.word	0x3ba356f5
20003afc:	861060fe 	.word	0x861060fe
20003b00:	24779701 	.word	0x24779701
20003b04:	039f1e20 	.word	0x039f1e20
20003b08:	a3960040 	.word	0xa3960040
20003b0c:	1fe1af1c 	.word	0x1fe1af1c
20003b10:	88c2bf88 	.word	0x88c2bf88
20003b14:	0296aec1 	.word	0x0296aec1
20003b18:	000a1fc7 	.word	0x000a1fc7
20003b1c:	0f7711a0 	.word	0x0f7711a0
20003b20:	8260ffe3 	.word	0x8260ffe3
20003b24:	0984da14 	.word	0x0984da14
20003b28:	01025658 	.word	0x01025658
20003b2c:	22026761 	.word	0x22026761
20003b30:	0bfe06ce 	.word	0x0bfe06ce
20003b34:	60ffdc0e 	.word	0x60ffdc0e
20003b38:	e63b02cc 	.word	0xe63b02cc
20003b3c:	aeb00eda 	.word	0xaeb00eda
20003b40:	8f8d3624 	.word	0x8f8d3624
20003b44:	8c43d208 	.word	0x8c43d208
20003b48:	b004068e 	.word	0xb004068e
20003b4c:	81be25ae 	.word	0x81be25ae
20003b50:	a771ae2c 	.word	0xa771ae2c
20003b54:	0219dbbb 	.word	0x0219dbbb
20003b58:	0c97580a 	.word	0x0c97580a
20003b5c:	0f433e19 	.word	0x0f433e19
20003b60:	63c9b878 	.word	0x63c9b878
20003b64:	07be8b24 	.word	0x07be8b24
20003b68:	f644112c 	.word	0xf644112c
20003b6c:	808132bf 	.word	0x808132bf
20003b70:	e722d73e 	.word	0xe722d73e
20003b74:	0f392726 	.word	0x0f392726
20003b78:	17f2cb04 	.word	0x17f2cb04
20003b7c:	c23c05ee 	.word	0xc23c05ee
20003b80:	307e37be 	.word	0x307e37be
20003b84:	371a35c2 	.word	0x371a35c2
20003b88:	063023ca 	.word	0x063023ca
20003b8c:	6e0a6f7b 	.word	0x6e0a6f7b
20003b90:	e19724c6 	.word	0xe19724c6
20003b94:	684610f0 	.word	0x684610f0
20003b98:	10f48f6f 	.word	0x10f48f6f
20003b9c:	ecf7aca4 	.word	0xecf7aca4
20003ba0:	5fac6210 	.word	0x5fac6210
20003ba4:	10f82f3b 	.word	0x10f82f3b
20003ba8:	e8aca0ee 	.word	0xe8aca0ee
20003bac:	3e77041e 	.word	0x3e77041e
20003bb0:	473f0b1f 	.word	0x473f0b1f
20003bb4:	e4dc6643 	.word	0xe4dc6643
20003bb8:	f6616926 	.word	0xf6616926
20003bbc:	24b7dc44 	.word	0x24b7dc44
20003bc0:	bf679d0c 	.word	0xbf679d0c
20003bc4:	48379403 	.word	0x48379403
20003bc8:	02446c77 	.word	0x02446c77
20003bcc:	34473740 	.word	0x34473740
20003bd0:	06fdf00c 	.word	0x06fdf00c
20003bd4:	84408260 	.word	0x84408260
20003bd8:	8f517d3f 	.word	0x8f517d3f
20003bdc:	ef24043f 	.word	0xef24043f
20003be0:	1e802027 	.word	0x1e802027
20003be4:	60552d03 	.word	0x60552d03
20003be8:	8316e564 	.word	0x8316e564
20003bec:	c23e2d8d 	.word	0xc23e2d8d
20003bf0:	8017db5f 	.word	0x8017db5f
20003bf4:	5a5afebf 	.word	0x5a5afebf
20003bf8:	699294ee 	.word	0x699294ee
20003bfc:	1e34bdbf 	.word	0x1e34bdbf
20003c00:	479f84a4 	.word	0x479f84a4
20003c04:	1054d63e 	.word	0x1054d63e
20003c08:	02bddfc7 	.word	0x02bddfc7
20003c0c:	bb1f955f 	.word	0xbb1f955f
20003c10:	9642ba67 	.word	0x9642ba67
20003c14:	089f6733 	.word	0x089f6733
20003c18:	a730b770 	.word	0xa730b770
20003c1c:	b58abf70 	.word	0xb58abf70
20003c20:	01bf8bb7 	.word	0x01bf8bb7
20003c24:	87e9bf76 	.word	0x87e9bf76
20003c28:	9cb7c150 	.word	0x9cb7c150
20003c2c:	6cb70887 	.word	0x6cb70887
20003c30:	0798eed4 	.word	0x0798eed4
20003c34:	6ff02471 	.word	0x6ff02471
20003c38:	14ac1e86 	.word	0x14ac1e86
20003c3c:	77e63657 	.word	0x77e63657
20003c40:	16850fdc 	.word	0x16850fdc
20003c44:	0c280fbe 	.word	0x0c280fbe
20003c48:	86dd699c 	.word	0x86dd699c
20003c4c:	1d052a00 	.word	0x1d052a00
20003c50:	37bca2c6 	.word	0x37bca2c6
20003c54:	673d00a4 	.word	0x673d00a4
20003c58:	107ef865 	.word	0x107ef865
20003c5c:	736f6344 	.word	0x736f6344
20003c60:	05435ae7 	.word	0x05435ae7
20003c64:	10d8fcdf 	.word	0x10d8fcdf
20003c68:	c6178c64 	.word	0xc6178c64
20003c6c:	7b04a445 	.word	0x7b04a445
20003c70:	cf0e5e1e 	.word	0xcf0e5e1e
20003c74:	053c58ce 	.word	0x053c58ce
20003c78:	80c52fec 	.word	0x80c52fec
20003c7c:	a277c507 	.word	0xa277c507
20003c80:	1c6fe3d8 	.word	0x1c6fe3d8
20003c84:	cf2d40ef 	.word	0xcf2d40ef
20003c88:	ac43d810 	.word	0xac43d810
20003c8c:	40120697 	.word	0x40120697
20003c90:	408f9bad 	.word	0x408f9bad
20003c94:	3458fc17 	.word	0x3458fc17
20003c98:	d7308042 	.word	0xd7308042
20003c9c:	c8ddcfb0 	.word	0xc8ddcfb0
20003ca0:	2527dcc6 	.word	0x2527dcc6
20003ca4:	4f560010 	.word	0x4f560010
20003ca8:	a33776ce 	.word	0xa33776ce
20003cac:	18dab6fe 	.word	0x18dab6fe
20003cb0:	52423708 	.word	0x52423708
20003cb4:	278b3785 	.word	0x278b3785
20003cb8:	0c401e69 	.word	0x0c401e69
20003cbc:	c2866004 	.word	0xc2866004
20003cc0:	1eb6874f 	.word	0x1eb6874f
20003cc4:	4400137f 	.word	0x4400137f
20003cc8:	63086010 	.word	0x63086010
20003ccc:	66768102 	.word	0x66768102
20003cd0:	60f0e02e 	.word	0x60f0e02e
20003cd4:	4b2fc2ac 	.word	0x4b2fc2ac
20003cd8:	5f5e833a 	.word	0x5f5e833a
20003cdc:	bf431e9a 	.word	0xbf431e9a
20003ce0:	5d282366 	.word	0x5d282366
20003ce4:	1676205e 	.word	0x1676205e
20003ce8:	3765b11e 	.word	0x3765b11e
20003cec:	05621cc9 	.word	0x05621cc9
20003cf0:	361c06f7 	.word	0x361c06f7
20003cf4:	ac7618bd 	.word	0xac7618bd
20003cf8:	ee47ae87 	.word	0xee47ae87
20003cfc:	f6961628 	.word	0xf6961628
20003d00:	2608ff57 	.word	0x2608ff57
20003d04:	ac0996ab 	.word	0xac0996ab
20003d08:	1d0a0160 	.word	0x1d0a0160
20003d0c:	cd288396 	.word	0xcd288396
20003d10:	2e5468df 	.word	0x2e5468df
20003d14:	8b871a30 	.word	0x8b871a30
20003d18:	011820ba 	.word	0x011820ba
20003d1c:	38213d0f 	.word	0x38213d0f
20003d20:	e76e5e66 	.word	0xe76e5e66
20003d24:	abc7b980 	.word	0xabc7b980
20003d28:	0ff5dfe0 	.word	0x0ff5dfe0
20003d2c:	ef58e900 	.word	0xef58e900
20003d30:	382a362f 	.word	0x382a362f
20003d34:	02b600a3 	.word	0x02b600a3
20003d38:	4e76302f 	.word	0x4e76302f
20003d3c:	f3964d26 	.word	0xf3964d26
20003d40:	14caffee 	.word	0x14caffee
20003d44:	182bfa6f 	.word	0x182bfa6f
20003d48:	ec020045 	.word	0xec020045
20003d4c:	c6ae2d47 	.word	0xc6ae2d47
20003d50:	0c463ee5 	.word	0x0c463ee5
20003d54:	fef6cebe 	.word	0xfef6cebe
20003d58:	0018250e 	.word	0x0018250e
20003d5c:	118f1800 	.word	0x118f1800
20003d60:	23ac6fec 	.word	0x23ac6fec
20003d64:	703e1c04 	.word	0x703e1c04
20003d68:	8f870d76 	.word	0x8f870d76
20003d6c:	11a7062f 	.word	0x11a7062f
20003d70:	194f27e6 	.word	0x194f27e6
20003d74:	40bc00a8 	.word	0x40bc00a8
20003d78:	a0309511 	.word	0xa0309511
20003d7c:	df060e05 	.word	0xdf060e05
20003d80:	0e804861 	.word	0x0e804861
20003d84:	e7ac7244 	.word	0xe7ac7244
20003d88:	42bfec19 	.word	0x42bfec19
20003d8c:	3c09eeee 	.word	0x3c09eeee
20003d90:	0afcdddd 	.word	0x0afcdddd
20003d94:	07cccc3c 	.word	0x07cccc3c
20003d98:	6276373c 	.word	0x6276373c
20003d9c:	10f7b084 	.word	0x10f7b084
20003da0:	2e038cab 	.word	0x2e038cab
20003da4:	063403e0 	.word	0x063403e0
20003da8:	293ecfed 	.word	0x293ecfed
20003dac:	0c6635b6 	.word	0x0c6635b6
20003db0:	4a46d924 	.word	0x4a46d924
20003db4:	34e7b435 	.word	0x34e7b435
20003db8:	0c90f7a7 	.word	0x0c90f7a7
20003dbc:	f8a88247 	.word	0xf8a88247
20003dc0:	182a0441 	.word	0x182a0441
20003dc4:	0196cf46 	.word	0x0196cf46
20003dc8:	38820f70 	.word	0x38820f70
20003dcc:	165b53c6 	.word	0x165b53c6
20003dd0:	010f9cf7 	.word	0x010f9cf7
20003dd4:	e696925f 	.word	0xe696925f
20003dd8:	01630edc 	.word	0x01630edc
20003ddc:	574f6500 	.word	0x574f6500
20003de0:	0f69ffef 	.word	0x0f69ffef
20003de4:	ffedef4f 	.word	0xffedef4f
20003de8:	ebe50f6c 	.word	0xebe50f6c
20003dec:	e9fa6aff 	.word	0xe9fa6aff
20003df0:	e11067ff 	.word	0xe11067ff
20003df4:	a20e055f 	.word	0xa20e055f
20003df8:	8161cf54 	.word	0x8161cf54
20003dfc:	108cd177 	.word	0x108cd177
20003e00:	bb060327 	.word	0xbb060327
20003e04:	c5accf3c 	.word	0xc5accf3c
20003e08:	3e090e14 	.word	0x3e090e14
20003e0c:	29de5724 	.word	0x29de5724
20003e10:	a628dede 	.word	0xa628dede
20003e14:	3703a332 	.word	0x3703a332
20003e18:	7f14673b 	.word	0x7f14673b
20003e1c:	46854f0b 	.word	0x46854f0b
20003e20:	8ee88354 	.word	0x8ee88354
20003e24:	f7521960 	.word	0xf7521960
20003e28:	a42747cb 	.word	0xa42747cb
20003e2c:	57f2c605 	.word	0x57f2c605
20003e30:	b5ed36b8 	.word	0xb5ed36b8
20003e34:	ecd72766 	.word	0xecd72766
20003e38:	184cd782 	.word	0x184cd782
20003e3c:	06260596 	.word	0x06260596
20003e40:	93de040e 	.word	0x93de040e
20003e44:	a7d7379a 	.word	0xa7d7379a
20003e48:	26c02821 	.word	0x26c02821
20003e4c:	e4d72ee6 	.word	0xe4d72ee6
20003e50:	05265e45 	.word	0x05265e45
20003e54:	42c75e60 	.word	0x42c75e60
20003e58:	ff2b0080 	.word	0xff2b0080
20003e5c:	0081bf1e 	.word	0x0081bf1e
20003e60:	ede92e0a 	.word	0xede92e0a
20003e64:	30031ef7 	.word	0x30031ef7
20003e68:	4a8561b7 	.word	0x4a8561b7
20003e6c:	ff6801b6 	.word	0xff6801b6
20003e70:	847e7007 	.word	0x847e7007
20003e74:	3f43b7f5 	.word	0x3f43b7f5
20003e78:	6710786f 	.word	0x6710786f
20003e7c:	1f324f1e 	.word	0x1f324f1e
20003e80:	b86f4616 	.word	0xb86f4616
20003e84:	c04df78c 	.word	0xc04df78c
20003e88:	4517838e 	.word	0x4517838e
20003e8c:	b403a23e 	.word	0xb403a23e
20003e90:	4c00820e 	.word	0x4c00820e
20003e94:	4c05c6b7 	.word	0x4c05c6b7
20003e98:	3e01e617 	.word	0x3e01e617
20003e9c:	ccdee0df 	.word	0xccdee0df
20003ea0:	770adfef 	.word	0x770adfef
20003ea4:	475ac017 	.word	0x475ac017
20003ea8:	43065e4f 	.word	0x43065e4f
20003eac:	bea0a779 	.word	0xbea0a779
20003eb0:	a53effe5 	.word	0xa53effe5
20003eb4:	a6fffd24 	.word	0xa6fffd24
20003eb8:	ff220114 	.word	0xff220114
20003ebc:	f6804ce0 	.word	0xf6804ce0
20003ec0:	5900c7f7 	.word	0x5900c7f7
20003ec4:	d9d71406 	.word	0xd9d71406
20003ec8:	0c933e5a 	.word	0x0c933e5a
20003ecc:	40216ec6 	.word	0x40216ec6
20003ed0:	810adacf 	.word	0x810adacf
20003ed4:	76154b0e 	.word	0x76154b0e
20003ed8:	fba7a843 	.word	0xfba7a843
20003edc:	6e49fffa 	.word	0x6e49fffa
20003ee0:	72a10af9 	.word	0x72a10af9
20003ee4:	6463b56f 	.word	0x6463b56f
20003ee8:	5a578e27 	.word	0x5a578e27
20003eec:	3a6d69d6 	.word	0x3a6d69d6
20003ef0:	e2eb362b 	.word	0xe2eb362b
20003ef4:	073a5ca4 	.word	0x073a5ca4
20003ef8:	afa7f5e2 	.word	0xafa7f5e2
20003efc:	665ac716 	.word	0x665ac716
20003f00:	5e54263e 	.word	0x5e54263e
20003f04:	00c4963b 	.word	0x00c4963b
20003f08:	f02f118a 	.word	0xf02f118a
20003f0c:	e2381900 	.word	0xe2381900
20003f10:	861da42a 	.word	0x861da42a
20003f14:	fffd09a3 	.word	0xfffd09a3
20003f18:	a0a047ff 	.word	0xa0a047ff
20003f1c:	8ffe671c 	.word	0x8ffe671c
20003f20:	14e0fffb 	.word	0x14e0fffb
20003f24:	c21837af 	.word	0xc21837af
20003f28:	47ad0086 	.word	0x47ad0086
20003f2c:	a0ba8266 	.word	0xa0ba8266
20003f30:	b70fee4f 	.word	0xb70fee4f
20003f34:	6f102c84 	.word	0x6f102c84
20003f38:	6e365ce9 	.word	0x6e365ce9
20003f3c:	4420dff6 	.word	0x4420dff6
20003f40:	0d90838e 	.word	0x0d90838e
20003f44:	90ee8292 	.word	0x90ee8292
20003f48:	b2341a00 	.word	0xb2341a00
20003f4c:	ce9d3ef0 	.word	0xce9d3ef0
20003f50:	00001fdb 	.word	0x00001fdb
20003f54:	f803e417 	.word	0xf803e417
20003f58:	6c021600 	.word	0x6c021600
20003f5c:	17fb058f 	.word	0x17fb058f
20003f60:	90600e8d 	.word	0x90600e8d
20003f64:	155e18f0 	.word	0x155e18f0
20003f68:	501eb87f 	.word	0x501eb87f
20003f6c:	367df77c 	.word	0x367df77c
20003f70:	4ee128c8 	.word	0x4ee128c8
20003f74:	06206e32 	.word	0x06206e32
20003f78:	a5c12623 	.word	0xa5c12623
20003f7c:	b106e23f 	.word	0xb106e23f
20003f80:	4816dbdf 	.word	0x4816dbdf
20003f84:	11c3d22c 	.word	0x11c3d22c
20003f88:	14663af7 	.word	0x14663af7
20003f8c:	0263af20 	.word	0x0263af20
20003f90:	b73b77b0 	.word	0xb73b77b0
20003f94:	5e6d9f06 	.word	0x5e6d9f06
20003f98:	8f7b1085 	.word	0x8f7b1085
20003f9c:	a4bc1823 	.word	0xa4bc1823
20003fa0:	462e055e 	.word	0x462e055e
20003fa4:	001a961d 	.word	0x001a961d
20003fa8:	47f7be82 	.word	0x47f7be82
20003fac:	5c001812 	.word	0x5c001812
20003fb0:	36a962d7 	.word	0x36a962d7
20003fb4:	743f8383 	.word	0x743f8383
20003fb8:	dd684417 	.word	0xdd684417
20003fbc:	05edb8a6 	.word	0x05edb8a6
20003fc0:	83205f1f 	.word	0x83205f1f
20003fc4:	a639a58c 	.word	0xa639a58c
20003fc8:	41b8ae53 	.word	0x41b8ae53
20003fcc:	60c26608 	.word	0x60c26608
20003fd0:	becfcd00 	.word	0xbecfcd00
20003fd4:	dea01046 	.word	0xdea01046
20003fd8:	305713c0 	.word	0x305713c0
20003fdc:	4e9cc660 	.word	0x4e9cc660
20003fe0:	4e6fa630 	.word	0x4e6fa630
20003fe4:	1480fff9 	.word	0x1480fff9
20003fe8:	d1a626a3 	.word	0xd1a626a3
20003fec:	e8b62080 	.word	0xe8b62080
20003ff0:	27fce420 	.word	0x27fce420
20003ff4:	1e68fff2 	.word	0x1e68fff2
20003ff8:	06ac8236 	.word	0x06ac8236
20003ffc:	1fc07ebd 	.word	0x1fc07ebd
20004000:	3596a699 	.word	0x3596a699
20004004:	9ed8c80e 	.word	0x9ed8c80e
20004008:	b8045ab6 	.word	0xb8045ab6
2000400c:	2efe049e 	.word	0x2efe049e
20004010:	13622026 	.word	0x13622026
20004014:	30846ade 	.word	0x30846ade
20004018:	6e613623 	.word	0x6e613623
2000401c:	aa6a6e41 	.word	0xaa6a6e41
20004020:	9e2d8cad 	.word	0x9e2d8cad
20004024:	010296bc 	.word	0x010296bc
20004028:	3ecd2202 	.word	0x3ecd2202
2000402c:	404c2082 	.word	0x404c2082
20004030:	10e114f3 	.word	0x10e114f3
20004034:	2b5f5948 	.word	0x2b5f5948
20004038:	c29e05e6 	.word	0xc29e05e6
2000403c:	77ff2302 	.word	0x77ff2302
20004040:	6e084202 	.word	0x6e084202
20004044:	b80a2208 	.word	0xb80a2208
20004048:	3e5c3e1e 	.word	0x3e5c3e1e
2000404c:	b9f68620 	.word	0xb9f68620
20004050:	3ec3bc8f 	.word	0x3ec3bc8f
20004054:	9622d662 	.word	0x9622d662
20004058:	a7ffdef8 	.word	0xa7ffdef8
2000405c:	0fac2614 	.word	0x0fac2614
20004060:	6f036e2f 	.word	0x6f036e2f
20004064:	a044e10f 	.word	0xa044e10f
20004068:	07843f71 	.word	0x07843f71
2000406c:	9c82c0ae 	.word	0x9c82c0ae
20004070:	0b370bf7 	.word	0x0b370bf7
20004074:	545698df 	.word	0x545698df
20004078:	4777f776 	.word	0x4777f776
2000407c:	17d1429c 	.word	0x17d1429c
20004080:	2056f019 	.word	0x2056f019
20004084:	3c0497de 	.word	0x3c0497de
20004088:	3f69bf15 	.word	0x3f69bf15
2000408c:	8496dc16 	.word	0x8496dc16
20004090:	a7c52480 	.word	0xa7c52480
20004094:	303ec0de 	.word	0x303ec0de
20004098:	224ed422 	.word	0x224ed422
2000409c:	e9f87e97 	.word	0xe9f87e97
200040a0:	b08e7810 	.word	0xb08e7810
200040a4:	24afb060 	.word	0x24afb060
200040a8:	29b5dffc 	.word	0x29b5dffc
200040ac:	31b47e50 	.word	0x31b47e50
200040b0:	8db24056 	.word	0x8db24056
200040b4:	af83b1f6 	.word	0xaf83b1f6
200040b8:	10464732 	.word	0x10464732
200040bc:	64862786 	.word	0x64862786
200040c0:	06c47006 	.word	0x06c47006
200040c4:	2a4e2800 	.word	0x2a4e2800
200040c8:	436e1f33 	.word	0x436e1f33
200040cc:	805d8e14 	.word	0x805d8e14
200040d0:	4e1114d7 	.word	0x4e1114d7
200040d4:	3c157f0f 	.word	0x3c157f0f
200040d8:	8e8710ec 	.word	0x8e8710ec
200040dc:	8e36a212 	.word	0x8e36a212
200040e0:	478e2e54 	.word	0x478e2e54
200040e4:	021657ee 	.word	0x021657ee
200040e8:	67111706 	.word	0x67111706
200040ec:	be10bdce 	.word	0xbe10bdce
200040f0:	03b8b125 	.word	0x03b8b125
200040f4:	787e610f 	.word	0x787e610f
200040f8:	fc2f34be 	.word	0xfc2f34be
200040fc:	2026b1e3 	.word	0x2026b1e3
20004100:	222ad816 	.word	0x222ad816
20004104:	70062c32 	.word	0x70062c32
20004108:	f79f08ae 	.word	0xf79f08ae
2000410c:	fe8fbcb5 	.word	0xfe8fbcb5
20004110:	8f361c8f 	.word	0x8f361c8f
20004114:	f08f061c 	.word	0xf08f061c
20004118:	5836638f 	.word	0x5836638f
2000411c:	26ae0837 	.word	0x26ae0837
20004120:	00c7bde3 	.word	0x00c7bde3
20004124:	cfad10ac 	.word	0xcfad10ac
20004128:	43ffe0f3 	.word	0x43ffe0f3
2000412c:	dadf8514 	.word	0xdadf8514
20004130:	73971c9f 	.word	0x73971c9f
20004134:	6d29965f 	.word	0x6d29965f
20004138:	63111637 	.word	0x63111637
2000413c:	411037df 	.word	0x411037df
20004140:	26762004 	.word	0x26762004
20004144:	9fc41c47 	.word	0x9fc41c47
20004148:	c047c0c0 	.word	0xc047c0c0
2000414c:	384fc157 	.word	0x384fc157
20004150:	1157210e 	.word	0x1157210e
20004154:	1c579ed8 	.word	0x1c579ed8
20004158:	12a19720 	.word	0x12a19720
2000415c:	be1517ad 	.word	0xbe1517ad
20004160:	1ef6ded6 	.word	0x1ef6ded6
20004164:	84bfd0ae 	.word	0x84bfd0ae
20004168:	bd10cf9d 	.word	0xbd10cf9d
2000416c:	afc19f58 	.word	0xafc19f58
20004170:	270656b7 	.word	0x270656b7
20004174:	361c539f 	.word	0x361c539f
20004178:	a4b7af5c 	.word	0xa4b7af5c
2000417c:	06af0e6b 	.word	0x06af0e6b
20004180:	8f1e8fde 	.word	0x8f1e8fde
20004184:	c36f9728 	.word	0xc36f9728
20004188:	ae46ee97 	.word	0xae46ee97
2000418c:	ffc356fe 	.word	0xffc356fe
20004190:	5fffa8fa 	.word	0x5fffa8fa
20004194:	bc323197 	.word	0xbc323197
20004198:	1220ffee 	.word	0x1220ffee
2000419c:	989e6817 	.word	0x989e6817
200041a0:	6efea77b 	.word	0x6efea77b
200041a4:	0ebf2718 	.word	0x0ebf2718
200041a8:	a95f6187 	.word	0xa95f6187
200041ac:	b017cdb3 	.word	0xb017cdb3
200041b0:	ae4e96de 	.word	0xae4e96de
200041b4:	0d845683 	.word	0x0d845683
200041b8:	845e0796 	.word	0x845e0796
200041bc:	a226394c 	.word	0xa226394c
200041c0:	1e144744 	.word	0x1e144744
200041c4:	a8b62646 	.word	0xa8b62646
200041c8:	423658a3 	.word	0x423658a3
200041cc:	67368a8c 	.word	0x67368a8c
200041d0:	4547be84 	.word	0x4547be84
200041d4:	24c70d94 	.word	0x24c70d94
200041d8:	17661c3c 	.word	0x17661c3c
200041dc:	371d209a 	.word	0x371d209a
200041e0:	13e5a038 	.word	0x13e5a038
200041e4:	3fadb7b0 	.word	0x3fadb7b0
200041e8:	013cf18f 	.word	0x013cf18f
200041ec:	ef282442 	.word	0xef282442
200041f0:	0806e47a 	.word	0x0806e47a
200041f4:	2175878d 	.word	0x2175878d
200041f8:	b11b3729 	.word	0xb11b3729
200041fc:	7c3c101e 	.word	0x7c3c101e
20004200:	03003236 	.word	0x03003236
20004204:	2160e777 	.word	0x2160e777
20004208:	4f0b57b0 	.word	0x4f0b57b0
2000420c:	90062aae 	.word	0x90062aae
20004210:	44113736 	.word	0x44113736
20004214:	4e2acff6 	.word	0x4e2acff6
20004218:	08369cd6 	.word	0x08369cd6
2000421c:	0b231ef0 	.word	0x0b231ef0
20004220:	10e0f077 	.word	0x10e0f077
20004224:	6fb8ac62 	.word	0x6fb8ac62
20004228:	0a7bd4bc 	.word	0x0a7bd4bc
2000422c:	ea1a0c1e 	.word	0xea1a0c1e
20004230:	cedeafcf 	.word	0xcedeafcf
20004234:	fd26f892 	.word	0xfd26f892
20004238:	f62726f5 	.word	0xf62726f5
2000423c:	a7ff608d 	.word	0xa7ff608d
20004240:	ec7bc66a 	.word	0xec7bc66a
20004244:	5d6228ee 	.word	0x5d6228ee
20004248:	4436a17f 	.word	0x4436a17f
2000424c:	0ea05ee1 	.word	0x0ea05ee1
20004250:	5a2418b7 	.word	0x5a2418b7
20004254:	89206773 	.word	0x89206773
20004258:	1c67fb11 	.word	0x1c67fb11
2000425c:	f789700f 	.word	0xf789700f
20004260:	061628be 	.word	0x061628be
20004264:	e997c117 	.word	0xe997c117
20004268:	147702ce 	.word	0x147702ce
2000426c:	1680877a 	.word	0x1680877a
20004270:	66a0129e 	.word	0x66a0129e
20004274:	0a448e17 	.word	0x0a448e17
20004278:	d4f79c83 	.word	0xd4f79c83
2000427c:	de6b0010 	.word	0xde6b0010
20004280:	0e47be90 	.word	0x0e47be90
20004284:	a310d254 	.word	0xa310d254
20004288:	e6aa6f9c 	.word	0xe6aa6f9c
2000428c:	1766ae45 	.word	0x1766ae45
20004290:	153e649f 	.word	0x153e649f
20004294:	4e20feef 	.word	0x4e20feef
20004298:	9e082c64 	.word	0x9e082c64
2000429c:	2426089f 	.word	0x2426089f
200042a0:	af246ed1 	.word	0xaf246ed1
200042a4:	a0a4505f 	.word	0xa0a4505f
200042a8:	04b08ff9 	.word	0x04b08ff9
200042ac:	667bf60b 	.word	0x667bf60b
200042b0:	df0be7ac 	.word	0xdf0be7ac
200042b4:	1a15ef9c 	.word	0x1a15ef9c
200042b8:	57b78259 	.word	0x57b78259
200042bc:	6f26b427 	.word	0x6f26b427
200042c0:	e1bf2623 	.word	0xe1bf2623
200042c4:	1fc804f5 	.word	0x1fc804f5
200042c8:	28406720 	.word	0x28406720
200042cc:	6f3b0410 	.word	0x6f3b0410
200042d0:	1603ae47 	.word	0x1603ae47
200042d4:	105e0601 	.word	0x105e0601
200042d8:	241fc727 	.word	0x241fc727
200042dc:	66b72e21 	.word	0x66b72e21
200042e0:	bf74260e 	.word	0xbf74260e
200042e4:	b80735c6 	.word	0xb80735c6
200042e8:	1ee06c87 	.word	0x1ee06c87
200042ec:	a75d2e6b 	.word	0xa75d2e6b
200042f0:	11033f0b 	.word	0x11033f0b
200042f4:	20255f24 	.word	0x20255f24
200042f8:	87009000 	.word	0x87009000
200042fc:	07961249 	.word	0x07961249
20004300:	6f010fe8 	.word	0x6f010fe8
20004304:	0a33e4c7 	.word	0x0a33e4c7
20004308:	eb641f3c 	.word	0xeb641f3c
2000430c:	8c3e4a9e 	.word	0x8c3e4a9e
20004310:	d29f9bac 	.word	0xd29f9bac
20004314:	1f5de8a1 	.word	0x1f5de8a1
20004318:	e7b496b0 	.word	0xe7b496b0
2000431c:	704f71cc 	.word	0x704f71cc
20004320:	295785d8 	.word	0x295785d8
20004324:	dcdeef87 	.word	0xdcdeef87
20004328:	600806c0 	.word	0x600806c0
2000432c:	f6a14697 	.word	0xf6a14697
20004330:	38be96ad 	.word	0x38be96ad
20004334:	60251483 	.word	0x60251483
20004338:	f09f88a0 	.word	0xf09f88a0
2000433c:	4768e763 	.word	0x4768e763
20004340:	85d21cc0 	.word	0x85d21cc0
20004344:	02206f3a 	.word	0x02206f3a
20004348:	91881c4f 	.word	0x91881c4f
2000434c:	1583f4de 	.word	0x1583f4de
20004350:	64367c23 	.word	0x64367c23
20004354:	c77f0c00 	.word	0xc77f0c00
20004358:	8e1523b0 	.word	0x8e1523b0
2000435c:	d4e67020 	.word	0xd4e67020
20004360:	a73a6c7c 	.word	0xa73a6c7c
20004364:	a3bd5616 	.word	0xa3bd5616
20004368:	7357a1e7 	.word	0x7357a1e7
2000436c:	f5825f3f 	.word	0xf5825f3f
20004370:	c6bd686f 	.word	0xc6bd686f
20004374:	2446083c 	.word	0x2446083c
20004378:	5cf7a710 	.word	0x5cf7a710
2000437c:	d52f4634 	.word	0xd52f4634
20004380:	9f383e40 	.word	0x9f383e40
20004384:	29c64209 	.word	0x29c64209
20004388:	acc4eefc 	.word	0xacc4eefc
2000438c:	9ed8453c 	.word	0x9ed8453c
20004390:	1767ffff 	.word	0x1767ffff
20004394:	d00b0860 	.word	0xd00b0860
20004398:	148ed48e 	.word	0x148ed48e
2000439c:	a34dcfb5 	.word	0xa34dcfb5
200043a0:	6fdd11ef 	.word	0x6fdd11ef
200043a4:	01008218 	.word	0x01008218
200043a8:	00030f5f 	.word	0x00030f5f
200043ac:	7f810360 	.word	0x7f810360
200043b0:	6fc8f888 	.word	0x6fc8f888
200043b4:	3021ef37 	.word	0x3021ef37
200043b8:	fea10a86 	.word	0xfea10a86
200043bc:	28af5480 	.word	0x28af5480
200043c0:	4efa47d7 	.word	0x4efa47d7
200043c4:	6e65ce68 	.word	0x6e65ce68
200043c8:	24830428 	.word	0x24830428
200043cc:	62691711 	.word	0x62691711
200043d0:	b7a63baf 	.word	0xb7a63baf
200043d4:	04175f61 	.word	0x04175f61
200043d8:	88838000 	.word	0x88838000
200043dc:	6761522f 	.word	0x6761522f
200043e0:	f61f4671 	.word	0xf61f4671
200043e4:	c284fff0 	.word	0xc284fff0
200043e8:	a7164f61 	.word	0xa7164f61
200043ec:	83bf66ba 	.word	0x83bf66ba
200043f0:	a3182a6f 	.word	0xa3182a6f
200043f4:	2e044e43 	.word	0x2e044e43
200043f8:	60975f04 	.word	0x60975f04
200043fc:	2d46ac5e 	.word	0x2d46ac5e
20004400:	4f07dfbf 	.word	0x4f07dfbf
20004404:	8cf04a26 	.word	0x8cf04a26
20004408:	57e73e5c 	.word	0x57e73e5c
2000440c:	7e97403e 	.word	0x7e97403e
20004410:	4825150a 	.word	0x4825150a
20004414:	47c200e0 	.word	0x47c200e0
20004418:	25085edd 	.word	0x25085edd
2000441c:	0e26da06 	.word	0x0e26da06
20004420:	27b316e5 	.word	0x27b316e5
20004424:	0b678527 	.word	0x0b678527
20004428:	ea85b027 	.word	0xea85b027
2000442c:	1ec4df18 	.word	0x1ec4df18
20004430:	30b60106 	.word	0x30b60106
20004434:	7a42268e 	.word	0x7a42268e
20004438:	484023e9 	.word	0x484023e9
2000443c:	0e406aad 	.word	0x0e406aad
20004440:	2840f621 	.word	0x2840f621
20004444:	86e61801 	.word	0x86e61801
20004448:	8a85678d 	.word	0x8a85678d
2000444c:	201019f7 	.word	0x201019f7
20004450:	17c714b9 	.word	0x17c714b9
20004454:	2a622e9a 	.word	0x2a622e9a
20004458:	1760316f 	.word	0x1760316f
2000445c:	a3c5cfd4 	.word	0xa3c5cfd4
20004460:	cf6e0887 	.word	0xcf6e0887
20004464:	a3e44a86 	.word	0xa3e44a86
20004468:	c20262e4 	.word	0xc20262e4
2000446c:	1c123fe3 	.word	0x1c123fe3
20004470:	060e4896 	.word	0x060e4896
20004474:	3f08de68 	.word	0x3f08de68
20004478:	a93c09fe 	.word	0xa93c09fe
2000447c:	01c6042a 	.word	0x01c6042a
20004480:	3c0a622e 	.word	0x3c0a622e
20004484:	9750ee3f 	.word	0x9750ee3f
20004488:	5025a829 	.word	0x5025a829
2000448c:	ec249126 	.word	0xec249126
20004490:	26eb4cef 	.word	0x26eb4cef
20004494:	966d364b 	.word	0x966d364b
20004498:	ef9e80e2 	.word	0xef9e80e2
2000449c:	dc02a0e2 	.word	0xdc02a0e2
200044a0:	03f30117 	.word	0x03f30117
200044a4:	2656efa5 	.word	0x2656efa5
200044a8:	26de50a0 	.word	0x26de50a0
200044ac:	beb4a01e 	.word	0xbeb4a01e
200044b0:	a6012097 	.word	0xa6012097
200044b4:	12a6f676 	.word	0x12a6f676
200044b8:	ae041627 	.word	0xae041627
200044bc:	2540a691 	.word	0x2540a691
200044c0:	30e08fcd 	.word	0x30e08fcd
200044c4:	2e065b0a 	.word	0x2e065b0a
200044c8:	584e0f03 	.word	0x584e0f03
200044cc:	df1a271a 	.word	0xdf1a271a
200044d0:	3f15062b 	.word	0x3f15062b
200044d4:	81fff7b0 	.word	0x81fff7b0
200044d8:	51ae1b37 	.word	0x51ae1b37
200044dc:	8a065746 	.word	0x8a065746
200044e0:	0afaa2d6 	.word	0x0afaa2d6
200044e4:	e7268067 	.word	0xe7268067
200044e8:	302f2367 	.word	0x302f2367
200044ec:	0dce7242 	.word	0x0dce7242
200044f0:	ad0890fb 	.word	0xad0890fb
200044f4:	7825f0df 	.word	0x7825f0df
200044f8:	be935449 	.word	0xbe935449
200044fc:	63afeb5f 	.word	0x63afeb5f
20004500:	c025e07e 	.word	0xc025e07e
20004504:	0eb674a0 	.word	0x0eb674a0
20004508:	4683160e 	.word	0x4683160e
2000450c:	a3808146 	.word	0xa3808146
20004510:	7f94bc7f 	.word	0x7f94bc7f
20004514:	2d2c25c4 	.word	0x2d2c25c4
20004518:	ce0eaff6 	.word	0xce0eaff6
2000451c:	30370366 	.word	0x30370366
20004520:	c4d301a0 	.word	0xc4d301a0
20004524:	05afdfa3 	.word	0x05afdfa3
20004528:	860f0406 	.word	0x860f0406
2000452c:	17adabae 	.word	0x17adabae
20004530:	7e143e2a 	.word	0x7e143e2a
20004534:	e02087fe 	.word	0xe02087fe
20004538:	0e7fcb01 	.word	0x0e7fcb01
2000453c:	667d7f39 	.word	0x667d7f39
20004540:	aa475001 	.word	0xaa475001
20004544:	0f589c3e 	.word	0x0f589c3e
20004548:	4e6fb98f 	.word	0x4e6fb98f
2000454c:	8fa914d7 	.word	0x8fa914d7
20004550:	56a60c8b 	.word	0x56a60c8b
20004554:	68470607 	.word	0x68470607
20004558:	c038a06e 	.word	0xc038a06e
2000455c:	7c974606 	.word	0x7c974606
20004560:	6647288f 	.word	0x6647288f
20004564:	1fa080c3 	.word	0x1fa080c3
20004568:	3fdd0642 	.word	0x3fdd0642
2000456c:	a2aaa863 	.word	0xa2aaa863
20004570:	446e6ec5 	.word	0x446e6ec5
20004574:	c6848925 	.word	0xc6848925
20004578:	851e76b6 	.word	0x851e76b6
2000457c:	a7ee51a6 	.word	0xa7ee51a6
20004580:	afa27e2b 	.word	0xafa27e2b
20004584:	0b0069fc 	.word	0x0b0069fc
20004588:	30c7a424 	.word	0x30c7a424
2000458c:	0117e4ce 	.word	0x0117e4ce
20004590:	b72ffe9c 	.word	0xb72ffe9c
20004594:	4a006cf1 	.word	0x4a006cf1
20004598:	24a916fd 	.word	0x24a916fd
2000459c:	122fbe01 	.word	0x122fbe01
200045a0:	c2014b00 	.word	0xc2014b00
200045a4:	766a1eb5 	.word	0x766a1eb5
200045a8:	0e302896 	.word	0x0e302896
200045ac:	272c751e 	.word	0x272c751e
200045b0:	430e06ed 	.word	0x430e06ed
200045b4:	263110de 	.word	0x263110de
200045b8:	b2ef3b05 	.word	0xb2ef3b05
200045bc:	df446e56 	.word	0xdf446e56
200045c0:	d71000e2 	.word	0xd71000e2
200045c4:	9e46639f 	.word	0x9e46639f
200045c8:	0ef06454 	.word	0x0ef06454
200045cc:	cee699e6 	.word	0xcee699e6
200045d0:	9d06ee27 	.word	0x9d06ee27
200045d4:	ef18801f 	.word	0xef18801f
200045d8:	04417e5b 	.word	0x04417e5b
200045dc:	afa32e6e 	.word	0xafa32e6e
200045e0:	87f7242d 	.word	0x87f7242d
200045e4:	5823a083 	.word	0x5823a083
200045e8:	c684afd7 	.word	0xc684afd7
200045ec:	36a3a0d4 	.word	0x36a3a0d4
200045f0:	a5e00486 	.word	0xa5e00486
200045f4:	ea010a27 	.word	0xea010a27
200045f8:	8edde027 	.word	0x8edde027
200045fc:	47c11b47 	.word	0x47c11b47
20004600:	1ea8ce90 	.word	0x1ea8ce90
20004604:	68afb418 	.word	0x68afb418
20004608:	a9048703 	.word	0xa9048703
2000460c:	a0a3c2e7 	.word	0xa0a3c2e7
20004610:	6377f890 	.word	0x6377f890
20004614:	76f0c32c 	.word	0x76f0c32c
20004618:	e601fff3 	.word	0xe601fff3
2000461c:	6c24c6e0 	.word	0x6c24c6e0
20004620:	1ed9e75c 	.word	0x1ed9e75c
20004624:	9a20212e 	.word	0x9a20212e
20004628:	260e5e7e 	.word	0x260e5e7e
2000462c:	126e0e76 	.word	0x126e0e76
20004630:	dc8a7878 	.word	0xdc8a7878
20004634:	8e1e069e 	.word	0x8e1e069e
20004638:	0ef07310 	.word	0x0ef07310
2000463c:	604f41bc 	.word	0x604f41bc
20004640:	74093fc0 	.word	0x74093fc0
20004644:	e0862967 	.word	0xe0862967
20004648:	8ef009af 	.word	0x8ef009af
2000464c:	05ff0b84 	.word	0x05ff0b84
20004650:	6e7cc266 	.word	0x6e7cc266
20004654:	3653fffc 	.word	0x3653fffc
20004658:	451ca26f 	.word	0x451ca26f
2000465c:	4b6fbf67 	.word	0x4b6fbf67
20004660:	4efa4047 	.word	0x4efa4047
20004664:	0ea71006 	.word	0x0ea71006
20004668:	e606b8ef 	.word	0xe606b8ef
2000466c:	210ef053 	.word	0x210ef053
20004670:	ee181110 	.word	0xee181110
20004674:	6c879042 	.word	0x6c879042
20004678:	2fa0827e 	.word	0x2fa0827e
2000467c:	547e60d6 	.word	0x547e60d6
20004680:	0689f6a6 	.word	0x0689f6a6
20004684:	74ae57d5 	.word	0x74ae57d5
20004688:	bfb1301e 	.word	0xbfb1301e
2000468c:	2b203e0b 	.word	0x2b203e0b
20004690:	1aa9a022 	.word	0x1aa9a022
20004694:	37409790 	.word	0x37409790
20004698:	4ffff83b 	.word	0x4ffff83b
2000469c:	4f46372e 	.word	0x4f46372e
200046a0:	2f41ff60 	.word	0x2f41ff60
200046a4:	dbbe1cae 	.word	0xdbbe1cae
200046a8:	f70067ae 	.word	0xf70067ae
200046ac:	632ed502 	.word	0x632ed502
200046b0:	f9a00fef 	.word	0xf9a00fef
200046b4:	de1666ff 	.word	0xde1666ff
200046b8:	8691f6d7 	.word	0x8691f6d7
200046bc:	45be08b8 	.word	0x45be08b8
200046c0:	32ad8026 	.word	0x32ad8026
200046c4:	5120061d 	.word	0x5120061d
200046c8:	ee7703d6 	.word	0xee7703d6
200046cc:	789e1e03 	.word	0x789e1e03
200046d0:	dd047989 	.word	0xdd047989
200046d4:	00ec02c7 	.word	0x00ec02c7
200046d8:	0fff2484 	.word	0x0fff2484
200046dc:	7d021902 	.word	0x7d021902
200046e0:	e23063b6 	.word	0xe23063b6
200046e4:	c726d9bf 	.word	0xc726d9bf
200046e8:	ce682f16 	.word	0xce682f16
200046ec:	7a3e78fe 	.word	0x7a3e78fe
200046f0:	a0824f7e 	.word	0xa0824f7e
200046f4:	cb107708 	.word	0xcb107708
200046f8:	865c7ea7 	.word	0x865c7ea7
200046fc:	3cd75a36 	.word	0x3cd75a36
20004700:	40e18f8a 	.word	0x40e18f8a
20004704:	dabfc804 	.word	0xdabfc804
20004708:	407c5ec3 	.word	0x407c5ec3
2000470c:	11766ab1 	.word	0x11766ab1
20004710:	20e4bfd9 	.word	0x20e4bfd9
20004714:	40c404ae 	.word	0x40c404ae
20004718:	de2772ac 	.word	0xde2772ac
2000471c:	4ac48927 	.word	0x4ac48927
20004720:	6cae3c27 	.word	0x6cae3c27
20004724:	07f84811 	.word	0x07f84811
20004728:	977b9914 	.word	0x977b9914
2000472c:	22133c06 	.word	0x22133c06
20004730:	0bb0f1ff 	.word	0x0bb0f1ff
20004734:	75f8fe58 	.word	0x75f8fe58
20004738:	8f76b626 	.word	0x8f76b626
2000473c:	4d800f84 	.word	0x4d800f84
20004740:	1181b270 	.word	0x1181b270
20004744:	370c0798 	.word	0x370c0798
20004748:	ae23c47f 	.word	0xae23c47f
2000474c:	c3666b09 	.word	0xc3666b09
20004750:	9917c40c 	.word	0x9917c40c
20004754:	ae101386 	.word	0xae101386
20004758:	e6060246 	.word	0xe6060246
2000475c:	0ea026e0 	.word	0x0ea026e0
20004760:	50c7c163 	.word	0x50c7c163
20004764:	d0769616 	.word	0xd0769616
20004768:	4603741e 	.word	0x4603741e
2000476c:	f7d886c0 	.word	0xf7d886c0
20004770:	16344288 	.word	0x16344288
20004774:	762eac80 	.word	0x762eac80
20004778:	631ee203 	.word	0x631ee203
2000477c:	170840c7 	.word	0x170840c7
20004780:	77221277 	.word	0x77221277
20004784:	16e0aec6 	.word	0x16e0aec6
20004788:	4c26801d 	.word	0x4c26801d
2000478c:	756562c7 	.word	0x756562c7
20004790:	58c7176f 	.word	0x58c7176f
20004794:	e7c38725 	.word	0xe7c38725
20004798:	9fdcb63a 	.word	0x9fdcb63a
2000479c:	3c961028 	.word	0x3c961028
200047a0:	458c8f86 	.word	0x458c8f86
200047a4:	1924ff0f 	.word	0x1924ff0f
200047a8:	3a04dfb0 	.word	0x3a04dfb0
200047ac:	17142076 	.word	0x17142076
200047b0:	afb25eb7 	.word	0xafb25eb7
200047b4:	7236eb5c 	.word	0x7236eb5c
200047b8:	b56ea026 	.word	0xb56ea026
200047bc:	b4c30e4a 	.word	0xb4c30e4a
200047c0:	ef813faf 	.word	0xef813faf
200047c4:	07732ca2 	.word	0x07732ca2
200047c8:	a488c721 	.word	0xa488c721
200047cc:	c7a842d6 	.word	0xc7a842d6
200047d0:	26c3547e 	.word	0x26c3547e
200047d4:	165b6e0b 	.word	0x165b6e0b
200047d8:	bb266656 	.word	0xbb266656
200047dc:	de56c62c 	.word	0xde56c62c
200047e0:	f68f868f 	.word	0xf68f868f
200047e4:	14cf8f7e 	.word	0x14cf8f7e
200047e8:	e20206aa 	.word	0xe20206aa
200047ec:	003f788e 	.word	0x003f788e
200047f0:	666fc6bc 	.word	0x666fc6bc
200047f4:	d0cc17c4 	.word	0xd0cc17c4
200047f8:	1540c79c 	.word	0x1540c79c
200047fc:	15e32e22 	.word	0x15e32e22
20004800:	2ad78001 	.word	0x2ad78001
20004804:	3e5cb587 	.word	0x3e5cb587
20004808:	882156d4 	.word	0x882156d4
2000480c:	8ef508a6 	.word	0x8ef508a6
20004810:	ab76e211 	.word	0xab76e211
20004814:	e61532c6 	.word	0xe61532c6
20004818:	00f73c4a 	.word	0x00f73c4a
2000481c:	1211be2a 	.word	0x1211be2a
20004820:	9043bf3e 	.word	0x9043bf3e
20004824:	9a1e77e8 	.word	0x9a1e77e8
20004828:	57065e50 	.word	0x57065e50
2000482c:	b7b92184 	.word	0xb7b92184
20004830:	57431584 	.word	0x57431584
20004834:	66a1e003 	.word	0x66a1e003
20004838:	24fe5ee8 	.word	0x24fe5ee8
2000483c:	5dce1125 	.word	0x5dce1125
20004840:	380a17ad 	.word	0x380a17ad
20004844:	c3fe1f43 	.word	0xc3fe1f43
20004848:	19430317 	.word	0x19430317
2000484c:	a4de4ba7 	.word	0xa4de4ba7
20004850:	217edcc3 	.word	0x217edcc3
20004854:	0e2b2a48 	.word	0x0e2b2a48
20004858:	491eadb6 	.word	0x491eadb6
2000485c:	e1579902 	.word	0xe1579902
20004860:	38e226b5 	.word	0x38e226b5
20004864:	c90e1567 	.word	0xc90e1567
20004868:	2610173f 	.word	0x2610173f
2000486c:	8716d253 	.word	0x8716d253
20004870:	ff47ea26 	.word	0xff47ea26
20004874:	e7a102df 	.word	0xe7a102df
20004878:	0289c528 	.word	0x0289c528
2000487c:	c60e81d7 	.word	0xc60e81d7
20004880:	2f6a3725 	.word	0x2f6a3725
20004884:	87b63b43 	.word	0x87b63b43
20004888:	02fe2a9f 	.word	0x02fe2a9f
2000488c:	8084761e 	.word	0x8084761e
20004890:	3d6a1f21 	.word	0x3d6a1f21
20004894:	ef06a8df 	.word	0xef06a8df
20004898:	3e936779 	.word	0x3e936779
2000489c:	144b6e8e 	.word	0x144b6e8e
200048a0:	276e0947 	.word	0x276e0947
200048a4:	20b18fc7 	.word	0x20b18fc7
200048a8:	0e7eccb3 	.word	0x0e7eccb3
200048ac:	1030a638 	.word	0x1030a638
200048b0:	b3ec9eec 	.word	0xb3ec9eec
200048b4:	4e6004c0 	.word	0x4e6004c0
200048b8:	78231e5d 	.word	0x78231e5d
200048bc:	f4171596 	.word	0xf4171596
200048c0:	61c53023 	.word	0x61c53023
200048c4:	25e51f6e 	.word	0x25e51f6e
200048c8:	f7330908 	.word	0xf7330908
200048cc:	2f3c4118 	.word	0x2f3c4118
200048d0:	30876a40 	.word	0x30876a40
200048d4:	62afe05b 	.word	0x62afe05b
200048d8:	5025f70f 	.word	0x5025f70f
200048dc:	60589e06 	.word	0x60589e06
200048e0:	70e76879 	.word	0x70e76879
200048e4:	79c0789e 	.word	0x79c0789e
200048e8:	9e80e7c8 	.word	0x9e80e7c8
200048ec:	98799088 	.word	0x98799088
200048f0:	a89ea0e7 	.word	0xa89ea0e7
200048f4:	e7b879b0 	.word	0xe7b879b0
200048f8:	f8e09ef0 	.word	0xf8e09ef0
200048fc:	be0b1c8c 	.word	0xbe0b1c8c
20004900:	268c48a8 	.word	0x268c48a8
20004904:	0afe7801 	.word	0x0afe7801
20004908:	34b724ad 	.word	0x34b724ad
2000490c:	a84dfc46 	.word	0xa84dfc46
20004910:	d310420f 	.word	0xd310420f
20004914:	b8f616b6 	.word	0xb8f616b6
20004918:	050e3484 	.word	0x050e3484
2000491c:	b9c2489e 	.word	0xb9c2489e
20004920:	a57e8da5 	.word	0xa57e8da5
20004924:	56f68301 	.word	0x56f68301
20004928:	1d801f74 	.word	0x1d801f74
2000492c:	96b4aec0 	.word	0x96b4aec0
20004930:	3fbc5137 	.word	0x3fbc5137
20004934:	b50f1726 	.word	0xb50f1726
20004938:	c5810100 	.word	0xc5810100
2000493c:	36d4a1b7 	.word	0x36d4a1b7
20004940:	1617e687 	.word	0x1617e687
20004944:	0ac8e2bf 	.word	0x0ac8e2bf
20004948:	d654143c 	.word	0xd654143c
2000494c:	ecc74700 	.word	0xecc74700
20004950:	de010a40 	.word	0xde010a40
20004954:	08012c3e 	.word	0x08012c3e
20004958:	05360a16 	.word	0x05360a16
2000495c:	06a934da 	.word	0x06a934da
20004960:	3843efee 	.word	0x3843efee
20004964:	180cde07 	.word	0x180cde07
20004968:	1d25ac6a 	.word	0x1d25ac6a
2000496c:	4556c03e 	.word	0x4556c03e
20004970:	1606475e 	.word	0x1606475e
20004974:	161046d7 	.word	0x161046d7
20004978:	d3660669 	.word	0xd3660669
2000497c:	afa5088e 	.word	0xafa5088e
20004980:	1f0044f4 	.word	0x1f0044f4
20004984:	8c182b3e 	.word	0x8c182b3e
20004988:	84175082 	.word	0x84175082
2000498c:	9ea016e0 	.word	0x9ea016e0
20004990:	a3de5684 	.word	0xa3de5684
20004994:	9ccf01ac 	.word	0x9ccf01ac
20004998:	0456d047 	.word	0x0456d047
2000499c:	03046e5b 	.word	0x03046e5b
200049a0:	ea82c8fe 	.word	0xea82c8fe
200049a4:	776a4310 	.word	0x776a4310
200049a8:	c1878a11 	.word	0xc1878a11
200049ac:	0c08e087 	.word	0x0c08e087
200049b0:	0186de70 	.word	0x0186de70
200049b4:	23b0b1c7 	.word	0x23b0b1c7
200049b8:	e1007e58 	.word	0xe1007e58
200049bc:	0646a1d2 	.word	0x0646a1d2
200049c0:	3c05f65e 	.word	0x3c05f65e
200049c4:	d7bc970d 	.word	0xd7bc970d
200049c8:	e88ea007 	.word	0xe88ea007
200049cc:	c7cc3c07 	.word	0xc7cc3c07
200049d0:	24a60b06 	.word	0x24a60b06
200049d4:	254ac0c5 	.word	0x254ac0c5
200049d8:	309fdb0a 	.word	0x309fdb0a
200049dc:	c9e098c4 	.word	0xc9e098c4
200049e0:	a247c88c 	.word	0xa247c88c
200049e4:	ae0ac916 	.word	0xae0ac916
200049e8:	1088066f 	.word	0x1088066f
200049ec:	84b6ace0 	.word	0x84b6ace0
200049f0:	8cb4adaa 	.word	0x8cb4adaa
200049f4:	c07e549e 	.word	0xc07e549e
200049f8:	c3d14715 	.word	0xc3d14715
200049fc:	321ee1cf 	.word	0x321ee1cf
20004a00:	e24eda17 	.word	0xe24eda17
20004a04:	279cc88c 	.word	0x279cc88c
20004a08:	610c062c 	.word	0x610c062c
20004a0c:	6eb6cdff 	.word	0x6eb6cdff
20004a10:	7f8db802 	.word	0x7f8db802
20004a14:	16eee779 	.word	0x16eee779
20004a18:	8d8527ad 	.word	0x8d8527ad
20004a1c:	ed0a663a 	.word	0xed0a663a
20004a20:	dfc4260e 	.word	0xdfc4260e
20004a24:	5a0e5b90 	.word	0x5a0e5b90
20004a28:	50828100 	.word	0x50828100
20004a2c:	060d0dee 	.word	0x060d0dee
20004a30:	1e8d1e96 	.word	0x1e8d1e96
20004a34:	000ee090 	.word	0x000ee090
20004a38:	cc06568d 	.word	0xcc06568d
20004a3c:	951f0124 	.word	0x951f0124
20004a40:	346377b4 	.word	0x346377b4
20004a44:	5e04968b 	.word	0x5e04968b
20004a48:	0a0a0e19 	.word	0x0a0a0e19
20004a4c:	06066676 	.word	0x06066676
20004a50:	01e08427 	.word	0x01e08427
20004a54:	57a20877 	.word	0x57a20877
20004a58:	a6773363 	.word	0xa6773363
20004a5c:	7e8c0022 	.word	0x7e8c0022
20004a60:	06ffd037 	.word	0x06ffd037
20004a64:	768bafb8 	.word	0x768bafb8
20004a68:	0b3b2c06 	.word	0x0b3b2c06
20004a6c:	6f2b1147 	.word	0x6f2b1147
20004a70:	04d6dc04 	.word	0x04d6dc04
20004a74:	284463c5 	.word	0x284463c5
20004a78:	1ce606d7 	.word	0x1ce606d7
20004a7c:	40373a7e 	.word	0x40373a7e
20004a80:	fee32e0e 	.word	0xfee32e0e
20004a84:	fdaca217 	.word	0xfdaca217
20004a88:	6840a71d 	.word	0x6840a71d
20004a8c:	de1afb1e 	.word	0xde1afb1e
20004a90:	06f90ece 	.word	0x06f90ece
20004a94:	da12dfb0 	.word	0xda12dfb0
20004a98:	f6f60626 	.word	0xf6f60626
20004a9c:	1775ce17 	.word	0x1775ce17
20004aa0:	164fedf3 	.word	0x164fedf3
20004aa4:	f9f03c65 	.word	0xf9f03c65
20004aa8:	39a06565 	.word	0x39a06565
20004aac:	041f1ee7 	.word	0x041f1ee7
20004ab0:	c9073317 	.word	0xc9073317
20004ab4:	37fcac18 	.word	0x37fcac18
20004ab8:	07140142 	.word	0x07140142
20004abc:	9c7e2037 	.word	0x9c7e2037
20004ac0:	0ed82ce0 	.word	0x0ed82ce0
20004ac4:	c11bde24 	.word	0xc11bde24
20004ac8:	dcdd16c6 	.word	0xdcdd16c6
20004acc:	02ee80b7 	.word	0x02ee80b7
20004ad0:	7b1fda34 	.word	0x7b1fda34
20004ad4:	372fd80e 	.word	0x372fd80e
20004ad8:	d55e073c 	.word	0xd55e073c
20004adc:	1756ce17 	.word	0x1756ce17
20004ae0:	424fd2bf 	.word	0x424fd2bf
20004ae4:	cf177534 	.word	0xcf177534
20004ae8:	b81757ec 	.word	0xb81757ec
20004aec:	5997180f 	.word	0x5997180f
20004af0:	d7ff211f 	.word	0xd7ff211f
20004af4:	ffac2c44 	.word	0xffac2c44
20004af8:	8f098080 	.word	0x8f098080
20004afc:	4c2c64d5 	.word	0x4c2c64d5
20004b00:	e614806d 	.word	0xe614806d
20004b04:	56248a6d 	.word	0x56248a6d
20004b08:	0c8ceeff 	.word	0x0c8ceeff
20004b0c:	c08d6308 	.word	0xc08d6308
20004b10:	210a1570 	.word	0x210a1570
20004b14:	01c370fd 	.word	0x01c370fd
20004b18:	966c0810 	.word	0x966c0810
20004b1c:	74be0f16 	.word	0x74be0f16
20004b20:	4c601e7d 	.word	0x4c601e7d
20004b24:	a6d50684 	.word	0xa6d50684
20004b28:	61167403 	.word	0x61167403
20004b2c:	8046d817 	.word	0x8046d817
20004b30:	502eb0ac 	.word	0x502eb0ac
20004b34:	fba47476 	.word	0xfba47476
20004b38:	81f043ae 	.word	0x81f043ae
20004b3c:	8ebd8ee8 	.word	0x8ebd8ee8
20004b40:	01a3001a 	.word	0x01a3001a
20004b44:	519f6404 	.word	0x519f6404
20004b48:	4055ac4e 	.word	0x4055ac4e
20004b4c:	4e2ef70c 	.word	0x4e2ef70c
20004b50:	d6508017 	.word	0xd6508017
20004b54:	b017a90d 	.word	0xb017a90d
20004b58:	b708524d 	.word	0xb708524d
20004b5c:	ae12c0e6 	.word	0xae12c0e6
20004b60:	354202c4 	.word	0x354202c4
20004b64:	0e6ec0a7 	.word	0x0e6ec0a7
20004b68:	09563801 	.word	0x09563801
20004b6c:	20974edd 	.word	0x20974edd
20004b70:	a70300d9 	.word	0xa70300d9
20004b74:	47a16e71 	.word	0x47a16e71
20004b78:	f66d0561 	.word	0xf66d0561
20004b7c:	24820282 	.word	0x24820282
20004b80:	bf70849f 	.word	0xbf70849f
20004b84:	8fde78c1 	.word	0x8fde78c1
20004b88:	be7644c7 	.word	0xbe7644c7
20004b8c:	01803016 	.word	0x01803016
20004b90:	1062169b 	.word	0x1062169b
20004b94:	a824960f 	.word	0xa824960f
20004b98:	447f09c2 	.word	0x447f09c2
20004b9c:	bb572e3f 	.word	0xbb572e3f
20004ba0:	d11e466d 	.word	0xd11e466d
20004ba4:	4a0f87ac 	.word	0x4a0f87ac
20004ba8:	864b60ff 	.word	0x864b60ff
20004bac:	36e04d37 	.word	0x36e04d37
20004bb0:	176ec718 	.word	0x176ec718
20004bb4:	8f6ec6e0 	.word	0x8f6ec6e0
20004bb8:	641e9f10 	.word	0x641e9f10
20004bbc:	65066c8c 	.word	0x65066c8c
20004bc0:	2e97588c 	.word	0x2e97588c
20004bc4:	1634bf7e 	.word	0x1634bf7e
20004bc8:	b61070ac 	.word	0xb61070ac
20004bcc:	0630af65 	.word	0x0630af65
20004bd0:	37fb00b6 	.word	0x37fb00b6
20004bd4:	fe0c8027 	.word	0xfe0c8027
20004bd8:	703847ec 	.word	0x703847ec
20004bdc:	d1ac6eef 	.word	0xd1ac6eef
20004be0:	4e670004 	.word	0x4e670004
20004be4:	7797e6be 	.word	0x7797e6be
20004be8:	d5df68d0 	.word	0xd5df68d0
20004bec:	a210f03e 	.word	0xa210f03e
20004bf0:	d5af818c 	.word	0xd5af818c
20004bf4:	66245c76 	.word	0x66245c76
20004bf8:	0cf0071a 	.word	0x0cf0071a
20004bfc:	ac2edfef 	.word	0xac2edfef
20004c00:	acc0107c 	.word	0xacc0107c
20004c04:	af19218c 	.word	0xaf19218c
20004c08:	eec2166b 	.word	0xeec2166b
20004c0c:	879e0551 	.word	0x879e0551
20004c10:	0636058e 	.word	0x0636058e
20004c14:	365d5f0f 	.word	0x365d5f0f
20004c18:	763f63c2 	.word	0x763f63c2
20004c1c:	c8e3008f 	.word	0xc8e3008f
20004c20:	8b97653f 	.word	0x8b97653f
20004c24:	38e48437 	.word	0x38e48437
20004c28:	3efd0866 	.word	0x3efd0866
20004c2c:	81246302 	.word	0x81246302
20004c30:	e5377d47 	.word	0xe5377d47
20004c34:	276b160a 	.word	0x276b160a
20004c38:	21c14f06 	.word	0x21c14f06
20004c3c:	942067ed 	.word	0x942067ed
20004c40:	dd46d117 	.word	0xdd46d117
20004c44:	10d6bb36 	.word	0x10d6bb36
20004c48:	8808c436 	.word	0x8808c436
20004c4c:	975657e9 	.word	0x975657e9
20004c50:	f697c0cb 	.word	0xf697c0cb
20004c54:	8e44c097 	.word	0x8e44c097
20004c58:	fe4eb009 	.word	0xfe4eb009
20004c5c:	f79d0674 	.word	0xf79d0674
20004c60:	0644bc28 	.word	0x0644bc28
20004c64:	32ff3c65 	.word	0x32ff3c65
20004c68:	a056074e 	.word	0xa056074e
20004c6c:	edaf5000 	.word	0xedaf5000
20004c70:	25b6ee47 	.word	0x25b6ee47
20004c74:	af082085 	.word	0xaf082085
20004c78:	6687edc2 	.word	0x6687edc2
20004c7c:	4e70c027 	.word	0x4e70c027
20004c80:	74a0b650 	.word	0x74a0b650
20004c84:	eac6157f 	.word	0xeac6157f
20004c88:	df070300 	.word	0xdf070300
20004c8c:	a226245a 	.word	0xa226245a
20004c90:	5dd0a708 	.word	0x5dd0a708
20004c94:	37a43c8e 	.word	0x37a43c8e
20004c98:	8227eece 	.word	0x8227eece
20004c9c:	3cdd2600 	.word	0x3cdd2600
20004ca0:	37ce3e0a 	.word	0x37ce3e0a
20004ca4:	06c7cd1f 	.word	0x06c7cd1f
20004ca8:	42e2e47e 	.word	0x42e2e47e
20004cac:	41041834 	.word	0x41041834
20004cb0:	6c2b3e36 	.word	0x6c2b3e36
20004cb4:	360e7fc8 	.word	0x360e7fc8
20004cb8:	1c07bed0 	.word	0x1c07bed0
20004cbc:	e2d60a3f 	.word	0xe2d60a3f
20004cc0:	821a9fc7 	.word	0x821a9fc7
20004cc4:	bfd807ee 	.word	0xbfd807ee
20004cc8:	e607e65d 	.word	0xe607e65d
20004ccc:	df4614ba 	.word	0xdf4614ba
20004cd0:	90426046 	.word	0x90426046
20004cd4:	4036fe2e 	.word	0x4036fe2e
20004cd8:	cc1129e9 	.word	0xcc1129e9
20004cdc:	2d7ea300 	.word	0x2d7ea300
20004ce0:	bc4d2c9c 	.word	0xbc4d2c9c
20004ce4:	972905f6 	.word	0x972905f6
20004ce8:	6eecffde 	.word	0x6eecffde
20004cec:	ceb00202 	.word	0xceb00202
20004cf0:	200f3814 	.word	0x200f3814
20004cf4:	409417e0 	.word	0x409417e0
20004cf8:	1fec1302 	.word	0x1fec1302
20004cfc:	45052337 	.word	0x45052337
20004d00:	2ffc88df 	.word	0x2ffc88df
20004d04:	c24c3c04 	.word	0xc24c3c04
20004d08:	3bc6e287 	.word	0x3bc6e287
20004d0c:	08c6de16 	.word	0x08c6de16
20004d10:	1786c112 	.word	0x1786c112
20004d14:	02be3918 	.word	0x02be3918
20004d18:	607dc62e 	.word	0x607dc62e
20004d1c:	031fa602 	.word	0x031fa602
20004d20:	2fc8be0e 	.word	0x2fc8be0e
20004d24:	10fc103e 	.word	0x10fc103e
20004d28:	8e0eae52 	.word	0x8e0eae52
20004d2c:	2ede6514 	.word	0x2ede6514
20004d30:	5e23f48e 	.word	0x5e23f48e
20004d34:	5ac048e1 	.word	0x5ac048e1
20004d38:	bef7c827 	.word	0xbef7c827
20004d3c:	b018e625 	.word	0xb018e625
20004d40:	3100016e 	.word	0x3100016e
20004d44:	36101c77 	.word	0x36101c77
20004d48:	0629256e 	.word	0x0629256e
20004d4c:	c153a72e 	.word	0xc153a72e
20004d50:	169f3846 	.word	0x169f3846
20004d54:	04192006 	.word	0x04192006
20004d58:	a3a85f1f 	.word	0xa3a85f1f
20004d5c:	20808fee 	.word	0x20808fee
20004d60:	9ff00202 	.word	0x9ff00202
20004d64:	118cae5d 	.word	0x118cae5d
20004d68:	be171f5d 	.word	0xbe171f5d
20004d6c:	8049202a 	.word	0x8049202a
20004d70:	4ddebd00 	.word	0x4ddebd00
20004d74:	96247e58 	.word	0x96247e58
20004d78:	0237520a 	.word	0x0237520a
20004d7c:	dc0b2696 	.word	0xdc0b2696
20004d80:	266d27a4 	.word	0x266d27a4
20004d84:	76a02929 	.word	0x76a02929
20004d88:	9e5c61a6 	.word	0x9e5c61a6
20004d8c:	66d08fa7 	.word	0x66d08fa7
20004d90:	9e42b51e 	.word	0x9e42b51e
20004d94:	87960a11 	.word	0x87960a11
20004d98:	6a6c2f01 	.word	0x6a6c2f01
20004d9c:	278347eb 	.word	0x278347eb
20004da0:	1696ed25 	.word	0x1696ed25
20004da4:	4d278da2 	.word	0x4d278da2
20004da8:	5b68805f 	.word	0x5b68805f
20004dac:	aa5026f7 	.word	0xaa5026f7
20004db0:	81433eec 	.word	0x81433eec
20004db4:	08876623 	.word	0x08876623
20004db8:	e7ce1d9e 	.word	0xe7ce1d9e
20004dbc:	05cf4f01 	.word	0x05cf4f01
20004dc0:	ffb8aee3 	.word	0xffb8aee3
20004dc4:	b5a74f01 	.word	0xb5a74f01
20004dc8:	6f0882e2 	.word	0x6f0882e2
20004dcc:	07e6b2af 	.word	0x07e6b2af
20004dd0:	24db0966 	.word	0x24db0966
20004dd4:	306d1f04 	.word	0x306d1f04
20004dd8:	57a1ac43 	.word	0x57a1ac43
20004ddc:	780800c0 	.word	0x780800c0
20004de0:	bfcd52f7 	.word	0xbfcd52f7
20004de4:	47562c16 	.word	0x47562c16
20004de8:	a3044668 	.word	0xa3044668
20004dec:	5e17732f 	.word	0x5e17732f
20004df0:	c8018460 	.word	0xc8018460
20004df4:	28a7f0e7 	.word	0x28a7f0e7
20004df8:	002ae65f 	.word	0x002ae65f
20004dfc:	ed211448 	.word	0xed211448
20004e00:	36014218 	.word	0x36014218
20004e04:	a0853d05 	.word	0xa0853d05
20004e08:	1e6b6096 	.word	0x1e6b6096
20004e0c:	e396ecbe 	.word	0xe396ecbe
20004e10:	e9f6d88c 	.word	0xe9f6d88c
20004e14:	d49696ac 	.word	0xd49696ac
20004e18:	0663e3e6 	.word	0x0663e3e6
20004e1c:	aef44eaa 	.word	0xaef44eaa
20004e20:	f7b1f8bf 	.word	0xf7b1f8bf
20004e24:	2f4e44a0 	.word	0x2f4e44a0
20004e28:	a1446647 	.word	0xa1446647
20004e2c:	de269fb0 	.word	0xde269fb0
20004e30:	8fa3c372 	.word	0x8fa3c372
20004e34:	772ca30f 	.word	0x772ca30f
20004e38:	a300e836 	.word	0xa300e836
20004e3c:	e7285f7d 	.word	0xe7285f7d
20004e40:	2f0ee416 	.word	0x2f0ee416
20004e44:	e01624bd 	.word	0xe01624bd
20004e48:	16202fbb 	.word	0x16202fbb
20004e4c:	1ccfdcc9 	.word	0x1ccfdcc9
20004e50:	3c1827d8 	.word	0x3c1827d8
20004e54:	97c0e1d4 	.word	0x97c0e1d4
20004e58:	ad80ae23 	.word	0xad80ae23
20004e5c:	9d7b06e0 	.word	0x9d7b06e0
20004e60:	c46d8066 	.word	0xc46d8066
20004e64:	062f8cab 	.word	0x062f8cab
20004e68:	eee30669 	.word	0xeee30669
20004e6c:	a0d2276b 	.word	0xa0d2276b
20004e70:	3017e5ce 	.word	0x3017e5ce
20004e74:	a5c6b4df 	.word	0xa5c6b4df
20004e78:	a6ae5c08 	.word	0xa6ae5c08
20004e7c:	36627caf 	.word	0x36627caf
20004e80:	88a70e05 	.word	0x88a70e05
20004e84:	e84f83af 	.word	0xe84f83af
20004e88:	281610a7 	.word	0x281610a7
20004e8c:	167bafc6 	.word	0x167bafc6
20004e90:	98802610 	.word	0x98802610
20004e94:	a177b61f 	.word	0xa177b61f
20004e98:	7762ff16 	.word	0x7762ff16
20004e9c:	7fc76714 	.word	0x7fc76714
20004ea0:	8f8f5b0d 	.word	0x8f8f5b0d
20004ea4:	4cdec790 	.word	0x4cdec790
20004ea8:	df35878c 	.word	0xdf35878c
20004eac:	166e18e9 	.word	0x166e18e9
20004eb0:	8f986485 	.word	0x8f986485
20004eb4:	2f3e8491 	.word	0x2f3e8491
20004eb8:	78163c11 	.word	0x78163c11
20004ebc:	8e4d5a8e 	.word	0x8e4d5a8e
20004ec0:	ff571623 	.word	0xff571623
20004ec4:	10ae0311 	.word	0x10ae0311
20004ec8:	46822211 	.word	0x46822211
20004ecc:	42d7d018 	.word	0x42d7d018
20004ed0:	43a4ff39 	.word	0x43a4ff39
20004ed4:	365e9f18 	.word	0x365e9f18
20004ed8:	2d06daa2 	.word	0x2d06daa2
20004edc:	e0070782 	.word	0xe0070782
20004ee0:	4b1c29a2 	.word	0x4b1c29a2
20004ee4:	8f045547 	.word	0x8f045547
20004ee8:	849788f8 	.word	0x849788f8
20004eec:	c6af5199 	.word	0xc6af5199
20004ef0:	9ff00a11 	.word	0x9ff00a11
20004ef4:	971fb316 	.word	0x971fb316
20004ef8:	a1fea2d6 	.word	0xa1fea2d6
20004efc:	681f9d19 	.word	0x681f9d19
20004f00:	d018926d 	.word	0xd018926d
20004f04:	a268ae3e 	.word	0xa268ae3e
20004f08:	8da5469f 	.word	0x8da5469f
20004f0c:	6f273c10 	.word	0x6f273c10
20004f10:	c087ba8f 	.word	0xc087ba8f
20004f14:	a70c0846 	.word	0xa70c0846
20004f18:	1476c600 	.word	0x1476c600
20004f1c:	10db3edf 	.word	0x10db3edf
20004f20:	94e13798 	.word	0x94e13798
20004f24:	a6f08517 	.word	0xa6f08517
20004f28:	bf6623a4 	.word	0xbf6623a4
20004f2c:	a5a55c0e 	.word	0xa5a55c0e
20004f30:	af7924a0 	.word	0xaf7924a0
20004f34:	789e81b0 	.word	0x789e81b0
20004f38:	2604e484 	.word	0x2604e484
20004f3c:	b23f5e10 	.word	0xb23f5e10
20004f40:	0e24ff0f 	.word	0x0e24ff0f
20004f44:	c03ea51e 	.word	0xc03ea51e
20004f48:	f8de3fc0 	.word	0xf8de3fc0
20004f4c:	7625a4ac 	.word	0x7625a4ac
20004f50:	d6012c27 	.word	0xd6012c27
20004f54:	be1fc766 	.word	0xbe1fc766
20004f58:	16a5ff32 	.word	0x16a5ff32
20004f5c:	10ccd7f7 	.word	0x10ccd7f7
20004f60:	258c8c45 	.word	0x258c8c45
20004f64:	5bd870b7 	.word	0x5bd870b7
20004f68:	06b49f97 	.word	0x06b49f97
20004f6c:	477e3f1f 	.word	0x477e3f1f
20004f70:	51066c80 	.word	0x51066c80
20004f74:	f6afc190 	.word	0xf6afc190
20004f78:	43be1f02 	.word	0x43be1f02
20004f7c:	24805216 	.word	0x24805216
20004f80:	468937d7 	.word	0x468937d7
20004f84:	45374f85 	.word	0x45374f85
20004f88:	f07e6b0e 	.word	0xf07e6b0e
20004f8c:	88257e77 	.word	0x88257e77
20004f90:	7ba00223 	.word	0x7ba00223
20004f94:	1f82af5f 	.word	0x1f82af5f
20004f98:	bf7c46f6 	.word	0xbf7c46f6
20004f9c:	de5b2c82 	.word	0xde5b2c82
20004fa0:	21479810 	.word	0x21479810
20004fa4:	323108b1 	.word	0x323108b1
20004fa8:	55372314 	.word	0x55372314
20004fac:	10032996 	.word	0x10032996
20004fb0:	05af8f4e 	.word	0x05af8f4e
20004fb4:	97d6d43e 	.word	0x97d6d43e
20004fb8:	ab8770a5 	.word	0xab8770a5
20004fbc:	02b420fe 	.word	0x02b420fe
20004fc0:	9830f09f 	.word	0x9830f09f
20004fc4:	cd142f52 	.word	0xcd142f52
20004fc8:	0e6fdde7 	.word	0x0e6fdde7
20004fcc:	f6587684 	.word	0xf6587684
20004fd0:	5f8fa5ee 	.word	0x5f8fa5ee
20004fd4:	473b5e47 	.word	0x473b5e47
20004fd8:	f7149864 	.word	0xf7149864
20004fdc:	453458fd 	.word	0x453458fd
20004fe0:	46c35080 	.word	0x46c35080
20004fe4:	b1ae0ed6 	.word	0xb1ae0ed6
20004fe8:	76ae5765 	.word	0x76ae5765
20004fec:	c85f1cb0 	.word	0xc85f1cb0
20004ff0:	b798da38 	.word	0xb798da38
20004ff4:	67f883c0 	.word	0x67f883c0
20004ff8:	7e7c8fb2 	.word	0x7e7c8fb2
20004ffc:	3757208f 	.word	0x3757208f
20005000:	849891d0 	.word	0x849891d0
20005004:	8fafc830 	.word	0x8fafc830
20005008:	4707d066 	.word	0x4707d066
2000500c:	5c368001 	.word	0x5c368001
20005010:	000ce1f7 	.word	0x000ce1f7
20005014:	26b2ef51 	.word	0x26b2ef51
20005018:	afe327c6 	.word	0xafe327c6
2000501c:	4620ea1f 	.word	0x4620ea1f
20005020:	dcee1187 	.word	0xdcee1187
20005024:	ee238ef4 	.word	0xee238ef4
20005028:	0d2f9773 	.word	0x0d2f9773
2000502c:	2f96dcfc 	.word	0x2f96dcfc
20005030:	365867b7 	.word	0x365867b7
20005034:	cb998c17 	.word	0xcb998c17
20005038:	10a71727 	.word	0x10a71727
2000503c:	9f4e1481 	.word	0x9f4e1481
20005040:	1709994c 	.word	0x1709994c
20005044:	67c7ec0a 	.word	0x67c7ec0a
20005048:	4fae884d 	.word	0x4fae884d
2000504c:	b7b64294 	.word	0xb7b64294
20005050:	67d7c006 	.word	0x67d7c006
20005054:	005e21fc 	.word	0x005e21fc
20005058:	34da4986 	.word	0x34da4986
2000505c:	6c64179a 	.word	0x6c64179a
20005060:	97d99cb9 	.word	0x97d99cb9
20005064:	e82f05a7 	.word	0xe82f05a7
20005068:	46ec8678 	.word	0x46ec8678
2000506c:	0853a79a 	.word	0x0853a79a
20005070:	24849bec 	.word	0x24849bec
20005074:	9b403857 	.word	0x9b403857
20005078:	67c007a5 	.word	0x67c007a5
2000507c:	87501f87 	.word	0x87501f87
20005080:	175d7762 	.word	0x175d7762
20005084:	dfe4b184 	.word	0xdfe4b184
20005088:	998c08fc 	.word	0x998c08fc
2000508c:	4f102484 	.word	0x4f102484
20005090:	6c0e7f0b 	.word	0x6c0e7f0b
20005094:	25f0499b 	.word	0x25f0499b
20005098:	c0008068 	.word	0xc0008068
2000509c:	22572c0f 	.word	0x22572c0f
200050a0:	d800be30 	.word	0xd800be30
200050a4:	a99b9c87 	.word	0xa99b9c87
200050a8:	0814f047 	.word	0x0814f047
200050ac:	0fc1ac45 	.word	0x0fc1ac45
200050b0:	12b78528 	.word	0x12b78528
200050b4:	b82feca7 	.word	0xb82feca7
200050b8:	9c9c8c9b 	.word	0x9c9c8c9b
200050bc:	e69f16d8 	.word	0xe69f16d8
200050c0:	f81cc73f 	.word	0xf81cc73f
200050c4:	4c17319b 	.word	0x4c17319b
200050c8:	aaaf1480 	.word	0xaaaf1480
200050cc:	179cb44e 	.word	0x179cb44e
200050d0:	947260c9 	.word	0x947260c9
200050d4:	c33c06f0 	.word	0xc33c06f0
200050d8:	1e7ed067 	.word	0x1e7ed067
200050dc:	1ac69cc8 	.word	0x1ac69cc8
200050e0:	86043d6f 	.word	0x86043d6f
200050e4:	4c76cf8a 	.word	0x4c76cf8a
200050e8:	089d9f87 	.word	0x089d9f87
200050ec:	3c17a69d 	.word	0x3c17a69d
200050f0:	c56c964b 	.word	0xc56c964b
200050f4:	3c0d0ecf 	.word	0x3c0d0ecf
200050f8:	46f6d7c2 	.word	0x46f6d7c2
200050fc:	941bdf25 	.word	0x941bdf25
20005100:	6c361b97 	.word	0x6c361b97
20005104:	e7869db4 	.word	0xe7869db4
20005108:	bc4e2f37 	.word	0xbc4e2f37
2000510c:	38466731 	.word	0x38466731
20005110:	9e10a7e7 	.word	0x9e10a7e7
20005114:	5cc0bf0c 	.word	0x5cc0bf0c
20005118:	4cf1572b 	.word	0x4cf1572b
2000511c:	c024849e 	.word	0xc024849e
20005120:	b58f87d7 	.word	0xb58f87d7
20005124:	3fb4c127 	.word	0x3fb4c127
20005128:	9eb40c3c 	.word	0x9eb40c3c
2000512c:	b8523730 	.word	0xb8523730
20005130:	585460b7 	.word	0x585460b7
20005134:	a760297f 	.word	0xa760297f
20005138:	f0f077bd 	.word	0xf0f077bd
2000513c:	4d30420f 	.word	0x4d30420f
20005140:	b7e6e72c 	.word	0xb7e6e72c
20005144:	9ec4c006 	.word	0x9ec4c006
20005148:	9ecc4727 	.word	0x9ecc4727
2000514c:	51f78c02 	.word	0x51f78c02
20005150:	6f9fc17f 	.word	0x6f9fc17f
20005154:	479f644e 	.word	0x479f644e
20005158:	8c1110d0 	.word	0x8c1110d0
2000515c:	17f6082f 	.word	0x17f6082f
20005160:	e478643f 	.word	0xe478643f
20005164:	88930b8e 	.word	0x88930b8e
20005168:	86ffad58 	.word	0x86ffad58
2000516c:	a0709037 	.word	0xa0709037
20005170:	2f81bfed 	.word	0x2f81bfed
20005174:	4a2b989e 	.word	0x4a2b989e
20005178:	5082a0e7 	.word	0x5082a0e7
2000517c:	2e04eebf 	.word	0x2e04eebf
20005180:	37477b84 	.word	0x37477b84
20005184:	0fe1a833 	.word	0x0fe1a833
20005188:	6fc149e6 	.word	0x6fc149e6
2000518c:	a5e624e0 	.word	0xa5e624e0
20005190:	4f57ceaf 	.word	0x4f57ceaf
20005194:	e7d6b09f 	.word	0xe7d6b09f
20005198:	0df74601 	.word	0x0df74601
2000519c:	9fea9771 	.word	0x9fea9771
200051a0:	e9778084 	.word	0xe9778084
200051a4:	70fe18b5 	.word	0x70fe18b5
200051a8:	a097c05e 	.word	0xa097c05e
200051ac:	97c367a8 	.word	0x97c367a8
200051b0:	fcd65f48 	.word	0xfcd65f48
200051b4:	fbdb7f15 	.word	0xfbdb7f15
200051b8:	174b0b67 	.word	0x174b0b67
200051bc:	2ee12344 	.word	0x2ee12344
200051c0:	ae64f618 	.word	0xae64f618
200051c4:	e11421ee 	.word	0xe11421ee
200051c8:	ac0e2a9e 	.word	0xac0e2a9e
200051cc:	00277620 	.word	0x00277620
200051d0:	fbef3585 	.word	0xfbef3585
200051d4:	4fac4308 	.word	0x4fac4308
200051d8:	ac0f2502 	.word	0xac0f2502
200051dc:	a40c4f28 	.word	0xa40c4f28
200051e0:	a4d0c481 	.word	0xa4d0c481
200051e4:	feaf0157 	.word	0xfeaf0157
200051e8:	87ae0020 	.word	0x87ae0020
200051ec:	34c8389f 	.word	0x34c8389f
200051f0:	0aaaa77e 	.word	0x0aaaa77e
200051f4:	2380e00f 	.word	0x2380e00f
200051f8:	f15669ff 	.word	0xf15669ff
200051fc:	ff74df6e 	.word	0xff74df6e
20005200:	054fb8e6 	.word	0x054fb8e6
20005204:	4c065f86 	.word	0x4c065f86
20005208:	85f29f7a 	.word	0x85f29f7a
2000520c:	fff83eef 	.word	0xfff83eef
20005210:	9e1414e4 	.word	0x9e1414e4
20005214:	623781de 	.word	0x623781de
20005218:	8fe2966e 	.word	0x8fe2966e
2000521c:	16034821 	.word	0x16034821
20005220:	250481f1 	.word	0x250481f1
20005224:	308e9b40 	.word	0x308e9b40
20005228:	ed018820 	.word	0xed018820
2000522c:	c0a11eb6 	.word	0xc0a11eb6
20005230:	c6472104 	.word	0xc6472104
20005234:	a7071038 	.word	0xa7071038
20005238:	290200fb 	.word	0x290200fb
2000523c:	20542629 	.word	0x20542629
20005240:	5510fff8 	.word	0x5510fff8
20005244:	9646234e 	.word	0x9646234e
20005248:	28bea141 	.word	0x28bea141
2000524c:	16dac706 	.word	0x16dac706
20005250:	3826d807 	.word	0x3826d807
20005254:	8e1640e5 	.word	0x8e1640e5
20005258:	45fb18c0 	.word	0x45fb18c0
2000525c:	3980bc14 	.word	0x3980bc14
20005260:	09ecbed2 	.word	0x09ecbed2
20005264:	8920243c 	.word	0x8920243c
20005268:	9c277a92 	.word	0x9c277a92
2000526c:	5710ca26 	.word	0x5710ca26
20005270:	3484ffce 	.word	0x3484ffce
20005274:	0e863a13 	.word	0x0e863a13
20005278:	9eb822fe 	.word	0x9eb822fe
2000527c:	c2320a00 	.word	0xc2320a00
20005280:	3cc2bf9e 	.word	0x3cc2bf9e
20005284:	117fce07 	.word	0x117fce07
20005288:	26e79759 	.word	0x26e79759
2000528c:	a7039403 	.word	0xa7039403
20005290:	6e62de7e 	.word	0x6e62de7e
20005294:	ff06d760 	.word	0xff06d760
20005298:	8e370922 	.word	0x8e370922
2000529c:	b2102434 	.word	0xb2102434
200052a0:	3ee96f43 	.word	0x3ee96f43
200052a4:	81b7761b 	.word	0x81b7761b
200052a8:	5ea8414e 	.word	0x5ea8414e
200052ac:	5b00e6ea 	.word	0x5b00e6ea
200052b0:	654f06be 	.word	0x654f06be
200052b4:	dec24067 	.word	0xdec24067
200052b8:	c20ef714 	.word	0xc20ef714
200052bc:	27a6c217 	.word	0x27a6c217
200052c0:	1e7e0b0e 	.word	0x1e7e0b0e
200052c4:	9eb12843 	.word	0x9eb12843
200052c8:	2bfe4925 	.word	0x2bfe4925
200052cc:	4021e226 	.word	0x4021e226
200052d0:	572f4a44 	.word	0x572f4a44
200052d4:	a646332e 	.word	0xa646332e
200052d8:	c57ff87c 	.word	0xc57ff87c
200052dc:	5f3a24ac 	.word	0x5f3a24ac
200052e0:	56e8147f 	.word	0x56e8147f
200052e4:	c6b0c248 	.word	0xc6b0c248
200052e8:	56fa4738 	.word	0x56fa4738
200052ec:	fec68cc4 	.word	0xfec68cc4
200052f0:	0067ce0a 	.word	0x0067ce0a
200052f4:	0123962c 	.word	0x0123962c
200052f8:	01c8d674 	.word	0x01c8d674
200052fc:	acc996dc 	.word	0xacc996dc
20005300:	15364e91 	.word	0x15364e91
20005304:	9809c720 	.word	0x9809c720
20005308:	56383ebe 	.word	0x56383ebe
2000530c:	66fe83c2 	.word	0x66fe83c2
20005310:	db10273a 	.word	0xdb10273a
20005314:	2718acda 	.word	0x2718acda
20005318:	609120e6 	.word	0x609120e6
2000531c:	5d1c149e 	.word	0x5d1c149e
20005320:	665e6ee0 	.word	0x665e6ee0
20005324:	fa7e1827 	.word	0xfa7e1827
20005328:	7bb20dff 	.word	0x7bb20dff
2000532c:	60b6ac2e 	.word	0x60b6ac2e
20005330:	0f4f0162 	.word	0x0f4f0162
20005334:	0ec5add6 	.word	0x0ec5add6
20005338:	ce700240 	.word	0xce700240
2000533c:	8a70d67e 	.word	0x8a70d67e
20005340:	c54e1701 	.word	0xc54e1701
20005344:	1cc4ee7f 	.word	0x1cc4ee7f
20005348:	8fa7dff6 	.word	0x8fa7dff6
2000534c:	47b3be17 	.word	0x47b3be17
20005350:	2f01b980 	.word	0x2f01b980
20005354:	7d274fcc 	.word	0x7d274fcc
20005358:	cc01c030 	.word	0xcc01c030
2000535c:	2e8a2f77 	.word	0x2e8a2f77
20005360:	ec832772 	.word	0xec832772
20005364:	a8102e7f 	.word	0xa8102e7f
20005368:	7dca25b6 	.word	0x7dca25b6
2000536c:	243ea34f 	.word	0x243ea34f
20005370:	7a286fae 	.word	0x7a286fae
20005374:	78379622 	.word	0x78379622
20005378:	3c93220e 	.word	0x3c93220e
2000537c:	416e639f 	.word	0x416e639f
20005380:	a058b7da 	.word	0xa058b7da
20005384:	bec0be0d 	.word	0xbec0be0d
20005388:	0a686f00 	.word	0x0a686f00
2000538c:	4efb336e 	.word	0x4efb336e
20005390:	3c473333 	.word	0x3c473333
20005394:	00a7fffc 	.word	0x00a7fffc
20005398:	25862e58 	.word	0x25862e58
2000539c:	46af8a66 	.word	0x46af8a66
200053a0:	cd2506e8 	.word	0xcd2506e8
200053a4:	b1411a1f 	.word	0xb1411a1f
200053a8:	1d4f117e 	.word	0x1d4f117e
200053ac:	11d238ef 	.word	0x11d238ef
200053b0:	dfc7874e 	.word	0xdfc7874e
200053b4:	340f4711 	.word	0x340f4711
200053b8:	8c4611ee 	.word	0x8c4611ee
200053bc:	09e604e7 	.word	0x09e604e7
200053c0:	02dfd836 	.word	0x02dfd836
200053c4:	bfe319f2 	.word	0xbfe319f2
200053c8:	58d3670f 	.word	0x58d3670f
200053cc:	13007827 	.word	0x13007827
200053d0:	ca1ff840 	.word	0xca1ff840
200053d4:	b6fa0125 	.word	0xb6fa0125
200053d8:	05ee0066 	.word	0x05ee0066
200053dc:	24f11964 	.word	0x24f11964
200053e0:	5f0d5880 	.word	0x5f0d5880
200053e4:	030b580e 	.word	0x030b580e
200053e8:	ec800016 	.word	0xec800016
200053ec:	8d622e3b 	.word	0x8d622e3b
200053f0:	10ef3343 	.word	0x10ef3343
200053f4:	82e70983 	.word	0x82e70983
200053f8:	25128436 	.word	0x25128436
200053fc:	c30fc3ef 	.word	0xc30fc3ef
20005400:	06f6834f 	.word	0x06f6834f
20005404:	fff5f6ec 	.word	0xfff5f6ec
20005408:	bf5615cc 	.word	0xbf5615cc
2000540c:	25ad5e6b 	.word	0x25ad5e6b
20005410:	b9fffcef 	.word	0xb9fffcef
20005414:	4a000b15 	.word	0x4a000b15
20005418:	445c5f10 	.word	0x445c5f10
2000541c:	4f42c185 	.word	0x4f42c185
20005420:	c27021fc 	.word	0xc27021fc
20005424:	8d6f1001 	.word	0x8d6f1001
20005428:	2025febb 	.word	0x2025febb
2000542c:	6f66d670 	.word	0x6f66d670
20005430:	77a683b6 	.word	0x77a683b6
20005434:	c2a426b5 	.word	0xc2a426b5
20005438:	a40efb17 	.word	0xa40efb17
2000543c:	b93e408f 	.word	0xb93e408f
20005440:	2747cc27 	.word	0x2747cc27
20005444:	04587032 	.word	0x04587032
20005448:	3a043047 	.word	0x3a043047
2000544c:	33d060a7 	.word	0x33d060a7
20005450:	118128b7 	.word	0x118128b7
20005454:	9f0da6f0 	.word	0x9f0da6f0
20005458:	a485a027 	.word	0xa485a027
2000545c:	31240fe8 	.word	0x31240fe8
20005460:	8d969106 	.word	0x8d969106
20005464:	e65406c0 	.word	0xe65406c0
20005468:	601f0b0e 	.word	0x601f0b0e
2000546c:	d754a044 	.word	0xd754a044
20005470:	87a0847b 	.word	0x87a0847b
20005474:	7fb02033 	.word	0x7fb02033
20005478:	c4b7fd85 	.word	0xc4b7fd85
2000547c:	bc478625 	.word	0xbc478625
20005480:	4a4b1c4e 	.word	0x4a4b1c4e
20005484:	e4843fbc 	.word	0xe4843fbc
20005488:	033bef6a 	.word	0x033bef6a
2000548c:	ffe7e6de 	.word	0xffe7e6de
20005490:	e4af7761 	.word	0xe4af7761
20005494:	7664be8e 	.word	0x7664be8e
20005498:	77211825 	.word	0x77211825
2000549c:	84110cfc 	.word	0x84110cfc
200054a0:	ee60458c 	.word	0xee60458c
200054a4:	40af7e4f 	.word	0x40af7e4f
200054a8:	4e3d1a1a 	.word	0x4e3d1a1a
200054ac:	280fd8c0 	.word	0x280fd8c0
200054b0:	2812ada3 	.word	0x2812ada3
200054b4:	3f1fe005 	.word	0x3f1fe005
200054b8:	a5110876 	.word	0xa5110876
200054bc:	38408cf7 	.word	0x38408cf7
200054c0:	a5804e02 	.word	0xa5804e02
200054c4:	cea79eaa 	.word	0xcea79eaa
200054c8:	a69a1646 	.word	0xa69a1646
200054cc:	a74ef7e2 	.word	0xa74ef7e2
200054d0:	b607833e 	.word	0xb607833e
200054d4:	f4bfe787 	.word	0xf4bfe787
200054d8:	0ae7fffd 	.word	0x0ae7fffd
200054dc:	9d02e7ce 	.word	0x9d02e7ce
200054e0:	1087e0ce 	.word	0x1087e0ce
200054e4:	fff677af 	.word	0xfff677af
200054e8:	ee821f47 	.word	0xee821f47
200054ec:	1ea8e081 	.word	0x1ea8e081
200054f0:	42be9f44 	.word	0x42be9f44
200054f4:	1f46002c 	.word	0x1f46002c
200054f8:	6361e8c1 	.word	0x6361e8c1
200054fc:	c047262c 	.word	0xc047262c
20005500:	16f6831a 	.word	0x16f6831a
20005504:	c5c64462 	.word	0xc5c64462
20005508:	ff0b0eee 	.word	0xff0b0eee
2000550c:	ff0be70b 	.word	0xff0be70b
20005510:	8b01b70a 	.word	0x8b01b70a
20005514:	270a7604 	.word	0x270a7604
20005518:	46c60b77 	.word	0x46c60b77
2000551c:	d4c892e7 	.word	0xd4c892e7
20005520:	3745f796 	.word	0x3745f796
20005524:	c03608c3 	.word	0xc03608c3
20005528:	ec7e6c28 	.word	0xec7e6c28
2000552c:	46600dff 	.word	0x46600dff
20005530:	275ee209 	.word	0x275ee209
20005534:	64b3a046 	.word	0x64b3a046
20005538:	c8960d9f 	.word	0xc8960d9f
2000553c:	69d61ac7 	.word	0x69d61ac7
20005540:	a6c70b1e 	.word	0xa6c70b1e
20005544:	6807bd00 	.word	0x6807bd00
20005548:	8fce608f 	.word	0x8fce608f
2000554c:	9ba9ef0c 	.word	0x9ba9ef0c
20005550:	858d01fe 	.word	0x858d01fe
20005554:	cc872ef2 	.word	0xcc872ef2
20005558:	0cb8a01f 	.word	0x0cb8a01f
2000555c:	bda7c390 	.word	0xbda7c390
20005560:	4cfff7ee 	.word	0x4cfff7ee
20005564:	482fc315 	.word	0x482fc315
20005568:	0712b7f8 	.word	0x0712b7f8
2000556c:	3cf813b6 	.word	0x3cf813b6
20005570:	26317bd4 	.word	0x26317bd4
20005574:	c056fc0b 	.word	0xc056fc0b
20005578:	4426527b 	.word	0x4426527b
2000557c:	7376ceed 	.word	0x7376ceed
20005580:	48a93685 	.word	0x48a93685
20005584:	21547f0b 	.word	0x21547f0b
20005588:	910cfea8 	.word	0x910cfea8
2000558c:	0205b787 	.word	0x0205b787
20005590:	0ef86128 	.word	0x0ef86128
20005594:	fa114510 	.word	0xfa114510
20005598:	2010809e 	.word	0x2010809e
2000559c:	e849c717 	.word	0xe849c717
200055a0:	8c0eb57f 	.word	0x8c0eb57f
200055a4:	a5b7efe9 	.word	0xa5b7efe9
200055a8:	1837c3af 	.word	0x1837c3af
200055ac:	30c3ee1f 	.word	0x30c3ee1f
200055b0:	4e1011fc 	.word	0x4e1011fc
200055b4:	83bef8c0 	.word	0x83bef8c0
200055b8:	a70e0318 	.word	0xa70e0318
200055bc:	e3001be8 	.word	0xe3001be8
200055c0:	02b19779 	.word	0x02b19779
200055c4:	eea330c6 	.word	0xeea330c6
200055c8:	b26542b0 	.word	0xb26542b0
200055cc:	807687e7 	.word	0x807687e7
200055d0:	2b6e0f8f 	.word	0x2b6e0f8f
200055d4:	4fc3bc18 	.word	0x4fc3bc18
200055d8:	5dd76008 	.word	0x5dd76008
200055dc:	f28d0296 	.word	0xf28d0296
200055e0:	1007de48 	.word	0x1007de48
200055e4:	f84eb326 	.word	0xf84eb326
200055e8:	1602ffd9 	.word	0x1602ffd9
200055ec:	5e402ea0 	.word	0x5e402ea0
200055f0:	b467fc08 	.word	0xb467fc08
200055f4:	04363a8f 	.word	0x04363a8f
200055f8:	e774084f 	.word	0xe774084f
200055fc:	06a6ee38 	.word	0x06a6ee38
20005600:	be0557d6 	.word	0xbe0557d6
20005604:	373c8d19 	.word	0x373c8d19
20005608:	4644773f 	.word	0x4644773f
2000560c:	bb69409c 	.word	0xbb69409c
20005610:	d71a036f 	.word	0xd71a036f
20005614:	f58fa570 	.word	0xf58fa570
20005618:	862a7825 	.word	0x862a7825
2000561c:	12cebbc0 	.word	0x12cebbc0
20005620:	af340290 	.word	0xaf340290
20005624:	13ef68dd 	.word	0x13ef68dd
20005628:	39b65702 	.word	0x39b65702
2000562c:	10e02a37 	.word	0x10e02a37
20005630:	6d290152 	.word	0x6d290152
20005634:	a070aeb6 	.word	0xa070aeb6
20005638:	b337fb01 	.word	0xb337fb01
2000563c:	d6b2cee6 	.word	0xd6b2cee6
20005640:	e7ef1ca6 	.word	0xe7ef1ca6
20005644:	42c3a930 	.word	0x42c3a930
20005648:	483e4ada 	.word	0x483e4ada
2000564c:	9043b6bb 	.word	0x9043b6bb
20005650:	03891627 	.word	0x03891627
20005654:	5310b49f 	.word	0x5310b49f
20005658:	80082f33 	.word	0x80082f33
2000565c:	a118375a 	.word	0xa118375a
20005660:	272034f7 	.word	0x272034f7
20005664:	fe28d215 	.word	0xfe28d215
20005668:	56a77201 	.word	0x56a77201
2000566c:	b8368a36 	.word	0xb8368a36
20005670:	03203ef8 	.word	0x03203ef8
20005674:	2d24464c 	.word	0x2d24464c
20005678:	7c02208e 	.word	0x7c02208e
2000567c:	884c218f 	.word	0x884c218f
20005680:	2bd62ba0 	.word	0x2bd62ba0
20005684:	016cc210 	.word	0x016cc210
20005688:	1e97f72d 	.word	0x1e97f72d
2000568c:	04470396 	.word	0x04470396
20005690:	af581e8c 	.word	0xaf581e8c
20005694:	846cde27 	.word	0x846cde27
20005698:	361683a2 	.word	0x361683a2
2000569c:	24d18fad 	.word	0x24d18fad
200056a0:	4ea8044a 	.word	0x4ea8044a
200056a4:	3e148949 	.word	0x3e148949
200056a8:	46f0044c 	.word	0x46f0044c
200056ac:	c006ad2d 	.word	0xc006ad2d
200056b0:	1efe7bb7 	.word	0x1efe7bb7
200056b4:	1b240a61 	.word	0x1b240a61
200056b8:	0846301f 	.word	0x0846301f
200056bc:	060616ad 	.word	0x060616ad
200056c0:	6e068440 	.word	0x6e068440
200056c4:	04402107 	.word	0x04402107
200056c8:	022a0c06 	.word	0x022a0c06
200056cc:	1f589a68 	.word	0x1f589a68
200056d0:	780387ee 	.word	0x780387ee
200056d4:	e9ee0fd7 	.word	0xe9ee0fd7
200056d8:	b846363c 	.word	0xb846363c
200056dc:	01635876 	.word	0x01635876
200056e0:	16d8fe1e 	.word	0x16d8fe1e
200056e4:	ff1fac45 	.word	0xff1fac45
200056e8:	1faccbe3 	.word	0x1faccbe3
200056ec:	c2039e6a 	.word	0xc2039e6a
200056f0:	913e38fe 	.word	0x913e38fe
200056f4:	23378481 	.word	0x23378481
200056f8:	0f418417 	.word	0x0f418417
200056fc:	110160e1 	.word	0x110160e1
20005700:	ff766007 	.word	0xff766007
20005704:	68b2f607 	.word	0x68b2f607
20005708:	62eab08b 	.word	0x62eab08b
2000570c:	80cf8c0c 	.word	0x80cf8c0c
20005710:	66b1fea4 	.word	0x66b1fea4
20005714:	c2b6c755 	.word	0xc2b6c755
20005718:	2ee2ca4c 	.word	0x2ee2ca4c
2000571c:	e06f0b8c 	.word	0xe06f0b8c
20005720:	aee1004a 	.word	0xaee1004a
20005724:	56ce58af 	.word	0x56ce58af
20005728:	081e1efe 	.word	0x081e1efe
2000572c:	c587fc04 	.word	0xc587fc04
20005730:	c8b8f622 	.word	0xc8b8f622
20005734:	111621c6 	.word	0x111621c6
20005738:	c776b48e 	.word	0xc776b48e
2000573c:	4454a743 	.word	0x4454a743
20005740:	2cdace21 	.word	0x2cdace21
20005744:	cf853402 	.word	0xcf853402
20005748:	668a6475 	.word	0x668a6475
2000574c:	eee61423 	.word	0xeee61423
20005750:	2508d590 	.word	0x2508d590
20005754:	6510a1df 	.word	0x6510a1df
20005758:	14ddc7d2 	.word	0x14ddc7d2
2000575c:	ad120069 	.word	0xad120069
20005760:	456f811f 	.word	0x456f811f
20005764:	79586816 	.word	0x79586816
20005768:	7b1f197f 	.word	0x7b1f197f
2000576c:	fc10232f 	.word	0xfc10232f
20005770:	ffd80122 	.word	0xffd80122
20005774:	97502442 	.word	0x97502442
20005778:	0da7feb4 	.word	0x0da7feb4
2000577c:	d7348f1c 	.word	0xd7348f1c
20005780:	00ea08fe 	.word	0x00ea08fe
20005784:	9f552407 	.word	0x9f552407
20005788:	52a40e6d 	.word	0x52a40e6d
2000578c:	a52c9f86 	.word	0xa52c9f86
20005790:	36afe36f 	.word	0x36afe36f
20005794:	8f1ef7b7 	.word	0x8f1ef7b7
20005798:	3e8fbd2e 	.word	0x3e8fbd2e
2000579c:	864ec78f 	.word	0x864ec78f
200057a0:	70af8ea6 	.word	0x70af8ea6
200057a4:	745aeb36 	.word	0x745aeb36
200057a8:	3297e102 	.word	0x3297e102
200057ac:	81a7c11f 	.word	0x81a7c11f
200057b0:	70de561f 	.word	0x70de561f
200057b4:	03ee7f02 	.word	0x03ee7f02
200057b8:	07c0ac3c 	.word	0x07c0ac3c
200057bc:	52af4662 	.word	0x52af4662
200057c0:	ac164ede 	.word	0xac164ede
200057c4:	fe4327e0 	.word	0xfe4327e0
200057c8:	3a84076b 	.word	0x3a84076b
200057cc:	16e924be 	.word	0x16e924be
200057d0:	ed2cff3b 	.word	0xed2cff3b
200057d4:	2d0f3d11 	.word	0x2d0f3d11
200057d8:	af777fd8 	.word	0xaf777fd8
200057dc:	8806ee1a 	.word	0x8806ee1a
200057e0:	58ff0708 	.word	0x58ff0708
200057e4:	185a2721 	.word	0x185a2721
200057e8:	c03f063e 	.word	0xc03f063e
200057ec:	37274477 	.word	0x37274477
200057f0:	260301e0 	.word	0x260301e0
200057f4:	5f00e147 	.word	0x5f00e147
200057f8:	82002017 	.word	0x82002017
200057fc:	f5862700 	.word	0xf5862700
20005800:	6222227d 	.word	0x6222227d
20005804:	046e36f7 	.word	0x046e36f7
20005808:	96b6c9de 	.word	0x96b6c9de
2000580c:	10fe0ede 	.word	0x10fe0ede
20005810:	f6ae96f5 	.word	0xf6ae96f5
20005814:	cfdd341d 	.word	0xcfdd341d
20005818:	1ca0f438 	.word	0x1ca0f438
2000581c:	17fc76f7 	.word	0x17fc76f7
20005820:	93a134bc 	.word	0x93a134bc
20005824:	e6222c74 	.word	0xe6222c74
20005828:	904508e3 	.word	0x904508e3
2000582c:	3fb53750 	.word	0x3fb53750
20005830:	e417ecda 	.word	0xe417ecda
20005834:	a22cbcf4 	.word	0xa22cbcf4
20005838:	873a3093 	.word	0x873a3093
2000583c:	43a4849f 	.word	0x43a4849f
20005840:	276b5007 	.word	0x276b5007
20005844:	386e9402 	.word	0x386e9402
20005848:	5e9048ff 	.word	0x5e9048ff
2000584c:	5d774733 	.word	0x5d774733
20005850:	0f17f688 	.word	0x0f17f688
20005854:	a6370836 	.word	0xa6370836
20005858:	fa181f80 	.word	0xfa181f80
2000585c:	efa2943c 	.word	0xefa2943c
20005860:	d006e825 	.word	0xd006e825
20005864:	476e1a65 	.word	0x476e1a65
20005868:	c2030e10 	.word	0xc2030e10
2000586c:	d57fb187 	.word	0xd57fb187
20005870:	f3d061fe 	.word	0xf3d061fe
20005874:	006c771f 	.word	0x006c771f
20005878:	f7a55e04 	.word	0xf7a55e04
2000587c:	f39eea82 	.word	0xf39eea82
20005880:	27ce37bc 	.word	0x27ce37bc
20005884:	28f2428f 	.word	0x28f2428f
20005888:	989304a6 	.word	0x989304a6
2000588c:	db4ade0f 	.word	0xdb4ade0f
20005890:	fa441766 	.word	0xfa441766
20005894:	17062614 	.word	0x17062614
20005898:	4e2b41e8 	.word	0x4e2b41e8
2000589c:	797a176e 	.word	0x797a176e
200058a0:	e32e3934 	.word	0xe32e3934
200058a4:	6d8e07b8 	.word	0x6d8e07b8
200058a8:	1e1a531f 	.word	0x1e1a531f
200058ac:	96473c50 	.word	0x96473c50
200058b0:	e8b28100 	.word	0xe8b28100
200058b4:	d1981877 	.word	0xd1981877
200058b8:	f64112af 	.word	0xf64112af
200058bc:	a60ef6c6 	.word	0xa60ef6c6
200058c0:	38de7b30 	.word	0x38de7b30
200058c4:	d651803e 	.word	0xd651803e
200058c8:	4ad683b7 	.word	0x4ad683b7
200058cc:	c63818b6 	.word	0xc63818b6
200058d0:	a9f6e0c1 	.word	0xa9f6e0c1
200058d4:	0ad43e54 	.word	0x0ad43e54
200058d8:	d9e5c5ce 	.word	0xd9e5c5ce
200058dc:	162f2197 	.word	0x162f2197
200058e0:	54ffd0f1 	.word	0x54ffd0f1
200058e4:	11474f26 	.word	0x11474f26
200058e8:	d9acf33c 	.word	0xd9acf33c
200058ec:	a4317798 	.word	0xa4317798
200058f0:	0838dfaf 	.word	0x0838dfaf
200058f4:	1fec6481 	.word	0x1fec6481
200058f8:	564c29c2 	.word	0x564c29c2
200058fc:	ed0618fa 	.word	0xed0618fa
20005900:	16651826 	.word	0x16651826
20005904:	7f3d132b 	.word	0x7f3d132b
20005908:	620617cd 	.word	0x620617cd
2000590c:	ae63467f 	.word	0xae63467f
20005910:	23c21124 	.word	0x23c21124
20005914:	5a464f8e 	.word	0x5a464f8e
20005918:	ee2f0185 	.word	0xee2f0185
2000591c:	061b2402 	.word	0x061b2402
20005920:	0190f11f 	.word	0x0190f11f
20005924:	e86f6616 	.word	0xe86f6616
20005928:	d52fba02 	.word	0xd52fba02
2000592c:	202fb0b7 	.word	0x202fb0b7
20005930:	9e2f1fce 	.word	0x9e2f1fce
20005934:	146b7310 	.word	0x146b7310
20005938:	2e2c08ff 	.word	0x2e2c08ff
2000593c:	e0283c16 	.word	0xe0283c16
20005940:	dc0e6ae6 	.word	0xdc0e6ae6
20005944:	615e8a30 	.word	0x615e8a30
20005948:	a38c06f0 	.word	0xa38c06f0
2000594c:	10bc3cff 	.word	0x10bc3cff
20005950:	012f1cd8 	.word	0x012f1cd8
20005954:	0713363b 	.word	0x0713363b
20005958:	040300c0 	.word	0x040300c0
2000595c:	6c120c5f 	.word	0x6c120c5f
20005960:	8eaebfca 	.word	0x8eaebfca
20005964:	15130078 	.word	0x15130078
20005968:	bf9c2a67 	.word	0xbf9c2a67
2000596c:	5a000302 	.word	0x5a000302
20005970:	6fadd09f 	.word	0x6fadd09f
20005974:	2a1906a8 	.word	0x2a1906a8
20005978:	8f26f0e6 	.word	0x8f26f0e6
2000597c:	17af10ec 	.word	0x17af10ec
20005980:	c68649f8 	.word	0xc68649f8
20005984:	fffac71d 	.word	0xfffac71d
20005988:	d324c6ff 	.word	0xd324c6ff
2000598c:	1846b7b7 	.word	0x1846b7b7
20005990:	2718b6b7 	.word	0x2718b6b7
20005994:	00aefcf6 	.word	0x00aefcf6
20005998:	67320220 	.word	0x67320220
2000599c:	4316271e 	.word	0x4316271e
200059a0:	f202b892 	.word	0xf202b892
200059a4:	b8530001 	.word	0xb8530001
200059a8:	e865402a 	.word	0xe865402a
200059ac:	2f2e4317 	.word	0x2f2e4317
200059b0:	2fa682e4 	.word	0x2fa682e4
200059b4:	2157d81a 	.word	0x2157d81a
200059b8:	b447774f 	.word	0xb447774f
200059bc:	124a6410 	.word	0x124a6410
200059c0:	0624860f 	.word	0x0624860f
200059c4:	0e418e01 	.word	0x0e418e01
200059c8:	3603425f 	.word	0x3603425f
200059cc:	92ae8a30 	.word	0x92ae8a30
200059d0:	0644102b 	.word	0x0644102b
200059d4:	5e214fd4 	.word	0x5e214fd4
200059d8:	fd00838f 	.word	0xfd00838f
200059dc:	1f941827 	.word	0x1f941827
200059e0:	10b88733 	.word	0x10b88733
200059e4:	db5baec0 	.word	0xdb5baec0
200059e8:	aca4a6b6 	.word	0xaca4a6b6
200059ec:	80109415 	.word	0x80109415
200059f0:	12307132 	.word	0x12307132
200059f4:	cc84df27 	.word	0xcc84df27
200059f8:	17578237 	.word	0x17578237
200059fc:	2fa1014f 	.word	0x2fa1014f
20005a00:	0e0e8594 	.word	0x0e0e8594
20005a04:	192fd04a 	.word	0x192fd04a
20005a08:	c6813f25 	.word	0xc6813f25
20005a0c:	f08f3878 	.word	0xf08f3878
20005a10:	064f8f10 	.word	0x064f8f10
20005a14:	08d70497 	.word	0x08d70497
20005a18:	2e1ec2c8 	.word	0x2e1ec2c8
20005a1c:	7e0d97f7 	.word	0x7e0d97f7
20005a20:	87af56ef 	.word	0x87af56ef
20005a24:	0e02089a 	.word	0x0e02089a
20005a28:	466eb443 	.word	0x466eb443
20005a2c:	daae2211 	.word	0xdaae2211
20005a30:	828ec2b6 	.word	0x828ec2b6
20005a34:	52691fba 	.word	0x52691fba
20005a38:	ae1e429e 	.word	0xae1e429e
20005a3c:	0fe65fe0 	.word	0x0fe65fe0
20005a40:	8ed076c7 	.word	0x8ed076c7
20005a44:	b8599fae 	.word	0xb8599fae
20005a48:	17cf678e 	.word	0x17cf678e
20005a4c:	bee77326 	.word	0xbee77326
20005a50:	3502e068 	.word	0x3502e068
20005a54:	d7f30366 	.word	0xd7f30366
20005a58:	d7fa4120 	.word	0xd7fa4120
20005a5c:	0a1921b7 	.word	0x0a1921b7
20005a60:	99200c7d 	.word	0x99200c7d
20005a64:	2050ce1c 	.word	0x2050ce1c
20005a68:	c280afbd 	.word	0xc280afbd
20005a6c:	cf1f0630 	.word	0xcf1f0630
20005a70:	4c031668 	.word	0x4c031668
20005a74:	4066d086 	.word	0x4066d086
20005a78:	240a77ee 	.word	0x240a77ee
20005a7c:	a2b72780 	.word	0xa2b72780
20005a80:	fff005e6 	.word	0xfff005e6
20005a84:	c60226e2 	.word	0xc60226e2
20005a88:	20fde705 	.word	0x20fde705
20005a8c:	e3582111 	.word	0xe3582111
20005a90:	ad6912f0 	.word	0xad6912f0
20005a94:	f9f08e25 	.word	0xf9f08e25
20005a98:	9e256aff 	.word	0x9e256aff
20005a9c:	4724a561 	.word	0x4724a561
20005aa0:	0b7804b6 	.word	0x0b7804b6
20005aa4:	d0fff146 	.word	0xd0fff146
20005aa8:	d6cf1503 	.word	0xd6cf1503
20005aac:	27e68a89 	.word	0x27e68a89
20005ab0:	0a574a90 	.word	0x0a574a90
20005ab4:	96af5680 	.word	0x96af5680
20005ab8:	26d67bc0 	.word	0x26d67bc0
20005abc:	ce9e5300 	.word	0xce9e5300
20005ac0:	9f97b842 	.word	0x9f97b842
20005ac4:	9cee5c48 	.word	0x9cee5c48
20005ac8:	14bb3603 	.word	0x14bb3603
20005acc:	c042f6e6 	.word	0xc042f6e6
20005ad0:	38812f9f 	.word	0x38812f9f
20005ad4:	df8d736b 	.word	0xdf8d736b
20005ad8:	41118038 	.word	0x41118038
20005adc:	de2a7791 	.word	0xde2a7791
20005ae0:	e9def3e7 	.word	0xe9def3e7
20005ae4:	14c8d6b4 	.word	0x14c8d6b4
20005ae8:	f626141e 	.word	0xf626141e
20005aec:	c60c0281 	.word	0xc60c0281
20005af0:	74f64301 	.word	0x74f64301
20005af4:	6169a25e 	.word	0x6169a25e
20005af8:	e276bd67 	.word	0xe276bd67
20005afc:	be3b8f26 	.word	0xbe3b8f26
20005b00:	9d6540de 	.word	0x9d6540de
20005b04:	4c5d0bf6 	.word	0x4c5d0bf6
20005b08:	7f10bc86 	.word	0x7f10bc86
20005b0c:	4e70766f 	.word	0x4e70766f
20005b10:	05a6be0e 	.word	0x05a6be0e
20005b14:	a2cb77de 	.word	0xa2cb77de
20005b18:	46782e03 	.word	0x46782e03
20005b1c:	ff0733ac 	.word	0xff0733ac
20005b20:	26f7469b 	.word	0x26f7469b
20005b24:	3e5f0660 	.word	0x3e5f0660
20005b28:	16eaffdd 	.word	0x16eaffdd
20005b2c:	94164630 	.word	0x94164630
20005b30:	06cb767b 	.word	0x06cb767b
20005b34:	05a1e60b 	.word	0x05a1e60b
20005b38:	2a04fe8b 	.word	0x2a04fe8b
20005b3c:	17e6ada5 	.word	0x17e6ada5
20005b40:	00bc9d26 	.word	0x00bc9d26
20005b44:	06c34f0c 	.word	0x06c34f0c
20005b48:	aa77d72f 	.word	0xaa77d72f
20005b4c:	c40f0400 	.word	0xc40f0400
20005b50:	a82b70b4 	.word	0xa82b70b4
20005b54:	c794bb6e 	.word	0xc794bb6e
20005b58:	b58b268a 	.word	0xb58b268a
20005b5c:	8ff28e77 	.word	0x8ff28e77
20005b60:	4e8a6fa0 	.word	0x4e8a6fa0
20005b64:	8a17568f 	.word	0x8a17568f
20005b68:	0f50be3e 	.word	0x0f50be3e
20005b6c:	2c6e2cec 	.word	0x2c6e2cec
20005b70:	23a6b66d 	.word	0x23a6b66d
20005b74:	c37627a6 	.word	0xc37627a6
20005b78:	26de2417 	.word	0x26de2417
20005b7c:	36d01186 	.word	0x36d01186
20005b80:	e2068ea6 	.word	0xe2068ea6
20005b84:	c202a020 	.word	0xc202a020
20005b88:	8e6e3a77 	.word	0x8e6e3a77
20005b8c:	1611dca7 	.word	0x1611dca7
20005b90:	5f86724e 	.word	0x5f86724e
20005b94:	ffeef6d6 	.word	0xffeef6d6
20005b98:	70571717 	.word	0x70571717
20005b9c:	568ea827 	.word	0x568ea827
20005ba0:	a2507fa7 	.word	0xa2507fa7
20005ba4:	0f661710 	.word	0x0f661710
20005ba8:	4608213c 	.word	0x4608213c
20005bac:	6825c638 	.word	0x6825c638
20005bb0:	ce2b4e60 	.word	0xce2b4e60
20005bb4:	efa12828 	.word	0xefa12828
20005bb8:	70154650 	.word	0x70154650
20005bbc:	b6db16ee 	.word	0xb6db16ee
20005bc0:	4526a060 	.word	0x4526a060
20005bc4:	82b58f58 	.word	0x82b58f58
20005bc8:	5be7b38d 	.word	0x5be7b38d
20005bcc:	01e061de 	.word	0x01e061de
20005bd0:	1803e6e3 	.word	0x1803e6e3
20005bd4:	0b06e82e 	.word	0x0b06e82e
20005bd8:	be6a2f96 	.word	0xbe6a2f96
20005bdc:	8cbe1575 	.word	0x8cbe1575
20005be0:	25ce767d 	.word	0x25ce767d
20005be4:	fff0e7df 	.word	0xfff0e7df
20005be8:	121015d6 	.word	0x121015d6
20005bec:	de263f96 	.word	0xde263f96
20005bf0:	06bf240e 	.word	0x06bf240e
20005bf4:	7978a63d 	.word	0x7978a63d
20005bf8:	a6be7e2a 	.word	0xa6be7e2a
20005bfc:	ef36049f 	.word	0xef36049f
20005c00:	b3e028b7 	.word	0xb3e028b7
20005c04:	3b0c9701 	.word	0x3b0c9701
20005c08:	fff77786 	.word	0xfff77786
20005c0c:	adbb968e 	.word	0xadbb968e
20005c10:	360eae8e 	.word	0x360eae8e
20005c14:	4a8e6ebc 	.word	0x4a8e6ebc
20005c18:	3f6e9c70 	.word	0x3f6e9c70
20005c1c:	36e78354 	.word	0x36e78354
20005c20:	74c01f44 	.word	0x74c01f44
20005c24:	00ef60d6 	.word	0x00ef60d6
20005c28:	f621b6f0 	.word	0xf621b6f0
20005c2c:	5f168f86 	.word	0x5f168f86
20005c30:	b7b80821 	.word	0xb7b80821
20005c34:	c37ef4b4 	.word	0xc37ef4b4
20005c38:	02406577 	.word	0x02406577
20005c3c:	b87753af 	.word	0xb87753af
20005c40:	160010fc 	.word	0x160010fc
20005c44:	1e04bd7f 	.word	0x1e04bd7f
20005c48:	0f4b4099 	.word	0x0f4b4099
20005c4c:	588150a7 	.word	0x588150a7
20005c50:	6fbd59bf 	.word	0x6fbd59bf
20005c54:	2fa6e9a9 	.word	0x2fa6e9a9
20005c58:	3d877910 	.word	0x3d877910
20005c5c:	9b00d9e5 	.word	0x9b00d9e5
20005c60:	e71e1b87 	.word	0xe71e1b87
20005c64:	22060ce0 	.word	0x22060ce0
20005c68:	1eb01a5e 	.word	0x1eb01a5e
20005c6c:	46888fb7 	.word	0x46888fb7
20005c70:	221f446d 	.word	0x221f446d
20005c74:	48e0ff6e 	.word	0x48e0ff6e
20005c78:	086f1f4e 	.word	0x086f1f4e
20005c7c:	6a096e86 	.word	0x6a096e86
20005c80:	000e5b17 	.word	0x000e5b17
20005c84:	b5d76110 	.word	0xb5d76110
20005c88:	98772f04 	.word	0x98772f04
20005c8c:	d6bcaf0e 	.word	0xd6bcaf0e
20005c90:	b80ebbbc 	.word	0xb80ebbbc
20005c94:	b7e001e1 	.word	0xb7e001e1
20005c98:	d85f2621 	.word	0xd85f2621
20005c9c:	ef10e41e 	.word	0xef10e41e
20005ca0:	0edeac60 	.word	0x0edeac60
20005ca4:	221e78e8 	.word	0x221e78e8
20005ca8:	d7afdcd8 	.word	0xd7afdcd8
20005cac:	ed094bae 	.word	0xed094bae
20005cb0:	d4a2c0bf 	.word	0xd4a2c0bf
20005cb4:	8f5a1c97 	.word	0x8f5a1c97
20005cb8:	8c63de2c 	.word	0x8c63de2c
20005cbc:	066d866b 	.word	0x066d866b
20005cc0:	6b493063 	.word	0x6b493063
20005cc4:	32267a26 	.word	0x32267a26
20005cc8:	284fb667 	.word	0x284fb667
20005ccc:	df239011 	.word	0xdf239011
20005cd0:	2fac167b 	.word	0x2fac167b
20005cd4:	e16c4ca3 	.word	0xe16c4ca3
20005cd8:	7796dcc6 	.word	0x7796dcc6
20005cdc:	faa4f2aa 	.word	0xfaa4f2aa
20005ce0:	beb40a3f 	.word	0xbeb40a3f
20005ce4:	1ebd5e23 	.word	0x1ebd5e23
20005ce8:	6b2f85ac 	.word	0x6b2f85ac
20005cec:	2e1ebbae 	.word	0x2e1ebbae
20005cf0:	93f8a717 	.word	0x93f8a717
20005cf4:	96ee113c 	.word	0x96ee113c
20005cf8:	0f2c1664 	.word	0x0f2c1664
20005cfc:	519a9fe8 	.word	0x519a9fe8
20005d00:	dbfcd798 	.word	0xdbfcd798
20005d04:	278b3f34 	.word	0x278b3f34
20005d08:	51ae1e3c 	.word	0x51ae1e3c
20005d0c:	03570b27 	.word	0x03570b27
20005d10:	6be9918c 	.word	0x6be9918c
20005d14:	d6270306 	.word	0xd6270306
20005d18:	80864e4f 	.word	0x80864e4f
20005d1c:	36a72eff 	.word	0x36a72eff
20005d20:	27666631 	.word	0x27666631
20005d24:	9f0baa68 	.word	0x9f0baa68
20005d28:	832f07c0 	.word	0x832f07c0
20005d2c:	361bc615 	.word	0x361bc615
20005d30:	9326c937 	.word	0x9326c937
20005d34:	23ab5f10 	.word	0x23ab5f10
20005d38:	48806e16 	.word	0x48806e16
20005d3c:	be3f06e9 	.word	0xbe3f06e9
20005d40:	af028930 	.word	0xaf028930
20005d44:	ef5c3e30 	.word	0xef5c3e30
20005d48:	218cccfc 	.word	0x218cccfc
20005d4c:	7e6ec540 	.word	0x7e6ec540
20005d50:	df0109d7 	.word	0xdf0109d7
20005d54:	0e0e3080 	.word	0x0e0e3080
20005d58:	eebec6ce 	.word	0xeebec6ce
20005d5c:	707693eb 	.word	0x707693eb
20005d60:	2af4acc0 	.word	0x2af4acc0
20005d64:	9412f00e 	.word	0x9412f00e
20005d68:	aeb820df 	.word	0xaeb820df
20005d6c:	d88affe6 	.word	0xd88affe6
20005d70:	e7852fc3 	.word	0xe7852fc3
20005d74:	3a010f1e 	.word	0x3a010f1e
20005d78:	a302907f 	.word	0xa302907f
20005d7c:	4e701047 	.word	0x4e701047
20005d80:	d5c0cf6b 	.word	0xd5c0cf6b
20005d84:	e2e4e0fd 	.word	0xe2e4e0fd
20005d88:	0f1e38d6 	.word	0x0f1e38d6
20005d8c:	721a24d6 	.word	0x721a24d6
20005d90:	ecaf3def 	.word	0xecaf3def
20005d94:	e721a61e 	.word	0xe721a61e
20005d98:	e8af0e68 	.word	0xe8af0e68
20005d9c:	91d70e44 	.word	0x91d70e44
20005da0:	f7792e1c 	.word	0xf7792e1c
20005da4:	178ffe01 	.word	0x178ffe01
20005da8:	060a0f3c 	.word	0x060a0f3c
20005dac:	02360832 	.word	0x02360832
20005db0:	26248a2e 	.word	0x26248a2e
20005db4:	107802fa 	.word	0x107802fa
20005db8:	274fae42 	.word	0x274fae42
20005dbc:	f43c16ff 	.word	0xf43c16ff
20005dc0:	b826e2ab 	.word	0xb826e2ab
20005dc4:	ae30e007 	.word	0xae30e007
20005dc8:	b046371c 	.word	0xb046371c
20005dcc:	2681d007 	.word	0x2681d007
20005dd0:	a3a07fa5 	.word	0xa3a07fa5
20005dd4:	1e166c25 	.word	0x1e166c25
20005dd8:	a0f03e23 	.word	0xa0f03e23
20005ddc:	9f911500 	.word	0x9f911500
20005de0:	a03f8d08 	.word	0xa03f8d08
20005de4:	17b8e625 	.word	0x17b8e625
20005de8:	32738816 	.word	0x32738816
20005dec:	12561e13 	.word	0x12561e13
20005df0:	520b2e9e 	.word	0x520b2e9e
20005df4:	02812415 	.word	0x02812415
20005df8:	150ccf87 	.word	0x150ccf87
20005dfc:	041cff62 	.word	0x041cff62
20005e00:	134e15a3 	.word	0x134e15a3
20005e04:	f5746706 	.word	0xf5746706
20005e08:	c01f93e7 	.word	0xc01f93e7
20005e0c:	44783f45 	.word	0x44783f45
20005e10:	c60fc7a3 	.word	0xc60fc7a3
20005e14:	5738a350 	.word	0x5738a350
20005e18:	1f254696 	.word	0x1f254696
20005e1c:	6f10747f 	.word	0x6f10747f
20005e20:	0308fd8e 	.word	0x0308fd8e
20005e24:	01e2706f 	.word	0x01e2706f
20005e28:	41ce0cc6 	.word	0x41ce0cc6
20005e2c:	0de8870d 	.word	0x0de8870d
20005e30:	a9703057 	.word	0xa9703057
20005e34:	850fc29e 	.word	0x850fc29e
20005e38:	ac440a20 	.word	0xac440a20
20005e3c:	20002616 	.word	0x20002616
20005e40:	26965ae6 	.word	0x26965ae6
20005e44:	026e848e 	.word	0x026e848e
20005e48:	762d5ff0 	.word	0x762d5ff0
20005e4c:	d76b24c7 	.word	0xd76b24c7
20005e50:	ee08a3d0 	.word	0xee08a3d0
20005e54:	f60ac6a7 	.word	0xf60ac6a7
20005e58:	bf171354 	.word	0xbf171354
20005e5c:	8c58106c 	.word	0x8c58106c
20005e60:	5415c840 	.word	0x5415c840
20005e64:	34c8c221 	.word	0x34c8c221
20005e68:	8e0bd660 	.word	0x8e0bd660
20005e6c:	4201c100 	.word	0x4201c100
20005e70:	19c8c03a 	.word	0x19c8c03a
20005e74:	2705e6ed 	.word	0x2705e6ed
20005e78:	e30706a0 	.word	0xe30706a0
20005e7c:	f6aa06fe 	.word	0xf6aa06fe
20005e80:	2407ddf1 	.word	0x2407ddf1
20005e84:	26569b27 	.word	0x26569b27
20005e88:	2efe1215 	.word	0x2efe1215
20005e8c:	001420c0 	.word	0x001420c0
20005e90:	722f8d80 	.word	0x722f8d80
20005e94:	263e2802 	.word	0x263e2802
20005e98:	8f0d0184 	.word	0x8f0d0184
20005e9c:	2e3cb419 	.word	0x2e3cb419
20005ea0:	43060618 	.word	0x43060618
20005ea4:	39a32e76 	.word	0x39a32e76
20005ea8:	175b1e05 	.word	0x175b1e05
20005eac:	82a07016 	.word	0x82a07016
20005eb0:	34e02601 	.word	0x34e02601
20005eb4:	f6c0da8e 	.word	0xf6c0da8e
20005eb8:	cc43ee24 	.word	0xcc43ee24
20005ebc:	c2198e43 	.word	0xc2198e43
20005ec0:	076d2567 	.word	0x076d2567
20005ec4:	1e3725ce 	.word	0x1e3725ce
20005ec8:	e021170e 	.word	0xe021170e
20005ecc:	5b028da0 	.word	0x5b028da0
20005ed0:	df0d4726 	.word	0xdf0d4726
20005ed4:	4396c869 	.word	0x4396c869
20005ed8:	d15aa8be 	.word	0xd15aa8be
20005edc:	9e91adfe 	.word	0x9e91adfe
20005ee0:	0d0fa980 	.word	0x0d0fa980
20005ee4:	03b92076 	.word	0x03b92076
20005ee8:	d76e3467 	.word	0xd76e3467
20005eec:	4c4fea01 	.word	0x4c4fea01
20005ef0:	add46f0e 	.word	0xadd46f0e
20005ef4:	e5661f25 	.word	0xe5661f25
20005ef8:	15a2ffef 	.word	0x15a2ffef
20005efc:	4cc727f6 	.word	0x4cc727f6
20005f00:	a113a7f1 	.word	0xa113a7f1
20005f04:	0c117605 	.word	0x0c117605
20005f08:	3463c697 	.word	0x3463c697
20005f0c:	02d2b057 	.word	0x02d2b057
20005f10:	01fe432b 	.word	0x01fe432b
20005f14:	3c14f77f 	.word	0x3c14f77f
20005f18:	821064e1 	.word	0x821064e1
20005f1c:	16ba9770 	.word	0x16ba9770
20005f20:	60205726 	.word	0x60205726
20005f24:	3f61173b 	.word	0x3f61173b
20005f28:	b00001c8 	.word	0xb00001c8
20005f2c:	0190fa1f 	.word	0x0190fa1f
20005f30:	1f030441 	.word	0x1f030441
20005f34:	0200073e 	.word	0x0200073e
20005f38:	9e4d6f69 	.word	0x9e4d6f69
20005f3c:	6f08b124 	.word	0x6f08b124
20005f40:	a5464661 	.word	0xa5464661
20005f44:	024ee902 	.word	0x024ee902
20005f48:	c68315b7 	.word	0xc68315b7
20005f4c:	0a2fdd08 	.word	0x0a2fdd08
20005f50:	3f555782 	.word	0x3f555782
20005f54:	60017cfc 	.word	0x60017cfc
20005f58:	ef190418 	.word	0xef190418
20005f5c:	0047677b 	.word	0x0047677b
20005f60:	289e10da 	.word	0x289e10da
20005f64:	6b682f25 	.word	0x6b682f25
20005f68:	4fbb02ae 	.word	0x4fbb02ae
20005f6c:	b068af27 	.word	0xb068af27
20005f70:	b382c2ae 	.word	0xb382c2ae
20005f74:	1c82451e 	.word	0x1c82451e
20005f78:	a4f68704 	.word	0xa4f68704
20005f7c:	190c4e2c 	.word	0x190c4e2c
20005f80:	261ec312 	.word	0x261ec312
20005f84:	99ae6063 	.word	0x99ae6063
20005f88:	03b91f90 	.word	0x03b91f90
20005f8c:	33b14b3f 	.word	0x33b14b3f
20005f90:	c820041f 	.word	0xc820041f
20005f94:	3205c81b 	.word	0x3205c81b
20005f98:	0c06321a 	.word	0x0c06321a
20005f9c:	9c078c19 	.word	0x9c078c19
20005fa0:	97404421 	.word	0x97404421
20005fa4:	6fe143c4 	.word	0x6fe143c4
20005fa8:	e02e23b8 	.word	0xe02e23b8
20005fac:	01561c0e 	.word	0x01561c0e
20005fb0:	16b00ea9 	.word	0x16b00ea9
20005fb4:	362c6cae 	.word	0x362c6cae
20005fb8:	3ccb4e18 	.word	0x3ccb4e18
20005fbc:	2f6e454e 	.word	0x2f6e454e
20005fc0:	1e302360 	.word	0x1e302360
20005fc4:	18102730 	.word	0x18102730
20005fc8:	2eb86c9f 	.word	0x2eb86c9f
20005fcc:	7c390614 	.word	0x7c390614
20005fd0:	628404e6 	.word	0x628404e6
20005fd4:	bc37565b 	.word	0xbc37565b
20005fd8:	15e2ff61 	.word	0x15e2ff61
20005fdc:	8d0fc209 	.word	0x8d0fc209
20005fe0:	af56b8c6 	.word	0xaf56b8c6
20005fe4:	525904af 	.word	0x525904af
20005fe8:	5736b92f 	.word	0x5736b92f
20005fec:	04008ce6 	.word	0x04008ce6
20005ff0:	807f5f7b 	.word	0x807f5f7b
20005ff4:	b6afce99 	.word	0xb6afce99
20005ff8:	d61216c9 	.word	0xd61216c9
20005ffc:	46106e7b 	.word	0x46106e7b
20006000:	d78d24ce 	.word	0xd78d24ce
20006004:	8400d154 	.word	0x8400d154
20006008:	0ebeda77 	.word	0x0ebeda77
2000600c:	0daea816 	.word	0x0daea816
20006010:	9045587e 	.word	0x9045587e
20006014:	405f8b1c 	.word	0x405f8b1c
20006018:	fd52f667 	.word	0xfd52f667
2000601c:	aefffa0e 	.word	0xaefffa0e
20006020:	c837c315 	.word	0xc837c315
20006024:	94dfc8cf 	.word	0x94dfc8cf
20006028:	0fe64e07 	.word	0x0fe64e07
2000602c:	1a427774 	.word	0x1a427774
20006030:	56f73686 	.word	0x56f73686
20006034:	a1b709f1 	.word	0xa1b709f1
20006038:	042fc854 	.word	0x042fc854
2000603c:	5a0f31f7 	.word	0x5a0f31f7
20006040:	0b8fb027 	.word	0x0b8fb027
20006044:	01fc16e0 	.word	0x01fc16e0
20006048:	4a0d66e8 	.word	0x4a0d66e8
2000604c:	9f814977 	.word	0x9f814977
20006050:	540329d2 	.word	0x540329d2
20006054:	afff8177 	.word	0xafff8177
20006058:	148700b4 	.word	0x148700b4
2000605c:	44202bf0 	.word	0x44202bf0
20006060:	b597ab00 	.word	0xb597ab00
20006064:	e6818f07 	.word	0xe6818f07
20006068:	85d28f0f 	.word	0x85d28f0f
2000606c:	a6c6c2df 	.word	0xa6c6c2df
20006070:	bf8bb127 	.word	0xbf8bb127
20006074:	09362f44 	.word	0x09362f44
20006078:	27102d6f 	.word	0x27102d6f
2000607c:	51872e62 	.word	0x51872e62
20006080:	5fc40237 	.word	0x5fc40237
20006084:	2bffff39 	.word	0x2bffff39
20006088:	5fc49e4e 	.word	0x5fc49e4e
2000608c:	d800f032 	.word	0xd800f032
20006090:	10a6bf20 	.word	0x10a6bf20
20006094:	6cba1f08 	.word	0x6cba1f08
20006098:	6012ef2d 	.word	0x6012ef2d
2000609c:	c70ade69 	.word	0xc70ade69
200060a0:	268edb96 	.word	0x268edb96
200060a4:	ae65ae80 	.word	0xae65ae80
200060a8:	07b81e58 	.word	0x07b81e58
200060ac:	04d5b71f 	.word	0x04d5b71f
200060b0:	3f4b5f00 	.word	0x3f4b5f00
200060b4:	6ffb9082 	.word	0x6ffb9082
200060b8:	0c3f0055 	.word	0x0c3f0055
200060bc:	21e59508 	.word	0x21e59508
200060c0:	09354ba8 	.word	0x09354ba8
200060c4:	32203ee2 	.word	0x32203ee2
200060c8:	321f0c47 	.word	0x321f0c47
200060cc:	02ae66af 	.word	0x02ae66af
200060d0:	37070217 	.word	0x37070217
200060d4:	53a2864f 	.word	0x53a2864f
200060d8:	06960ec4 	.word	0x06960ec4
200060dc:	69461fe7 	.word	0x69461fe7
200060e0:	0226151e 	.word	0x0226151e
200060e4:	03931454 	.word	0x03931454
200060e8:	9549132a 	.word	0x9549132a
200060ec:	ca241204 	.word	0xca241204
200060f0:	67119205 	.word	0x67119205
200060f4:	2f270106 	.word	0x2f270106
200060f8:	5f1c0eb0 	.word	0x5f1c0eb0
200060fc:	6716145c 	.word	0x6716145c
20006100:	1063afa8 	.word	0x1063afa8
20006104:	08e08783 	.word	0x08e08783
20006108:	af76da3c 	.word	0xaf76da3c
2000610c:	41609fd7 	.word	0x41609fd7
20006110:	2f612e2a 	.word	0x2f612e2a
20006114:	601e2773 	.word	0x601e2773
20006118:	66e02508 	.word	0x66e02508
2000611c:	19f718a1 	.word	0x19f718a1
20006120:	0297d3af 	.word	0x0297d3af
20006124:	e7140fc2 	.word	0xe7140fc2
20006128:	621070f0 	.word	0x621070f0
2000612c:	bfa7673c 	.word	0xbfa7673c
20006130:	0e9ec5a9 	.word	0x0e9ec5a9
20006134:	7d94ac1e 	.word	0x7d94ac1e
20006138:	371c44b7 	.word	0x371c44b7
2000613c:	b0c6e001 	.word	0xb0c6e001
20006140:	e8144486 	.word	0xe8144486
20006144:	78010097 	.word	0x78010097
20006148:	18a68c66 	.word	0x18a68c66
2000614c:	b5cf51af 	.word	0xb5cf51af
20006150:	ae15fea7 	.word	0xae15fea7
20006154:	550000e2 	.word	0x550000e2
20006158:	c79558cf 	.word	0xc79558cf
2000615c:	575406d4 	.word	0x575406d4
20006160:	68c704d1 	.word	0x68c704d1
20006164:	0092bfdd 	.word	0x0092bfdd
20006168:	ff402980 	.word	0xff402980
2000616c:	1fa23dc8 	.word	0x1fa23dc8
20006170:	6c7f4311 	.word	0x6c7f4311
20006174:	6c1fa602 	.word	0x6c1fa602
20006178:	3f4bef03 	.word	0x3f4bef03
2000617c:	ff92ff43 	.word	0xff92ff43
20006180:	6fa63ed1 	.word	0x6fa63ed1
20006184:	4210781e 	.word	0x4210781e
20006188:	13123fc7 	.word	0x13123fc7
2000618c:	f442df2a 	.word	0xf442df2a
20006190:	632f432e 	.word	0x632f432e
20006194:	224fffb1 	.word	0x224fffb1
20006198:	3e3c4767 	.word	0x3e3c4767
2000619c:	5cf67c10 	.word	0x5cf67c10
200061a0:	c75cc742 	.word	0xc75cc742
200061a4:	ae4026db 	.word	0xae4026db
200061a8:	dd57a037 	.word	0xdd57a037
200061ac:	de0fcf4e 	.word	0xde0fcf4e
200061b0:	c04f0200 	.word	0xc04f0200
200061b4:	37eadbff 	.word	0x37eadbff
200061b8:	096e56bd 	.word	0x096e56bd
200061bc:	3d173edc 	.word	0x3d173edc
200061c0:	7b1151ff 	.word	0x7b1151ff
200061c4:	72c676c6 	.word	0x72c676c6
200061c8:	31709726 	.word	0x31709726
200061cc:	a6645146 	.word	0xa6645146
200061d0:	b40e85dd 	.word	0xb40e85dd
200061d4:	4324038e 	.word	0x4324038e
200061d8:	3f6cb927 	.word	0x3f6cb927
200061dc:	7f168623 	.word	0x7f168623
200061e0:	62fdd9f1 	.word	0x62fdd9f1
200061e4:	0d1fc214 	.word	0x0d1fc214
200061e8:	c75539a7 	.word	0xc75539a7
200061ec:	5a2768c3 	.word	0x5a2768c3
200061f0:	1ebede8a 	.word	0x1ebede8a
200061f4:	e5271cae 	.word	0xe5271cae
200061f8:	238e1c4f 	.word	0x238e1c4f
200061fc:	b70e1d26 	.word	0xb70e1d26
20006200:	884f26b0 	.word	0x884f26b0
20006204:	c60386a8 	.word	0xc60386a8
20006208:	c2ff44aa 	.word	0xc2ff44aa
2000620c:	54440e1f 	.word	0x54440e1f
20006210:	7f1661ef 	.word	0x7f1661ef
20006214:	ff3957c0 	.word	0xff3957c0
20006218:	2c3716ff 	.word	0x2c3716ff
2000621c:	84621722 	.word	0x84621722
20006220:	15147a7c 	.word	0x15147a7c
20006224:	9f8d047e 	.word	0x9f8d047e
20006228:	37466718 	.word	0x37466718
2000622c:	d6beb6c0 	.word	0xd6beb6c0
20006230:	c782e4d1 	.word	0xc782e4d1
20006234:	a31e2808 	.word	0xa31e2808
20006238:	b6288f1c 	.word	0xb6288f1c
2000623c:	67008356 	.word	0x67008356
20006240:	09e42019 	.word	0x09e42019
20006244:	3efd9af0 	.word	0x3efd9af0
20006248:	4037282f 	.word	0x4037282f
2000624c:	f1f7c012 	.word	0xf1f7c012
20006250:	b8ffc9ae 	.word	0xb8ffc9ae
20006254:	b24fc327 	.word	0xb24fc327
20006258:	8f37fff5 	.word	0x8f37fff5
2000625c:	97c0435e 	.word	0x97c0435e
20006260:	431f6a0d 	.word	0x431f6a0d
20006264:	e797ff38 	.word	0xe797ff38
20006268:	f0be2618 	.word	0xf0be2618
2000626c:	aeae2307 	.word	0xaeae2307
20006270:	fe78bee0 	.word	0xfe78bee0
20006274:	420fb051 	.word	0x420fb051
20006278:	07320217 	.word	0x07320217
2000627c:	f6905e7d 	.word	0xf6905e7d
20006280:	89374120 	.word	0x89374120
20006284:	e2481f58 	.word	0xe2481f58
20006288:	374a3006 	.word	0x374a3006
2000628c:	8ef3b975 	.word	0x8ef3b975
20006290:	eb27d087 	.word	0xeb27d087
20006294:	87c001d0 	.word	0x87c001d0
20006298:	4f368f06 	.word	0x4f368f06
2000629c:	2f30b717 	.word	0x2f30b717
200062a0:	dee8d0c0 	.word	0xdee8d0c0
200062a4:	f3afb530 	.word	0xf3afb530
200062a8:	7621cf90 	.word	0x7621cf90
200062ac:	b1001cf0 	.word	0xb1001cf0
200062b0:	649a4721 	.word	0x649a4721
200062b4:	6d76b5b4 	.word	0x6d76b5b4
200062b8:	b256afb3 	.word	0xb256afb3
200062bc:	94af3900 	.word	0x94af3900
200062c0:	8856ad4e 	.word	0x8856ad4e
200062c4:	18ef0280 	.word	0x18ef0280
200062c8:	12d7be2c 	.word	0x12d7be2c
200062cc:	9fad223c 	.word	0x9fad223c
200062d0:	6e1326a9 	.word	0x6e1326a9
200062d4:	2414ff5e 	.word	0x2414ff5e
200062d8:	2610099c 	.word	0x2610099c
200062dc:	31c287ac 	.word	0x31c287ac
200062e0:	c78b5826 	.word	0xc78b5826
200062e4:	450a28f1 	.word	0x450a28f1
200062e8:	df21a68e 	.word	0xdf21a68e
200062ec:	14a05518 	.word	0x14a05518
200062f0:	3b18b6e1 	.word	0x3b18b6e1
200062f4:	11afb417 	.word	0x11afb417
200062f8:	0a02a79a 	.word	0x0a02a79a
200062fc:	0470af15 	.word	0x0470af15
20006300:	7014ffcd 	.word	0x7014ffcd
20006304:	1f0536ef 	.word	0x1f0536ef
20006308:	e4e920b9 	.word	0xe4e920b9
2000630c:	472347b0 	.word	0x472347b0
20006310:	b6e0b4ea 	.word	0xb6e0b4ea
20006314:	cec6d5b3 	.word	0xcec6d5b3
20006318:	02181c4f 	.word	0x02181c4f
2000631c:	d8804f34 	.word	0xd8804f34
20006320:	256f34f7 	.word	0x256f34f7
20006324:	77117f1c 	.word	0x77117f1c
20006328:	b0e40c33 	.word	0xb0e40c33
2000632c:	0998a7a3 	.word	0x0998a7a3
20006330:	d7ec1224 	.word	0xd7ec1224
20006334:	7711ffda 	.word	0x7711ffda
20006338:	02ffd639 	.word	0x02ffd639
2000633c:	87b1d063 	.word	0x87b1d063
20006340:	a612b0f1 	.word	0xa612b0f1
20006344:	c5c21fa2 	.word	0xc5c21fa2
20006348:	c1868727 	.word	0xc1868727
2000634c:	c20e8c8c 	.word	0xc20e8c8c
20006350:	e1064e34 	.word	0xe1064e34
20006354:	84d6b6de 	.word	0x84d6b6de
20006358:	61105724 	.word	0x61105724
2000635c:	7fa2a647 	.word	0x7fa2a647
20006360:	a60b47dc 	.word	0xa60b47dc
20006364:	b98d2604 	.word	0xb98d2604
20006368:	5908df35 	.word	0x5908df35
2000636c:	5508e783 	.word	0x5508e783
20006370:	8754ed1f 	.word	0x8754ed1f
20006374:	a2803317 	.word	0xa2803317
20006378:	62155407 	.word	0x62155407
2000637c:	673510f9 	.word	0x673510f9
20006380:	fc03771b 	.word	0xfc03771b
20006384:	da17a3b4 	.word	0xda17a3b4
20006388:	28f64784 	.word	0x28f64784
2000638c:	3f53a7a4 	.word	0x3f53a7a4
20006390:	44f948b4 	.word	0x44f948b4
20006394:	1f0385af 	.word	0x1f0385af
20006398:	3c880447 	.word	0x3c880447
2000639c:	58bc0708 	.word	0x58bc0708
200063a0:	4f5205a4 	.word	0x4f5205a4
200063a4:	25b017d7 	.word	0x25b017d7
200063a8:	207aecc9 	.word	0x207aecc9
200063ac:	4f310ba5 	.word	0x4f310ba5
200063b0:	0518d786 	.word	0x0518d786
200063b4:	106a8fea 	.word	0x106a8fea
200063b8:	50ac274a 	.word	0x50ac274a
200063bc:	c1f1c687 	.word	0xc1f1c687
200063c0:	168d4fa6 	.word	0x168d4fa6
200063c4:	1f0207e4 	.word	0x1f0207e4
200063c8:	08774210 	.word	0x08774210
200063cc:	d0875d67 	.word	0xd0875d67
200063d0:	83808f4d 	.word	0x83808f4d
200063d4:	0c1416c7 	.word	0x0c1416c7
200063d8:	d4821697 	.word	0xd4821697
200063dc:	060b5d7f 	.word	0x060b5d7f
200063e0:	085f41b7 	.word	0x085f41b7
200063e4:	25eef00a 	.word	0x25eef00a
200063e8:	56bf1910 	.word	0x56bf1910
200063ec:	8e5e029e 	.word	0x8e5e029e
200063f0:	61771d00 	.word	0x61771d00
200063f4:	2c2c1f66 	.word	0x2c2c1f66
200063f8:	b0ea4fb8 	.word	0xb0ea4fb8
200063fc:	19a56ee9 	.word	0x19a56ee9
20006400:	67677947 	.word	0x67677947
20006404:	af2e42f6 	.word	0xaf2e42f6
20006408:	404f338c 	.word	0x404f338c
2000640c:	e2d6ce3a 	.word	0xe2d6ce3a
20006410:	02dfd15e 	.word	0x02dfd15e
20006414:	c627368d 	.word	0xc627368d
20006418:	94661cbe 	.word	0x94661cbe
2000641c:	af7b10c1 	.word	0xaf7b10c1
20006420:	0f298516 	.word	0x0f298516
20006424:	10203678 	.word	0x10203678
20006428:	38256ffa 	.word	0x38256ffa
2000642c:	be4ddf61 	.word	0xbe4ddf61
20006430:	06fae51c 	.word	0x06fae51c
20006434:	17b80908 	.word	0x17b80908
20006438:	604f88b4 	.word	0x604f88b4
2000643c:	6f7e0c80 	.word	0x6f7e0c80
20006440:	b5511098 	.word	0xb5511098
20006444:	2e0362d6 	.word	0x2e0362d6
20006448:	2ea7fe4e 	.word	0x2ea7fe4e
2000644c:	c4264437 	.word	0xc4264437
20006450:	dab70c56 	.word	0xdab70c56
20006454:	55ac502e 	.word	0x55ac502e
20006458:	ce62e017 	.word	0xce62e017
2000645c:	1530272a 	.word	0x1530272a
20006460:	2a107567 	.word	0x2a107567
20006464:	e49a70d7 	.word	0xe49a70d7
20006468:	6b0267d3 	.word	0x6b0267d3
2000646c:	f690c22f 	.word	0xf690c22f
20006470:	053c0734 	.word	0x053c0734
20006474:	c443c758 	.word	0xc443c758
20006478:	32d62c3e 	.word	0x32d62c3e
2000647c:	a74e4129 	.word	0xa74e4129
20006480:	4c36e7d6 	.word	0x4c36e7d6
20006484:	36181807 	.word	0x36181807
20006488:	eeba16af 	.word	0xeeba16af
2000648c:	47965a01 	.word	0x47965a01
20006490:	10e0d030 	.word	0x10e0d030
20006494:	4c061e96 	.word	0x4c061e96
20006498:	4e4b609f 	.word	0x4e4b609f
2000649c:	e768e0a1 	.word	0xe768e0a1
200064a0:	244e7060 	.word	0x244e7060
200064a4:	ba203f6e 	.word	0xba203f6e
200064a8:	c02d326e 	.word	0xc02d326e
200064ac:	37019f6f 	.word	0x37019f6f
200064b0:	264b60d7 	.word	0x264b60d7
200064b4:	702f1d42 	.word	0x702f1d42
200064b8:	b6c09b16 	.word	0xb6c09b16
200064bc:	97b04fc5 	.word	0x97b04fc5
200064c0:	51374321 	.word	0x51374321
200064c4:	a84d47a5 	.word	0xa84d47a5
200064c8:	b1ea16e3 	.word	0xb1ea16e3
200064cc:	584711c7 	.word	0x584711c7
200064d0:	1b9d5800 	.word	0x1b9d5800
200064d4:	e5abcf5e 	.word	0xe5abcf5e
200064d8:	1fb92f85 	.word	0x1fb92f85
200064dc:	78a038e1 	.word	0x78a038e1
200064e0:	a10170d6 	.word	0xa10170d6
200064e4:	defa404e 	.word	0xdefa404e
200064e8:	84c08825 	.word	0x84c08825
200064ec:	5ceeaa26 	.word	0x5ceeaa26
200064f0:	053770a0 	.word	0x053770a0
200064f4:	e0004826 	.word	0xe0004826
200064f8:	6e56443e 	.word	0x6e56443e
200064fc:	e800a025 	.word	0xe800a025
20006500:	a043902e 	.word	0xa043902e
20006504:	86aa98ce 	.word	0x86aa98ce
20006508:	54461458 	.word	0x54461458
2000650c:	2e0850d5 	.word	0x2e0850d5
20006510:	3c86ae08 	.word	0x3c86ae08
20006514:	ab08462c 	.word	0xab08462c
20006518:	224e0d87 	.word	0x224e0d87
2000651c:	199832c0 	.word	0x199832c0
20006520:	294d6fa4 	.word	0x294d6fa4
20006524:	82ae7eae 	.word	0x82ae7eae
20006528:	c7b73916 	.word	0xc7b73916
2000652c:	0b673631 	.word	0x0b673631
20006530:	8e866216 	.word	0x8e866216
20006534:	c8febf2a 	.word	0xc8febf2a
20006538:	3624a59c 	.word	0x3624a59c
2000653c:	74dc860e 	.word	0x74dc860e
20006540:	70d89fa7 	.word	0x70d89fa7
20006544:	a0aacf59 	.word	0xa0aacf59
20006548:	b0771a94 	.word	0xb0771a94
2000654c:	3737a426 	.word	0x3737a426
20006550:	2810744e 	.word	0x2810744e
20006554:	ac87bc00 	.word	0xac87bc00
20006558:	360e2510 	.word	0x360e2510
2000655c:	68b62516 	.word	0x68b62516
20006560:	f5483252 	.word	0xf5483252
20006564:	3e99a866 	.word	0x3e99a866
20006568:	b8671809 	.word	0xb8671809
2000656c:	f40e207a 	.word	0xf40e207a
20006570:	667024af 	.word	0x667024af
20006574:	3231d45e 	.word	0x3231d45e
20006578:	a1829883 	.word	0xa1829883
2000657c:	322add34 	.word	0x322add34
20006580:	f0090814 	.word	0xf0090814
20006584:	772743c6 	.word	0x772743c6
20006588:	7323b0be 	.word	0x7323b0be
2000658c:	f2262026 	.word	0xf2262026
20006590:	041e219f 	.word	0x041e219f
20006594:	7c0446f4 	.word	0x7c0446f4
20006598:	581d735f 	.word	0x581d735f
2000659c:	cfe84c45 	.word	0xcfe84c45
200065a0:	2362a46d 	.word	0x2362a46d
200065a4:	1c563516 	.word	0x1c563516
200065a8:	06905f1a 	.word	0x06905f1a
200065ac:	a5d22f8c 	.word	0xa5d22f8c
200065b0:	0f096646 	.word	0x0f096646
200065b4:	3e107604 	.word	0x3e107604
200065b8:	303c1796 	.word	0x303c1796
200065bc:	18401efb 	.word	0x18401efb
200065c0:	182175dc 	.word	0x182175dc
200065c4:	f0178372 	.word	0xf0178372
200065c8:	7ebb83a8 	.word	0x7ebb83a8
200065cc:	6b088ea4 	.word	0x6b088ea4
200065d0:	1082e3e7 	.word	0x1082e3e7
200065d4:	85d2cf02 	.word	0x85d2cf02
200065d8:	ddddfb67 	.word	0xddddfb67
200065dc:	9b3f3c02 	.word	0x9b3f3c02
200065e0:	b734420e 	.word	0xb734420e
200065e4:	25303f8c 	.word	0x25303f8c
200065e8:	59cccce4 	.word	0x59cccce4
200065ec:	843ea40e 	.word	0x843ea40e
200065f0:	ed61e6c1 	.word	0xed61e6c1
200065f4:	c6049986 	.word	0xc6049986
200065f8:	367ef693 	.word	0x367ef693
200065fc:	80164dc2 	.word	0x80164dc2
20006600:	4b30ee78 	.word	0x4b30ee78
20006604:	3e83f7c2 	.word	0x3e83f7c2
20006608:	35a244ee 	.word	0x35a244ee
2000660c:	0f4a626f 	.word	0x0f4a626f
20006610:	9e70e498 	.word	0x9e70e498
20006614:	8e6f8e58 	.word	0x8e6f8e58
20006618:	8ea9d66d 	.word	0x8ea9d66d
2000661c:	7af7db08 	.word	0x7af7db08
20006620:	47240870 	.word	0x47240870
20006624:	c6022ea7 	.word	0xc6022ea7
20006628:	2c0126c4 	.word	0x2c0126c4
2000662c:	02ba12bf 	.word	0x02ba12bf
20006630:	4726efe2 	.word	0x4726efe2
20006634:	f62e97c0 	.word	0xf62e97c0
20006638:	25c8ffc6 	.word	0x25c8ffc6
2000663c:	00af968f 	.word	0x00af968f
20006640:	4e8059da 	.word	0x4e8059da
20006644:	6d3a37cd 	.word	0x6d3a37cd
20006648:	4d262738 	.word	0x4d262738
2000664c:	723a80d1 	.word	0x723a80d1
20006650:	6ee61b43 	.word	0x6ee61b43
20006654:	d4d7aec2 	.word	0xd4d7aec2
20006658:	cfbfa5d4 	.word	0xcfbfa5d4
2000665c:	6318c080 	.word	0x6318c080
20006660:	c021e05f 	.word	0xc021e05f
20006664:	8f93d058 	.word	0x8f93d058
20006668:	460bc781 	.word	0x460bc781
2000666c:	adfa1686 	.word	0xadfa1686
20006670:	2d682a25 	.word	0x2d682a25
20006674:	96d468a0 	.word	0x96d468a0
20006678:	4c8f4315 	.word	0x4c8f4315
2000667c:	17a8e285 	.word	0x17a8e285
20006680:	704434c1 	.word	0x704434c1
20006684:	3817bfe4 	.word	0x3817bfe4
20006688:	810f8023 	.word	0x810f8023
2000668c:	2ff75602 	.word	0x2ff75602
20006690:	820026ce 	.word	0x820026ce
20006694:	a68c7a96 	.word	0xa68c7a96
20006698:	030e76ee 	.word	0x030e76ee
2000669c:	9ebf8056 	.word	0x9ebf8056
200066a0:	fe11ff78 	.word	0xfe11ff78
200066a4:	60f8092f 	.word	0x60f8092f
200066a8:	87c72d02 	.word	0x87c72d02
200066ac:	cf611e71 	.word	0xcf611e71
200066b0:	f0646650 	.word	0xf0646650
200066b4:	bf7892fe 	.word	0xbf7892fe
200066b8:	350fec09 	.word	0x350fec09
200066bc:	0f1d46ae 	.word	0x0f1d46ae
200066c0:	b4135e4b 	.word	0xb4135e4b
200066c4:	c60eb13f 	.word	0xc60eb13f
200066c8:	c2f78486 	.word	0xc2f78486
200066cc:	140f5688 	.word	0x140f5688
200066d0:	77cf91ce 	.word	0x77cf91ce
200066d4:	bf852fbd 	.word	0xbf852fbd
200066d8:	1670c7e7 	.word	0x1670c7e7
200066dc:	50175767 	.word	0x50175767
200066e0:	46c190d3 	.word	0x46c190d3
200066e4:	06df839e 	.word	0x06df839e
200066e8:	13cf068e 	.word	0x13cf068e
200066ec:	ecde9711 	.word	0xecde9711
200066f0:	270ed22e 	.word	0x270ed22e
200066f4:	a6fe8784 	.word	0xa6fe8784
200066f8:	660d8ec3 	.word	0x660d8ec3
200066fc:	970b27a7 	.word	0x970b27a7
20006700:	5f266020 	.word	0x5f266020
20006704:	6410a42e 	.word	0x6410a42e
20006708:	c027334a 	.word	0xc027334a
2000670c:	779fb600 	.word	0x779fb600
20006710:	c6bcf867 	.word	0xc6bcf867
20006714:	90d612e7 	.word	0x90d612e7
20006718:	6fcbc7b5 	.word	0x6fcbc7b5
2000671c:	6d3f274e 	.word	0x6d3f274e
20006720:	be3ead00 	.word	0xbe3ead00
20006724:	410e9d26 	.word	0x410e9d26
20006728:	36dd8f64 	.word	0x36dd8f64
2000672c:	fc01ac54 	.word	0xfc01ac54
20006730:	7210a0be 	.word	0x7210a0be
20006734:	227f03a0 	.word	0x227f03a0
20006738:	fe60a246 	.word	0xfe60a246
2000673c:	af53fa80 	.word	0xaf53fa80
20006740:	70109200 	.word	0x70109200
20006744:	afb3e7a5 	.word	0xafb3e7a5
20006748:	811f6dc6 	.word	0x811f6dc6
2000674c:	8127562f 	.word	0x8127562f
20006750:	b8f739a8 	.word	0xb8f739a8
20006754:	066a2f85 	.word	0x066a2f85
20006758:	cbdad8c2 	.word	0xcbdad8c2
2000675c:	3e684783 	.word	0x3e684783
20006760:	6217eec3 	.word	0x6217eec3
20006764:	101f6e06 	.word	0x101f6e06
20006768:	1ebc1637 	.word	0x1ebc1637
2000676c:	ec8f62ac 	.word	0xec8f62ac
20006770:	c472570a 	.word	0xc472570a
20006774:	fbfe5cc0 	.word	0xfbfe5cc0
20006778:	4f8c8356 	.word	0x4f8c8356
2000677c:	e5fe1e80 	.word	0xe5fe1e80
20006780:	83573f67 	.word	0x83573f67
20006784:	a2ceacaf 	.word	0xa2ceacaf
20006788:	e4d2a68f 	.word	0xe4d2a68f
2000678c:	80beb086 	.word	0x80beb086
20006790:	75264428 	.word	0x75264428
20006794:	3ee88a4f 	.word	0x3ee88a4f
20006798:	c51cc6c0 	.word	0xc51cc6c0
2000679c:	5d1b8fae 	.word	0x5d1b8fae
200067a0:	ae744837 	.word	0xae744837
200067a4:	404ea70f 	.word	0x404ea70f
200067a8:	d03e85ee 	.word	0xd03e85ee
200067ac:	0618addd 	.word	0x0618addd
200067b0:	6d328e7c 	.word	0x6d328e7c
200067b4:	62985f6c 	.word	0x62985f6c
200067b8:	866f3e06 	.word	0x866f3e06
200067bc:	8e650810 	.word	0x8e650810
200067c0:	d0363a10 	.word	0xd0363a10
200067c4:	0c82f6b0 	.word	0x0c82f6b0
200067c8:	fc75ce85 	.word	0xfc75ce85
200067cc:	befda3ff 	.word	0xbefda3ff
200067d0:	d01cadc3 	.word	0xd01cadc3
200067d4:	22260f06 	.word	0x22260f06
200067d8:	f45e0601 	.word	0xf45e0601
200067dc:	2486fff8 	.word	0x2486fff8
200067e0:	22e86e21 	.word	0x22e86e21
200067e4:	c21e2322 	.word	0xc21e2322
200067e8:	be95adc7 	.word	0xbe95adc7
200067ec:	46560aad 	.word	0x46560aad
200067f0:	16f320ad 	.word	0x16f320ad
200067f4:	e6beb524 	.word	0xe6beb524
200067f8:	afa326f1 	.word	0xafa326f1
200067fc:	2c81be03 	.word	0x2c81be03
20006800:	56e02526 	.word	0x56e02526
20006804:	6684ce63 	.word	0x6684ce63
20006808:	666696bb 	.word	0x666696bb
2000680c:	8d56f62d 	.word	0x8d56f62d
20006810:	551a6618 	.word	0x551a6618
20006814:	db40c5e6 	.word	0xdb40c5e6
20006818:	478dc42e 	.word	0x478dc42e
2000681c:	56eff0a8 	.word	0x56eff0a8
20006820:	ee444644 	.word	0xee444644
20006824:	2f244244 	.word	0x2f244244
20006828:	8de620b5 	.word	0x8de620b5
2000682c:	6c2457d2 	.word	0x6c2457d2
20006830:	b60b224f 	.word	0xb60b224f
20006834:	b7910ea1 	.word	0xb7910ea1
20006838:	205e9e87 	.word	0x205e9e87
2000683c:	147b1c4e 	.word	0x147b1c4e
20006840:	5e8d57ee 	.word	0x5e8d57ee
20006844:	f4ae6555 	.word	0xf4ae6555
20006848:	0c0486e5 	.word	0x0c0486e5
2000684c:	c0ded0bf 	.word	0xc0ded0bf
20006850:	42703e11 	.word	0x42703e11
20006854:	07741020 	.word	0x07741020
20006858:	95d43613 	.word	0x95d43613
2000685c:	5dc227f3 	.word	0x5dc227f3
20006860:	77135e2c 	.word	0x77135e2c
20006864:	aa048560 	.word	0xaa048560
20006868:	fb940086 	.word	0xfb940086
2000686c:	b78e089e 	.word	0xb78e089e
20006870:	0886e276 	.word	0x0886e276
20006874:	b76ba670 	.word	0xb76ba670
20006878:	12e18612 	.word	0x12e18612
2000687c:	b0174e30 	.word	0xb0174e30
20006880:	c3d6ce81 	.word	0xc3d6ce81
20006884:	e80c5f35 	.word	0xe80c5f35
20006888:	0fb681df 	.word	0x0fb681df
2000688c:	e341d681 	.word	0xe341d681
20006890:	1a16b046 	.word	0x1a16b046
20006894:	dd0a9ec0 	.word	0xdd0a9ec0
20006898:	ea43675e 	.word	0xea43675e
2000689c:	7e000620 	.word	0x7e000620
200068a0:	c72164ff 	.word	0xc72164ff
200068a4:	165f350c 	.word	0x165f350c
200068a8:	1804fffe 	.word	0x1804fffe
200068ac:	c211674e 	.word	0xc211674e
200068b0:	186f381f 	.word	0x186f381f
200068b4:	909fe1fb 	.word	0x909fe1fb
200068b8:	4c059820 	.word	0x4c059820
200068bc:	167888df 	.word	0x167888df
200068c0:	6f4fff85 	.word	0x6f4fff85
200068c4:	8f19a484 	.word	0x8f19a484
200068c8:	839fb052 	.word	0x839fb052
200068cc:	d1228b1e 	.word	0xd1228b1e
200068d0:	63d77d32 	.word	0x63d77d32
200068d4:	ee7417c0 	.word	0xee7417c0
200068d8:	9abe0e8f 	.word	0x9abe0e8f
200068dc:	8f688f8f 	.word	0x8f688f8f
200068e0:	348f0645 	.word	0x348f0645
200068e4:	3e1ac18f 	.word	0x3e1ac18f
200068e8:	dbb00655 	.word	0xdbb00655
200068ec:	08be4a8f 	.word	0x08be4a8f
200068f0:	1ea00960 	.word	0x1ea00960
200068f4:	0eb76b1c 	.word	0x0eb76b1c
200068f8:	c05f0e4e 	.word	0xc05f0e4e
200068fc:	3a20a821 	.word	0x3a20a821
20006900:	001576d8 	.word	0x001576d8
20006904:	02bf335a 	.word	0x02bf335a
20006908:	770e7716 	.word	0x770e7716
2000690c:	77287661 	.word	0x77287661
20006910:	c3b76dd0 	.word	0xc3b76dd0
20006914:	34af4fc7 	.word	0x34af4fc7
20006918:	08885fcf 	.word	0x08885fcf
2000691c:	27385940 	.word	0x27385940
20006920:	df72fe27 	.word	0xdf72fe27
20006924:	003f3609 	.word	0x003f3609
20006928:	4e1cde07 	.word	0x4e1cde07
2000692c:	f14623f6 	.word	0xf14623f6
20006930:	7a639f50 	.word	0x7a639f50
20006934:	07afb29e 	.word	0x07afb29e
20006938:	00d018d6 	.word	0x00d018d6
2000693c:	70df20b0 	.word	0x70df20b0
20006940:	5e9a8825 	.word	0x5e9a8825
20006944:	36750290 	.word	0x36750290
20006948:	cd086623 	.word	0xcd086623
2000694c:	c510667e 	.word	0xc510667e
20006950:	5050fc3c 	.word	0x5050fc3c
20006954:	0fb60326 	.word	0x0fb60326
20006958:	1622d22e 	.word	0x1622d22e
2000695c:	bf1b9786 	.word	0xbf1b9786
20006960:	31c1386e 	.word	0x31c1386e
20006964:	dac97c26 	.word	0xdac97c26
20006968:	14be2673 	.word	0x14be2673
2000696c:	23564e22 	.word	0x23564e22
20006970:	06b14e76 	.word	0x06b14e76
20006974:	0006a66a 	.word	0x0006a66a
20006978:	0d411758 	.word	0x0d411758
2000697c:	44a708af 	.word	0x44a708af
20006980:	050082a7 	.word	0x050082a7
20006984:	ffd4f64a 	.word	0xffd4f64a
20006988:	40270e74 	.word	0x40270e74
2000698c:	47c14fa2 	.word	0x47c14fa2
20006990:	34067484 	.word	0x34067484
20006994:	43c0dfe2 	.word	0x43c0dfe2
20006998:	a61e46c4 	.word	0xa61e46c4
2000699c:	1cd056a3 	.word	0x1cd056a3
200069a0:	0405f774 	.word	0x0405f774
200069a4:	2444ce5e 	.word	0x2444ce5e
200069a8:	6e1bc968 	.word	0x6e1bc968
200069ac:	de78eb59 	.word	0xde78eb59
200069b0:	6b2f0640 	.word	0x6b2f0640
200069b4:	631f5426 	.word	0x631f5426
200069b8:	1f251eee 	.word	0x1f251eee
200069bc:	309d3c93 	.word	0x309d3c93
200069c0:	77c86fc0 	.word	0x77c86fc0
200069c4:	9e20f618 	.word	0x9e20f618
200069c8:	16302608 	.word	0x16302608
200069cc:	c8b8862e 	.word	0xc8b8862e
200069d0:	78137a10 	.word	0x78137a10
200069d4:	c382b25e 	.word	0xc382b25e
200069d8:	2fd824ff 	.word	0x2fd824ff
200069dc:	de958738 	.word	0xde958738
200069e0:	53ffd4f9 	.word	0x53ffd4f9
200069e4:	8a88a770 	.word	0x8a88a770
200069e8:	9067c107 	.word	0x9067c107
200069ec:	812fadd9 	.word	0x812fadd9
200069f0:	068706cf 	.word	0x068706cf
200069f4:	92df6197 	.word	0x92df6197
200069f8:	c6342c28 	.word	0xc6342c28
200069fc:	05cf6253 	.word	0x05cf6253
20006a00:	a8172b0c 	.word	0xa8172b0c
20006a04:	714f61f4 	.word	0x714f61f4
20006a08:	7f35806e 	.word	0x7f35806e
20006a0c:	219904f1 	.word	0x219904f1
20006a10:	345c1f97 	.word	0x345c1f97
20006a14:	2e8cb244 	.word	0x2e8cb244
20006a18:	9faeb18a 	.word	0x9faeb18a
20006a1c:	c77004e7 	.word	0xc77004e7
20006a20:	0728fe9e 	.word	0x0728fe9e
20006a24:	5877dc42 	.word	0x5877dc42
20006a28:	e7955730 	.word	0xe7955730
20006a2c:	866e1380 	.word	0x866e1380
20006a30:	f3e287cf 	.word	0xf3e287cf
20006a34:	86262122 	.word	0x86262122
20006a38:	c10463cf 	.word	0xc10463cf
20006a3c:	33433e86 	.word	0x33433e86
20006a40:	a608e886 	.word	0xa608e886
20006a44:	fc76d769 	.word	0xfc76d769
20006a48:	01b6022f 	.word	0x01b6022f
20006a4c:	ce06fec4 	.word	0xce06fec4
20006a50:	5f8dc70c 	.word	0x5f8dc70c
20006a54:	bebe824c 	.word	0xbebe824c
20006a58:	ccee7e1b 	.word	0xccee7e1b
20006a5c:	d4c60bbf 	.word	0xd4c60bbf
20006a60:	c12025c7 	.word	0xc12025c7
20006a64:	10a78117 	.word	0x10a78117
20006a68:	b730efac 	.word	0xb730efac
20006a6c:	8627050a 	.word	0x8627050a
20006a70:	007608bf 	.word	0x007608bf
20006a74:	08dafee7 	.word	0x08dafee7
20006a78:	422cf6c2 	.word	0x422cf6c2
20006a7c:	77f800c4 	.word	0x77f800c4
20006a80:	9fa00000 	.word	0x9fa00000
20006a84:	70df74a1 	.word	0x70df74a1
20006a88:	2ac6d8f9 	.word	0x2ac6d8f9
20006a8c:	fa063594 	.word	0xfa063594
20006a90:	8d22105c 	.word	0x8d22105c
20006a94:	a5628704 	.word	0xa5628704
20006a98:	9e60091f 	.word	0x9e60091f
20006a9c:	1f0607cb 	.word	0x1f0607cb
20006aa0:	08ad4ede 	.word	0x08ad4ede
20006aa4:	3c3c181f 	.word	0x3c3c181f
20006aa8:	d9c31c0e 	.word	0xd9c31c0e
20006aac:	9d2ac588 	.word	0x9d2ac588
20006ab0:	7141801c 	.word	0x7141801c
20006ab4:	c6bfce07 	.word	0xc6bfce07
20006ab8:	a59e3b24 	.word	0xa59e3b24
20006abc:	a7524324 	.word	0xa7524324
20006ac0:	aea056bd 	.word	0xaea056bd
20006ac4:	091ed014 	.word	0x091ed014
20006ac8:	f61e66d6 	.word	0xf61e66d6
20006acc:	0442c637 	.word	0x0442c637
20006ad0:	1b689eb8 	.word	0x1b689eb8
20006ad4:	54195798 	.word	0x54195798
20006ad8:	35b78f97 	.word	0x35b78f97
20006adc:	bf2e4316 	.word	0xbf2e4316
20006ae0:	a634065b 	.word	0xa634065b
20006ae4:	86002e04 	.word	0x86002e04
20006ae8:	a2ae7ca7 	.word	0xa2ae7ca7
20006aec:	041712cd 	.word	0x041712cd
20006af0:	f11c064d 	.word	0xf11c064d
20006af4:	00408825 	.word	0x00408825
20006af8:	445e1707 	.word	0x445e1707
20006afc:	18c737a6 	.word	0x18c737a6
20006b00:	a7c7e082 	.word	0xa7c7e082
20006b04:	108e143e 	.word	0x108e143e
20006b08:	b735b117 	.word	0xb735b117
20006b0c:	7748a6d9 	.word	0x7748a6d9
20006b10:	00ae1456 	.word	0x00ae1456
20006b14:	24b82e23 	.word	0x24b82e23
20006b18:	df14480e 	.word	0xdf14480e
20006b1c:	7033af6d 	.word	0x7033af6d
20006b20:	421168f8 	.word	0x421168f8
20006b24:	b7550b8e 	.word	0xb7550b8e
20006b28:	68e73888 	.word	0x68e73888
20006b2c:	9b1f22a6 	.word	0x9b1f22a6
20006b30:	5848ff89 	.word	0x5848ff89
20006b34:	24762e98 	.word	0x24762e98
20006b38:	f0083e0a 	.word	0xf0083e0a
20006b3c:	0729dc36 	.word	0x0729dc36
20006b40:	433044c6 	.word	0x433044c6
20006b44:	d37606d3 	.word	0xd37606d3
20006b48:	303eef43 	.word	0x303eef43
20006b4c:	03240231 	.word	0x03240231
20006b50:	06146a87 	.word	0x06146a87
20006b54:	dee068a7 	.word	0xdee068a7
20006b58:	184fe068 	.word	0x184fe068
20006b5c:	0e8e076e 	.word	0x0e8e076e
20006b60:	054e6c6f 	.word	0x054e6c6f
20006b64:	0fbe0c24 	.word	0x0fbe0c24
20006b68:	61417619 	.word	0x61417619
20006b6c:	a266b03e 	.word	0xa266b03e
20006b70:	07976ba3 	.word	0x07976ba3
20006b74:	27a3f137 	.word	0x27a3f137
20006b78:	21d84e35 	.word	0x21d84e35
20006b7c:	d2ee4aae 	.word	0xd2ee4aae
20006b80:	8f559065 	.word	0x8f559065
20006b84:	a3893686 	.word	0xa3893686
20006b88:	4d0ab768 	.word	0x4d0ab768
20006b8c:	908225f6 	.word	0x908225f6
20006b90:	0ab82697 	.word	0x0ab82697
20006b94:	a6ecf25f 	.word	0xa6ecf25f
20006b98:	c6c0ca48 	.word	0xc6c0ca48
20006b9c:	beb08f6d 	.word	0xbeb08f6d
20006ba0:	ae1c0240 	.word	0xae1c0240
20006ba4:	e6df5d65 	.word	0xe6df5d65
20006ba8:	d736ce68 	.word	0xd736ce68
20006bac:	0f6af689 	.word	0x0f6af689
20006bb0:	5fa11912 	.word	0x5fa11912
20006bb4:	b0463a12 	.word	0xb0463a12
20006bb8:	6ec4910f 	.word	0x6ec4910f
20006bbc:	1b7c268f 	.word	0x1b7c268f
20006bc0:	1616076e 	.word	0x1616076e
20006bc4:	68073843 	.word	0x68073843
20006bc8:	3043df99 	.word	0x3043df99
20006bcc:	b5478a0f 	.word	0xb5478a0f
20006bd0:	8ba8afd0 	.word	0x8ba8afd0
20006bd4:	e61c51b7 	.word	0xe61c51b7
20006bd8:	b05f7f1c 	.word	0xb05f7f1c
20006bdc:	4f8e59af 	.word	0x4f8e59af
20006be0:	6f06eb13 	.word	0x6f06eb13
20006be4:	3c15e3a6 	.word	0x3c15e3a6
20006be8:	b19ff42c 	.word	0xb19ff42c
20006bec:	158637bf 	.word	0x158637bf
20006bf0:	a7a22c7e 	.word	0xa7a22c7e
20006bf4:	a754ff86 	.word	0xa754ff86
20006bf8:	a7802673 	.word	0xa7802673
20006bfc:	a4fc2694 	.word	0xa4fc2694
20006c00:	f326b5a7 	.word	0xf326b5a7
20006c04:	573840d9 	.word	0x573840d9
20006c08:	a5df4f0d 	.word	0xa5df4f0d
20006c0c:	4020074e 	.word	0x4020074e
20006c10:	9c600fdc 	.word	0x9c600fdc
20006c14:	02a09e80 	.word	0x02a09e80
20006c18:	f1e76a32 	.word	0xf1e76a32
20006c1c:	5689a7d4 	.word	0x5689a7d4
20006c20:	f747a766 	.word	0xf747a766
20006c24:	261d81a0 	.word	0x261d81a0
20006c28:	8066182f 	.word	0x8066182f
20006c2c:	d869477c 	.word	0xd869477c
20006c30:	4184a8ee 	.word	0x4184a8ee
20006c34:	77215f14 	.word	0x77215f14
20006c38:	9a0b281f 	.word	0x9a0b281f
20006c3c:	8413354f 	.word	0x8413354f
20006c40:	a6d56457 	.word	0xa6d56457
20006c44:	e86fa108 	.word	0xe86fa108
20006c48:	8504d601 	.word	0x8504d601
20006c4c:	c445ac86 	.word	0xc445ac86
20006c50:	7a128420 	.word	0x7a128420
20006c54:	010d9e6e 	.word	0x010d9e6e
20006c58:	17b9cf11 	.word	0x17b9cf11
20006c5c:	1e07d7cb 	.word	0x1e07d7cb
20006c60:	1223d66d 	.word	0x1223d66d
20006c64:	e830373a 	.word	0xe830373a
20006c68:	f4970a0e 	.word	0xf4970a0e
20006c6c:	becea71c 	.word	0xbecea71c
20006c70:	5e2da737 	.word	0x5e2da737
20006c74:	3e2e3775 	.word	0x3e2e3775
20006c78:	36f3066f 	.word	0x36f3066f
20006c7c:	2fc6c106 	.word	0x2fc6c106
20006c80:	081756d2 	.word	0x081756d2
20006c84:	58e9862a 	.word	0x58e9862a
20006c88:	c20884a8 	.word	0xc20884a8
20006c8c:	6ede061f 	.word	0x6ede061f
20006c90:	3fb87605 	.word	0x3fb87605
20006c94:	2cea766b 	.word	0x2cea766b
20006c98:	6f3084a8 	.word	0x6f3084a8
20006c9c:	bad9b0c6 	.word	0xbad9b0c6
20006ca0:	d7a18017 	.word	0xd7a18017
20006ca4:	87bab5a8 	.word	0x87bab5a8
20006ca8:	02067a14 	.word	0x02067a14
20006cac:	8fefab14 	.word	0x8fefab14
20006cb0:	11f837cb 	.word	0x11f837cb
20006cb4:	2912a024 	.word	0x2912a024
20006cb8:	12a0c877 	.word	0x12a0c877
20006cbc:	1936d1dc 	.word	0x1936d1dc
20006cc0:	3fe50c47 	.word	0x3fe50c47
20006cc4:	6683d627 	.word	0x6683d627
20006cc8:	c110e775 	.word	0xc110e775
20006ccc:	d6af4f0e 	.word	0xd6af4f0e
20006cd0:	d4560527 	.word	0xd4560527
20006cd4:	2f0e277b 	.word	0x2f0e277b
20006cd8:	4806307f 	.word	0x4806307f
20006cdc:	ed1eee87 	.word	0xed1eee87
20006ce0:	5046c144 	.word	0x5046c144
20006ce4:	4a36c182 	.word	0x4a36c182
20006ce8:	07ab36d2 	.word	0x07ab36d2
20006cec:	2b4fad4a 	.word	0x2b4fad4a
20006cf0:	c97d8186 	.word	0xc97d8186
20006cf4:	6e265ca6 	.word	0x6e265ca6
20006cf8:	0207c805 	.word	0x0207c805
20006cfc:	d84dfef4 	.word	0xd84dfef4
20006d00:	1077ba84 	.word	0x1077ba84
20006d04:	02a0d7e0 	.word	0x02a0d7e0
20006d08:	11fff0b4 	.word	0x11fff0b4
20006d0c:	9cbc97b1 	.word	0x9cbc97b1
20006d10:	02ae2210 	.word	0x02ae2210
20006d14:	4f081057 	.word	0x4f081057
20006d18:	342f3040 	.word	0x342f3040
20006d1c:	2f035d6f 	.word	0x2f035d6f
20006d20:	10be5d85 	.word	0x10be5d85
20006d24:	db088e05 	.word	0xdb088e05
20006d28:	c8ae674f 	.word	0xc8ae674f
20006d2c:	1026db7e 	.word	0x1026db7e
20006d30:	255e768e 	.word	0x255e768e
20006d34:	be79322f 	.word	0xbe79322f
20006d38:	8012271b 	.word	0x8012271b
20006d3c:	e04f00be 	.word	0xe04f00be
20006d40:	8625cff4 	.word	0x8625cff4
20006d44:	2485c670 	.word	0x2485c670
20006d48:	e045d69d 	.word	0xe045d69d
20006d4c:	1e2a041f 	.word	0x1e2a041f
20006d50:	4e300948 	.word	0x4e300948
20006d54:	1470fead 	.word	0x1470fead
20006d58:	61862691 	.word	0x61862691
20006d5c:	df071040 	.word	0xdf071040
20006d60:	62371780 	.word	0x62371780
20006d64:	6ab7e42d 	.word	0x6ab7e42d
20006d68:	d12e4fbe 	.word	0xd12e4fbe
20006d6c:	6886c178 	.word	0x6886c178
20006d70:	969ac1b0 	.word	0x969ac1b0
20006d74:	7e87907e 	.word	0x7e87907e
20006d78:	17b60c08 	.word	0x17b60c08
20006d7c:	603825d6 	.word	0x603825d6
20006d80:	ef1fa902 	.word	0xef1fa902
20006d84:	6efe1055 	.word	0x6efe1055
20006d88:	6fe71731 	.word	0x6fe71731
20006d8c:	65081476 	.word	0x65081476
20006d90:	57570b8e 	.word	0x57570b8e
20006d94:	0b0606f8 	.word	0x0b0606f8
20006d98:	6c8e304e 	.word	0x6c8e304e
20006d9c:	448e7426 	.word	0x448e7426
20006da0:	04b00e60 	.word	0x04b00e60
20006da4:	160b0214 	.word	0x160b0214
20006da8:	c2ea3c16 	.word	0xc2ea3c16
20006dac:	bf2f1081 	.word	0xbf2f1081
20006db0:	83ffa0d3 	.word	0x83ffa0d3
20006db4:	a6e10d7e 	.word	0xa6e10d7e
20006db8:	c2d04647 	.word	0xc2d04647
20006dbc:	efe91ba9 	.word	0xefe91ba9
20006dc0:	a698c756 	.word	0xa698c756
20006dc4:	9c869d21 	.word	0x9c869d21
20006dc8:	21a9d817 	.word	0x21a9d817
20006dcc:	16a1762d 	.word	0x16a1762d
20006dd0:	b2ce860b 	.word	0xb2ce860b
20006dd4:	0196c697 	.word	0x0196c697
20006dd8:	09120cb7 	.word	0x09120cb7
20006ddc:	9c522f08 	.word	0x9c522f08
20006de0:	041e199e 	.word	0x041e199e
20006de4:	9e2e6764 	.word	0x9e2e6764
20006de8:	1735220c 	.word	0x1735220c
20006dec:	46586ca0 	.word	0x46586ca0
20006df0:	f4823286 	.word	0xf4823286
20006df4:	c8d41bd6 	.word	0xc8d41bd6
20006df8:	f77642df 	.word	0xf77642df
20006dfc:	14eb8ea7 	.word	0x14eb8ea7
20006e00:	a3df2f00 	.word	0xa3df2f00
20006e04:	a9087837 	.word	0xa9087837
20006e08:	0fcd2484 	.word	0x0fcd2484
20006e0c:	638f0556 	.word	0x638f0556
20006e10:	0ecd361a 	.word	0x0ecd361a
20006e14:	0f5e1226 	.word	0x0f5e1226
20006e18:	1b072e22 	.word	0x1b072e22
20006e1c:	c626d6fc 	.word	0xc626d6fc
20006e20:	57bb1010 	.word	0x57bb1010
20006e24:	f5860636 	.word	0xf5860636
20006e28:	1614ffd3 	.word	0x1614ffd3
20006e2c:	1ed0f742 	.word	0x1ed0f742
20006e30:	aa2f11f3 	.word	0xaa2f11f3
20006e34:	07c62664 	.word	0x07c62664
20006e38:	5e008fc6 	.word	0x5e008fc6
20006e3c:	fe034407 	.word	0xfe034407
20006e40:	04a6f021 	.word	0x04a6f021
20006e44:	914f76f1 	.word	0x914f76f1
20006e48:	d2c687ee 	.word	0xd2c687ee
20006e4c:	c00b01e0 	.word	0xc00b01e0
20006e50:	ce1ec1af 	.word	0xce1ec1af
20006e54:	e2108d40 	.word	0xe2108d40
20006e58:	065f2347 	.word	0x065f2347
20006e5c:	3812c610 	.word	0x3812c610
20006e60:	00dacfeb 	.word	0x00dacfeb
20006e64:	24f0ee16 	.word	0x24f0ee16
20006e68:	7338df7d 	.word	0x7338df7d
20006e6c:	a98a74af 	.word	0xa98a74af
20006e70:	2d6e5aef 	.word	0x2d6e5aef
20006e74:	86808eeb 	.word	0x86808eeb
20006e78:	266706f6 	.word	0x266706f6
20006e7c:	03f579a0 	.word	0x03f579a0
20006e80:	470e9c93 	.word	0x470e9c93
20006e84:	ebc41f74 	.word	0xebc41f74
20006e88:	0fa37786 	.word	0x0fa37786
20006e8c:	e0102b7e 	.word	0xe0102b7e
20006e90:	4e3a026f 	.word	0x4e3a026f
20006e94:	aed8422f 	.word	0xaed8422f
20006e98:	262efc9f 	.word	0x262efc9f
20006e9c:	c43f2b20 	.word	0xc43f2b20
20006ea0:	d982aa1c 	.word	0xd982aa1c
20006ea4:	549e175e 	.word	0x549e175e
20006ea8:	f92e7c28 	.word	0xf92e7c28
20006eac:	3026ff02 	.word	0x3026ff02
20006eb0:	07ff2412 	.word	0x07ff2412
20006eb4:	14e682ef 	.word	0x14e682ef
20006eb8:	4eec229e 	.word	0x4eec229e
20006ebc:	e6144708 	.word	0xe6144708
20006ec0:	7ef70230 	.word	0x7ef70230
20006ec4:	26858678 	.word	0x26858678
20006ec8:	2e47d820 	.word	0x2e47d820
20006ecc:	2426e54e 	.word	0x2426e54e
20006ed0:	6b285fd7 	.word	0x6b285fd7
20006ed4:	d608c517 	.word	0xd608c517
20006ed8:	f80e308f 	.word	0xf80e308f
20006edc:	cf0c45c7 	.word	0xcf0c45c7
20006ee0:	7c87da20 	.word	0x7c87da20
20006ee4:	e8278caa 	.word	0xe8278caa
20006ee8:	0f300500 	.word	0x0f300500
20006eec:	444fab81 	.word	0x444fab81
20006ef0:	6fced406 	.word	0x6fced406
20006ef4:	a0d21ea5 	.word	0xa0d21ea5
20006ef8:	aa2fa619 	.word	0xaa2fa619
20006efc:	d360d70a 	.word	0xd360d70a
20006f00:	1190c726 	.word	0x1190c726
20006f04:	a09258f7 	.word	0xa09258f7
20006f08:	47c001c6 	.word	0x47c001c6
20006f0c:	7f1a3fc1 	.word	0x7f1a3fc1
20006f10:	322fc1aa 	.word	0x322fc1aa
20006f14:	07f76edc 	.word	0x07f76edc
20006f18:	77ab8457 	.word	0x77ab8457
20006f1c:	5149efb7 	.word	0x5149efb7
20006f20:	dc6f5a84 	.word	0xdc6f5a84
20006f24:	c0185da7 	.word	0xc0185da7
20006f28:	d4a71d56 	.word	0xd4a71d56
20006f2c:	84ae4f1e 	.word	0x84ae4f1e
20006f30:	1f3442d5 	.word	0x1f3442d5
20006f34:	057eb892 	.word	0x057eb892
20006f38:	11e77208 	.word	0x11e77208
20006f3c:	7e151657 	.word	0x7e151657
20006f40:	d7063d88 	.word	0xd7063d88
20006f44:	e0aea847 	.word	0xe0aea847
20006f48:	14bf0054 	.word	0x14bf0054
20006f4c:	1f186027 	.word	0x1f186027
20006f50:	e30c5703 	.word	0xe30c5703
20006f54:	d5776a1e 	.word	0xd5776a1e
20006f58:	4ef5a07f 	.word	0x4ef5a07f
20006f5c:	ab547f97 	.word	0xab547f97
20006f60:	c5408e33 	.word	0xc5408e33
20006f64:	108e5c0b 	.word	0x108e5c0b
20006f68:	0b874361 	.word	0x0b874361
20006f6c:	0770db81 	.word	0x0770db81
20006f70:	b0705787 	.word	0xb0705787
20006f74:	a9df2596 	.word	0xa9df2596
20006f78:	56762256 	.word	0x56762256
20006f7c:	6feb8c42 	.word	0x6feb8c42
20006f80:	b381c610 	.word	0xb381c610
20006f84:	6e0e813e 	.word	0x6e0e813e
20006f88:	76050280 	.word	0x76050280
20006f8c:	6f78126c 	.word	0x6f78126c
20006f90:	b29ff028 	.word	0xb29ff028
20006f94:	0627be31 	.word	0x0627be31
20006f98:	e22b2776 	.word	0xe22b2776
20006f9c:	10dc7dc7 	.word	0x10dc7dc7
20006fa0:	dfd09204 	.word	0xdfd09204
20006fa4:	b72eee08 	.word	0xb72eee08
20006fa8:	4b41809e 	.word	0x4b41809e
20006fac:	05157e68 	.word	0x05157e68
20006fb0:	42bcc516 	.word	0x42bcc516
20006fb4:	9b0443b6 	.word	0x9b0443b6
20006fb8:	039042e6 	.word	0x039042e6
20006fbc:	3e45c71c 	.word	0x3e45c71c
20006fc0:	c7f5b4d6 	.word	0xc7f5b4d6
20006fc4:	b7a336f7 	.word	0xb7a336f7
20006fc8:	db410952 	.word	0xdb410952
20006fcc:	bf26a56f 	.word	0xbf26a56f
20006fd0:	2009cf10 	.word	0x2009cf10
20006fd4:	ea605e7e 	.word	0xea605e7e
20006fd8:	2fb79404 	.word	0x2fb79404
20006fdc:	b243c54c 	.word	0xb243c54c
20006fe0:	3e5e068c 	.word	0x3e5e068c
20006fe4:	0fb796cc 	.word	0x0fb796cc
20006fe8:	7ca30020 	.word	0x7ca30020
20006fec:	ca8424af 	.word	0xca8424af
20006ff0:	ae1c9236 	.word	0xae1c9236
20006ff4:	e4587958 	.word	0xe4587958
20006ff8:	4e2c2e28 	.word	0x4e2c2e28
20006ffc:	309f7730 	.word	0x309f7730
20007000:	28afbab7 	.word	0x28afbab7
20007004:	db0bbc40 	.word	0xdb0bbc40
20007008:	e237c104 	.word	0xe237c104
2000700c:	07a5da95 	.word	0x07a5da95
20007010:	181b771a 	.word	0x181b771a
20007014:	eeb4b04f 	.word	0xeeb4b04f
20007018:	0e1f24ff 	.word	0x0e1f24ff
2000701c:	9f64e304 	.word	0x9f64e304
20007020:	a7853710 	.word	0xa7853710
20007024:	36366fff 	.word	0x36366fff
20007028:	2e0f2c24 	.word	0x2e0f2c24
2000702c:	2f7a5837 	.word	0x2f7a5837
20007030:	bfc71638 	.word	0xbfc71638
20007034:	1f219770 	.word	0x1f219770
20007038:	7d0a0493 	.word	0x7d0a0493
2000703c:	eefc1126 	.word	0xeefc1126
20007040:	34028181 	.word	0x34028181
20007044:	27a2d753 	.word	0x27a2d753
20007048:	19a390a0 	.word	0x19a390a0
2000704c:	4fc02d05 	.word	0x4fc02d05
20007050:	0296bfcd 	.word	0x0296bfcd
20007054:	c99fa2b0 	.word	0xc99fa2b0
20007058:	9e718405 	.word	0x9e718405
2000705c:	fb97c513 	.word	0xfb97c513
20007060:	24022281 	.word	0x24022281
20007064:	20a717b7 	.word	0x20a717b7
20007068:	8fc50631 	.word	0x8fc50631
2000706c:	e4af0676 	.word	0xe4af0676
20007070:	23920102 	.word	0x23920102
20007074:	060890a9 	.word	0x060890a9
20007078:	09a44a25 	.word	0x09a44a25
2000707c:	0926fe71 	.word	0x0926fe71
20007080:	075656af 	.word	0x075656af
20007084:	bfab10bf 	.word	0xbfab10bf
20007088:	18b8584f 	.word	0x18b8584f
2000708c:	0e0317ca 	.word	0x0e0317ca
20007090:	472c118d 	.word	0x472c118d
20007094:	21663124 	.word	0x21663124
20007098:	36638d4e 	.word	0x36638d4e
2000709c:	85c43f4a 	.word	0x85c43f4a
200070a0:	6e0d893f 	.word	0x6e0d893f
200070a4:	10c4a77b 	.word	0x10c4a77b
200070a8:	6bae20c6 	.word	0x6bae20c6
200070ac:	af60aed7 	.word	0xaf60aed7
200070b0:	02a69db4 	.word	0x02a69db4
200070b4:	e411b97f 	.word	0xe411b97f
200070b8:	aba43c28 	.word	0xaba43c28
200070bc:	a330774e 	.word	0xa330774e
200070c0:	3c8155f7 	.word	0x3c8155f7
200070c4:	f6f02866 	.word	0xf6f02866
200070c8:	6f362408 	.word	0x6f362408
200070cc:	0ed18c4c 	.word	0x0ed18c4c
200070d0:	0be72c0a 	.word	0x0be72c0a
200070d4:	598e2206 	.word	0x598e2206
200070d8:	063ecf78 	.word	0x063ecf78
200070dc:	3f845bc0 	.word	0x3f845bc0
200070e0:	2b254dce 	.word	0x2b254dce
200070e4:	bb8ca918 	.word	0xbb8ca918
200070e8:	4814606e 	.word	0x4814606e
200070ec:	64017614 	.word	0x64017614
200070f0:	e125b661 	.word	0xe125b661
200070f4:	a1fe09ff 	.word	0xa1fe09ff
200070f8:	b7673206 	.word	0xb7673206
200070fc:	0c8eb1a4 	.word	0x0c8eb1a4
20007100:	0c2eae8a 	.word	0x0c2eae8a
20007104:	d678b017 	.word	0xd678b017
20007108:	fc1634d0 	.word	0xfc1634d0
2000710c:	39808d0a 	.word	0x39808d0a
20007110:	e6ce0e08 	.word	0xe6ce0e08
20007114:	aa6b42f0 	.word	0xaa6b42f0
20007118:	65300bb6 	.word	0x65300bb6
2000711c:	46168307 	.word	0x46168307
20007120:	db17085e 	.word	0xdb17085e
20007124:	6eac680e 	.word	0x6eac680e
20007128:	2824e360 	.word	0x2824e360
2000712c:	edb6766c 	.word	0xedb6766c
20007130:	60810b25 	.word	0x60810b25
20007134:	cb60477a 	.word	0xcb60477a
20007138:	a060ff9f 	.word	0xa060ff9f
2000713c:	c7813821 	.word	0xc7813821
20007140:	008c1a0e 	.word	0x008c1a0e
20007144:	43614f85 	.word	0x43614f85
20007148:	2409e8af 	.word	0x2409e8af
2000714c:	40c00e27 	.word	0x40c00e27
20007150:	24ce4600 	.word	0x24ce4600
20007154:	2508b6fe 	.word	0x2508b6fe
20007158:	b09f03ef 	.word	0xb09f03ef
2000715c:	a6ada06b 	.word	0xa6ada06b
20007160:	bbefe108 	.word	0xbbefe108
20007164:	01abf8d6 	.word	0x01abf8d6
20007168:	c692d678 	.word	0xc692d678
2000716c:	989e9d0e 	.word	0x989e9d0e
20007170:	81a73119 	.word	0x81a73119
20007174:	1fc09e63 	.word	0x1fc09e63
20007178:	26b5c6be 	.word	0x26b5c6be
2000717c:	10d6acf4 	.word	0x10d6acf4
20007180:	a605e7e1 	.word	0xa605e7e1
20007184:	9c8e8c27 	.word	0x9c8e8c27
20007188:	dbaf2206 	.word	0xdbaf2206
2000718c:	f02685ae 	.word	0xf02685ae
20007190:	1a80008b 	.word	0x1a80008b
20007194:	28c3df2b 	.word	0x28c3df2b
20007198:	f34ecfac 	.word	0xf34ecfac
2000719c:	67e000d9 	.word	0x67e000d9
200071a0:	38572cc2 	.word	0x38572cc2
200071a4:	1e630587 	.word	0x1e630587
200071a8:	f642c74a 	.word	0xf642c74a
200071ac:	dc8010b7 	.word	0xdc8010b7
200071b0:	e484404f 	.word	0xe484404f
200071b4:	10090001 	.word	0x10090001
200071b8:	23d48715 	.word	0x23d48715
200071bc:	4500b0dc 	.word	0x4500b0dc
200071c0:	b01906b2 	.word	0xb01906b2
200071c4:	6cb791a7 	.word	0x6cb791a7
200071c8:	c5210d8f 	.word	0xc5210d8f
200071cc:	02624e46 	.word	0x02624e46
200071d0:	daff2a02 	.word	0xdaff2a02
200071d4:	1f3550fe 	.word	0x1f3550fe
200071d8:	c420700c 	.word	0xc420700c
200071dc:	6e31dfef 	.word	0x6e31dfef
200071e0:	14c2102a 	.word	0x14c2102a
200071e4:	f18f2202 	.word	0xf18f2202
200071e8:	dfd3ac40 	.word	0xdfd3ac40
200071ec:	d819ad80 	.word	0xd819ad80
200071f0:	86a3383e 	.word	0x86a3383e
200071f4:	1e02027f 	.word	0x1e02027f
200071f8:	10c08cf1 	.word	0x10c08cf1
200071fc:	e4067c85 	.word	0xe4067c85
20007200:	d024c28c 	.word	0xd024c28c
20007204:	e114c23a 	.word	0xe114c23a
20007208:	8e30a6c6 	.word	0x8e30a6c6
2000720c:	02c00e03 	.word	0x02c00e03
20007210:	a3a11f5e 	.word	0xa3a11f5e
20007214:	3613b7e4 	.word	0x3613b7e4
20007218:	68c997b0 	.word	0x68c997b0
2000721c:	e7b72e6e 	.word	0xe7b72e6e
20007220:	36b67f9c 	.word	0x36b67f9c
20007224:	f40028bf 	.word	0xf40028bf
20007228:	44365b7f 	.word	0x44365b7f
2000722c:	c247c614 	.word	0xc247c614
20007230:	28ceb046 	.word	0x28ceb046
20007234:	c7bf669e 	.word	0xc7bf669e
20007238:	0aa60037 	.word	0x0aa60037
2000723c:	8cd08f81 	.word	0x8cd08f81
20007240:	d07f63ac 	.word	0xd07f63ac
20007244:	dfe3acb8 	.word	0xdfe3acb8
20007248:	04837f06 	.word	0x04837f06
2000724c:	0213fc8f 	.word	0x0213fc8f
20007250:	50509821 	.word	0x50509821
20007254:	f89c92ae 	.word	0xf89c92ae
20007258:	57638417 	.word	0x57638417
2000725c:	232613fc 	.word	0x232613fc
20007260:	420272a0 	.word	0x420272a0
20007264:	7980f18f 	.word	0x7980f18f
20007268:	786dc631 	.word	0x786dc631
2000726c:	1cc04eaf 	.word	0x1cc04eaf
20007270:	196eab30 	.word	0x196eab30
20007274:	03567c24 	.word	0x03567c24
20007278:	e538ed35 	.word	0xe538ed35
2000727c:	047f2587 	.word	0x047f2587
20007280:	023aff13 	.word	0x023aff13
20007284:	afa45242 	.word	0xafa45242
20007288:	5e23d750 	.word	0x5e23d750
2000728c:	e723178f 	.word	0xe723178f
20007290:	53ad04b0 	.word	0x53ad04b0
20007294:	ad881c27 	.word	0xad881c27
20007298:	246e0747 	.word	0x246e0747
2000729c:	437e9cac 	.word	0x437e9cac
200072a0:	b60e0206 	.word	0xb60e0206
200072a4:	405f90a3 	.word	0x405f90a3
200072a8:	86f50bc4 	.word	0x86f50bc4
200072ac:	5f48a728 	.word	0x5f48a728
200072b0:	6cd496d5 	.word	0x6cd496d5
200072b4:	0d5627b7 	.word	0x0d5627b7
200072b8:	0f632a4f 	.word	0x0f632a4f
200072bc:	8c165ca5 	.word	0x8c165ca5
200072c0:	3f67c7b9 	.word	0x3f67c7b9
200072c4:	91ffc6e2 	.word	0x91ffc6e2
200072c8:	059f0357 	.word	0x059f0357
200072cc:	c0071f69 	.word	0xc0071f69
200072d0:	188e4d02 	.word	0x188e4d02
200072d4:	be8c168d 	.word	0xbe8c168d
200072d8:	16c0b72a 	.word	0x16c0b72a
200072dc:	4e8610b6 	.word	0x4e8610b6
200072e0:	3c0827e9 	.word	0x3c0827e9
200072e4:	e68bf1bb 	.word	0xe68bf1bb
200072e8:	438df763 	.word	0x438df763
200072ec:	39266e8e 	.word	0x39266e8e
200072f0:	af9fb827 	.word	0xaf9fb827
200072f4:	7f3a41ef 	.word	0x7f3a41ef
200072f8:	098f0bbf 	.word	0x098f0bbf
200072fc:	bbdbff75 	.word	0xbbdbff75
20007300:	80440c76 	.word	0x80440c76
20007304:	46efb5ad 	.word	0x46efb5ad
20007308:	54c947d0 	.word	0x54c947d0
2000730c:	5c256457 	.word	0x5c256457
20007310:	84729574 	.word	0x84729574
20007314:	078c1256 	.word	0x078c1256
20007318:	06afb47a 	.word	0x06afb47a
2000731c:	6a7fa756 	.word	0x6a7fa756
20007320:	ccda767e 	.word	0xccda767e
20007324:	5218a723 	.word	0x5218a723
20007328:	377ebfe9 	.word	0x377ebfe9
2000732c:	1ee8164c 	.word	0x1ee8164c
20007330:	debf000d 	.word	0xdebf000d
20007334:	2631ad94 	.word	0x2631ad94
20007338:	52ffadcc 	.word	0x52ffadcc
2000733c:	73ae0426 	.word	0x73ae0426
20007340:	ae08b426 	.word	0xae08b426
20007344:	a7303f90 	.word	0xa7303f90
20007348:	ff5169df 	.word	0xff5169df
2000734c:	47030d70 	.word	0x47030d70
20007350:	7c20562c 	.word	0x7c20562c
20007354:	08294517 	.word	0x08294517
20007358:	1f026fd7 	.word	0x1f026fd7
2000735c:	81c60301 	.word	0x81c60301
20007360:	1bcfb93e 	.word	0x1bcfb93e
20007364:	3aaecf5a 	.word	0x3aaecf5a
20007368:	f14c70b7 	.word	0xf14c70b7
2000736c:	0c072fa1 	.word	0x0c072fa1
20007370:	2ce2676e 	.word	0x2ce2676e
20007374:	2e6001f6 	.word	0x2e6001f6
20007378:	fd5bbf03 	.word	0xfd5bbf03
2000737c:	eb365c36 	.word	0xeb365c36
20007380:	1f942604 	.word	0x1f942604
20007384:	020088c6 	.word	0x020088c6
20007388:	db4f8542 	.word	0xdb4f8542
2000738c:	26262e8e 	.word	0x26262e8e
20007390:	09cec052 	.word	0x09cec052
20007394:	7802ffb0 	.word	0x7802ffb0
20007398:	c04b9e36 	.word	0xc04b9e36
2000739c:	a6bea2c7 	.word	0xa6bea2c7
200073a0:	0040dffb 	.word	0x0040dffb
200073a4:	5648a027 	.word	0x5648a027
200073a8:	021fc366 	.word	0x021fc366
200073ac:	c007de5d 	.word	0xc007de5d
200073b0:	edc93063 	.word	0xedc93063
200073b4:	eec3865f 	.word	0xeec3865f
200073b8:	bf00031a 	.word	0xbf00031a
200073bc:	84af08f7 	.word	0x84af08f7
200073c0:	447b9f24 	.word	0x447b9f24
200073c4:	4eae0310 	.word	0x4eae0310
200073c8:	0e8e246d 	.word	0x0e8e246d
200073cc:	5d8ec205 	.word	0x5d8ec205
200073d0:	1fb94754 	.word	0x1fb94754
200073d4:	5881ce67 	.word	0x5881ce67
200073d8:	2eaf06a9 	.word	0x2eaf06a9
200073dc:	549d1704 	.word	0x549d1704
200073e0:	069fbc0d 	.word	0x069fbc0d
200073e4:	02a9274e 	.word	0x02a9274e
200073e8:	f38fc6f0 	.word	0xf38fc6f0
200073ec:	c0ac8fce 	.word	0xc0ac8fce
200073f0:	07daa96f 	.word	0x07daa96f
200073f4:	1828ff34 	.word	0x1828ff34
200073f8:	1b1f6156 	.word	0x1b1f6156
200073fc:	3087c60e 	.word	0x3087c60e
20007400:	81034927 	.word	0x81034927
20007404:	e7bab75d 	.word	0xe7bab75d
20007408:	0493344e 	.word	0x0493344e
2000740c:	035ee959 	.word	0x035ee959
20007410:	46aff759 	.word	0x46aff759
20007414:	3c4436b3 	.word	0x3c4436b3
20007418:	000b9c0c 	.word	0x000b9c0c
2000741c:	d63187ac 	.word	0xd63187ac
20007420:	0a8e02ea 	.word	0x0a8e02ea
20007424:	94a82e27 	.word	0x94a82e27
20007428:	44aea60f 	.word	0x44aea60f
2000742c:	8ea5c66f 	.word	0x8ea5c66f
20007430:	0816f6be 	.word	0x0816f6be
20007434:	445eda4f 	.word	0x445eda4f
20007438:	84154ffa 	.word	0x84154ffa
2000743c:	0016f5e7 	.word	0x0016f5e7
20007440:	0c9f8143 	.word	0x0c9f8143
20007444:	ba2f5570 	.word	0xba2f5570
20007448:	d40002cf 	.word	0xd40002cf
2000744c:	5b0783c7 	.word	0x5b0783c7
20007450:	30c05f0e 	.word	0x30c05f0e
20007454:	378c8300 	.word	0x378c8300
20007458:	b0ae9e20 	.word	0xb0ae9e20
2000745c:	ed58cfd8 	.word	0xed58cfd8
20007460:	a4177c5e 	.word	0xa4177c5e
20007464:	f4883e0e 	.word	0xf4883e0e
20007468:	36a0ec16 	.word	0x36a0ec16
2000746c:	a8ed27ae 	.word	0xa8ed27ae
20007470:	551070b7 	.word	0x551070b7
20007474:	47efa967 	.word	0x47efa967
20007478:	142484ae 	.word	0x142484ae
2000747c:	dcb93760 	.word	0xdcb93760
20007480:	72f018e4 	.word	0x72f018e4
20007484:	4b6791ff 	.word	0x4b6791ff
20007488:	986c5c2f 	.word	0x986c5c2f
2000748c:	7e4be661 	.word	0x7e4be661
20007490:	36e04759 	.word	0x36e04759
20007494:	de2f1567 	.word	0xde2f1567
20007498:	0bb816df 	.word	0x0bb816df
2000749c:	aeed5b1f 	.word	0xaeed5b1f
200074a0:	118117c0 	.word	0x118117c0
200074a4:	e10687c7 	.word	0xe10687c7
200074a8:	c624cddd 	.word	0xc624cddd
200074ac:	62e7386f 	.word	0x62e7386f
200074b0:	62670664 	.word	0x62670664
200074b4:	c0cf2686 	.word	0xc0cf2686
200074b8:	1a483e8f 	.word	0x1a483e8f
200074bc:	961b0e5a 	.word	0x961b0e5a
200074c0:	3086aace 	.word	0x3086aace
200074c4:	346f98c8 	.word	0x346f98c8
200074c8:	1697fe14 	.word	0x1697fe14
200074cc:	473ec1a4 	.word	0x473ec1a4
200074d0:	bef004ef 	.word	0xbef004ef
200074d4:	a6f72d10 	.word	0xa6f72d10
200074d8:	7f5a8fad 	.word	0x7f5a8fad
200074dc:	0e01767d 	.word	0x0e01767d
200074e0:	b794676e 	.word	0xb794676e
200074e4:	511b582f 	.word	0x511b582f
200074e8:	464faa1f 	.word	0x464faa1f
200074ec:	57eed5d3 	.word	0x57eed5d3
200074f0:	670720a1 	.word	0x670720a1
200074f4:	f70f0253 	.word	0xf70f0253
200074f8:	82ceeabe 	.word	0x82ceeabe
200074fc:	077426af 	.word	0x077426af
20007500:	1eea219f 	.word	0x1eea219f
20007504:	09f4b602 	.word	0x09f4b602
20007508:	82056100 	.word	0x82056100
2000750c:	8e26afb8 	.word	0x8e26afb8
20007510:	2605ef2e 	.word	0x2605ef2e
20007514:	81406ef2 	.word	0x81406ef2
20007518:	0257c6af 	.word	0x0257c6af
2000751c:	fa889f8d 	.word	0xfa889f8d
20007520:	86516057 	.word	0x86516057
20007524:	46e8780f 	.word	0x46e8780f
20007528:	ae2ba6b0 	.word	0xae2ba6b0
2000752c:	2b14f760 	.word	0x2b14f760
20007530:	6d06ae16 	.word	0x6d06ae16
20007534:	241e8e45 	.word	0x241e8e45
20007538:	d068ef44 	.word	0xd068ef44
2000753c:	f654eabf 	.word	0xf654eabf
20007540:	07c76004 	.word	0x07c76004
20007544:	8f85161f 	.word	0x8f85161f
20007548:	14cf5662 	.word	0x14cf5662
2000754c:	562807f8 	.word	0x562807f8
20007550:	86b40048 	.word	0x86b40048
20007554:	3a928025 	.word	0x3a928025
20007558:	eb0ae04e 	.word	0xeb0ae04e
2000755c:	d556d04f 	.word	0xd556d04f
20007560:	e7556227 	.word	0xe7556227
20007564:	4b2eeb89 	.word	0x4b2eeb89
20007568:	6e5487b6 	.word	0x6e5487b6
2000756c:	8fe054a5 	.word	0x8fe054a5
20007570:	c2f53701 	.word	0xc2f53701
20007574:	4066b7b9 	.word	0x4066b7b9
20007578:	107e4c98 	.word	0x107e4c98
2000757c:	7f00280c 	.word	0x7f00280c
20007580:	94b0a0fe 	.word	0x94b0a0fe
20007584:	b0c0f626 	.word	0xb0c0f626
20007588:	c1e626b5 	.word	0xc1e626b5
2000758c:	638e1657 	.word	0x638e1657
20007590:	3ee03246 	.word	0x3ee03246
20007594:	e7d66c92 	.word	0xe7d66c92
20007598:	65a21ef0 	.word	0x65a21ef0
2000759c:	fe0f67c7 	.word	0xfe0f67c7
200075a0:	8f358f85 	.word	0x8f358f85
200075a4:	28673b6a 	.word	0x28673b6a
200075a8:	12c42060 	.word	0x12c42060
200075ac:	00389e07 	.word	0x00389e07
200075b0:	3e099f52 	.word	0x3e099f52
200075b4:	9400be2e 	.word	0x9400be2e
200075b8:	9476787e 	.word	0x9476787e
200075bc:	3fe00e70 	.word	0x3fe00e70
200075c0:	e22bc738 	.word	0xe22bc738
200075c4:	7df61021 	.word	0x7df61021
200075c8:	0ea090d2 	.word	0x0ea090d2
200075cc:	27e021f3 	.word	0x27e021f3
200075d0:	a68e3126 	.word	0xa68e3126
200075d4:	0082f77c 	.word	0x0082f77c
200075d8:	6b00d79c 	.word	0x6b00d79c
200075dc:	b71e42d7 	.word	0xb71e42d7
200075e0:	7826a717 	.word	0x7826a717
200075e4:	afc42673 	.word	0xafc42673
200075e8:	aff4962c 	.word	0xaff4962c
200075ec:	d6b018df 	.word	0xd6b018df
200075f0:	b0e14026 	.word	0xb0e14026
200075f4:	3e5c26f7 	.word	0x3e5c26f7
200075f8:	ff480118 	.word	0xff480118
200075fc:	9660bf0c 	.word	0x9660bf0c
20007600:	0c2e4e66 	.word	0x0c2e4e66
20007604:	008f1c3f 	.word	0x008f1c3f
20007608:	4738b76c 	.word	0x4738b76c
2000760c:	21edd663 	.word	0x21edd663
20007610:	c9275030 	.word	0xc9275030
20007614:	2220cfa0 	.word	0x2220cfa0
20007618:	ef5a0284 	.word	0xef5a0284
2000761c:	02179a42 	.word	0x02179a42
20007620:	64789f55 	.word	0x64789f55
20007624:	6b6754b0 	.word	0x6b6754b0
20007628:	74bb070e 	.word	0x74bb070e
2000762c:	0f38882e 	.word	0x0f38882e
20007630:	3b09f7b7 	.word	0x3b09f7b7
20007634:	5f5700e7 	.word	0x5f5700e7
20007638:	1fffb4b8 	.word	0x1fffb4b8
2000763c:	00b408cf 	.word	0x00b408cf
20007640:	10c09e4f 	.word	0x10c09e4f
20007644:	064f1602 	.word	0x064f1602
20007648:	cc67757f 	.word	0xcc67757f
2000764c:	5ed33f36 	.word	0x5ed33f36
20007650:	14e2e1e7 	.word	0x14e2e1e7
20007654:	e64e47c2 	.word	0xe64e47c2
20007658:	ef1132c3 	.word	0xef1132c3
2000765c:	64d6de83 	.word	0x64d6de83
20007660:	3d47f734 	.word	0x3d47f734
20007664:	0eaf4aef 	.word	0x0eaf4aef
20007668:	05f769e0 	.word	0x05f769e0
2000766c:	612d1f18 	.word	0x612d1f18
20007670:	30475a9f 	.word	0x30475a9f
20007674:	50d7309f 	.word	0x50d7309f
20007678:	463886d6 	.word	0x463886d6
2000767c:	5718027d 	.word	0x5718027d
20007680:	b0009630 	.word	0xb0009630
20007684:	bff8c2cf 	.word	0xbff8c2cf
20007688:	a5c0741e 	.word	0xa5c0741e
2000768c:	05c0a824 	.word	0x05c0a824
20007690:	a61f6c96 	.word	0xa61f6c96
20007694:	64de1f68 	.word	0x64de1f68
20007698:	5cf3603c 	.word	0x5cf3603c
2000769c:	3c5458cf 	.word	0x3c5458cf
200076a0:	cf4d0050 	.word	0xcf4d0050
200076a4:	764e1c4c 	.word	0x764e1c4c
200076a8:	1c001062 	.word	0x1c001062
200076ac:	06e06fc6 	.word	0x06e06fc6
200076b0:	0072e5c6 	.word	0x0072e5c6
200076b4:	72024040 	.word	0x72024040
200076b8:	155647a7 	.word	0x155647a7
200076bc:	bf0b3c80 	.word	0xbf0b3c80
200076c0:	c6c018fc 	.word	0xc6c018fc
200076c4:	87c04c24 	.word	0x87c04c24
200076c8:	6d122a67 	.word	0x6d122a67
200076cc:	2f628e50 	.word	0x2f628e50
200076d0:	f0001538 	.word	0xf0001538
200076d4:	5713988f 	.word	0x5713988f
200076d8:	bff1431a 	.word	0xbff1431a
200076dc:	2a97170e 	.word	0x2a97170e
200076e0:	82f1af0b 	.word	0x82f1af0b
200076e4:	7770102a 	.word	0x7770102a
200076e8:	07961442 	.word	0x07961442
200076ec:	1c15971e 	.word	0x1c15971e
200076f0:	5ff5252d 	.word	0x5ff5252d
200076f4:	7db02f2e 	.word	0x7db02f2e
200076f8:	4fb43c57 	.word	0x4fb43c57
200076fc:	17d71f1c 	.word	0x17d71f1c
20007700:	a0ce2570 	.word	0xa0ce2570
20007704:	a8474f94 	.word	0xa8474f94
20007708:	6286daae 	.word	0x6286daae
2000770c:	ad2ea816 	.word	0xad2ea816
20007710:	d43a0fc4 	.word	0xd43a0fc4
20007714:	1eaf94b1 	.word	0x1eaf94b1
20007718:	1fcc9204 	.word	0x1fcc9204
2000771c:	b2409e81 	.word	0xb2409e81
20007720:	31624fba 	.word	0x31624fba
20007724:	05bfe7d0 	.word	0x05bfe7d0
20007728:	572e816e 	.word	0x572e816e
2000772c:	808e8e16 	.word	0x808e8e16
20007730:	050e1ef6 	.word	0x050e1ef6
20007734:	c8ad2b46 	.word	0xc8ad2b46
20007738:	7538871f 	.word	0x7538871f
2000773c:	40569c0e 	.word	0x40569c0e
20007740:	0038a7dc 	.word	0x0038a7dc
20007744:	6e3cc753 	.word	0x6e3cc753
20007748:	8e76fc17 	.word	0x8e76fc17
2000774c:	253c08f0 	.word	0x253c08f0
20007750:	0fa610b0 	.word	0x0fa610b0
20007754:	a5de11b8 	.word	0xa5de11b8
20007758:	0f05ae2c 	.word	0x0f05ae2c
2000775c:	8e151787 	.word	0x8e151787
20007760:	5f3c5210 	.word	0x5f3c5210
20007764:	c6be7300 	.word	0xc6be7300
20007768:	4e5ece2b 	.word	0x4e5ece2b
2000776c:	9a768e16 	.word	0x9a768e16
20007770:	f601a8de 	.word	0xf601a8de
20007774:	0e7c5eaa 	.word	0x0e7c5eaa
20007778:	6e781f8f 	.word	0x6e781f8f
2000777c:	59c65803 	.word	0x59c65803
20007780:	4a62b714 	.word	0x4a62b714
20007784:	a6b261ef 	.word	0xa6b261ef
20007788:	8f0a7c07 	.word	0x8f0a7c07
2000778c:	8fcf06c7 	.word	0x8fcf06c7
20007790:	f38f3c8f 	.word	0xf38f3c8f
20007794:	8f8fcf8f 	.word	0x8f8fcf8f
20007798:	8ff88f3c 	.word	0x8ff88f3c
2000779c:	0fa6014c 	.word	0x0fa6014c
200077a0:	2b972370 	.word	0x2b972370
200077a4:	3f2b4fca 	.word	0x3f2b4fca
200077a8:	2db48e3c 	.word	0x2db48e3c
200077ac:	dff21748 	.word	0xdff21748
200077b0:	428b3707 	.word	0x428b3707
200077b4:	0c01c0b7 	.word	0x0c01c0b7
200077b8:	2e74a03f 	.word	0x2e74a03f
200077bc:	186e0a80 	.word	0x186e0a80
200077c0:	a8009f0b 	.word	0xa8009f0b
200077c4:	beb15618 	.word	0xbeb15618
200077c8:	d79ce0a0 	.word	0xd79ce0a0
200077cc:	5f0c7f0c 	.word	0x5f0c7f0c
200077d0:	26f456dc 	.word	0x26f456dc
200077d4:	4fd20038 	.word	0x4fd20038
200077d8:	2570af28 	.word	0x2570af28
200077dc:	ee472328 	.word	0xee472328
200077e0:	7600ceb4 	.word	0x7600ceb4
200077e4:	cddd8696 	.word	0xcddd8696
200077e8:	4a188f02 	.word	0x4a188f02
200077ec:	c0d32f50 	.word	0xc0d32f50
200077f0:	ffe81637 	.word	0xffe81637
200077f4:	4fa101e2 	.word	0x4fa101e2
200077f8:	4d671cbe 	.word	0x4d671cbe
200077fc:	40bf6700 	.word	0x40bf6700
20007800:	4ba74d00 	.word	0x4ba74d00
20007804:	6300526f 	.word	0x6300526f
20007808:	10009257 	.word	0x10009257
2000780c:	e7e80760 	.word	0xe7e80760
20007810:	5c96355e 	.word	0x5c96355e
20007814:	4b0293ae 	.word	0x4b0293ae
20007818:	5b522f42 	.word	0x5b522f42
2000781c:	0502e6a8 	.word	0x0502e6a8
20007820:	fc5a6770 	.word	0xfc5a6770
20007824:	0fb00335 	.word	0x0fb00335
20007828:	e8a74eaa 	.word	0xe8a74eaa
2000782c:	f8011816 	.word	0xf8011816
20007830:	0124566f 	.word	0x0124566f
20007834:	d71167b0 	.word	0xd71167b0
20007838:	77033470 	.word	0x77033470
2000783c:	5fed0052 	.word	0x5fed0052
20007840:	200e8e04 	.word	0x200e8e04
20007844:	283c16f0 	.word	0x283c16f0
20007848:	debf4c46 	.word	0xdebf4c46
2000784c:	73023825 	.word	0x73023825
20007850:	7068306f 	.word	0x7068306f
20007854:	77a40140 	.word	0x77a40140
20007858:	30188f02 	.word	0x30188f02
2000785c:	686fa101 	.word	0x686fa101
20007860:	d2011ef6 	.word	0xd2011ef6
20007864:	e003256f 	.word	0xe003256f
20007868:	2034b292 	.word	0x2034b292
2000786c:	2b28ff2e 	.word	0x2b28ff2e
20007870:	6e0e8047 	.word	0x6e0e8047
20007874:	02004007 	.word	0x02004007
20007878:	5a6f0480 	.word	0x5a6f0480
2000787c:	243e1d00 	.word	0x243e1d00
20007880:	af6747b1 	.word	0xaf6747b1
20007884:	1640241f 	.word	0x1640241f
20007888:	0451ef23 	.word	0x0451ef23
2000788c:	6006b286 	.word	0x6006b286
20007890:	a396b11e 	.word	0xa396b11e
20007894:	8f344197 	.word	0x8f344197
20007898:	83aa9879 	.word	0x83aa9879
2000789c:	02c40c6f 	.word	0x02c40c6f
200078a0:	e70dc0e7 	.word	0xe70dc0e7
200078a4:	1f4c20c0 	.word	0x1f4c20c0
200078a8:	251fbf82 	.word	0x251fbf82
200078ac:	00028030 	.word	0x00028030
200078b0:	1880ef35 	.word	0x1880ef35
200078b4:	f006b1bf 	.word	0xf006b1bf
200078b8:	cf3e016f 	.word	0xcf3e016f
200078bc:	36873d02 	.word	0x36873d02
200078c0:	a1b81775 	.word	0xa1b81775
200078c4:	0f23c066 	.word	0x0f23c066
200078c8:	0746b442 	.word	0x0746b442
200078cc:	c2772f03 	.word	0xc2772f03
200078d0:	b67669b7 	.word	0xb67669b7
200078d4:	3723b5a1 	.word	0x3723b5a1
200078d8:	4d2f9b04 	.word	0x4d2f9b04
200078dc:	9c0080be 	.word	0x9c0080be
200078e0:	40a0a087 	.word	0x40a0a087
200078e4:	f8043f1c 	.word	0xf8043f1c
200078e8:	19c7b84f 	.word	0x19c7b84f
200078ec:	36380f7c 	.word	0x36380f7c
200078f0:	78807f3c 	.word	0x78807f3c
200078f4:	ee7e4b27 	.word	0xee7e4b27
200078f8:	06023c13 	.word	0x06023c13
200078fc:	bab0cf13 	.word	0xbab0cf13
20007900:	b0972113 	.word	0xb0972113
20007904:	b69bb318 	.word	0xb69bb318
20007908:	98091680 	.word	0x98091680
2000790c:	df0c2027 	.word	0xdf0c2027
20007910:	722bc030 	.word	0x722bc030
20007914:	d6a03021 	.word	0xd6a03021
20007918:	0291fe1a 	.word	0x0291fe1a
2000791c:	1330b7c4 	.word	0x1330b7c4
20007920:	ff078fe1 	.word	0xff078fe1
20007924:	84b3503c 	.word	0x84b3503c
20007928:	10072a45 	.word	0x10072a45
2000792c:	b7cffc32 	.word	0xb7cffc32
20007930:	b68f7626 	.word	0xb68f7626
20007934:	d0b5849e 	.word	0xd0b5849e
20007938:	d791b476 	.word	0xd791b476
2000793c:	ee380602 	.word	0xee380602
20007940:	e774191c 	.word	0xe774191c
20007944:	e2060f81 	.word	0xe2060f81
20007948:	1637dcff 	.word	0x1637dcff
2000794c:	0cff15f7 	.word	0x0cff15f7
20007950:	302e1889 	.word	0x302e1889
20007954:	ac276f5e 	.word	0xac276f5e
20007958:	c1269495 	.word	0xc1269495
2000795c:	783e95cc 	.word	0x783e95cc
20007960:	001029c0 	.word	0x001029c0
20007964:	9781af55 	.word	0x9781af55
20007968:	26324106 	.word	0x26324106
2000796c:	c042b646 	.word	0xc042b646
20007970:	b52746d7 	.word	0xb52746d7
20007974:	8ca15621 	.word	0x8ca15621
20007978:	7f3b00be 	.word	0x7f3b00be
2000797c:	fa0acf46 	.word	0xfa0acf46
20007980:	84957cbe 	.word	0x84957cbe
20007984:	a770578e 	.word	0xa770578e
20007988:	0f111646 	.word	0x0f111646
2000798c:	470207f6 	.word	0x470207f6
20007990:	a56fc414 	.word	0xa56fc414
20007994:	f1c20eb3 	.word	0xf1c20eb3
20007998:	5759172a 	.word	0x5759172a
2000799c:	57178d08 	.word	0x57178d08
200079a0:	11102afe 	.word	0x11102afe
200079a4:	be9c028c 	.word	0xbe9c028c
200079a8:	473c3719 	.word	0x473c3719
200079ac:	5e6ade58 	.word	0x5e6ade58
200079b0:	055e7d66 	.word	0x055e7d66
200079b4:	1557323c 	.word	0x1557323c
200079b8:	1e56077e 	.word	0x1e56077e
200079bc:	ff9ef1d7 	.word	0xff9ef1d7
200079c0:	60121602 	.word	0x60121602
200079c4:	77c4d647 	.word	0x77c4d647
200079c8:	9c87b34c 	.word	0x9c87b34c
200079cc:	c8ebaf0d 	.word	0xc8ebaf0d
200079d0:	8937479c 	.word	0x8937479c
200079d4:	f8d87e0e 	.word	0xf8d87e0e
200079d8:	cb5b043f 	.word	0xcb5b043f
200079dc:	fa78867f 	.word	0xfa78867f
200079e0:	8580bf8e 	.word	0x8580bf8e
200079e4:	bf780dbf 	.word	0xbf780dbf
200079e8:	bf871011 	.word	0xbf871011
200079ec:	f0420308 	.word	0xf0420308
200079f0:	69061017 	.word	0x69061017
200079f4:	b6e05a7f 	.word	0xb6e05a7f
200079f8:	8e64a05c 	.word	0x8e64a05c
200079fc:	9b5f7029 	.word	0x9b5f7029
20007a00:	80e7b46e 	.word	0x80e7b46e
20007a04:	bed04d24 	.word	0xbed04d24
20007a08:	37ebb36a 	.word	0x37ebb36a
20007a0c:	69476dbe 	.word	0x69476dbe
20007a10:	b42cdf5e 	.word	0xb42cdf5e
20007a14:	7fc11f83 	.word	0x7fc11f83
20007a18:	afe04a90 	.word	0xafe04a90
20007a1c:	ec1c7ea0 	.word	0xec1c7ea0
20007a20:	ae897f3f 	.word	0xae897f3f
20007a24:	0e86ca07 	.word	0x0e86ca07
20007a28:	8727839e 	.word	0x8727839e
20007a2c:	3c41cf07 	.word	0x3c41cf07
20007a30:	8f22292f 	.word	0x8f22292f
20007a34:	af712884 	.word	0xaf712884
20007a38:	c2583683 	.word	0xc2583683
20007a3c:	acfe274e 	.word	0xacfe274e
20007a40:	27f61850 	.word	0x27f61850
20007a44:	050bf0f6 	.word	0x050bf0f6
20007a48:	a7f00c07 	.word	0xa7f00c07
20007a4c:	5584b6bb 	.word	0x5584b6bb
20007a50:	23be5f5b 	.word	0x23be5f5b
20007a54:	7da48c8e 	.word	0x7da48c8e
20007a58:	b8f6d731 	.word	0xb8f6d731
20007a5c:	4bda1e9b 	.word	0x4bda1e9b
20007a60:	90eb167c 	.word	0x90eb167c
20007a64:	a77417e5 	.word	0xa77417e5
20007a68:	47560020 	.word	0x47560020
20007a6c:	183e0600 	.word	0x183e0600
20007a70:	b470708f 	.word	0xb470708f
20007a74:	d8f42738 	.word	0xd8f42738
20007a78:	d9c7d3b4 	.word	0xd9c7d3b4
20007a7c:	638c4f55 	.word	0x638c4f55
20007a80:	f006185e 	.word	0xf006185e
20007a84:	507777d7 	.word	0x507777d7
20007a88:	8e879010 	.word	0x8e879010
20007a8c:	d651208f 	.word	0xd651208f
20007a90:	621e8c2e 	.word	0x621e8c2e
20007a94:	4f8bb157 	.word	0x4f8bb157
20007a98:	0e8f7952 	.word	0x0e8f7952
20007a9c:	11466be6 	.word	0x11466be6
20007aa0:	542fe3b7 	.word	0x542fe3b7
20007aa4:	864690d6 	.word	0x864690d6
20007aa8:	2ea403b4 	.word	0x2ea403b4
20007aac:	0effcb21 	.word	0x0effcb21
20007ab0:	afd616c4 	.word	0xafd616c4
20007ab4:	0e0b4089 	.word	0x0e0b4089
20007ab8:	561fa825 	.word	0x561fa825
20007abc:	13ff0e98 	.word	0x13ff0e98
20007ac0:	3e5cff5f 	.word	0x3e5cff5f
20007ac4:	5e26d6c0 	.word	0x5e26d6c0
20007ac8:	5bdfa7d6 	.word	0x5bdfa7d6
20007acc:	8e8763ee 	.word	0x8e8763ee
20007ad0:	064fa7c0 	.word	0x064fa7c0
20007ad4:	b5ffd10a 	.word	0xb5ffd10a
20007ad8:	ce9616a9 	.word	0xce9616a9
20007adc:	4004cf60 	.word	0x4004cf60
20007ae0:	508d7f9b 	.word	0x508d7f9b
20007ae4:	2bebefb9 	.word	0x2bebefb9
20007ae8:	ee10a220 	.word	0xee10a220
20007aec:	183ea0d9 	.word	0x183ea0d9
20007af0:	12180e75 	.word	0x12180e75
20007af4:	04f6cf36 	.word	0x04f6cf36
20007af8:	9f5f9559 	.word	0x9f5f9559
20007afc:	ab90230e 	.word	0xab90230e
20007b00:	40acce43 	.word	0x40acce43
20007b04:	7fb9ffd0 	.word	0x7fb9ffd0
20007b08:	e400ff66 	.word	0xe400ff66
20007b0c:	8f778115 	.word	0x8f778115
20007b10:	59158021 	.word	0x59158021
20007b14:	dd50ff80 	.word	0xdd50ff80
20007b18:	271584b7 	.word	0x271584b7
20007b1c:	8f2610f6 	.word	0x8f2610f6
20007b20:	21200087 	.word	0x21200087
20007b24:	1e6b0530 	.word	0x1e6b0530
20007b28:	135c8f50 	.word	0x135c8f50
20007b2c:	4c97cc64 	.word	0x4c97cc64
20007b30:	4d27cc45 	.word	0x4d27cc45
20007b34:	13c6df03 	.word	0x13c6df03
20007b38:	3a046fa2 	.word	0x3a046fa2
20007b3c:	a7a5a9b7 	.word	0xa7a5a9b7
20007b40:	26b82538 	.word	0x26b82538
20007b44:	25048007 	.word	0x25048007
20007b48:	2b37c387 	.word	0x2b37c387
20007b4c:	5ac0e08e 	.word	0x5ac0e08e
20007b50:	a48f7084 	.word	0xa48f7084
20007b54:	fe4dfff4 	.word	0xfe4dfff4
20007b58:	12aae08e 	.word	0x12aae08e
20007b5c:	0212ddde 	.word	0x0212ddde
20007b60:	a9118117 	.word	0xa9118117
20007b64:	5c57c0c6 	.word	0x5c57c0c6
20007b68:	e0906023 	.word	0xe0906023
20007b6c:	b8608001 	.word	0xb8608001
20007b70:	cc602184 	.word	0xcc602184
20007b74:	12970607 	.word	0x12970607
20007b78:	8d837656 	.word	0x8d837656
20007b7c:	e0f45713 	.word	0xe0f45713
20007b80:	bf2d1202 	.word	0xbf2d1202
20007b84:	5959366f 	.word	0x5959366f
20007b88:	50165e2f 	.word	0x50165e2f
20007b8c:	df468bb5 	.word	0xdf468bb5
20007b90:	afeb58ea 	.word	0xafeb58ea
20007b94:	01201e7c 	.word	0x01201e7c
20007b98:	17768fb8 	.word	0x17768fb8
20007b9c:	e5d3e63c 	.word	0xe5d3e63c
20007ba0:	5cbcdf26 	.word	0x5cbcdf26
20007ba4:	002484b5 	.word	0x002484b5
20007ba8:	6ceb2f45 	.word	0x6ceb2f45
20007bac:	d29771b5 	.word	0xd29771b5
20007bb0:	2d3f2c50 	.word	0x2d3f2c50
20007bb4:	ce1c9f4e 	.word	0xce1c9f4e
20007bb8:	83e45f0d 	.word	0x83e45f0d
20007bbc:	f02d3726 	.word	0xf02d3726
20007bc0:	21260b1f 	.word	0x21260b1f
20007bc4:	3e161488 	.word	0x3e161488
20007bc8:	17ea02ee 	.word	0x17ea02ee
20007bcc:	3d1fdc7c 	.word	0x3d1fdc7c
20007bd0:	18792611 	.word	0x18792611
20007bd4:	3516e824 	.word	0x3516e824
20007bd8:	2417363e 	.word	0x2417363e
20007bdc:	0f5f04c1 	.word	0x0f5f04c1
20007be0:	183f1848 	.word	0x183f1848
20007be4:	2f3c093f 	.word	0x2f3c093f
20007be8:	4e816f93 	.word	0x4e816f93
20007bec:	c1848c4f 	.word	0xc1848c4f
20007bf0:	c1578400 	.word	0xc1578400
20007bf4:	a157817f 	.word	0xa157817f
20007bf8:	d0d7eb12 	.word	0xd0d7eb12
20007bfc:	1fbce09f 	.word	0x1fbce09f
20007c00:	5734b70c 	.word	0x5734b70c
20007c04:	5401083e 	.word	0x5401083e
20007c08:	df0dad0f 	.word	0xdf0dad0f
20007c0c:	37e74db5 	.word	0x37e74db5
20007c10:	2f06c6db 	.word	0x2f06c6db
20007c14:	d797bb5a 	.word	0xd797bb5a
20007c18:	e5df6e1f 	.word	0xe5df6e1f
20007c1c:	b0a5b5e8 	.word	0xb0a5b5e8
20007c20:	ce0323c7 	.word	0xce0323c7
20007c24:	e5a7b51a 	.word	0xe5a7b51a
20007c28:	0457ed47 	.word	0x0457ed47
20007c2c:	c84ebd99 	.word	0xc84ebd99
20007c30:	740440ff 	.word	0x740440ff
20007c34:	c5feb55f 	.word	0xc5feb55f
20007c38:	01018fbf 	.word	0x01018fbf
20007c3c:	38412c64 	.word	0x38412c64
20007c40:	0e3840c6 	.word	0x0e3840c6
20007c44:	e17e7a1a 	.word	0xe17e7a1a
20007c48:	d01e0c1f 	.word	0xd01e0c1f
20007c4c:	0f65ec66 	.word	0x0f65ec66
20007c50:	bf2edf05 	.word	0xbf2edf05
20007c54:	36d7424b 	.word	0x36d7424b
20007c58:	671609ce 	.word	0x671609ce
20007c5c:	e96fd520 	.word	0xe96fd520
20007c60:	d791b5fc 	.word	0xd791b5fc
20007c64:	cf30be8c 	.word	0xcf30be8c
20007c68:	841ee288 	.word	0x841ee288
20007c6c:	82d71297 	.word	0x82d71297
20007c70:	8f3d1f70 	.word	0x8f3d1f70
20007c74:	b7ffb4a5 	.word	0xb7ffb4a5
20007c78:	1658c766 	.word	0x1658c766
20007c7c:	230e02df 	.word	0x230e02df
20007c80:	90161e20 	.word	0x90161e20
20007c84:	2f9647b3 	.word	0x2f9647b3
20007c88:	9e21043f 	.word	0x9e21043f
20007c8c:	03e1ce03 	.word	0x03e1ce03
20007c90:	d2254c3c 	.word	0xd2254c3c
20007c94:	ac16f43f 	.word	0xac16f43f
20007c98:	bd4e96ce 	.word	0xbd4e96ce
20007c9c:	d05e3446 	.word	0xd05e3446
20007ca0:	8e05667e 	.word	0x8e05667e
20007ca4:	8ebee892 	.word	0x8ebee892
20007ca8:	f44107e4 	.word	0xf44107e4
20007cac:	2527af97 	.word	0x2527af97
20007cb0:	aea50623 	.word	0xaea50623
20007cb4:	8a541e75 	.word	0x8a541e75
20007cb8:	938f5517 	.word	0x938f5517
20007cbc:	5daec04e 	.word	0x5daec04e
20007cc0:	42802cde 	.word	0x42802cde
20007cc4:	20a82f6c 	.word	0x20a82f6c
20007cc8:	892415fa 	.word	0x892415fa
20007ccc:	0e114ff6 	.word	0x0e114ff6
20007cd0:	57f19080 	.word	0x57f19080
20007cd4:	ae78a7f8 	.word	0xae78a7f8
20007cd8:	f278236a 	.word	0xf278236a
20007cdc:	0f78ded8 	.word	0x0f78ded8
20007ce0:	cff6a602 	.word	0xcff6a602
20007ce4:	19ffa71e 	.word	0x19ffa71e
20007ce8:	f7a5583c 	.word	0xf7a5583c
20007cec:	c1682126 	.word	0xc1682126
20007cf0:	71860312 	.word	0x71860312
20007cf4:	103401b1 	.word	0x103401b1
20007cf8:	977037ad 	.word	0x977037ad
20007cfc:	022210f8 	.word	0x022210f8
20007d00:	078a0361 	.word	0x078a0361
20007d04:	809fde54 	.word	0x809fde54
20007d08:	50f760b6 	.word	0x50f760b6
20007d0c:	f65069e6 	.word	0xf65069e6
20007d10:	2e562b12 	.word	0x2e562b12
20007d14:	57734358 	.word	0x57734358
20007d18:	eb1e7062 	.word	0xeb1e7062
20007d1c:	810e5a17 	.word	0x810e5a17
20007d20:	20a98f93 	.word	0x20a98f93
20007d24:	492e46c3 	.word	0x492e46c3
20007d28:	4fa94800 	.word	0x4fa94800
20007d2c:	404f4f00 	.word	0x404f4f00
20007d30:	c667a3b6 	.word	0xc667a3b6
20007d34:	2723b6ac 	.word	0x2723b6ac
20007d38:	a709b3a8 	.word	0xa709b3a8
20007d3c:	c6ffb2c3 	.word	0xc6ffb2c3
20007d40:	21049706 	.word	0x21049706
20007d44:	ffac66f8 	.word	0xffac66f8
20007d48:	ab377e41 	.word	0xab377e41
20007d4c:	35c67432 	.word	0x35c67432
20007d50:	42ff0306 	.word	0x42ff0306
20007d54:	05c6b143 	.word	0x05c6b143
20007d58:	47e3a083 	.word	0x47e3a083
20007d5c:	6efd598f 	.word	0x6efd598f
20007d60:	02433f2f 	.word	0x02433f2f
20007d64:	4722c156 	.word	0x4722c156
20007d68:	4d67c862 	.word	0x4d67c862
20007d6c:	871d6758 	.word	0x871d6758
20007d70:	c68678fe 	.word	0xc68678fe
20007d74:	13b51424 	.word	0x13b51424
20007d78:	9ed4d2d7 	.word	0x9ed4d2d7
20007d7c:	0ec1ef83 	.word	0x0ec1ef83
20007d80:	0daa6a86 	.word	0x0daa6a86
20007d84:	42288ace 	.word	0x42288ace
20007d88:	c2664a02 	.word	0xc2664a02
20007d8c:	471d4c8d 	.word	0x471d4c8d
20007d90:	405e0f20 	.word	0x405e0f20
20007d94:	32152e18 	.word	0x32152e18
20007d98:	f395d481 	.word	0xf395d481
20007d9c:	c052cfb8 	.word	0xc052cfb8
20007da0:	58a71ca6 	.word	0x58a71ca6
20007da4:	579ec703 	.word	0x579ec703
20007da8:	25efde9b 	.word	0x25efde9b
20007dac:	122e0300 	.word	0x122e0300
20007db0:	9ef8cfc3 	.word	0x9ef8cfc3
20007db4:	02620007 	.word	0x02620007
20007db8:	50e19770 	.word	0x50e19770
20007dbc:	f4079fab 	.word	0xf4079fab
20007dc0:	842724ac 	.word	0x842724ac
20007dc4:	81474ae3 	.word	0x81474ae3
20007dc8:	af304ef0 	.word	0xaf304ef0
20007dcc:	02a01f4c 	.word	0x02a01f4c
20007dd0:	bc6fc157 	.word	0xbc6fc157
20007dd4:	1662ffab 	.word	0x1662ffab
20007dd8:	81840f50 	.word	0x81840f50
20007ddc:	6f80c3ee 	.word	0x6f80c3ee
20007de0:	a9b66478 	.word	0xa9b66478
20007de4:	7ba3ac47 	.word	0x7ba3ac47
20007de8:	471020a6 	.word	0x471020a6
20007dec:	7816faef 	.word	0x7816faef
20007df0:	2e10367a 	.word	0x2e10367a
20007df4:	a016c0df 	.word	0xa016c0df
20007df8:	672e1086 	.word	0x672e1086
20007dfc:	982ef68c 	.word	0x982ef68c
20007e00:	8f1dc057 	.word	0x8f1dc057
20007e04:	61cf01a1 	.word	0x61cf01a1
20007e08:	e1ff9f0a 	.word	0xe1ff9f0a
20007e0c:	000c0705 	.word	0x000c0705
20007e10:	970e0800 	.word	0x970e0800
20007e14:	cfb60b23 	.word	0xcfb60b23
20007e18:	6708214f 	.word	0x6708214f
20007e1c:	621871cf 	.word	0x621871cf
20007e20:	c76e8490 	.word	0xc76e8490
20007e24:	015623fc 	.word	0x015623fc
20007e28:	18b0ff27 	.word	0x18b0ff27
20007e2c:	6f60b082 	.word	0x6f60b082
20007e30:	bedafb6a 	.word	0xbedafb6a
20007e34:	87918326 	.word	0x87918326
20007e38:	9d40369c 	.word	0x9d40369c
20007e3c:	c2021ff7 	.word	0xc2021ff7
20007e40:	66801a26 	.word	0x66801a26
20007e44:	051206ce 	.word	0x051206ce
20007e48:	34587a8f 	.word	0x34587a8f
20007e4c:	57d7f052 	.word	0x57d7f052
20007e50:	2a083f39 	.word	0x2a083f39
20007e54:	e450bc8f 	.word	0xe450bc8f
20007e58:	45c15f43 	.word	0x45c15f43
20007e5c:	dd40687f 	.word	0xdd40687f
20007e60:	4a044517 	.word	0x4a044517
20007e64:	a63b13af 	.word	0xa63b13af
20007e68:	a202787e 	.word	0xa202787e
20007e6c:	3fa5c845 	.word	0x3fa5c845
20007e70:	b0d79809 	.word	0xb0d79809
20007e74:	e8e247ed 	.word	0xe8e247ed
20007e78:	deb726e1 	.word	0xdeb726e1
20007e7c:	4251469e 	.word	0x4251469e
20007e80:	52390cb9 	.word	0x52390cb9
20007e84:	e414e40a 	.word	0xe414e40a
20007e88:	20932b53 	.word	0x20932b53
20007e8c:	22b05492 	.word	0x22b05492
20007e90:	24196f2e 	.word	0x24196f2e
20007e94:	f48b6769 	.word	0xf48b6769
20007e98:	e8e2c16e 	.word	0xe8e2c16e
20007e9c:	556e6faf 	.word	0x556e6faf
20007ea0:	842f6e25 	.word	0x842f6e25
20007ea4:	2b471756 	.word	0x2b471756
20007ea8:	a03e565b 	.word	0xa03e565b
20007eac:	6e302fbd 	.word	0x6e302fbd
20007eb0:	c504b99f 	.word	0xc504b99f
20007eb4:	560821ef 	.word	0x560821ef
20007eb8:	a7fa02c7 	.word	0xa7fa02c7
20007ebc:	b63eba8b 	.word	0xb63eba8b
20007ec0:	8b0b2484 	.word	0x8b0b2484
20007ec4:	b7d0b787 	.word	0xb7d0b787
20007ec8:	06e5c722 	.word	0x06e5c722
20007ecc:	4fb04127 	.word	0x4fb04127
20007ed0:	e40509c8 	.word	0xe40509c8
20007ed4:	4009e4f0 	.word	0x4009e4f0
20007ed8:	dafe875a 	.word	0xdafe875a
20007edc:	10239c0e 	.word	0x10239c0e
20007ee0:	2101fe14 	.word	0x2101fe14
20007ee4:	23a08fff 	.word	0x23a08fff
20007ee8:	57108e25 	.word	0x57108e25
20007eec:	05a0ccef 	.word	0x05a0ccef
20007ef0:	8b001e2c 	.word	0x8b001e2c
20007ef4:	000211f6 	.word	0x000211f6
20007ef8:	12384f1b 	.word	0x12384f1b
20007efc:	482463ff 	.word	0x482463ff
20007f00:	44afb701 	.word	0x44afb701
20007f04:	afb6fd01 	.word	0xafb6fd01
20007f08:	afb50140 	.word	0xafb50140
20007f0c:	afb49057 	.word	0xafb49057
20007f10:	df01a04c 	.word	0xdf01a04c
20007f14:	afb3016e 	.word	0xafb3016e
20007f18:	02000134 	.word	0x02000134
20007f1c:	46018eee 	.word	0x46018eee
20007f20:	5f870a00 	.word	0x5f870a00
20007f24:	00e8707f 	.word	0x00e8707f
20007f28:	3e238c53 	.word	0x3e238c53
20007f2c:	01ae6e09 	.word	0x01ae6e09
20007f30:	3c15febd 	.word	0x3c15febd
20007f34:	04101182 	.word	0x04101182
20007f38:	24165482 	.word	0x24165482
20007f3c:	763f9821 	.word	0x763f9821
20007f40:	d0570211 	.word	0xd0570211
20007f44:	5246f55a 	.word	0x5246f55a
20007f48:	7d97838c 	.word	0x7d97838c
20007f4c:	43129342 	.word	0x43129342
20007f50:	baa47f9f 	.word	0xbaa47f9f
20007f54:	bb5026b5 	.word	0xbb5026b5
20007f58:	1826ead6 	.word	0x1826ead6
20007f5c:	2af6be01 	.word	0x2af6be01
20007f60:	1a02f210 	.word	0x1a02f210
20007f64:	382e3d04 	.word	0x382e3d04
20007f68:	d7962a40 	.word	0xd7962a40
20007f6c:	fbbe8e70 	.word	0xfbbe8e70
20007f70:	10818292 	.word	0x10818292
20007f74:	8505c09e 	.word	0x8505c09e
20007f78:	afa0a22e 	.word	0xafa0a22e
20007f7c:	66bbafe1 	.word	0x66bbafe1
20007f80:	fe080120 	.word	0xfe080120
20007f84:	a5011c1f 	.word	0xa5011c1f
20007f88:	8f06f7af 	.word	0x8f06f7af
20007f8c:	16a3081e 	.word	0x16a3081e
20007f90:	78cf6e80 	.word	0x78cf6e80
20007f94:	11a112e0 	.word	0x11a112e0
20007f98:	0621de58 	.word	0x0621de58
20007f9c:	12e4461b 	.word	0x12e4461b
20007fa0:	a216a3bd 	.word	0xa216a3bd
20007fa4:	001b06fa 	.word	0x001b06fa
20007fa8:	840f5446 	.word	0x840f5446
20007fac:	c8f1af85 	.word	0xc8f1af85
20007fb0:	ba3641ba 	.word	0xba3641ba
20007fb4:	798e240e 	.word	0x798e240e
20007fb8:	8c779d09 	.word	0x8c779d09
20007fbc:	700f9009 	.word	0x700f9009
20007fc0:	fe738fd6 	.word	0xfe738fd6
20007fc4:	8f8fcf8f 	.word	0x8f8fcf8f
20007fc8:	f61c8f3c 	.word	0xf61c8f3c
20007fcc:	fc8ff08f 	.word	0xfc8ff08f
20007fd0:	012c8f7e 	.word	0x012c8f7e
20007fd4:	8650cf53 	.word	0x8650cf53
20007fd8:	eadaa601 	.word	0xeadaa601
20007fdc:	4c51d6ff 	.word	0x4c51d6ff
20007fe0:	d66b2602 	.word	0xd66b2602
20007fe4:	ada01653 	.word	0xada01653
20007fe8:	069617ce 	.word	0x069617ce
20007fec:	a51b8024 	.word	0xa51b8024
20007ff0:	ce540067 	.word	0xce540067
20007ff4:	df6fe727 	.word	0xdf6fe727
20007ff8:	48e6e320 	.word	0x48e6e320
20007ffc:	d6070fd8 	.word	0xd6070fd8
20008000:	b6380027 	.word	0xb6380027
20008004:	2aa68628 	.word	0x2aa68628
20008008:	f75240b6 	.word	0xf75240b6
2000800c:	168c422e 	.word	0x168c422e
20008010:	24088fc4 	.word	0x24088fc4
20008014:	cff0449f 	.word	0xcff0449f
20008018:	bb10e658 	.word	0xbb10e658
2000801c:	4c461009 	.word	0x4c461009
20008020:	2dd2c09f 	.word	0x2dd2c09f
20008024:	93a6f0b7 	.word	0x93a6f0b7
20008028:	16e65023 	.word	0x16e65023
2000802c:	ec64d648 	.word	0xec64d648
20008030:	b68b06ae 	.word	0xb68b06ae
20008034:	52bc1482 	.word	0x52bc1482
20008038:	c66ea10e 	.word	0xc66ea10e
2000803c:	e7563b0b 	.word	0xe7563b0b
20008040:	a87b2e83 	.word	0xa87b2e83
20008044:	bfd567af 	.word	0xbfd567af
20008048:	70ce2321 	.word	0x70ce2321
2000804c:	800733b7 	.word	0x800733b7
20008050:	85ffa95e 	.word	0x85ffa95e
20008054:	3d0783ee 	.word	0x3d0783ee
20008058:	df588f4e 	.word	0xdf588f4e
2000805c:	d5eead20 	.word	0xd5eead20
20008060:	cf7a1747 	.word	0xcf7a1747
20008064:	6f738809 	.word	0x6f738809
20008068:	07928306 	.word	0x07928306
2000806c:	28deae00 	.word	0x28deae00
20008070:	ee770e0c 	.word	0xee770e0c
20008074:	7ba21082 	.word	0x7ba21082
20008078:	dbd653c6 	.word	0xdbd653c6
2000807c:	a31416e6 	.word	0xa31416e6
20008080:	36dde43d 	.word	0x36dde43d
20008084:	3670e1e7 	.word	0x3670e1e7
20008088:	06a2176b 	.word	0x06a2176b
2000808c:	1a16dedc 	.word	0x1a16dedc
20008090:	0e06a31f 	.word	0x0e06a31f
20008094:	5f4e675f 	.word	0x5f4e675f
20008098:	044fda5b 	.word	0x044fda5b
2000809c:	ff340807 	.word	0xff340807
200080a0:	11061898 	.word	0x11061898
200080a4:	27329682 	.word	0x27329682
200080a8:	ef86c152 	.word	0xef86c152
200080ac:	5eae0ba2 	.word	0x5eae0ba2
200080b0:	ef06ef90 	.word	0xef06ef90
200080b4:	2786dd50 	.word	0x2786dd50
200080b8:	5fd80380 	.word	0x5fd80380
200080bc:	734b27a2 	.word	0x734b27a2
200080c0:	98b1802f 	.word	0x98b1802f
200080c4:	e71fa117 	.word	0xe71fa117
200080c8:	101e600e 	.word	0x101e600e
200080cc:	c7d17ff2 	.word	0xc7d17ff2
200080d0:	8fd89ede 	.word	0x8fd89ede
200080d4:	bb80747f 	.word	0xbb80747f
200080d8:	86521e48 	.word	0x86521e48
200080dc:	058ea290 	.word	0x058ea290
200080e0:	a4182f42 	.word	0xa4182f42
200080e4:	e25c9630 	.word	0xe25c9630
200080e8:	4b628e73 	.word	0x4b628e73
200080ec:	26f7627f 	.word	0x26f7627f
200080f0:	14c496b7 	.word	0x14c496b7
200080f4:	43f554b7 	.word	0x43f554b7
200080f8:	464c3fa9 	.word	0x464c3fa9
200080fc:	ada7cd04 	.word	0xada7cd04
20008100:	42124e58 	.word	0x42124e58
20008104:	86978ea1 	.word	0x86978ea1
20008108:	009e1c25 	.word	0x009e1c25
2000810c:	2ed00fae 	.word	0x2ed00fae
20008110:	b06f310f 	.word	0xb06f310f
20008114:	427bac82 	.word	0x427bac82
20008118:	fd0620ac 	.word	0xfd0620ac
2000811c:	a08005c8 	.word	0xa08005c8
20008120:	d7390825 	.word	0xd7390825
20008124:	8485024d 	.word	0x8485024d
20008128:	ebde85a0 	.word	0xebde85a0
2000812c:	17a60060 	.word	0x17a60060
20008130:	974c0403 	.word	0x974c0403
20008134:	00de1ada 	.word	0x00de1ada
20008138:	36da1fb3 	.word	0x36da1fb3
2000813c:	e6b890aa 	.word	0xe6b890aa
20008140:	b7750028 	.word	0xb7750028
20008144:	bf0082ee 	.word	0xbf0082ee
20008148:	86a0566a 	.word	0x86a0566a
2000814c:	c0777417 	.word	0xc0777417
20008150:	38408e30 	.word	0x38408e30
20008154:	0e867636 	.word	0x0e867636
20008158:	82ffecf0 	.word	0x82ffecf0
2000815c:	f09f2a24 	.word	0xf09f2a24
20008160:	3ea011ac 	.word	0x3ea011ac
20008164:	5811b087 	.word	0x5811b087
20008168:	086f1650 	.word	0x086f1650
2000816c:	c2184077 	.word	0xc2184077
20008170:	504e70e6 	.word	0x504e70e6
20008174:	6f70a57e 	.word	0x6f70a57e
20008178:	2843665c 	.word	0x2843665c
2000817c:	97392813 	.word	0x97392813
20008180:	071fe148 	.word	0x071fe148
20008184:	be0f8d0f 	.word	0xbe0f8d0f
20008188:	4b012630 	.word	0x4b012630
2000818c:	5baf68d7 	.word	0x5baf68d7
20008190:	d3a076f0 	.word	0xd3a076f0
20008194:	2d1f2d14 	.word	0x2d1f2d14
20008198:	a5e0472f 	.word	0xa5e0472f
2000819c:	1f9fa111 	.word	0x1f9fa111
200081a0:	1b4311d4 	.word	0x1b4311d4
200081a4:	27844750 	.word	0x27844750
200081a8:	16dc8037 	.word	0x16dc8037
200081ac:	a446de14 	.word	0xa446de14
200081b0:	f8966ef0 	.word	0xf8966ef0
200081b4:	32414496 	.word	0x32414496
200081b8:	63f60a2f 	.word	0x63f60a2f
200081bc:	04ff74a4 	.word	0x04ff74a4
200081c0:	03ff8e01 	.word	0x03ff8e01
200081c4:	40dfa167 	.word	0x40dfa167
200081c8:	0d162fd2 	.word	0x0d162fd2
200081cc:	c418c287 	.word	0xc418c287
200081d0:	d61c8ccf 	.word	0xd61c8ccf
200081d4:	63b66124 	.word	0x63b66124
200081d8:	11ccc4c6 	.word	0x11ccc4c6
200081dc:	1c84c7c7 	.word	0x1c84c7c7
200081e0:	c4304fa7 	.word	0xc4304fa7
200081e4:	f0151e68 	.word	0xf0151e68
200081e8:	302eb116 	.word	0x302eb116
200081ec:	011f43ae 	.word	0x011f43ae
200081f0:	16053f0f 	.word	0x16053f0f
200081f4:	4305e0d4 	.word	0x4305e0d4
200081f8:	27d645ac 	.word	0x27d645ac
200081fc:	83cf6332 	.word	0x83cf6332
20008200:	bdacb705 	.word	0xbdacb705
20008204:	a583d32f 	.word	0xa583d32f
20008208:	b70f0286 	.word	0xb70f0286
2000820c:	210975e1 	.word	0x210975e1
20008210:	b71a7770 	.word	0xb71a7770
20008214:	6ff886b1 	.word	0x6ff886b1
20008218:	942f7f11 	.word	0x942f7f11
2000821c:	a6761c11 	.word	0xa6761c11
20008220:	23a45eff 	.word	0x23a45eff
20008224:	2202ac44 	.word	0x2202ac44
20008228:	f017410f 	.word	0xf017410f
2000822c:	37cbd404 	.word	0x37cbd404
20008230:	ae00603e 	.word	0xae00603e
20008234:	0270ff50 	.word	0x0270ff50
20008238:	89b49fc7 	.word	0x89b49fc7
2000823c:	453e1d08 	.word	0x453e1d08
20008240:	8cf87f0f 	.word	0x8cf87f0f
20008244:	f796ec08 	.word	0xf796ec08
20008248:	c266b581 	.word	0xc266b581
2000824c:	ef971124 	.word	0xef971124
20008250:	ce473057 	.word	0xce473057
20008254:	7836e0e4 	.word	0x7836e0e4
20008258:	ceae01cf 	.word	0xceae01cf
2000825c:	3cc79320 	.word	0x3cc79320
20008260:	0682239c 	.word	0x0682239c
20008264:	afb3d21e 	.word	0xafb3d21e
20008268:	130ff1da 	.word	0x130ff1da
2000826c:	6cef7220 	.word	0x6cef7220
20008270:	348e648e 	.word	0x348e648e
20008274:	c75102de 	.word	0xc75102de
20008278:	04de8c81 	.word	0x04de8c81
2000827c:	26b19ee1 	.word	0x26b19ee1
20008280:	ee802652 	.word	0xee802652
20008284:	0e952c5f 	.word	0x0e952c5f
20008288:	3024284d 	.word	0x3024284d
2000828c:	0067b548 	.word	0x0067b548
20008290:	080d8f2c 	.word	0x080d8f2c
20008294:	1edc25de 	.word	0x1edc25de
20008298:	04a19056 	.word	0x04a19056
2000829c:	81c3472d 	.word	0x81c3472d
200082a0:	847e6312 	.word	0x847e6312
200082a4:	8f0f7017 	.word	0x8f0f7017
200082a8:	d4347807 	.word	0xd4347807
200082ac:	ffa22484 	.word	0xffa22484
200082b0:	ffed3611 	.word	0xffed3611
200082b4:	9c8fcee7 	.word	0x9c8fcee7
200082b8:	7f40218f 	.word	0x7f40218f
200082bc:	01bf8421 	.word	0x01bf8421
200082c0:	003cbe9f 	.word	0x003cbe9f
200082c4:	f0d751ab 	.word	0xf0d751ab
200082c8:	b3118b42 	.word	0xb3118b42
200082cc:	d540e987 	.word	0xd540e987
200082d0:	6e7f17c7 	.word	0x6e7f17c7
200082d4:	d45c263e 	.word	0xd45c263e
200082d8:	d6a002b5 	.word	0xd6a002b5
200082dc:	18975811 	.word	0x18975811
200082e0:	86ee14bf 	.word	0x86ee14bf
200082e4:	97acb66a 	.word	0x97acb66a
200082e8:	02067ed8 	.word	0x02067ed8
200082ec:	7c14f620 	.word	0x7c14f620
200082f0:	18006616 	.word	0x18006616
200082f4:	388711e7 	.word	0x388711e7
200082f8:	a05b9047 	.word	0xa05b9047
200082fc:	e60b1298 	.word	0xe60b1298
20008300:	c2d0ae45 	.word	0xc2d0ae45
20008304:	d746a217 	.word	0xd746a217
20008308:	55028e1c 	.word	0x55028e1c
2000830c:	7f161108 	.word	0x7f161108
20008310:	9403a704 	.word	0x9403a704
20008314:	2c0fb03a 	.word	0x2c0fb03a
20008318:	0bae229e 	.word	0x0bae229e
2000831c:	a1cd8436 	.word	0xa1cd8436
20008320:	096ea69e 	.word	0x096ea69e
20008324:	a7a96e66 	.word	0xa7a96e66
20008328:	c1e09705 	.word	0xc1e09705
2000832c:	bb852f4f 	.word	0xbb852f4f
20008330:	08db241e 	.word	0x08db241e
20008334:	dd46d70a 	.word	0xdd46d70a
20008338:	7ec0777f 	.word	0x7ec0777f
2000833c:	062ef0be 	.word	0x062ef0be
20008340:	57041200 	.word	0x57041200
20008344:	b716376e 	.word	0xb716376e
20008348:	d4d03f76 	.word	0xd4d03f76
2000834c:	05616f9a 	.word	0x05616f9a
20008350:	150a6fab 	.word	0x150a6fab
20008354:	0c7f6c07 	.word	0x0c7f6c07
20008358:	250b97dc 	.word	0x250b97dc
2000835c:	603c061f 	.word	0x603c061f
20008360:	82c60ac0 	.word	0x82c60ac0
20008364:	4b25b7e1 	.word	0x4b25b7e1
20008368:	ecb99f37 	.word	0xecb99f37
2000836c:	087042d4 	.word	0x087042d4
20008370:	b65e7406 	.word	0xb65e7406
20008374:	fe104f64 	.word	0xfe104f64
20008378:	234eb693 	.word	0x234eb693
2000837c:	903c1f62 	.word	0x903c1f62
20008380:	6fb82128 	.word	0x6fb82128
20008384:	66fc1bc2 	.word	0x66fc1bc2
20008388:	ac6223ac 	.word	0xac6223ac
2000838c:	b77fa824 	.word	0xb77fa824
20008390:	002878e7 	.word	0x002878e7
20008394:	1f21ac43 	.word	0x1f21ac43
20008398:	07040493 	.word	0x07040493
2000839c:	d500e400 	.word	0xd500e400
200083a0:	abd090a9 	.word	0xabd090a9
200083a4:	1bb10992 	.word	0x1bb10992
200083a8:	e7465227 	.word	0xe7465227
200083ac:	4211e0bf 	.word	0x4211e0bf
200083b0:	8f35438c 	.word	0x8f35438c
200083b4:	2cfcf2e2 	.word	0x2cfcf2e2
200083b8:	047e5fdb 	.word	0x047e5fdb
200083bc:	10427615 	.word	0x10427615
200083c0:	174bf7ab 	.word	0x174bf7ab
200083c4:	ed902caf 	.word	0xed902caf
200083c8:	1c26c5c0 	.word	0x1c26c5c0
200083cc:	82772709 	.word	0x82772709
200083d0:	6f4f123e 	.word	0x6f4f123e
200083d4:	1200a2f0 	.word	0x1200a2f0
200083d8:	d9404f2a 	.word	0xd9404f2a
200083dc:	8eac7280 	.word	0x8eac7280
200083e0:	dd6400a6 	.word	0xdd6400a6
200083e4:	3a4033f7 	.word	0x3a4033f7
200083e8:	80674107 	.word	0x80674107
200083ec:	4f0dd68e 	.word	0x4f0dd68e
200083f0:	070ad286 	.word	0x070ad286
200083f4:	cf0abf9d 	.word	0xcf0abf9d
200083f8:	46082c86 	.word	0x46082c86
200083fc:	0b447ca7 	.word	0x0b447ca7
20008400:	0b0c8e67 	.word	0x0b0c8e67
20008404:	11ee440f 	.word	0x11ee440f
20008408:	d524f54f 	.word	0xd524f54f
2000840c:	5520b618 	.word	0x5520b618
20008410:	879d346e 	.word	0x879d346e
20008414:	8f2a01b4 	.word	0x8f2a01b4
20008418:	bebf9f15 	.word	0xbebf9f15
2000841c:	0f03b734 	.word	0x0f03b734
20008420:	b6be38d5 	.word	0xb6be38d5
20008424:	9a8e1466 	.word	0x9a8e1466
20008428:	3e0f1086 	.word	0x3e0f1086
2000842c:	966a0290 	.word	0x966a0290
20008430:	27c9ca73 	.word	0x27c9ca73
20008434:	725576a0 	.word	0x725576a0
20008438:	401eef26 	.word	0x401eef26
2000843c:	5e001588 	.word	0x5e001588
20008440:	35564d27 	.word	0x35564d27
20008444:	1e600289 	.word	0x1e600289
20008448:	441ffa69 	.word	0x441ffa69
2000844c:	ce8d7778 	.word	0xce8d7778
20008450:	948e6102 	.word	0x948e6102
20008454:	2680beab 	.word	0x2680beab
20008458:	10f62a88 	.word	0x10f62a88
2000845c:	c03f5ca4 	.word	0xc03f5ca4
20008460:	42eeef18 	.word	0x42eeef18
20008464:	4400031b 	.word	0x4400031b
20008468:	d5500fe7 	.word	0xd5500fe7
2000846c:	0724a284 	.word	0x0724a284
20008470:	d7194005 	.word	0xd7194005
20008474:	be6f9953 	.word	0xbe6f9953
20008478:	b69ab7a6 	.word	0xb69ab7a6
2000847c:	bf4c02b5 	.word	0xbf4c02b5
20008480:	155f2802 	.word	0x155f2802
20008484:	dc24863e 	.word	0xdc24863e
20008488:	560e2ad7 	.word	0x560e2ad7
2000848c:	aa607e0d 	.word	0xaa607e0d
20008490:	60864f10 	.word	0x60864f10
20008494:	ea5bdef8 	.word	0xea5bdef8
20008498:	ef589f62 	.word	0xef589f62
2000849c:	e608e261 	.word	0xe608e261
200084a0:	21f81e5f 	.word	0x21f81e5f
200084a4:	18009220 	.word	0x18009220
200084a8:	05571349 	.word	0x05571349
200084ac:	106000ec 	.word	0x106000ec
200084b0:	3fb50a7f 	.word	0x3fb50a7f
200084b4:	1886fb88 	.word	0x1886fb88
200084b8:	c5cf0300 	.word	0xc5cf0300
200084bc:	5e604042 	.word	0x5e604042
200084c0:	42cf68ff 	.word	0x42cf68ff
200084c4:	4ecfcf03 	.word	0x4ecfcf03
200084c8:	06971070 	.word	0x06971070
200084cc:	241e707e 	.word	0x241e707e
200084d0:	3c2f9344 	.word	0x3c2f9344
200084d4:	22430060 	.word	0x22430060
200084d8:	a91f196f 	.word	0xa91f196f
200084dc:	4e5e32ae 	.word	0x4e5e32ae
200084e0:	6e460606 	.word	0x6e460606
200084e4:	2617ae0b 	.word	0x2617ae0b
200084e8:	51bec20b 	.word	0x51bec20b
200084ec:	6f479fac 	.word	0x6f479fac
200084f0:	7644d6d0 	.word	0x7644d6d0
200084f4:	168406c2 	.word	0x168406c2
200084f8:	9c87beba 	.word	0x9c87beba
200084fc:	89e61f86 	.word	0x89e61f86
20008500:	57320911 	.word	0x57320911
20008504:	9a018e21 	.word	0x9a018e21
20008508:	d6f1f03e 	.word	0xd6f1f03e
2000850c:	27766010 	.word	0x27766010
20008510:	cd3e612e 	.word	0xcd3e612e
20008514:	583196c4 	.word	0x583196c4
20008518:	382167de 	.word	0x382167de
2000851c:	370a0251 	.word	0x370a0251
20008520:	e16e0311 	.word	0xe16e0311
20008524:	2e03d61c 	.word	0x2e03d61c
20008528:	ffd9a66f 	.word	0xffd9a66f
2000852c:	608016de 	.word	0x608016de
20008530:	44e20f45 	.word	0x44e20f45
20008534:	9e2798d6 	.word	0x9e2798d6
20008538:	03d7d8d0 	.word	0x03d7d8d0
2000853c:	628f4d24 	.word	0x628f4d24
20008540:	d0aee69b 	.word	0xd0aee69b
20008544:	8e25c205 	.word	0x8e25c205
20008548:	865d9e70 	.word	0x865d9e70
2000854c:	202b8e30 	.word	0x202b8e30
20008550:	1d2bbe55 	.word	0x1d2bbe55
20008554:	02810567 	.word	0x02810567
20008558:	bb097f8b 	.word	0xbb097f8b
2000855c:	dac750af 	.word	0xdac750af
20008560:	9387237e 	.word	0x9387237e
20008564:	1a2402b0 	.word	0x1a2402b0
20008568:	d66cbc67 	.word	0xd66cbc67
2000856c:	260c0f0e 	.word	0x260c0f0e
20008570:	af11b4d7 	.word	0xaf11b4d7
20008574:	af36075d 	.word	0xaf36075d
20008578:	50546e01 	.word	0x50546e01
2000857c:	b2a217de 	.word	0xb2a217de
20008580:	22f3e1f7 	.word	0x22f3e1f7
20008584:	4f1311af 	.word	0x4f1311af
20008588:	c00f05c0 	.word	0xc00f05c0
2000858c:	b0af8c11 	.word	0xb0af8c11
20008590:	c601c32f 	.word	0xc601c32f
20008594:	a2fe1581 	.word	0xa2fe1581
20008598:	2a0e5c8e 	.word	0x2a0e5c8e
2000859c:	06120236 	.word	0x06120236
200085a0:	30be448f 	.word	0x30be448f
200085a4:	c8a0779c 	.word	0xc8a0779c
200085a8:	57ae26e7 	.word	0x57ae26e7
200085ac:	ad87026d 	.word	0xad87026d
200085b0:	67e50677 	.word	0x67e50677
200085b4:	c0ac50f5 	.word	0xc0ac50f5
200085b8:	a828ff21 	.word	0xa828ff21
200085bc:	c6f005ee 	.word	0xc6f005ee
200085c0:	479a0225 	.word	0x479a0225
200085c4:	96c22ce9 	.word	0x96c22ce9
200085c8:	36d8ce30 	.word	0x36d8ce30
200085cc:	fa1326b5 	.word	0xfa1326b5
200085d0:	b700341e 	.word	0xb700341e
200085d4:	203f8591 	.word	0x203f8591
200085d8:	9d308e0e 	.word	0x9d308e0e
200085dc:	86f00d96 	.word	0x86f00d96
200085e0:	1a4f9818 	.word	0x1a4f9818
200085e4:	50ce0555 	.word	0x50ce0555
200085e8:	4e1e8cd5 	.word	0x4e1e8cd5
200085ec:	aeba64c6 	.word	0xaeba64c6
200085f0:	1ffe5ab8 	.word	0x1ffe5ab8
200085f4:	266489cc 	.word	0x266489cc
200085f8:	9214ced8 	.word	0x9214ced8
200085fc:	451e2028 	.word	0x451e2028
20008600:	8e841646 	.word	0x8e841646
20008604:	87c027a3 	.word	0x87c027a3
20008608:	d8acc027 	.word	0xd8acc027
2000860c:	4773275f 	.word	0x4773275f
20008610:	a25e0652 	.word	0xa25e0652
20008614:	1281463e 	.word	0x1281463e
20008618:	ffafcefe 	.word	0xffafcefe
2000861c:	dc022682 	.word	0xdc022682
20008620:	8714c227 	.word	0x8714c227
20008624:	26055f3e 	.word	0x26055f3e
20008628:	ff031026 	.word	0xff031026
2000862c:	0d2f26b4 	.word	0x0d2f26b4
20008630:	21f0df09 	.word	0x21f0df09
20008634:	53023228 	.word	0x53023228
20008638:	f1c1115e 	.word	0xf1c1115e
2000863c:	fab50176 	.word	0xfab50176
20008640:	66662854 	.word	0x66662854
20008644:	822645ce 	.word	0x822645ce
20008648:	4a1619db 	.word	0x4a1619db
2000864c:	3a591ef3 	.word	0x3a591ef3
20008650:	3e355257 	.word	0x3e355257
20008654:	d5881263 	.word	0xd5881263
20008658:	26b1b17f 	.word	0x26b1b17f
2000865c:	963d0540 	.word	0x963d0540
20008660:	16fb1445 	.word	0x16fb1445
20008664:	2effa202 	.word	0x2effa202
20008668:	a6bb1f39 	.word	0xa6bb1f39
2000866c:	26023129 	.word	0x26023129
20008670:	7e2e53c2 	.word	0x7e2e53c2
20008674:	f308ffa3 	.word	0xf308ffa3
20008678:	08cf0626 	.word	0x08cf0626
2000867c:	5114de46 	.word	0x5114de46
20008680:	7e3fa13e 	.word	0x7e3fa13e
20008684:	7edb7021 	.word	0x7edb7021
20008688:	30a52600 	.word	0x30a52600
2000868c:	2c7fc05a 	.word	0x2c7fc05a
20008690:	0d0f5f68 	.word	0x0d0f5f68
20008694:	25b4cbde 	.word	0x25b4cbde
20008698:	1b050a06 	.word	0x1b050a06
2000869c:	fa2fd806 	.word	0xfa2fd806
200086a0:	00ce102b 	.word	0x00ce102b
200086a4:	d2674c1c 	.word	0xd2674c1c
200086a8:	166e9c0e 	.word	0x166e9c0e
200086ac:	05ad7f47 	.word	0x05ad7f47
200086b0:	d7ccdf6c 	.word	0xd7ccdf6c
200086b4:	268ebf10 	.word	0x268ebf10
200086b8:	c7110788 	.word	0xc7110788
200086bc:	be253870 	.word	0xbe253870
200086c0:	900240f8 	.word	0x900240f8
200086c4:	8df729d6 	.word	0x8df729d6
200086c8:	900f95e2 	.word	0x900f95e2
200086cc:	d75fe1d8 	.word	0xd75fe1d8
200086d0:	b6cf2ed6 	.word	0xb6cf2ed6
200086d4:	6f3148b5 	.word	0x6f3148b5
200086d8:	7f7e400c 	.word	0x7f7e400c
200086dc:	8f840600 	.word	0x8f840600
200086e0:	3097b036 	.word	0x3097b036
200086e4:	ec0f7c02 	.word	0xec0f7c02
200086e8:	11df8d6c 	.word	0x11df8d6c
200086ec:	1e283f78 	.word	0x1e283f78
200086f0:	8a2f780d 	.word	0x8a2f780d
200086f4:	5343f630 	.word	0x5343f630
200086f8:	8643a25f 	.word	0x8643a25f
200086fc:	0fcf3a76 	.word	0x0fcf3a76
20008700:	776bc4c6 	.word	0x776bc4c6
20008704:	d7ffdec2 	.word	0xd7ffdec2
20008708:	17104777 	.word	0x17104777
2000870c:	96bf331a 	.word	0x96bf331a
20008710:	253f0f74 	.word	0x253f0f74
20008714:	66b2d639 	.word	0x66b2d639
20008718:	aa3c03c0 	.word	0xaa3c03c0
2000871c:	d197e8af 	.word	0xd197e8af
20008720:	36fcfe3c 	.word	0x36fcfe3c
20008724:	f481cf00 	.word	0xf481cf00
20008728:	b14a0032 	.word	0xb14a0032
2000872c:	c3cf2c37 	.word	0xc3cf2c37
20008730:	40581714 	.word	0x40581714
20008734:	66fd8eee 	.word	0x66fd8eee
20008738:	1566400b 	.word	0x1566400b
2000873c:	02ff1f4b 	.word	0x02ff1f4b
20008740:	56350b11 	.word	0x56350b11
20008744:	08578401 	.word	0x08578401
20008748:	d740c61e 	.word	0xd740c61e
2000874c:	fa3cb85f 	.word	0xfa3cb85f
20008750:	2f07b6ed 	.word	0x2f07b6ed
20008754:	eac1001b 	.word	0xeac1001b
20008758:	570bf710 	.word	0x570bf710
2000875c:	adb960a4 	.word	0xadb960a4
20008760:	df3af9e3 	.word	0xdf3af9e3
20008764:	20a6f222 	.word	0x20a6f222
20008768:	47ae881d 	.word	0x47ae881d
2000876c:	9ff67ba4 	.word	0x9ff67ba4
20008770:	07f902e5 	.word	0x07f902e5
20008774:	06144a00 	.word	0x06144a00
20008778:	9a4fd7a8 	.word	0x9a4fd7a8
2000877c:	40f6f53c 	.word	0x40f6f53c
20008780:	858ec40c 	.word	0x858ec40c
20008784:	7757bf30 	.word	0x7757bf30
20008788:	d3239cc0 	.word	0xd3239cc0
2000878c:	deb0dfe9 	.word	0xdeb0dfe9
20008790:	9f9b8c44 	.word	0x9f9b8c44
20008794:	0f0b88c4 	.word	0x0f0b88c4
20008798:	ab3f5e7f 	.word	0xab3f5e7f
2000879c:	0e4cb611 	.word	0x0e4cb611
200087a0:	0176ea86 	.word	0x0176ea86
200087a4:	247fbf44 	.word	0x247fbf44
200087a8:	1e260488 	.word	0x1e260488
200087ac:	b607965b 	.word	0xb607965b
200087b0:	6dfe0e02 	.word	0x6dfe0e02
200087b4:	282fc1cf 	.word	0x282fc1cf
200087b8:	87d20ff5 	.word	0x87d20ff5
200087bc:	102527ed 	.word	0x102527ed
200087c0:	0cad6746 	.word	0x0cad6746
200087c4:	8411e6aa 	.word	0x8411e6aa
200087c8:	3168b78c 	.word	0x3168b78c
200087cc:	2775a8e7 	.word	0x2775a8e7
200087d0:	5137e312 	.word	0x5137e312
200087d4:	03100647 	.word	0x03100647
200087d8:	180668c6 	.word	0x180668c6
200087dc:	066f7fce 	.word	0x066f7fce
200087e0:	0807091c 	.word	0x0807091c
200087e4:	abaec619 	.word	0xabaec619
200087e8:	d810c8cf 	.word	0xd810c8cf
200087ec:	0ef6c818 	.word	0x0ef6c818
200087f0:	900f0c79 	.word	0x900f0c79
200087f4:	0fd1cead 	.word	0x0fd1cead
200087f8:	90ffaa02 	.word	0x90ffaa02
200087fc:	50d21758 	.word	0x50d21758
20008800:	5686361f 	.word	0x5686361f
20008804:	072f6a02 	.word	0x072f6a02
20008808:	03871f06 	.word	0x03871f06
2000880c:	0762a0f6 	.word	0x0762a0f6
20008810:	0246314f 	.word	0x0246314f
20008814:	12c62766 	.word	0x12c62766
20008818:	b9a6be05 	.word	0xb9a6be05
2000881c:	ce149714 	.word	0xce149714
20008820:	85362263 	.word	0x85362263
20008824:	0ae7a183 	.word	0x0ae7a183
20008828:	2826c7b7 	.word	0x2826c7b7
2000882c:	a26647a2 	.word	0xa26647a2
20008830:	6f572ca1 	.word	0x6f572ca1
20008834:	4311eb9c 	.word	0x4311eb9c
20008838:	f0f7358c 	.word	0xf0f7358c
2000883c:	87600004 	.word	0x87600004
20008840:	c7860a2f 	.word	0xc7860a2f
20008844:	df9bd8a9 	.word	0xdf9bd8a9
20008848:	562402db 	.word	0x562402db
2000884c:	9f40ae02 	.word	0x9f40ae02
20008850:	34608f2f 	.word	0x34608f2f
20008854:	5fac8240 	.word	0x5fac8240
20008858:	8fd19806 	.word	0x8fd19806
2000885c:	985c4472 	.word	0x985c4472
20008860:	8bf789e1 	.word	0x8bf789e1
20008864:	2b00ee03 	.word	0x2b00ee03
20008868:	ee058bf6 	.word	0xee058bf6
2000886c:	408ca2fa 	.word	0x408ca2fa
20008870:	87160418 	.word	0x87160418
20008874:	3d040615 	.word	0x3d040615
20008878:	3aa70b44 	.word	0x3aa70b44
2000887c:	bee2b08f 	.word	0xbee2b08f
20008880:	4c8e169a 	.word	0x4c8e169a
20008884:	888f1614 	.word	0x888f1614
20008888:	b70e53be 	.word	0xb70e53be
2000888c:	01b5b64d 	.word	0x01b5b64d
20008890:	afb476be 	.word	0xafb476be
20008894:	03b30034 	.word	0x03b30034
20008898:	08300c67 	.word	0x08300c67
2000889c:	53b1479d 	.word	0x53b1479d
200088a0:	969b8719 	.word	0x969b8719
200088a4:	c3007052 	.word	0xc3007052
200088a8:	759f8c72 	.word	0x759f8c72
200088ac:	c2a63116 	.word	0xc2a63116
200088b0:	5ef51128 	.word	0x5ef51128
200088b4:	e60e8290 	.word	0xe60e8290
200088b8:	d626a78e 	.word	0xd626a78e
200088bc:	80b6c542 	.word	0x80b6c542
200088c0:	5e02a1d0 	.word	0x5e02a1d0
200088c4:	c0fe8007 	.word	0xc0fe8007
200088c8:	01e62f46 	.word	0x01e62f46
200088cc:	3b09f63a 	.word	0x3b09f63a
200088d0:	8c55001f 	.word	0x8c55001f
200088d4:	a0e79d8e 	.word	0xa0e79d8e
200088d8:	85274309 	.word	0x85274309
200088dc:	d88c6e9f 	.word	0xd88c6e9f
200088e0:	a026d6f8 	.word	0xa026d6f8
200088e4:	8653f7d8 	.word	0x8653f7d8
200088e8:	0e2b2a77 	.word	0x0e2b2a77
200088ec:	98510f02 	.word	0x98510f02
200088f0:	ee05586f 	.word	0xee05586f
200088f4:	57c0438e 	.word	0x57c0438e
200088f8:	be58e6ee 	.word	0xbe58e6ee
200088fc:	e8b107b7 	.word	0xe8b107b7
20008900:	0b5f2c02 	.word	0x0b5f2c02
20008904:	088e5076 	.word	0x088e5076
20008908:	4e47f7b7 	.word	0x4e47f7b7
2000890c:	eab02dd8 	.word	0xeab02dd8
20008910:	03e67d39 	.word	0x03e67d39
20008914:	a605a646 	.word	0xa605a646
20008918:	10c65f1e 	.word	0x10c65f1e
2000891c:	0e3e26dc 	.word	0x0e3e26dc
20008920:	54a66128 	.word	0x54a66128
20008924:	ee29036e 	.word	0xee29036e
20008928:	6ce05fde 	.word	0x6ce05fde
2000892c:	6ebb44d8 	.word	0x6ebb44d8
20008930:	7f03d1f0 	.word	0x7f03d1f0
20008934:	8036860a 	.word	0x8036860a
20008938:	20ddb7c5 	.word	0x20ddb7c5
2000893c:	392f7956 	.word	0x392f7956
20008940:	11ce4b77 	.word	0x11ce4b77
20008944:	12a06f3e 	.word	0x12a06f3e
20008948:	1853af61 	.word	0x1853af61
2000894c:	d73d4996 	.word	0xd73d4996
20008950:	855fc105 	.word	0x855fc105
20008954:	148e1799 	.word	0x148e1799
20008958:	eeb583e0 	.word	0xeeb583e0
2000895c:	20c61f12 	.word	0x20c61f12
20008960:	84099a02 	.word	0x84099a02
20008964:	e5f61f66 	.word	0xe5f61f66
20008968:	163effe3 	.word	0x163effe3
2000896c:	070df776 	.word	0x070df776
20008970:	77d8a8b0 	.word	0x77d8a8b0
20008974:	be20f76f 	.word	0xbe20f76f
20008978:	a924bfb6 	.word	0xa924bfb6
2000897c:	98277627 	.word	0x98277627
20008980:	8f3f2fd8 	.word	0x8f3f2fd8
20008984:	8ff38f3c 	.word	0x8ff38f3c
20008988:	3c8f8fcf 	.word	0x3c8f8fcf
2000898c:	fe34e08f 	.word	0xfe34e08f
20008990:	8fb1dcb2 	.word	0x8fb1dcb2
20008994:	98672a28 	.word	0x98672a28
20008998:	c79dc050 	.word	0xc79dc050
2000899c:	3f6e0020 	.word	0x3f6e0020
200089a0:	258e23f1 	.word	0x258e23f1
200089a4:	80918126 	.word	0x80918126
200089a8:	73361c85 	.word	0x73361c85
200089ac:	8550640f 	.word	0x8550640f
200089b0:	4f7c49ff 	.word	0x4f7c49ff
200089b4:	af100043 	.word	0xaf100043
200089b8:	400032f4 	.word	0x400032f4
200089bc:	89006713 	.word	0x89006713
200089c0:	69d86f3d 	.word	0x69d86f3d
200089c4:	d914eb17 	.word	0xd914eb17
200089c8:	10076284 	.word	0x10076284
200089cc:	e62b6eac 	.word	0xe62b6eac
200089d0:	100024ef 	.word	0x100024ef
200089d4:	2a02ad27 	.word	0x2a02ad27
200089d8:	27256da7 	.word	0x27256da7
200089dc:	227204c9 	.word	0x227204c9
200089e0:	1f030874 	.word	0x1f030874
200089e4:	d0ef0cc0 	.word	0xd0ef0cc0
200089e8:	244fe700 	.word	0x244fe700
200089ec:	ff81c58e 	.word	0xff81c58e
200089f0:	16a3e007 	.word	0x16a3e007
200089f4:	d8a3b03e 	.word	0xd8a3b03e
200089f8:	daa7a028 	.word	0xdaa7a028
200089fc:	36093fae 	.word	0x36093fae
20008a00:	636d37a4 	.word	0x636d37a4
20008a04:	dc3f6a4e 	.word	0xdc3f6a4e
20008a08:	a7452467 	.word	0xa7452467
20008a0c:	3c868ba4 	.word	0x3c868ba4
20008a10:	205e7f20 	.word	0x205e7f20
20008a14:	133484a1 	.word	0x133484a1
20008a18:	c625ff7d 	.word	0xc625ff7d
20008a1c:	9ef02497 	.word	0x9ef02497
20008a20:	23dfde17 	.word	0x23dfde17
20008a24:	a0ff60fe 	.word	0xa0ff60fe
20008a28:	0cefb5bd 	.word	0x0cefb5bd
20008a2c:	77b90198 	.word	0x77b90198
20008a30:	f7199c89 	.word	0xf7199c89
20008a34:	e7a81884 	.word	0xe7a81884
20008a38:	383e2f47 	.word	0x383e2f47
20008a3c:	822484d9 	.word	0x822484d9
20008a40:	3970e705 	.word	0x3970e705
20008a44:	27df3c32 	.word	0x27df3c32
20008a48:	81d7f428 	.word	0x81d7f428
20008a4c:	2643d666 	.word	0x2643d666
20008a50:	771360df 	.word	0x771360df
20008a54:	60197798 	.word	0x60197798
20008a58:	b606b7c4 	.word	0xb606b7c4
20008a5c:	0f988fc1 	.word	0x0f988fc1
20008a60:	b0e9a073 	.word	0xb0e9a073
20008a64:	21fee9de 	.word	0x21fee9de
20008a68:	4d21cee0 	.word	0x4d21cee0
20008a6c:	fe21a656 	.word	0xfe21a656
20008a70:	0e214cd5 	.word	0x0e214cd5
20008a74:	3c2121cf 	.word	0x3c2121cf
20008a78:	ba21f121 	.word	0xba21f121
20008a7c:	ee9e214e 	.word	0xee9e214e
20008a80:	8ee82421 	.word	0x8ee82421
20008a84:	a0468598 	.word	0xa0468598
20008a88:	06566a68 	.word	0x06566a68
20008a8c:	c080f0e7 	.word	0xc080f0e7
20008a90:	af038300 	.word	0xaf038300
20008a94:	d79cd882 	.word	0xd79cd882
20008a98:	0f638030 	.word	0x0f638030
20008a9c:	7684d73a 	.word	0x7684d73a
20008aa0:	9e148b32 	.word	0x9e148b32
20008aa4:	630054c4 	.word	0x630054c4
20008aa8:	4f62bf4f 	.word	0x4f62bf4f
20008aac:	8480d9a4 	.word	0x8480d9a4
20008ab0:	0f05efc2 	.word	0x0f05efc2
20008ab4:	e1e70b60 	.word	0xe1e70b60
20008ab8:	ff988c52 	.word	0xff988c52
20008abc:	99ee8451 	.word	0x99ee8451
20008ac0:	888e2bd6 	.word	0x888e2bd6
20008ac4:	4f4e4a82 	.word	0x4f4e4a82
20008ac8:	2e470a06 	.word	0x2e470a06
20008acc:	b71e5b09 	.word	0xb71e5b09
20008ad0:	78b7f082 	.word	0x78b7f082
20008ad4:	ff0f4b56 	.word	0xff0f4b56
20008ad8:	3adc02a9 	.word	0x3adc02a9
20008adc:	02f02504 	.word	0x02f02504
20008ae0:	177f4227 	.word	0x177f4227
20008ae4:	50140280 	.word	0x50140280
20008ae8:	1f08d732 	.word	0x1f08d732
20008aec:	3fd9c071 	.word	0x3fd9c071
20008af0:	d9acf8c7 	.word	0xd9acf8c7
20008af4:	2eae8607 	.word	0x2eae8607
20008af8:	852118d2 	.word	0x852118d2
20008afc:	c2a6263e 	.word	0xc2a6263e
20008b00:	a60e702e 	.word	0xa60e702e
20008b04:	73a83f75 	.word	0x73a83f75
20008b08:	1e75200f 	.word	0x1e75200f
20008b0c:	0291e65d 	.word	0x0291e65d
20008b10:	066f3f2b 	.word	0x066f3f2b
20008b14:	53008424 	.word	0x53008424
20008b18:	20ec181f 	.word	0x20ec181f
20008b1c:	0bef27a4 	.word	0x0bef27a4
20008b20:	5d4122e7 	.word	0x5d4122e7
20008b24:	2442dad6 	.word	0x2442dad6
20008b28:	f8b48f86 	.word	0xf8b48f86
20008b2c:	5ba82516 	.word	0x5ba82516
20008b30:	979e377d 	.word	0x979e377d
20008b34:	3d6602b1 	.word	0x3d6602b1
20008b38:	068c20af 	.word	0x068c20af
20008b3c:	48788f08 	.word	0x48788f08
20008b40:	0fcc84db 	.word	0x0fcc84db
20008b44:	dba56403 	.word	0xdba56403
20008b48:	c18277dc 	.word	0xc18277dc
20008b4c:	11bfce68 	.word	0x11bfce68
20008b50:	879f0444 	.word	0x879f0444
20008b54:	00f60baa 	.word	0x00f60baa
20008b58:	8f13a776 	.word	0x8f13a776
20008b5c:	512f50ef 	.word	0x512f50ef
20008b60:	9ce11e67 	.word	0x9ce11e67
20008b64:	66165e23 	.word	0x66165e23
20008b68:	4f828ea3 	.word	0x4f828ea3
20008b6c:	8246054f 	.word	0x8246054f
20008b70:	5f03b1c1 	.word	0x5f03b1c1
20008b74:	27d786db 	.word	0x27d786db
20008b78:	e136ce04 	.word	0xe136ce04
20008b7c:	6f0e0856 	.word	0x6f0e0856
20008b80:	c5860d46 	.word	0xc5860d46
20008b84:	a51026d0 	.word	0xa51026d0
20008b88:	1e36a3b7 	.word	0x1e36a3b7
20008b8c:	6abe86e1 	.word	0x6abe86e1
20008b90:	32c6705f 	.word	0x32c6705f
20008b94:	25786707 	.word	0x25786707
20008b98:	1f8c9a20 	.word	0x1f8c9a20
20008b9c:	14880e26 	.word	0x14880e26
20008ba0:	2834b655 	.word	0x2834b655
20008ba4:	48da0677 	.word	0x48da0677
20008ba8:	0e0256c1 	.word	0x0e0256c1
20008bac:	3c8f761f 	.word	0x3c8f761f
20008bb0:	cf8ff38f 	.word	0xcf8ff38f
20008bb4:	b61f8f8f 	.word	0xb61f8f8f
20008bb8:	7c8f3c8f 	.word	0x7c8f3c8f
20008bbc:	8ffc8f86 	.word	0x8ffc8f86
20008bc0:	4d042128 	.word	0x4d042128
20008bc4:	377a21d7 	.word	0x377a21d7
20008bc8:	0fcc36a3 	.word	0x0fcc36a3
20008bcc:	f7ce62c0 	.word	0xf7ce62c0
20008bd0:	1f20b70c 	.word	0x1f20b70c
20008bd4:	d567a7e6 	.word	0xd567a7e6
20008bd8:	a2c71101 	.word	0xa2c71101
20008bdc:	1e5a10df 	.word	0x1e5a10df
20008be0:	df2232e6 	.word	0xdf2232e6
20008be4:	77831246 	.word	0x77831246
20008be8:	c69be60e 	.word	0xc69be60e
20008bec:	8ff0a521 	.word	0x8ff0a521
20008bf0:	7044da54 	.word	0x7044da54
20008bf4:	4067604f 	.word	0x4067604f
20008bf8:	a4628a4f 	.word	0xa4628a4f
20008bfc:	be1edab5 	.word	0xbe1edab5
20008c00:	3fe09b97 	.word	0x3fe09b97
20008c04:	ad09ce10 	.word	0xad09ce10
20008c08:	4806b697 	.word	0x4806b697
20008c0c:	c286268e 	.word	0xc286268e
20008c10:	1131857e 	.word	0x1131857e
20008c14:	c36c0ae2 	.word	0xc36c0ae2
20008c18:	c7771c00 	.word	0xc7771c00
20008c1c:	ee2c0002 	.word	0xee2c0002
20008c20:	b0362d44 	.word	0xb0362d44
20008c24:	e4afb6c0 	.word	0xe4afb6c0
20008c28:	a8585067 	.word	0xa8585067
20008c2c:	bec56f91 	.word	0xbec56f91
20008c30:	ac853f8e 	.word	0xac853f8e
20008c34:	ecbe4686 	.word	0xecbe4686
20008c38:	02a986fe 	.word	0x02a986fe
20008c3c:	eb6a6fdb 	.word	0xeb6a6fdb
20008c40:	17fe2d2f 	.word	0x17fe2d2f
20008c44:	b7db24a0 	.word	0xb7db24a0
20008c48:	6eb0921f 	.word	0x6eb0921f
20008c4c:	ae971e5c 	.word	0xae971e5c
20008c50:	0f0825fd 	.word	0x0f0825fd
20008c54:	8f82b697 	.word	0x8f82b697
20008c58:	814018df 	.word	0x814018df
20008c5c:	403197f1 	.word	0x403197f1
20008c60:	dfc22037 	.word	0xdfc22037
20008c64:	8002aee2 	.word	0x8002aee2
20008c68:	83c86737 	.word	0x83c86737
20008c6c:	bf72be9d 	.word	0xbf72be9d
20008c70:	03c13f1c 	.word	0x03c13f1c
20008c74:	bc67817f 	.word	0xbc67817f
20008c78:	2484dae8 	.word	0x2484dae8
20008c7c:	27f18990 	.word	0x27f18990
20008c80:	dba62c16 	.word	0xdba62c16
20008c84:	825f11a5 	.word	0x825f11a5
20008c88:	6e230457 	.word	0x6e230457
20008c8c:	2c085f04 	.word	0x2c085f04
20008c90:	1027b71e 	.word	0x1027b71e
20008c94:	f6aca45f 	.word	0xf6aca45f
20008c98:	21a67e05 	.word	0x21a67e05
20008c9c:	0202c330 	.word	0x0202c330
20008ca0:	ee1cf76c 	.word	0xee1cf76c
20008ca4:	58975830 	.word	0x58975830
20008ca8:	a24f593f 	.word	0xa24f593f
20008cac:	674fa338 	.word	0x674fa338
20008cb0:	0a8f0e3e 	.word	0x0a8f0e3e
20008cb4:	1007e402 	.word	0x1007e402
20008cb8:	17280d6f 	.word	0x17280d6f
20008cbc:	77076eff 	.word	0x77076eff
20008cc0:	2e5d074e 	.word	0x2e5d074e
20008cc4:	7effd5e9 	.word	0x7effd5e9
20008cc8:	1e41850e 	.word	0x1e41850e
20008ccc:	690ea6c1 	.word	0x690ea6c1
20008cd0:	f7818e52 	.word	0xf7818e52
20008cd4:	e987288b 	.word	0xe987288b
20008cd8:	8e4726b5 	.word	0x8e4726b5
20008cdc:	8536508b 	.word	0x8536508b
20008ce0:	4456d048 	.word	0x4456d048
20008ce4:	ac889601 	.word	0xac889601
20008ce8:	56fea827 	.word	0x56fea827
20008cec:	94afb074 	.word	0x94afb074
20008cf0:	66aaaf78 	.word	0x66aaaf78
20008cf4:	03ee3154 	.word	0x03ee3154
20008cf8:	b24cd0fe 	.word	0xb24cd0fe
20008cfc:	56ef174f 	.word	0x56ef174f
20008d00:	cec4b847 	.word	0xcec4b847
20008d04:	dbcf7a09 	.word	0xdbcf7a09
20008d08:	12ffa3b2 	.word	0x12ffa3b2
20008d0c:	0a58563f 	.word	0x0a58563f
20008d10:	274a0b53 	.word	0x274a0b53
20008d14:	3f781269 	.word	0x3f781269
20008d18:	f4ff5e25 	.word	0xf4ff5e25
20008d1c:	c84ed1ab 	.word	0xc84ed1ab
20008d20:	c0ae8edf 	.word	0xc0ae8edf
20008d24:	80ae2011 	.word	0x80ae2011
20008d28:	453e28bc 	.word	0x453e28bc
20008d2c:	5b0aefc8 	.word	0x5b0aefc8
20008d30:	41000107 	.word	0x41000107
20008d34:	36b44f51 	.word	0x36b44f51
20008d38:	8fad0403 	.word	0x8fad0403
20008d3c:	0f260a23 	.word	0x0f260a23
20008d40:	852f5740 	.word	0x852f5740
20008d44:	062f42c2 	.word	0x062f42c2
20008d48:	431e7697 	.word	0x431e7697
20008d4c:	06c85eaa 	.word	0x06c85eaa
20008d50:	3ec640ef 	.word	0x3ec640ef
20008d54:	27b87e87 	.word	0x27b87e87
20008d58:	4cc75709 	.word	0x4cc75709
20008d5c:	26a489f8 	.word	0x26a489f8
20008d60:	1353e2f7 	.word	0x1353e2f7
20008d64:	26c1116f 	.word	0x26c1116f
20008d68:	846d5e96 	.word	0x846d5e96
20008d6c:	81a5268e 	.word	0x81a5268e
20008d70:	01c70b26 	.word	0x01c70b26
20008d74:	66b0570f 	.word	0x66b0570f
20008d78:	4feffe9e 	.word	0x4feffe9e
20008d7c:	aea211b8 	.word	0xaea211b8
20008d80:	c38e0678 	.word	0xc38e0678
20008d84:	8ac20f35 	.word	0x8ac20f35
20008d88:	d6b6b74c 	.word	0xd6b6b74c
20008d8c:	57e1ae40 	.word	0x57e1ae40
20008d90:	0c9ebfcb 	.word	0x0c9ebfcb
20008d94:	e1b4563e 	.word	0xe1b4563e
20008d98:	10163d5e 	.word	0x10163d5e
20008d9c:	e81726dc 	.word	0xe81726dc
20008da0:	3f4c8027 	.word	0x3f4c8027
20008da4:	cd2740db 	.word	0xcd2740db
20008da8:	e3fdf14c 	.word	0xe3fdf14c
20008dac:	6e2417ff 	.word	0x6e2417ff
20008db0:	4a2ce20f 	.word	0x4a2ce20f
20008db4:	c78191ef 	.word	0xc78191ef
20008db8:	c784db0e 	.word	0xc784db0e
20008dbc:	f1894c3f 	.word	0xf1894c3f
20008dc0:	bc381fb8 	.word	0xbc381fb8
20008dc4:	24ef3349 	.word	0x24ef3349
20008dc8:	33e2b8c4 	.word	0x33e2b8c4
20008dcc:	e2527ea7 	.word	0xe2527ea7
20008dd0:	9e2ef770 	.word	0x9e2ef770
20008dd4:	27b08e25 	.word	0x27b08e25
20008dd8:	31c077be 	.word	0x31c077be
20008ddc:	1ec78e05 	.word	0x1ec78e05
20008de0:	00fc863c 	.word	0x00fc863c
20008de4:	8fc311ac 	.word	0x8fc311ac
20008de8:	8487c615 	.word	0x8487c615
20008dec:	c037e55e 	.word	0xc037e55e
20008df0:	86782d27 	.word	0x86782d27
20008df4:	8f53dbc8 	.word	0x8f53dbc8
20008df8:	21f14c07 	.word	0x21f14c07
20008dfc:	8fc55eb6 	.word	0x8fc55eb6
20008e00:	1d0087e8 	.word	0x1d0087e8
20008e04:	6310404e 	.word	0x6310404e
20008e08:	008360ff 	.word	0x008360ff
20008e0c:	82166225 	.word	0x82166225
20008e10:	047ec4fe 	.word	0x047ec4fe
20008e14:	f014fe20 	.word	0xf014fe20
20008e18:	c2de9546 	.word	0xc2de9546
20008e1c:	5f4f7318 	.word	0x5f4f7318
20008e20:	6637cd22 	.word	0x6637cd22
20008e24:	478cfb44 	.word	0x478cfb44
20008e28:	6f147700 	.word	0x6f147700
20008e2c:	f8905f9c 	.word	0xf8905f9c
20008e30:	6f510927 	.word	0x6f510927
20008e34:	057e42dc 	.word	0x057e42dc
20008e38:	0854563e 	.word	0x0854563e
20008e3c:	2766d887 	.word	0x2766d887
20008e40:	9e218b76 	.word	0x9e218b76
20008e44:	c0cf2a01 	.word	0xc0cf2a01
20008e48:	3477b94a 	.word	0x3477b94a
20008e4c:	11a4c829 	.word	0x11a4c829
20008e50:	32922c1c 	.word	0x32922c1c
20008e54:	e288b7a1 	.word	0xe288b7a1
20008e58:	ded0c70e 	.word	0xded0c70e
20008e5c:	77fe8a1e 	.word	0x77fe8a1e
20008e60:	4a8f5602 	.word	0x4a8f5602
20008e64:	5a096e18 	.word	0x5a096e18
20008e68:	b7e81286 	.word	0xb7e81286
20008e6c:	fffaeebd 	.word	0xfffaeebd
20008e70:	37c116fe 	.word	0x37c116fe
20008e74:	a70cb7a1 	.word	0xa70cb7a1
20008e78:	37894531 	.word	0x37894531
20008e7c:	44b72700 	.word	0x44b72700
20008e80:	784784db 	.word	0x784784db
20008e84:	fb50a5cc 	.word	0xfb50a5cc
20008e88:	dfdc386f 	.word	0xdfdc386f
20008e8c:	84dc684f 	.word	0x84dc684f
20008e90:	16d78610 	.word	0x16d78610
20008e94:	6327e290 	.word	0x6327e290
20008e98:	513f4a4f 	.word	0x513f4a4f
20008e9c:	365e90af 	.word	0x365e90af
20008ea0:	10ae2e8e 	.word	0x10ae2e8e
20008ea4:	3eadd670 	.word	0x3eadd670
20008ea8:	a8f5a66b 	.word	0xa8f5a66b
20008eac:	918c6411 	.word	0x918c6411
20008eb0:	a68cac1e 	.word	0xa68cac1e
20008eb4:	24b75f33 	.word	0x24b75f33
20008eb8:	592e0b63 	.word	0x592e0b63
20008ebc:	bba8ae1d 	.word	0xbba8ae1d
20008ec0:	17c71ea7 	.word	0x17c71ea7
20008ec4:	38f3a8e2 	.word	0x38f3a8e2
20008ec8:	851f3677 	.word	0x851f3677
20008ecc:	4b0b8f06 	.word	0x4b0b8f06
20008ed0:	8fbe6f3f 	.word	0x8fbe6f3f
20008ed4:	578f8657 	.word	0x578f8657
20008ed8:	86568fce 	.word	0x86568fce
20008edc:	b44d0e31 	.word	0xb44d0e31
20008ee0:	b2265fb3 	.word	0xb2265fb3
20008ee4:	b10ea618 	.word	0xb10ea618
20008ee8:	6277304b 	.word	0x6277304b
20008eec:	00045fd5 	.word	0x00045fd5
20008ef0:	4711bf25 	.word	0x4711bf25
20008ef4:	533fdcc3 	.word	0x533fdcc3
20008ef8:	e8c925c8 	.word	0xe8c925c8
20008efc:	77451770 	.word	0x77451770
20008f00:	306e1edd 	.word	0x306e1edd
20008f04:	cf8b89ff 	.word	0xcf8b89ff
20008f08:	c4b7ca00 	.word	0xc4b7ca00
20008f0c:	bb1fb016 	.word	0xbb1fb016
20008f10:	6946ae1e 	.word	0x6946ae1e
20008f14:	67633c02 	.word	0x67633c02
20008f18:	89169a85 	.word	0x89169a85
20008f1c:	f1371704 	.word	0xf1371704
20008f20:	2462a3a4 	.word	0x2462a3a4
20008f24:	ca621795 	.word	0xca621795
20008f28:	1020e3d7 	.word	0x1020e3d7
20008f2c:	4761ce78 	.word	0x4761ce78
20008f30:	efc89fa9 	.word	0xefc89fa9
20008f34:	ff849fa1 	.word	0xff849fa1
20008f38:	ed37b705 	.word	0xed37b705
20008f3c:	0b9f702e 	.word	0x0b9f702e
20008f40:	866b4f71 	.word	0x866b4f71
20008f44:	0c26cfaf 	.word	0x0c26cfaf
20008f48:	182fa277 	.word	0x182fa277
20008f4c:	b71419a5 	.word	0xb71419a5
20008f50:	1f5fb780 	.word	0x1f5fb780
20008f54:	d8a43c15 	.word	0xd8a43c15
20008f58:	dcafa211 	.word	0xdcafa211
20008f5c:	5fba0516 	.word	0x5fba0516
20008f60:	011c3f16 	.word	0x011c3f16
20008f64:	0a1f8b00 	.word	0x0a1f8b00
20008f68:	282ea853 	.word	0x282ea853
20008f6c:	1060feb0 	.word	0x1060feb0
20008f70:	8c67ed16 	.word	0x8c67ed16
20008f74:	67ba0577 	.word	0x67ba0577
20008f78:	a0445758 	.word	0xa0445758
20008f7c:	67ea168e 	.word	0x67ea168e
20008f80:	272d5716 	.word	0x272d5716
20008f84:	5b704007 	.word	0x5b704007
20008f88:	47606789 	.word	0x47606789
20008f8c:	67e01610 	.word	0x67e01610
20008f90:	63af11bb 	.word	0x63af11bb
20008f94:	82d8460e 	.word	0x82d8460e
20008f98:	50204606 	.word	0x50204606
20008f9c:	a91602a8 	.word	0xa91602a8
20008fa0:	7f6390c7 	.word	0x7f6390c7
20008fa4:	304203ff 	.word	0x304203ff
20008fa8:	6b0111c0 	.word	0x6b0111c0
20008fac:	18b0c49f 	.word	0x18b0c49f
20008fb0:	0eacc79b 	.word	0x0eacc79b
20008fb4:	2111678a 	.word	0x2111678a
20008fb8:	014f7877 	.word	0x014f7877
20008fbc:	8d81470f 	.word	0x8d81470f
20008fc0:	2eba3e25 	.word	0x2eba3e25
20008fc4:	007f57f7 	.word	0x007f57f7
20008fc8:	153389c3 	.word	0x153389c3
20008fcc:	6500ba8f 	.word	0x6500ba8f
20008fd0:	47b65b80 	.word	0x47b65b80
20008fd4:	27dec646 	.word	0x27dec646
20008fd8:	f6f54f8d 	.word	0xf6f54f8d
20008fdc:	7f2dc2ff 	.word	0x7f2dc2ff
20008fe0:	ac1f6f24 	.word	0xac1f6f24
20008fe4:	245ed9a3 	.word	0x245ed9a3
20008fe8:	32e3cd6f 	.word	0x32e3cd6f
20008fec:	78202c43 	.word	0x78202c43
20008ff0:	7010a327 	.word	0x7010a327
20008ff4:	5c10d04f 	.word	0x5c10d04f
20008ff8:	87998c8f 	.word	0x87998c8f
20008ffc:	5b9703b9 	.word	0x5b9703b9
20009000:	d5fff1cf 	.word	0xd5fff1cf
20009004:	03bf16e2 	.word	0x03bf16e2
20009008:	871b5280 	.word	0x871b5280
2000900c:	070c12e3 	.word	0x070c12e3
20009010:	2526e2fe 	.word	0x2526e2fe
20009014:	1202e0f0 	.word	0x1202e0f0
20009018:	7e8cce34 	.word	0x7e8cce34
2000901c:	a1970b00 	.word	0xa1970b00
20009020:	1e474af0 	.word	0x1e474af0
20009024:	0e0e863e 	.word	0x0e0e863e
20009028:	2444e63b 	.word	0x2444e63b
2000902c:	bc1f0e09 	.word	0xbc1f0e09
20009030:	474bdd20 	.word	0x474bdd20
20009034:	8d18b8d0 	.word	0x8d18b8d0
20009038:	070fea6f 	.word	0x070fea6f
2000903c:	9f06d1df 	.word	0x9f06d1df
20009040:	f7d78490 	.word	0xf7d78490
20009044:	26212cc2 	.word	0x26212cc2
20009048:	d7003fe0 	.word	0xd7003fe0
2000904c:	c0ae5129 	.word	0xc0ae5129
20009050:	fcc2e62a 	.word	0xfcc2e62a
20009054:	40dd348f 	.word	0x40dd348f
20009058:	6e5d6f47 	.word	0x6e5d6f47
2000905c:	368c0fd7 	.word	0x368c0fd7
20009060:	d8f0ff5a 	.word	0xd8f0ff5a
20009064:	8e1d0047 	.word	0x8e1d0047
20009068:	534fae40 	.word	0x534fae40
2000906c:	0479094e 	.word	0x0479094e
20009070:	8f6239e0 	.word	0x8f6239e0
20009074:	5cc67b56 	.word	0x5cc67b56
20009078:	d604da4e 	.word	0xd604da4e
2000907c:	d7dc0014 	.word	0xd7dc0014
20009080:	0770266d 	.word	0x0770266d
20009084:	03166047 	.word	0x03166047
20009088:	177cdbc6 	.word	0x177cdbc6
2000908c:	0e76c40b 	.word	0x0e76c40b
20009090:	e05f7d07 	.word	0xe05f7d07
20009094:	e2a6da01 	.word	0xe2a6da01
20009098:	1fbe0b26 	.word	0x1fbe0b26
2000909c:	1084dd98 	.word	0x1084dd98
200090a0:	4f2ef784 	.word	0x4f2ef784
200090a4:	a4377754 	.word	0xa4377754
200090a8:	5234a42e 	.word	0x5234a42e
200090ac:	e1c6b367 	.word	0xe1c6b367
200090b0:	d225ddb0 	.word	0xd225ddb0
200090b4:	be8512df 	.word	0xbe8512df
200090b8:	56ddaabc 	.word	0x56ddaabc
200090bc:	c42ed5bc 	.word	0xc42ed5bc
200090c0:	efdc2de0 	.word	0xefdc2de0
200090c4:	17173e94 	.word	0x17173e94
200090c8:	28efdc02 	.word	0x28efdc02
200090cc:	04445f86 	.word	0x04445f86
200090d0:	ae1e77a6 	.word	0xae1e77a6
200090d4:	8f1d1697 	.word	0x8f1d1697
200090d8:	6889c7a2 	.word	0x6889c7a2
200090dc:	ffff1c67 	.word	0xffff1c67
200090e0:	803ead96 	.word	0x803ead96
200090e4:	cf081b67 	.word	0xcf081b67
200090e8:	13202003 	.word	0x13202003
200090ec:	c68a26f8 	.word	0xc68a26f8
200090f0:	8db72fe2 	.word	0x8db72fe2
200090f4:	ef150081 	.word	0xef150081
200090f8:	8edb06d3 	.word	0x8edb06d3
200090fc:	5eaee026 	.word	0x5eaee026
20009100:	21274c0f 	.word	0x21274c0f
20009104:	0242277e 	.word	0x0242277e
20009108:	0936e7dc 	.word	0x0936e7dc
2000910c:	b457ddbf 	.word	0xb457ddbf
20009110:	8ea311e9 	.word	0x8ea311e9
20009114:	5f6087a1 	.word	0x5f6087a1
20009118:	900b0464 	.word	0x900b0464
2000911c:	78012e23 	.word	0x78012e23
20009120:	4f121812 	.word	0x4f121812
20009124:	c623bf9c 	.word	0xc623bf9c
20009128:	96ef8f54 	.word	0x96ef8f54
2000912c:	400a58a2 	.word	0x400a58a2
20009130:	047facb8 	.word	0x047facb8
20009134:	801ae7e8 	.word	0x801ae7e8
20009138:	d105d73e 	.word	0xd105d73e
2000913c:	6b00a206 	.word	0x6b00a206
20009140:	1e06b8ef 	.word	0x1e06b8ef
20009144:	a226b58a 	.word	0xa226b58a
20009148:	2b27a505 	.word	0x2b27a505
2000914c:	ac434eb5 	.word	0xac434eb5
20009150:	0d130fc3 	.word	0x0d130fc3
20009154:	46586027 	.word	0x46586027
20009158:	1e341e16 	.word	0x1e341e16
2000915c:	36f4169e 	.word	0x36f4169e
20009160:	1da9ee15 	.word	0x1da9ee15
20009164:	02bf11ff 	.word	0x02bf11ff
20009168:	d811a03f 	.word	0xd811a03f
2000916c:	1637a082 	.word	0x1637a082
20009170:	2484dc1e 	.word	0x2484dc1e
20009174:	ab3609bf 	.word	0xab3609bf
20009178:	1faf032e 	.word	0x1faf032e
2000917c:	a7000002 	.word	0xa7000002
20009180:	0111c4c7 	.word	0x0111c4c7
20009184:	4f0c5762 	.word	0x4f0c5762
20009188:	0aaf045e 	.word	0x0aaf045e
2000918c:	fe9e0fb6 	.word	0xfe9e0fb6
20009190:	0c4757cc 	.word	0x0c4757cc
20009194:	5b40f72a 	.word	0x5b40f72a
20009198:	175007ac 	.word	0x175007ac
2000919c:	98670181 	.word	0x98670181
200091a0:	07ba0516 	.word	0x07ba0516
200091a4:	ff1c3f16 	.word	0xff1c3f16
200091a8:	dc0296ff 	.word	0xdc0296ff
200091ac:	f71f8507 	.word	0xf71f8507
200091b0:	b78c8062 	.word	0xb78c8062
200091b4:	80b01707 	.word	0x80b01707
200091b8:	1e3f1511 	.word	0x1e3f1511
200091bc:	4fc4ff84 	.word	0x4fc4ff84
200091c0:	3fc0cfb9 	.word	0x3fc0cfb9
200091c4:	7d06f02d 	.word	0x7d06f02d
200091c8:	c773bf39 	.word	0xc773bf39
200091cc:	c9604226 	.word	0xc9604226
200091d0:	cfc18785 	.word	0xcfc18785
200091d4:	4f73be4f 	.word	0x4f73be4f
200091d8:	6eea03ff 	.word	0x6eea03ff
200091dc:	6ee07a37 	.word	0x6ee07a37
200091e0:	8517ee5b 	.word	0x8517ee5b
200091e4:	4672a13f 	.word	0x4672a13f
200091e8:	fe7e76af 	.word	0xfe7e76af
200091ec:	7c059e2e 	.word	0x7c059e2e
200091f0:	260fd60c 	.word	0x260fd60c
200091f4:	07b79180 	.word	0x07b79180
200091f8:	fe88af13 	.word	0xfe88af13
200091fc:	830897a9 	.word	0x830897a9
20009200:	39a0a72e 	.word	0x39a0a72e
20009204:	d307c42d 	.word	0xd307c42d
20009208:	a87cdf40 	.word	0xa87cdf40
2000920c:	af30e211 	.word	0xaf30e211
20009210:	dd021e6e 	.word	0xdd021e6e
20009214:	3ead0807 	.word	0x3ead0807
20009218:	4f8526be 	.word	0x4f8526be
2000921c:	0386d44d 	.word	0x0386d44d
20009220:	0820ffc4 	.word	0x0820ffc4
20009224:	57d59742 	.word	0x57d59742
20009228:	3716efa6 	.word	0x3716efa6
2000922c:	06b70e2c 	.word	0x06b70e2c
20009230:	bf5c940f 	.word	0xbf5c940f
20009234:	6083c43a 	.word	0x6083c43a
20009238:	0e4010b7 	.word	0x0e4010b7
2000923c:	60f7402d 	.word	0x60f7402d
20009240:	1747d625 	.word	0x1747d625
20009244:	3804704f 	.word	0x3804704f
20009248:	000a9caf 	.word	0x000a9caf
2000924c:	f67827b7 	.word	0xf67827b7
20009250:	e11000fc 	.word	0xe11000fc
20009254:	806f166f 	.word	0x806f166f
20009258:	323fb7be 	.word	0x323fb7be
2000925c:	86f413c2 	.word	0x86f413c2
20009260:	ea7687ff 	.word	0xea7687ff
20009264:	e0602ffc 	.word	0xe0602ffc
20009268:	19afc861 	.word	0x19afc861
2000926c:	8825fef0 	.word	0x8825fef0
20009270:	50afff30 	.word	0x50afff30
20009274:	2480840a 	.word	0x2480840a
20009278:	23638f93 	.word	0x23638f93
2000927c:	66e20d67 	.word	0x66e20d67
20009280:	d5a0b647 	.word	0xd5a0b647
20009284:	020e0f2f 	.word	0x020e0f2f
20009288:	de8bd712 	.word	0xde8bd712
2000928c:	f0029226 	.word	0xf0029226
20009290:	e196466f 	.word	0xe196466f
20009294:	3f1b00a7 	.word	0x3f1b00a7
20009298:	248184dd 	.word	0x248184dd
2000929c:	1559cf9b 	.word	0x1559cf9b
200092a0:	6f3585d7 	.word	0x6f3585d7
200092a4:	08c4476e 	.word	0x08c4476e
200092a8:	0f9899de 	.word	0x0f9899de
200092ac:	df779180 	.word	0xdf779180
200092b0:	5824c110 	.word	0x5824c110
200092b4:	5d9c7217 	.word	0x5d9c7217
200092b8:	bade06a0 	.word	0xbade06a0
200092bc:	e0d15634 	.word	0xe0d15634
200092c0:	ef6aa476 	.word	0xef6aa476
200092c4:	8f8e3456 	.word	0x8f8e3456
200092c8:	ac00106e 	.word	0xac00106e
200092cc:	914f42b2 	.word	0x914f42b2
200092d0:	1920e487 	.word	0x1920e487
200092d4:	2028fb0b 	.word	0x2028fb0b
200092d8:	5c0ddf02 	.word	0x5c0ddf02
200092dc:	86b486c4 	.word	0x86b486c4
200092e0:	b2573e04 	.word	0xb2573e04
200092e4:	10c6eb8f 	.word	0x10c6eb8f
200092e8:	2fa8c14f 	.word	0x2fa8c14f
200092ec:	4efa905d 	.word	0x4efa905d
200092f0:	56071226 	.word	0x56071226
200092f4:	b5178067 	.word	0xb5178067
200092f8:	6e1e084f 	.word	0x6e1e084f
200092fc:	b8ef3fa7 	.word	0xb8ef3fa7
20009300:	9059803e 	.word	0x9059803e
20009304:	f876332f 	.word	0xf876332f
20009308:	260433d8 	.word	0x260433d8
2000930c:	358c4755 	.word	0x358c4755
20009310:	07aba51e 	.word	0x07aba51e
20009314:	093f0b08 	.word	0x093f0b08
20009318:	26933760 	.word	0x26933760
2000931c:	e43ebb09 	.word	0xe43ebb09
20009320:	03848cde 	.word	0x03848cde
20009324:	1ede0c7f 	.word	0x1ede0c7f
20009328:	cff702df 	.word	0xcff702df
2000932c:	2705057f 	.word	0x2705057f
20009330:	da2157c1 	.word	0xda2157c1
20009334:	48def427 	.word	0x48def427
20009338:	df2c2f8f 	.word	0xdf2c2f8f
2000933c:	4fcfee03 	.word	0x4fcfee03
20009340:	e7700f16 	.word	0xe7700f16
20009344:	3fa53eab 	.word	0x3fa53eab
20009348:	261026db 	.word	0x261026db
2000934c:	9f4e70a1 	.word	0x9f4e70a1
20009350:	fd0033e8 	.word	0xfd0033e8
20009354:	0bae1226 	.word	0x0bae1226
20009358:	aec878ae 	.word	0xaec878ae
2000935c:	c8a157a5 	.word	0xc8a157a5
20009360:	cf786de4 	.word	0xcf786de4
20009364:	56e101a2 	.word	0x56e101a2
20009368:	61572a1c 	.word	0x61572a1c
2000936c:	4ebfb020 	.word	0x4ebfb020
20009370:	e7afbf77 	.word	0xe7afbf77
20009374:	3b089757 	.word	0x3b089757
20009378:	df58c1d7 	.word	0xdf58c1d7
2000937c:	6e7f3757 	.word	0x6e7f3757
20009380:	dd0af704 	.word	0xdd0af704
20009384:	28255e3f 	.word	0x28255e3f
20009388:	f7c30f95 	.word	0xf7c30f95
2000938c:	6c3f752b 	.word	0x6c3f752b
20009390:	df78e477 	.word	0xdf78e477
20009394:	5e570540 	.word	0x5e570540
20009398:	ef29fe38 	.word	0xef29fe38
2000939c:	8406484c 	.word	0x8406484c
200093a0:	5e9c77b7 	.word	0x5e9c77b7
200093a4:	862ac489 	.word	0x862ac489
200093a8:	96a524b0 	.word	0x96a524b0
200093ac:	afb3b0dc 	.word	0xafb3b0dc
200093b0:	8e5149a8 	.word	0x8e5149a8
200093b4:	501627a4 	.word	0x501627a4
200093b8:	7ea2d2c0 	.word	0x7ea2d2c0
200093bc:	99d64abc 	.word	0x99d64abc
200093c0:	b4afd1b8 	.word	0xb4afd1b8
200093c4:	1c52de25 	.word	0x1c52de25
200093c8:	5c006fa4 	.word	0x5c006fa4
200093cc:	673eb41f 	.word	0x673eb41f
200093d0:	147f1e12 	.word	0x147f1e12
200093d4:	fe134e30 	.word	0xfe134e30
200093d8:	05e030e0 	.word	0x05e030e0
200093dc:	73e0fe58 	.word	0x73e0fe58
200093e0:	09df5949 	.word	0x09df5949
200093e4:	98eaaf9a 	.word	0x98eaaf9a
200093e8:	0880ff10 	.word	0x0880ff10
200093ec:	c036eabf 	.word	0xc036eabf
200093f0:	1ade466e 	.word	0x1ade466e
200093f4:	ce83471e 	.word	0xce83471e
200093f8:	e1878105 	.word	0xe1878105
200093fc:	bf27b7d4 	.word	0xbf27b7d4
20009400:	f70c0f40 	.word	0xf70c0f40
20009404:	264240ed 	.word	0x264240ed
20009408:	77d6b2eb 	.word	0x77d6b2eb
2000940c:	6d00a7c2 	.word	0x6d00a7c2
20009410:	2fa7a567 	.word	0x2fa7a567
20009414:	3c11e216 	.word	0x3c11e216
20009418:	46c6c2f9 	.word	0x46c6c2f9
2000941c:	44b738b6 	.word	0x44b738b6
20009420:	038287c7 	.word	0x038287c7
20009424:	7076d367 	.word	0x7076d367
20009428:	1184e198 	.word	0x1184e198
2000942c:	2318f047 	.word	0x2318f047
20009430:	6263be91 	.word	0x6263be91
20009434:	005784ac 	.word	0x005784ac
20009438:	8602b77a 	.word	0x8602b77a
2000943c:	af1b00df 	.word	0xaf1b00df
20009440:	02dc2288 	.word	0x02dc2288
20009444:	0a49e62e 	.word	0x0a49e62e
20009448:	b6d8ae26 	.word	0xb6d8ae26
2000944c:	4678ae22 	.word	0x4678ae22
20009450:	8f26798f 	.word	0x8f26798f
20009454:	8f878fe7 	.word	0x8f878fe7
20009458:	668f871e 	.word	0x668f871e
2000945c:	798f8f9e 	.word	0x798f8f9e
20009460:	a08ff18f 	.word	0xa08ff18f
20009464:	c833ff25 	.word	0xc833ff25
20009468:	81499b42 	.word	0x81499b42
2000946c:	a668e666 	.word	0xa668e666
20009470:	9ac67d83 	.word	0x9ac67d83
20009474:	009916fc 	.word	0x009916fc
20009478:	600083a7 	.word	0x600083a7
2000947c:	0e3717af 	.word	0x0e3717af
20009480:	3ef40240 	.word	0x3ef40240
20009484:	0e38828f 	.word	0x0e38828f
20009488:	e09e8cb5 	.word	0xe09e8cb5
2000948c:	1257522f 	.word	0x1257522f
20009490:	66863fba 	.word	0x66863fba
20009494:	f0a0e713 	.word	0xf0a0e713
20009498:	03d1e71b 	.word	0x03d1e71b
2000949c:	3f8dc380 	.word	0x3f8dc380
200094a0:	38ac8943 	.word	0x38ac8943
200094a4:	a4011e7f 	.word	0xa4011e7f
200094a8:	65271827 	.word	0x65271827
200094ac:	6801563f 	.word	0x6801563f
200094b0:	56ced6af 	.word	0x56ced6af
200094b4:	27d75cdf 	.word	0x27d75cdf
200094b8:	05379821 	.word	0x05379821
200094bc:	6080a8be 	.word	0x6080a8be
200094c0:	b618471c 	.word	0xb618471c
200094c4:	40168820 	.word	0x40168820
200094c8:	97608656 	.word	0x97608656
200094cc:	fa969fb5 	.word	0xfa969fb5
200094d0:	ba9684ff 	.word	0xba9684ff
200094d4:	2814b58e 	.word	0x2814b58e
200094d8:	16391446 	.word	0x16391446
200094dc:	3c15ff14 	.word	0x3c15ff14
200094e0:	023ef021 	.word	0x023ef021
200094e4:	94da2f5e 	.word	0x94da2f5e
200094e8:	fc122ee0 	.word	0xfc122ee0
200094ec:	34b02176 	.word	0x34b02176
200094f0:	420e5800 	.word	0x420e5800
200094f4:	0e0f2126 	.word	0x0e0f2126
200094f8:	987f76cf 	.word	0x987f76cf
200094fc:	72bfb501 	.word	0x72bfb501
20009500:	94078146 	.word	0x94078146
20009504:	b745bf2e 	.word	0xb745bf2e
20009508:	00973d0f 	.word	0x00973d0f
2000950c:	a71921a4 	.word	0xa71921a4
20009510:	5f1082dc 	.word	0x5f1082dc
20009514:	28976c20 	.word	0x28976c20
20009518:	d5466f7a 	.word	0xd5466f7a
2000951c:	3f0f4096 	.word	0x3f0f4096
20009520:	84e0bcf7 	.word	0x84e0bcf7
20009524:	8fb93e24 	.word	0x8fb93e24
20009528:	a666b12f 	.word	0xa666b12f
2000952c:	e76e2493 	.word	0xe76e2493
20009530:	0f2ef7e8 	.word	0x0f2ef7e8
20009534:	ce7480ee 	.word	0xce7480ee
20009538:	185a5736 	.word	0x185a5736
2000953c:	9aa65c97 	.word	0x9aa65c97
20009540:	cd8fc825 	.word	0xcd8fc825
20009544:	eff0978e 	.word	0xeff0978e
20009548:	303404ff 	.word	0x303404ff
2000954c:	3c2056b4 	.word	0x3c2056b4
20009550:	890444df 	.word	0x890444df
20009554:	270f1ab7 	.word	0x270f1ab7
20009558:	974dae40 	.word	0x974dae40
2000955c:	1a6e5077 	.word	0x1a6e5077
20009560:	26b176d6 	.word	0x26b176d6
20009564:	c1de30b6 	.word	0xc1de30b6
20009568:	c33250ec 	.word	0xc33250ec
2000956c:	86afd739 	.word	0x86afd739
20009570:	4246c614 	.word	0x4246c614
20009574:	a2702727 	.word	0xa2702727
20009578:	070b2293 	.word	0x070b2293
2000957c:	4f1744a4 	.word	0x4f1744a4
20009580:	7ff1a2a0 	.word	0x7ff1a2a0
20009584:	2e8e81af 	.word	0x2e8e81af
20009588:	2c84c4f6 	.word	0x2c84c4f6
2000958c:	5f96e388 	.word	0x5f96e388
20009590:	424f4300 	.word	0x424f4300
20009594:	b7132ca1 	.word	0xb7132ca1
20009598:	2f374c48 	.word	0x2f374c48
2000959c:	966cae16 	.word	0x966cae16
200095a0:	600197c4 	.word	0x600197c4
200095a4:	02efc30e 	.word	0x02efc30e
200095a8:	572007ff 	.word	0x572007ff
200095ac:	b3bf3901 	.word	0xb3bf3901
200095b0:	0e02240e 	.word	0x0e02240e
200095b4:	11688ce6 	.word	0x11688ce6
200095b8:	006c7a8e 	.word	0x006c7a8e
200095bc:	dee8ac53 	.word	0xdee8ac53
200095c0:	81d707c4 	.word	0x81d707c4
200095c4:	3747813d 	.word	0x3747813d
200095c8:	c2e12770 	.word	0xc2e12770
200095cc:	df560c8f 	.word	0xdf560c8f
200095d0:	e9d31ed0 	.word	0xe9d31ed0
200095d4:	b1de94de 	.word	0xb1de94de
200095d8:	a06649ee 	.word	0xa06649ee
200095dc:	de859ae6 	.word	0xde859ae6
200095e0:	27dee876 	.word	0x27dee876
200095e4:	b530978e 	.word	0xb530978e
200095e8:	000ff8b7 	.word	0x000ff8b7
200095ec:	57960a07 	.word	0x57960a07
200095f0:	818f0ebe 	.word	0x818f0ebe
200095f4:	33b73344 	.word	0x33b73344
200095f8:	86044160 	.word	0x86044160
200095fc:	955326c0 	.word	0x955326c0
20009600:	42b6a3cf 	.word	0x42b6a3cf
20009604:	2b2eb88c 	.word	0x2b2eb88c
20009608:	63023e4d 	.word	0x63023e4d
2000960c:	aca3c227 	.word	0xaca3c227
20009610:	f0f2fe17 	.word	0xf0f2fe17
20009614:	6014c7ff 	.word	0x6014c7ff
20009618:	21b7966c 	.word	0x21b7966c
2000961c:	4f858fc9 	.word	0x4f858fc9
20009620:	4e2646a0 	.word	0x4e2646a0
20009624:	3d258126 	.word	0x3d258126
20009628:	a60f68ef 	.word	0xa60f68ef
2000962c:	00ffc414 	.word	0x00ffc414
20009630:	82214f4d 	.word	0x82214f4d
20009634:	0fd6ffb6 	.word	0x0fd6ffb6
20009638:	8a1222ff 	.word	0x8a1222ff
2000963c:	26aa767c 	.word	0x26aa767c
20009640:	0f2064b7 	.word	0x0f2064b7
20009644:	00d4fef6 	.word	0x00d4fef6
20009648:	26e77b10 	.word	0x26e77b10
2000964c:	36178d54 	.word	0x36178d54
20009650:	573c09e1 	.word	0x573c09e1
20009654:	ace6d82c 	.word	0xace6d82c
20009658:	57729924 	.word	0x57729924
2000965c:	16be0617 	.word	0x16be0617
20009660:	9426dcac 	.word	0x9426dcac
20009664:	8e0f82a7 	.word	0x8e0f82a7
20009668:	965c6110 	.word	0x965c6110
2000966c:	6f0b8c45 	.word	0x6f0b8c45
20009670:	cd7e7466 	.word	0xcd7e7466
20009674:	3e018397 	.word	0x3e018397
20009678:	37361007 	.word	0x37361007
2000967c:	a1962442 	.word	0xa1962442
20009680:	972f09e7 	.word	0x972f09e7
20009684:	c0671500 	.word	0xc0671500
20009688:	04d35fc5 	.word	0x04d35fc5
2000968c:	2d117557 	.word	0x2d117557
20009690:	70111117 	.word	0x70111117
20009694:	e1d40e2f 	.word	0xe1d40e2f
20009698:	d4e1b703 	.word	0xd4e1b703
2000969c:	b48bfe50 	.word	0xb48bfe50
200096a0:	0567b53f 	.word	0x0567b53f
200096a4:	2ef07ac0 	.word	0x2ef07ac0
200096a8:	12c7c61b 	.word	0x12c7c61b
200096ac:	8767b001 	.word	0x8767b001
200096b0:	13e140fe 	.word	0x13e140fe
200096b4:	e60fcfe1 	.word	0xe60fcfe1
200096b8:	ae20766c 	.word	0xae20766c
200096bc:	c457452d 	.word	0xc457452d
200096c0:	32e75d0c 	.word	0x32e75d0c
200096c4:	68ce9ae9 	.word	0x68ce9ae9
200096c8:	0e94760e 	.word	0x0e94760e
200096cc:	760e785e 	.word	0x760e785e
200096d0:	31707874 	.word	0x31707874
200096d4:	be78506e 	.word	0xbe78506e
200096d8:	b7feae24 	.word	0xb7feae24
200096dc:	680088af 	.word	0x680088af
200096e0:	9a01845e 	.word	0x9a01845e
200096e4:	80b4ca16 	.word	0x80b4ca16
200096e8:	007cf777 	.word	0x007cf777
200096ec:	8f535ab3 	.word	0x8f535ab3
200096f0:	d03cdf12 	.word	0xd03cdf12
200096f4:	3cad100f 	.word	0x3cad100f
200096f8:	4e53af2b 	.word	0x4e53af2b
200096fc:	af5810df 	.word	0xaf5810df
20009700:	1777188b 	.word	0x1777188b
20009704:	e28110af 	.word	0xe28110af
20009708:	42be670b 	.word	0x42be670b
2000970c:	6000d8f7 	.word	0x6000d8f7
20009710:	7da69126 	.word	0x7da69126
20009714:	2211dc0c 	.word	0x2211dc0c
20009718:	c79e60a2 	.word	0xc79e60a2
2000971c:	a076b0b6 	.word	0xa076b0b6
20009720:	afa2ce3c 	.word	0xafa2ce3c
20009724:	02e14f2b 	.word	0x02e14f2b
20009728:	3497d03c 	.word	0x3497d03c
2000972c:	ce071e60 	.word	0xce071e60
20009730:	060a90c2 	.word	0x060a90c2
20009734:	c0e6c006 	.word	0xc0e6c006
20009738:	4066b607 	.word	0x4066b607
2000973c:	4444e7ae 	.word	0x4444e7ae
20009740:	21df936e 	.word	0x21df936e
20009744:	2671f6b5 	.word	0x2671f6b5
20009748:	d60bff35 	.word	0xd60bff35
2000974c:	8e2376b6 	.word	0x8e2376b6
20009750:	8e61a603 	.word	0x8e61a603
20009754:	2c7e15da 	.word	0x2c7e15da
20009758:	42dd8eea 	.word	0x42dd8eea
2000975c:	0b509867 	.word	0x0b509867
20009760:	e4edef74 	.word	0xe4edef74
20009764:	91e04e05 	.word	0x91e04e05
20009768:	dd1f7405 	.word	0xdd1f7405
2000976c:	b097d30d 	.word	0xb097d30d
20009770:	f0484f6d 	.word	0xf0484f6d
20009774:	efe1b0b7 	.word	0xefe1b0b7
20009778:	ac301e71 	.word	0xac301e71
2000977c:	7820b0ae 	.word	0x7820b0ae
20009780:	c8362016 	.word	0xc8362016
20009784:	01364eec 	.word	0x01364eec
20009788:	e2f476b8 	.word	0xe2f476b8
2000978c:	15960d52 	.word	0x15960d52
20009790:	e2d024e0 	.word	0xe2d024e0
20009794:	ceadbe10 	.word	0xceadbe10
20009798:	70248ed7 	.word	0x70248ed7
2000979c:	a89e23cf 	.word	0xa89e23cf
200097a0:	80e2ae2e 	.word	0x80e2ae2e
200097a4:	3e50be65 	.word	0x3e50be65
200097a8:	0a36bcce 	.word	0x0a36bcce
200097ac:	d57e1526 	.word	0xd57e1526
200097b0:	1ed4aea4 	.word	0x1ed4aea4
200097b4:	6b278103 	.word	0x6b278103
200097b8:	a79f7044 	.word	0xa79f7044
200097bc:	172e345e 	.word	0x172e345e
200097c0:	26d6a677 	.word	0x26d6a677
200097c4:	07981020 	.word	0x07981020
200097c8:	1f9f5a09 	.word	0x1f9f5a09
200097cc:	24a5e308 	.word	0x24a5e308
200097d0:	0d877609 	.word	0x0d877609
200097d4:	90010f0f 	.word	0x90010f0f
200097d8:	141f0d27 	.word	0x141f0d27
200097dc:	2484e3e1 	.word	0x2484e3e1
200097e0:	5dc40722 	.word	0x5dc40722
200097e4:	778fd5d7 	.word	0x778fd5d7
200097e8:	13d9f378 	.word	0x13d9f378
200097ec:	0c716f10 	.word	0x0c716f10
200097f0:	7648a799 	.word	0x7648a799
200097f4:	28273daf 	.word	0x28273daf
200097f8:	482c7e78 	.word	0x482c7e78
200097fc:	e77a8738 	.word	0xe77a8738
20009800:	3efc0462 	.word	0x3efc0462
20009804:	4f5f0e8f 	.word	0x4f5f0e8f
20009808:	5777ac62 	.word	0x5777ac62
2000980c:	53e311cc 	.word	0x53e311cc
20009810:	9c288fd5 	.word	0x9c288fd5
20009814:	d1262b3f 	.word	0xd1262b3f
20009818:	27f51911 	.word	0x27f51911
2000981c:	4de6282a 	.word	0x4de6282a
20009820:	8e66d77d 	.word	0x8e66d77d
20009824:	a04026b8 	.word	0xa04026b8
20009828:	25867ccc 	.word	0x25867ccc
2000982c:	8da610a0 	.word	0x8da610a0
20009830:	21e01c66 	.word	0x21e01c66
20009834:	fe41c298 	.word	0xfe41c298
20009838:	a023288e 	.word	0xa023288e
2000983c:	c6972606 	.word	0xc6972606
20009840:	df3c0316 	.word	0xdf3c0316
20009844:	155fd740 	.word	0x155fd740
20009848:	979c3c84 	.word	0x979c3c84
2000984c:	44b72792 	.word	0x44b72792
20009850:	26a4f6e3 	.word	0x26a4f6e3
20009854:	953f05dc 	.word	0x953f05dc
20009858:	a0977702 	.word	0xa0977702
2000985c:	376103c0 	.word	0x376103c0
20009860:	70677103 	.word	0x70677103
20009864:	ff667a60 	.word	0xff667a60
20009868:	a6c717ff 	.word	0xa6c717ff
2000986c:	16fdfe7f 	.word	0x16fdfe7f
20009870:	ae5423a0 	.word	0xae5423a0
20009874:	ac06a19c 	.word	0xac06a19c
20009878:	4da10fa1 	.word	0x4da10fa1
2000987c:	8605e729 	.word	0x8605e729
20009880:	49b77ff3 	.word	0x49b77ff3
20009884:	16866200 	.word	0x16866200
20009888:	7761102f 	.word	0x7761102f
2000988c:	16a0d7bb 	.word	0x16a0d7bb
20009890:	0b447fcf 	.word	0x0b447fcf
20009894:	968eb442 	.word	0x968eb442
20009898:	5f0c0865 	.word	0x5f0c0865
2000989c:	fef516e9 	.word	0xfef516e9
200098a0:	0fe62404 	.word	0x0fe62404
200098a4:	24a6e21e 	.word	0x24a6e21e
200098a8:	87486403 	.word	0x87486403
200098ac:	36915e4e 	.word	0x36915e4e
200098b0:	48d603d8 	.word	0x48d603d8
200098b4:	c0bcc7b9 	.word	0xc0bcc7b9
200098b8:	86bf0c27 	.word	0x86bf0c27
200098bc:	e201fff6 	.word	0xe201fff6
200098c0:	775e698f 	.word	0x775e698f
200098c4:	87350b44 	.word	0x87350b44
200098c8:	0502c71b 	.word	0x0502c71b
200098cc:	be6e6267 	.word	0xbe6e6267
200098d0:	c2478cb9 	.word	0xc2478cb9
200098d4:	c47e06c7 	.word	0xc47e06c7
200098d8:	97db0328 	.word	0x97db0328
200098dc:	15099f9f 	.word	0x15099f9f
200098e0:	1444f487 	.word	0x1444f487
200098e4:	c7ddf708 	.word	0xc7ddf708
200098e8:	33269873 	.word	0x33269873
200098ec:	c798579e 	.word	0xc798579e
200098f0:	7118a716 	.word	0x7118a716
200098f4:	ca765041 	.word	0xca765041
200098f8:	3f33fe18 	.word	0x3f33fe18
200098fc:	efb408f7 	.word	0xefb408f7
20009900:	608f7704 	.word	0x608f7704
20009904:	0180e491 	.word	0x0180e491
20009908:	924a3fb5 	.word	0x924a3fb5
2000990c:	6e3737b0 	.word	0x6e3737b0
20009910:	4f4d8e44 	.word	0x4f4d8e44
20009914:	d807dc8c 	.word	0xd807dc8c
20009918:	e25e8f37 	.word	0xe25e8f37
2000991c:	0c184002 	.word	0x0c184002
20009920:	b15b0f5a 	.word	0xb15b0f5a
20009924:	203e564f 	.word	0x203e564f
20009928:	0902a12a 	.word	0x0902a12a
2000992c:	3ed1205e 	.word	0x3ed1205e
20009930:	2de0a978 	.word	0x2de0a978
20009934:	d70666f4 	.word	0xd70666f4
20009938:	b65f2777 	.word	0xb65f2777
2000993c:	6e180168 	.word	0x6e180168
20009940:	4c0466c6 	.word	0x4c0466c6
20009944:	56818477 	.word	0x56818477
20009948:	84e298fd 	.word	0x84e298fd
2000994c:	4f8b0724 	.word	0x4f8b0724
20009950:	243fc0b7 	.word	0x243fc0b7
20009954:	af2eec02 	.word	0xaf2eec02
20009958:	1e21c017 	.word	0x1e21c017
2000995c:	2c2ef1b6 	.word	0x2c2ef1b6
20009960:	121ebf9d 	.word	0x121ebf9d
20009964:	26c05f91 	.word	0x26c05f91
20009968:	c0eaf70b 	.word	0xc0eaf70b
2000996c:	29875603 	.word	0x29875603
20009970:	5c566bee 	.word	0x5c566bee
20009974:	750ed40e 	.word	0x750ed40e
20009978:	2e168e3a 	.word	0x2e168e3a
2000997c:	a892c036 	.word	0xa892c036
20009980:	c111b6ee 	.word	0xc111b6ee
20009984:	10efd07f 	.word	0x10efd07f
20009988:	1269ee23 	.word	0x1269ee23
2000998c:	640795a8 	.word	0x640795a8
20009990:	b6063d6f 	.word	0xb6063d6f
20009994:	5e2ec346 	.word	0x5e2ec346
20009998:	7f8e62e1 	.word	0x7f8e62e1
2000999c:	050286e2 	.word	0x050286e2
200099a0:	801e57cb 	.word	0x801e57cb
200099a4:	11d02f7f 	.word	0x11d02f7f
200099a8:	2f1ca282 	.word	0x2f1ca282
200099ac:	e05f7628 	.word	0xe05f7628
200099b0:	c0c0da57 	.word	0xc0c0da57
200099b4:	b4f74512 	.word	0xb4f74512
200099b8:	d7026057 	.word	0xd7026057
200099bc:	63033696 	.word	0x63033696
200099c0:	16a0d0a6 	.word	0x16a0d0a6
200099c4:	da0c6687 	.word	0xda0c6687
200099c8:	99576200 	.word	0x99576200
200099cc:	2e1d1540 	.word	0x2e1d1540
200099d0:	b6a45798 	.word	0xb6a45798
200099d4:	f4da4e9e 	.word	0xf4da4e9e
200099d8:	6b9157ff 	.word	0x6b9157ff
200099dc:	8456193f 	.word	0x8456193f
200099e0:	56a20e63 	.word	0x56a20e63
200099e4:	572f6648 	.word	0x572f6648
200099e8:	047f275c 	.word	0x047f275c
200099ec:	0e101f5c 	.word	0x0e101f5c
200099f0:	229641a7 	.word	0x229641a7
200099f4:	0860f5d6 	.word	0x0860f5d6
200099f8:	5e1c26b5 	.word	0x5e1c26b5
200099fc:	0a0fad20 	.word	0x0a0fad20
20009a00:	a708c68c 	.word	0xa708c68c
20009a04:	88268311 	.word	0x88268311
20009a08:	bf58fe3d 	.word	0xbf58fe3d
20009a0c:	cf7e4f0c 	.word	0xcf7e4f0c
20009a10:	020e28bd 	.word	0x020e28bd
20009a14:	e6e9d756 	.word	0xe6e9d756
20009a18:	a22e771a 	.word	0xa22e771a
20009a1c:	deb63fe5 	.word	0xdeb63fe5
20009a20:	c4268e46 	.word	0xc4268e46
20009a24:	47bca280 	.word	0x47bca280
20009a28:	03ae18d4 	.word	0x03ae18d4
20009a2c:	3a84a73d 	.word	0x3a84a73d
20009a30:	0b45a687 	.word	0x0b45a687
20009a34:	af16afc1 	.word	0xaf16afc1
20009a38:	71320f0c 	.word	0x71320f0c
20009a3c:	e4476a06 	.word	0xe4476a06
20009a40:	c37636b6 	.word	0xc37636b6
20009a44:	84678e45 	.word	0x84678e45
20009a48:	021ea319 	.word	0x021ea319
20009a4c:	5a47d805 	.word	0x5a47d805
20009a50:	194087b6 	.word	0x194087b6
20009a54:	7e163690 	.word	0x7e163690
20009a58:	70164504 	.word	0x70164504
20009a5c:	06a600c1 	.word	0x06a600c1
20009a60:	26dda5c0 	.word	0x26dda5c0
20009a64:	6caf5726 	.word	0x6caf5726
20009a68:	0c022526 	.word	0x0c022526
20009a6c:	6ccfdecf 	.word	0x6ccfdecf
20009a70:	14005476 	.word	0x14005476
20009a74:	8c47e8c7 	.word	0x8c47e8c7
20009a78:	8c468eb8 	.word	0x8c468eb8
20009a7c:	ebf64c24 	.word	0xebf64c24
20009a80:	8386284f 	.word	0x8386284f
20009a84:	ce8b051f 	.word	0xce8b051f
20009a88:	0ba5888e 	.word	0x0ba5888e
20009a8c:	9c0a0f58 	.word	0x9c0a0f58
20009a90:	7ea5895f 	.word	0x7ea5895f
20009a94:	46f55457 	.word	0x46f55457
20009a98:	68cf19fb 	.word	0x68cf19fb
20009a9c:	5b13434e 	.word	0x5b13434e
20009aa0:	80fef717 	.word	0x80fef717
20009aa4:	a33f3762 	.word	0xa33f3762
20009aa8:	fe77b874 	.word	0xfe77b874
20009aac:	23a097af 	.word	0x23a097af
20009ab0:	103d2755 	.word	0x103d2755
20009ab4:	67bb4300 	.word	0x67bb4300
20009ab8:	bcc22f42 	.word	0xbcc22f42
20009abc:	d71243c7 	.word	0xd71243c7
20009ac0:	21219e35 	.word	0x21219e35
20009ac4:	37866c1f 	.word	0x37866c1f
20009ac8:	1ead89ae 	.word	0x1ead89ae
20009acc:	67053ead 	.word	0x67053ead
20009ad0:	baae2580 	.word	0xbaae2580
20009ad4:	0ffef16f 	.word	0x0ffef16f
20009ad8:	4f6bae40 	.word	0x4f6bae40
20009adc:	cf620002 	.word	0xcf620002
20009ae0:	0faa8747 	.word	0x0faa8747
20009ae4:	cfd43f52 	.word	0xcfd43f52
20009ae8:	23806533 	.word	0x23806533
20009aec:	b55fd9ff 	.word	0xb55fd9ff
20009af0:	878bc761 	.word	0x878bc761
20009af4:	120ffb5b 	.word	0x120ffb5b
20009af8:	7642d60b 	.word	0x7642d60b
20009afc:	92022c2a 	.word	0x92022c2a
20009b00:	3030a715 	.word	0x3030a715
20009b04:	d63b663c 	.word	0xd63b663c
20009b08:	16164fb6 	.word	0x16164fb6
20009b0c:	cf1f0188 	.word	0xcf1f0188
20009b10:	938e8966 	.word	0x938e8966
20009b14:	2d2874c7 	.word	0x2d2874c7
20009b18:	a60ec586 	.word	0xa60ec586
20009b1c:	d0c7a505 	.word	0xd0c7a505
20009b20:	d1030757 	.word	0xd1030757
20009b24:	b7500137 	.word	0xb7500137
20009b28:	3de398e8 	.word	0x3de398e8
20009b2c:	a734b167 	.word	0xa734b167
20009b30:	66bf4caf 	.word	0x66bf4caf
20009b34:	7700b6fb 	.word	0x7700b6fb
20009b38:	218a18e7 	.word	0x218a18e7
20009b3c:	8f3678be 	.word	0x8f3678be
20009b40:	0f837f26 	.word	0x0f837f26
20009b44:	00cb7087 	.word	0x00cb7087
20009b48:	88921564 	.word	0x88921564
20009b4c:	70070a11 	.word	0x70070a11
20009b50:	d70d1100 	.word	0xd70d1100
20009b54:	5f33185c 	.word	0x5f33185c
20009b58:	6818802b 	.word	0x6818802b
20009b5c:	52c6f9e2 	.word	0x52c6f9e2
20009b60:	41d2e4ff 	.word	0x41d2e4ff
20009b64:	f02017e9 	.word	0xf02017e9
20009b68:	2094420f 	.word	0x2094420f
20009b6c:	4d05cec8 	.word	0x4d05cec8
20009b70:	38288037 	.word	0x38288037
20009b74:	63e8e347 	.word	0x63e8e347
20009b78:	ae02c496 	.word	0xae02c496
20009b7c:	29f7d19b 	.word	0x29f7d19b
20009b80:	7b44d61c 	.word	0x7b44d61c
20009b84:	df2ecc1f 	.word	0xdf2ecc1f
20009b88:	eeee162c 	.word	0xeeee162c
20009b8c:	940e5208 	.word	0x940e5208
20009b90:	420ed85c 	.word	0x420ed85c
20009b94:	419f2134 	.word	0x419f2134
20009b98:	8718f75c 	.word	0x8718f75c
20009b9c:	330fae48 	.word	0x330fae48
20009ba0:	4d065c8f 	.word	0x4d065c8f
20009ba4:	adc0774d 	.word	0xadc0774d
20009ba8:	f6ae63af 	.word	0xf6ae63af
20009bac:	244226e8 	.word	0x244226e8
20009bb0:	781086df 	.word	0x781086df
20009bb4:	2e738ae4 	.word	0x2e738ae4
20009bb8:	8ae31ce7 	.word	0x8ae31ce7
20009bbc:	33073ac3 	.word	0x33073ac3
20009bc0:	0e807621 	.word	0x0e807621
20009bc4:	460e0257 	.word	0x460e0257
20009bc8:	5099ef98 	.word	0x5099ef98
20009bcc:	dfe91203 	.word	0xdfe91203
20009bd0:	e3d4f79c 	.word	0xe3d4f79c
20009bd4:	12cff02c 	.word	0x12cff02c
20009bd8:	06ba5772 	.word	0x06ba5772
20009bdc:	912f2e1e 	.word	0x912f2e1e
20009be0:	d13f4c10 	.word	0xd13f4c10
20009be4:	44e37e8f 	.word	0x44e37e8f
20009be8:	317e900b 	.word	0x317e900b
20009bec:	8a977106 	.word	0x8a977106
20009bf0:	041203ce 	.word	0x041203ce
20009bf4:	c71f6017 	.word	0xc71f6017
20009bf8:	03e80016 	.word	0x03e80016
20009bfc:	6f0a1224 	.word	0x6f0a1224
20009c00:	04ae3405 	.word	0x04ae3405
20009c04:	d78ebe35 	.word	0xd78ebe35
20009c08:	684e2027 	.word	0x684e2027
20009c0c:	1413aa0c 	.word	0x1413aa0c
20009c10:	63d0038e 	.word	0x63d0038e
20009c14:	8b4e7116 	.word	0x8b4e7116
20009c18:	85240736 	.word	0x85240736
20009c1c:	02cfa528 	.word	0x02cfa528
20009c20:	52ae3da0 	.word	0x52ae3da0
20009c24:	8dc66b26 	.word	0x8dc66b26
20009c28:	d6b76ce5 	.word	0xd6b76ce5
20009c2c:	563f1826 	.word	0x563f1826
20009c30:	8226941e 	.word	0x8226941e
20009c34:	04ad8e04 	.word	0x04ad8e04
20009c38:	9825a677 	.word	0x9825a677
20009c3c:	cf03f8c0 	.word	0xcf03f8c0
20009c40:	c326a2fd 	.word	0xc326a2fd
20009c44:	30062776 	.word	0x30062776
20009c48:	784fb54e 	.word	0x784fb54e
20009c4c:	b6d8b900 	.word	0xb6d8b900
20009c50:	2e17bcca 	.word	0x2e17bcca
20009c54:	b025067c 	.word	0xb025067c
20009c58:	ca0e462a 	.word	0xca0e462a
20009c5c:	fb826fac 	.word	0xfb826fac
20009c60:	a04e404e 	.word	0xa04e404e
20009c64:	927c1695 	.word	0x927c1695
20009c68:	828405c8 	.word	0x828405c8
20009c6c:	0668ee34 	.word	0x0668ee34
20009c70:	5c808d1e 	.word	0x5c808d1e
20009c74:	af31086c 	.word	0xaf31086c
20009c78:	8e05ce66 	.word	0x8e05ce66
20009c7c:	ee500163 	.word	0xee500163
20009c80:	1e039e6b 	.word	0x1e039e6b
20009c84:	e0ff2d60 	.word	0xe0ff2d60
20009c88:	f7d8d83e 	.word	0xf7d8d83e
20009c8c:	870063aa 	.word	0x870063aa
20009c90:	aa5e4696 	.word	0xaa5e4696
20009c94:	ff54d41e 	.word	0xff54d41e
20009c98:	478da0d0 	.word	0x478da0d0
20009c9c:	4f14b964 	.word	0x4f14b964
20009ca0:	adce2fd2 	.word	0xadce2fd2
20009ca4:	0b387e77 	.word	0x0b387e77
20009ca8:	c757374f 	.word	0xc757374f
20009cac:	054e8e06 	.word	0x054e8e06
20009cb0:	420be30e 	.word	0x420be30e
20009cb4:	9593882e 	.word	0x9593882e
20009cb8:	613ca0ff 	.word	0x613ca0ff
20009cbc:	239cbf4e 	.word	0x239cbf4e
20009cc0:	0ae07f39 	.word	0x0ae07f39
20009cc4:	0e869200 	.word	0x0e869200
20009cc8:	4624824c 	.word	0x4624824c
20009ccc:	363ea496 	.word	0x363ea496
20009cd0:	f5063140 	.word	0xf5063140
20009cd4:	08e7e417 	.word	0x08e7e417
20009cd8:	df4d08fe 	.word	0xdf4d08fe
20009cdc:	e104a2e4 	.word	0xe104a2e4
20009ce0:	6b1e2e97 	.word	0x6b1e2e97
20009ce4:	586d2444 	.word	0x586d2444
20009ce8:	07271546 	.word	0x07271546
20009cec:	460bbb26 	.word	0x460bbb26
20009cf0:	bbbbf33e 	.word	0xbbbbf33e
20009cf4:	16c334c6 	.word	0x16c334c6
20009cf8:	09768a66 	.word	0x09768a66
20009cfc:	7452460a 	.word	0x7452460a
20009d00:	504d5026 	.word	0x504d5026
20009d04:	e5b64c46 	.word	0xe5b64c46
20009d08:	9edc83b7 	.word	0x9edc83b7
20009d0c:	f38f263c 	.word	0xf38f263c
20009d10:	1e8fdc8f 	.word	0x1e8fdc8f
20009d14:	09dd8e46 	.word	0x09dd8e46
20009d18:	c4809724 	.word	0xc4809724
20009d1c:	df5a0858 	.word	0xdf5a0858
20009d20:	8506090f 	.word	0x8506090f
20009d24:	f5008224 	.word	0xf5008224
20009d28:	81060af6 	.word	0x81060af6
20009d2c:	afa9e3a6 	.word	0xafa9e3a6
20009d30:	88edc678 	.word	0x88edc678
20009d34:	06b4acc5 	.word	0x06b4acc5
20009d38:	ce55acc4 	.word	0xce55acc4
20009d3c:	8216f84b 	.word	0x8216f84b
20009d40:	2f764330 	.word	0x2f764330
20009d44:	40263e24 	.word	0x40263e24
20009d48:	36030b40 	.word	0x36030b40
20009d4c:	68014b62 	.word	0x68014b62
20009d50:	60201ee3 	.word	0x60201ee3
20009d54:	e6cd0106 	.word	0xe6cd0106
20009d58:	1f325826 	.word	0x1f325826
20009d5c:	38c223ce 	.word	0x38c223ce
20009d60:	f438a4eb 	.word	0xf438a4eb
20009d64:	b0145a8a 	.word	0xb0145a8a
20009d68:	3afe35a8 	.word	0x3afe35a8
20009d6c:	68681617 	.word	0x68681617
20009d70:	a8fe93ca 	.word	0xa8fe93ca
20009d74:	c6134630 	.word	0xc6134630
20009d78:	037a4ff6 	.word	0x037a4ff6
20009d7c:	ce311670 	.word	0xce311670
20009d80:	26cd80d6 	.word	0x26cd80d6
20009d84:	7750c225 	.word	0x7750c225
20009d88:	e27ea282 	.word	0xe27ea282
20009d8c:	8b582eb1 	.word	0x8b582eb1
20009d90:	c40a5608 	.word	0xc40a5608
20009d94:	55560e10 	.word	0x55560e10
20009d98:	0f107506 	.word	0x0f107506
20009d9c:	4aa63667 	.word	0x4aa63667
20009da0:	8c06d331 	.word	0x8c06d331
20009da4:	60926bce 	.word	0x60926bce
20009da8:	644e70be 	.word	0x644e70be
20009dac:	06a1c663 	.word	0x06a1c663
20009db0:	9a1e46a5 	.word	0x9a1e46a5
20009db4:	be0faaa7 	.word	0xbe0faaa7
20009db8:	ab34afac 	.word	0xab34afac
20009dbc:	ed21e71f 	.word	0xed21e71f
20009dc0:	0baf0c22 	.word	0x0baf0c22
20009dc4:	06acc07e 	.word	0x06acc07e
20009dc8:	0ce70e9e 	.word	0x0ce70e9e
20009dcc:	8f46f7f7 	.word	0x8f46f7f7
20009dd0:	668fbd56 	.word	0x668fbd56
20009dd4:	8f76ef8f 	.word	0x8f76ef8f
20009dd8:	96788f86 	.word	0x96788f86
20009ddc:	8f363c8f 	.word	0x8f363c8f
20009de0:	0e9b401b 	.word	0x0e9b401b
20009de4:	09862ca0 	.word	0x09862ca0
20009de8:	80077726 	.word	0x80077726
20009dec:	23103529 	.word	0x23103529
20009df0:	2e95040f 	.word	0x2e95040f
20009df4:	acc98636 	.word	0xacc98636
20009df8:	006a160b 	.word	0x006a160b
20009dfc:	78a46e15 	.word	0x78a46e15
20009e00:	361b8117 	.word	0x361b8117
20009e04:	acc3620e 	.word	0xacc3620e
20009e08:	b8086684 	.word	0xb8086684
20009e0c:	0087203e 	.word	0x0087203e
20009e10:	01836e2c 	.word	0x01836e2c
20009e14:	e8478f40 	.word	0xe8478f40
20009e18:	7cc42e78 	.word	0x7cc42e78
20009e1c:	33accc66 	.word	0x33accc66
20009e20:	0679cb77 	.word	0x0679cb77
20009e24:	acc2f8c7 	.word	0xacc2f8c7
20009e28:	27331951 	.word	0x27331951
20009e2c:	945e17ff 	.word	0x945e17ff
20009e30:	5bfe3819 	.word	0x5bfe3819
20009e34:	07e7a614 	.word	0x07e7a614
20009e38:	cea0b246 	.word	0xcea0b246
20009e3c:	93494fb8 	.word	0x93494fb8
20009e40:	11a067be 	.word	0x11a067be
20009e44:	900e754d 	.word	0x900e754d
20009e48:	0b2766b4 	.word	0x0b2766b4
20009e4c:	282526d8 	.word	0x282526d8
20009e50:	660f3f0f 	.word	0x660f3f0f
20009e54:	846f0eaf 	.word	0x846f0eaf
20009e58:	bf86210e 	.word	0xbf86210e
20009e5c:	48fffc1e 	.word	0x48fffc1e
20009e60:	1046d617 	.word	0x1046d617
20009e64:	c8815e2a 	.word	0xc8815e2a
20009e68:	560e1685 	.word	0x560e1685
20009e6c:	84f6748b 	.word	0x84f6748b
20009e70:	1527a95e 	.word	0x1527a95e
20009e74:	00b4885e 	.word	0x00b4885e
20009e78:	1f67439e 	.word	0x1f67439e
20009e7c:	5f1c1942 	.word	0x5f1c1942
20009e80:	19570b8c 	.word	0x19570b8c
20009e84:	20869f7d 	.word	0x20869f7d
20009e88:	46c08707 	.word	0x46c08707
20009e8c:	c0f77c8c 	.word	0xc0f77c8c
20009e90:	75b7aa61 	.word	0x75b7aa61
20009e94:	5f4800c5 	.word	0x5f4800c5
20009e98:	077e1d9a 	.word	0x077e1d9a
20009e9c:	8b4406ea 	.word	0x8b4406ea
20009ea0:	7ea68b6f 	.word	0x7ea68b6f
20009ea4:	da2706bd 	.word	0xda2706bd
20009ea8:	df0032d7 	.word	0xdf0032d7
20009eac:	e474c22f 	.word	0xe474c22f
20009eb0:	a18f8d59 	.word	0xa18f8d59
20009eb4:	8e1062ce 	.word	0x8e1062ce
20009eb8:	1c0b9628 	.word	0x1c0b9628
20009ebc:	172180df 	.word	0x172180df
20009ec0:	64de38c6 	.word	0x64de38c6
20009ec4:	101e3840 	.word	0x101e3840
20009ec8:	01c6c681 	.word	0x01c6c681
20009ecc:	6628d662 	.word	0x6628d662
20009ed0:	96c26f9f 	.word	0x96c26f9f
20009ed4:	87260b0f 	.word	0x87260b0f
20009ed8:	c407dd46 	.word	0xc407dd46
20009edc:	d4bfa62c 	.word	0xd4bfa62c
20009ee0:	3783c646 	.word	0x3783c646
20009ee4:	e6df3a23 	.word	0xe6df3a23
20009ee8:	fca66edc 	.word	0xfca66edc
20009eec:	34b76b00 	.word	0x34b76b00
20009ef0:	c72a56be 	.word	0xc72a56be
20009ef4:	a01e3142 	.word	0xa01e3142
20009ef8:	57031f23 	.word	0x57031f23
20009efc:	c6709427 	.word	0xc6709427
20009f00:	048cffbb 	.word	0x048cffbb
20009f04:	372edf31 	.word	0x372edf31
20009f08:	85b66f03 	.word	0x85b66f03
20009f0c:	844768ac 	.word	0x844768ac
20009f10:	0a6fe91b 	.word	0x0a6fe91b
20009f14:	a70e0417 	.word	0xa70e0417
20009f18:	a09043fa 	.word	0xa09043fa
20009f1c:	e81f7250 	.word	0xe81f7250
20009f20:	5f2bc467 	.word	0x5f2bc467
20009f24:	ef055581 	.word	0xef055581
20009f28:	1f19d130 	.word	0x1f19d130
20009f2c:	6f11c684 	.word	0x6f11c684
20009f30:	77fea020 	.word	0x77fea020
20009f34:	b605ee70 	.word	0xb605ee70
20009f38:	8ef0415c 	.word	0x8ef0415c
20009f3c:	fe7e40a8 	.word	0xfe7e40a8
20009f40:	904002f6 	.word	0x904002f6
20009f44:	0297b510 	.word	0x0297b510
20009f48:	7838b7d4 	.word	0x7838b7d4
20009f4c:	30b01236 	.word	0x30b01236
20009f50:	4c6e215f 	.word	0x4c6e215f
20009f54:	beabc656 	.word	0xbeabc656
20009f58:	ce6c8c86 	.word	0xce6c8c86
20009f5c:	a4349095 	.word	0xa4349095
20009f60:	85a74f45 	.word	0x85a74f45
20009f64:	00dcbed0 	.word	0x00dcbed0
20009f68:	d6c04fde 	.word	0xd6c04fde
20009f6c:	5edd8a8c 	.word	0x5edd8a8c
20009f70:	c2005fdf 	.word	0xc2005fdf
20009f74:	8edbd0be 	.word	0x8edbd0be
20009f78:	4232b5d4 	.word	0x4232b5d4
20009f7c:	24c50f3f 	.word	0x24c50f3f
20009f80:	db17f082 	.word	0xdb17f082
20009f84:	7c2eb5b2 	.word	0x7c2eb5b2
20009f88:	4a338fa6 	.word	0x4a338fa6
20009f8c:	b342e99e 	.word	0xb342e99e
20009f90:	70cf4f16 	.word	0x70cf4f16
20009f94:	16c69990 	.word	0x16c69990
20009f98:	04d94f21 	.word	0x04d94f21
20009f9c:	28e04fe5 	.word	0x28e04fe5
20009fa0:	1f32a300 	.word	0x1f32a300
20009fa4:	16efce99 	.word	0x16efce99
20009fa8:	9083d78f 	.word	0x9083d78f
20009fac:	1291c326 	.word	0x1291c326
20009fb0:	1eb8417e 	.word	0x1eb8417e
20009fb4:	025790f6 	.word	0x025790f6
20009fb8:	0232fc06 	.word	0x0232fc06
20009fbc:	96470046 	.word	0x96470046
20009fc0:	92461e16 	.word	0x92461e16
20009fc4:	00fa6002 	.word	0x00fa6002
20009fc8:	e220a735 	.word	0xe220a735
20009fcc:	3f6e687e 	.word	0x3f6e687e
20009fd0:	27340563 	.word	0x27340563
20009fd4:	010018e2 	.word	0x010018e2
20009fd8:	3e50c7fb 	.word	0x3e50c7fb
20009fdc:	2605e8f4 	.word	0x2605e8f4
20009fe0:	256aee23 	.word	0x256aee23
20009fe4:	17870e8e 	.word	0x17870e8e
20009fe8:	85060d26 	.word	0x85060d26
20009fec:	64eee200 	.word	0x64eee200
20009ff0:	16b6f710 	.word	0x16b6f710
20009ff4:	e6a38e63 	.word	0xe6a38e63
20009ff8:	5c274881 	.word	0x5c274881
20009ffc:	34183087 	.word	0x34183087
2000a000:	2b0657a6 	.word	0x2b0657a6
2000a004:	9e7b87bf 	.word	0x9e7b87bf
2000a008:	307e8cb8 	.word	0x307e8cb8
2000a00c:	f88e0f8f 	.word	0xf88e0f8f
2000a010:	6c96e182 	.word	0x6c96e182
2000a014:	2d04a136 	.word	0x2d04a136
2000a018:	78a83f57 	.word	0x78a83f57
2000a01c:	a441733e 	.word	0xa441733e
2000a020:	c6f7403f 	.word	0xc6f7403f
2000a024:	d70f26d0 	.word	0xd70f26d0
2000a028:	1c675249 	.word	0x1c675249
2000a02c:	de0e16d7 	.word	0xde0e16d7
2000a030:	0e8fa380 	.word	0x0e8fa380
2000a034:	54529fd7 	.word	0x54529fd7
2000a038:	13270690 	.word	0x13270690
2000a03c:	27216e78 	.word	0x27216e78
2000a040:	00766e6c 	.word	0x00766e6c
2000a044:	36b0275f 	.word	0x36b0275f
2000a048:	251802d6 	.word	0x251802d6
2000a04c:	475d455f 	.word	0x475d455f
2000a050:	dcb6e783 	.word	0xdcb6e783
2000a054:	11060583 	.word	0x11060583
2000a058:	f0119f22 	.word	0xf0119f22
2000a05c:	5f917ffe 	.word	0x5f917ffe
2000a060:	0626560e 	.word	0x0626560e
2000a064:	02e157cc 	.word	0x02e157cc
2000a068:	43ce2e29 	.word	0x43ce2e29
2000a06c:	1fc2765e 	.word	0x1fc2765e
2000a070:	02eefe07 	.word	0x02eefe07
2000a074:	38020f24 	.word	0x38020f24
2000a078:	1e1d83e6 	.word	0x1e1d83e6
2000a07c:	5606da23 	.word	0x5606da23
2000a080:	44561552 	.word	0x44561552
2000a084:	d7c21a04 	.word	0xd7c21a04
2000a088:	2af4d60b 	.word	0x2af4d60b
2000a08c:	b102b210 	.word	0xb102b210
2000a090:	5527b84e 	.word	0x5527b84e
2000a094:	3e7e94c6 	.word	0x3e7e94c6
2000a098:	7edc3294 	.word	0x7edc3294
2000a09c:	60092e94 	.word	0x60092e94
2000a0a0:	676abec9 	.word	0x676abec9
2000a0a4:	b10896c5 	.word	0xb10896c5
2000a0a8:	d7676b47 	.word	0xd7676b47
2000a0ac:	60f63cde 	.word	0x60f63cde
2000a0b0:	0efdf94e 	.word	0x0efdf94e
2000a0b4:	26a5e204 	.word	0x26a5e204
2000a0b8:	d80584b7 	.word	0xd80584b7
2000a0bc:	572a0127 	.word	0x572a0127
2000a0c0:	5b2f54c4 	.word	0x5b2f54c4
2000a0c4:	2f0ea25f 	.word	0x2f0ea25f
2000a0c8:	335f3387 	.word	0x335f3387
2000a0cc:	2d4301d6 	.word	0x2d4301d6
2000a0d0:	3a8ff0c7 	.word	0x3a8ff0c7
2000a0d4:	1007e68a 	.word	0x1007e68a
2000a0d8:	865c3f32 	.word	0x865c3f32
2000a0dc:	54785613 	.word	0x54785613
2000a0e0:	412694e6 	.word	0x412694e6
2000a0e4:	2415971f 	.word	0x2415971f
2000a0e8:	47cd08a4 	.word	0x47cd08a4
2000a0ec:	c7434011 	.word	0xc7434011
2000a0f0:	b982ad37 	.word	0xb982ad37
2000a0f4:	df02a577 	.word	0xdf02a577
2000a0f8:	e0002657 	.word	0xe0002657
2000a0fc:	54e74302 	.word	0x54e74302
2000a100:	80c7a702 	.word	0x80c7a702
2000a104:	24a5d4e6 	.word	0x24a5d4e6
2000a108:	0240ffbe 	.word	0x0240ffbe
2000a10c:	d5ff3f95 	.word	0xd5ff3f95
2000a110:	5511d0a2 	.word	0x5511d0a2
2000a114:	479c00a0 	.word	0x479c00a0
2000a118:	26761642 	.word	0x26761642
2000a11c:	87972631 	.word	0x87972631
2000a120:	7c24015d 	.word	0x7c24015d
2000a124:	150c8f87 	.word	0x150c8f87
2000a128:	8416ab47 	.word	0x8416ab47
2000a12c:	f1671b14 	.word	0xf1671b14
2000a130:	8c460b44 	.word	0x8c460b44
2000a134:	da630fa5 	.word	0xda630fa5
2000a138:	1c0dbec7 	.word	0x1c0dbec7
2000a13c:	68247027 	.word	0x68247027
2000a140:	31277686 	.word	0x31277686
2000a144:	fb9bebf6 	.word	0xfb9bebf6
2000a148:	95109e02 	.word	0x95109e02
2000a14c:	96814f6e 	.word	0x96814f6e
2000a150:	28375821 	.word	0x28375821
2000a154:	5340de0e 	.word	0x5340de0e
2000a158:	ae79062f 	.word	0xae79062f
2000a15c:	7a8fdd08 	.word	0x7a8fdd08
2000a160:	8606d5cb 	.word	0x8606d5cb
2000a164:	07efbfe0 	.word	0x07efbfe0
2000a168:	e7630b36 	.word	0xe7630b36
2000a16c:	b31e2e19 	.word	0xb31e2e19
2000a170:	6ed8cf14 	.word	0x6ed8cf14
2000a174:	4432d63f 	.word	0x4432d63f
2000a178:	2377b06f 	.word	0x2377b06f
2000a17c:	024fd824 	.word	0x024fd824
2000a180:	b0904fb8 	.word	0xb0904fb8
2000a184:	5876135e 	.word	0x5876135e
2000a188:	8c524f1a 	.word	0x8c524f1a
2000a18c:	64c55c97 	.word	0x64c55c97
2000a190:	a0e23744 	.word	0xa0e23744
2000a194:	0f9f66e6 	.word	0x0f9f66e6
2000a198:	f7583218 	.word	0xf7583218
2000a19c:	012eac37 	.word	0x012eac37
2000a1a0:	56f196d2 	.word	0x56f196d2
2000a1a4:	70891eb3 	.word	0x70891eb3
2000a1a8:	3e730916 	.word	0x3e730916
2000a1ac:	a756db06 	.word	0xa756db06
2000a1b0:	b1ffbfd4 	.word	0xb1ffbfd4
2000a1b4:	59a63576 	.word	0x59a63576
2000a1b8:	bb821f08 	.word	0xbb821f08
2000a1bc:	4f08bb8f 	.word	0x4f08bb8f
2000a1c0:	7f06b55d 	.word	0x7f06b55d
2000a1c4:	2f18f561 	.word	0x2f18f561
2000a1c8:	43de2f0c 	.word	0x43de2f0c
2000a1cc:	772e0810 	.word	0x772e0810
2000a1d0:	1f6eb1d0 	.word	0x1f6eb1d0
2000a1d4:	ebe8d876 	.word	0xebe8d876
2000a1d8:	662c26a2 	.word	0x662c26a2
2000a1dc:	2fbb958f 	.word	0x2fbb958f
2000a1e0:	c23f764b 	.word	0xc23f764b
2000a1e4:	0576282f 	.word	0x0576282f
2000a1e8:	afa26ebf 	.word	0xafa26ebf
2000a1ec:	424f5f02 	.word	0x424f5f02
2000a1f0:	28bf1c16 	.word	0x28bf1c16
2000a1f4:	99f61f81 	.word	0x99f61f81
2000a1f8:	2f1452ff 	.word	0x2f1452ff
2000a1fc:	773e9618 	.word	0x773e9618
2000a200:	a71aac40 	.word	0xa71aac40
2000a204:	572e9018 	.word	0x572e9018
2000a208:	614f2be3 	.word	0x614f2be3
2000a20c:	80c89abf 	.word	0x80c89abf
2000a210:	fa9a2fc8 	.word	0xfa9a2fc8
2000a214:	1c32517e 	.word	0x1c32517e
2000a218:	77a14734 	.word	0x77a14734
2000a21c:	118880fa 	.word	0x118880fa
2000a220:	04e700b8 	.word	0x04e700b8
2000a224:	94264ad6 	.word	0x94264ad6
2000a228:	4ec97e1c 	.word	0x4ec97e1c
2000a22c:	a4565705 	.word	0xa4565705
2000a230:	118cd1cc 	.word	0x118cd1cc
2000a234:	a6578038 	.word	0xa6578038
2000a238:	039d1603 	.word	0x039d1603
2000a23c:	25e06663 	.word	0x25e06663
2000a240:	624460b0 	.word	0x624460b0
2000a244:	476169a6 	.word	0x476169a6
2000a248:	8ef52a58 	.word	0x8ef52a58
2000a24c:	0867ae93 	.word	0x0867ae93
2000a250:	4320d731 	.word	0x4320d731
2000a254:	ad028026 	.word	0xad028026
2000a258:	32a9a667 	.word	0x32a9a667
2000a25c:	1809d68c 	.word	0x1809d68c
2000a260:	3c33ba07 	.word	0x3c33ba07
2000a264:	027ff7de 	.word	0x027ff7de
2000a268:	9a5f7026 	.word	0x9a5f7026
2000a26c:	6eaece1a 	.word	0x6eaece1a
2000a270:	e02134c6 	.word	0xe02134c6
2000a274:	286f7d5e 	.word	0x286f7d5e
2000a278:	f86cbee2 	.word	0xf86cbee2
2000a27c:	9e9042a6 	.word	0x9e9042a6
2000a280:	9446c15e 	.word	0x9446c15e
2000a284:	10d78686 	.word	0x10d78686
2000a288:	1617b69c 	.word	0x1617b69c
2000a28c:	48a0026a 	.word	0x48a0026a
2000a290:	a0da76c0 	.word	0xa0da76c0
2000a294:	7e2726e6 	.word	0x7e2726e6
2000a298:	c40048e0 	.word	0xc40048e0
2000a29c:	0070a743 	.word	0x0070a743
2000a2a0:	f5a41334 	.word	0xf5a41334
2000a2a4:	8ec6204f 	.word	0x8ec6204f
2000a2a8:	84cfe088 	.word	0x84cfe088
2000a2ac:	cec19992 	.word	0xcec19992
2000a2b0:	84a45352 	.word	0x84a45352
2000a2b4:	e937315c 	.word	0xe937315c
2000a2b8:	08720647 	.word	0x08720647
2000a2bc:	80b9201c 	.word	0x80b9201c
2000a2c0:	0f0526d3 	.word	0x0f0526d3
2000a2c4:	3a0d744f 	.word	0x3a0d744f
2000a2c8:	1748b7ae 	.word	0x1748b7ae
2000a2cc:	9c4c3c78 	.word	0x9c4c3c78
2000a2d0:	7358f27c 	.word	0x7358f27c
2000a2d4:	005cf280 	.word	0x005cf280
2000a2d8:	0084fda2 	.word	0x0084fda2
2000a2dc:	d869aee2 	.word	0xd869aee2
2000a2e0:	7e168a77 	.word	0x7e168a77
2000a2e4:	360d1e02 	.word	0x360d1e02
2000a2e8:	c48f4e6b 	.word	0xc48f4e6b
2000a2ec:	732e05c6 	.word	0x732e05c6
2000a2f0:	becfc019 	.word	0xbecfc019
2000a2f4:	b426f706 	.word	0xb426f706
2000a2f8:	d73362ff 	.word	0xd73362ff
2000a2fc:	5a0984a3 	.word	0x5a0984a3
2000a300:	a0464d67 	.word	0xa0464d67
2000a304:	46657dc3 	.word	0x46657dc3
2000a308:	0c76a789 	.word	0x0c76a789
2000a30c:	a8a0da48 	.word	0xa8a0da48
2000a310:	c6fe6ea5 	.word	0xc6fe6ea5
2000a314:	de7410a0 	.word	0xde7410a0
2000a318:	e1d0be11 	.word	0xe1d0be11
2000a31c:	3f7f06eb 	.word	0x3f7f06eb
2000a320:	069e376e 	.word	0x069e376e
2000a324:	e01ef1b1 	.word	0xe01ef1b1
2000a328:	6097e432 	.word	0x6097e432
2000a32c:	30b3f68e 	.word	0x30b3f68e
2000a330:	47ba3f4c 	.word	0x47ba3f4c
2000a334:	860b700a 	.word	0x860b700a
2000a338:	6f7214a0 	.word	0x6f7214a0
2000a33c:	fc77bed9 	.word	0xfc77bed9
2000a340:	afa745e8 	.word	0xafa745e8
2000a344:	5292c082 	.word	0x5292c082
2000a348:	23df9c1a 	.word	0x23df9c1a
2000a34c:	ffab4d15 	.word	0xffab4d15
2000a350:	3f582c80 	.word	0x3f582c80
2000a354:	71ef6601 	.word	0x71ef6601
2000a358:	6782ec90 	.word	0x6782ec90
2000a35c:	83fff49f 	.word	0x83fff49f
2000a360:	a5880247 	.word	0xa5880247
2000a364:	5c77a7e7 	.word	0x5c77a7e7
2000a368:	75019634 	.word	0x75019634
2000a36c:	e6a8dc06 	.word	0xe6a8dc06
2000a370:	03975824 	.word	0x03975824
2000a374:	0e8f76a0 	.word	0x0e8f76a0
2000a378:	8f8f9a5e 	.word	0x8f8f9a5e
2000a37c:	8fa68f69 	.word	0x8fa68f69
2000a380:	563a8f80 	.word	0x563a8f80
2000a384:	a6e9008f 	.word	0xa6e9008f
2000a388:	118fa68f 	.word	0x118fa68f
2000a38c:	98c0ef30 	.word	0x98c0ef30
2000a390:	97479419 	.word	0x97479419
2000a394:	e528611f 	.word	0xe528611f
2000a398:	093eb577 	.word	0x093eb577
2000a39c:	0026f6ba 	.word	0x0026f6ba
2000a3a0:	0e1fe6b1 	.word	0x0e1fe6b1
2000a3a4:	24e911f0 	.word	0x24e911f0
2000a3a8:	4f421c26 	.word	0x4f421c26
2000a3ac:	98163844 	.word	0x98163844
2000a3b0:	2826762c 	.word	0x2826762c
2000a3b4:	8d67ca20 	.word	0x8d67ca20
2000a3b8:	86c2362e 	.word	0x86c2362e
2000a3bc:	07ed13e5 	.word	0x07ed13e5
2000a3c0:	2685522e 	.word	0x2685522e
2000a3c4:	288667b1 	.word	0x288667b1
2000a3c8:	7a8a2826 	.word	0x7a8a2826
2000a3cc:	1f17c3b7 	.word	0x1f17c3b7
2000a3d0:	c7c800c6 	.word	0xc7c800c6
2000a3d4:	2584bf90 	.word	0x2584bf90
2000a3d8:	8a8f990e 	.word	0x8a8f990e
2000a3dc:	868bf610 	.word	0x868bf610
2000a3e0:	474f0bf2 	.word	0x474f0bf2
2000a3e4:	e66d6354 	.word	0xe66d6354
2000a3e8:	6eb61465 	.word	0x6eb61465
2000a3ec:	76df3c04 	.word	0x76df3c04
2000a3f0:	70b72625 	.word	0x70b72625
2000a3f4:	5d022484 	.word	0x5d022484
2000a3f8:	b009754f 	.word	0xb009754f
2000a3fc:	014017a2 	.word	0x014017a2
2000a400:	e6d8efaf 	.word	0xe6d8efaf
2000a404:	0dcf4603 	.word	0x0dcf4603
2000a408:	2a3a2ce0 	.word	0x2a3a2ce0
2000a40c:	8e27b44f 	.word	0x8e27b44f
2000a410:	163f3389 	.word	0x163f3389
2000a414:	bc3fef02 	.word	0xbc3fef02
2000a418:	a71f4107 	.word	0xa71f4107
2000a41c:	5f09c845 	.word	0x5f09c845
2000a420:	04ca8d97 	.word	0x04ca8d97
2000a424:	0ffedecf 	.word	0x0ffedecf
2000a428:	3fc91619 	.word	0x3fc91619
2000a42c:	a242c4b7 	.word	0xa242c4b7
2000a430:	8411493f 	.word	0x8411493f
2000a434:	5d947701 	.word	0x5d947701
2000a438:	ab1a4d47 	.word	0xab1a4d47
2000a43c:	d6c04a3f 	.word	0xd6c04a3f
2000a440:	00887e07 	.word	0x00887e07
2000a444:	40b696c5 	.word	0x40b696c5
2000a448:	d6964944 	.word	0xd6964944
2000a44c:	37aac616 	.word	0x37aac616
2000a450:	046ce443 	.word	0x046ce443
2000a454:	4b2a8726 	.word	0x4b2a8726
2000a458:	fe60a14e 	.word	0xfe60a14e
2000a45c:	a04318ae 	.word	0xa04318ae
2000a460:	d10fda50 	.word	0xd10fda50
2000a464:	0a0e563b 	.word	0x0a0e563b
2000a468:	072658c6 	.word	0x072658c6
2000a46c:	4426162c 	.word	0x4426162c
2000a470:	cfd71682 	.word	0xcfd71682
2000a474:	b6de3353 	.word	0xb6de3353
2000a478:	a308b4f1 	.word	0xa308b4f1
2000a47c:	ac6476fb 	.word	0xac6476fb
2000a480:	8e2477ce 	.word	0x8e2477ce
2000a484:	1e6dbe05 	.word	0x1e6dbe05
2000a488:	4e5eaca0 	.word	0x4e5eaca0
2000a48c:	06f308ac 	.word	0x06f308ac
2000a490:	1410cf0c 	.word	0x1410cf0c
2000a494:	1cf3183c 	.word	0x1cf3183c
2000a498:	7d2024cf 	.word	0x7d2024cf
2000a49c:	36228627 	.word	0x36228627
2000a4a0:	8e1f0201 	.word	0x8e1f0201
2000a4a4:	966082a8 	.word	0x966082a8
2000a4a8:	9f545fe0 	.word	0x9f545fe0
2000a4ac:	c17f918d 	.word	0xc17f918d
2000a4b0:	6e18a987 	.word	0x6e18a987
2000a4b4:	167f0686 	.word	0x167f0686
2000a4b8:	067c835f 	.word	0x067c835f
2000a4bc:	c087cda6 	.word	0xc087cda6
2000a4c0:	fed82ede 	.word	0xfed82ede
2000a4c4:	e6cfaca7 	.word	0xe6cfaca7
2000a4c8:	85ffeee9 	.word	0x85ffeee9
2000a4cc:	3e6d6714 	.word	0x3e6d6714
2000a4d0:	56b08ca5 	.word	0x56b08ca5
2000a4d4:	28b69207 	.word	0x28b69207
2000a4d8:	e6161476 	.word	0xe6161476
2000a4dc:	00397fef 	.word	0x00397fef
2000a4e0:	177310e6 	.word	0x177310e6
2000a4e4:	ac666026 	.word	0xac666026
2000a4e8:	003b67dd 	.word	0x003b67dd
2000a4ec:	5857f8a6 	.word	0x5857f8a6
2000a4f0:	a75ed134 	.word	0xa75ed134
2000a4f4:	0fa10002 	.word	0x0fa10002
2000a4f8:	b656c15a 	.word	0xb656c15a
2000a4fc:	26b4d739 	.word	0x26b4d739
2000a500:	a6d59086 	.word	0xa6d59086
2000a504:	3e7f1208 	.word	0x3e7f1208
2000a508:	06282b30 	.word	0x06282b30
2000a50c:	02c76f0b 	.word	0x02c76f0b
2000a510:	8b658130 	.word	0x8b658130
2000a514:	6e90856e 	.word	0x6e90856e
2000a518:	9014e81a 	.word	0x9014e81a
2000a51c:	80275696 	.word	0x80275696
2000a520:	abff29a7 	.word	0xabff29a7
2000a524:	06bb82c0 	.word	0x06bb82c0
2000a528:	7e37be3e 	.word	0x7e37be3e
2000a52c:	71028c67 	.word	0x71028c67
2000a530:	e68ed716 	.word	0xe68ed716
2000a534:	2707b9fe 	.word	0x2707b9fe
2000a538:	c757cc21 	.word	0xc757cc21
2000a53c:	46b7cc25 	.word	0x46b7cc25
2000a540:	0cc7c325 	.word	0x0cc7c325
2000a544:	000b1e0e 	.word	0x000b1e0e
2000a548:	8e6c38a2 	.word	0x8e6c38a2
2000a54c:	2e019087 	.word	0x2e019087
2000a550:	f0105366 	.word	0xf0105366
2000a554:	c91646ff 	.word	0xc91646ff
2000a558:	0577d776 	.word	0x0577d776
2000a55c:	2643bc2e 	.word	0x2643bc2e
2000a560:	b7296905 	.word	0xb7296905
2000a564:	b7a906a0 	.word	0xb7a906a0
2000a568:	f6df4a40 	.word	0xf6df4a40
2000a56c:	13322902 	.word	0x13322902
2000a570:	14bbee4f 	.word	0x14bbee4f
2000a574:	65405c66 	.word	0x65405c66
2000a578:	60d78842 	.word	0x60d78842
2000a57c:	0f6a68ca 	.word	0x0f6a68ca
2000a580:	57c04204 	.word	0x57c04204
2000a584:	14e8af42 	.word	0x14e8af42
2000a588:	4751f706 	.word	0x4751f706
2000a58c:	5f599108 	.word	0x5f599108
2000a590:	23a43e1e 	.word	0x23a43e1e
2000a594:	07e02721 	.word	0x07e02721
2000a598:	94174c44 	.word	0x94174c44
2000a59c:	3c86d060 	.word	0x3c86d060
2000a5a0:	834b5675 	.word	0x834b5675
2000a5a4:	9a9830f7 	.word	0x9a9830f7
2000a5a8:	96ed0ad6 	.word	0x96ed0ad6
2000a5ac:	8ede234e 	.word	0x8ede234e
2000a5b0:	7d342e0a 	.word	0x7d342e0a
2000a5b4:	47650014 	.word	0x47650014
2000a5b8:	e6ace487 	.word	0xe6ace487
2000a5bc:	a5ec2f19 	.word	0xa5ec2f19
2000a5c0:	227f2484 	.word	0x227f2484
2000a5c4:	60009ffa 	.word	0x60009ffa
2000a5c8:	98301f14 	.word	0x98301f14
2000a5cc:	23849789 	.word	0x23849789
2000a5d0:	252eff4c 	.word	0x252eff4c
2000a5d4:	fff70f70 	.word	0xfff70f70
2000a5d8:	4080ea17 	.word	0x4080ea17
2000a5dc:	b007f004 	.word	0xb007f004
2000a5e0:	0aff46e8 	.word	0x0aff46e8
2000a5e4:	afa4d730 	.word	0xafa4d730
2000a5e8:	11ea901f 	.word	0x11ea901f
2000a5ec:	2787ac43 	.word	0x2787ac43
2000a5f0:	e958e714 	.word	0xe958e714
2000a5f4:	d77fc847 	.word	0xd77fc847
2000a5f8:	c5767ccf 	.word	0xc5767ccf
2000a5fc:	00769ec4 	.word	0x00769ec4
2000a600:	17859ebd 	.word	0x17859ebd
2000a604:	1e8efef1 	.word	0x1e8efef1
2000a608:	027befb8 	.word	0x027befb8
2000a60c:	6bf7903c 	.word	0x6bf7903c
2000a610:	0d146e3c 	.word	0x0d146e3c
2000a614:	06d03f8c 	.word	0x06d03f8c
2000a618:	067fb998 	.word	0x067fb998
2000a61c:	ac9706a7 	.word	0xac9706a7
2000a620:	60cf2810 	.word	0x60cf2810
2000a624:	049fae10 	.word	0x049fae10
2000a628:	44b6af23 	.word	0x44b6af23
2000a62c:	13041fe7 	.word	0x13041fe7
2000a630:	6e5350bf 	.word	0x6e5350bf
2000a634:	439797ff 	.word	0x439797ff
2000a638:	28743f28 	.word	0x28743f28
2000a63c:	32e726a2 	.word	0x32e726a2
2000a640:	96d83f1e 	.word	0x96d83f1e
2000a644:	560a1198 	.word	0x560a1198
2000a648:	02b719ff 	.word	0x02b719ff
2000a64c:	d705cf7e 	.word	0xd705cf7e
2000a650:	602e44c7 	.word	0x602e44c7
2000a654:	c0449043 	.word	0xc0449043
2000a658:	870c3f9f 	.word	0x870c3f9f
2000a65c:	18c38fb0 	.word	0x18c38fb0
2000a660:	c52d637f 	.word	0xc52d637f
2000a664:	18e78237 	.word	0x18e78237
2000a668:	6e272110 	.word	0x6e272110
2000a66c:	efdf0c5f 	.word	0xefdf0c5f
2000a670:	845033e4 	.word	0x845033e4
2000a674:	483fa18c 	.word	0x483fa18c
2000a678:	55f7d089 	.word	0x55f7d089
2000a67c:	6b4ee400 	.word	0x6b4ee400
2000a680:	602ff027 	.word	0x602ff027
2000a684:	60328fd2 	.word	0x60328fd2
2000a688:	d86b7fd0 	.word	0xd86b7fd0
2000a68c:	1917347f 	.word	0x1917347f
2000a690:	626f4368 	.word	0x626f4368
2000a694:	9fba00a0 	.word	0x9fba00a0
2000a698:	053f6cd2 	.word	0x053f6cd2
2000a69c:	ec09a6bd 	.word	0xec09a6bd
2000a6a0:	ee821f5e 	.word	0xee821f5e
2000a6a4:	af174c89 	.word	0xaf174c89
2000a6a8:	56b00cea 	.word	0x56b00cea
2000a6ac:	6e162610 	.word	0x6e162610
2000a6b0:	2694ff07 	.word	0x2694ff07
2000a6b4:	843055b7 	.word	0x843055b7
2000a6b8:	c92f2c87 	.word	0xc92f2c87
2000a6bc:	524fc4fe 	.word	0x524fc4fe
2000a6c0:	2f904f85 	.word	0x2f904f85
2000a6c4:	1e1e66be 	.word	0x1e1e66be
2000a6c8:	7b94205e 	.word	0x7b94205e
2000a6cc:	41fe08b6 	.word	0x41fe08b6
2000a6d0:	2476b747 	.word	0x2476b747
2000a6d4:	2e77e83f 	.word	0x2e77e83f
2000a6d8:	e7b82727 	.word	0xe7b82727
2000a6dc:	80e78487 	.word	0x80e78487
2000a6e0:	5e2f4e3c 	.word	0x5e2f4e3c
2000a6e4:	138028c0 	.word	0x138028c0
2000a6e8:	08e41f7f 	.word	0x08e41f7f
2000a6ec:	b3606e15 	.word	0xb3606e15
2000a6f0:	8d4c0ff1 	.word	0x8d4c0ff1
2000a6f4:	3b5708f1 	.word	0x3b5708f1
2000a6f8:	5fb066c8 	.word	0x5fb066c8
2000a6fc:	3f6e48c9 	.word	0x3f6e48c9
2000a700:	08f86777 	.word	0x08f86777
2000a704:	46249284 	.word	0x46249284
2000a708:	29ffe981 	.word	0x29ffe981
2000a70c:	11622778 	.word	0x11622778
2000a710:	87991e82 	.word	0x87991e82
2000a714:	1f5c97e6 	.word	0x1f5c97e6
2000a718:	803f390d 	.word	0x803f390d
2000a71c:	2b7f17ad 	.word	0x2b7f17ad
2000a720:	a9e8af06 	.word	0xa9e8af06
2000a724:	c480d717 	.word	0xc480d717
2000a728:	577e2646 	.word	0x577e2646
2000a72c:	ecb62405 	.word	0xecb62405
2000a730:	aed61ce7 	.word	0xaed61ce7
2000a734:	84a7dd29 	.word	0x84a7dd29
2000a738:	3400b716 	.word	0x3400b716
2000a73c:	169f601e 	.word	0x169f601e
2000a740:	1d66a636 	.word	0x1d66a636
2000a744:	725a201e 	.word	0x725a201e
2000a748:	eff314ef 	.word	0xeff314ef
2000a74c:	16036047 	.word	0x16036047
2000a750:	61284f0c 	.word	0x61284f0c
2000a754:	6fb2d758 	.word	0x6fb2d758
2000a758:	5d396fb4 	.word	0x5d396fb4
2000a75c:	9cce576f 	.word	0x9cce576f
2000a760:	8f0c2211 	.word	0x8f0c2211
2000a764:	4f651430 	.word	0x4f651430
2000a768:	96c3cf17 	.word	0x96c3cf17
2000a76c:	8e01970a 	.word	0x8e01970a
2000a770:	8fc54f03 	.word	0x8fc54f03
2000a774:	0f042602 	.word	0x0f042602
2000a778:	0e5f0d62 	.word	0x0e5f0d62
2000a77c:	0c246308 	.word	0x0c246308
2000a780:	8c62c500 	.word	0x8c62c500
2000a784:	211c038f 	.word	0x211c038f
2000a788:	068c62e4 	.word	0x068c62e4
2000a78c:	47c51216 	.word	0x47c51216
2000a790:	5f6cf830 	.word	0x5f6cf830
2000a794:	2d690411 	.word	0x2d690411
2000a798:	262a985e 	.word	0x262a985e
2000a79c:	c8ef8d24 	.word	0xc8ef8d24
2000a7a0:	b6b4b606 	.word	0xb6b4b606
2000a7a4:	72011416 	.word	0x72011416
2000a7a8:	16a0db8e 	.word	0x16a0db8e
2000a7ac:	87480d0d 	.word	0x87480d0d
2000a7b0:	099f5750 	.word	0x099f5750
2000a7b4:	3fa30081 	.word	0x3fa30081
2000a7b8:	8670d807 	.word	0x8670d807
2000a7bc:	68ae7004 	.word	0x68ae7004
2000a7c0:	df6b3287 	.word	0xdf6b3287
2000a7c4:	2e30be05 	.word	0x2e30be05
2000a7c8:	0f46321b 	.word	0x0f46321b
2000a7cc:	b05ff808 	.word	0xb05ff808
2000a7d0:	0e36c923 	.word	0x0e36c923
2000a7d4:	9f36a608 	.word	0x9f36a608
2000a7d8:	9e10801f 	.word	0x9e10801f
2000a7dc:	ae8e3247 	.word	0xae8e3247
2000a7e0:	044e4c12 	.word	0x044e4c12
2000a7e4:	49a326dd 	.word	0x49a326dd
2000a7e8:	28433057 	.word	0x28433057
2000a7ec:	87524b0c 	.word	0x87524b0c
2000a7f0:	1edf17ac 	.word	0x1edf17ac
2000a7f4:	e4842411 	.word	0xe4842411
2000a7f8:	2326c252 	.word	0x2326c252
2000a7fc:	4d04fe5c 	.word	0x4d04fe5c
2000a800:	5f278047 	.word	0x5f278047
2000a804:	0fb67a68 	.word	0x0fb67a68
2000a808:	b70213e7 	.word	0xb70213e7
2000a80c:	1790e861 	.word	0x1790e861
2000a810:	de809e40 	.word	0xde809e40
2000a814:	3880ee74 	.word	0x3880ee74
2000a818:	6ff70cff 	.word	0x6ff70cff
2000a81c:	b001ac2e 	.word	0xb001ac2e
2000a820:	812af0ff 	.word	0x812af0ff
2000a824:	a107e72f 	.word	0xa107e72f
2000a828:	24da9711 	.word	0x24da9711
2000a82c:	1500ae58 	.word	0x1500ae58
2000a830:	1e346e96 	.word	0x1e346e96
2000a834:	032080df 	.word	0x032080df
2000a838:	7787c4df 	.word	0x7787c4df
2000a83c:	16a00165 	.word	0x16a00165
2000a840:	d06e4601 	.word	0xd06e4601
2000a844:	ba43ac24 	.word	0xba43ac24
2000a848:	d8410027 	.word	0xd8410027
2000a84c:	10afa8bf 	.word	0x10afa8bf
2000a850:	071defdd 	.word	0x071defdd
2000a854:	0847870c 	.word	0x0847870c
2000a858:	ac20dde4 	.word	0xac20dde4
2000a85c:	3027180f 	.word	0x3027180f
2000a860:	1c273427 	.word	0x1c273427
2000a864:	e4df3827 	.word	0xe4df3827
2000a868:	d0009725 	.word	0xd0009725
2000a86c:	90da8038 	.word	0x90da8038
2000a870:	32ae25f1 	.word	0x32ae25f1
2000a874:	7fd80afe 	.word	0x7fd80afe
2000a878:	1a407170 	.word	0x1a407170
2000a87c:	26de2a5e 	.word	0x26de2a5e
2000a880:	e45f779b 	.word	0xe45f779b
2000a884:	802f04be 	.word	0x802f04be
2000a888:	8e7e1470 	.word	0x8e7e1470
2000a88c:	b3c67424 	.word	0xb3c67424
2000a890:	00c57636 	.word	0x00c57636
2000a894:	0838ef26 	.word	0x0838ef26
2000a898:	7c303630 	.word	0x7c303630
2000a89c:	896c0d0f 	.word	0x896c0d0f
2000a8a0:	1f80dbff 	.word	0x1f80dbff
2000a8a4:	df181426 	.word	0xdf181426
2000a8a8:	28b73508 	.word	0x28b73508
2000a8ac:	6dc788bc 	.word	0x6dc788bc
2000a8b0:	480046af 	.word	0x480046af
2000a8b4:	ea801767 	.word	0xea801767
2000a8b8:	ff3c08d9 	.word	0xff3c08d9
2000a8bc:	de221f66 	.word	0xde221f66
2000a8c0:	00e40097 	.word	0x00e40097
2000a8c4:	76e6c3d0 	.word	0x76e6c3d0
2000a8c8:	d008b603 	.word	0xd008b603
2000a8cc:	57f10857 	.word	0x57f10857
2000a8d0:	be80f619 	.word	0xbe80f619
2000a8d4:	d80016d5 	.word	0xd80016d5
2000a8d8:	2f010001 	.word	0x2f010001
2000a8dc:	b10a0087 	.word	0xb10a0087
2000a8e0:	1a0f23ff 	.word	0x1a0f23ff
2000a8e4:	47f8e230 	.word	0x47f8e230
2000a8e8:	e69a0108 	.word	0xe69a0108
2000a8ec:	ce27aab8 	.word	0xce27aab8
2000a8f0:	ae28ae42 	.word	0xae28ae42
2000a8f4:	00677fbb 	.word	0x00677fbb
2000a8f8:	ef780870 	.word	0xef780870
2000a8fc:	8d3e74c8 	.word	0x8d3e74c8
2000a900:	27284f33 	.word	0x27284f33
2000a904:	ef2f0f29 	.word	0xef2f0f29
2000a908:	4d045602 	.word	0x4d045602
2000a90c:	8d2607b2 	.word	0x8d2607b2
2000a910:	a707413e 	.word	0xa707413e
2000a914:	151608bc 	.word	0x151608bc
2000a918:	2b205c9c 	.word	0x2b205c9c
2000a91c:	d07e0ed7 	.word	0xd07e0ed7
2000a920:	9ef80e6e 	.word	0x9ef80e6e
2000a924:	78938dce 	.word	0x78938dce
2000a928:	4292db16 	.word	0x4292db16
2000a92c:	04e1e78e 	.word	0x04e1e78e
2000a930:	de220807 	.word	0xde220807
2000a934:	0503fe05 	.word	0x0503fe05
2000a938:	5816782f 	.word	0x5816782f
2000a93c:	1f6676d0 	.word	0x1f6676d0
2000a940:	32ef0e1b 	.word	0x32ef0e1b
2000a944:	0f0f0e1c 	.word	0x0f0f0e1c
2000a948:	dc8f6a3e 	.word	0xdc8f6a3e
2000a94c:	88d6de47 	.word	0x88d6de47
2000a950:	d640c230 	.word	0xd640c230
2000a954:	8226360a 	.word	0x8226360a
2000a958:	35845f11 	.word	0x35845f11
2000a95c:	3eff0a2a 	.word	0x3eff0a2a
2000a960:	0026354a 	.word	0x0026354a
2000a964:	b766112a 	.word	0xb766112a
2000a968:	29fe1e09 	.word	0x29fe1e09
2000a96c:	890c1e5c 	.word	0x890c1e5c
2000a970:	09ce15a7 	.word	0x09ce15a7
2000a974:	7a2a8e0f 	.word	0x7a2a8e0f
2000a978:	fba61c27 	.word	0xfba61c27
2000a97c:	8fad3d26 	.word	0x8fad3d26
2000a980:	0934010f 	.word	0x0934010f
2000a984:	5eded614 	.word	0x5eded614
2000a988:	0afff435 	.word	0x0afff435
2000a98c:	be383ff6 	.word	0xbe383ff6
2000a990:	f6f46749 	.word	0xf6f46749
2000a994:	c327f8b6 	.word	0xc327f8b6
2000a998:	7740a717 	.word	0x7740a717
2000a99c:	2ae4440f 	.word	0x2ae4440f
2000a9a0:	6f61270f 	.word	0x6f61270f
2000a9a4:	ffcb3c44 	.word	0xffcb3c44
2000a9a8:	c8ad7367 	.word	0xc8ad7367
2000a9ac:	e4183dad 	.word	0xe4183dad
2000a9b0:	8657e128 	.word	0x8657e128
2000a9b4:	ee96f70f 	.word	0xee96f70f
2000a9b8:	89402416 	.word	0x89402416
2000a9bc:	06175684 	.word	0x06175684
2000a9c0:	34ae07e7 	.word	0x34ae07e7
2000a9c4:	8a23f704 	.word	0x8a23f704
2000a9c8:	9e631147 	.word	0x9e631147
2000a9cc:	8fa92fbc 	.word	0x8fa92fbc
2000a9d0:	f38f9e5c 	.word	0xf38f9e5c
2000a9d4:	0f138c8f 	.word	0x0f138c8f
2000a9d8:	70def722 	.word	0x70def722
2000a9dc:	d1a14f01 	.word	0xd1a14f01
2000a9e0:	5f4c2462 	.word	0x5f4c2462
2000a9e4:	42b93a20 	.word	0x42b93a20
2000a9e8:	1f1e4f09 	.word	0x1f1e4f09
2000a9ec:	a9bd5f4e 	.word	0xa9bd5f4e
2000a9f0:	fff8aa06 	.word	0xfff8aa06
2000a9f4:	c7a44602 	.word	0xc7a44602
2000a9f8:	c00aaf5a 	.word	0xc00aaf5a
2000a9fc:	015ff006 	.word	0x015ff006
2000aa00:	06a0b662 	.word	0x06a0b662
2000aa04:	bf4e654a 	.word	0xbf4e654a
2000aa08:	7e0a1540 	.word	0x7e0a1540
2000aa0c:	8a206d0a 	.word	0x8a206d0a
2000aa10:	690f0808 	.word	0x690f0808
2000aa14:	8e46de08 	.word	0x8e46de08
2000aa18:	e18f798f 	.word	0xe18f798f
2000aa1c:	bd873f8f 	.word	0xbd873f8f
2000aa20:	ecf70427 	.word	0xecf70427
2000aa24:	2cef8c21 	.word	0x2cef8c21
2000aa28:	eff83601 	.word	0xeff83601
2000aa2c:	068304e7 	.word	0x068304e7
2000aa30:	085e05de 	.word	0x085e05de
2000aa34:	1f0291f7 	.word	0x1f0291f7
2000aa38:	29d30e09 	.word	0x29d30e09
2000aa3c:	31717791 	.word	0x31717791
2000aa40:	31f6aa82 	.word	0x31f6aa82
2000aa44:	40e1ff16 	.word	0x40e1ff16
2000aa48:	8f860109 	.word	0x8f860109
2000aa4c:	83a06b14 	.word	0x83a06b14
2000aa50:	3a04d62d 	.word	0x3a04d62d
2000aa54:	63101761 	.word	0x63101761
2000aa58:	afa78ddf 	.word	0xafa78ddf
2000aa5c:	c020045e 	.word	0xc020045e
2000aa60:	7fa18c1f 	.word	0x7fa18c1f
2000aa64:	09002a7e 	.word	0x09002a7e
2000aa68:	143f9824 	.word	0x143f9824
2000aa6c:	049fab02 	.word	0x049fab02
2000aa70:	8c83ed67 	.word	0x8c83ed67
2000aa74:	8c898216 	.word	0x8c898216
2000aa78:	3ea006e3 	.word	0x3ea006e3
2000aa7c:	965401a4 	.word	0x965401a4
2000aa80:	862f1705 	.word	0x862f1705
2000aa84:	2aeef818 	.word	0x2aeef818
2000aa88:	0e0d8328 	.word	0x0e0d8328
2000aa8c:	2110f4a0 	.word	0x2110f4a0
2000aa90:	42bf4430 	.word	0x42bf4430
2000aa94:	4e8d2280 	.word	0x4e8d2280
2000aa98:	e5c85e85 	.word	0xe5c85e85
2000aa9c:	0430a5f1 	.word	0x0430a5f1
2000aaa0:	1f433799 	.word	0x1f433799
2000aaa4:	c0fff966 	.word	0xc0fff966
2000aaa8:	70e72e00 	.word	0x70e72e00
2000aaac:	1f81a0e8 	.word	0x1f81a0e8
2000aab0:	002484fa 	.word	0x002484fa
2000aab4:	4d808f1c 	.word	0x4d808f1c
2000aab8:	8825a37f 	.word	0x8825a37f
2000aabc:	c2914277 	.word	0xc2914277
2000aac0:	da9e868e 	.word	0xda9e868e
2000aac4:	0b24a756 	.word	0x0b24a756
2000aac8:	6a83bf15 	.word	0x6a83bf15
2000aacc:	1f87af8d 	.word	0x1f87af8d
2000aad0:	d6dc6068 	.word	0xd6dc6068
2000aad4:	6dffef30 	.word	0x6dffef30
2000aad8:	e8edc7ab 	.word	0xe8edc7ab
2000aadc:	942e5a90 	.word	0x942e5a90
2000aae0:	013fe948 	.word	0x013fe948
2000aae4:	3463467b 	.word	0x3463467b
2000aae8:	f3a4f61e 	.word	0xf3a4f61e
2000aaec:	224086ff 	.word	0x224086ff
2000aaf0:	3fa0aebe 	.word	0x3fa0aebe
2000aaf4:	003c029f 	.word	0x003c029f
2000aaf8:	37845a00 	.word	0x37845a00
2000aafc:	3c2e9f64 	.word	0x3c2e9f64
2000ab00:	3232806d 	.word	0x3232806d
2000ab04:	202c4f78 	.word	0x202c4f78
2000ab08:	3e0d8c47 	.word	0x3e0d8c47
2000ab0c:	b797f82e 	.word	0xb797f82e
2000ab10:	0e07c030 	.word	0x0e07c030
2000ab14:	e2182171 	.word	0xe2182171
2000ab18:	6dc7e4b4 	.word	0x6dc7e4b4
2000ab1c:	b6b8b68d 	.word	0xb6b8b68d
2000ab20:	8345fffb 	.word	0x8345fffb
2000ab24:	ac43d657 	.word	0xac43d657
2000ab28:	1777a577 	.word	0x1777a577
2000ab2c:	8e466b47 	.word	0x8e466b47
2000ab30:	970240c7 	.word	0x970240c7
2000ab34:	60168274 	.word	0x60168274
2000ab38:	180158c7 	.word	0x180158c7
2000ab3c:	88cdae12 	.word	0x88cdae12
2000ab40:	a773a609 	.word	0xa773a609
2000ab44:	4904bf68 	.word	0x4904bf68
2000ab48:	af1c27c2 	.word	0xaf1c27c2
2000ab4c:	832f94db 	.word	0x832f94db
2000ab50:	6e8cc7fc 	.word	0x6e8cc7fc
2000ab54:	cf783c97 	.word	0xcf783c97
2000ab58:	f8093e1b 	.word	0xf8093e1b
2000ab5c:	b70080d9 	.word	0xb70080d9
2000ab60:	00c32f69 	.word	0x00c32f69
2000ab64:	84a36fc4 	.word	0x84a36fc4
2000ab68:	443f7fb6 	.word	0x443f7fb6
2000ab6c:	4e11ced4 	.word	0x4e11ced4
2000ab70:	02f2a65f 	.word	0x02f2a65f
2000ab74:	0084ebac 	.word	0x0084ebac
2000ab78:	d24f5202 	.word	0xd24f5202
2000ab7c:	48738816 	.word	0x48738816
2000ab80:	4ccf8cc9 	.word	0x4ccf8cc9
2000ab84:	4f52130d 	.word	0x4f52130d
2000ab88:	4684969a 	.word	0x4684969a
2000ab8c:	eeb4201f 	.word	0xeeb4201f
2000ab90:	1e485e76 	.word	0x1e485e76
2000ab94:	222e80d5 	.word	0x222e80d5
2000ab98:	e80216d0 	.word	0xe80216d0
2000ab9c:	3618a28e 	.word	0x3618a28e
2000aba0:	431e8652 	.word	0x431e8652
2000aba4:	24ea0ea3 	.word	0x24ea0ea3
2000aba8:	0208a7fa 	.word	0x0208a7fa
2000abac:	b100df13 	.word	0xb100df13
2000abb0:	58736f18 	.word	0x58736f18
2000abb4:	5547e1d9 	.word	0x5547e1d9
2000abb8:	408a8206 	.word	0x408a8206
2000abbc:	ac000467 	.word	0xac000467
2000abc0:	826f2ff7 	.word	0x826f2ff7
2000abc4:	18df0658 	.word	0x18df0658
2000abc8:	f7510809 	.word	0xf7510809
2000abcc:	83c66e8b 	.word	0x83c66e8b
2000abd0:	534eb194 	.word	0x534eb194
2000abd4:	a48a836f 	.word	0xa48a836f
2000abd8:	0ba29a5f 	.word	0x0ba29a5f
2000abdc:	a2fc6f54 	.word	0xa2fc6f54
2000abe0:	00ffeeaf 	.word	0x00ffeeaf
2000abe4:	1e0f982c 	.word	0x1e0f982c
2000abe8:	07003141 	.word	0x07003141
2000abec:	210f9c17 	.word	0x210f9c17
2000abf0:	300fbea6 	.word	0x300fbea6
2000abf4:	c1d7cc80 	.word	0xc1d7cc80
2000abf8:	30ed8632 	.word	0x30ed8632
2000abfc:	c5d037c2 	.word	0xc5d037c2
2000ac00:	45d7a719 	.word	0x45d7a719
2000ac04:	0f624300 	.word	0x0f624300
2000ac08:	073766b0 	.word	0x073766b0
2000ac0c:	0a8cd759 	.word	0x0a8cd759
2000ac10:	0f41972a 	.word	0x0f41972a
2000ac14:	08070c42 	.word	0x08070c42
2000ac18:	3ef21827 	.word	0x3ef21827
2000ac1c:	95afa21f 	.word	0x95afa21f
2000ac20:	5d69705f 	.word	0x5d69705f
2000ac24:	9ec0101f 	.word	0x9ec0101f
2000ac28:	030ec211 	.word	0x030ec211
2000ac2c:	53ee9ec1 	.word	0x53ee9ec1
2000ac30:	4f631f62 	.word	0x4f631f62
2000ac34:	9e4586e6 	.word	0x9e4586e6
2000ac38:	cf666000 	.word	0xcf666000
2000ac3c:	4e207587 	.word	0x4e207587
2000ac40:	d0c6b723 	.word	0xd0c6b723
2000ac44:	a0446ff8 	.word	0xa0446ff8
2000ac48:	285f3542 	.word	0x285f3542
2000ac4c:	d50fd261 	.word	0xd50fd261
2000ac50:	ff2becce 	.word	0xff2becce
2000ac54:	ff97308d 	.word	0xff97308d
2000ac58:	7b0d0fc3 	.word	0x7b0d0fc3
2000ac5c:	f7d0eec6 	.word	0xf7d0eec6
2000ac60:	b12f0607 	.word	0xb12f0607
2000ac64:	4824c81f 	.word	0x4824c81f
2000ac68:	06071eda 	.word	0x06071eda
2000ac6c:	a7851fe5 	.word	0xa7851fe5
2000ac70:	315941b1 	.word	0x315941b1
2000ac74:	4f163e96 	.word	0x4f163e96
2000ac78:	560e004b 	.word	0x560e004b
2000ac7c:	3816ad30 	.word	0x3816ad30
2000ac80:	bf616880 	.word	0xbf616880
2000ac84:	1b3f70b4 	.word	0x1b3f70b4
2000ac88:	5021a4b8 	.word	0x5021a4b8
2000ac8c:	36750385 	.word	0x36750385
2000ac90:	072821ea 	.word	0x072821ea
2000ac94:	0c0c565c 	.word	0x0c0c565c
2000ac98:	27cd2697 	.word	0x27cd2697
2000ac9c:	c71fe41c 	.word	0xc71fe41c
2000aca0:	24d84821 	.word	0x24d84821
2000aca4:	8010df01 	.word	0x8010df01
2000aca8:	7a353e30 	.word	0x7a353e30
2000acac:	a1031156 	.word	0xa1031156
2000acb0:	a78631a6 	.word	0xa78631a6
2000acb4:	af471b57 	.word	0xaf471b57
2000acb8:	e7df07e9 	.word	0xe7df07e9
2000acbc:	4bfc45ef 	.word	0x4bfc45ef
2000acc0:	21523c0e 	.word	0x21523c0e
2000acc4:	a2580d0f 	.word	0xa2580d0f
2000acc8:	07333c0d 	.word	0x07333c0d
2000accc:	f06822ff 	.word	0xf06822ff
2000acd0:	7621362f 	.word	0x7621362f
2000acd4:	40473c30 	.word	0x40473c30
2000acd8:	0f5f094c 	.word	0x0f5f094c
2000acdc:	48fc4302 	.word	0x48fc4302
2000ace0:	524525ce 	.word	0x524525ce
2000ace4:	a11417ef 	.word	0xa11417ef
2000ace8:	cf0e35ad 	.word	0xcf0e35ad
2000acec:	5c63c60d 	.word	0x5c63c60d
2000acf0:	12187427 	.word	0x12187427
2000acf4:	582477bc 	.word	0x582477bc
2000acf8:	5ebc49ef 	.word	0x5ebc49ef
2000acfc:	68a61c6c 	.word	0x68a61c6c
2000ad00:	98680eac 	.word	0x98680eac
2000ad04:	f6071956 	.word	0xf6071956
2000ad08:	49fa0ee7 	.word	0x49fa0ee7
2000ad0c:	9f9c47c0 	.word	0x9f9c47c0
2000ad10:	271001c0 	.word	0x271001c0
2000ad14:	0b8212d8 	.word	0x0b8212d8
2000ad18:	455261b7 	.word	0x455261b7
2000ad1c:	4d0c2ffc 	.word	0x4d0c2ffc
2000ad20:	5821da4f 	.word	0x5821da4f
2000ad24:	c0e67609 	.word	0xc0e67609
2000ad28:	00ffc8e0 	.word	0x00ffc8e0
2000ad2c:	58d04f32 	.word	0x58d04f32
2000ad30:	6897704d 	.word	0x6897704d
2000ad34:	e18278cf 	.word	0xe18278cf
2000ad38:	d16810ee 	.word	0xd16810ee
2000ad3c:	e0b7b32f 	.word	0xe0b7b32f
2000ad40:	d7610180 	.word	0xd7610180
2000ad44:	d6a6bf20 	.word	0xd6a6bf20
2000ad48:	06156cff 	.word	0x06156cff
2000ad4c:	ffd3f557 	.word	0xffd3f557
2000ad50:	bf3714e9 	.word	0xbf3714e9
2000ad54:	88865e63 	.word	0x88865e63
2000ad58:	27173400 	.word	0x27173400
2000ad5c:	0fff3256 	.word	0x0fff3256
2000ad60:	2583bfb3 	.word	0x2583bfb3
2000ad64:	630181f8 	.word	0x630181f8
2000ad68:	10d9572c 	.word	0x10d9572c
2000ad6c:	4742dd3f 	.word	0x4742dd3f
2000ad70:	6182c0ac 	.word	0x6182c0ac
2000ad74:	c631acc4 	.word	0xc631acc4
2000ad78:	8785460e 	.word	0x8785460e
2000ad7c:	6a8ebe8a 	.word	0x6a8ebe8a
2000ad80:	82761d8d 	.word	0x82761d8d
2000ad84:	8e361186 	.word	0x8e361186
2000ad88:	250f0f80 	.word	0x250f0f80
2000ad8c:	ce2f0420 	.word	0xce2f0420
2000ad90:	82070970 	.word	0x82070970
2000ad94:	0230bf80 	.word	0x0230bf80
2000ad98:	e6436eb1 	.word	0xe6436eb1
2000ad9c:	34ded685 	.word	0x34ded685
2000ada0:	d6183da6 	.word	0xd6183da6
2000ada4:	fed6fc4b 	.word	0xfed6fc4b
2000ada8:	672582fe 	.word	0x672582fe
2000adac:	b82789d6 	.word	0xb82789d6
2000adb0:	3c97454f 	.word	0x3c97454f
2000adb4:	1180001d 	.word	0x1180001d
2000adb8:	0000e1c7 	.word	0x0000e1c7
2000adbc:	8e6957a9 	.word	0x8e6957a9
2000adc0:	36d4c403 	.word	0x36d4c403
2000adc4:	8fa62702 	.word	0x8fa62702
2000adc8:	7e4a2f39 	.word	0x7e4a2f39
2000adcc:	9ed8ada5 	.word	0x9ed8ada5
2000add0:	4e3005ad 	.word	0x4e3005ad
2000add4:	1715361b 	.word	0x1715361b
2000add8:	240900ec 	.word	0x240900ec
2000addc:	2efe6af7 	.word	0x2efe6af7
2000ade0:	01cd2821 	.word	0x01cd2821
2000ade4:	a08ffdca 	.word	0xa08ffdca
2000ade8:	b037dd01 	.word	0xb037dd01
2000adec:	60451900 	.word	0x60451900
2000adf0:	7f3eb6cf 	.word	0x7f3eb6cf
2000adf4:	fdf10320 	.word	0xfdf10320
2000adf8:	d8036ef1 	.word	0xd8036ef1
2000adfc:	db57b587 	.word	0xdb57b587
2000ae00:	9f1be716 	.word	0x9f1be716
2000ae04:	97760f04 	.word	0x97760f04
2000ae08:	d606ef8f 	.word	0xd606ef8f
2000ae0c:	70ff98da 	.word	0x70ff98da
2000ae10:	c2a028b7 	.word	0xc2a028b7
2000ae14:	6c27e248 	.word	0x6c27e248
2000ae18:	4facee76 	.word	0x4facee76
2000ae1c:	813fddc0 	.word	0x813fddc0
2000ae20:	0c10debe 	.word	0x0c10debe
2000ae24:	10470246 	.word	0x10470246
2000ae28:	ce170f60 	.word	0xce170f60
2000ae2c:	b5201783 	.word	0xb5201783
2000ae30:	fd931a87 	.word	0xfd931a87
2000ae34:	6018277f 	.word	0x6018277f
2000ae38:	444f0805 	.word	0x444f0805
2000ae3c:	284fc840 	.word	0x284fc840
2000ae40:	6e1e8748 	.word	0x6e1e8748
2000ae44:	8c44782b 	.word	0x8c44782b
2000ae48:	984609bc 	.word	0x984609bc
2000ae4c:	88827f57 	.word	0x88827f57
2000ae50:	e1ff2710 	.word	0xe1ff2710
2000ae54:	471ec412 	.word	0x471ec412
2000ae58:	32820ac4 	.word	0x32820ac4
2000ae5c:	8b825017 	.word	0x8b825017
2000ae60:	5ef049af 	.word	0x5ef049af
2000ae64:	afb04454 	.word	0xafb04454
2000ae68:	ae02c4e6 	.word	0xae02c4e6
2000ae6c:	ac4c8948 	.word	0xac4c8948
2000ae70:	04d73f7f 	.word	0x04d73f7f
2000ae74:	ac40c4ea 	.word	0xac40c4ea
2000ae78:	b5f5cf4e 	.word	0xb5f5cf4e
2000ae7c:	f53f4c33 	.word	0xf53f4c33
2000ae80:	925f422d 	.word	0x925f422d
2000ae84:	db54e61d 	.word	0xdb54e61d
2000ae88:	45463c03 	.word	0x45463c03
2000ae8c:	4146ea8c 	.word	0x4146ea8c
2000ae90:	a4aae864 	.word	0xa4aae864
2000ae94:	b60f426d 	.word	0xb60f426d
2000ae98:	285ebe38 	.word	0x285ebe38
2000ae9c:	9f21a436 	.word	0x9f21a436
2000aea0:	04574fef 	.word	0x04574fef
2000aea4:	b653bd4f 	.word	0xb653bd4f
2000aea8:	f64fae04 	.word	0xf64fae04
2000aeac:	1a2a96e0 	.word	0x1a2a96e0
2000aeb0:	21c42668 	.word	0x21c42668
2000aeb4:	a226a76e 	.word	0xa226a76e
2000aeb8:	036385c6 	.word	0x036385c6
2000aebc:	db980847 	.word	0xdb980847
2000aec0:	1483a636 	.word	0x1483a636
2000aec4:	a98e7f58 	.word	0xa98e7f58
2000aec8:	62580031 	.word	0x62580031
2000aecc:	4742878f 	.word	0x4742878f
2000aed0:	5e6ef773 	.word	0x5e6ef773
2000aed4:	f00a6644 	.word	0xf00a6644
2000aed8:	166c4c4e 	.word	0x166c4c4e
2000aedc:	5a68204f 	.word	0x5a68204f
2000aee0:	378bc1a7 	.word	0x378bc1a7
2000aee4:	67be5b1a 	.word	0x67be5b1a
2000aee8:	464148b3 	.word	0x464148b3
2000aeec:	979cd805 	.word	0x979cd805
2000aef0:	cf12326d 	.word	0xcf12326d
2000aef4:	b6d16f03 	.word	0xb6d16f03
2000aef8:	697e85a5 	.word	0x697e85a5
2000aefc:	1e10474e 	.word	0x1e10474e
2000af00:	d650b4dd 	.word	0xd650b4dd
2000af04:	d8538249 	.word	0xd8538249
2000af08:	664c4cd7 	.word	0x664c4cd7
2000af0c:	f69e501f 	.word	0xf69e501f
2000af10:	034fc7e8 	.word	0x034fc7e8
2000af14:	ee158ea5 	.word	0xee158ea5
2000af18:	a20f6429 	.word	0xa20f6429
2000af1c:	11f71e36 	.word	0x11f71e36
2000af20:	b718df42 	.word	0xb718df42
2000af24:	56c0375c 	.word	0x56c0375c
2000af28:	55d6bb21 	.word	0x55d6bb21
2000af2c:	0724db43 	.word	0x0724db43
2000af30:	415768e7 	.word	0x415768e7
2000af34:	b0a70ba7 	.word	0xb0a70ba7
2000af38:	ae1d5544 	.word	0xae1d5544
2000af3c:	f58aa692 	.word	0xf58aa692
2000af40:	48325676 	.word	0x48325676
2000af44:	c2160ee7 	.word	0xc2160ee7
2000af48:	a277d057 	.word	0xa277d057
2000af4c:	f8d240c7 	.word	0xf8d240c7
2000af50:	ac8fa4be 	.word	0xac8fa4be
2000af54:	77b9e71c 	.word	0x77b9e71c
2000af58:	425397d9 	.word	0x425397d9
2000af5c:	48c817a7 	.word	0x48c817a7
2000af60:	3580144b 	.word	0x3580144b
2000af64:	400fbfbe 	.word	0x400fbfbe
2000af68:	e43f4d40 	.word	0xe43f4d40
2000af6c:	e06300e8 	.word	0xe06300e8
2000af70:	48d96fa3 	.word	0x48d96fa3
2000af74:	55c3cf4b 	.word	0x55c3cf4b
2000af78:	52390f4e 	.word	0x52390f4e
2000af7c:	38251c44 	.word	0x38251c44
2000af80:	585f9969 	.word	0x585f9969
2000af84:	bd1b86aa 	.word	0xbd1b86aa
2000af88:	9a4452ff 	.word	0x9a4452ff
2000af8c:	cebb4857 	.word	0xcebb4857
2000af90:	57e4560a 	.word	0x57e4560a
2000af94:	1f479552 	.word	0x1f479552
2000af98:	6f40bd20 	.word	0x6f40bd20
2000af9c:	467e67c9 	.word	0x467e67c9
2000afa0:	67c45257 	.word	0x67c45257
2000afa4:	095845e4 	.word	0x095845e4
2000afa8:	cf163b00 	.word	0xcf163b00
2000afac:	5845dedf 	.word	0x5845dedf
2000afb0:	4e726762 	.word	0x4e726762
2000afb4:	76032054 	.word	0x76032054
2000afb8:	6717cf60 	.word	0x6717cf60
2000afbc:	72544e64 	.word	0x72544e64
2000afc0:	4f384f43 	.word	0x4f384f43
2000afc4:	469fa94d 	.word	0x469fa94d
2000afc8:	4e231bcf 	.word	0x4e231bcf
2000afcc:	472117a1 	.word	0x472117a1
2000afd0:	4d864f13 	.word	0x4d864f13
2000afd4:	4252f1c7 	.word	0x4252f1c7
2000afd8:	34a047f4 	.word	0x34a047f4
2000afdc:	c732502f 	.word	0xc732502f
2000afe0:	24841e1b 	.word	0x24841e1b
2000afe4:	3f4558db 	.word	0x3f4558db
2000afe8:	5436459a 	.word	0x5436459a
2000afec:	48075444 	.word	0x48075444
2000aff0:	1e0508e8 	.word	0x1e0508e8
2000aff4:	fe5f513f 	.word	0xfe5f513f
2000aff8:	8aa0fffd 	.word	0x8aa0fffd
2000affc:	888e2f14 	.word	0x888e2f14
2000b000:	583f514c 	.word	0x583f514c
2000b004:	0618d657 	.word	0x0618d657
2000b008:	60e7154e 	.word	0x60e7154e
2000b00c:	29125ea5 	.word	0x29125ea5
2000b010:	c62071af 	.word	0xc62071af
2000b014:	afc03c04 	.word	0xafc03c04
2000b018:	be00158f 	.word	0xbe00158f
2000b01c:	b0f03709 	.word	0xb0f03709
2000b020:	3a06e733 	.word	0x3a06e733
2000b024:	26e21417 	.word	0x26e21417
2000b028:	261bc7a1 	.word	0x261bc7a1
2000b02c:	c313c66f 	.word	0xc313c66f
2000b030:	6fcb6427 	.word	0x6fcb6427
2000b034:	02206236 	.word	0x02206236
2000b038:	0858a7d2 	.word	0x0858a7d2
2000b03c:	ff22c63e 	.word	0xff22c63e
2000b040:	38b78862 	.word	0x38b78862
2000b044:	b0b7e069 	.word	0xb0b7e069
2000b048:	b41eb000 	.word	0xb41eb000
2000b04c:	102b4e3e 	.word	0x102b4e3e
2000b050:	861102c7 	.word	0x861102c7
2000b054:	67c569ef 	.word	0x67c569ef
2000b058:	0b300fb4 	.word	0x0b300fb4
2000b05c:	c0a7e106 	.word	0xc0a7e106
2000b060:	07bd80c4 	.word	0x07bd80c4
2000b064:	27e721c6 	.word	0x27e721c6
2000b068:	5fae2d87 	.word	0x5fae2d87
2000b06c:	629f5c10 	.word	0x629f5c10
2000b070:	6625e618 	.word	0x6625e618
2000b074:	81859601 	.word	0x81859601
2000b078:	e640802e 	.word	0xe640802e
2000b07c:	929ed16d 	.word	0x929ed16d
2000b080:	df61c72b 	.word	0xdf61c72b
2000b084:	e3009e14 	.word	0xe3009e14
2000b088:	c74e0a27 	.word	0xc74e0a27
2000b08c:	c4d742ac 	.word	0xc4d742ac
2000b090:	c71997ac 	.word	0xc71997ac
2000b094:	036f7b0d 	.word	0x036f7b0d
2000b098:	c9aeaa17 	.word	0xc9aeaa17
2000b09c:	4e74099f 	.word	0x4e74099f
2000b0a0:	2efc2025 	.word	0x2efc2025
2000b0a4:	370f0226 	.word	0x370f0226
2000b0a8:	2f222f38 	.word	0x2f222f38
2000b0ac:	003293f8 	.word	0x003293f8
2000b0b0:	43578143 	.word	0x43578143
2000b0b4:	058d6727 	.word	0x058d6727
2000b0b8:	0401346f 	.word	0x0401346f
2000b0bc:	8f9e66f0 	.word	0x8f9e66f0
2000b0c0:	feff27ef 	.word	0xfeff27ef
2000b0c4:	24bb2404 	.word	0x24bb2404
2000b0c8:	acc0168e 	.word	0xacc0168e
2000b0cc:	60b0c671 	.word	0x60b0c671
2000b0d0:	ff01d96f 	.word	0xff01d96f
2000b0d4:	6f6c5058 	.word	0x6f6c5058
2000b0d8:	20726572 	.word	0x20726572
2000b0dc:	73616dff 	.word	0x73616dff
2000b0e0:	25203a6b 	.word	0x25203a6b
2000b0e4:	0a21de78 	.word	0x0a21de78
2000b0e8:	28467026 	.word	0x28467026
2000b0ec:	4d41008b 	.word	0x4d41008b
2000b0f0:	66bc298b 	.word	0x66bc298b
2000b0f4:	4fff342c 	.word	0x4fff342c
2000b0f8:	7620646c 	.word	0x7620646c
2000b0fc:	d96e2073 	.word	0xd96e2073
2000b100:	af2e7765 	.word	0xaf2e7765
2000b104:	20262c1e 	.word	0x20262c1e
2000b108:	3d2029ef 	.word	0x3d2029ef
2000b10c:	3e660a0c 	.word	0x3e660a0c
2000b110:	6f4eff01 	.word	0x6f4eff01
2000b114:	20612074 	.word	0x20612074
2000b118:	756f64ff 	.word	0x756f64ff
2000b11c:	2d656c62 	.word	0x2d656c62
2000b120:	6968ff63 	.word	0x6968ff63
2000b124:	61632070 	.word	0x61632070
2000b128:	2ebd7472 	.word	0x2ebd7472
2000b12c:	478f00a2 	.word	0x478f00a2
2000b130:	72db6946 	.word	0x72db6946
2000b134:	72334a73 	.word	0x72334a73
2000b138:	6567986f 	.word	0x6567986f
2000b13c:	d361206e 	.word	0xd361206e
2000b140:	6365586e 	.word	0x6365586e
2000b144:	4bc4df6b 	.word	0x4bc4df6b
2000b148:	0a2e2e2e 	.word	0x0a2e2e2e
2000b14c:	32db5769 	.word	0x32db5769
2000b150:	45454a6e 	.word	0x45454a6e
2000b154:	1e5250d3 	.word	0x1e5250d3
2000b158:	3230cc37 	.word	0x3230cc37
2000b15c:	0a097d58 	.word	0x0a097d58
2000b160:	dd5397ae 	.word	0xdd5397ae
2000b164:	646e6f68 	.word	0x646e6f68
2000b168:	efd89988 	.word	0xefd89988
2000b16c:	7465443e 	.word	0x7465443e
2000b170:	c7042acc 	.word	0xc7042acc
2000b174:	44e049a1 	.word	0x44e049a1
2000b178:	8d90203a 	.word	0x8d90203a
2000b17c:	fd557f53 	.word	0xfd557f53
2000b180:	6f6e6b6e 	.word	0x6f6e6b6e
2000b184:	45b86e77 	.word	0x45b86e77
2000b188:	e0ce3621 	.word	0xe0ce3621
2000b18c:	58094467 	.word	0x58094467
2000b190:	25389729 	.word	0x25389729
2000b194:	87780c67 	.word	0x87780c67
2000b198:	25db0f73 	.word	0x25db0f73
2000b19c:	78670c37 	.word	0x78670c37
2000b1a0:	2c6e5342 	.word	0x2c6e5342
2000b1a4:	136b6425 	.word	0x136b6425
2000b1a8:	e061ad17 	.word	0xe061ad17
2000b1ac:	4120ff6c 	.word	0x4120ff6c
2000b1b0:	53472f52 	.word	0x53472f52
2000b1b4:	33865620 	.word	0x33865620
2000b1b8:	6039db9d 	.word	0x6039db9d
2000b1bc:	2932ec37 	.word	0x2932ec37
2000b1c0:	4e4547ff 	.word	0x4e4547ff
2000b1c4:	43495245 	.word	0x43495245
2000b1c8:	56311e6b 	.word	0x56311e6b
2000b1cc:	3832317d 	.word	0x3832317d
2000b1d0:	4fde296b 	.word	0x4fde296b
2000b1d4:	4c455441 	.word	0x4c455441
2000b1d8:	322843ef 	.word	0x322843ef
2000b1dc:	6bd83635 	.word	0x6bd83635
2000b1e0:	9a5e1f29 	.word	0x9a5e1f29
2000b1e4:	6b44d835 	.word	0x6b44d835
2000b1e8:	6d7fa329 	.word	0x6d7fa329
2000b1ec:	9b1fa53d 	.word	0x9b1fa53d
2000b1f0:	b08f003d 	.word	0xb08f003d
2000b1f4:	3acd4720 	.word	0x3acd4720
2000b1f8:	63ac6924 	.word	0x63ac6924
2000b1fc:	4cf61f3c 	.word	0x4cf61f3c
2000b200:	a858f920 	.word	0xa858f920
2000b204:	31d63f29 	.word	0x31d63f29
2000b208:	b01f6332 	.word	0xb01f6332
2000b20c:	99823f33 	.word	0x99823f33
2000b210:	6f6f2fed 	.word	0x6f6f2fed
2000b214:	36c9044f 	.word	0x36c9044f
2000b218:	468c122f 	.word	0x468c122f
2000b21c:	010a4656 	.word	0x010a4656
2000b220:	57f620e4 	.word	0x57f620e4
2000b224:	20e28e68 	.word	0x20e28e68
2000b228:	24f1696b 	.word	0x24f1696b
2000b22c:	f57c666f 	.word	0xf57c666f
2000b230:	48376920 	.word	0x48376920
2000b234:	7b3f7469 	.word	0x7b3f7469
2000b238:	1f490044 	.word	0x1f490044
2000b23c:	66657355 	.word	0x66657355
2000b240:	798e3c26 	.word	0x798e3c26
2000b244:	9427b04a 	.word	0x9427b04a
2000b248:	64fb9ce1 	.word	0x64fb9ce1
2000b24c:	45107573 	.word	0x45107573
2000b250:	2c02af2e 	.word	0x2c02af2e
2000b254:	6f4a7610 	.word	0x6f4a7610
2000b258:	74be2b6d 	.word	0x74be2b6d
2000b25c:	61966b61 	.word	0x61966b61
2000b260:	6e0802e4 	.word	0x6e0802e4
2000b264:	796c6ea0 	.word	0x796c6ea0
2000b268:	c077a608 	.word	0xc077a608
2000b26c:	15614320 	.word	0x15614320
2000b270:	618a6c90 	.word	0x618a6c90
2000b274:	8c30241f 	.word	0x8c30241f
2000b278:	6552b2ac 	.word	0x6552b2ac
2000b27c:	79613616 	.word	0x79613616
2000b280:	61479e2b 	.word	0x61479e2b
2000b284:	42656df1 	.word	0x42656df1
2000b288:	9bc4c075 	.word	0x9bc4c075
2000b28c:	6d53164a 	.word	0x6d53164a
2000b290:	76430607 	.word	0x76430607
2000b294:	50a21406 	.word	0x50a21406
2000b298:	7773c1bc 	.word	0x7773c1bc
2000b29c:	12645976 	.word	0x12645976
2000b2a0:	79637cae 	.word	0x79637cae
2000b2a4:	86611f04 	.word	0x86611f04
2000b2a8:	e42e2017 	.word	0xe42e2017
2000b2ac:	44cff073 	.word	0x44cff073
2000b2b0:	e87eb017 	.word	0xe87eb017
2000b2b4:	88206620 	.word	0x88206620
2000b2b8:	052b2743 	.word	0x052b2743
2000b2bc:	6247b003 	.word	0x6247b003
2000b2c0:	30568c91 	.word	0x30568c91
2000b2c4:	45182ff5 	.word	0x45182ff5
2000b2c8:	727571c1 	.word	0x727571c1
2000b2cc:	657a697b 	.word	0x657a697b
2000b2d0:	db022f72 	.word	0xdb022f72
2000b2d4:	2b42f7f9 	.word	0x2b42f7f9
2000b2d8:	86656498 	.word	0x86656498
2000b2dc:	65b6cc76 	.word	0x65b6cc76
2000b2e0:	d8ffc4fd 	.word	0xd8ffc4fd
2000b2e4:	bf1aea50 	.word	0xbf1aea50
2000b2e8:	2034d069 	.word	0x2034d069
2000b2ec:	53c3c740 	.word	0x53c3c740
2000b2f0:	6b7260d6 	.word	0x6b7260d6
2000b2f4:	3e9f9bb6 	.word	0x3e9f9bb6
2000b2f8:	28796e41 	.word	0x28796e41
2000b2fc:	2008db47 	.word	0x2008db47
2000b300:	655e0548 	.word	0x655e0548
2000b304:	771662b5 	.word	0x771662b5
2000b308:	202ebdb8 	.word	0x202ebdb8
2000b30c:	1157d8ef 	.word	0x1157d8ef
2000b310:	435d984c 	.word	0x435d984c
2000b314:	7541f400 	.word	0x7541f400
2000b318:	79d86f74 	.word	0x79d86f74
2000b31c:	a47ef231 	.word	0xa47ef231
2000b320:	65707954 	.word	0x65707954
2000b324:	2c86f617 	.word	0x2c86f617
2000b328:	33d4c006 	.word	0x33d4c006
2000b32c:	7f41238e 	.word	0x7f41238e
2000b330:	3f68544e 	.word	0x3f68544e
2000b334:	b2697706 	.word	0xb2697706
2000b338:	56ab546c 	.word	0x56ab546c
2000b33c:	7455e270 	.word	0x7455e270
2000b340:	6c206036 	.word	0x6c206036
2000b344:	da06ead7 	.word	0xda06ead7
2000b348:	0d73f076 	.word	0x0d73f076
2000b34c:	66866fab 	.word	0x66866fab
2000b350:	06a7c5b7 	.word	0x06a7c5b7
2000b354:	6d61eaf5 	.word	0x6d61eaf5
2000b358:	72746193 	.word	0x72746193
2000b35c:	10f82989 	.word	0x10f82989
2000b360:	2c198629 	.word	0x2c198629
2000b364:	fe29023d 	.word	0xfe29023d
2000b368:	395b1be0 	.word	0x395b1be0
2000b36c:	47a86d33 	.word	0x47a86d33
2000b370:	d9c0453b 	.word	0xd9c0453b
2000b374:	1c14de79 	.word	0x1c14de79
2000b378:	f1ac3b67 	.word	0xf1ac3b67
2000b37c:	17c125d1 	.word	0x17c125d1
2000b380:	0e6562f7 	.word	0x0e6562f7
2000b384:	c3645a05 	.word	0xc3645a05
2000b388:	03d70a21 	.word	0x03d70a21
2000b38c:	6461b248 	.word	0x6461b248
2000b390:	50723134 	.word	0x50723134
2000b394:	6f42e8d9 	.word	0x6f42e8d9
2000b398:	b0643ca0 	.word	0xb0643ca0
2000b39c:	c820637e 	.word	0xc820637e
2000b3a0:	7910bcd8 	.word	0x7910bcd8
2000b3a4:	14000a21 	.word	0x14000a21
2000b3a8:	b02a1aaf 	.word	0xb02a1aaf
2000b3ac:	7ac5e56c 	.word	0x7ac5e56c
2000b3b0:	34cc66bf 	.word	0x34cc66bf
2000b3b4:	10880822 	.word	0x10880822
2000b3b8:	a18860a7 	.word	0xa18860a7
2000b3bc:	bf63003a 	.word	0xbf63003a
2000b3c0:	012000d8 	.word	0x012000d8
2000b3c4:	61696227 	.word	0x61696227
2000b3c8:	2f5cd88a 	.word	0x2f5cd88a
2000b3cc:	70573f75 	.word	0x70573f75
2000b3d0:	20ec7873 	.word	0x20ec7873
2000b3d4:	47573e2d 	.word	0x47573e2d
2000b3d8:	58318052 	.word	0x58318052
2000b3dc:	3c6f7a62 	.word	0x3c6f7a62
2000b3e0:	185251a4 	.word	0x185251a4
2000b3e4:	20c0ad60 	.word	0x20c0ad60
2000b3e8:	a1bfa50a 	.word	0xa1bfa50a
2000b3ec:	8a696301 	.word	0x8a696301
2000b3f0:	5e040647 	.word	0x5e040647
2000b3f4:	3e6648ae 	.word	0x3e6648ae
2000b3f8:	5a1a7338 	.word	0x5a1a7338
2000b3fc:	706ca863 	.word	0x706ca863
2000b400:	2056e62c 	.word	0x2056e62c
2000b404:	535065f0 	.word	0x535065f0
2000b408:	5135e558 	.word	0x5135e558
2000b40c:	8e586e8e 	.word	0x8e586e8e
2000b410:	7d3f7572 	.word	0x7d3f7572
2000b414:	b1000a73 	.word	0xb1000a73
2000b418:	53307d00 	.word	0x53307d00
2000b41c:	14281dc2 	.word	0x14281dc2
2000b420:	3f68ac0b 	.word	0x3f68ac0b
2000b424:	4c5843e0 	.word	0x4c5843e0
2000b428:	1d7e3bb0 	.word	0x1d7e3bb0
2000b42c:	8f8a2e2e 	.word	0x8f8a2e2e
2000b430:	085736d8 	.word	0x085736d8
2000b434:	b46e646c 	.word	0xb46e646c
2000b438:	7264c227 	.word	0x7264c227
2000b43c:	316905bf 	.word	0x316905bf
2000b440:	3c8b7028 	.word	0x3c8b7028
2000b444:	aea355b0 	.word	0xaea355b0
2000b448:	7b775a17 	.word	0x7b775a17
2000b44c:	a6756c50 	.word	0xa6756c50
2000b450:	9d396941 	.word	0x9d396941
2000b454:	66b2653d 	.word	0x66b2653d
2000b458:	6d74f192 	.word	0x6d74f192
2000b45c:	7d72607e 	.word	0x7d72607e
2000b460:	aa61670e 	.word	0xaa61670e
2000b464:	07812e2e 	.word	0x07812e2e
2000b468:	69b4d563 	.word	0x69b4d563
2000b46c:	92166ed6 	.word	0x92166ed6
2000b470:	553a7966 	.word	0x553a7966
2000b474:	f1726f76 	.word	0xf1726f76
2000b478:	2158e717 	.word	0x2158e717
2000b47c:	3e499bcf 	.word	0x3e499bcf
2000b480:	5861bc2e 	.word	0x5861bc2e
2000b484:	008092e2 	.word	0x008092e2
2000b488:	7070822d 	.word	0x7070822d
2000b48c:	9dd75881 	.word	0x9dd75881
2000b490:	c0be8364 	.word	0xc0be8364
2000b494:	13ee7258 	.word	0x13ee7258
2000b498:	4087ec6a 	.word	0x4087ec6a
2000b49c:	212f65ba 	.word	0x212f65ba
2000b4a0:	8b300f38 	.word	0x8b300f38
2000b4a4:	69e16605 	.word	0x69e16605
2000b4a8:	442e3cd5 	.word	0x442e3cd5
2000b4ac:	5339bae7 	.word	0x5339bae7
2000b4b0:	073a76be 	.word	0x073a76be
2000b4b4:	5d2cd82c 	.word	0x5d2cd82c
2000b4b8:	0fc12358 	.word	0x0fc12358
2000b4bc:	b0e81312 	.word	0xb0e81312
2000b4c0:	67882f8e 	.word	0x67882f8e
2000b4c4:	16722068 	.word	0x16722068
2000b4c8:	76330dc1 	.word	0x76330dc1
2000b4cc:	542eaf21 	.word	0x542eaf21
2000b4d0:	df390018 	.word	0xdf390018
2000b4d4:	a006b438 	.word	0xa006b438
2000b4d8:	7a5595e0 	.word	0x7a5595e0
2000b4dc:	df146079 	.word	0xdf146079
2000b4e0:	6425244a 	.word	0x6425244a
2000b4e4:	0e3f21ae 	.word	0x0e3f21ae
2000b4e8:	58841e48 	.word	0x58841e48
2000b4ec:	2a5857f4 	.word	0x2a5857f4
2000b4f0:	b1306873 	.word	0xb1306873
2000b4f4:	341fa0b7 	.word	0x341fa0b7
2000b4f8:	1e0a70d6 	.word	0x1e0a70d6
2000b4fc:	5ade2c5c 	.word	0x5ade2c5c
2000b500:	72574443 	.word	0x72574443
2000b504:	d8654ad0 	.word	0xd8654ad0
2000b508:	786d6d82 	.word	0x786d6d82
2000b50c:	154e28be 	.word	0x154e28be
2000b510:	604d2668 	.word	0x604d2668
2000b514:	41aa509e 	.word	0x41aa509e
2000b518:	063502a8 	.word	0x063502a8
2000b51c:	30c2b061 	.word	0x30c2b061
2000b520:	5b50b978 	.word	0x5b50b978
2000b524:	785942c4 	.word	0x785942c4
2000b528:	77e56617 	.word	0x77e56617
2000b52c:	ef686ed7 	.word	0xef686ed7
2000b530:	2effe704 	.word	0x2effe704
2000b534:	4cc68709 	.word	0x4cc68709
2000b538:	50976009 	.word	0x50976009
2000b53c:	48606e6e 	.word	0x48606e6e
2000b540:	b890ea99 	.word	0xb890ea99
2000b544:	66667554 	.word	0x66667554
2000b548:	8ad13a06 	.word	0x8ad13a06
2000b54c:	68fef164 	.word	0x68fef164
2000b550:	dded4f60 	.word	0xdded4f60
2000b554:	85cd2d34 	.word	0x85cd2d34
2000b558:	69e16c2a 	.word	0x69e16c2a
2000b55c:	e2d16e67 	.word	0xe2d16e67
2000b560:	41e69b39 	.word	0x41e69b39
2000b564:	b2990b21 	.word	0xb2990b21
2000b568:	00aa98b8 	.word	0x00aa98b8
2000b56c:	7852d733 	.word	0x7852d733
2000b570:	5c284ef8 	.word	0x5c284ef8
2000b574:	515e202f 	.word	0x515e202f
2000b578:	860e642e 	.word	0x860e642e
2000b57c:	45ac1b2b 	.word	0x45ac1b2b
2000b580:	5445d853 	.word	0x5445d853
2000b584:	80456237 	.word	0x80456237
2000b588:	6cbf2644 	.word	0x6cbf2644
2000b58c:	16794d0d 	.word	0x16794d0d
2000b590:	1318a888 	.word	0x1318a888
2000b594:	f0339e66 	.word	0xf0339e66
2000b598:	7574601e 	.word	0x7574601e
2000b59c:	c53f07ec 	.word	0xc53f07ec
2000b5a0:	6d43b873 	.word	0x6d43b873
2000b5a4:	4443b66b 	.word	0x4443b66b
2000b5a8:	d7e73747 	.word	0xd7e73747
2000b5ac:	8b613762 	.word	0x8b613762
2000b5b0:	097e04c7 	.word	0x097e04c7
2000b5b4:	455dce06 	.word	0x455dce06
2000b5b8:	6c700f16 	.word	0x6c700f16
2000b5bc:	d0697a55 	.word	0xd0697a55
2000b5c0:	271a21ae 	.word	0x271a21ae
2000b5c4:	63436445 	.word	0x63436445
2000b5c8:	119d99a5 	.word	0x119d99a5
2000b5cc:	841e5e83 	.word	0x841e5e83
2000b5d0:	3e140ee1 	.word	0x3e140ee1
2000b5d4:	4e7d5b6b 	.word	0x4e7d5b6b
2000b5d8:	4353f054 	.word	0x4353f054
2000b5dc:	e2504a2d 	.word	0xe2504a2d
2000b5e0:	6d643b79 	.word	0x6d643b79
2000b5e4:	702cb573 	.word	0x702cb573
2000b5e8:	aa51ee55 	.word	0xaa51ee55
2000b5ec:	7e2ed7d8 	.word	0x7e2ed7d8
2000b5f0:	09766f6d 	.word	0x09766f6d
2000b5f4:	86470427 	.word	0x86470427
2000b5f8:	b71b6540 	.word	0xb71b6540
2000b5fc:	2471e63f 	.word	0x2471e63f
2000b600:	a72aadc6 	.word	0xa72aadc6
2000b604:	6fe2e841 	.word	0x6fe2e841
2000b608:	5f2fee72 	.word	0x5f2fee72
2000b60c:	33b3e200 	.word	0x33b3e200
2000b610:	0436ca82 	.word	0x0436ca82
2000b614:	ff062173 	.word	0xff062173
2000b618:	33335b1e 	.word	0x33335b1e
2000b61c:	455f606d 	.word	0x455f606d
2000b620:	54d43824 	.word	0x54d43824
2000b624:	21082a9e 	.word	0x21082a9e
2000b628:	fcb427c4 	.word	0xfcb427c4
2000b62c:	70bb1d65 	.word	0x70bb1d65
2000b630:	2c6d3719 	.word	0x2c6d3719
2000b634:	f03cc24e 	.word	0xf03cc24e
2000b638:	8f5aad06 	.word	0x8f5aad06
2000b63c:	a2295986 	.word	0xa2295986
2000b640:	2ede5ac1 	.word	0x2ede5ac1
2000b644:	9d61b54c 	.word	0x9d61b54c
2000b648:	87568f6e 	.word	0x87568f6e
2000b64c:	186c73df 	.word	0x186c73df
2000b650:	ae032132 	.word	0xae032132
2000b654:	161953a7 	.word	0x161953a7
2000b658:	8334de30 	.word	0x8334de30
2000b65c:	2291306e 	.word	0x2291306e
2000b660:	41767770 	.word	0x41767770
2000b664:	b26ca742 	.word	0xb26ca742
2000b668:	001f4560 	.word	0x001f4560
2000b66c:	ff535953 	.word	0xff535953
2000b670:	2e4d4554 	.word	0x2e4d4554
2000b674:	3b464e43 	.word	0x3b464e43
2000b678:	33bf7801 	.word	0x33bf7801
2000b67c:	63fa2ed3 	.word	0x63fa2ed3
2000b680:	313b666e 	.word	0x313b666e
2000b684:	4c784fa0 	.word	0x4c784fa0
2000b688:	8a7b616f 	.word	0x8a7b616f
2000b68c:	a0485d20 	.word	0xa0485d20
2000b690:	732a3eaa 	.word	0x732a3eaa
2000b694:	8c3ab6ac 	.word	0x8c3ab6ac
2000b698:	de309b32 	.word	0xde309b32
2000b69c:	98817ec9 	.word	0x98817ec9
2000b6a0:	d8c10112 	.word	0xd8c10112
2000b6a4:	253d88b1 	.word	0x253d88b1
2000b6a8:	99547cf1 	.word	0x99547cf1
2000b6ac:	1711e290 	.word	0x1711e290
2000b6b0:	3d6b637a 	.word	0x3d6b637a
2000b6b4:	46bfae13 	.word	0x46bfae13
2000b6b8:	289d34cb 	.word	0x289d34cb
2000b6bc:	28b0c1a6 	.word	0x28b0c1a6
2000b6c0:	25c04b0f 	.word	0x25c04b0f
2000b6c4:	45006c7f 	.word	0x45006c7f
2000b6c8:	638e6578 	.word	0x638e6578
2000b6cc:	4c530487 	.word	0x4c530487
2000b6d0:	80512b50 	.word	0x80512b50
2000b6d4:	2e2edb5e 	.word	0x2e2edb5e
2000b6d8:	e1068733 	.word	0xe1068733
2000b6dc:	08bb433f 	.word	0x08bb433f
2000b6e0:	7232ef1c 	.word	0x7232ef1c
2000b6e4:	645f3723 	.word	0x645f3723
2000b6e8:	124025a4 	.word	0x124025a4
2000b6ec:	ff4747b5 	.word	0xff4747b5
2000b6f0:	6767c26f 	.word	0x6767c26f
2000b6f4:	69542a2c 	.word	0x69542a2c
2000b6f8:	7ebb5452 	.word	0x7ebb5452
2000b6fc:	524d9f21 	.word	0x524d9f21
2000b700:	bf5264a0 	.word	0xbf5264a0
2000b704:	53414c3a 	.word	0x53414c3a
2000b708:	a74e4948 	.word	0xa74e4948
2000b70c:	0a159247 	.word	0x0a159247
2000b710:	cad4066c 	.word	0xcad4066c
2000b714:	30ddc00a 	.word	0x30ddc00a
2000b718:	e921c26b 	.word	0xe921c26b
2000b71c:	eca20877 	.word	0xeca20877
2000b720:	59489367 	.word	0x59489367
2000b724:	745c12c1 	.word	0x745c12c1
2000b728:	be7f3cf1 	.word	0xbe7f3cf1
2000b72c:	e158c81b 	.word	0xe158c81b
2000b730:	4e8177a6 	.word	0x4e8177a6
2000b734:	7728ee16 	.word	0x7728ee16
2000b738:	d229ae21 	.word	0xd229ae21
2000b73c:	707865e0 	.word	0x707865e0
2000b740:	1a3d1578 	.word	0x1a3d1578
2000b744:	7470e12c 	.word	0x7470e12c
2000b748:	215f2bec 	.word	0x215f2bec
2000b74c:	6c162683 	.word	0x6c162683
2000b750:	b5657375 	.word	0xb5657375
2000b754:	da748255 	.word	0xda748255
2000b758:	c1593734 	.word	0xc1593734
2000b75c:	523cda47 	.word	0x523cda47
2000b760:	89bba7be 	.word	0x89bba7be
2000b764:	6d831b17 	.word	0x6d831b17
2000b768:	7020d834 	.word	0x7020d834
2000b76c:	67b03712 	.word	0x67b03712
2000b770:	0ade6575 	.word	0x0ade6575
2000b774:	05084100 	.word	0x05084100
2000b778:	a28df5d8 	.word	0xa28df5d8
2000b77c:	82c5c59f 	.word	0x82c5c59f
2000b780:	81efa826 	.word	0x81efa826
2000b784:	6d0265a2 	.word	0x6d0265a2
2000b788:	454796e5 	.word	0x454796e5
2000b78c:	6c009941 	.word	0x6c009941
2000b790:	59060aa7 	.word	0x59060aa7
2000b794:	de8fc45e 	.word	0xde8fc45e
2000b798:	4d07636c 	.word	0x4d07636c
2000b79c:	84cc7a06 	.word	0x84cc7a06
2000b7a0:	f0510b18 	.word	0xf0510b18
2000b7a4:	44524143 	.word	0x44524143
2000b7a8:	4152522f 	.word	0x4152522f
2000b7ac:	80765780 	.word	0x80765780
2000b7b0:	46f11641 	.word	0x46f11641
2000b7b4:	d14c4941 	.word	0xd14c4941
2000b7b8:	0cb854b6 	.word	0x0cb854b6
2000b7bc:	8846017e 	.word	0x8846017e
2000b7c0:	b8621012 	.word	0xb8621012
2000b7c4:	fb382503 	.word	0xfb382503
2000b7c8:	40ce309d 	.word	0x40ce309d
2000b7cc:	9d52e173 	.word	0x9d52e173
2000b7d0:	dbd7eaf4 	.word	0xdbd7eaf4
2000b7d4:	0f0021e5 	.word	0x0f0021e5
2000b7d8:	ed772038 	.word	0xed772038
2000b7dc:	c185164b 	.word	0xc185164b
2000b7e0:	4317f4ae 	.word	0x4317f4ae
2000b7e4:	a316d5e6 	.word	0xa316d5e6
2000b7e8:	b9a26b2f 	.word	0xb9a26b2f
2000b7ec:	937fdb91 	.word	0x937fdb91
2000b7f0:	b63ccc85 	.word	0xb63ccc85
2000b7f4:	d8c02361 	.word	0xd8c02361
2000b7f8:	36376f74 	.word	0x36376f74
2000b7fc:	93ac427f 	.word	0x93ac427f
2000b800:	6226e903 	.word	0x6226e903
2000b804:	738466be 	.word	0x738466be
2000b808:	2581af2c 	.word	0x2581af2c
2000b80c:	74078d00 	.word	0x74078d00
2000b810:	1ab3a2f7 	.word	0x1ab3a2f7
2000b814:	04131e66 	.word	0x04131e66
2000b818:	da77aa13 	.word	0xda77aa13
2000b81c:	68de3547 	.word	0x68de3547
2000b820:	79617764 	.word	0x79617764
2000b824:	aca749c0 	.word	0xaca749c0
2000b828:	702a8003 	.word	0x702a8003
2000b82c:	0c685669 	.word	0x0c685669
2000b830:	d68233f6 	.word	0xd68233f6
2000b834:	27c7aa02 	.word	0x27c7aa02
2000b838:	62a00973 	.word	0x62a00973
2000b83c:	6c9d933d 	.word	0x6c9d933d
2000b840:	64b46591 	.word	0x64b46591
2000b844:	17f182a7 	.word	0x17f182a7
2000b848:	65746da9 	.word	0x65746da9
2000b84c:	530a70ef 	.word	0x530a70ef
2000b850:	8d046337 	.word	0x8d046337
2000b854:	663c1628 	.word	0x663c1628
2000b858:	18c4bc6c 	.word	0x18c4bc6c
2000b85c:	70003cdc 	.word	0x70003cdc
2000b860:	474e236f 	.word	0x474e236f
2000b864:	a5fa0895 	.word	0xa5fa0895
2000b868:	93ec6162 	.word	0x93ec6162
2000b86c:	f33c835c 	.word	0xf33c835c
2000b870:	603ae179 	.word	0x603ae179
2000b874:	796cd0ed 	.word	0x796cd0ed
2000b878:	a43353e0 	.word	0xa43353e0
2000b87c:	68e14875 	.word	0x68e14875
2000b880:	a65c67e0 	.word	0xa65c67e0
2000b884:	1464656c 	.word	0x1464656c
2000b888:	607b2fcf 	.word	0x607b2fcf
2000b88c:	69022e4a 	.word	0x69022e4a
2000b890:	796ce42b 	.word	0x796ce42b
2000b894:	68beef63 	.word	0x68beef63
2000b898:	18726536 	.word	0x18726536
2000b89c:	75709e77 	.word	0x75709e77
2000b8a0:	d8870874 	.word	0xd8870874
2000b8a4:	a064604f 	.word	0xa064604f
2000b8a8:	21b061fe 	.word	0x21b061fe
2000b8ac:	e6d837e0 	.word	0xe6d837e0
2000b8b0:	80846d6d 	.word	0x80846d6d
2000b8b4:	1b20c0ae 	.word	0x1b20c0ae
2000b8b8:	a9a112f5 	.word	0xa9a112f5
2000b8bc:	7c3f8c19 	.word	0x7c3f8c19
2000b8c0:	b1af0633 	.word	0xb1af0633
2000b8c4:	78521518 	.word	0x78521518
2000b8c8:	c58d5c83 	.word	0xc58d5c83
2000b8cc:	1102ad64 	.word	0x1102ad64
2000b8d0:	884903d7 	.word	0x884903d7
2000b8d4:	70cef153 	.word	0x70cef153
2000b8d8:	0c67de1a 	.word	0x0c67de1a
2000b8dc:	16341214 	.word	0x16341214
2000b8e0:	07ae1ad1 	.word	0x07ae1ad1
2000b8e4:	c10b9563 	.word	0xc10b9563
2000b8e8:	4d851407 	.word	0x4d851407
2000b8ec:	6f8921db 	.word	0x6f8921db
2000b8f0:	7ec05388 	.word	0x7ec05388
2000b8f4:	43d28ac7 	.word	0x43d28ac7
2000b8f8:	6bdc4462 	.word	0x6bdc4462
2000b8fc:	5016e3c7 	.word	0x5016e3c7
2000b900:	62cea82e 	.word	0x62cea82e
2000b904:	27110467 	.word	0x27110467
2000b908:	06820a93 	.word	0x06820a93
2000b90c:	0aa40fd9 	.word	0x0aa40fd9
2000b910:	0827831a 	.word	0x0827831a
2000b914:	6b0f0da5 	.word	0x6b0f0da5
2000b918:	dac26384 	.word	0xdac26384
2000b91c:	186832a0 	.word	0x186832a0
2000b920:	61b055c2 	.word	0x61b055c2
2000b924:	987542e0 	.word	0x987542e0
2000b928:	6536dfbe 	.word	0x6536dfbe
2000b92c:	e83034dc 	.word	0xe83034dc
2000b930:	7c1868dc 	.word	0x7c1868dc
2000b934:	20a4ba07 	.word	0x20a4ba07
2000b938:	e20be365 	.word	0xe20be365
2000b93c:	628d6d31 	.word	0x628d6d31
2000b940:	3e9a0752 	.word	0x3e9a0752
2000b944:	612ad165 	.word	0x612ad165
2000b948:	7566767f 	.word	0x7566767f
2000b94c:	092e646e 	.word	0x092e646e
2000b950:	8543a784 	.word	0x8543a784
2000b954:	890a0ae0 	.word	0x890a0ae0
2000b958:	3a20f0f7 	.word	0x3a20f0f7
2000b95c:	1fc40a28 	.word	0x1fc40a28
2000b960:	ea4e49ea 	.word	0xea4e49ea
2000b964:	80bf4c74 	.word	0x80bf4c74
2000b968:	57594e41 	.word	0x57594e41
2000b96c:	a1195941 	.word	0xa1195941
2000b970:	86508f27 	.word	0x86508f27
2000b974:	6c41e26f 	.word	0x6c41e26f
2000b978:	46d02b74 	.word	0x46d02b74
2000b97c:	fd057034 	.word	0xfd057034
2000b980:	46706d92 	.word	0x46706d92
2000b984:	046eb2aa 	.word	0x046eb2aa
2000b988:	da8f1014 	.word	0xda8f1014
2000b98c:	f6786369 	.word	0xf6786369
2000b990:	729e2a70 	.word	0x729e2a70
2000b994:	7869f7b7 	.word	0x7869f7b7
2000b998:	6966c079 	.word	0x6966c079
2000b99c:	48439f27 	.word	0x48439f27
2000b9a0:	1e4b45c0 	.word	0x1e4b45c0
2000b9a4:	45b25d27 	.word	0x45b25d27
2000b9a8:	21bfb800 	.word	0x21bfb800
2000b9ac:	430d0754 	.word	0x430d0754
2000b9b0:	65c1d170 	.word	0x65c1d170
2000b9b4:	b43ba261 	.word	0xb43ba261
2000b9b8:	19db0cc7 	.word	0x19db0cc7
2000b9bc:	85604a56 	.word	0x85604a56
2000b9c0:	45354773 	.word	0x45354773
2000b9c4:	1f6db500 	.word	0x1f6db500
2000b9c8:	00432042 	.word	0x00432042
2000b9cc:	40152fee 	.word	0x40152fee
2000b9d0:	812227a5 	.word	0x812227a5
2000b9d4:	235c1815 	.word	0x235c1815
2000b9d8:	c12d46a2 	.word	0xc12d46a2
2000b9dc:	22b8422e 	.word	0x22b8422e
2000b9e0:	b64758bf 	.word	0xb64758bf
2000b9e4:	467088e6 	.word	0x467088e6
2000b9e8:	8d37c577 	.word	0x8d37c577
2000b9ec:	6f88bd60 	.word	0x6f88bd60
2000b9f0:	4e51ffc6 	.word	0x4e51ffc6
2000b9f4:	87074e4f 	.word	0x87074e4f
2000b9f8:	4b4e55f7 	.word	0x4b4e55f7
2000b9fc:	1e340f4e 	.word	0x1e340f4e
2000ba00:	166bb650 	.word	0x166bb650
2000ba04:	fede347d 	.word	0xfede347d
2000ba08:	73657571 	.word	0x73657571
2000ba0c:	949a7ff4 	.word	0x949a7ff4
2000ba10:	7cd7b861 	.word	0x7cd7b861
2000ba14:	53544946 	.word	0x53544946
2000ba18:	f01af710 	.word	0xf01af710
2000ba1c:	6e5ed848 	.word	0x6e5ed848
2000ba20:	082f8d65 	.word	0x082f8d65
2000ba24:	78725455 	.word	0x78725455
2000ba28:	4023468b 	.word	0x4023468b
2000ba2c:	d7505b90 	.word	0xd7505b90
2000ba30:	4558457d 	.word	0x4558457d
2000ba34:	2d448b98 	.word	0x2d448b98
2000ba38:	4c0cb657 	.word	0x4c0cb657
2000ba3c:	36a46759 	.word	0x36a46759
2000ba40:	9a746992 	.word	0x9a746992
2000ba44:	0462518f 	.word	0x0462518f
2000ba48:	096ea6d0 	.word	0x096ea6d0
2000ba4c:	153916f1 	.word	0x153916f1
2000ba50:	4bb44364 	.word	0x4bb44364
2000ba54:	636d5fcf 	.word	0x636d5fcf
2000ba58:	02a70c72 	.word	0x02a70c72
2000ba5c:	6eb86305 	.word	0x6eb86305
2000ba60:	c1dc746f 	.word	0xc1dc746f
2000ba64:	0516f71b 	.word	0x0516f71b
2000ba68:	6b8d01e3 	.word	0x6b8d01e3
2000ba6c:	5737bb18 	.word	0x5737bb18
2000ba70:	fe8c0437 	.word	0xfe8c0437
2000ba74:	29252562 	.word	0x29252562
2000ba78:	d89fc50a 	.word	0xd89fc50a
2000ba7c:	82ad9357 	.word	0x82ad9357
2000ba80:	c12140f7 	.word	0xc12140f7
2000ba84:	c403f907 	.word	0xc403f907
2000ba88:	5a7360b8 	.word	0x5a7360b8
2000ba8c:	991b1067 	.word	0x991b1067
2000ba90:	5505bf60 	.word	0x5505bf60
2000ba94:	57e96e0a 	.word	0x57e96e0a
2000ba98:	435044f7 	.word	0x435044f7
2000ba9c:	434df843 	.word	0x434df843
2000baa0:	0fbf4452 	.word	0x0fbf4452
2000baa4:	6750474b 	.word	0x6750474b
2000baa8:	5b4c460f 	.word	0x5b4c460f
2000baac:	6177973b 	.word	0x6177973b
2000bab0:	462070e0 	.word	0x462070e0
2000bab4:	5767f938 	.word	0x5767f938
2000bab8:	56d9f4a4 	.word	0x56d9f4a4
2000babc:	c27c61fa 	.word	0xc27c61fa
2000bac0:	95bb6465 	.word	0x95bb6465
2000bac4:	6f74e1d4 	.word	0x6f74e1d4
2000bac8:	11551933 	.word	0x11551933
2000bacc:	be10f3c3 	.word	0xbe10f3c3
2000bad0:	203c8224 	.word	0x203c8224
2000bad4:	6561f96f 	.word	0x6561f96f
2000bad8:	48973f73 	.word	0x48973f73
2000badc:	306c8a65 	.word	0x306c8a65
2000bae0:	75646567 	.word	0x75646567
2000bae4:	a8d0c201 	.word	0xa8d0c201
2000bae8:	f7166c66 	.word	0xf7166c66
2000baec:	096e3aa4 	.word	0x096e3aa4
2000baf0:	b74c4f43 	.word	0xb74c4f43
2000baf4:	988520a7 	.word	0x988520a7
2000baf8:	d1615d36 	.word	0xd1615d36
2000bafc:	f7b6753a 	.word	0xf7b6753a
2000bb00:	b0b87486 	.word	0xb0b87486
2000bb04:	af08f620 	.word	0xaf08f620
2000bb08:	500643ae 	.word	0x500643ae
2000bb0c:	5b4441ed 	.word	0x5b4441ed
2000bb10:	bd4f5d46 	.word	0xbd4f5d46
2000bb14:	200920b3 	.word	0x200920b3
2000bb18:	a61320b0 	.word	0xa61320b0
2000bb1c:	2d7ec1cf 	.word	0x2d7ec1cf
2000bb20:	1e563d60 	.word	0x1e563d60
2000bb24:	1e5a0f50 	.word	0x1e5a0f50
2000bb28:	44bf3f41 	.word	0x44bf3f41
2000bb2c:	f4389200 	.word	0xf4389200
2000bb30:	5ae4294c 	.word	0x5ae4294c
2000bb34:	371f6469 	.word	0x371f6469
2000bb38:	626f824c 	.word	0x626f824c
2000bb3c:	57f442a0 	.word	0x57f442a0
2000bb40:	7fa7990c 	.word	0x7fa7990c
2000bb44:	d2065403 	.word	0xd2065403
2000bb48:	2620f68b 	.word	0x2620f68b
2000bb4c:	f86720c7 	.word	0xf86720c7
2000bb50:	3a7374f4 	.word	0x3a7374f4
2000bb54:	21d49fba 	.word	0x21d49fba
2000bb58:	62583ecc 	.word	0x62583ecc
2000bb5c:	d6539cd5 	.word	0xd6539cd5
2000bb60:	4b9c6bae 	.word	0x4b9c6bae
2000bb64:	db18d783 	.word	0xdb18d783
2000bb68:	064e4f39 	.word	0x064e4f39
2000bb6c:	2f4646ec 	.word	0x2f4646ec
2000bb70:	4fc8b16a 	.word	0x4fc8b16a
2000bb74:	52fcdf53 	.word	0x52fcdf53
2000bb78:	3a323343 	.word	0x3a323343
2000bb7c:	20773000 	.word	0x20773000
2000bb80:	03b0ad06 	.word	0x03b0ad06
2000bb84:	570a606b 	.word	0x570a606b
2000bb88:	309f2205 	.word	0x309f2205
2000bb8c:	1b7736d6 	.word	0x1b7736d6
2000bb90:	50af1a10 	.word	0x50af1a10
2000bb94:	284a22e1 	.word	0x284a22e1
2000bb98:	337413d7 	.word	0x337413d7
2000bb9c:	81724e02 	.word	0x81724e02
2000bba0:	ba50468d 	.word	0xba50468d
2000bba4:	b37c113d 	.word	0xb37c113d
2000bba8:	29159f53 	.word	0x29159f53
2000bbac:	c51b6769 	.word	0xc51b6769
2000bbb0:	46c5864e 	.word	0x46c5864e
2000bbb4:	3ff89f21 	.word	0x3ff89f21
2000bbb8:	a1a30f20 	.word	0xa1a30f20
2000bbbc:	5db4eb57 	.word	0x5db4eb57
2000bbc0:	2022a049 	.word	0x2022a049
2000bbc4:	73a67110 	.word	0x73a67110
2000bbc8:	0720443d 	.word	0x0720443d
2000bbcc:	3f70b59d 	.word	0x3f70b59d
2000bbd0:	1b6721ef 	.word	0x1b6721ef
2000bbd4:	b1e3e3c2 	.word	0xb1e3e3c2
2000bbd8:	808d8e99 	.word	0x808d8e99
2000bbdc:	c3df462f 	.word	0xc3df462f
2000bbe0:	12015873 	.word	0x12015873
2000bbe4:	ac4620da 	.word	0xac4620da
2000bbe8:	4f1af3cb 	.word	0x4f1af3cb
2000bbec:	3722bbab 	.word	0x3722bbab
2000bbf0:	15355234 	.word	0x15355234
2000bbf4:	3a73b04b 	.word	0x3a73b04b
2000bbf8:	9f35a788 	.word	0x9f35a788
2000bbfc:	79a96c5f 	.word	0x79a96c5f
2000bc00:	00204bcc 	.word	0x00204bcc
2000bc04:	1a809fc0 	.word	0x1a809fc0
2000bc08:	6f38351f 	.word	0x6f38351f
2000bc0c:	68780f35 	.word	0x68780f35
2000bc10:	2f945a65 	.word	0x2f945a65
2000bc14:	462a661c 	.word	0x462a661c
2000bc18:	2d6562d4 	.word	0x2d6562d4
2000bc1c:	03cc0363 	.word	0x03cc0363
2000bc20:	c7ca3b85 	.word	0xc7ca3b85
2000bc24:	8fb0b755 	.word	0x8fb0b755
2000bc28:	793f0b20 	.word	0x793f0b20
2000bc2c:	74726f73 	.word	0x74726f73
2000bc30:	67c47834 	.word	0x67c47834
2000bc34:	498c0265 	.word	0x498c0265
2000bc38:	196b4f30 	.word	0x196b4f30
2000bc3c:	74bd39ab 	.word	0x74bd39ab
2000bc40:	2a382f84 	.word	0x2a382f84
2000bc44:	0d0c8000 	.word	0x0d0c8000
2000bc48:	32db538a 	.word	0x32db538a
2000bc4c:	6e41142b 	.word	0x6e41142b
2000bc50:	4c686c1d 	.word	0x4c686c1d
2000bc54:	9296cca0 	.word	0x9296cca0
2000bc58:	223325eb 	.word	0x223325eb
2000bc5c:	f5f7c1a0 	.word	0xf5f7c1a0
2000bc60:	756d654d 	.word	0x756d654d
2000bc64:	0c3d9ce5 	.word	0x0c3d9ce5
2000bc68:	d148a3a3 	.word	0xd148a3a3
2000bc6c:	a0905f73 	.word	0xa0905f73
2000bc70:	26464c0e 	.word	0x26464c0e
2000bc74:	7e0c7a13 	.word	0x7e0c7a13
2000bc78:	2e64656d 	.word	0x2e64656d
2000bc7c:	a70057b7 	.word	0xa70057b7
2000bc80:	7075e1a9 	.word	0x7075e1a9
2000bc84:	620c3d16 	.word	0x620c3d16
2000bc88:	1c1db978 	.word	0x1c1db978
2000bc8c:	18b5946d 	.word	0x18b5946d
2000bc90:	1529351f 	.word	0x1529351f
2000bc94:	a82a741c 	.word	0xa82a741c
2000bc98:	59f00020 	.word	0x59f00020
2000bc9c:	ae9c8310 	.word	0xae9c8310
2000bca0:	7315d785 	.word	0x7315d785
2000bca4:	2868cf60 	.word	0x2868cf60
2000bca8:	0d70f377 	.word	0x0d70f377
2000bcac:	6587736c 	.word	0x6587736c
2000bcb0:	135ab3bd 	.word	0x135ab3bd
2000bcb4:	618bb696 	.word	0x618bb696
2000bcb8:	fa5d056d 	.word	0xfa5d056d
2000bcbc:	dd0a0a29 	.word	0xdd0a0a29
2000bcc0:	046d139f 	.word	0x046d139f
2000bcc4:	a5dc0acf 	.word	0xa5dc0acf
2000bcc8:	37a90918 	.word	0x37a90918
2000bccc:	01683615 	.word	0x01683615
2000bcd0:	0c6413f1 	.word	0x0c6413f1
2000bcd4:	ee5acc99 	.word	0xee5acc99
2000bcd8:	fb84b121 	.word	0xfb84b121
2000bcdc:	3f5810b3 	.word	0x3f5810b3
2000bce0:	4f4ebfdf 	.word	0x4f4ebfdf
2000bce4:	3a864554 	.word	0x3a864554
2000bce8:	5245bf27 	.word	0x5245bf27
2000bcec:	45815341 	.word	0x45815341
2000bcf0:	9f9799c2 	.word	0x9f9799c2
2000bcf4:	1522b75b 	.word	0x1522b75b
2000bcf8:	f866b8f1 	.word	0xf866b8f1
2000bcfc:	0b3a9e61 	.word	0x0b3a9e61
2000bd00:	122e3f58 	.word	0x122e3f58
2000bd04:	64862f89 	.word	0x64862f89
2000bd08:	032f6027 	.word	0x032f6027
2000bd0c:	77738a48 	.word	0x77738a48
2000bd10:	93650124 	.word	0x93650124
2000bd14:	a873582e 	.word	0xa873582e
2000bd18:	89626861 	.word	0x89626861
2000bd1c:	8de7058f 	.word	0x8de7058f
2000bd20:	c03fc7e6 	.word	0xc03fc7e6
2000bd24:	a70a870c 	.word	0xa70a870c
2000bd28:	6e867cb8 	.word	0x6e867cb8
2000bd2c:	692ff6eb 	.word	0x692ff6eb
2000bd30:	73c21d16 	.word	0x73c21d16
2000bd34:	c2c7e050 	.word	0xc2c7e050
2000bd38:	148dc023 	.word	0x148dc023
2000bd3c:	25126180 	.word	0x25126180
2000bd40:	45dda202 	.word	0x45dda202
2000bd44:	a98a8323 	.word	0xa98a8323
2000bd48:	b48edfe1 	.word	0xb48edfe1
2000bd4c:	2089b369 	.word	0x2089b369
2000bd50:	5730150e 	.word	0x5730150e
2000bd54:	282a634f 	.word	0x282a634f
2000bd58:	2cdb2704 	.word	0x2cdb2704
2000bd5c:	87350020 	.word	0x87350020
2000bd60:	d80dc123 	.word	0xd80dc123
2000bd64:	6e3867ce 	.word	0x6e3867ce
2000bd68:	d965c900 	.word	0xd965c900
2000bd6c:	8114a946 	.word	0x8114a946
2000bd70:	61aca929 	.word	0x61aca929
2000bd74:	3783f775 	.word	0x3783f775
2000bd78:	379e3a00 	.word	0x379e3a00
2000bd7c:	3849e140 	.word	0x3849e140
2000bd80:	3fc201d5 	.word	0x3fc201d5
2000bd84:	98ba930c 	.word	0x98ba930c
2000bd88:	2830f821 	.word	0x2830f821
2000bd8c:	83635464 	.word	0x83635464
2000bd90:	770c6d7a 	.word	0x770c6d7a
2000bd94:	20e73529 	.word	0x20e73529
2000bd98:	51042746 	.word	0x51042746
2000bd9c:	9ed36bfd 	.word	0x9ed36bfd
2000bda0:	3f65e090 	.word	0x3f65e090
2000bda4:	69424faf 	.word	0x69424faf
2000bda8:	b3c8c01a 	.word	0xb3c8c01a
2000bdac:	53c0406d 	.word	0x53c0406d
2000bdb0:	3ed6925c 	.word	0x3ed6925c
2000bdb4:	74e87c53 	.word	0x74e87c53
2000bdb8:	57fc3437 	.word	0x57fc3437
2000bdbc:	6b4e486b 	.word	0x6b4e486b
2000bdc0:	307f0d24 	.word	0x307f0d24
2000bdc4:	61225163 	.word	0x61225163
2000bdc8:	064033b8 	.word	0x064033b8
2000bdcc:	6c6fe95d 	.word	0x6c6fe95d
2000bdd0:	21831e6c 	.word	0x21831e6c
2000bdd4:	66ef6c00 	.word	0x66ef6c00
2000bdd8:	705b2df3 	.word	0x705b2df3
2000bddc:	78545600 	.word	0x78545600
2000bde0:	30d62c57 	.word	0x30d62c57
2000bde4:	9fc0086d 	.word	0x9fc0086d
2000bde8:	0a4120d3 	.word	0x0a4120d3
2000bdec:	31073724 	.word	0x31073724
2000bdf0:	6329a70b 	.word	0x6329a70b
2000bdf4:	6d095e16 	.word	0x6d095e16
2000bdf8:	a79e2604 	.word	0xa79e2604
2000bdfc:	7f0c62b8 	.word	0x7f0c62b8
2000be00:	5253b22d 	.word	0x5253b22d
2000be04:	000e61cc 	.word	0x000e61cc
2000be08:	5cc0e720 	.word	0x5cc0e720
2000be0c:	078a000f 	.word	0x078a000f
2000be10:	8b0b0ab8 	.word	0x8b0b0ab8
2000be14:	70bd4517 	.word	0x70bd4517
2000be18:	723f682e 	.word	0x723f682e
2000be1c:	13291545 	.word	0x13291545
2000be20:	55010ad9 	.word	0x55010ad9
2000be24:	59a01aff 	.word	0x59a01aff
2000be28:	31ee8a35 	.word	0x31ee8a35
2000be2c:	fd55011d 	.word	0xfd55011d
2000be30:	4f43494e 	.word	0x4f43494e
2000be34:	0fc14e52 	.word	0x0fc14e52
2000be38:	031f8ac3 	.word	0x031f8ac3
2000be3c:	fa00702a 	.word	0xfa00702a
2000be40:	06a0426b 	.word	0x06a0426b
2000be44:	38ff4035 	.word	0x38ff4035
2000be48:	4b2e302e 	.word	0x4b2e302e
2000be4c:	d90f2d20 	.word	0xd90f2d20
2000be50:	06f7397b 	.word	0x06f7397b
2000be54:	535d5fdb 	.word	0x535d5fdb
2000be58:	a64faa42 	.word	0xa64faa42
2000be5c:	363d5f60 	.word	0x363d5f60
2000be60:	dc3c8034 	.word	0xdc3c8034
2000be64:	2dd5a738 	.word	0x2dd5a738
2000be68:	38f6331e 	.word	0x38f6331e
2000be6c:	7b313139 	.word	0x7b313139
2000be70:	245942f6 	.word	0x245942f6
2000be74:	e246ce05 	.word	0xe246ce05
2000be78:	c1454552 	.word	0xc1454552
2000be7c:	4ba7818b 	.word	0x4ba7818b
2000be80:	20591ef6 	.word	0x20591ef6
2000be84:	782bea27 	.word	0x782bea27
2000be88:	29fa1cba 	.word	0x29fa1cba
2000be8c:	1fbc1362 	.word	0x1fbc1362
2000be90:	54544bfd 	.word	0x54544bfd
2000be94:	450ffb59 	.word	0x450ffb59
2000be98:	4c3d3f48 	.word	0x4c3d3f48
2000be9c:	0fd85441 	.word	0x0fd85441
2000bea0:	c4674147 	.word	0xc4674147
2000bea4:	b44d590f 	.word	0xb44d590f
2000bea8:	c30e7a53 	.word	0xc30e7a53
2000beac:	6e470e4f 	.word	0x6e470e4f
2000beb0:	736f7de2 	.word	0x736f7de2
2000beb4:	98782556 	.word	0x98782556
2000beb8:	ee9b446f 	.word	0xee9b446f
2000bebc:	38002e30 	.word	0x38002e30
2000bec0:	00019627 	.word	0x00019627
2000bec4:	dd654cf0 	.word	0xdd654cf0
2000bec8:	0a3a6cea 	.word	0x0a3a6cea
2000becc:	08306f8a 	.word	0x08306f8a
2000bed0:	e7624231 	.word	0xe7624231
2000bed4:	0f150158 	.word	0x0f150158
2000bed8:	164445f0 	.word	0x164445f0
2000bedc:	9f3f6063 	.word	0x9f3f6063
2000bee0:	53554150 	.word	0x53554150
2000bee4:	5cebc422 	.word	0x5cebc422
2000bee8:	5e500553 	.word	0x5e500553
2000beec:	5c674565 	.word	0x5c674565
2000bef0:	b2946e4c 	.word	0xb2946e4c
2000bef4:	2e066f73 	.word	0x2e066f73
2000bef8:	703a43e7 	.word	0x703a43e7
2000befc:	2e480843 	.word	0x2e480843
2000bf00:	4e120534 	.word	0x4e120534
2000bf04:	382044fe 	.word	0x382044fe
2000bf08:	37372038 	.word	0x37372038
2000bf0c:	2036b62b 	.word	0x2036b62b
2000bf10:	203535f5 	.word	0x203535f5
2000bf14:	33765a34 	.word	0x33765a34
2000bf18:	422c6433 	.word	0x422c6433
2000bf1c:	28aec054 	.word	0x28aec054
2000bf20:	ae116e6e 	.word	0xae116e6e
2000bf24:	b8046560 	.word	0xb8046560
2000bf28:	51537e57 	.word	0x51537e57
2000bf2c:	c7524155 	.word	0xc7524155
2000bf30:	446b306f 	.word	0x446b306f
2000bf34:	306c5034 	.word	0x306c5034
2000bf38:	46180530 	.word	0x46180530
2000bf3c:	e863ad71 	.word	0xe863ad71
2000bf40:	0e7b2cdb 	.word	0x0e7b2cdb
2000bf44:	812f152c 	.word	0x812f152c
2000bf48:	0136de10 	.word	0x0136de10
2000bf4c:	0f607fd4 	.word	0x0f607fd4
2000bf50:	6e69dcc4 	.word	0x6e69dcc4
2000bf54:	5222af6b 	.word	0x5222af6b
2000bf58:	98676b49 	.word	0x98676b49
2000bf5c:	34e34738 	.word	0x34e34738
2000bf60:	eb01b159 	.word	0xeb01b159
2000bf64:	6f7d7428 	.word	0x6f7d7428
2000bf68:	705ef943 	.word	0x705ef943
2000bf6c:	c23a7606 	.word	0xc23a7606
2000bf70:	3bf1e073 	.word	0x3bf1e073
2000bf74:	bb50431a 	.word	0xbb50431a
2000bf78:	3252973a 	.word	0x3252973a
2000bf7c:	329d2090 	.word	0x329d2090
2000bf80:	c0938032 	.word	0xc0938032
2000bf84:	6dd46b16 	.word	0x6dd46b16
2000bf88:	7f52a663 	.word	0x7f52a663
2000bf8c:	2093775c 	.word	0x2093775c
2000bf90:	7754526e 	.word	0x7754526e
2000bf94:	9f7349dc 	.word	0x9f7349dc
2000bf98:	6ed05e95 	.word	0x6ed05e95
2000bf9c:	123ffdf4 	.word	0x123ffdf4
2000bfa0:	4ca4d6b7 	.word	0x4ca4d6b7
2000bfa4:	dd6d44b7 	.word	0xdd6d44b7
2000bfa8:	5b4226eb 	.word	0x5b4226eb
2000bfac:	1a78650f 	.word	0x1a78650f
2000bfb0:	0b3d8db8 	.word	0x0b3d8db8
2000bfb4:	b76ecf84 	.word	0xb76ecf84
2000bfb8:	233320e3 	.word	0x233320e3
2000bfbc:	c647113a 	.word	0xc647113a
2000bfc0:	470bb306 	.word	0x470bb306
2000bfc4:	11601666 	.word	0x11601666
2000bfc8:	7369e0f8 	.word	0x7369e0f8
2000bfcc:	5805c97c 	.word	0x5805c97c
2000bfd0:	018819c7 	.word	0x018819c7
2000bfd4:	2046bb47 	.word	0x2046bb47
2000bfd8:	696136ee 	.word	0x696136ee
2000bfdc:	1304c062 	.word	0x1304c062
2000bfe0:	64a045b7 	.word	0x64a045b7
2000bfe4:	47bb23f1 	.word	0x47bb23f1
2000bfe8:	74af8440 	.word	0x74af8440
2000bfec:	241f3234 	.word	0x241f3234
2000bff0:	144e414d 	.word	0x144e414d
2000bff4:	70d495aa 	.word	0x70d495aa
2000bff8:	fa524444 	.word	0xfa524444
2000bffc:	c5b53d43 	.word	0xc5b53d43
2000c000:	2f647c2f 	.word	0x2f647c2f
2000c004:	2f637303 	.word	0x2f637303
2000c008:	fb0c7053 	.word	0xfb0c7053
2000c00c:	5f223188 	.word	0x5f223188
2000c010:	67503431 	.word	0x67503431
2000c014:	2f7055ed 	.word	0x2f7055ed
2000c018:	e05b4408 	.word	0xe05b4408
2000c01c:	d9ce58e6 	.word	0xd9ce58e6
2000c020:	04b3acb6 	.word	0x04b3acb6
2000c024:	546968ab 	.word	0x546968ab
2000c028:	2472716f 	.word	0x2472716f
2000c02c:	c56fab47 	.word	0xc56fab47
2000c030:	74726562 	.word	0x74726562
2000c034:	bd7e87f9 	.word	0xbd7e87f9
2000c038:	d03af841 	.word	0xd03af841
2000c03c:	554270f5 	.word	0x554270f5
2000c040:	212d17eb 	.word	0x212d17eb
2000c044:	2573250e 	.word	0x2573250e
2000c048:	224f2caf 	.word	0x224f2caf
2000c04c:	d00b3743 	.word	0xd00b3743
2000c050:	0d630f74 	.word	0x0d630f74
2000c054:	6f6007d4 	.word	0x6f6007d4
2000c058:	6172700f 	.word	0x6172700f
2000c05c:	c2632a62 	.word	0xc2632a62
2000c060:	44323b0d 	.word	0x44323b0d
2000c064:	657265bd 	.word	0x657265bd
2000c068:	5e57700a 	.word	0x5e57700a
2000c06c:	2c102d3c 	.word	0x2c102d3c
2000c070:	a0e1014f 	.word	0xa0e1014f
2000c074:	62f44a02 	.word	0x62f44a02
2000c078:	c4746f6f 	.word	0xc4746f6f
2000c07c:	1be161d7 	.word	0x1be161d7
2000c080:	730f5302 	.word	0x730f5302
2000c084:	37835320 	.word	0x37835320
2000c088:	2bc1e000 	.word	0x2bc1e000
2000c08c:	80f40735 	.word	0x80f40735
2000c090:	848fc13a 	.word	0x848fc13a
2000c094:	b67a6d5a 	.word	0xb67a6d5a
2000c098:	b0475664 	.word	0xb0475664
2000c09c:	de770a2c 	.word	0xde770a2c
2000c0a0:	3682500a 	.word	0x3682500a
2000c0a4:	1c2e1efa 	.word	0x1c2e1efa
2000c0a8:	35b5104c 	.word	0x35b5104c
2000c0ac:	02c50b73 	.word	0x02c50b73
2000c0b0:	fa73060f 	.word	0xfa73060f
2000c0b4:	0eb82fb1 	.word	0x0eb82fb1
2000c0b8:	f81f5f54 	.word	0xf81f5f54
2000c0bc:	2f494454 	.word	0x2f494454
2000c0c0:	f8d84b63 	.word	0xf8d84b63
2000c0c4:	b06e0e7c 	.word	0xb06e0e7c
2000c0c8:	00ccda75 	.word	0x00ccda75
2000c0cc:	41f06402 	.word	0x41f06402
2000c0d0:	b0eb2784 	.word	0xb0eb2784
2000c0d4:	28742a77 	.word	0x28742a77
2000c0d8:	0d7c2120 	.word	0x0d7c2120
2000c0dc:	fa6e672e 	.word	0xfa6e672e
2000c0e0:	2e6275fb 	.word	0x2e6275fb
2000c0e4:	bfdd6f69 	.word	0xbfdd6f69
2000c0e8:	70747468 	.word	0x70747468
2000c0ec:	2f832f3a 	.word	0x2f832f3a
2000c0f0:	582e8dea 	.word	0x582e8dea
2000c0f4:	040a0a76 	.word	0x040a0a76
2000c0f8:	c24948b7 	.word	0xc24948b7
2000c0fc:	6795d8e9 	.word	0x6795d8e9
2000c100:	4be1c66f 	.word	0x4be1c66f
2000c104:	7d00e7a9 	.word	0x7d00e7a9
2000c108:	461d8d53 	.word	0x461d8d53
2000c10c:	1062a67f 	.word	0x1062a67f
2000c110:	7f0cd820 	.word	0x7f0cd820
2000c114:	254bb000 	.word	0x254bb000
2000c118:	a59b9c06 	.word	0xa59b9c06
2000c11c:	7e820157 	.word	0x7e820157
2000c120:	60ec2083 	.word	0x60ec2083
2000c124:	5258375e 	.word	0x5258375e
2000c128:	c0b7a221 	.word	0xc0b7a221
2000c12c:	ca880bcd 	.word	0xca880bcd
2000c130:	60f6743b 	.word	0x60f6743b
2000c134:	472e98c3 	.word	0x472e98c3
2000c138:	caaba007 	.word	0xcaaba007
2000c13c:	06613e20 	.word	0x06613e20
2000c140:	732596d8 	.word	0x732596d8
2000c144:	1f1b271c 	.word	0x1f1b271c
2000c148:	2773253b 	.word	0x2773253b
2000c14c:	8a708712 	.word	0x8a708712
2000c150:	8bf0c041 	.word	0x8bf0c041
2000c154:	5fc59f4f 	.word	0x5fc59f4f
2000c158:	3bb01753 	.word	0x3bb01753
2000c15c:	3da7b131 	.word	0x3da7b131
2000c160:	8532565f 	.word	0x8532565f
2000c164:	573fbb1f 	.word	0x573fbb1f
2000c168:	d5840a1f 	.word	0xd5840a1f
2000c16c:	29b10018 	.word	0x29b10018
2000c170:	0125c31d 	.word	0x0125c31d
2000c174:	7e06fb32 	.word	0x7e06fb32
2000c178:	040a21b5 	.word	0x040a21b5
2000c17c:	82dd57a2 	.word	0x82dd57a2
2000c180:	10107a0f 	.word	0x10107a0f
2000c184:	3a653827 	.word	0x3a653827
2000c188:	4a93ac53 	.word	0x4a93ac53
2000c18c:	979d4275 	.word	0x979d4275
2000c190:	410a2e38 	.word	0x410a2e38
2000c194:	61809f8b 	.word	0x61809f8b
2000c198:	9a69c56b 	.word	0x9a69c56b
2000c19c:	20444370 	.word	0x20444370
2000c1a0:	6b208d35 	.word	0x6b208d35
2000c1a4:	21c70787 	.word	0x21c70787
2000c1a8:	b70875f1 	.word	0xb70875f1
2000c1ac:	106bae35 	.word	0x106bae35
2000c1b0:	58655975 	.word	0x58655975
2000c1b4:	856f4e2a 	.word	0x856f4e2a
2000c1b8:	bbbde457 	.word	0xbbbde457
2000c1bc:	bd6375fe 	.word	0xbd6375fe
2000c1c0:	2b213a63 	.word	0x2b213a63
2000c1c4:	6971a977 	.word	0x6971a977
2000c1c8:	4521ab1d 	.word	0x4521ab1d
2000c1cc:	56417ca7 	.word	0x56417ca7
2000c1d0:	c0cc0345 	.word	0xc0cc0345
2000c1d4:	fa8d5454 	.word	0xfa8d5454
2000c1d8:	3be05453 	.word	0x3be05453
2000c1dc:	80454d24 	.word	0x80454d24
2000c1e0:	53eeaf4d 	.word	0x53eeaf4d
2000c1e4:	6f831a3f 	.word	0x6f831a3f
2000c1e8:	f11d2d81 	.word	0xf11d2d81
2000c1ec:	69360561 	.word	0x69360561
2000c1f0:	99e16ca0 	.word	0x99e16ca0
2000c1f4:	a121c59c 	.word	0xa121c59c
2000c1f8:	6480050a 	.word	0x6480050a
2000c1fc:	83570ab5 	.word	0x83570ab5
2000c200:	875802c0 	.word	0x875802c0
2000c204:	152de005 	.word	0x152de005
2000c208:	8671d184 	.word	0x8671d184
2000c20c:	63279900 	.word	0x63279900
2000c210:	afcc4247 	.word	0xafcc4247
2000c214:	ff5ca083 	.word	0xff5ca083
2000c218:	271b5327 	.word	0x271b5327
2000c21c:	e2108141 	.word	0xe2108141
2000c220:	4830ff34 	.word	0x4830ff34
2000c224:	9a069e11 	.word	0x9a069e11
2000c228:	146f48c2 	.word	0x146f48c2
2000c22c:	0354a912 	.word	0x0354a912
2000c230:	81cc0379 	.word	0x81cc0379
2000c234:	84053920 	.word	0x84053920
2000c238:	84f7c073 	.word	0x84f7c073
2000c23c:	63257e3f 	.word	0x63257e3f
2000c240:	6fdb4763 	.word	0x6fdb4763
2000c244:	3e561b72 	.word	0x3e561b72
2000c248:	216c201b 	.word	0x216c201b
2000c24c:	571b6f54 	.word	0x571b6f54
2000c250:	5798e94b 	.word	0x5798e94b
2000c254:	8631020c 	.word	0x8631020c
2000c258:	a6962d44 	.word	0xa6962d44
2000c25c:	23b32d1b 	.word	0x23b32d1b
2000c260:	f5ec31a2 	.word	0xf5ec31a2
2000c264:	b0324c27 	.word	0xb0324c27
2000c268:	c812c103 	.word	0xc812c103
2000c26c:	bc57b0bb 	.word	0xbc57b0bb
2000c270:	da0d472f 	.word	0xda0d472f
2000c274:	40a906dd 	.word	0x40a906dd
2000c278:	0027e5ee 	.word	0x0027e5ee
2000c27c:	dfd65ec0 	.word	0xdfd65ec0
2000c280:	1c0b2b69 	.word	0x1c0b2b69
2000c284:	4d0578ee 	.word	0x4d0578ee
2000c288:	15698660 	.word	0x15698660
2000c28c:	6b1b2201 	.word	0x6b1b2201
2000c290:	6db3754e 	.word	0x6db3754e
2000c294:	1f653a1d 	.word	0x1f653a1d
2000c298:	b48b1f66 	.word	0xb48b1f66
2000c29c:	54c03921 	.word	0x54c03921
2000c2a0:	822ef61e 	.word	0x822ef61e
2000c2a4:	bab60574 	.word	0xbab60574
2000c2a8:	c7253f37 	.word	0xc7253f37
2000c2ac:	6360675b 	.word	0x6360675b
2000c2b0:	c552a137 	.word	0xc552a137
2000c2b4:	50683fb3 	.word	0x50683fb3
2000c2b8:	20647d77 	.word	0x20647d77
2000c2bc:	25996a53 	.word	0x25996a53
2000c2c0:	aa119b6a 	.word	0xaa119b6a
2000c2c4:	382b5617 	.word	0x382b5617
2000c2c8:	ae15516c 	.word	0xae15516c
2000c2cc:	64643d2b 	.word	0x64643d2b
2000c2d0:	5315596a 	.word	0x5315596a
2000c2d4:	fb6043bb 	.word	0xfb6043bb
2000c2d8:	509a2150 	.word	0x509a2150
2000c2dc:	6303210e 	.word	0x6303210e
2000c2e0:	ac072621 	.word	0xac072621
2000c2e4:	8f385716 	.word	0x8f385716
2000c2e8:	78fd9834 	.word	0x78fd9834
2000c2ec:	d46c6c75 	.word	0xd46c6c75
2000c2f0:	24026131 	.word	0x24026131
2000c2f4:	74d72ca1 	.word	0x74d72ca1
2000c2f8:	6fe21c6b 	.word	0x6fe21c6b
2000c2fc:	4c846970 	.word	0x4c846970
2000c300:	71235514 	.word	0x71235514
2000c304:	6e54b40f 	.word	0x6e54b40f
2000c308:	0b3d4825 	.word	0x0b3d4825
2000c30c:	6fbd28d2 	.word	0x6fbd28d2
2000c310:	69711b2d 	.word	0x69711b2d
2000c314:	982e8074 	.word	0x982e8074
2000c318:	b73330f7 	.word	0xb73330f7
2000c31c:	78453281 	.word	0x78453281
2000c320:	f72621b1 	.word	0xf72621b1
2000c324:	10eb0a05 	.word	0x10eb0a05
2000c328:	8361b987 	.word	0x8361b987
2000c32c:	7325e087 	.word	0x7325e087
2000c330:	c5c18820 	.word	0xc5c18820
2000c334:	0a790327 	.word	0x0a790327
2000c338:	51a33531 	.word	0x51a33531
2000c33c:	517472e9 	.word	0x517472e9
2000c340:	fe2a207f 	.word	0xfe2a207f
2000c344:	478a6b82 	.word	0x478a6b82
2000c348:	65806b4e 	.word	0x65806b4e
2000c34c:	47bc7f08 	.word	0x47bc7f08
2000c350:	7b642569 	.word	0x7b642569
2000c354:	ee570a3c 	.word	0xee570a3c
2000c358:	01636573 	.word	0x01636573
2000c35c:	4a61d353 	.word	0x4a61d353
2000c360:	94a08896 	.word	0x94a08896
2000c364:	4162c215 	.word	0x4162c215
2000c368:	793ea16e 	.word	0x793ea16e
2000c36c:	09d42010 	.word	0x09d42010
2000c370:	667788ff 	.word	0x667788ff
2000c374:	22334455 	.word	0x22334455
2000c378:	57451188 	.word	0x57451188
2000c37c:	5d4f4c78 	.word	0x5d4f4c78
2000c380:	7a05229a 	.word	0x7a05229a
2000c384:	382cd122 	.word	0x382cd122
2000c388:	ad5058db 	.word	0xad5058db
2000c38c:	4c0a53e4 	.word	0x4c0a53e4
2000c390:	185941c1 	.word	0x185941c1
2000c394:	7eec4e45 	.word	0x7eec4e45
2000c398:	0a455041 	.word	0x0a455041
2000c39c:	bf030000 	.word	0xbf030000
2000c3a0:	6572e505 	.word	0x6572e505
2000c3a4:	316e6fe0 	.word	0x316e6fe0
2000c3a8:	0d6f86bb 	.word	0x0d6f86bb
2000c3ac:	2073021f 	.word	0x2073021f
2000c3b0:	7c3b6569 	.word	0x7c3b6569
2000c3b4:	1c6a4642 	.word	0x1c6a4642
2000c3b8:	94402e81 	.word	0x94402e81
2000c3bc:	25d56e2e 	.word	0x25d56e2e
2000c3c0:	5c489778 	.word	0x5c489778
2000c3c4:	c089487f 	.word	0xc089487f
2000c3c8:	c7c106ab 	.word	0xc7c106ab
2000c3cc:	c6a707c4 	.word	0xc6a707c4
2000c3d0:	3a47a029 	.word	0x3a47a029
2000c3d4:	0e97cd2b 	.word	0x0e97cd2b
2000c3d8:	f98a6f4c 	.word	0xf98a6f4c
2000c3dc:	2a2029c1 	.word	0x2a2029c1
2000c3e0:	154dc039 	.word	0x154dc039
2000c3e4:	24636c38 	.word	0x24636c38
2000c3e8:	10ff8e82 	.word	0x10ff8e82
2000c3ec:	4429996c 	.word	0x4429996c
2000c3f0:	f5088127 	.word	0xf5088127
2000c3f4:	76deaf35 	.word	0x76deaf35
2000c3f8:	37500873 	.word	0x37500873
2000c3fc:	05e78989 	.word	0x05e78989
2000c400:	396571cf 	.word	0x396571cf
2000c404:	a679b03d 	.word	0xa679b03d
2000c408:	0a2152ed 	.word	0x0a2152ed
2000c40c:	70888fab 	.word	0x70888fab
2000c410:	73b19ab9 	.word	0x73b19ab9
2000c414:	3ab0ef08 	.word	0x3ab0ef08
2000c418:	030dc4f7 	.word	0x030dc4f7
2000c41c:	e7943ac4 	.word	0xe7943ac4
2000c420:	aeb02d86 	.word	0xaeb02d86
2000c424:	dd5a47ec 	.word	0xdd5a47ec
2000c428:	ff9c84b7 	.word	0xff9c84b7
2000c42c:	5ff7bc00 	.word	0x5ff7bc00
2000c430:	38536a3c 	.word	0x38536a3c
2000c434:	1f7b28b7 	.word	0x1f7b28b7
2000c438:	43171f44 	.word	0x43171f44
2000c43c:	19ad6221 	.word	0x19ad6221
2000c440:	3f5821f6 	.word	0x3f5821f6
2000c444:	2355712c 	.word	0x2355712c
2000c448:	ea245398 	.word	0xea245398
2000c44c:	9f411551 	.word	0x9f411551
2000c450:	1a243061 	.word	0x1a243061
2000c454:	f2cd30c4 	.word	0xf2cd30c4
2000c458:	23e91b6d 	.word	0x23e91b6d
2000c45c:	662610a1 	.word	0x662610a1
2000c460:	efc51031 	.word	0xefc51031
2000c464:	7339e889 	.word	0x7339e889
2000c468:	2ba3e002 	.word	0x2ba3e002
2000c46c:	fc5d0d17 	.word	0xfc5d0d17
2000c470:	1e705520 	.word	0x1e705520
2000c474:	16134ca9 	.word	0x16134ca9
2000c478:	6e90ba05 	.word	0x6e90ba05
2000c47c:	a63319e0 	.word	0xa63319e0
2000c480:	8732bfba 	.word	0x8732bfba
2000c484:	06ee22e7 	.word	0x06ee22e7
2000c488:	37057464 	.word	0x37057464
2000c48c:	147541b6 	.word	0x147541b6
2000c490:	2beb6fbb 	.word	0x2beb6fbb
2000c494:	6f4de120 	.word	0x6f4de120
2000c498:	691a4764 	.word	0x691a4764
2000c49c:	3f390127 	.word	0x3f390127
2000c4a0:	260df480 	.word	0x260df480
2000c4a4:	d81d166e 	.word	0xd81d166e
2000c4a8:	de134c00 	.word	0xde134c00
2000c4ac:	57bb162f 	.word	0x57bb162f
2000c4b0:	afd7c417 	.word	0xafd7c417
2000c4b4:	3e9c4c84 	.word	0x3e9c4c84
2000c4b8:	20c3eb01 	.word	0x20c3eb01
2000c4bc:	9e506087 	.word	0x9e506087
2000c4c0:	3118f689 	.word	0x3118f689
2000c4c4:	32660f20 	.word	0x32660f20
2000c4c8:	77075761 	.word	0x77075761
2000c4cc:	cfd71212 	.word	0xcfd71212
2000c4d0:	bd495bf4 	.word	0xbd495bf4
2000c4d4:	45435336 	.word	0x45435336
2000c4d8:	74462745 	.word	0x74462745
2000c4dc:	53579dd2 	.word	0x53579dd2
2000c4e0:	516275e3 	.word	0x516275e3
2000c4e4:	0147b97e 	.word	0x0147b97e
2000c4e8:	2c52462c 	.word	0x2c52462c
2000c4ec:	306e49b2 	.word	0x306e49b2
2000c4f0:	82893848 	.word	0x82893848
2000c4f4:	3c7418e0 	.word	0x3c7418e0
2000c4f8:	44230ec5 	.word	0x44230ec5
2000c4fc:	8e18b606 	.word	0x8e18b606
2000c500:	5035d32d 	.word	0x5035d32d
2000c504:	0a4456e0 	.word	0x0a4456e0
2000c508:	b65ae3e9 	.word	0xb65ae3e9
2000c50c:	3a97ec86 	.word	0x3a97ec86
2000c510:	c00b372a 	.word	0xc00b372a
2000c514:	051c6966 	.word	0x051c6966
2000c518:	327325eb 	.word	0x327325eb
2000c51c:	aa0e072f 	.word	0xaa0e072f
2000c520:	59f10553 	.word	0x59f10553
2000c524:	564d7a6e 	.word	0x564d7a6e
2000c528:	2a332260 	.word	0x2a332260
2000c52c:	42bb080c 	.word	0x42bb080c
2000c530:	23301728 	.word	0x23301728
2000c534:	53c356db 	.word	0x53c356db
2000c538:	24b01956 	.word	0x24b01956
2000c53c:	75917966 	.word	0x75917966
2000c540:	7461203d 	.word	0x7461203d
2000c544:	142c59a6 	.word	0x142c59a6
2000c548:	af301370 	.word	0xaf301370
2000c54c:	522f815a 	.word	0x522f815a
2000c550:	65632ab0 	.word	0x65632ab0
2000c554:	20b4e135 	.word	0x20b4e135
2000c558:	74232f3a 	.word	0x74232f3a
2000c55c:	07886f85 	.word	0x07886f85
2000c560:	47d8a796 	.word	0x47d8a796
2000c564:	245f4e05 	.word	0x245f4e05
2000c568:	c45baa0a 	.word	0xc45baa0a
2000c56c:	88cb4d78 	.word	0x88cb4d78
2000c570:	7075a89f 	.word	0x7075a89f
2000c574:	0a0a74e1 	.word	0x0a0a74e1
2000c578:	4a2cbf0e 	.word	0x4a2cbf0e
2000c57c:	3b422cd7 	.word	0x3b422cd7
2000c580:	0c522b71 	.word	0x0c522b71
2000c584:	fab01041 	.word	0xfab01041
2000c588:	1e96ce41 	.word	0x1e96ce41
2000c58c:	92777e3b 	.word	0x92777e3b
2000c590:	cb9c0040 	.word	0xcb9c0040
2000c594:	e7200612 	.word	0xe7200612
2000c598:	de5b4890 	.word	0xde5b4890
2000c59c:	4d1003d1 	.word	0x4d1003d1
2000c5a0:	8f600006 	.word	0x8f600006
2000c5a4:	52870dc0 	.word	0x52870dc0
2000c5a8:	08856900 	.word	0x08856900
2000c5ac:	45b107ad 	.word	0x45b107ad
2000c5b0:	89c76d28 	.word	0x89c76d28
2000c5b4:	ea4f20c0 	.word	0xea4f20c0
2000c5b8:	21671174 	.word	0x21671174
2000c5bc:	5a6aab37 	.word	0x5a6aab37
2000c5c0:	9bb63484 	.word	0x9bb63484
2000c5c4:	b3136e6f 	.word	0xb3136e6f
2000c5c8:	ce503a21 	.word	0xce503a21
2000c5cc:	d05f60eb 	.word	0xd05f60eb
2000c5d0:	af15c830 	.word	0xaf15c830
2000c5d4:	93c10a18 	.word	0x93c10a18
2000c5d8:	c40be538 	.word	0xc40be538
2000c5dc:	7718a110 	.word	0x7718a110
2000c5e0:	2ec45402 	.word	0x2ec45402
2000c5e4:	0aff9c20 	.word	0x0aff9c20
2000c5e8:	276087d4 	.word	0x276087d4
2000c5ec:	2b3144d5 	.word	0x2b3144d5
2000c5f0:	d32c861f 	.word	0xd32c861f
2000c5f4:	829a3f38 	.word	0x829a3f38
2000c5f8:	25675fff 	.word	0x25675fff
2000c5fc:	2ba86480 	.word	0x2ba86480
2000c600:	50846b16 	.word	0x50846b16
2000c604:	41437db7 	.word	0x41437db7
2000c608:	4cdc344e 	.word	0x4cdc344e
2000c60c:	857f4400 	.word	0x857f4400
2000c610:	6f989d28 	.word	0x6f989d28
2000c614:	47dfac83 	.word	0x47dfac83
2000c618:	b1781190 	.word	0xb1781190
2000c61c:	85119b46 	.word	0x85119b46
2000c620:	e274a909 	.word	0xe274a909
2000c624:	bf307252 	.word	0xbf307252
2000c628:	6962ba8c 	.word	0x6962ba8c
2000c62c:	6105ff06 	.word	0x6105ff06
2000c630:	3f806472 	.word	0x3f806472
2000c634:	ab365728 	.word	0xab365728
2000c638:	24d31891 	.word	0x24d31891
2000c63c:	03623f10 	.word	0x03623f10
2000c640:	c9d2857d 	.word	0xc9d2857d
2000c644:	5b937117 	.word	0x5b937117
2000c648:	670fe260 	.word	0x670fe260
2000c64c:	61ff22d3 	.word	0x61ff22d3
2000c650:	0ab1100a 	.word	0x0ab1100a
2000c654:	22420b28 	.word	0x22420b28
2000c658:	000075d1 	.word	0x000075d1
2000c65c:	59211fd0 	.word	0x59211fd0
2000c660:	0d1b0661 	.word	0x0d1b0661
2000c664:	8423d754 	.word	0x8423d754
2000c668:	d9551592 	.word	0xd9551592
2000c66c:	74013721 	.word	0x74013721
2000c670:	8859a7bd 	.word	0x8859a7bd
2000c674:	b3b0e398 	.word	0xb3b0e398
2000c678:	1577c07e 	.word	0x1577c07e
2000c67c:	fb27229d 	.word	0xfb27229d
2000c680:	885f54a5 	.word	0x885f54a5
2000c684:	6d1879aa 	.word	0x6d1879aa
2000c688:	3a11a453 	.word	0x3a11a453
2000c68c:	49c61f82 	.word	0x49c61f82
2000c690:	30d73201 	.word	0x30d73201
2000c694:	9b6486f0 	.word	0x9b6486f0
2000c698:	1144fa9a 	.word	0x1144fa9a
2000c69c:	7025e822 	.word	0x7025e822
2000c6a0:	45536f7f 	.word	0x45536f7f
2000c6a4:	4f5443fd 	.word	0x4f5443fd
2000c6a8:	223d2052 	.word	0x223d2052
2000c6ac:	dd05035f 	.word	0xdd05035f
2000c6b0:	21ae1e0a 	.word	0x21ae1e0a
2000c6b4:	df0a423d 	.word	0xdf0a423d
2000c6b8:	21ad6830 	.word	0x21ad6830
2000c6bc:	4f77e3d5 	.word	0x4f77e3d5
2000c6c0:	2e3c055f 	.word	0x2e3c055f
2000c6c4:	386c165c 	.word	0x386c165c
2000c6c8:	8edc18cd 	.word	0x8edc18cd
2000c6cc:	841e01f5 	.word	0x841e01f5
2000c6d0:	7b0c6820 	.word	0x7b0c6820
2000c6d4:	f66f8c0a 	.word	0xf66f8c0a
2000c6d8:	316572a4 	.word	0x316572a4
2000c6dc:	2e07f517 	.word	0x2e07f517
2000c6e0:	4977d808 	.word	0x4977d808
2000c6e4:	5fdd3b74 	.word	0x5fdd3b74
2000c6e8:	31af0e60 	.word	0x31af0e60
2000c6ec:	430af33d 	.word	0x430af33d
2000c6f0:	b14413a9 	.word	0xb14413a9
2000c6f4:	3ceee020 	.word	0x3ceee020
2000c6f8:	203e6457 	.word	0x203e6457
2000c6fc:	47881100 	.word	0x47881100
2000c700:	2118466a 	.word	0x2118466a
2000c704:	21a54946 	.word	0x21a54946
2000c708:	2d5366fb 	.word	0x2d5366fb
2000c70c:	9248289c 	.word	0x9248289c
2000c710:	2c0b2f43 	.word	0x2c0b2f43
2000c714:	8257390a 	.word	0x8257390a
2000c718:	e0cff01c 	.word	0xe0cff01c
2000c71c:	35a130a5 	.word	0x35a130a5
2000c720:	4c000a78 	.word	0x4c000a78
2000c724:	c00b611f 	.word	0xc00b611f
2000c728:	08c21c04 	.word	0x08c21c04
2000c72c:	70d3526a 	.word	0x70d3526a
2000c730:	45b70b75 	.word	0x45b70b75
2000c734:	3a0b0a6e 	.word	0x3a0b0a6e
2000c738:	21ce202a 	.word	0x21ce202a
2000c73c:	c44e0a0a 	.word	0xc44e0a0a
2000c740:	2fe82e63 	.word	0x2fe82e63
2000c744:	84cdd091 	.word	0x84cdd091
2000c748:	2e42de98 	.word	0x2e42de98
2000c74c:	c0486f87 	.word	0xc0486f87
2000c750:	ed572061 	.word	0xed572061
2000c754:	77410a89 	.word	0x77410a89
2000c758:	13b78d28 	.word	0x13b78d28
2000c75c:	1b7473d7 	.word	0x1b7473d7
2000c760:	46c92675 	.word	0x46c92675
2000c764:	a209494f 	.word	0xa209494f
2000c768:	8f352ec8 	.word	0x8f352ec8
2000c76c:	8c732538 	.word	0x8c732538
2000c770:	4efc0697 	.word	0x4efc0697
2000c774:	1a726150 	.word	0x1a726150
2000c778:	1313446f 	.word	0x1313446f
2000c77c:	433fdd68 	.word	0x433fdd68
2000c780:	29a17275 	.word	0x29a17275
2000c784:	47f3b101 	.word	0x47f3b101
2000c788:	74c2613b 	.word	0x74c2613b
2000c78c:	04e51768 	.word	0x04e51768
2000c790:	b728805f 	.word	0xb728805f
2000c794:	a43f4aa4 	.word	0xa43f4aa4
2000c798:	d63ada10 	.word	0xd63ada10
2000c79c:	ec69dd74 	.word	0xec69dd74
2000c7a0:	21de4528 	.word	0x21de4528
2000c7a4:	44ae0d7e 	.word	0x44ae0d7e
2000c7a8:	41a20e00 	.word	0x41a20e00
2000c7ac:	d06c9018 	.word	0xd06c9018
2000c7b0:	e7c16150 	.word	0xe7c16150
2000c7b4:	c11200ca 	.word	0xc11200ca
2000c7b8:	bcedb55f 	.word	0xbcedb55f
2000c7bc:	11f31867 	.word	0x11f31867
2000c7c0:	97b3370c 	.word	0x97b3370c
2000c7c4:	1c565480 	.word	0x1c565480
2000c7c8:	a9b52bd0 	.word	0xa9b52bd0
2000c7cc:	d41e0b46 	.word	0xd41e0b46
2000c7d0:	6e5ad44b 	.word	0x6e5ad44b
2000c7d4:	78456e7b 	.word	0x78456e7b
2000c7d8:	3c7040ac 	.word	0x3c7040ac
2000c7dc:	9a0a486d 	.word	0x9a0a486d
2000c7e0:	4972346b 	.word	0x4972346b
2000c7e4:	cd3f8c06 	.word	0xcd3f8c06
2000c7e8:	c247708e 	.word	0xc247708e
2000c7ec:	0f2d5550 	.word	0x0f2d5550
2000c7f0:	e0b51fe0 	.word	0xe0b51fe0
2000c7f4:	8fd27364 	.word	0x8fd27364
2000c7f8:	75f8dd38 	.word	0x75f8dd38
2000c7fc:	280f6b63 	.word	0x280f6b63
2000c800:	4c0e7466 	.word	0x4c0e7466
2000c804:	4007e6b8 	.word	0x4007e6b8
2000c808:	9a04442e 	.word	0x9a04442e
2000c80c:	0018229c 	.word	0x0018229c
2000c810:	2e6df050 	.word	0x2e6df050
2000c814:	ec10e118 	.word	0xec10e118
2000c818:	016441e7 	.word	0x016441e7
2000c81c:	b32d0c50 	.word	0xb32d0c50
2000c820:	c6b585cd 	.word	0xc6b585cd
2000c824:	5319d347 	.word	0x5319d347
2000c828:	c1018cfc 	.word	0xc1018cfc
2000c82c:	28aca066 	.word	0x28aca066
2000c830:	0a29cd1b 	.word	0x0a29cd1b
2000c834:	83534f74 	.word	0x83534f74
2000c838:	b01b0353 	.word	0xb01b0353
2000c83c:	18da0a32 	.word	0x18da0a32
2000c840:	b13f5753 	.word	0xb13f5753
2000c844:	3e824d29 	.word	0x3e824d29
2000c848:	8f4542c0 	.word	0x8f4542c0
2000c84c:	73817520 	.word	0x73817520
2000c850:	6e6fa34e 	.word	0x6e6fa34e
2000c854:	9a639dc0 	.word	0x9a639dc0
2000c858:	81904fc6 	.word	0x81904fc6
2000c85c:	1afd94ab 	.word	0x1afd94ab
2000c860:	c196732f 	.word	0xc196732f
2000c864:	59531d57 	.word	0x59531d57
2000c868:	a280f5c1 	.word	0xa280f5c1
2000c86c:	f048c7a1 	.word	0xf048c7a1
2000c870:	937379ca 	.word	0x937379ca
2000c874:	ee49b126 	.word	0xee49b126
2000c878:	109d5042 	.word	0x109d5042
2000c87c:	8c21ae7d 	.word	0x8c21ae7d
2000c880:	10c00427 	.word	0x10c00427
2000c884:	1613944a 	.word	0x1613944a
2000c888:	2e767292 	.word	0x2e767292
2000c88c:	23344970 	.word	0x23344970
2000c890:	15b569a9 	.word	0x15b569a9
2000c894:	55a57086 	.word	0x55a57086
2000c898:	e481a2e2 	.word	0xe481a2e2
2000c89c:	9e602908 	.word	0x9e602908
2000c8a0:	6e7512f5 	.word	0x6e7512f5
2000c8a4:	4fda1328 	.word	0x4fda1328
2000c8a8:	2c764f75 	.word	0x2c764f75
2000c8ac:	86320e4c 	.word	0x86320e4c
2000c8b0:	5a109a68 	.word	0x5a109a68
2000c8b4:	66ccdf58 	.word	0x66ccdf58
2000c8b8:	452a7303 	.word	0x452a7303
2000c8bc:	641efc58 	.word	0x641efc58
2000c8c0:	44ed6e65 	.word	0x44ed6e65
2000c8c4:	55304ee8 	.word	0x55304ee8
2000c8c8:	2c8470b4 	.word	0x2c8470b4
2000c8cc:	de74caaa 	.word	0xde74caaa
2000c8d0:	41307611 	.word	0x41307611
2000c8d4:	2f133194 	.word	0x2f133194
2000c8d8:	3b4f6136 	.word	0x3b4f6136
2000c8dc:	320c1131 	.word	0x320c1131
2000c8e0:	4f6b3383 	.word	0x4f6b3383
2000c8e4:	74647490 	.word	0x74647490
2000c8e8:	74067419 	.word	0x74067419
2000c8ec:	2b34ec40 	.word	0x2b34ec40
2000c8f0:	19113536 	.word	0x19113536
2000c8f4:	d7370636 	.word	0xd7370636
2000c8f8:	9f61734f 	.word	0x9f61734f
2000c8fc:	73647390 	.word	0x73647390
2000c900:	90017319 	.word	0x90017319
2000c904:	19736473 	.word	0x19736473
2000c908:	40730673 	.word	0x40730673
2000c90c:	cb387476 	.word	0xcb387476
2000c910:	7911391b 	.word	0x7911391b
2000c914:	1004306b 	.word	0x1004306b
2000c918:	70673bdf 	.word	0x70673bdf
2000c91c:	0c110b7b 	.word	0x0c110b7b
2000c920:	b5728366 	.word	0xb5728366
2000c924:	20aa4f61 	.word	0x20aa4f61
2000c928:	c8332b6c 	.word	0xc8332b6c
2000c92c:	63707b11 	.word	0x63707b11
2000c930:	af720d73 	.word	0xaf720d73
2000c934:	de41424f 	.word	0xde41424f
2000c938:	201a5644 	.word	0x201a5644
2000c93c:	6f441cf8 	.word	0x6f441cf8
2000c940:	4b5d8c99 	.word	0x4b5d8c99
2000c944:	682fc0f5 	.word	0x682fc0f5
2000c948:	13072cde 	.word	0x13072cde
2000c94c:	2d3f7713 	.word	0x2d3f7713
2000c950:	420a016f 	.word	0x420a016f
2000c954:	111a4d61 	.word	0x111a4d61
2000c958:	0f4fb903 	.word	0x0f4fb903
2000c95c:	1038088a 	.word	0x1038088a
2000c960:	e3f3c21b 	.word	0xe3f3c21b
2000c964:	272273e4 	.word	0x272273e4
2000c968:	2d58a845 	.word	0x2d58a845
2000c96c:	c6dfd575 	.word	0xc6dfd575
2000c970:	6660db60 	.word	0x6660db60
2000c974:	656d74b1 	.word	0x656d74b1
2000c978:	84182f35 	.word	0x84182f35
2000c97c:	b82f2d8f 	.word	0xb82f2d8f
2000c980:	416f5ec8 	.word	0x416f5ec8
2000c984:	0aad66dd 	.word	0x0aad66dd
2000c988:	c04f00b0 	.word	0xc04f00b0
2000c98c:	76527868 	.word	0x76527868
2000c990:	5fb41bc5 	.word	0x5fb41bc5
2000c994:	75e15db1 	.word	0x75e15db1
2000c998:	4d8b3e73 	.word	0x4d8b3e73
2000c99c:	2673200a 	.word	0x2673200a
2000c9a0:	53732972 	.word	0x53732972
2000c9a4:	ed9c1b4d 	.word	0xed9c1b4d
2000c9a8:	e0436f70 	.word	0xe0436f70
2000c9ac:	a36f0000 	.word	0xa36f0000
2000c9b0:	5aec57d1 	.word	0x5aec57d1
2000c9b4:	f64e0e54 	.word	0xf64e0e54
2000c9b8:	d02f2b28 	.word	0xd02f2b28
2000c9bc:	9a0ad716 	.word	0x9a0ad716
2000c9c0:	8d020069 	.word	0x8d020069
2000c9c4:	20238cc7 	.word	0x20238cc7
2000c9c8:	534b427e 	.word	0x534b427e
2000c9cc:	cf344745 	.word	0xcf344745
2000c9d0:	41e04894 	.word	0x41e04894
2000c9d4:	9e43464c 	.word	0x9e43464c
2000c9d8:	7885c707 	.word	0x7885c707
2000c9dc:	08003f2d 	.word	0x08003f2d
2000c9e0:	4f52215b 	.word	0x4f52215b
2000c9e4:	d0102778 	.word	0xd0102778
2000c9e8:	6c2f8dba 	.word	0x6c2f8dba
2000c9ec:	ee3b2034 	.word	0xee3b2034
2000c9f0:	0ddb0f52 	.word	0x0ddb0f52
2000c9f4:	524e1d1a 	.word	0x524e1d1a
2000c9f8:	af539aac 	.word	0xaf539aac
2000c9fc:	00b055de 	.word	0x00b055de
2000ca00:	7531c7d3 	.word	0x7531c7d3
2000ca04:	84944eaf 	.word	0x84944eaf
2000ca08:	1836088f 	.word	0x1836088f
2000ca0c:	232d670f 	.word	0x232d670f
2000ca10:	a59fb4d6 	.word	0xa59fb4d6
2000ca14:	7703aee3 	.word	0x7703aee3
2000ca18:	94862d80 	.word	0x94862d80
2000ca1c:	d99d131d 	.word	0xd99d131d
2000ca20:	744fec33 	.word	0x744fec33
2000ca24:	587a4b68 	.word	0x587a4b68
2000ca28:	434f9646 	.word	0x434f9646
2000ca2c:	954961d0 	.word	0x954961d0
2000ca30:	01431dff 	.word	0x01431dff
2000ca34:	59431968 	.word	0x59431968
2000ca38:	aea30fb1 	.word	0xaea30fb1
2000ca3c:	315aa1ae 	.word	0x315aa1ae
2000ca40:	1a116716 	.word	0x1a116716
2000ca44:	17c4c259 	.word	0x17c4c259
2000ca48:	d7110070 	.word	0xd7110070
2000ca4c:	419d7086 	.word	0x419d7086
2000ca50:	1d42fb98 	.word	0x1d42fb98
2000ca54:	1d43756a 	.word	0x1d43756a
2000ca58:	284faff9 	.word	0x284faff9
2000ca5c:	0029da73 	.word	0x0029da73
2000ca60:	b5395ec7 	.word	0xb5395ec7
2000ca64:	3c3d6da9 	.word	0x3c3d6da9
2000ca68:	0e747400 	.word	0x0e747400
2000ca6c:	5f3a0d6e 	.word	0x5f3a0d6e
2000ca70:	b8785808 	.word	0xb8785808
2000ca74:	0516961f 	.word	0x0516961f
2000ca78:	f3b90500 	.word	0xf3b90500
2000ca7c:	000e3661 	.word	0x000e3661
2000ca80:	fbb50426 	.word	0xfbb50426
2000ca84:	7209e100 	.word	0x7209e100
2000ca88:	2dba0f2f 	.word	0x2dba0f2f
2000ca8c:	2fbf053e 	.word	0x2fbf053e
2000ca90:	aec00b17 	.word	0xaec00b17
2000ca94:	f8c0d635 	.word	0xf8c0d635
2000ca98:	a321b21b 	.word	0xa321b21b
2000ca9c:	63a91c4d 	.word	0x63a91c4d
2000caa0:	1f73bb4c 	.word	0x1f73bb4c
2000caa4:	78816548 	.word	0x78816548
2000caa8:	c03fcf3c 	.word	0xc03fcf3c
2000caac:	32b45228 	.word	0x32b45228
2000cab0:	8f7353fc 	.word	0x8f7353fc
2000cab4:	87101026 	.word	0x87101026
2000cab8:	81ae1580 	.word	0x81ae1580
2000cabc:	25d0fe39 	.word	0x25d0fe39
2000cac0:	743a8e43 	.word	0x743a8e43
2000cac4:	0e9e22c0 	.word	0x0e9e22c0
2000cac8:	9bb406db 	.word	0x9bb406db
2000cacc:	50621f4f 	.word	0x50621f4f
2000cad0:	7982616c 	.word	0x7982616c
2000cad4:	73b13107 	.word	0x73b13107
2000cad8:	ccad3ea2 	.word	0xccad3ea2
2000cadc:	12bb1f4c 	.word	0x12bb1f4c
2000cae0:	00293a1c 	.word	0x00293a1c
2000cae4:	706fb6fa 	.word	0x706fb6fa
2000cae8:	288ea94f 	.word	0x288ea94f
2000caec:	3356c4ad 	.word	0x3356c4ad
2000caf0:	db892f8d 	.word	0xdb892f8d
2000caf4:	3f05f707 	.word	0x3f05f707
2000caf8:	1f31207b 	.word	0x1f31207b
2000cafc:	d7173217 	.word	0xd7173217
2000cb00:	5e1c7a00 	.word	0x5e1c7a00
2000cb04:	b80d153e 	.word	0xb80d153e
2000cb08:	a3444300 	.word	0xa3444300
2000cb0c:	323b03ff 	.word	0x323b03ff
2000cb10:	acdc1a17 	.word	0xacdc1a17
2000cb14:	666fc6af 	.word	0x666fc6af
2000cb18:	79093106 	.word	0x79093106
2000cb1c:	c012070b 	.word	0xc012070b
2000cb20:	1d947461 	.word	0x1d947461
2000cb24:	9e00004e 	.word	0x9e00004e
2000cb28:	bc86613a 	.word	0xbc86613a
2000cb2c:	aa266e4f 	.word	0xaa266e4f
2000cb30:	8d187383 	.word	0x8d187383
2000cb34:	575ac147 	.word	0x575ac147
2000cb38:	7269473e 	.word	0x7269473e
2000cb3c:	c2f86c83 	.word	0xc2f86c83
2000cb40:	908d694e 	.word	0x908d694e
2000cb44:	de2e6661 	.word	0xde2e6661
2000cb48:	a7c69102 	.word	0xa7c69102
2000cb4c:	2a139582 	.word	0x2a139582
2000cb50:	ec694f1c 	.word	0xec694f1c
2000cb54:	19333cb7 	.word	0x19333cb7
2000cb58:	6498a0ff 	.word	0x6498a0ff
2000cb5c:	0088be6e 	.word	0x0088be6e
2000cb60:	ed6fdc9e 	.word	0xed6fdc9e
2000cb64:	32423895 	.word	0x32423895
2000cb68:	662d000f 	.word	0x662d000f
2000cb6c:	36026f64 	.word	0x36026f64
2000cb70:	37df675e 	.word	0x37df675e
2000cb74:	0078d639 	.word	0x0078d639
2000cb78:	48694ada 	.word	0x48694ada
2000cb7c:	2244e064 	.word	0x2244e064
2000cb80:	0a9c0bec 	.word	0x0a9c0bec
2000cb84:	704e5546 	.word	0x704e5546
2000cb88:	25654cac 	.word	0x25654cac
2000cb8c:	ae91ca08 	.word	0xae91ca08
2000cb90:	deabc241 	.word	0xdeabc241
2000cb94:	56851d6f 	.word	0x56851d6f
2000cb98:	316272ee 	.word	0x316272ee
2000cb9c:	0ac04aaa 	.word	0x0ac04aaa
2000cba0:	9e72e8ad 	.word	0x9e72e8ad
2000cba4:	3e334369 	.word	0x3e334369
2000cba8:	9e18a460 	.word	0x9e18a460
2000cbac:	146c3274 	.word	0x146c3274
2000cbb0:	1e3041d2 	.word	0x1e3041d2
2000cbb4:	634d74bd 	.word	0x634d74bd
2000cbb8:	ce661ead 	.word	0xce661ead
2000cbbc:	0049b058 	.word	0x0049b058
2000cbc0:	cad0769e 	.word	0xcad0769e
2000cbc4:	54c16875 	.word	0x54c16875
2000cbc8:	e2c00e84 	.word	0xe2c00e84
2000cbcc:	5c036e22 	.word	0x5c036e22
2000cbd0:	56182100 	.word	0x56182100
2000cbd4:	405ca824 	.word	0x405ca824
2000cbd8:	1c676162 	.word	0x1c676162
2000cbdc:	ab085087 	.word	0xab085087
2000cbe0:	81576d16 	.word	0x81576d16
2000cbe4:	786fee80 	.word	0x786fee80
2000cbe8:	ae13c8a2 	.word	0xae13c8a2
2000cbec:	703a20f8 	.word	0x703a20f8
2000cbf0:	b93fe990 	.word	0xb93fe990
2000cbf4:	1ef47750 	.word	0x1ef47750
2000cbf8:	dc052d4b 	.word	0xdc052d4b
2000cbfc:	c11f73d8 	.word	0xc11f73d8
2000cc00:	18a60ad8 	.word	0x18a60ad8
2000cc04:	3a0c7438 	.word	0x3a0c7438
2000cc08:	77d88831 	.word	0x77d88831
2000cc0c:	ecd8030c 	.word	0xecd8030c
2000cc10:	18637963 	.word	0x18637963
2000cc14:	08d999a5 	.word	0x08d999a5
2000cc18:	a6678218 	.word	0xa6678218
2000cc1c:	682ca436 	.word	0x682ca436
2000cc20:	ef5f6221 	.word	0xef5f6221
2000cc24:	00357702 	.word	0x00357702
2000cc28:	412f0a77 	.word	0x412f0a77
2000cc2c:	72601c00 	.word	0x72601c00
2000cc30:	4c21dc6f 	.word	0x4c21dc6f
2000cc34:	51477330 	.word	0x51477330
2000cc38:	64628437 	.word	0x64628437
2000cc3c:	20de0679 	.word	0x20de0679
2000cc40:	170e44a0 	.word	0x170e44a0
2000cc44:	6e1cdec3 	.word	0x6e1cdec3
2000cc48:	28227b4c 	.word	0x28227b4c
2000cc4c:	9c099c05 	.word	0x9c099c05
2000cc50:	38ef7d74 	.word	0x38ef7d74
2000cc54:	4d486be2 	.word	0x4d486be2
2000cc58:	0000027a 	.word	0x0000027a
2000cc5c:	fe1a47e0 	.word	0xfe1a47e0
2000cc60:	5a488a26 	.word	0x5a488a26
2000cc64:	4f6c74af 	.word	0x4f6c74af
2000cc68:	e76e1f6e 	.word	0xe76e1f6e
2000cc6c:	0e3fe321 	.word	0x0e3fe321
2000cc70:	706f6769 	.word	0x706f6769
2000cc74:	dc83019f 	.word	0xdc83019f
2000cc78:	87b88216 	.word	0x87b88216
2000cc7c:	7685c169 	.word	0x7685c169
2000cc80:	1f606d26 	.word	0x1f606d26
2000cc84:	9e567486 	.word	0x9e567486
2000cc88:	3942e03a 	.word	0x3942e03a
2000cc8c:	7e570213 	.word	0x7e570213
2000cc90:	b8536672 	.word	0xb8536672
2000cc94:	97b3086d 	.word	0x97b3086d
2000cc98:	5c6e4362 	.word	0x5c6e4362
2000cc9c:	c0df7051 	.word	0xc0df7051
2000cca0:	3052342f 	.word	0x3052342f
2000cca4:	26713830 	.word	0x26713830
2000cca8:	2a629419 	.word	0x2a629419
2000ccac:	41c54717 	.word	0x41c54717
2000ccb0:	7255446c 	.word	0x7255446c
2000ccb4:	486bed22 	.word	0x486bed22
2000ccb8:	30b2721c 	.word	0x30b2721c
2000ccbc:	5f385202 	.word	0x5f385202
2000ccc0:	d84d020a 	.word	0xd84d020a
2000ccc4:	696e4d46 	.word	0x696e4d46
2000ccc8:	3ef1dd78 	.word	0x3ef1dd78
2000cccc:	1f533c71 	.word	0x1f533c71
2000ccd0:	54af20cb 	.word	0x54af20cb
2000ccd4:	7265ef18 	.word	0x7265ef18
2000ccd8:	0e042f73 	.word	0x0e042f73
2000ccdc:	bea350ea 	.word	0xbea350ea
2000cce0:	858c124d 	.word	0x858c124d
2000cce4:	c81d4de0 	.word	0xc81d4de0
2000cce8:	9c120666 	.word	0x9c120666
2000ccec:	61bc1efe 	.word	0x61bc1efe
2000ccf0:	79663869 	.word	0x79663869
2000ccf4:	f7768017 	.word	0xf7768017
2000ccf8:	ee1ce68e 	.word	0xee1ce68e
2000ccfc:	e338748e 	.word	0xe338748e
2000cd00:	5e2eda00 	.word	0x5e2eda00
2000cd04:	41c72d64 	.word	0x41c72d64
2000cd08:	54016416 	.word	0x54016416
2000cd0c:	da1d5740 	.word	0xda1d5740
2000cd10:	18104250 	.word	0x18104250
2000cd14:	4dd8d79f 	.word	0x4dd8d79f
2000cd18:	d436fa43 	.word	0xd436fa43
2000cd1c:	3f8d3231 	.word	0x3f8d3231
2000cd20:	d381422b 	.word	0xd381422b
2000cd24:	dec11e0e 	.word	0xdec11e0e
2000cd28:	726f7c17 	.word	0x726f7c17
2000cd2c:	c83f1d73 	.word	0xc83f1d73
2000cd30:	4f1f2e48 	.word	0x4f1f2e48
2000cd34:	79db658c 	.word	0x79db658c
2000cd38:	752e4a2e 	.word	0x752e4a2e
2000cd3c:	4c8f1a49 	.word	0x4c8f1a49
2000cd40:	ba76860c 	.word	0xba76860c
2000cd44:	e98c3679 	.word	0xe98c3679
2000cd48:	c1600c08 	.word	0xc1600c08
2000cd4c:	7ad29b88 	.word	0x7ad29b88
2000cd50:	f75f6867 	.word	0xf75f6867
2000cd54:	f64b4fde 	.word	0xf64b4fde
2000cd58:	e0ef804d 	.word	0xe0ef804d
2000cd5c:	4639324d 	.word	0x4639324d
2000cd60:	e73130c1 	.word	0xe73130c1
2000cd64:	085e47ee 	.word	0x085e47ee
2000cd68:	4bd0632e 	.word	0x4bd0632e
2000cd6c:	543ea1cd 	.word	0x543ea1cd
2000cd70:	78cd4d89 	.word	0x78cd4d89
2000cd74:	413c433e 	.word	0x413c433e
2000cd78:	2007464d 	.word	0x2007464d
2000cd7c:	00b159a9 	.word	0x00b159a9
2000cd80:	564cec47 	.word	0x564cec47
2000cd84:	de67b449 	.word	0xde67b449
2000cd88:	1fc3a732 	.word	0x1fc3a732
2000cd8c:	2156b242 	.word	0x2156b242
2000cd90:	c0343fd3 	.word	0xc0343fd3
2000cd94:	2fe94130 	.word	0x2fe94130
2000cd98:	205846f6 	.word	0x205846f6
2000cd9c:	78065f32 	.word	0x78065f32
2000cda0:	09884167 	.word	0x09884167
2000cda4:	451af0d8 	.word	0x451af0d8
2000cda8:	87456445 	.word	0x87456445
2000cdac:	bfa3802f 	.word	0xbfa3802f
2000cdb0:	00003fec 	.word	0x00003fec
2000cdb4:	2d78323f 	.word	0x2d78323f
2000cdb8:	37413657 	.word	0x37413657
2000cdbc:	f01fad2d 	.word	0xf01fad2d
2000cdc0:	3f30323e 	.word	0x3f30323e
2000cdc4:	935156e7 	.word	0x935156e7
2000cdc8:	9a24507c 	.word	0x9a24507c
2000cdcc:	0ed1315a 	.word	0x0ed1315a
2000cdd0:	69525b32 	.word	0x69525b32
2000cdd4:	6fb01a70 	.word	0x6fb01a70
2000cdd8:	6730323b 	.word	0x6730323b
2000cddc:	7887d302 	.word	0x7887d302
2000cde0:	38f81f62 	.word	0x38f81f62
2000cde4:	5a3a4653 	.word	0x5a3a4653
2000cde8:	2bea4b00 	.word	0x2bea4b00
2000cdec:	66df3252 	.word	0x66df3252
2000cdf0:	424ef849 	.word	0x424ef849
2000cdf4:	2c444e4f 	.word	0x2c444e4f
2000cdf8:	500e771f 	.word	0x500e771f
2000cdfc:	64837773 	.word	0x64837773
2000ce00:	607ea975 	.word	0x607ea975
2000ce04:	0079654b 	.word	0x0079654b
2000ce08:	5b8647c1 	.word	0x5b8647c1
2000ce0c:	83bd6550 	.word	0x83bd6550
2000ce10:	34349c2f 	.word	0x34349c2f
2000ce14:	da218c47 	.word	0xda218c47
2000ce18:	15495361 	.word	0x15495361
2000ce1c:	e4a07406 	.word	0xe4a07406
2000ce20:	6eaae266 	.word	0x6eaae266
2000ce24:	2fb86781 	.word	0x2fb86781
2000ce28:	d01e10c5 	.word	0xd01e10c5
2000ce2c:	ad4f42a9 	.word	0xad4f42a9
2000ce30:	434045de 	.word	0x434045de
2000ce34:	60443e66 	.word	0x60443e66
2000ce38:	5b4e37ee 	.word	0x5b4e37ee
2000ce3c:	7265a850 	.word	0x7265a850
2000ce40:	3fc16d15 	.word	0x3fc16d15
2000ce44:	39337967 	.word	0x39337967
2000ce48:	4b0a0fc3 	.word	0x4b0a0fc3
2000ce4c:	f62f85ee 	.word	0xf62f85ee
2000ce50:	5f46425f 	.word	0x5f46425f
2000ce54:	9d568334 	.word	0x9d568334
2000ce58:	7248668e 	.word	0x7248668e
2000ce5c:	4567eeb1 	.word	0x4567eeb1
2000ce60:	68c24944 	.word	0x68c24944
2000ce64:	bfb23480 	.word	0xbfb23480
2000ce68:	b4006e76 	.word	0xb4006e76
2000ce6c:	718b2770 	.word	0x718b2770
2000ce70:	005ad600 	.word	0x005ad600
2000ce74:	154c0701 	.word	0x154c0701
2000ce78:	7c801bef 	.word	0x7c801bef
2000ce7c:	dc3cac06 	.word	0xdc3cac06
2000ce80:	a7160cf9 	.word	0xa7160cf9
2000ce84:	772b014c 	.word	0x772b014c
2000ce88:	801c837b 	.word	0x801c837b
2000ce8c:	a0731784 	.word	0xa0731784
2000ce90:	b0cfbcc9 	.word	0xb0cfbcc9
2000ce94:	3ec027f4 	.word	0x3ec027f4
2000ce98:	d846172c 	.word	0xd846172c
2000ce9c:	be00ff7b 	.word	0xbe00ff7b
2000cea0:	16d79977 	.word	0x16d79977
2000cea4:	34da2efc 	.word	0x34da2efc
2000cea8:	796c0618 	.word	0x796c0618
2000ceac:	d9cce7a4 	.word	0xd9cce7a4
2000ceb0:	da571b8c 	.word	0xda571b8c
2000ceb4:	5c3e85d0 	.word	0x5c3e85d0
2000ceb8:	ece817dc 	.word	0xece817dc
2000cebc:	64630e6f 	.word	0x64630e6f
2000cec0:	9d3af8be 	.word	0x9d3af8be
2000cec4:	01d62798 	.word	0x01d62798
2000cec8:	0100c53f 	.word	0x0100c53f
2000cecc:	b701b805 	.word	0xb701b805
2000ced0:	b5e84900 	.word	0xb5e84900
2000ced4:	e7f06eb5 	.word	0xe7f06eb5
2000ced8:	04c1fc06 	.word	0x04c1fc06
2000cedc:	06bc66b6 	.word	0x06bc66b6
2000cee0:	cf20f314 	.word	0xcf20f314
2000cee4:	783c6c2c 	.word	0x783c6c2c
2000cee8:	88cf80f3 	.word	0x88cf80f3
2000ceec:	f3983c90 	.word	0xf3983c90
2000cef0:	4301fba4 	.word	0x4301fba4
2000cef4:	b3000100 	.word	0xb3000100
2000cef8:	00d844a7 	.word	0x00d844a7
2000cefc:	01701901 	.word	0x01701901
2000cf00:	7827d343 	.word	0x7827d343
2000cf04:	04be03bc 	.word	0x04be03bc
2000cf08:	a705361d 	.word	0xa705361d
2000cf0c:	209e1006 	.word	0x209e1006
2000cf10:	e7407930 	.word	0xe7407930
2000cf14:	1760bb50 	.word	0x1760bb50
2000cf18:	77071c16 	.word	0x77071c16
2000cf1c:	0ebbbcdb 	.word	0x0ebbbcdb
2000cf20:	17661ec8 	.word	0x17661ec8
2000cf24:	8f4070cc 	.word	0x8f4070cc
2000cf28:	00959cac 	.word	0x00959cac
2000cf2c:	c1ebba4c 	.word	0xc1ebba4c
2000cf30:	138936dc 	.word	0x138936dc
2000cf34:	cb1fb0dc 	.word	0xcb1fb0dc
2000cf38:	342b00e8 	.word	0x342b00e8
2000cf3c:	d30680ba 	.word	0xd30680ba
2000cf40:	c01f4e9f 	.word	0xc01f4e9f
2000cf44:	ee09bfad 	.word	0xee09bfad
2000cf48:	765406d6 	.word	0x765406d6
2000cf4c:	d9361ff6 	.word	0xd9361ff6
2000cf50:	db060fa0 	.word	0xdb060fa0
2000cf54:	1fbc085f 	.word	0x1fbc085f
2000cf58:	085606af 	.word	0x085606af
2000cf5c:	b9101f7c 	.word	0xb9101f7c
2000cf60:	cb06e504 	.word	0xcb06e504
2000cf64:	04029e1c 	.word	0x04029e1c
2000cf68:	18ab245c 	.word	0x18ab245c
2000cf6c:	18036c76 	.word	0x18036c76
2000cf70:	3f2cde7f 	.word	0x3f2cde7f
2000cf74:	1f633bb6 	.word	0x1f633bb6
2000cf78:	a06734a4 	.word	0xa06734a4
2000cf7c:	3d40a095 	.word	0x3d40a095
2000cf80:	f701b1ff 	.word	0xf701b1ff
2000cf84:	48c51e2f 	.word	0x48c51e2f
2000cf88:	283b3f9f 	.word	0x283b3f9f
2000cf8c:	3c4c17c4 	.word	0x3c4c17c4
2000cf90:	c1929497 	.word	0xc1929497
2000cf94:	50bbdc64 	.word	0x50bbdc64
2000cf98:	ae545d77 	.word	0xae545d77
2000cf9c:	c34b5817 	.word	0xc34b5817
2000cfa0:	4e57bc5c 	.word	0x4e57bc5c
2000cfa4:	16d8a55c 	.word	0x16d8a55c
2000cfa8:	3f26084c 	.word	0x3f26084c
2000cfac:	042ef660 	.word	0x042ef660
2000cfb0:	c870e717 	.word	0xc870e717
2000cfb4:	7ccf07e0 	.word	0x7ccf07e0
2000cfb8:	3d8827bc 	.word	0x3d8827bc
2000cfbc:	7700d8ee 	.word	0x7700d8ee
2000cfc0:	e15f286d 	.word	0xe15f286d
2000cfc4:	ff89bc94 	.word	0xff89bc94
2000cfc8:	77f624d1 	.word	0x77f624d1
2000cfcc:	b32c2e6f 	.word	0xb32c2e6f
2000cfd0:	62bc17f5 	.word	0x62bc17f5
2000cfd4:	2f9ced77 	.word	0x2f9ced77
2000cfd8:	905ed4c8 	.word	0x905ed4c8
2000cfdc:	42f446e7 	.word	0x42f446e7
2000cfe0:	d70f50f6 	.word	0xd70f50f6
2000cfe4:	0ebd0476 	.word	0x0ebd0476
2000cfe8:	47fa68d9 	.word	0x47fa68d9
2000cfec:	efbd20d8 	.word	0xefbd20d8
2000cff0:	241d3098 	.word	0x241d3098
2000cff4:	3635ff34 	.word	0x3635ff34
2000cff8:	41393837 	.word	0x41393837
2000cffc:	44ea4342 	.word	0x44ea4342
2000d000:	5f234645 	.word	0x5f234645
2000d004:	80d717ac 	.word	0x80d717ac
2000d008:	0086f60b 	.word	0x0086f60b
2000d00c:	0bea1f0a 	.word	0x0bea1f0a
2000d010:	b500b76f 	.word	0xb500b76f
2000d014:	1c003f9e 	.word	0x1c003f9e
2000d018:	060d1d08 	.word	0x060d1d08
2000d01c:	07d769bd 	.word	0x07d769bd
2000d020:	6f9c8627 	.word	0x6f9c8627
2000d024:	60bc2fd8 	.word	0x60bc2fd8
2000d028:	f6608cf8 	.word	0xf6608cf8
2000d02c:	6ce047e8 	.word	0x6ce047e8
2000d030:	a8d9078b 	.word	0xa8d9078b
2000d034:	749f2ff2 	.word	0x749f2ff2
2000d038:	1766f4bc 	.word	0x1766f4bc
2000d03c:	2e987a80 	.word	0x2e987a80
2000d040:	16f98c57 	.word	0x16f98c57
2000d044:	9c1b50d0 	.word	0x9c1b50d0
2000d048:	e0e45ebf 	.word	0xe0e45ebf
2000d04c:	5fe446f6 	.word	0x5fe446f6
2000d050:	082eac6f 	.word	0x082eac6f
2000d054:	fabc776e 	.word	0xfabc776e
2000d058:	add0ec16 	.word	0xadd0ec16
2000d05c:	135fad77 	.word	0x135fad77
2000d060:	6747c0cf 	.word	0x6747c0cf
2000d064:	4127e087 	.word	0x4127e087
2000d068:	ec041f92 	.word	0xec041f92
2000d06c:	e12fa85c 	.word	0xe12fa85c
2000d070:	9f89bdf0 	.word	0x9f89bdf0
2000d074:	f82f3cb7 	.word	0xf82f3cb7
2000d078:	17bd1c3d 	.word	0x17bd1c3d
2000d07c:	4789be08 	.word	0x4789be08
2000d080:	2f21dcd9 	.word	0x2f21dcd9
2000d084:	e0dd189e 	.word	0xe0dd189e
2000d088:	044f8700 	.word	0x044f8700
2000d08c:	ef7f0421 	.word	0xef7f0421
2000d090:	2046c968 	.word	0x2046c968
2000d094:	79541766 	.word	0x79541766
2000d098:	c13c39b4 	.word	0xc13c39b4
2000d09c:	7f310207 	.word	0x7f310207
2000d0a0:	c21c2831 	.word	0xc21c2831
2000d0a4:	6e02d805 	.word	0x6e02d805
2000d0a8:	182bce75 	.word	0x182bce75
2000d0ac:	3428c786 	.word	0x3428c786
2000d0b0:	2129477b 	.word	0x2129477b
2000d0b4:	e66f8f58 	.word	0xe66f8f58
2000d0b8:	fa003966 	.word	0xfa003966
2000d0bc:	076c9dff 	.word	0x076c9dff
2000d0c0:	b8040e1d 	.word	0xb8040e1d
2000d0c4:	57224c17 	.word	0x57224c17
2000d0c8:	1fbdf0e2 	.word	0x1fbdf0e2
2000d0cc:	f789be5c 	.word	0xf789be5c
2000d0d0:	010003d8 	.word	0x010003d8
2000d0d4:	07d6ff06 	.word	0x07d6ff06
2000d0d8:	01b027c0 	.word	0x01b027c0
2000d0dc:	4780034d 	.word	0x4780034d
2000d0e0:	5b67ffed 	.word	0x5b67ffed
2000d0e4:	ff3b4487 	.word	0xff3b4487
2000d0e8:	36000100 	.word	0x36000100
2000d0ec:	0523cf03 	.word	0x0523cf03
2000d0f0:	0d820097 	.word	0x0d820097
2000d0f4:	0fff820b 	.word	0x0fff820b
2000d0f8:	50fdc10a 	.word	0x50fdc10a
2000d0fc:	20581fb1 	.word	0x20581fb1
2000d100:	ee7ba00f 	.word	0xee7ba00f
2000d104:	1b072222 	.word	0x1b072222
2000d108:	a718422f 	.word	0xa718422f
2000d10c:	0000da23 	.word	0x0000da23
2000d110:	bfa10d7f 	.word	0xbfa10d7f
2000d114:	167f03b0 	.word	0x167f03b0
2000d118:	10042f08 	.word	0x10042f08
2000d11c:	27080297 	.word	0x27080297
2000d120:	36876201 	.word	0x36876201
2000d124:	141fb603 	.word	0x141fb603
2000d128:	874b4f40 	.word	0x874b4f40
2000d12c:	b127d052 	.word	0xb127d052
2000d130:	8a030d1f 	.word	0x8a030d1f
2000d134:	020fc1bf 	.word	0x020fc1bf
2000d138:	a820afc0 	.word	0xa820afc0
2000d13c:	841f5a0f 	.word	0x841f5a0f
2000d140:	ee070f10 	.word	0xee070f10
2000d144:	d007eeb2 	.word	0xd007eeb2
2000d148:	083f8e17 	.word	0x083f8e17
2000d14c:	9feeee76 	.word	0x9feeee76
2000d150:	c1476a29 	.word	0xc1476a29
2000d154:	ee03050f 	.word	0xee03050f
2000d158:	128deeb0 	.word	0x128deeb0
2000d15c:	ee8e5f9a 	.word	0xee8e5f9a
2000d160:	ee387fc5 	.word	0xee387fc5
2000d164:	b0b7aaee 	.word	0xb0b7aaee
2000d168:	07560f51 	.word	0x07560f51
2000d16c:	ee07b0c6 	.word	0xee07b0c6
2000d170:	f30ebe88 	.word	0xf30ebe88
2000d174:	b4cfac06 	.word	0xb4cfac06
2000d178:	f3dc3ccc 	.word	0xf3dc3ccc
2000d17c:	00f8cfec 	.word	0x00f8cfec
2000d180:	2287bfa0 	.word	0x2287bfa0
2000d184:	f318063c 	.word	0xf318063c
2000d188:	3424cf20 	.word	0x3424cf20
2000d18c:	58f3483c 	.word	0x58f3483c
2000d190:	3c6860cf 	.word	0x3c6860cf
2000d194:	cf8cf378 	.word	0xcf8cf378
2000d198:	b03ca494 	.word	0xb03ca494
2000d19c:	d0cfb8f3 	.word	0xd0cfb8f3
2000d1a0:	d1f03de0 	.word	0xd1f03de0
2000d1a4:	de09c08f 	.word	0xde09c08f
2000d1a8:	9e3806e7 	.word	0x9e3806e7
2000d1ac:	50794840 	.word	0x50794840
2000d1b0:	649e58e7 	.word	0x649e58e7
2000d1b4:	e7807970 	.word	0xe7807970
2000d1b8:	a8a09e8c 	.word	0xa8a09e8c
2000d1bc:	b8e7b079 	.word	0xb8e7b079
2000d1c0:	79c4c09e 	.word	0x79c4c09e
2000d1c4:	9edce7d0 	.word	0x9edce7d0
2000d1c8:	fc79f0e8 	.word	0xfc79f0e8
2000d1cc:	9e7504e2 	.word	0x9e7504e2
2000d1d0:	1006e708 	.word	0x1006e708
2000d1d4:	7920189e 	.word	0x7920189e
2000d1d8:	9e40e738 	.word	0x9e40e738
2000d1dc:	64795850 	.word	0x64795850
2000d1e0:	789e70e7 	.word	0x789e70e7
2000d1e4:	e798798c 	.word	0xe798798c
2000d1e8:	d4c49eb4 	.word	0xd4c49eb4
2000d1ec:	01e0e079 	.word	0x01e0e079
2000d1f0:	0240bb6f 	.word	0x0240bb6f
2000d1f4:	18b3d118 	.word	0x18b3d118
2000d1f8:	26f69e2d 	.word	0x26f69e2d
2000d1fc:	da06c204 	.word	0xda06c204
2000d200:	402fd51f 	.word	0x402fd51f
2000d204:	262fcf49 	.word	0x262fcf49
2000d208:	352f7424 	.word	0x352f7424
2000d20c:	c238e184 	.word	0xc238e184
2000d210:	da1fa79c 	.word	0xda1fa79c
2000d214:	b38bb920 	.word	0xb38bb920
2000d218:	20482f01 	.word	0x20482f01
2000d21c:	584cbac8 	.word	0x584cbac8
2000d220:	7d59a483 	.word	0x7d59a483
2000d224:	0d2fc01b 	.word	0x0d2fc01b
2000d228:	2e682a77 	.word	0x2e682a77
2000d22c:	c4bf78ba 	.word	0xc4bf78ba
2000d230:	97312fd2 	.word	0x97312fd2
2000d234:	bfd85f9b 	.word	0xbfd85f9b
2000d238:	989bef07 	.word	0x989bef07
2000d23c:	c2a4e72e 	.word	0xc2a4e72e
2000d240:	b89b0890 	.word	0xb89b0890
2000d244:	89220d5f 	.word	0x89220d5f
2000d248:	64c4902f 	.word	0x64c4902f
2000d24c:	41d42623 	.word	0x41d42623
2000d250:	58fb2a00 	.word	0x58fb2a00
2000d254:	bae4672f 	.word	0xbae4672f
2000d258:	c412bff0 	.word	0xc412bff0
2000d25c:	c30ce42f 	.word	0xc30ce42f
2000d260:	182624e4 	.word	0x182624e4
2000d264:	25d88f77 	.word	0x25d88f77
2000d268:	0628992f 	.word	0x0628992f
2000d26c:	61af0a04 	.word	0x61af0a04
2000d270:	2e6fcf02 	.word	0x2e6fcf02
2000d274:	da067c44 	.word	0xda067c44
2000d278:	371f11c1 	.word	0x371f11c1
2000d27c:	60ba2650 	.word	0x60ba2650
2000d280:	8fc4452f 	.word	0x8fc4452f
2000d284:	842674de 	.word	0x842674de
2000d288:	62462fe8 	.word	0x62462fe8
2000d28c:	268c6f6f 	.word	0x268c6f6f
2000d290:	d0067d9c 	.word	0xd0067d9c
2000d294:	bd8f8901 	.word	0xbd8f8901
2000d298:	d2b826a8 	.word	0xd2b826a8
2000d29c:	c813042f 	.word	0xc813042f
2000d2a0:	06d8267b 	.word	0x06d8267b
2000d2a4:	a4b6bfe2 	.word	0xa4b6bfe2
2000d2a8:	ecef5a2f 	.word	0xecef5a2f
2000d2ac:	2ff826f7 	.word	0x2ff826f7
2000d2b0:	5dbfd75a 	.word	0x5dbfd75a
2000d2b4:	af40042f 	.word	0xaf40042f
2000d2b8:	2206149e 	.word	0x2206149e
2000d2bc:	264f228e 	.word	0x264f228e
2000d2c0:	2c26f720 	.word	0x2c26f720
2000d2c4:	3333d806 	.word	0x3333d806
2000d2c8:	2f349b8f 	.word	0x2f349b8f
2000d2cc:	bb57a16a 	.word	0xbb57a16a
2000d2d0:	82072640 	.word	0x82072640
2000d2d4:	cc4aa94c 	.word	0xcc4aa94c
2000d2d8:	c0f89276 	.word	0xc0f89276
2000d2dc:	1be11179 	.word	0x1be11179
2000d2e0:	0f408f46 	.word	0x0f408f46
2000d2e4:	1c4953e0 	.word	0x1c4953e0
2000d2e8:	b54a4d57 	.word	0xb54a4d57
2000d2ec:	032b9181 	.word	0x032b9181
2000d2f0:	aedf8275 	.word	0xaedf8275
2000d2f4:	ee781864 	.word	0xee781864
2000d2f8:	3dddf55a 	.word	0x3dddf55a
2000d2fc:	43ec8711 	.word	0x43ec8711
2000d300:	5056df7e 	.word	0x5056df7e
2000d304:	7075706f 	.word	0x7075706f
2000d308:	12c71208 	.word	0x12c71208
2000d30c:	727411f7 	.word	0x727411f7
2000d310:	9584746f 	.word	0x9584746f
2000d314:	636e7648 	.word	0x636e7648
2000d318:	64187d65 	.word	0x64187d65
2000d31c:	e133ad10 	.word	0xe133ad10
2000d320:	a5b70bdf 	.word	0xa5b70bdf
2000d324:	974029ba 	.word	0x974029ba
2000d328:	666fdb35 	.word	0x666fdb35
2000d32c:	096c8c25 	.word	0x096c8c25
2000d330:	2f1c4a0f 	.word	0x2f1c4a0f
2000d334:	04774609 	.word	0x04774609
2000d338:	6e6f0faf 	.word	0x6e6f0faf
2000d33c:	a0995002 	.word	0xa0995002
2000d340:	f6943b8e 	.word	0xf6943b8e
2000d344:	0ae0393c 	.word	0x0ae0393c
2000d348:	68f40f26 	.word	0x68f40f26
2000d34c:	c043b761 	.word	0xc043b761
2000d350:	f0165ed4 	.word	0xf0165ed4
2000d354:	6bb6609e 	.word	0x6bb6609e
2000d358:	59534b34 	.word	0x59534b34
2000d35c:	e5784a0a 	.word	0xe5784a0a
2000d360:	55207c0d 	.word	0x55207c0d
2000d364:	1a1c446e 	.word	0x1a1c446e
2000d368:	3f420074 	.word	0x3f420074
2000d36c:	18a81bc0 	.word	0x18a81bc0
2000d370:	c14fc2d7 	.word	0xc14fc2d7
2000d374:	d66552d0 	.word	0xd66552d0
2000d378:	65457ca3 	.word	0x65457ca3
2000d37c:	03574a61 	.word	0x03574a61
2000d380:	485797dc 	.word	0x485797dc
2000d384:	0aca6d4f 	.word	0x0aca6d4f
2000d388:	5769750b 	.word	0x5769750b
2000d38c:	dfda4a49 	.word	0xdfda4a49
2000d390:	500e4542 	.word	0x500e4542
2000d394:	3b44a145 	.word	0x3b44a145
2000d398:	ec538637 	.word	0xec538637
2000d39c:	8b005808 	.word	0x8b005808
2000d3a0:	913a9fd0 	.word	0x913a9fd0
2000d3a4:	0c3d0cb5 	.word	0x0c3d0cb5
2000d3a8:	8a850f65 	.word	0x8a850f65
2000d3ac:	7286bb28 	.word	0x7286bb28
2000d3b0:	1ea46767 	.word	0x1ea46767
2000d3b4:	20e70ab1 	.word	0x20e70ab1
2000d3b8:	a829e70f 	.word	0xa829e70f
2000d3bc:	8e8c50dd 	.word	0x8e8c50dd
2000d3c0:	4a44aa1d 	.word	0x4a44aa1d
2000d3c4:	bcab034a 	.word	0xbcab034a
2000d3c8:	1dc22c67 	.word	0x1dc22c67
2000d3cc:	2817a420 	.word	0x2817a420
2000d3d0:	03b39564 	.word	0x03b39564
2000d3d4:	60dbb008 	.word	0x60dbb008
2000d3d8:	0e54c186 	.word	0x0e54c186
2000d3dc:	202de034 	.word	0x202de034
2000d3e0:	426de964 	.word	0x426de964
2000d3e4:	ed31411b 	.word	0xed31411b
2000d3e8:	672c8554 	.word	0x672c8554
2000d3ec:	40b78711 	.word	0x40b78711
2000d3f0:	a0c6066e 	.word	0xa0c6066e
2000d3f4:	053a15bc 	.word	0x053a15bc
2000d3f8:	914c5b60 	.word	0x914c5b60
2000d3fc:	27327427 	.word	0x27327427
2000d400:	11f7e72d 	.word	0x11f7e72d
2000d404:	1241573a 	.word	0x1241573a
2000d408:	c118e1b8 	.word	0xc118e1b8
2000d40c:	3b274b67 	.word	0x3b274b67
2000d410:	19610a71 	.word	0x19610a71
2000d414:	a630f772 	.word	0xa630f772
2000d418:	73b9a81c 	.word	0x73b9a81c
2000d41c:	f6e00dab 	.word	0xf6e00dab
2000d420:	17cee185 	.word	0x17cee185
2000d424:	8e3a85c7 	.word	0x8e3a85c7
2000d428:	09bc843d 	.word	0x09bc843d
2000d42c:	a5f84d65 	.word	0xa5f84d65
2000d430:	66c4094e 	.word	0x66c4094e
2000d434:	6fd083ce 	.word	0x6fd083ce
2000d438:	85a5c76e 	.word	0x85a5c76e
2000d43c:	90f31e0a 	.word	0x90f31e0a
2000d440:	3f247530 	.word	0x3f247530
2000d444:	127d420d 	.word	0x127d420d
2000d448:	2f7ae7ec 	.word	0x2f7ae7ec
2000d44c:	55a1362c 	.word	0x55a1362c
2000d450:	1d063f69 	.word	0x1d063f69
2000d454:	93707201 	.word	0x93707201
2000d458:	62293fcc 	.word	0x62293fcc
2000d45c:	dc11494e 	.word	0xdc11494e
2000d460:	b57d2c9b 	.word	0xb57d2c9b
2000d464:	184775cc 	.word	0x184775cc
2000d468:	914594c3 	.word	0x914594c3
2000d46c:	313e745e 	.word	0x313e745e
2000d470:	a3037129 	.word	0xa3037129
2000d474:	1aba00d8 	.word	0x1aba00d8
2000d478:	6001896b 	.word	0x6001896b
2000d47c:	3d3dbd57 	.word	0x3d3dbd57
2000d480:	015359b7 	.word	0x015359b7
2000d484:	9d21eeba 	.word	0x9d21eeba
2000d488:	57604591 	.word	0x57604591
2000d48c:	3f36edda 	.word	0x3f36edda
2000d490:	dc412c9b 	.word	0xdc412c9b
2000d494:	6dd89e75 	.word	0x6dd89e75
2000d498:	ed46a00e 	.word	0xed46a00e
2000d49c:	4d365100 	.word	0x4d365100
2000d4a0:	3f628b8f 	.word	0x3f628b8f
2000d4a4:	73d35741 	.word	0x73d35741
2000d4a8:	0a30950b 	.word	0x0a30950b
2000d4ac:	0ca237c4 	.word	0x0ca237c4
2000d4b0:	b2097081 	.word	0xb2097081
2000d4b4:	2e63c728 	.word	0x2e63c728
2000d4b8:	10033f61 	.word	0x10033f61
2000d4bc:	45898a6e 	.word	0x45898a6e
2000d4c0:	2110f00c 	.word	0x2110f00c
2000d4c4:	80eb9368 	.word	0x80eb9368
2000d4c8:	621ddfc7 	.word	0x621ddfc7
2000d4cc:	5c5f0254 	.word	0x5c5f0254
2000d4d0:	5c490073 	.word	0x5c490073
2000d4d4:	d55b481f 	.word	0xd55b481f
2000d4d8:	9d1573cb 	.word	0x9d1573cb
2000d4dc:	51d15786 	.word	0x51d15786
2000d4e0:	4fc54136 	.word	0x4fc54136
2000d4e4:	c4579e88 	.word	0xc4579e88
2000d4e8:	c728ac4f 	.word	0xc728ac4f
2000d4ec:	70931542 	.word	0x70931542
2000d4f0:	48cda72c 	.word	0x48cda72c
2000d4f4:	a6908fba 	.word	0xa6908fba
2000d4f8:	d8dd57cb 	.word	0xd8dd57cb
2000d4fc:	a60a7370 	.word	0xa60a7370
2000d500:	fa966467 	.word	0xfa966467
2000d504:	487e355f 	.word	0x487e355f
2000d508:	30dd6f14 	.word	0x30dd6f14
2000d50c:	005f8b89 	.word	0x005f8b89
2000d510:	6007e958 	.word	0x6007e958
2000d514:	ea851563 	.word	0xea851563
2000d518:	8b034a00 	.word	0x8b034a00
2000d51c:	32552c8c 	.word	0x32552c8c
2000d520:	a7212c71 	.word	0xa7212c71
2000d524:	6b94005a 	.word	0x6b94005a
2000d528:	472385a1 	.word	0x472385a1
2000d52c:	328fa0a7 	.word	0x328fa0a7
2000d530:	6c88656e 	.word	0x6c88656e
2000d534:	4c1d6738 	.word	0x4c1d6738
2000d538:	324ea432 	.word	0x324ea432
2000d53c:	3d766484 	.word	0x3d766484
2000d540:	0cb710e7 	.word	0x0cb710e7
2000d544:	414142b5 	.word	0x414142b5
2000d548:	77b3ed74 	.word	0x77b3ed74
2000d54c:	5b40770d 	.word	0x5b40770d
2000d550:	04164f2d 	.word	0x04164f2d
2000d554:	0f61ca68 	.word	0x0f61ca68
2000d558:	7d1a73d0 	.word	0x7d1a73d0
2000d55c:	d56068c9 	.word	0xd56068c9
2000d560:	81a60eb5 	.word	0x81a60eb5
2000d564:	745e17d5 	.word	0x745e17d5
2000d568:	13a9326f 	.word	0x13a9326f
2000d56c:	397320d7 	.word	0x397320d7
2000d570:	3df47dc5 	.word	0x3df47dc5
2000d574:	9131b523 	.word	0x9131b523
2000d578:	373dd926 	.word	0x373dd926
2000d57c:	5d6e7761 	.word	0x5d6e7761
2000d580:	4d61122f 	.word	0x4d61122f
2000d584:	276f74da 	.word	0x276f74da
2000d588:	48712e3b 	.word	0x48712e3b
2000d58c:	312f8691 	.word	0x312f8691
2000d590:	7da92c22 	.word	0x7da92c22
2000d594:	2f538651 	.word	0x2f538651
2000d598:	dd2529e1 	.word	0xdd2529e1
2000d59c:	0a071f0b 	.word	0x0a071f0b
2000d5a0:	6a1f3152 	.word	0x6a1f3152
2000d5a4:	fd81f743 	.word	0xfd81f743
2000d5a8:	490a2145 	.word	0x490a2145
2000d5ac:	60748757 	.word	0x60748757
2000d5b0:	90f7363d 	.word	0x90f7363d
2000d5b4:	fb4bcbb7 	.word	0xfb4bcbb7
2000d5b8:	637f2d05 	.word	0x637f2d05
2000d5bc:	a40a078e 	.word	0xa40a078e
2000d5c0:	9ec26fe2 	.word	0x9ec26fe2
2000d5c4:	88e56be7 	.word	0x88e56be7
2000d5c8:	5a59b800 	.word	0x5a59b800
2000d5cc:	6f74f6e7 	.word	0x6f74f6e7
2000d5d0:	000aafe3 	.word	0x000aafe3
2000d5d4:	b55500b0 	.word	0xb55500b0
2000d5d8:	85e782bd 	.word	0x85e782bd
2000d5dc:	1853bfab 	.word	0x1853bfab
2000d5e0:	c89311fa 	.word	0xc89311fa
2000d5e4:	068686b1 	.word	0x068686b1
2000d5e8:	83cb7282 	.word	0x83cb7282
2000d5ec:	6e6fe79d 	.word	0x6e6fe79d
2000d5f0:	a3c24de3 	.word	0xa3c24de3
2000d5f4:	4fe84e03 	.word	0x4fe84e03
2000d5f8:	c12e4f54 	.word	0xc12e4f54
2000d5fc:	4957537f 	.word	0x4957537f
2000d600:	03484354 	.word	0x03484354
2000d604:	b52ef3e8 	.word	0xb52ef3e8
2000d608:	2000e801 	.word	0x2000e801
2000d60c:	14bb2e20 	.word	0x14bb2e20
2000d610:	ea15b317 	.word	0xea15b317
2000d614:	136e2000 	.word	0x136e2000
2000d618:	086b7a96 	.word	0x086b7a96
2000d61c:	33ab0130 	.word	0x33ab0130
2000d620:	2d9d2c86 	.word	0x2d9d2c86
2000d624:	eba77031 	.word	0xeba77031
2000d628:	e7a9d848 	.word	0xe7a9d848
2000d62c:	017241c0 	.word	0x017241c0
2000d630:	9d6399c9 	.word	0x9d6399c9
2000d634:	1be38824 	.word	0x1be38824
2000d638:	d481f965 	.word	0xd481f965
2000d63c:	9b0f7756 	.word	0x9b0f7756
2000d640:	07283f89 	.word	0x07283f89
2000d644:	182d9735 	.word	0x182d9735
2000d648:	b8c13261 	.word	0xb8c13261
2000d64c:	ae5fba30 	.word	0xae5fba30
2000d650:	fa380920 	.word	0xfa380920
2000d654:	e335c1db 	.word	0xe335c1db
2000d658:	b1cf6e4f 	.word	0xb1cf6e4f
2000d65c:	52f6e313 	.word	0x52f6e313
2000d660:	6f3cb131 	.word	0x6f3cb131
2000d664:	3f464572 	.word	0x3f464572
2000d668:	6573fe9b 	.word	0x6573fe9b
2000d66c:	ea8f711b 	.word	0xea8f711b
2000d670:	e70e002e 	.word	0xe70e002e
2000d674:	a6a66cae 	.word	0xa6a66cae
2000d678:	e6a06565 	.word	0xe6a06565
2000d67c:	1f0a7327 	.word	0x1f0a7327
2000d680:	f1705418 	.word	0xf1705418
2000d684:	a5e88018 	.word	0xa5e88018
2000d688:	74e425a4 	.word	0x74e425a4
2000d68c:	050a216f 	.word	0x050a216f
2000d690:	ffcb52f7 	.word	0xffcb52f7
2000d694:	01a2208d 	.word	0x01a2208d
2000d698:	892e0a63 	.word	0x892e0a63
2000d69c:	d0652715 	.word	0xd0652715
2000d6a0:	aa90aa56 	.word	0xaa90aa56
2000d6a4:	a9384812 	.word	0xa9384812
2000d6a8:	ad4f0657 	.word	0xad4f0657
2000d6ac:	16bd3e43 	.word	0x16bd3e43
2000d6b0:	4f643b21 	.word	0x4f643b21
2000d6b4:	8577f525 	.word	0x8577f525
2000d6b8:	76ce800b 	.word	0x76ce800b
2000d6bc:	9e1ae53b 	.word	0x9e1ae53b
2000d6c0:	10650ace 	.word	0x10650ace
2000d6c4:	770e96a1 	.word	0x770e96a1
2000d6c8:	3706f680 	.word	0x3706f680
2000d6cc:	06b72bc2 	.word	0x06b72bc2
2000d6d0:	c05c025f 	.word	0xc05c025f
2000d6d4:	3c6f6420 	.word	0x3c6f6420
2000d6d8:	63ba4916 	.word	0x63ba4916
2000d6dc:	35f0b084 	.word	0x35f0b084
2000d6e0:	abe22157 	.word	0xabe22157
2000d6e4:	9239771a 	.word	0x9239771a
2000d6e8:	bada0f70 	.word	0xbada0f70
2000d6ec:	544e41c6 	.word	0x544e41c6
2000d6f0:	c2dde3c3 	.word	0xc2dde3c3
2000d6f4:	a80f2b95 	.word	0xa80f2b95
2000d6f8:	4456b108 	.word	0x4456b108
2000d6fc:	40826867 	.word	0x40826867
2000d700:	5589d79c 	.word	0x5589d79c
2000d704:	d3113d32 	.word	0xd3113d32
2000d708:	0e6341f1 	.word	0x0e6341f1
2000d70c:	8c5fc16f 	.word	0x8c5fc16f
2000d710:	68188d8a 	.word	0x68188d8a
2000d714:	a2006b2b 	.word	0xa2006b2b
2000d718:	8643d3f7 	.word	0x8643d3f7
2000d71c:	1120af5c 	.word	0x1120af5c
2000d720:	434222fb 	.word	0x434222fb
2000d724:	35c27306 	.word	0x35c27306
2000d728:	b559e1b0 	.word	0xb559e1b0
2000d72c:	43766721 	.word	0x43766721
2000d730:	671b10a5 	.word	0x671b10a5
2000d734:	56ba4f60 	.word	0x56ba4f60
2000d738:	a7ffcc0a 	.word	0xa7ffcc0a
2000d73c:	0d7d0460 	.word	0x0d7d0460
2000d740:	5b946465 	.word	0x5b946465
2000d744:	7406b661 	.word	0x7406b661
2000d748:	dc6f62c6 	.word	0xdc6f62c6
2000d74c:	1f776c77 	.word	0x1f776c77
2000d750:	b0206f4e 	.word	0xb0206f4e
2000d754:	2c7d7d76 	.word	0x2c7d7d76
2000d758:	fd457520 	.word	0xfd457520
2000d75c:	016874ab 	.word	0x016874ab
2000d760:	b059c34a 	.word	0xb059c34a
2000d764:	833744e7 	.word	0x833744e7
2000d768:	c332522e 	.word	0xc332522e
2000d76c:	e6cc2bd8 	.word	0xe6cc2bd8
2000d770:	59fd24bd 	.word	0x59fd24bd
2000d774:	81766153 	.word	0x81766153
2000d778:	6c380935 	.word	0x6c380935
2000d77c:	f2420934 	.word	0xf2420934
2000d780:	3593983d 	.word	0x3593983d
2000d784:	7460fc97 	.word	0x7460fc97
2000d788:	632b7165 	.word	0x632b7165
2000d78c:	9d02f7c3 	.word	0x9d02f7c3
2000d790:	23d34456 	.word	0x23d34456
2000d794:	e7b3dac0 	.word	0xe7b3dac0
2000d798:	a3a0422f 	.word	0xa3a0422f
2000d79c:	1f78193d 	.word	0x1f78193d
2000d7a0:	8b17c149 	.word	0x8b17c149
2000d7a4:	09588181 	.word	0x09588181
2000d7a8:	2c818f58 	.word	0x2c818f58
2000d7ac:	07748020 	.word	0x07748020
2000d7b0:	5932c0bf 	.word	0x5932c0bf
2000d7b4:	23ffcb81 	.word	0x23ffcb81
2000d7b8:	0351060e 	.word	0x0351060e
2000d7bc:	8603c2c0 	.word	0x8603c2c0
2000d7c0:	1c002b19 	.word	0x1c002b19
2000d7c4:	000a7b0b 	.word	0x000a7b0b
2000d7c8:	22a35bf7 	.word	0x22a35bf7
2000d7cc:	63dd600a 	.word	0x63dd600a
2000d7d0:	3b78052c 	.word	0x3b78052c
2000d7d4:	0621063f 	.word	0x0621063f
2000d7d8:	8e6e7560 	.word	0x8e6e7560
2000d7dc:	5fd82c2f 	.word	0x5fd82c2f
2000d7e0:	3d457e00 	.word	0x3d457e00
2000d7e4:	3e6057ca 	.word	0x3e6057ca
2000d7e8:	602c034d 	.word	0x602c034d
2000d7ec:	00236fc3 	.word	0x00236fc3
2000d7f0:	23052f91 	.word	0x23052f91
2000d7f4:	ff4c430d 	.word	0xff4c430d
2000d7f8:	4d5553e4 	.word	0x4d5553e4
2000d7fc:	49f04d20 	.word	0x49f04d20
2000d800:	18414d53 	.word	0x18414d53
2000d804:	5b404154 	.word	0x5b404154
2000d808:	c0bdaa8c 	.word	0xc0bdaa8c
2000d80c:	e01bcbeb 	.word	0xe01bcbeb
2000d810:	867956af 	.word	0x867956af
2000d814:	cc1011ba 	.word	0xcc1011ba
2000d818:	d20a476d 	.word	0xd20a476d
2000d81c:	6c6391a7 	.word	0x6c6391a7
2000d820:	0773762f 	.word	0x0773762f
2000d824:	413b07ed 	.word	0x413b07ed
2000d828:	bfa18f50 	.word	0xbfa18f50
2000d82c:	120b6ef9 	.word	0x120b6ef9
2000d830:	98c731cb 	.word	0x98c731cb
2000d834:	5c322637 	.word	0x5c322637
2000d838:	bc25120a 	.word	0xbc25120a
2000d83c:	2cc91c2d 	.word	0x2cc91c2d
2000d840:	97f86cd6 	.word	0x97f86cd6
2000d844:	61d62b4d 	.word	0x61d62b4d
2000d848:	c02d2112 	.word	0xc02d2112
2000d84c:	6ca0cb5d 	.word	0x6ca0cb5d
2000d850:	6f4be23d 	.word	0x6f4be23d
2000d854:	756762eb 	.word	0x756762eb
2000d858:	027d5e82 	.word	0x027d5e82
2000d85c:	2be26565 	.word	0x2be26565
2000d860:	6148f7fd 	.word	0x6148f7fd
2000d864:	772b1173 	.word	0x772b1173
2000d868:	d5bd353f 	.word	0xd5bd353f
2000d86c:	c09bd868 	.word	0xc09bd868
2000d870:	9002bbc9 	.word	0x9002bbc9
2000d874:	37154760 	.word	0x37154760
2000d878:	8a0003db 	.word	0x8a0003db
2000d87c:	68401300 	.word	0x68401300
2000d880:	605e6e36 	.word	0x605e6e36
2000d884:	447fce93 	.word	0x447fce93
2000d888:	54454c45 	.word	0x54454c45
2000d88c:	29da4445 	.word	0x29da4445
2000d890:	52c11700 	.word	0x52c11700
2000d894:	2b7453e3 	.word	0x2b7453e3
2000d898:	a57e19f6 	.word	0xa57e19f6
2000d89c:	42769a61 	.word	0x42769a61
2000d8a0:	82b1aba2 	.word	0x82b1aba2
2000d8a4:	a8444270 	.word	0xa8444270
2000d8a8:	b405550c 	.word	0xb405550c
2000d8ac:	970d73d0 	.word	0x970d73d0
2000d8b0:	11370f18 	.word	0x11370f18
2000d8b4:	462b4ab0 	.word	0x462b4ab0
2000d8b8:	066973a1 	.word	0x066973a1
2000d8bc:	7b1e110f 	.word	0x7b1e110f
2000d8c0:	988d5bd0 	.word	0x988d5bd0
2000d8c4:	0c2f1697 	.word	0x0c2f1697
2000d8c8:	315a2527 	.word	0x315a2527
2000d8cc:	25bf965f 	.word	0x25bf965f
2000d8d0:	105f1fb6 	.word	0x105f1fb6
2000d8d4:	78082091 	.word	0x78082091
2000d8d8:	237078e5 	.word	0x237078e5
2000d8dc:	74f2f8d9 	.word	0x74f2f8d9
2000d8e0:	0b632c79 	.word	0x0b632c79
2000d8e4:	b0711019 	.word	0xb0711019
2000d8e8:	0972c047 	.word	0x0972c047
2000d8ec:	2e6431dd 	.word	0x2e6431dd
2000d8f0:	4327ba00 	.word	0x4327ba00
2000d8f4:	003bf050 	.word	0x003bf050
2000d8f8:	13d32b06 	.word	0x13d32b06
2000d8fc:	97232159 	.word	0x97232159
2000d900:	91e16950 	.word	0x91e16950
2000d904:	128d4a8c 	.word	0x128d4a8c
2000d908:	58218f03 	.word	0x58218f03
2000d90c:	7015e5c7 	.word	0x7015e5c7
2000d910:	871aa16f 	.word	0x871aa16f
2000d914:	1c7797d0 	.word	0x1c7797d0
2000d918:	303b6153 	.word	0x303b6153
2000d91c:	c903c0ab 	.word	0xc903c0ab
2000d920:	527b3ce5 	.word	0x527b3ce5
2000d924:	0feda2cd 	.word	0x0feda2cd
2000d928:	1004c726 	.word	0x1004c726
2000d92c:	0097b018 	.word	0x0097b018
2000d930:	21841739 	.word	0x21841739
2000d934:	23b90b4f 	.word	0x23b90b4f
2000d938:	235413f1 	.word	0x235413f1
2000d93c:	1d014807 	.word	0x1d014807
2000d940:	44a8752e 	.word	0x44a8752e
2000d944:	6af59000 	.word	0x6af59000
2000d948:	e0106c15 	.word	0xe0106c15
2000d94c:	d3422097 	.word	0xd3422097
2000d950:	6f0e4b11 	.word	0x6f0e4b11
2000d954:	cba3b06e 	.word	0xcba3b06e
2000d958:	a68574b0 	.word	0xa68574b0
2000d95c:	a04f062a 	.word	0xa04f062a
2000d960:	0b121d2f 	.word	0x0b121d2f
2000d964:	cd3d54f1 	.word	0xcd3d54f1
2000d968:	814634af 	.word	0x814634af
2000d96c:	773d4835 	.word	0x773d4835
2000d970:	c1f80f6c 	.word	0xc1f80f6c
2000d974:	2a8f7473 	.word	0x2a8f7473
2000d978:	2763cd84 	.word	0x2763cd84
2000d97c:	3f196881 	.word	0x3f196881
2000d980:	5567f8c2 	.word	0x5567f8c2
2000d984:	65584570 	.word	0x65584570
2000d988:	e143c050 	.word	0xe143c050
2000d98c:	b47a6b09 	.word	0xb47a6b09
2000d990:	2e2b010a 	.word	0x2e2b010a
2000d994:	8721b457 	.word	0x8721b457
2000d998:	6160b202 	.word	0x6160b202
2000d99c:	e5162fd8 	.word	0xe5162fd8
2000d9a0:	4da78734 	.word	0x4da78734
2000d9a4:	30334645 	.word	0x30334645
2000d9a8:	52872216 	.word	0x52872216
2000d9ac:	73251e3d 	.word	0x73251e3d
2000d9b0:	82d74004 	.word	0x82d74004
2000d9b4:	2763b476 	.word	0x2763b476
2000d9b8:	72941621 	.word	0x72941621
2000d9bc:	16ad193a 	.word	0x16ad193a
2000d9c0:	3770413f 	.word	0x3770413f
2000d9c4:	4742443e 	.word	0x4742443e
2000d9c8:	84f49520 	.word	0x84f49520
2000d9cc:	203e5cc0 	.word	0x203e5cc0
2000d9d0:	f11e202c 	.word	0xf11e202c
2000d9d4:	4ca83703 	.word	0x4ca83703
2000d9d8:	78301c7e 	.word	0x78301c7e
2000d9dc:	d96f20b0 	.word	0xd96f20b0
2000d9e0:	da35605f 	.word	0xda35605f
2000d9e4:	67533597 	.word	0x67533597
2000d9e8:	b730582c 	.word	0xb730582c
2000d9ec:	a5278129 	.word	0xa5278129
2000d9f0:	00977845 	.word	0x00977845
2000d9f4:	6d9f81d9 	.word	0x6d9f81d9
2000d9f8:	766e4978 	.word	0x766e4978
2000d9fc:	0e12ad39 	.word	0x0e12ad39
2000da00:	7272c6b2 	.word	0x7272c6b2
2000da04:	835adfc4 	.word	0x835adfc4
2000da08:	b9581788 	.word	0xb9581788
2000da0c:	6b578005 	.word	0x6b578005
2000da10:	d4c44750 	.word	0xd4c44750
2000da14:	5b656c61 	.word	0x5b656c61
2000da18:	d24e4e20 	.word	0xd24e4e20
2000da1c:	6f7be611 	.word	0x6f7be611
2000da20:	d73a6564 	.word	0xd73a6564
2000da24:	e3e2ca08 	.word	0xe3e2ca08
2000da28:	3c612e2a 	.word	0x3c612e2a
2000da2c:	c7693c39 	.word	0xc7693c39
2000da30:	3c185067 	.word	0x3c185067
2000da34:	2c4f67e7 	.word	0x2c4f67e7
2000da38:	ac25051f 	.word	0xac25051f
2000da3c:	d283ab78 	.word	0xd283ab78
2000da40:	25ed202e 	.word	0x25ed202e
2000da44:	de4f6b13 	.word	0xde4f6b13
2000da48:	9845446e 	.word	0x9845446e
2000da4c:	7f7a54f7 	.word	0x7f7a54f7
2000da50:	cbcad991 	.word	0xcbcad991
2000da54:	4b157c59 	.word	0x4b157c59
2000da58:	771380c7 	.word	0x771380c7
2000da5c:	2dfa664d 	.word	0x2dfa664d
2000da60:	af1c0a21 	.word	0xaf1c0a21
2000da64:	9a06690c 	.word	0x9a06690c
2000da68:	98895d55 	.word	0x98895d55
2000da6c:	c3ce4216 	.word	0xc3ce4216
2000da70:	06af7365 	.word	0x06af7365
2000da74:	50b46624 	.word	0x50b46624
2000da78:	736163e3 	.word	0x736163e3
2000da7c:	0cd0696e 	.word	0x0cd0696e
2000da80:	44313d9b 	.word	0x44313d9b
2000da84:	0ec02969 	.word	0x0ec02969
2000da88:	1f8cd890 	.word	0x1f8cd890
2000da8c:	591b5f4b 	.word	0x591b5f4b
2000da90:	57d12f1d 	.word	0x57d12f1d
2000da94:	00893c2e 	.word	0x00893c2e
2000da98:	bfb07f9c 	.word	0xbfb07f9c
2000da9c:	a3154d34 	.word	0xa3154d34
2000daa0:	5153576f 	.word	0x5153576f
2000daa4:	d604204f 	.word	0xd604204f
2000daa8:	4a2b17e7 	.word	0x4a2b17e7
2000daac:	73f4cf8e 	.word	0x73f4cf8e
2000dab0:	23636e79 	.word	0x23636e79
2000dab4:	fae18166 	.word	0xfae18166
2000dab8:	4527bbb6 	.word	0x4527bbb6
2000dabc:	ee5cd0c9 	.word	0xee5cd0c9
2000dac0:	7cf91602 	.word	0x7cf91602
2000dac4:	c96c75e8 	.word	0xc96c75e8
2000dac8:	490eff02 	.word	0x490eff02
2000dacc:	203a6ad8 	.word	0x203a6ad8
2000dad0:	56ec672b 	.word	0x56ec672b
2000dad4:	1a1f4c4f 	.word	0x1a1f4c4f
2000dad8:	043dac51 	.word	0x043dac51
2000dadc:	8302fd0b 	.word	0x8302fd0b
2000dae0:	4b121b6f 	.word	0x4b121b6f
2000dae4:	97b4f708 	.word	0x97b4f708
2000dae8:	472effab 	.word	0x472effab
2000daec:	55485449 	.word	0x55485449
2000daf0:	492e42f1 	.word	0x492e42f1
2000daf4:	5605a84f 	.word	0x5605a84f
2000daf8:	3343f747 	.word	0x3343f747
2000dafc:	9783a0a4 	.word	0x9783a0a4
2000db00:	2c8f9f25 	.word	0x2c8f9f25
2000db04:	31cd0a00 	.word	0x31cd0a00
2000db08:	3e669050 	.word	0x3e669050
2000db0c:	70b62ae5 	.word	0x70b62ae5
2000db10:	5bd35f02 	.word	0x5bd35f02
2000db14:	eb78dfc0 	.word	0xeb78dfc0
2000db18:	b487464c 	.word	0xb487464c
2000db1c:	3f65b7a3 	.word	0x3f65b7a3
2000db20:	c7530184 	.word	0xc7530184
2000db24:	08008500 	.word	0x08008500
2000db28:	2713dae7 	.word	0x2713dae7
2000db2c:	ec586e55 	.word	0xec586e55
2000db30:	44367fc7 	.word	0x44367fc7
2000db34:	2120ff1b 	.word	0x2120ff1b
2000db38:	25242322 	.word	0x25242322
2000db3c:	282226ff 	.word	0x282226ff
2000db40:	2c2b2a29 	.word	0x2c2b2a29
2000db44:	2f2eff2d 	.word	0x2f2eff2d
2000db48:	3d3c3b3a 	.word	0x3d3c3b3a
2000db4c:	40ff3f3e 	.word	0x40ff3f3e
2000db50:	5e5d5c5b 	.word	0x5e5d5c5b
2000db54:	e07b605f 	.word	0xe07b605f
2000db58:	077e7d7c 	.word	0x077e7d7c
2000db5c:	4981ffc6 	.word	0x4981ffc6
2000db60:	94816881 	.word	0x94816881
2000db64:	81ff9081 	.word	0x81ff9081
2000db68:	81958193 	.word	0x81958193
2000db6c:	ff698166 	.word	0xff698166
2000db70:	96816a81 	.word	0x96816a81
2000db74:	43817b81 	.word	0x43817b81
2000db78:	817c81ff 	.word	0x817c81ff
2000db7c:	815e8144 	.word	0x815e8144
2000db80:	4781fb46 	.word	0x4781fb46
2000db84:	00817181 	.word	0x00817181
2000db88:	4881727f 	.word	0x4881727f
2000db8c:	6d819781 	.word	0x6d819781
2000db90:	818f81ff 	.word	0x818f81ff
2000db94:	814f816e 	.word	0x814f816e
2000db98:	6581ff51 	.word	0x6581ff51
2000db9c:	62816f81 	.word	0x62816f81
2000dba0:	81e07081 	.word	0x81e07081
2000dba4:	f06d8150 	.word	0xf06d8150
2000dba8:	e106a521 	.word	0xe106a521
2000dbac:	5808020c 	.word	0x5808020c
2000dbb0:	b0ff03c1 	.word	0xb0ff03c1
2000dbb4:	953dcec7 	.word	0x953dcec7
2000dbb8:	84ffeeb4 	.word	0x84ffeeb4
2000dbbc:	7bffff90 	.word	0x7bffff90
2000dbc0:	b598c6e2 	.word	0xb598c6e2
2000dbc4:	5e440100 	.word	0x5e440100
2000dbc8:	a7021c0c 	.word	0xa7021c0c
2000dbcc:	6b380087 	.word	0x6b380087
2000dbd0:	0505d82b 	.word	0x0505d82b
2000dbd4:	d1052e5d 	.word	0xd1052e5d
2000dbd8:	05007b1f 	.word	0x05007b1f
2000dbdc:	01b5052f 	.word	0x01b5052f
2000dbe0:	d500051e 	.word	0xd500051e
2000dbe4:	2f05daff 	.word	0x2f05daff
2000dbe8:	1b59053b 	.word	0x1b59053b
2000dbec:	0505fb07 	.word	0x0505fb07
2000dbf0:	82048b05 	.word	0x82048b05
2000dbf4:	c0052e0f 	.word	0xc0052e0f
2000dbf8:	db0507ff 	.word	0xdb0507ff
2000dbfc:	6eed0500 	.word	0x6eed0500
2000dc00:	5f1a052f 	.word	0x5f1a052f
2000dc04:	8525ff16 	.word	0x8525ff16
2000dc08:	f2ffaa5f 	.word	0xf2ffaa5f
2000dc0c:	b4000005 	.word	0xb4000005
2000dc10:	58d16c4b 	.word	0x58d16c4b
2000dc14:	ff601f63 	.word	0xff601f63
2000dc18:	05183f96 	.word	0x05183f96
2000dc1c:	6f434f68 	.word	0x6f434f68
2000dc20:	a3ff8a14 	.word	0xa3ff8a14
2000dc24:	03cd058a 	.word	0x03cd058a
2000dc28:	e305ff04 	.word	0xe305ff04
2000dc2c:	ad800505 	.word	0xad800505
2000dc30:	0c2bfb96 	.word	0x0c2bfb96
2000dc34:	050538ef 	.word	0x050538ef
2000dc38:	ffc53fea 	.word	0xffc53fea
2000dc3c:	cf05c150 	.word	0xcf05c150
2000dc40:	a48ba204 	.word	0xa48ba204
2000dc44:	054cff34 	.word	0x054cff34
2000dc48:	05f4c111 	.word	0x05f4c111
2000dc4c:	ff440505 	.word	0xff440505
2000dc50:	7a01ff1b 	.word	0x7a01ff1b
2000dc54:	ff680000 	.word	0xff680000
2000dc58:	1801a085 	.word	0x1801a085
2000dc5c:	ec2fea05 	.word	0xec2fea05
2000dc60:	051c1f05 	.word	0x051c1f05
2000dc64:	053bf171 	.word	0x053bf171
2000dc68:	1f5b3105 	.word	0x1f5b3105
2000dc6c:	825fd502 	.word	0x825fd502
2000dc70:	afc30001 	.word	0xafc30001
2000dc74:	60b16158 	.word	0x60b16158
2000dc78:	8105601f 	.word	0x8105601f
2000dc7c:	02ed1c23 	.word	0x02ed1c23
2000dc80:	8fb44fc5 	.word	0x8fb44fc5
2000dc84:	8aa18122 	.word	0x8aa18122
2000dc88:	15095b05 	.word	0x15095b05
2000dc8c:	560534af 	.word	0x560534af
2000dc90:	0da388cd 	.word	0x0da388cd
2000dc94:	fdb19f34 	.word	0xfdb19f34
2000dc98:	e800ff6c 	.word	0xe800ff6c
2000dc9c:	5f8a0005 	.word	0x5f8a0005
2000dca0:	c1a305e9 	.word	0xc1a305e9
2000dca4:	f10500c7 	.word	0xf10500c7
2000dca8:	c563c042 	.word	0xc563c042
2000dcac:	c5405f05 	.word	0xc5405f05
2000dcb0:	b515d505 	.word	0xb515d505
2000dcb4:	bb8e606f 	.word	0xbb8e606f
2000dcb8:	2e8f8805 	.word	0x2e8f8805
2000dcbc:	10ef2805 	.word	0x10ef2805
2000dcc0:	00d8cf51 	.word	0x00d8cf51
2000dcc4:	3544b415 	.word	0x3544b415
2000dcc8:	c5ff8220 	.word	0xc5ff8220
2000dccc:	0b0a46b9 	.word	0x0b0a46b9
2000dcd0:	cf680598 	.word	0xcf680598
2000dcd4:	14034f36 	.word	0x14034f36
2000dcd8:	e13846ff 	.word	0xe13846ff
2000dcdc:	2c114034 	.word	0x2c114034
2000dce0:	8dafa211 	.word	0x8dafa211
2000dce4:	05e17fa3 	.word	0x05e17fa3
2000dce8:	af800505 	.word	0xaf800505
2000dcec:	efa80562 	.word	0xefa80562
2000dcf0:	8f88006a 	.word	0x8f88006a
2000dcf4:	52117505 	.word	0x52117505
2000dcf8:	1fb6af08 	.word	0x1fb6af08
2000dcfc:	340f6221 	.word	0x340f6221
2000dd00:	00ec2f54 	.word	0x00ec2f54
2000dd04:	a05a0705 	.word	0xa05a0705
2000dd08:	b17f36af 	.word	0xb17f36af
2000dd0c:	0f2cbf40 	.word	0x0f2cbf40
2000dd10:	e39fc506 	.word	0xe39fc506
2000dd14:	1fa90005 	.word	0x1fa90005
2000dd18:	053bff62 	.word	0x053bff62
2000dd1c:	13af4b07 	.word	0x13af4b07
2000dd20:	0505ed05 	.word	0x0505ed05
2000dd24:	c116df00 	.word	0xc116df00
2000dd28:	440072ff 	.word	0x440072ff
2000dd2c:	052f35a6 	.word	0x052f35a6
2000dd30:	6cd95405 	.word	0x6cd95405
2000dd34:	bf0c48ff 	.word	0xbf0c48ff
2000dd38:	43cfe80a 	.word	0x43cfe80a
2000dd3c:	6f0c58bf 	.word	0x6f0c58bf
2000dd40:	1b0f1458 	.word	0x1b0f1458
2000dd44:	e10543ff 	.word	0xe10543ff
2000dd48:	82000505 	.word	0x82000505
2000dd4c:	800560ff 	.word	0x800560ff
2000dd50:	420586ff 	.word	0x420586ff
2000dd54:	47ff880d 	.word	0x47ff880d
2000dd58:	ff8a043f 	.word	0xff8a043f
2000dd5c:	07056c88 	.word	0x07056c88
2000dd60:	058fc356 	.word	0x058fc356
2000dd64:	a56f05a2 	.word	0xa56f05a2
2000dd68:	a0688f14 	.word	0xa0688f14
2000dd6c:	15ff51df 	.word	0x15ff51df
2000dd70:	43af05d1 	.word	0x43af05d1
2000dd74:	12bf0c05 	.word	0x12bf0c05
2000dd78:	6a115f13 	.word	0x6a115f13
2000dd7c:	508cffaa 	.word	0x508cffaa
2000dd80:	5f07023f 	.word	0x5f07023f
2000dd84:	80190503 	.word	0x80190503
2000dd88:	7baac45d 	.word	0x7baac45d
2000dd8c:	0aac9fd8 	.word	0x0aac9fd8
2000dd90:	5faa2dcf 	.word	0x5faa2dcf
2000dd94:	11b66f5a 	.word	0x11b66f5a
2000dd98:	9baf6a09 	.word	0x9baf6a09
2000dd9c:	e854ff00 	.word	0xe854ff00
2000dda0:	0fa10500 	.word	0x0fa10500
2000dda4:	589d8209 	.word	0x589d8209
2000dda8:	ff7484ff 	.word	0xff7484ff
2000ddac:	f151ff5b 	.word	0xf151ff5b
2000ddb0:	50050500 	.word	0x50050500
2000ddb4:	0fc08c91 	.word	0x0fc08c91
2000ddb8:	eaff8a60 	.word	0xeaff8a60
2000ddbc:	862fa900 	.word	0x862fa900
2000ddc0:	852bff00 	.word	0x852bff00
2000ddc4:	056fd705 	.word	0x056fd705
2000ddc8:	e1c3b562 	.word	0xe1c3b562
2000ddcc:	4effb510 	.word	0x4effb510
2000ddd0:	ff2a0500 	.word	0xff2a0500
2000ddd4:	3c1d6eac 	.word	0x3c1d6eac
2000ddd8:	6f500505 	.word	0x6f500505
2000dddc:	523d0102 	.word	0x523d0102
2000dde0:	8a057b37 	.word	0x8a057b37
2000dde4:	cf2a240f 	.word	0xcf2a240f
2000dde8:	0500c021 	.word	0x0500c021
2000ddec:	22c29fe0 	.word	0x22c29fe0
2000ddf0:	460fc59f 	.word	0x460fc59f
2000ddf4:	9448c727 	.word	0x9448c727
2000ddf8:	05054e6d 	.word	0x05054e6d
2000ddfc:	14002ba1 	.word	0x14002ba1
2000de00:	17ffd085 	.word	0x17ffd085
2000de04:	1ebf1505 	.word	0x1ebf1505
2000de08:	ff150005 	.word	0xff150005
2000de0c:	5fe35815 	.word	0x5fe35815
2000de10:	097f05ae 	.word	0x097f05ae
2000de14:	87ff8a0a 	.word	0x87ff8a0a
2000de18:	ab090505 	.word	0xab090505
2000de1c:	0500f0ff 	.word	0x0500f0ff
2000de20:	ffaa0000 	.word	0xffaa0000
2000de24:	41ffc38a 	.word	0x41ffc38a
2000de28:	53ff4585 	.word	0x53ff4585
2000de2c:	48cf0d00 	.word	0x48cf0d00
2000de30:	0a44ff55 	.word	0x0a44ff55
2000de34:	592bc1a8 	.word	0x592bc1a8
2000de38:	e242ed82 	.word	0xe242ed82
2000de3c:	ff600bff 	.word	0xff600bff
2000de40:	22ff2a2c 	.word	0x22ff2a2c
2000de44:	c2a1ff16 	.word	0xc2a1ff16
2000de48:	ffa20505 	.word	0xffa20505
2000de4c:	0a016389 	.word	0x0a016389
2000de50:	05e11f82 	.word	0x05e11f82
2000de54:	8215ff54 	.word	0x8215ff54
2000de58:	ffa9851f 	.word	0xffa9851f
2000de5c:	2dff880a 	.word	0x2dff880a
2000de60:	0a21b16a 	.word	0x0a21b16a
2000de64:	2a25ff8a 	.word	0x2a25ff8a
2000de68:	ff96a8d1 	.word	0xff96a8d1
2000de6c:	01046f02 	.word	0x01046f02
2000de70:	01960f62 	.word	0x01960f62
2000de74:	0304bd28 	.word	0x0304bd28
2000de78:	bb09cdce 	.word	0xbb09cdce
2000de7c:	f7e70002 	.word	0xf7e70002
2000de80:	5e0b0101 	.word	0x5e0b0101
2000de84:	01080106 	.word	0x01080106
2000de88:	fbf7dea8 	.word	0xfbf7dea8
2000de8c:	770904fd 	.word	0x770904fd
2000de90:	feb00501 	.word	0xfeb00501
2000de94:	3504093c 	.word	0x3504093c
2000de98:	201f8647 	.word	0x201f8647
2000de9c:	03f96d30 	.word	0x03f96d30
2000dea0:	59ffa204 	.word	0x59ffa204
2000dea4:	ec71300e 	.word	0xec71300e
2000dea8:	54ff0404 	.word	0x54ff0404
2000deac:	01f9f661 	.word	0x01f9f661
2000deb0:	c5b082ff 	.word	0xc5b082ff
2000deb4:	50ffb4ff 	.word	0x50ffb4ff
2000deb8:	0186ff8e 	.word	0x0186ff8e
2000debc:	ffc401f1 	.word	0xffc401f1
2000dec0:	b422ff8a 	.word	0xb422ff8a
2000dec4:	07dedfd1 	.word	0x07dedfd1
2000dec8:	08ff9a01 	.word	0x08ff9a01
2000decc:	f3461dc1 	.word	0xf3461dc1
2000ded0:	03cf1406 	.word	0x03cf1406
2000ded4:	554eff47 	.word	0x554eff47
2000ded8:	e984dc00 	.word	0xe984dc00
2000dedc:	99ff9212 	.word	0x99ff9212
2000dee0:	8f78519a 	.word	0x8f78519a
2000dee4:	fe45a980 	.word	0xfe45a980
2000dee8:	44ed02a8 	.word	0x44ed02a8
2000deec:	c0af603a 	.word	0xc0af603a
2000def0:	214fb85f 	.word	0x214fb85f
2000def4:	062da2f7 	.word	0x062da2f7
2000def8:	3a40329c 	.word	0x3a40329c
2000defc:	00806f77 	.word	0x00806f77
2000df00:	bd40f600 	.word	0xbd40f600
2000df04:	1a47801c 	.word	0x1a47801c
2000df08:	beee4944 	.word	0xbeee4944
2000df0c:	06f610c0 	.word	0x06f610c0
2000df10:	07dd0f10 	.word	0x07dd0f10
2000df14:	01572008 	.word	0x01572008
2000df18:	d821976d 	.word	0xd821976d
2000df1c:	645f36d7 	.word	0x645f36d7
2000df20:	6caed7be 	.word	0x6caed7be
2000df24:	7c709e06 	.word	0x7c709e06
2000df28:	fd26427b 	.word	0xfd26427b
2000df2c:	22448877 	.word	0x22448877
2000df30:	4700dcbb 	.word	0x4700dcbb
2000df34:	6c5ebd80 	.word	0x6c5ebd80
2000df38:	1f4d259e 	.word	0x1f4d259e
2000df3c:	67502cc1 	.word	0x67502cc1
2000df40:	e64601b0 	.word	0xe64601b0
2000df44:	c901a76f 	.word	0xc901a76f
2000df48:	0153a55c 	.word	0x0153a55c
2000df4c:	3f405914 	.word	0x3f405914
2000df50:	803f9cfe 	.word	0x803f9cfe
2000df54:	5031ff41 	.word	0x5031ff41
2000df58:	6b8b2e40 	.word	0x6b8b2e40
2000df5c:	41ff17a0 	.word	0x41ff17a0
2000df60:	a50bd0b5 	.word	0xa50bd0b5
2000df64:	d104e86a 	.word	0xd104e86a
2000df68:	769c7511 	.word	0x769c7511
2000df6c:	e2feaafa 	.word	0xe2feaafa
2000df70:	dad63751 	.word	0xdad63751
2000df74:	80ffa072 	.word	0x80ffa072
2000df78:	80af2728 	.word	0x80af2728
2000df7c:	ff6f8c2a 	.word	0xff6f8c2a
2000df80:	4daf1920 	.word	0x4daf1920
2000df84:	972507f0 	.word	0x972507f0
2000df88:	8e0708ff 	.word	0x8e0708ff
2000df8c:	1d03482c 	.word	0x1d03482c
2000df90:	017efff5 	.word	0x017efff5
2000df94:	0015a672 	.word	0x0015a672
2000df98:	fb85a4b2 	.word	0xfb85a4b2
2000df9c:	8044168b 	.word	0x8044168b
2000dfa0:	ab9c3fff 	.word	0xab9c3fff
2000dfa4:	914d1020 	.word	0x914d1020
2000dfa8:	ae0bff20 	.word	0xae0bff20
2000dfac:	d605d8bf 	.word	0xd605d8bf
2000dfb0:	02ff2c2f 	.word	0x02ff2c2f
2000dfb4:	016eafe9 	.word	0x016eafe9
2000dfb8:	6c378205 	.word	0x6c378205
2000dfbc:	10e48ec4 	.word	0x10e48ec4
2000dfc0:	10211c9f 	.word	0x10211c9f
2000dfc4:	bfa81e1f 	.word	0xbfa81e1f
2000dfc8:	b9f33c69 	.word	0xb9f33c69
2000dfcc:	e55d668b 	.word	0xe55d668b
2000dfd0:	a59aa9cf 	.word	0xa59aa9cf
2000dfd4:	c0c52422 	.word	0xc0c52422
2000dfd8:	baf2ff00 	.word	0xbaf2ff00
2000dfdc:	550a804e 	.word	0x550a804e
2000dfe0:	2dff8068 	.word	0x2dff8068
2000dfe4:	050086ff 	.word	0x050086ff
2000dfe8:	ffc0e33c 	.word	0xffc0e33c
2000dfec:	b8f2ae01 	.word	0xb8f2ae01
2000dff0:	c4ef2802 	.word	0xc4ef2802
2000dff4:	d18a01fe 	.word	0xd18a01fe
2000dff8:	617a01ec 	.word	0x617a01ec
2000dffc:	85808d80 	.word	0x85808d80
2000e000:	2293ffa9 	.word	0x2293ffa9
2000e004:	3f40447f 	.word	0x3f40447f
2000e008:	10e02b83 	.word	0x10e02b83
2000e00c:	005147f4 	.word	0x005147f4
2000e010:	e22f040b 	.word	0xe22f040b
2000e014:	5ca3d505 	.word	0x5ca3d505
2000e018:	73ea02f0 	.word	0x73ea02f0
2000e01c:	fe1e5bfc 	.word	0xfe1e5bfc
2000e020:	be60c4d4 	.word	0xbe60c4d4
2000e024:	e11f883f 	.word	0xe11f883f
2000e028:	18cfab01 	.word	0x18cfab01
2000e02c:	89b5920f 	.word	0x89b5920f
2000e030:	53bb890f 	.word	0x53bb890f
2000e034:	81224f44 	.word	0x81224f44
2000e038:	4744909f 	.word	0x4744909f
2000e03c:	5f1cc786 	.word	0x5f1cc786
2000e040:	ef5fb005 	.word	0xef5fb005
2000e044:	2d46e85c 	.word	0x2d46e85c
2000e048:	f91f524a 	.word	0xf91f524a
2000e04c:	19291016 	.word	0x19291016
2000e050:	579dd2d0 	.word	0x579dd2d0
2000e054:	e72f9476 	.word	0xe72f9476
2000e058:	3bb8d290 	.word	0x3bb8d290
2000e05c:	47b1cfd4 	.word	0x47b1cfd4
2000e060:	1c26307d 	.word	0x1c26307d
2000e064:	2c87c028 	.word	0x2c87c028
2000e068:	e87c3bd7 	.word	0xe87c3bd7
2000e06c:	172c518f 	.word	0x172c518f
2000e070:	4011012c 	.word	0x4011012c
2000e074:	49922421 	.word	0x49922421
2000e078:	00ff4025 	.word	0x00ff4025
2000e07c:	03e0c825 	.word	0x03e0c825
2000e080:	00004025 	.word	0x00004025
2000e084:	240a0001 	.word	0x240a0001
2000e088:	3c0e00ff 	.word	0x3c0e00ff
2000e08c:	04110046 	.word	0x04110046
2000e090:	00000000 	.word	0x00000000
2000e094:	10400006 	.word	0x10400006
2000e098:	240b0001 	.word	0x240b0001
2000e09c:	90890000 	.word	0x90890000
2000e0a0:	24840001 	.word	0x24840001
2000e0a4:	a0a90000 	.word	0xa0a90000
2000e0a8:	1000fff8 	.word	0x1000fff8
2000e0ac:	24a50001 	.word	0x24a50001
2000e0b0:	0411003d 	.word	0x0411003d
2000e0b4:	000b5840 	.word	0x000b5840
2000e0b8:	0411003b 	.word	0x0411003b
2000e0bc:	01625821 	.word	0x01625821
2000e0c0:	14400005 	.word	0x14400005
2000e0c4:	256bffff 	.word	0x256bffff
2000e0c8:	04110037 	.word	0x04110037
2000e0cc:	000b5840 	.word	0x000b5840
2000e0d0:	1000fff7 	.word	0x1000fff7
2000e0d4:	01625821 	.word	0x01625821
2000e0d8:	256bffff 	.word	0x256bffff
2000e0dc:	15600005 	.word	0x15600005
2000e0e0:	00000000 	.word	0x00000000
2000e0e4:	04110030 	.word	0x04110030
2000e0e8:	01405825 	.word	0x01405825
2000e0ec:	1000000e 	.word	0x1000000e
2000e0f0:	00406025 	.word	0x00406025
2000e0f4:	256bffff 	.word	0x256bffff
2000e0f8:	90890000 	.word	0x90890000
2000e0fc:	000b5a00 	.word	0x000b5a00
2000e100:	24840001 	.word	0x24840001
2000e104:	01695821 	.word	0x01695821
2000e108:	25690001 	.word	0x25690001
2000e10c:	15200002 	.word	0x15200002
2000e110:	00000000 	.word	0x00000000
2000e114:	03200008 	.word	0x03200008
2000e118:	312c0001 	.word	0x312c0001
2000e11c:	000b5842 	.word	0x000b5842
2000e120:	256b0001 	.word	0x256b0001
2000e124:	01605025 	.word	0x01605025
2000e128:	0411001f 	.word	0x0411001f
2000e12c:	00000000 	.word	0x00000000
2000e130:	11800003 	.word	0x11800003
2000e134:	00000000 	.word	0x00000000
2000e138:	1000000f 	.word	0x1000000f
2000e13c:	244c0003 	.word	0x244c0003
2000e140:	1440000a 	.word	0x1440000a
2000e144:	00000000 	.word	0x00000000
2000e148:	258c0001 	.word	0x258c0001
2000e14c:	04110016 	.word	0x04110016
2000e150:	000c6040 	.word	0x000c6040
2000e154:	04110014 	.word	0x04110014
2000e158:	01826021 	.word	0x01826021
2000e15c:	1040fffb 	.word	0x1040fffb
2000e160:	00000000 	.word	0x00000000
2000e164:	10000004 	.word	0x10000004
2000e168:	258c0005 	.word	0x258c0005
2000e16c:	0411000e 	.word	0x0411000e
2000e170:	00000000 	.word	0x00000000
2000e174:	244c0005 	.word	0x244c0005
2000e178:	2d690501 	.word	0x2d690501
2000e17c:	01896023 	.word	0x01896023
2000e180:	00ab6823 	.word	0x00ab6823
2000e184:	91a90000 	.word	0x91a90000
2000e188:	25ad0001 	.word	0x25ad0001
2000e18c:	a0a90000 	.word	0xa0a90000
2000e190:	00000000 	.word	0x00000000
2000e194:	258cffff 	.word	0x258cffff
2000e198:	1580fffa 	.word	0x1580fffa
2000e19c:	24a50001 	.word	0x24a50001
2000e1a0:	1000ffba 	.word	0x1000ffba
2000e1a4:	00000000 	.word	0x00000000
2000e1a8:	010e4824 	.word	0x010e4824
2000e1ac:	15200004 	.word	0x15200004
2000e1b0:	00000000 	.word	0x00000000
2000e1b4:	90890000 	.word	0x90890000
2000e1b8:	24840001 	.word	0x24840001
2000e1bc:	012e4025 	.word	0x012e4025
2000e1c0:	000811c2 	.word	0x000811c2
2000e1c4:	00084040 	.word	0x00084040
2000e1c8:	03e00008 	.word	0x03e00008
2000e1cc:	30420001 	.word	0x30420001
2000e1d0:	3c031f80 	.word	0x3c031f80
2000e1d4:	ac601074 	.word	0xac601074
2000e1d8:	3c04801c 	.word	0x3c04801c
2000e1dc:	24843e78 	.word	0x24843e78
2000e1e0:	3c05801b 	.word	0x3c05801b
2000e1e4:	0411ffa5 	.word	0x0411ffa5
2000e1e8:	24a50000 	.word	0x24a50000
2000e1ec:	240800a0 	.word	0x240800a0
2000e1f0:	3c1f801b 	.word	0x3c1f801b
2000e1f4:	27ff0000 	.word	0x27ff0000
2000e1f8:	01000008 	.word	0x01000008
2000e1fc:	24090044 	.word	0x24090044

2000e200 <striped_spin_lock_num>:
2000e200:	00000010                                ....

2000e204 <irq_handler_chain_slots>:
2000e204:	00000000 	.word	0x00000000
2000e208:	00010000 	.word	0x00010000
	...
2000e214:	00020000 	.word	0x00020000
	...
2000e220:	00030000 	.word	0x00030000
	...
2000e22c:	00ff0000 	.word	0x00ff0000
2000e230:	00000000 	.word	0x00000000

2000e234 <irq_handler_chain_first_slot>:
2000e234:	b501      	push	{r0, lr}
2000e236:	6848      	ldr	r0, [r1, #4]
2000e238:	3101      	adds	r1, #1
2000e23a:	468e      	mov	lr, r1
2000e23c:	4700      	bx	r0

2000e23e <irq_handler_chain_remove_tail>:
2000e23e:	4670      	mov	r0, lr
2000e240:	3809      	subs	r0, #9
2000e242:	4901      	ldr	r1, [pc, #4]	@ (2000e248 <irq_handler_chain_remove_tail+0xa>)
2000e244:	4788      	blx	r1
2000e246:	bd01      	pop	{r0, pc}
2000e248:	10000fa9 	.word	0x10000fa9

2000e24c <default_alarm_pool>:
	...
2000e260:	2000e370                                p.. 

2000e264 <stdio_usb>:
2000e264:	10002475 10002421 10002399 10002309     u$..!$...#...#..
2000e274:	00000000 00000100                       ........

2000e27c <_usbd_qdef>:
2000e27c:	2000e65c 000c0010 00000000 00000000     \.. ............
	...

2000e298 <_usbd_rhport>:
2000e298:	000000ff                                ....

2000e29c <print_mutex>:
	...
