
/home/breaker/git/PS1/pico_booty/build/pico_booty.elf:     file format elf32-littlearm

Sections:
Idx Name          Size      VMA       LMA       File off  Algn
  0 .text         00004320  10000000  10000000  00001000  2**3
                  CONTENTS, ALLOC, LOAD, READONLY, CODE
  1 .rodata       000003bc  10004320  10004320  00005320  2**2
                  CONTENTS, ALLOC, LOAD, READONLY, DATA
  2 .ARM.exidx    00000008  100046dc  100046dc  000056dc  2**2
                  CONTENTS, ALLOC, LOAD, READONLY, DATA
  3 .binary_info  00000024  100046e4  100046e4  000056e4  2**2
                  CONTENTS, ALLOC, LOAD, READONLY, DATA
  4 .ram_vector_table 00000110  20000000  20000000  00015000  2**2
                  ALLOC
  5 .uninitialized_data 00000000  20000110  20000110  000143d0  2**0
                  CONTENTS
  6 .data         0000dcb4  20000110  10004708  00006110  2**3
                  CONTENTS, ALLOC, LOAD, READONLY, CODE
  7 .tdata        00000000  2000ddc4  2000ddc4  000143d0  2**0
                  CONTENTS, ALLOC, LOAD, DATA, THREAD_LOCAL
  8 .tbss         00000000  2000ddc4  2000ddc4  00000000  2**0
                  ALLOC, THREAD_LOCAL
  9 .bss          00000c44  2000ddc8  100123bc  00014dc8  2**3
                  ALLOC
 10 .heap         00000800  2000ea0c  100123bc  00014a0c  2**2
                  ALLOC, READONLY
 11 .scratch_x    00000000  20080000  20080000  000143d0  2**0
                  CONTENTS
 12 .scratch_y    00000000  20081000  20081000  000143d0  2**0
                  CONTENTS
 13 .stack_dummy  00000800  20081000  20081000  00015000  2**5
                  ALLOC, READONLY
 14 .flash_end    00000014  100123bc  100123bc  000143bc  2**2
                  CONTENTS, ALLOC, LOAD, READONLY, DATA
 15 .ARM.attributes 00000034  00000000  00000000  000143d0  2**0
                  CONTENTS, READONLY
 16 .comment      00000045  00000000  00000000  00014404  2**0
                  CONTENTS, READONLY
 17 .debug_info   00030dd7  00000000  00000000  00014449  2**0
                  CONTENTS, READONLY, DEBUGGING, OCTETS
 18 .debug_abbrev 00009537  00000000  00000000  00045220  2**0
                  CONTENTS, READONLY, DEBUGGING, OCTETS
 19 .debug_loclists 000110e7  00000000  00000000  0004e757  2**0
                  CONTENTS, READONLY, DEBUGGING, OCTETS
 20 .debug_aranges 00001398  00000000  00000000  0005f840  2**3
                  CONTENTS, READONLY, DEBUGGING, OCTETS
 21 .debug_rnglists 00002978  00000000  00000000  00060bd8  2**0
                  CONTENTS, READONLY, DEBUGGING, OCTETS
 22 .debug_line   00018905  00000000  00000000  00063550  2**0
                  CONTENTS, READONLY, DEBUGGING, OCTETS
 23 .debug_str    0000a53f  00000000  00000000  0007be55  2**0
                  CONTENTS, READONLY, DEBUGGING, OCTETS
 24 .debug_frame  00003330  00000000  00000000  00086394  2**2
                  CONTENTS, READONLY, DEBUGGING, OCTETS
 25 .debug_line_str 0000013b  00000000  00000000  000896c4  2**0
                  CONTENTS, READONLY, DEBUGGING, OCTETS

/home/breaker/git/PS1/pico_booty/build/pico_booty.elf:     file format elf32-littlearm


Disassembly of section .text:

10000000 <__VECTOR_TABLE>:
10000000:	20082000 	.word	0x20082000
10000004:	1000015d 	.word	0x1000015d
10000008:	1000011b 	.word	0x1000011b
1000000c:	1000011d 	.word	0x1000011d
10000010:	10000111 	.word	0x10000111
10000014:	10000111 	.word	0x10000111
10000018:	10000111 	.word	0x10000111
1000001c:	10000111 	.word	0x10000111
10000020:	10000119 	.word	0x10000119
10000024:	10000119 	.word	0x10000119
10000028:	10000119 	.word	0x10000119
1000002c:	1000011f 	.word	0x1000011f
10000030:	10000111 	.word	0x10000111
10000034:	10000119 	.word	0x10000119
10000038:	10000121 	.word	0x10000121
1000003c:	10000123 	.word	0x10000123
10000040:	10000111 	.word	0x10000111
10000044:	10000111 	.word	0x10000111
10000048:	10000111 	.word	0x10000111
1000004c:	10000111 	.word	0x10000111
10000050:	10000111 	.word	0x10000111
10000054:	10000111 	.word	0x10000111
10000058:	10000111 	.word	0x10000111
1000005c:	10000111 	.word	0x10000111
10000060:	10000111 	.word	0x10000111
10000064:	10000111 	.word	0x10000111
10000068:	10000111 	.word	0x10000111
1000006c:	10000111 	.word	0x10000111
10000070:	10000111 	.word	0x10000111
10000074:	10000111 	.word	0x10000111
10000078:	10000111 	.word	0x10000111
1000007c:	10000111 	.word	0x10000111
10000080:	10000111 	.word	0x10000111
10000084:	10000111 	.word	0x10000111
10000088:	10000111 	.word	0x10000111
1000008c:	10000111 	.word	0x10000111
10000090:	10000111 	.word	0x10000111
10000094:	10000111 	.word	0x10000111
10000098:	10000111 	.word	0x10000111
1000009c:	10000111 	.word	0x10000111
100000a0:	10000111 	.word	0x10000111
100000a4:	10000111 	.word	0x10000111
100000a8:	10000111 	.word	0x10000111
100000ac:	10000111 	.word	0x10000111
100000b0:	10000111 	.word	0x10000111
100000b4:	10000111 	.word	0x10000111
100000b8:	10000111 	.word	0x10000111
100000bc:	10000111 	.word	0x10000111
100000c0:	10000111 	.word	0x10000111
100000c4:	10000111 	.word	0x10000111
100000c8:	10000111 	.word	0x10000111
100000cc:	10000111 	.word	0x10000111
100000d0:	10000111 	.word	0x10000111
100000d4:	10000111 	.word	0x10000111
100000d8:	10000111 	.word	0x10000111
100000dc:	10000111 	.word	0x10000111
100000e0:	10000111 	.word	0x10000111
100000e4:	10000111 	.word	0x10000111
100000e8:	10000111 	.word	0x10000111
100000ec:	10000111 	.word	0x10000111
100000f0:	10000111 	.word	0x10000111
100000f4:	10000111 	.word	0x10000111
100000f8:	10000111 	.word	0x10000111
100000fc:	10000111 	.word	0x10000111
10000100:	10000111 	.word	0x10000111
10000104:	10000111 	.word	0x10000111
10000108:	10000111 	.word	0x10000111
1000010c:	10000111 	.word	0x10000111

10000110 <__unhandled_user_irq>:
10000110:	f3ef 8005 	mrs	r0, IPSR
10000114:	3810      	subs	r0, #16

10000116 <unhandled_user_irq_num_in_r0>:
10000116:	be00      	bkpt	0x0000

10000118 <isr_invalid>:
10000118:	be00      	bkpt	0x0000

1000011a <isr_nmi>:
1000011a:	be00      	bkpt	0x0000

1000011c <isr_hardfault>:
1000011c:	be00      	bkpt	0x0000

1000011e <isr_svcall>:
1000011e:	be00      	bkpt	0x0000

10000120 <isr_pendsv>:
10000120:	be00      	bkpt	0x0000

10000122 <isr_systick>:
10000122:	be00      	bkpt	0x0000

10000124 <__default_isrs_end>:
10000124:	7188ebf2 	.word	0x7188ebf2
10000128:	100046e4 	.word	0x100046e4
1000012c:	10004708 	.word	0x10004708
10000130:	100001a0 	.word	0x100001a0
10000134:	e71aa390 	.word	0xe71aa390

10000138 <__binary_info_header_end>:
10000138:	ffffded3 	.word	0xffffded3
1000013c:	10210142 	.word	0x10210142
10000140:	000001ff 	.word	0x000001ff
10000144:	00012284 	.word	0x00012284
10000148:	ab123579 	.word	0xab123579

1000014c <_entry_point>:
1000014c:	f04f 0000 	mov.w	r0, #0

10000150 <_enter_vtable_in_r0>:
10000150:	491e      	ldr	r1, [pc, #120]	@ (100001cc <data_cpy_table+0x2c>)
10000152:	6008      	str	r0, [r1, #0]
10000154:	c806      	ldmia	r0!, {r1, r2}
10000156:	f381 8808 	msr	MSP, r1
1000015a:	4710      	bx	r2

1000015c <_reset_handler>:
1000015c:	f04f 4050 	mov.w	r0, #3489660928	@ 0xd0000000
10000160:	6800      	ldr	r0, [r0, #0]
10000162:	b110      	cbz	r0, 1000016a <hold_non_core0_in_bootrom+0x6>

10000164 <hold_non_core0_in_bootrom>:
10000164:	f04f 0000 	mov.w	r0, #0
10000168:	e7f2      	b.n	10000150 <_enter_vtable_in_r0>
1000016a:	a40d      	add	r4, pc, #52	@ (adr r4, 100001a0 <data_cpy_table>)
1000016c:	cc0e      	ldmia	r4!, {r1, r2, r3}
1000016e:	2900      	cmp	r1, #0
10000170:	d002      	beq.n	10000178 <hold_non_core0_in_bootrom+0x14>
10000172:	f000 f812 	bl	1000019a <data_cpy>
10000176:	e7f9      	b.n	1000016c <hold_non_core0_in_bootrom+0x8>
10000178:	4915      	ldr	r1, [pc, #84]	@ (100001d0 <data_cpy_table+0x30>)
1000017a:	4a16      	ldr	r2, [pc, #88]	@ (100001d4 <data_cpy_table+0x34>)
1000017c:	2000      	movs	r0, #0
1000017e:	e000      	b.n	10000182 <bss_fill_test>

10000180 <bss_fill_loop>:
10000180:	c101      	stmia	r1!, {r0}

10000182 <bss_fill_test>:
10000182:	4291      	cmp	r1, r2
10000184:	d1fc      	bne.n	10000180 <bss_fill_loop>

10000186 <platform_entry>:
10000186:	4914      	ldr	r1, [pc, #80]	@ (100001d8 <data_cpy_table+0x38>)
10000188:	4788      	blx	r1
1000018a:	4914      	ldr	r1, [pc, #80]	@ (100001dc <data_cpy_table+0x3c>)
1000018c:	4788      	blx	r1
1000018e:	4914      	ldr	r1, [pc, #80]	@ (100001e0 <data_cpy_table+0x40>)
10000190:	4788      	blx	r1
10000192:	be00      	bkpt	0x0000
10000194:	e7fd      	b.n	10000192 <platform_entry+0xc>

10000196 <data_cpy_loop>:
10000196:	c901      	ldmia	r1!, {r0}
10000198:	c201      	stmia	r2!, {r0}

1000019a <data_cpy>:
1000019a:	429a      	cmp	r2, r3
1000019c:	d3fb      	bcc.n	10000196 <data_cpy_loop>
1000019e:	4770      	bx	lr

100001a0 <data_cpy_table>:
100001a0:	10004708 	.word	0x10004708
100001a4:	20000110 	.word	0x20000110
100001a8:	2000ddc4 	.word	0x2000ddc4
100001ac:	100123bc 	.word	0x100123bc
100001b0:	20080000 	.word	0x20080000
100001b4:	20080000 	.word	0x20080000
100001b8:	100123bc 	.word	0x100123bc
100001bc:	20081000 	.word	0x20081000
100001c0:	20081000 	.word	0x20081000
100001c4:	00000000 	.word	0x00000000
100001c8:	4770      	bx	lr
100001ca:	0000      	.short	0x0000
100001cc:	e000ed08 	.word	0xe000ed08
100001d0:	2000ddc4 	.word	0x2000ddc4
100001d4:	2000ea0c 	.word	0x2000ea0c
100001d8:	10001c69 	.word	0x10001c69
100001dc:	100003a9 	.word	0x100003a9
100001e0:	10001c61 	.word	0x10001c61

100001e4 <_init>:
100001e4:	b5f8      	push	{r3, r4, r5, r6, r7, lr}
100001e6:	bf00      	nop

100001e8 <register_tm_clones>:
100001e8:	4b06      	ldr	r3, [pc, #24]	@ (10000204 <register_tm_clones+0x1c>)
100001ea:	4907      	ldr	r1, [pc, #28]	@ (10000208 <register_tm_clones+0x20>)
100001ec:	1ac9      	subs	r1, r1, r3
100001ee:	1089      	asrs	r1, r1, #2
100001f0:	bf48      	it	mi
100001f2:	3101      	addmi	r1, #1
100001f4:	1049      	asrs	r1, r1, #1
100001f6:	d003      	beq.n	10000200 <register_tm_clones+0x18>
100001f8:	4b04      	ldr	r3, [pc, #16]	@ (1000020c <register_tm_clones+0x24>)
100001fa:	b10b      	cbz	r3, 10000200 <register_tm_clones+0x18>
100001fc:	4801      	ldr	r0, [pc, #4]	@ (10000204 <register_tm_clones+0x1c>)
100001fe:	4718      	bx	r3
10000200:	4770      	bx	lr
10000202:	bf00      	nop
10000204:	2000ddc4 	.word	0x2000ddc4
10000208:	2000ddc4 	.word	0x2000ddc4
1000020c:	00000000 	.word	0x00000000

10000210 <frame_dummy>:
10000210:	b508      	push	{r3, lr}
10000212:	4b05      	ldr	r3, [pc, #20]	@ (10000228 <frame_dummy+0x18>)
10000214:	b11b      	cbz	r3, 1000021e <frame_dummy+0xe>
10000216:	4905      	ldr	r1, [pc, #20]	@ (1000022c <frame_dummy+0x1c>)
10000218:	4805      	ldr	r0, [pc, #20]	@ (10000230 <frame_dummy+0x20>)
1000021a:	f3af 8000 	nop.w
1000021e:	e8bd 4008 	ldmia.w	sp!, {r3, lr}
10000222:	f7ff bfe1 	b.w	100001e8 <register_tm_clones>
10000226:	bf00      	nop
10000228:	00000000 	.word	0x00000000
1000022c:	2000e830 	.word	0x2000e830
10000230:	10004320 	.word	0x10004320

10000234 <_Z15PIN_RSTCallbackjm>:
10000234:	b510      	push	{r4, lr}
10000236:	f011 0401 	ands.w	r4, r1, #1
1000023a:	d00f      	beq.n	1000025c <_Z15PIN_RSTCallbackjm+0x28>
1000023c:	4b12      	ldr	r3, [pc, #72]	@ (10000288 <_Z15PIN_RSTCallbackjm+0x54>)
1000023e:	2101      	movs	r1, #1
10000240:	6a9a      	ldr	r2, [r3, #40]	@ 0x28
10000242:	4b12      	ldr	r3, [pc, #72]	@ (1000028c <_Z15PIN_RSTCallbackjm+0x58>)
10000244:	601a      	str	r2, [r3, #0]
10000246:	2200      	movs	r2, #0
10000248:	4610      	mov	r0, r2
1000024a:	f000 fbcb 	bl	100009e4 <gpio_set_irq_enabled>
1000024e:	2201      	movs	r2, #1
10000250:	2102      	movs	r1, #2
10000252:	e8bd 4010 	ldmia.w	sp!, {r4, lr}
10000256:	2000      	movs	r0, #0
10000258:	f000 bbc4 	b.w	100009e4 <gpio_set_irq_enabled>
1000025c:	078b      	lsls	r3, r1, #30
1000025e:	d50f      	bpl.n	10000280 <_Z15PIN_RSTCallbackjm+0x4c>
10000260:	4622      	mov	r2, r4
10000262:	2102      	movs	r1, #2
10000264:	4620      	mov	r0, r4
10000266:	f000 fbbd 	bl	100009e4 <gpio_set_irq_enabled>
1000026a:	4b07      	ldr	r3, [pc, #28]	@ (10000288 <_Z15PIN_RSTCallbackjm+0x54>)
1000026c:	4a07      	ldr	r2, [pc, #28]	@ (1000028c <_Z15PIN_RSTCallbackjm+0x58>)
1000026e:	6a9b      	ldr	r3, [r3, #40]	@ 0x28
10000270:	6812      	ldr	r2, [r2, #0]
10000272:	1a9b      	subs	r3, r3, r2
10000274:	f5b3 7ffa 	cmp.w	r3, #500	@ 0x1f4
10000278:	d303      	bcc.n	10000282 <_Z15PIN_RSTCallbackjm+0x4e>
1000027a:	2201      	movs	r2, #1
1000027c:	4b04      	ldr	r3, [pc, #16]	@ (10000290 <_Z15PIN_RSTCallbackjm+0x5c>)
1000027e:	701a      	strb	r2, [r3, #0]
10000280:	bd10      	pop	{r4, pc}
10000282:	2201      	movs	r2, #1
10000284:	4611      	mov	r1, r2
10000286:	e7e4      	b.n	10000252 <_Z15PIN_RSTCallbackjm+0x1e>
10000288:	400b0000 	.word	0x400b0000
1000028c:	2000e820 	.word	0x2000e820
10000290:	2000e8ae 	.word	0x2000e8ae

10000294 <_Z7initDMAPVKvj>:
10000294:	b538      	push	{r3, r4, r5, lr}
10000296:	4605      	mov	r5, r0
10000298:	2001      	movs	r0, #1
1000029a:	460c      	mov	r4, r1
1000029c:	f000 f91a 	bl	100004d4 <dma_claim_unused_channel>
100002a0:	4a06      	ldr	r2, [pc, #24]	@ (100002bc <_Z7initDMAPVKvj+0x28>)
100002a2:	4907      	ldr	r1, [pc, #28]	@ (100002c0 <_Z7initDMAPVKvj+0x2c>)
100002a4:	ea02 3240 	and.w	r2, r2, r0, lsl #13
100002a8:	0183      	lsls	r3, r0, #6
100002aa:	f103 43a0 	add.w	r3, r3, #1342177280	@ 0x50000000
100002ae:	f042 0211 	orr.w	r2, r2, #17
100002b2:	601d      	str	r5, [r3, #0]
100002b4:	6059      	str	r1, [r3, #4]
100002b6:	609c      	str	r4, [r3, #8]
100002b8:	60da      	str	r2, [r3, #12]
100002ba:	bd38      	pop	{r3, r4, r5, pc}
100002bc:	fc01e0f1 	.word	0xfc01e0f1
100002c0:	50200010 	.word	0x50200010

100002c4 <_Z19initParallelProgramP8pio_hw_thh>:
100002c4:	f44f 3380 	mov.w	r3, #65536	@ 0x10000
100002c8:	e92d 41f0 	stmdb	sp!, {r4, r5, r6, r7, r8, lr}
100002cc:	b086      	sub	sp, #24
100002ce:	4616      	mov	r6, r2
100002d0:	9302      	str	r3, [sp, #8]
100002d2:	f04f 4300 	mov.w	r3, #2147483648	@ 0x80000000
100002d6:	f100 442f 	add.w	r4, r0, #2936012800	@ 0xaf000000
100002da:	9305      	str	r3, [sp, #20]
100002dc:	f106 0308 	add.w	r3, r6, #8
100002e0:	3202      	adds	r2, #2
100002e2:	031b      	lsls	r3, r3, #12
100002e4:	f504 0460 	add.w	r4, r4, #14680064	@ 0xe00000
100002e8:	ea43 13c2 	orr.w	r3, r3, r2, lsl #7
100002ec:	0d24      	lsrs	r4, r4, #20
100002ee:	f043 43c0 	orr.w	r3, r3, #1610612736	@ 0x60000000
100002f2:	3406      	adds	r4, #6
100002f4:	9303      	str	r3, [sp, #12]
100002f6:	b2e4      	uxtb	r4, r4
100002f8:	4b29      	ldr	r3, [pc, #164]	@ (100003a0 <_Z19initParallelProgramP8pio_hw_thh+0xdc>)
100002fa:	4605      	mov	r5, r0
100002fc:	460f      	mov	r7, r1
100002fe:	2001      	movs	r0, #1
10000300:	4621      	mov	r1, r4
10000302:	9304      	str	r3, [sp, #16]
10000304:	f000 fb34 	bl	10000970 <gpio_set_function>
10000308:	4621      	mov	r1, r4
1000030a:	200c      	movs	r0, #12
1000030c:	f000 fb30 	bl	10000970 <gpio_set_function>
10000310:	2101      	movs	r1, #1
10000312:	4608      	mov	r0, r1
10000314:	f000 fbaa 	bl	10000a6c <gpio_set_input_enabled>
10000318:	2101      	movs	r1, #1
1000031a:	200c      	movs	r0, #12
1000031c:	f000 fba6 	bl	10000a6c <gpio_set_input_enabled>
10000320:	9b03      	ldr	r3, [sp, #12]
10000322:	f04f 0803 	mov.w	r8, #3
10000326:	f023 53f8 	bic.w	r3, r3, #520093696	@ 0x1f000000
1000032a:	f043 6340 	orr.w	r3, r3, #201326592	@ 0xc000000
1000032e:	9303      	str	r3, [sp, #12]
10000330:	2300      	movs	r3, #0
10000332:	2203      	movs	r2, #3
10000334:	9300      	str	r3, [sp, #0]
10000336:	4639      	mov	r1, r7
10000338:	2308      	movs	r3, #8
1000033a:	4628      	mov	r0, r5
1000033c:	f000 fa37 	bl	100007ae <pio_sm_set_consecutive_pindirs>
10000340:	9a05      	ldr	r2, [sp, #20]
10000342:	4b18      	ldr	r3, [pc, #96]	@ (100003a4 <_Z19initParallelProgramP8pio_hw_thh+0xe0>)
10000344:	4013      	ands	r3, r2
10000346:	f043 53a4 	orr.w	r3, r3, #343932928	@ 0x14800000
1000034a:	f043 0363 	orr.w	r3, r3, #99	@ 0x63
1000034e:	9305      	str	r3, [sp, #20]
10000350:	4640      	mov	r0, r8
10000352:	4621      	mov	r1, r4
10000354:	f000 fb0c 	bl	10000970 <gpio_set_function>
10000358:	4640      	mov	r0, r8
1000035a:	2101      	movs	r1, #1
1000035c:	f000 fb24 	bl	100009a8 <gpio_set_slew_rate>
10000360:	4640      	mov	r0, r8
10000362:	2101      	movs	r1, #1
10000364:	f108 0801 	add.w	r8, r8, #1
10000368:	f000 fb2c 	bl	100009c4 <gpio_set_drive_strength>
1000036c:	f1b8 0f0b 	cmp.w	r8, #11
10000370:	d1ee      	bne.n	10000350 <_Z19initParallelProgramP8pio_hw_thh+0x8c>
10000372:	9b03      	ldr	r3, [sp, #12]
10000374:	4632      	mov	r2, r6
10000376:	f043 43c0 	orr.w	r3, r3, #1610612736	@ 0x60000000
1000037a:	9303      	str	r3, [sp, #12]
1000037c:	9b05      	ldr	r3, [sp, #20]
1000037e:	4639      	mov	r1, r7
10000380:	f023 4360 	bic.w	r3, r3, #3758096384	@ 0xe0000000
10000384:	f423 43f8 	bic.w	r3, r3, #31744	@ 0x7c00
10000388:	f043 4300 	orr.w	r3, r3, #2147483648	@ 0x80000000
1000038c:	f443 5300 	orr.w	r3, r3, #8192	@ 0x2000
10000390:	9305      	str	r3, [sp, #20]
10000392:	4628      	mov	r0, r5
10000394:	ab02      	add	r3, sp, #8
10000396:	f000 fa47 	bl	10000828 <pio_sm_init>
1000039a:	b006      	add	sp, #24
1000039c:	e8bd 81f0 	ldmia.w	sp!, {r4, r5, r6, r7, r8, pc}
100003a0:	50040000 	.word	0x50040000
100003a4:	e00ffc00 	.word	0xe00ffc00

100003a8 <main>:
100003a8:	e92d 41f0 	stmdb	sp!, {r4, r5, r6, r7, r8, lr}
100003ac:	f001 fd3e 	bl	10001e2c <stdio_init_all>
100003b0:	2000      	movs	r0, #0
100003b2:	f000 fb69 	bl	10000a88 <gpio_init>
100003b6:	2400      	movs	r4, #0
100003b8:	ec44 4044 	gpioc_bit_oe_put r4, r4
100003bc:	4939      	ldr	r1, [pc, #228]	@ (100004a4 <main+0xfc>)
100003be:	483a      	ldr	r0, [pc, #232]	@ (100004a8 <main+0x100>)
100003c0:	f000 f9dc 	bl	1000077c <pio_add_program>
100003c4:	4621      	mov	r1, r4
100003c6:	b2c2      	uxtb	r2, r0
100003c8:	4837      	ldr	r0, [pc, #220]	@ (100004a8 <main+0x100>)
100003ca:	f7ff ff7b 	bl	100002c4 <_Z19initParallelProgramP8pio_hw_thh>
100003ce:	4f37      	ldr	r7, [pc, #220]	@ (100004ac <main+0x104>)
100003d0:	4b37      	ldr	r3, [pc, #220]	@ (100004b0 <main+0x108>)
100003d2:	4e38      	ldr	r6, [pc, #224]	@ (100004b4 <main+0x10c>)
100003d4:	1aff      	subs	r7, r7, r3
100003d6:	4639      	mov	r1, r7
100003d8:	4835      	ldr	r0, [pc, #212]	@ (100004b0 <main+0x108>)
100003da:	f7ff ff5b 	bl	10000294 <_Z7initDMAPVKvj>
100003de:	1e04      	subs	r4, r0, #0
100003e0:	db59      	blt.n	10000496 <main+0xee>
100003e2:	2500      	movs	r5, #0
100003e4:	f04f 0301 	mov.w	r3, #1
100003e8:	ec43 5044 	gpioc_bit_oe_put r5, r3
100003ec:	ec45 5040 	gpioc_bit_out_put r5, r5
100003f0:	4a2d      	ldr	r2, [pc, #180]	@ (100004a8 <main+0x100>)
100003f2:	20fa      	movs	r0, #250	@ 0xfa
100003f4:	6813      	ldr	r3, [r2, #0]
100003f6:	f043 0301 	orr.w	r3, r3, #1
100003fa:	6013      	str	r3, [r2, #0]
100003fc:	f001 f93b 	bl	10001676 <sleep_ms>
10000400:	ec45 5044 	gpioc_bit_oe_put r5, r5
10000404:	f04f 4550 	mov.w	r5, #3489660928	@ 0xd0000000
10000408:	686b      	ldr	r3, [r5, #4]
1000040a:	07d8      	lsls	r0, r3, #31
1000040c:	d537      	bpl.n	1000047e <main+0xd6>
1000040e:	2201      	movs	r2, #1
10000410:	2000      	movs	r0, #0
10000412:	4611      	mov	r1, r2
10000414:	4b28      	ldr	r3, [pc, #160]	@ (100004b8 <main+0x110>)
10000416:	f000 fb15 	bl	10000a44 <gpio_set_irq_enabled_with_callback>
1000041a:	4d28      	ldr	r5, [pc, #160]	@ (100004bc <main+0x114>)
1000041c:	782b      	ldrb	r3, [r5, #0]
1000041e:	b393      	cbz	r3, 10000486 <main+0xde>
10000420:	f04f 4850 	mov.w	r8, #3489660928	@ 0xd0000000
10000424:	f8d8 3004 	ldr.w	r3, [r8, #4]
10000428:	07d9      	lsls	r1, r3, #31
1000042a:	d530      	bpl.n	1000048e <main+0xe6>
1000042c:	4824      	ldr	r0, [pc, #144]	@ (100004c0 <main+0x118>)
1000042e:	f001 fd0d 	bl	10001e4c <__wrap_puts>
10000432:	2300      	movs	r3, #0
10000434:	702b      	strb	r3, [r5, #0]
10000436:	2301      	movs	r3, #1
10000438:	f04f 42a0 	mov.w	r2, #1342177280	@ 0x50000000
1000043c:	40a3      	lsls	r3, r4
1000043e:	f8c2 3464 	str.w	r3, [r2, #1124]	@ 0x464
10000442:	eb02 1384 	add.w	r3, r2, r4, lsl #6
10000446:	68da      	ldr	r2, [r3, #12]
10000448:	0152      	lsls	r2, r2, #5
1000044a:	d4fc      	bmi.n	10000446 <main+0x9e>
1000044c:	4620      	mov	r0, r4
1000044e:	f000 f83b 	bl	100004c8 <dma_channel_unclaim>
10000452:	4b15      	ldr	r3, [pc, #84]	@ (100004a8 <main+0x100>)
10000454:	2110      	movs	r1, #16
10000456:	681a      	ldr	r2, [r3, #0]
10000458:	f022 0201 	bic.w	r2, r2, #1
1000045c:	601a      	str	r2, [r3, #0]
1000045e:	f04f 4200 	mov.w	r2, #2147483648	@ 0x80000000
10000462:	f8c6 20d0 	str.w	r2, [r6, #208]	@ 0xd0
10000466:	f8c6 20d0 	str.w	r2, [r6, #208]	@ 0xd0
1000046a:	f1a2 523f 	sub.w	r2, r2, #801112064	@ 0x2fc00000
1000046e:	f5a2 12ff 	sub.w	r2, r2, #2088960	@ 0x1fe000
10000472:	6011      	str	r1, [r2, #0]
10000474:	681a      	ldr	r2, [r3, #0]
10000476:	f042 0201 	orr.w	r2, r2, #1
1000047a:	601a      	str	r2, [r3, #0]
1000047c:	e7ab      	b.n	100003d6 <main+0x2e>
1000047e:	2001      	movs	r0, #1
10000480:	f001 f8f9 	bl	10001676 <sleep_ms>
10000484:	e7c0      	b.n	10000408 <main+0x60>
10000486:	2001      	movs	r0, #1
10000488:	f001 f8f5 	bl	10001676 <sleep_ms>
1000048c:	e7c6      	b.n	1000041c <main+0x74>
1000048e:	2001      	movs	r0, #1
10000490:	f001 f8f1 	bl	10001676 <sleep_ms>
10000494:	e7c6      	b.n	10000424 <main+0x7c>
10000496:	480b      	ldr	r0, [pc, #44]	@ (100004c4 <main+0x11c>)
10000498:	f001 fcd8 	bl	10001e4c <__wrap_puts>
1000049c:	2001      	movs	r0, #1
1000049e:	e8bd 81f0 	ldmia.w	sp!, {r4, r5, r6, r7, r8, pc}
100004a2:	bf00      	nop
100004a4:	100044ac 	.word	0x100044ac
100004a8:	50200000 	.word	0x50200000
100004ac:	2000dd20 	.word	0x2000dd20
100004b0:	20000900 	.word	0x20000900
100004b4:	50201000 	.word	0x50201000
100004b8:	10000235 	.word	0x10000235
100004bc:	2000e8ae 	.word	0x2000e8ae
100004c0:	10004339 	.word	0x10004339
100004c4:	10004320 	.word	0x10004320

100004c8 <dma_channel_unclaim>:
100004c8:	4601      	mov	r1, r0
100004ca:	4801      	ldr	r0, [pc, #4]	@ (100004d0 <dma_channel_unclaim+0x8>)
100004cc:	f000 b895 	b.w	100005fa <hw_claim_clear>
100004d0:	2000e884 	.word	0x2000e884

100004d4 <dma_claim_unused_channel>:
100004d4:	b507      	push	{r0, r1, r2, lr}
100004d6:	4b05      	ldr	r3, [pc, #20]	@ (100004ec <dma_claim_unused_channel+0x18>)
100004d8:	4601      	mov	r1, r0
100004da:	9300      	str	r3, [sp, #0]
100004dc:	2200      	movs	r2, #0
100004de:	230f      	movs	r3, #15
100004e0:	4803      	ldr	r0, [pc, #12]	@ (100004f0 <dma_claim_unused_channel+0x1c>)
100004e2:	f000 f861 	bl	100005a8 <hw_claim_unused_from_range>
100004e6:	b003      	add	sp, #12
100004e8:	bd00      	pop	{pc}
100004ea:	bf00      	nop
100004ec:	10004348 	.word	0x10004348
100004f0:	2000e884 	.word	0x2000e884

100004f4 <panic>:
100004f4:	b40f      	push	{r0, r1, r2, r3}
100004f6:	b507      	push	{r0, r1, r2, lr}
100004f8:	9c04      	ldr	r4, [sp, #16]
100004fa:	4807      	ldr	r0, [pc, #28]	@ (10000518 <panic+0x24>)
100004fc:	f001 fca6 	bl	10001e4c <__wrap_puts>
10000500:	b13c      	cbz	r4, 10000512 <panic+0x1e>
10000502:	a905      	add	r1, sp, #20
10000504:	4620      	mov	r0, r4
10000506:	9101      	str	r1, [sp, #4]
10000508:	f001 fb92 	bl	10001c30 <weak_raw_vprintf>
1000050c:	4803      	ldr	r0, [pc, #12]	@ (1000051c <panic+0x28>)
1000050e:	f001 fc9d 	bl	10001e4c <__wrap_puts>
10000512:	2001      	movs	r0, #1
10000514:	f001 fba2 	bl	10001c5c <_exit>
10000518:	10004366 	.word	0x10004366
1000051c:	10004374 	.word	0x10004374

10000520 <hw_claim_lock>:
10000520:	f3ef 8010 	mrs	r0, PRIMASK
10000524:	b672      	cpsid	i
10000526:	4b06      	ldr	r3, [pc, #24]	@ (10000540 <hw_claim_lock+0x20>)
10000528:	e8d3 1fcf 	ldaexb	r1, [r3]
1000052c:	2201      	movs	r2, #1
1000052e:	2900      	cmp	r1, #0
10000530:	d1fa      	bne.n	10000528 <hw_claim_lock+0x8>
10000532:	e8c3 2f41 	strexb	r1, r2, [r3]
10000536:	2900      	cmp	r1, #0
10000538:	d1f6      	bne.n	10000528 <hw_claim_lock+0x8>
1000053a:	f3bf 8f5f 	dmb	sy
1000053e:	4770      	bx	lr
10000540:	2000e8bd 	.word	0x2000e8bd

10000544 <hw_claim_unlock>:
10000544:	2300      	movs	r3, #0
10000546:	4a03      	ldr	r2, [pc, #12]	@ (10000554 <hw_claim_unlock+0x10>)
10000548:	e8c2 3f8f 	stlb	r3, [r2]
1000054c:	f380 8810 	msr	PRIMASK, r0
10000550:	4770      	bx	lr
10000552:	bf00      	nop
10000554:	2000e8bd 	.word	0x2000e8bd

10000558 <hw_is_claimed>:
10000558:	08cb      	lsrs	r3, r1, #3
1000055a:	5cc2      	ldrb	r2, [r0, r3]
1000055c:	2301      	movs	r3, #1
1000055e:	f001 0107 	and.w	r1, r1, #7
10000562:	408b      	lsls	r3, r1
10000564:	421a      	tst	r2, r3
10000566:	bf14      	ite	ne
10000568:	2001      	movne	r0, #1
1000056a:	2000      	moveq	r0, #0
1000056c:	4770      	bx	lr

1000056e <hw_claim_or_assert>:
1000056e:	b5f8      	push	{r3, r4, r5, r6, r7, lr}
10000570:	4605      	mov	r5, r0
10000572:	460c      	mov	r4, r1
10000574:	4617      	mov	r7, r2
10000576:	f7ff ffd3 	bl	10000520 <hw_claim_lock>
1000057a:	4621      	mov	r1, r4
1000057c:	4606      	mov	r6, r0
1000057e:	4628      	mov	r0, r5
10000580:	f7ff ffea 	bl	10000558 <hw_is_claimed>
10000584:	b118      	cbz	r0, 1000058e <hw_claim_or_assert+0x20>
10000586:	4621      	mov	r1, r4
10000588:	4638      	mov	r0, r7
1000058a:	f7ff ffb3 	bl	100004f4 <panic>
1000058e:	2301      	movs	r3, #1
10000590:	08e2      	lsrs	r2, r4, #3
10000592:	5ca9      	ldrb	r1, [r5, r2]
10000594:	f004 0407 	and.w	r4, r4, #7
10000598:	40a3      	lsls	r3, r4
1000059a:	430b      	orrs	r3, r1
1000059c:	54ab      	strb	r3, [r5, r2]
1000059e:	4630      	mov	r0, r6
100005a0:	e8bd 40f8 	ldmia.w	sp!, {r3, r4, r5, r6, r7, lr}
100005a4:	f7ff bfce 	b.w	10000544 <hw_claim_unlock>

100005a8 <hw_claim_unused_from_range>:
100005a8:	e92d 41f0 	stmdb	sp!, {r4, r5, r6, r7, r8, lr}
100005ac:	4605      	mov	r5, r0
100005ae:	460e      	mov	r6, r1
100005b0:	4614      	mov	r4, r2
100005b2:	4698      	mov	r8, r3
100005b4:	f7ff ffb4 	bl	10000520 <hw_claim_lock>
100005b8:	4607      	mov	r7, r0
100005ba:	4544      	cmp	r4, r8
100005bc:	d902      	bls.n	100005c4 <hw_claim_unused_from_range+0x1c>
100005be:	f04f 34ff 	mov.w	r4, #4294967295	@ 0xffffffff
100005c2:	e00c      	b.n	100005de <hw_claim_unused_from_range+0x36>
100005c4:	4621      	mov	r1, r4
100005c6:	4628      	mov	r0, r5
100005c8:	f7ff ffc6 	bl	10000558 <hw_is_claimed>
100005cc:	b980      	cbnz	r0, 100005f0 <hw_claim_unused_from_range+0x48>
100005ce:	2301      	movs	r3, #1
100005d0:	08e2      	lsrs	r2, r4, #3
100005d2:	f004 0107 	and.w	r1, r4, #7
100005d6:	408b      	lsls	r3, r1
100005d8:	5ca9      	ldrb	r1, [r5, r2]
100005da:	430b      	orrs	r3, r1
100005dc:	54ab      	strb	r3, [r5, r2]
100005de:	4638      	mov	r0, r7
100005e0:	f7ff ffb0 	bl	10000544 <hw_claim_unlock>
100005e4:	2c00      	cmp	r4, #0
100005e6:	da05      	bge.n	100005f4 <hw_claim_unused_from_range+0x4c>
100005e8:	b126      	cbz	r6, 100005f4 <hw_claim_unused_from_range+0x4c>
100005ea:	9806      	ldr	r0, [sp, #24]
100005ec:	f7ff ff82 	bl	100004f4 <panic>
100005f0:	3401      	adds	r4, #1
100005f2:	e7e2      	b.n	100005ba <hw_claim_unused_from_range+0x12>
100005f4:	4620      	mov	r0, r4
100005f6:	e8bd 81f0 	ldmia.w	sp!, {r4, r5, r6, r7, r8, pc}

100005fa <hw_claim_clear>:
100005fa:	b538      	push	{r3, r4, r5, lr}
100005fc:	460c      	mov	r4, r1
100005fe:	4605      	mov	r5, r0
10000600:	f7ff ff8e 	bl	10000520 <hw_claim_lock>
10000604:	2201      	movs	r2, #1
10000606:	08e1      	lsrs	r1, r4, #3
10000608:	5c6b      	ldrb	r3, [r5, r1]
1000060a:	f004 0407 	and.w	r4, r4, #7
1000060e:	40a2      	lsls	r2, r4
10000610:	ea23 0302 	bic.w	r3, r3, r2
10000614:	546b      	strb	r3, [r5, r1]
10000616:	e8bd 4038 	ldmia.w	sp!, {r3, r4, r5, lr}
1000061a:	f7ff bf93 	b.w	10000544 <hw_claim_unlock>
	...

10000620 <next_striped_spin_lock_num>:
10000620:	4a04      	ldr	r2, [pc, #16]	@ (10000634 <next_striped_spin_lock_num+0x14>)
10000622:	7810      	ldrb	r0, [r2, #0]
10000624:	1c43      	adds	r3, r0, #1
10000626:	b2db      	uxtb	r3, r3
10000628:	2b18      	cmp	r3, #24
1000062a:	bf28      	it	cs
1000062c:	2310      	movcs	r3, #16
1000062e:	7013      	strb	r3, [r2, #0]
10000630:	4770      	bx	lr
10000632:	bf00      	nop
10000634:	2000dd20 	.word	0x2000dd20

10000638 <spin_lock_claim_unused>:
10000638:	b507      	push	{r0, r1, r2, lr}
1000063a:	4b05      	ldr	r3, [pc, #20]	@ (10000650 <spin_lock_claim_unused+0x18>)
1000063c:	4601      	mov	r1, r0
1000063e:	9300      	str	r3, [sp, #0]
10000640:	2218      	movs	r2, #24
10000642:	231f      	movs	r3, #31
10000644:	4803      	ldr	r0, [pc, #12]	@ (10000654 <spin_lock_claim_unused+0x1c>)
10000646:	f7ff ffaf 	bl	100005a8 <hw_claim_unused_from_range>
1000064a:	b003      	add	sp, #12
1000064c:	bd00      	pop	{pc}
1000064e:	bf00      	nop
10000650:	10004376 	.word	0x10004376
10000654:	2000e3e8 	.word	0x2000e3e8

10000658 <spinlock_set_extexclall>:
10000658:	f04f 22e0 	mov.w	r2, #3758153728	@ 0xe000e000
1000065c:	6893      	ldr	r3, [r2, #8]
1000065e:	f043 5300 	orr.w	r3, r3, #536870912	@ 0x20000000
10000662:	6093      	str	r3, [r2, #8]
10000664:	4770      	bx	lr
	...

10000668 <spin_locks_reset>:
10000668:	2300      	movs	r3, #0
1000066a:	461a      	mov	r2, r3
1000066c:	4803      	ldr	r0, [pc, #12]	@ (1000067c <spin_locks_reset+0x14>)
1000066e:	1819      	adds	r1, r3, r0
10000670:	e8c1 2f8f 	stlb	r2, [r1]
10000674:	3301      	adds	r3, #1
10000676:	2b20      	cmp	r3, #32
10000678:	d1f9      	bne.n	1000066e <spin_locks_reset+0x6>
1000067a:	4770      	bx	lr
1000067c:	2000e8b2 	.word	0x2000e8b2

10000680 <add_program_at_offset_check>:
10000680:	b510      	push	{r4, lr}
10000682:	f8d0 4168 	ldr.w	r4, [r0, #360]	@ 0x168
10000686:	79cb      	ldrb	r3, [r1, #7]
10000688:	b1dc      	cbz	r4, 100006c2 <add_program_at_offset_check+0x42>
1000068a:	f013 0f01 	tst.w	r3, #1
1000068e:	d11b      	bne.n	100006c8 <add_program_at_offset_check+0x48>
10000690:	f991 3005 	ldrsb.w	r3, [r1, #5]
10000694:	2b00      	cmp	r3, #0
10000696:	db01      	blt.n	1000069c <add_program_at_offset_check+0x1c>
10000698:	4293      	cmp	r3, r2
1000069a:	d115      	bne.n	100006c8 <add_program_at_offset_check+0x48>
1000069c:	2301      	movs	r3, #1
1000069e:	7909      	ldrb	r1, [r1, #4]
100006a0:	f100 402f 	add.w	r0, r0, #2936012800	@ 0xaf000000
100006a4:	408b      	lsls	r3, r1
100006a6:	3b01      	subs	r3, #1
100006a8:	4093      	lsls	r3, r2
100006aa:	f500 0060 	add.w	r0, r0, #14680064	@ 0xe00000
100006ae:	4a08      	ldr	r2, [pc, #32]	@ (100006d0 <add_program_at_offset_check+0x50>)
100006b0:	0d00      	lsrs	r0, r0, #20
100006b2:	f852 2020 	ldr.w	r2, [r2, r0, lsl #2]
100006b6:	4213      	tst	r3, r2
100006b8:	bf0c      	ite	eq
100006ba:	2000      	moveq	r0, #0
100006bc:	f06f 0008 	mvnne.w	r0, #8
100006c0:	bd10      	pop	{r4, pc}
100006c2:	f013 0f04 	tst.w	r3, #4
100006c6:	e7e2      	b.n	1000068e <add_program_at_offset_check+0xe>
100006c8:	f06f 000a 	mvn.w	r0, #10
100006cc:	e7f8      	b.n	100006c0 <add_program_at_offset_check+0x40>
100006ce:	bf00      	nop
100006d0:	2000e100 	.word	0x2000e100

100006d4 <add_program_at_offset>:
100006d4:	b5f8      	push	{r3, r4, r5, r6, r7, lr}
100006d6:	4604      	mov	r4, r0
100006d8:	460f      	mov	r7, r1
100006da:	4615      	mov	r5, r2
100006dc:	f7ff ffd0 	bl	10000680 <add_program_at_offset_check>
100006e0:	b990      	cbnz	r0, 10000708 <add_program_at_offset+0x34>
100006e2:	793e      	ldrb	r6, [r7, #4]
100006e4:	42b0      	cmp	r0, r6
100006e6:	d310      	bcc.n	1000070a <add_program_at_offset+0x36>
100006e8:	2301      	movs	r3, #1
100006ea:	f104 402f 	add.w	r0, r4, #2936012800	@ 0xaf000000
100006ee:	4a0d      	ldr	r2, [pc, #52]	@ (10000724 <add_program_at_offset+0x50>)
100006f0:	f500 0060 	add.w	r0, r0, #14680064	@ 0xe00000
100006f4:	0d00      	lsrs	r0, r0, #20
100006f6:	40b3      	lsls	r3, r6
100006f8:	f852 1020 	ldr.w	r1, [r2, r0, lsl #2]
100006fc:	3b01      	subs	r3, #1
100006fe:	40ab      	lsls	r3, r5
10000700:	430b      	orrs	r3, r1
10000702:	f842 3020 	str.w	r3, [r2, r0, lsl #2]
10000706:	4628      	mov	r0, r5
10000708:	bdf8      	pop	{r3, r4, r5, r6, r7, pc}
1000070a:	683b      	ldr	r3, [r7, #0]
1000070c:	182a      	adds	r2, r5, r0
1000070e:	f833 3010 	ldrh.w	r3, [r3, r0, lsl #1]
10000712:	3212      	adds	r2, #18
10000714:	f5b3 5f00 	cmp.w	r3, #8192	@ 0x2000
10000718:	bf38      	it	cc
1000071a:	195b      	addcc	r3, r3, r5
1000071c:	f844 3022 	str.w	r3, [r4, r2, lsl #2]
10000720:	3001      	adds	r0, #1
10000722:	e7df      	b.n	100006e4 <add_program_at_offset+0x10>
10000724:	2000e100 	.word	0x2000e100

10000728 <find_offset_for_program.isra.0>:
10000728:	f100 402f 	add.w	r0, r0, #2936012800	@ 0xaf000000
1000072c:	4b12      	ldr	r3, [pc, #72]	@ (10000778 <find_offset_for_program.isra.0+0x50>)
1000072e:	f500 0060 	add.w	r0, r0, #14680064	@ 0xe00000
10000732:	0d00      	lsrs	r0, r0, #20
10000734:	b510      	push	{r4, lr}
10000736:	f853 4020 	ldr.w	r4, [r3, r0, lsl #2]
1000073a:	2301      	movs	r3, #1
1000073c:	2a00      	cmp	r2, #0
1000073e:	fa03 f301 	lsl.w	r3, r3, r1
10000742:	f103 33ff 	add.w	r3, r3, #4294967295	@ 0xffffffff
10000746:	f1c1 0020 	rsb	r0, r1, #32
1000074a:	db0d      	blt.n	10000768 <find_offset_for_program.isra.0+0x40>
1000074c:	4282      	cmp	r2, r0
1000074e:	dc10      	bgt.n	10000772 <find_offset_for_program.isra.0+0x4a>
10000750:	4093      	lsls	r3, r2
10000752:	4223      	tst	r3, r4
10000754:	bf0c      	ite	eq
10000756:	4610      	moveq	r0, r2
10000758:	f04f 30ff 	movne.w	r0, #4294967295	@ 0xffffffff
1000075c:	bd10      	pop	{r4, pc}
1000075e:	fa03 f200 	lsl.w	r2, r3, r0
10000762:	4222      	tst	r2, r4
10000764:	d0fa      	beq.n	1000075c <find_offset_for_program.isra.0+0x34>
10000766:	3801      	subs	r0, #1
10000768:	2800      	cmp	r0, #0
1000076a:	daf8      	bge.n	1000075e <find_offset_for_program.isra.0+0x36>
1000076c:	f06f 0008 	mvn.w	r0, #8
10000770:	e7f4      	b.n	1000075c <find_offset_for_program.isra.0+0x34>
10000772:	f04f 30ff 	mov.w	r0, #4294967295	@ 0xffffffff
10000776:	e7f1      	b.n	1000075c <find_offset_for_program.isra.0+0x34>
10000778:	2000e100 	.word	0x2000e100

1000077c <pio_add_program>:
1000077c:	b5f8      	push	{r3, r4, r5, r6, r7, lr}
1000077e:	460d      	mov	r5, r1
10000780:	4606      	mov	r6, r0
10000782:	f7ff fecd 	bl	10000520 <hw_claim_lock>
10000786:	f995 2005 	ldrsb.w	r2, [r5, #5]
1000078a:	4607      	mov	r7, r0
1000078c:	7929      	ldrb	r1, [r5, #4]
1000078e:	4630      	mov	r0, r6
10000790:	f7ff ffca 	bl	10000728 <find_offset_for_program.isra.0>
10000794:	1e04      	subs	r4, r0, #0
10000796:	db05      	blt.n	100007a4 <pio_add_program+0x28>
10000798:	4622      	mov	r2, r4
1000079a:	4629      	mov	r1, r5
1000079c:	4630      	mov	r0, r6
1000079e:	f7ff ff99 	bl	100006d4 <add_program_at_offset>
100007a2:	4604      	mov	r4, r0
100007a4:	4638      	mov	r0, r7
100007a6:	f7ff fecd 	bl	10000544 <hw_claim_unlock>
100007aa:	4620      	mov	r0, r4
100007ac:	bdf8      	pop	{r3, r4, r5, r6, r7, pc}

100007ae <pio_sm_set_consecutive_pindirs>:
100007ae:	b5f0      	push	{r4, r5, r6, r7, lr}
100007b0:	f8d0 4168 	ldr.w	r4, [r0, #360]	@ 0x168
100007b4:	1b12      	subs	r2, r2, r4
100007b6:	2a1f      	cmp	r2, #31
100007b8:	d833      	bhi.n	10000822 <pio_sm_set_consecutive_pindirs+0x74>
100007ba:	f04f 0c18 	mov.w	ip, #24
100007be:	f44f 3500 	mov.w	r5, #131072	@ 0x20000
100007c2:	fb0c 0e01 	mla	lr, ip, r1, r0
100007c6:	f50e 5443 	add.w	r4, lr, #12480	@ 0x30c0
100007ca:	f8de 70dc 	ldr.w	r7, [lr, #220]	@ 0xdc
100007ce:	f8de 60cc 	ldr.w	r6, [lr, #204]	@ 0xcc
100007d2:	60e5      	str	r5, [r4, #12]
100007d4:	f89d 4014 	ldrb.w	r4, [sp, #20]
100007d8:	2c00      	cmp	r4, #0
100007da:	bf14      	ite	ne
100007dc:	241f      	movne	r4, #31
100007de:	2400      	moveq	r4, #0
100007e0:	f444 4460 	orr.w	r4, r4, #57344	@ 0xe000
100007e4:	f044 0480 	orr.w	r4, r4, #128	@ 0x80
100007e8:	2b05      	cmp	r3, #5
100007ea:	ea4f 1542 	mov.w	r5, r2, lsl #5
100007ee:	d80d      	bhi.n	1000080c <pio_sm_set_consecutive_pindirs+0x5e>
100007f0:	fb0c 0001 	mla	r0, ip, r1, r0
100007f4:	ea45 6583 	orr.w	r5, r5, r3, lsl #26
100007f8:	f8c0 50dc 	str.w	r5, [r0, #220]	@ 0xdc
100007fc:	f8c0 40d8 	str.w	r4, [r0, #216]	@ 0xd8
10000800:	f8c0 70dc 	str.w	r7, [r0, #220]	@ 0xdc
10000804:	f8c0 60cc 	str.w	r6, [r0, #204]	@ 0xcc
10000808:	2000      	movs	r0, #0
1000080a:	bdf0      	pop	{r4, r5, r6, r7, pc}
1000080c:	f045 55a0 	orr.w	r5, r5, #335544320	@ 0x14000000
10000810:	3205      	adds	r2, #5
10000812:	f8ce 50dc 	str.w	r5, [lr, #220]	@ 0xdc
10000816:	3b05      	subs	r3, #5
10000818:	f8ce 40d8 	str.w	r4, [lr, #216]	@ 0xd8
1000081c:	f002 021f 	and.w	r2, r2, #31
10000820:	e7e2      	b.n	100007e8 <pio_sm_set_consecutive_pindirs+0x3a>
10000822:	f06f 0004 	mvn.w	r0, #4
10000826:	e7f0      	b.n	1000080a <pio_sm_set_consecutive_pindirs+0x5c>

10000828 <pio_sm_init>:
10000828:	b570      	push	{r4, r5, r6, lr}
1000082a:	2501      	movs	r5, #1
1000082c:	6804      	ldr	r4, [r0, #0]
1000082e:	408d      	lsls	r5, r1
10000830:	ea24 0405 	bic.w	r4, r4, r5
10000834:	6004      	str	r4, [r0, #0]
10000836:	2418      	movs	r4, #24
10000838:	b363      	cbz	r3, 10000894 <pio_sm_init+0x6c>
1000083a:	fb04 0401 	mla	r4, r4, r1, r0
1000083e:	681d      	ldr	r5, [r3, #0]
10000840:	f8c4 50c8 	str.w	r5, [r4, #200]	@ 0xc8
10000844:	689d      	ldr	r5, [r3, #8]
10000846:	f8c4 50d0 	str.w	r5, [r4, #208]	@ 0xd0
1000084a:	685d      	ldr	r5, [r3, #4]
1000084c:	68db      	ldr	r3, [r3, #12]
1000084e:	f8c4 50cc 	str.w	r5, [r4, #204]	@ 0xcc
10000852:	f8c4 30dc 	str.w	r3, [r4, #220]	@ 0xdc
10000856:	2418      	movs	r4, #24
10000858:	f04f 4500 	mov.w	r5, #2147483648	@ 0x80000000
1000085c:	fb01 0304 	mla	r3, r1, r4, r0
10000860:	f503 5386 	add.w	r3, r3, #4288	@ 0x10c0
10000864:	611d      	str	r5, [r3, #16]
10000866:	611d      	str	r5, [r3, #16]
10000868:	f04f 3301 	mov.w	r3, #16843009	@ 0x1010101
1000086c:	408b      	lsls	r3, r1
1000086e:	6083      	str	r3, [r0, #8]
10000870:	2301      	movs	r3, #1
10000872:	f500 5600 	add.w	r6, r0, #8192	@ 0x2000
10000876:	fb01 0004 	mla	r0, r1, r4, r0
1000087a:	1d0d      	adds	r5, r1, #4
1000087c:	3108      	adds	r1, #8
1000087e:	fa03 f505 	lsl.w	r5, r3, r5
10000882:	f002 021f 	and.w	r2, r2, #31
10000886:	408b      	lsls	r3, r1
10000888:	6035      	str	r5, [r6, #0]
1000088a:	6033      	str	r3, [r6, #0]
1000088c:	f8c0 20d8 	str.w	r2, [r0, #216]	@ 0xd8
10000890:	2000      	movs	r0, #0
10000892:	bd70      	pop	{r4, r5, r6, pc}
10000894:	f44f 3580 	mov.w	r5, #65536	@ 0x10000
10000898:	fb04 0401 	mla	r4, r4, r1, r0
1000089c:	f8c4 50c8 	str.w	r5, [r4, #200]	@ 0xc8
100008a0:	f44f 2540 	mov.w	r5, #786432	@ 0xc0000
100008a4:	f8c4 50d0 	str.w	r5, [r4, #208]	@ 0xd0
100008a8:	f44f 35f8 	mov.w	r5, #126976	@ 0x1f000
100008ac:	f8c4 50cc 	str.w	r5, [r4, #204]	@ 0xcc
100008b0:	e7cf      	b.n	10000852 <pio_sm_init+0x2a>
	...

100008b4 <_gpio_set_irq_enabled>:
100008b4:	b530      	push	{r4, r5, lr}
100008b6:	08c4      	lsrs	r4, r0, #3
100008b8:	f000 0007 	and.w	r0, r0, #7
100008bc:	0080      	lsls	r0, r0, #2
100008be:	4081      	lsls	r1, r0
100008c0:	4807      	ldr	r0, [pc, #28]	@ (100008e0 <_gpio_set_irq_enabled+0x2c>)
100008c2:	f104 058c 	add.w	r5, r4, #140	@ 0x8c
100008c6:	f840 1025 	str.w	r1, [r0, r5, lsl #2]
100008ca:	eb03 0384 	add.w	r3, r3, r4, lsl #2
100008ce:	b11a      	cbz	r2, 100008d8 <_gpio_set_irq_enabled+0x24>
100008d0:	f503 5300 	add.w	r3, r3, #8192	@ 0x2000
100008d4:	6019      	str	r1, [r3, #0]
100008d6:	bd30      	pop	{r4, r5, pc}
100008d8:	f503 5340 	add.w	r3, r3, #12288	@ 0x3000
100008dc:	e7fa      	b.n	100008d4 <_gpio_set_irq_enabled+0x20>
100008de:	bf00      	nop
100008e0:	40028000 	.word	0x40028000

100008e4 <gpio_default_irq_handler>:
100008e4:	e92d 4ff8 	stmdb	sp!, {r3, r4, r5, r6, r7, r8, r9, sl, fp, lr}
100008e8:	f04f 4350 	mov.w	r3, #3489660928	@ 0xd0000000
100008ec:	f8d3 8000 	ldr.w	r8, [r3]
100008f0:	4b1a      	ldr	r3, [pc, #104]	@ (1000095c <gpio_default_irq_handler+0x78>)
100008f2:	4f1b      	ldr	r7, [pc, #108]	@ (10000960 <gpio_default_irq_handler+0x7c>)
100008f4:	f853 9028 	ldr.w	r9, [r3, r8, lsl #2]
100008f8:	4b1a      	ldr	r3, [pc, #104]	@ (10000964 <gpio_default_irq_handler+0x80>)
100008fa:	2508      	movs	r5, #8
100008fc:	f1b8 0f00 	cmp.w	r8, #0
10000900:	bf18      	it	ne
10000902:	461f      	movne	r7, r3
10000904:	f8df a060 	ldr.w	sl, [pc, #96]	@ 10000968 <gpio_default_irq_handler+0x84>
10000908:	f8df b060 	ldr.w	fp, [pc, #96]	@ 1000096c <gpio_default_irq_handler+0x88>
1000090c:	08eb      	lsrs	r3, r5, #3
1000090e:	330b      	adds	r3, #11
10000910:	f857 6023 	ldr.w	r6, [r7, r3, lsl #2]
10000914:	f1a5 0408 	sub.w	r4, r5, #8
10000918:	b10e      	cbz	r6, 1000091e <gpio_default_irq_handler+0x3a>
1000091a:	42ac      	cmp	r4, r5
1000091c:	d304      	bcc.n	10000928 <gpio_default_irq_handler+0x44>
1000091e:	3508      	adds	r5, #8
10000920:	2d28      	cmp	r5, #40	@ 0x28
10000922:	d1f3      	bne.n	1000090c <gpio_default_irq_handler+0x28>
10000924:	e8bd 8ff8 	ldmia.w	sp!, {r3, r4, r5, r6, r7, r8, r9, sl, fp, pc}
10000928:	f016 010f 	ands.w	r1, r6, #15
1000092c:	d012      	beq.n	10000954 <gpio_default_irq_handler+0x70>
1000092e:	f85a 3028 	ldr.w	r3, [sl, r8, lsl #2]
10000932:	40e3      	lsrs	r3, r4
10000934:	07db      	lsls	r3, r3, #31
10000936:	d40d      	bmi.n	10000954 <gpio_default_irq_handler+0x70>
10000938:	f004 0207 	and.w	r2, r4, #7
1000093c:	08e3      	lsrs	r3, r4, #3
1000093e:	0092      	lsls	r2, r2, #2
10000940:	fa01 f202 	lsl.w	r2, r1, r2
10000944:	338c      	adds	r3, #140	@ 0x8c
10000946:	f84b 2023 	str.w	r2, [fp, r3, lsl #2]
1000094a:	f1b9 0f00 	cmp.w	r9, #0
1000094e:	d001      	beq.n	10000954 <gpio_default_irq_handler+0x70>
10000950:	4620      	mov	r0, r4
10000952:	47c8      	blx	r9
10000954:	0936      	lsrs	r6, r6, #4
10000956:	3401      	adds	r4, #1
10000958:	e7de      	b.n	10000918 <gpio_default_irq_handler+0x34>
1000095a:	bf00      	nop
1000095c:	2000e3d8 	.word	0x2000e3d8
10000960:	40028248 	.word	0x40028248
10000964:	40028290 	.word	0x40028290
10000968:	2000e870 	.word	0x2000e870
1000096c:	40028000 	.word	0x40028000

10000970 <gpio_set_function>:
10000970:	4b0c      	ldr	r3, [pc, #48]	@ (100009a4 <gpio_set_function+0x34>)
10000972:	b510      	push	{r4, lr}
10000974:	eb03 0280 	add.w	r2, r3, r0, lsl #2
10000978:	f853 3020 	ldr.w	r3, [r3, r0, lsl #2]
1000097c:	f502 5480 	add.w	r4, r2, #4096	@ 0x1000
10000980:	f083 0340 	eor.w	r3, r3, #64	@ 0x40
10000984:	f003 03c0 	and.w	r3, r3, #192	@ 0xc0
10000988:	6023      	str	r3, [r4, #0]
1000098a:	f44f 7380 	mov.w	r3, #256	@ 0x100
1000098e:	00c0      	lsls	r0, r0, #3
10000990:	f100 4080 	add.w	r0, r0, #1073741824	@ 0x40000000
10000994:	f500 3020 	add.w	r0, r0, #163840	@ 0x28000
10000998:	f502 5240 	add.w	r2, r2, #12288	@ 0x3000
1000099c:	6041      	str	r1, [r0, #4]
1000099e:	6013      	str	r3, [r2, #0]
100009a0:	bd10      	pop	{r4, pc}
100009a2:	bf00      	nop
100009a4:	40038004 	.word	0x40038004

100009a8 <gpio_set_slew_rate>:
100009a8:	4a05      	ldr	r2, [pc, #20]	@ (100009c0 <gpio_set_slew_rate+0x18>)
100009aa:	eb02 0380 	add.w	r3, r2, r0, lsl #2
100009ae:	f852 2020 	ldr.w	r2, [r2, r0, lsl #2]
100009b2:	f503 5380 	add.w	r3, r3, #4096	@ 0x1000
100009b6:	4051      	eors	r1, r2
100009b8:	f001 0101 	and.w	r1, r1, #1
100009bc:	6019      	str	r1, [r3, #0]
100009be:	4770      	bx	lr
100009c0:	40038004 	.word	0x40038004

100009c4 <gpio_set_drive_strength>:
100009c4:	4b06      	ldr	r3, [pc, #24]	@ (100009e0 <gpio_set_drive_strength+0x1c>)
100009c6:	eb03 0280 	add.w	r2, r3, r0, lsl #2
100009ca:	f853 3020 	ldr.w	r3, [r3, r0, lsl #2]
100009ce:	f502 5280 	add.w	r2, r2, #4096	@ 0x1000
100009d2:	ea83 1301 	eor.w	r3, r3, r1, lsl #4
100009d6:	f003 0330 	and.w	r3, r3, #48	@ 0x30
100009da:	6013      	str	r3, [r2, #0]
100009dc:	4770      	bx	lr
100009de:	bf00      	nop
100009e0:	40038004 	.word	0x40038004

100009e4 <gpio_set_irq_enabled>:
100009e4:	f04f 4350 	mov.w	r3, #3489660928	@ 0xd0000000
100009e8:	b430      	push	{r4, r5}
100009ea:	681c      	ldr	r4, [r3, #0]
100009ec:	4d03      	ldr	r5, [pc, #12]	@ (100009fc <gpio_set_irq_enabled+0x18>)
100009ee:	4b04      	ldr	r3, [pc, #16]	@ (10000a00 <gpio_set_irq_enabled+0x1c>)
100009f0:	2c00      	cmp	r4, #0
100009f2:	bf08      	it	eq
100009f4:	462b      	moveq	r3, r5
100009f6:	bc30      	pop	{r4, r5}
100009f8:	f7ff bf5c 	b.w	100008b4 <_gpio_set_irq_enabled>
100009fc:	40028248 	.word	0x40028248
10000a00:	40028290 	.word	0x40028290

10000a04 <gpio_set_irq_callback>:
10000a04:	f04f 4350 	mov.w	r3, #3489660928	@ 0xd0000000
10000a08:	b570      	push	{r4, r5, r6, lr}
10000a0a:	681e      	ldr	r6, [r3, #0]
10000a0c:	4d0b      	ldr	r5, [pc, #44]	@ (10000a3c <gpio_set_irq_callback+0x38>)
10000a0e:	4604      	mov	r4, r0
10000a10:	f855 2026 	ldr.w	r2, [r5, r6, lsl #2]
10000a14:	b13a      	cbz	r2, 10000a26 <gpio_set_irq_callback+0x22>
10000a16:	b918      	cbnz	r0, 10000a20 <gpio_set_irq_callback+0x1c>
10000a18:	2015      	movs	r0, #21
10000a1a:	4909      	ldr	r1, [pc, #36]	@ (10000a40 <gpio_set_irq_callback+0x3c>)
10000a1c:	f000 f9ae 	bl	10000d7c <irq_remove_handler>
10000a20:	f845 4026 	str.w	r4, [r5, r6, lsl #2]
10000a24:	bd70      	pop	{r4, r5, r6, pc}
10000a26:	2800      	cmp	r0, #0
10000a28:	d0fc      	beq.n	10000a24 <gpio_set_irq_callback+0x20>
10000a2a:	f845 0026 	str.w	r0, [r5, r6, lsl #2]
10000a2e:	4904      	ldr	r1, [pc, #16]	@ (10000a40 <gpio_set_irq_callback+0x3c>)
10000a30:	2015      	movs	r0, #21
10000a32:	e8bd 4070 	ldmia.w	sp!, {r4, r5, r6, lr}
10000a36:	f000 b8bf 	b.w	10000bb8 <irq_add_shared_handler>
10000a3a:	bf00      	nop
10000a3c:	2000e3d8 	.word	0x2000e3d8
10000a40:	100008e5 	.word	0x100008e5

10000a44 <gpio_set_irq_enabled_with_callback>:
10000a44:	b570      	push	{r4, r5, r6, lr}
10000a46:	4614      	mov	r4, r2
10000a48:	4605      	mov	r5, r0
10000a4a:	460e      	mov	r6, r1
10000a4c:	4618      	mov	r0, r3
10000a4e:	f7ff ffd9 	bl	10000a04 <gpio_set_irq_callback>
10000a52:	4622      	mov	r2, r4
10000a54:	4631      	mov	r1, r6
10000a56:	4628      	mov	r0, r5
10000a58:	f7ff ffc4 	bl	100009e4 <gpio_set_irq_enabled>
10000a5c:	b12c      	cbz	r4, 10000a6a <gpio_set_irq_enabled_with_callback+0x26>
10000a5e:	e8bd 4070 	ldmia.w	sp!, {r4, r5, r6, lr}
10000a62:	2101      	movs	r1, #1
10000a64:	2015      	movs	r0, #21
10000a66:	f000 b83b 	b.w	10000ae0 <irq_set_enabled>
10000a6a:	bd70      	pop	{r4, r5, r6, pc}

10000a6c <gpio_set_input_enabled>:
10000a6c:	4b05      	ldr	r3, [pc, #20]	@ (10000a84 <gpio_set_input_enabled+0x18>)
10000a6e:	eb03 0080 	add.w	r0, r3, r0, lsl #2
10000a72:	2340      	movs	r3, #64	@ 0x40
10000a74:	b119      	cbz	r1, 10000a7e <gpio_set_input_enabled+0x12>
10000a76:	f500 5000 	add.w	r0, r0, #8192	@ 0x2000
10000a7a:	6003      	str	r3, [r0, #0]
10000a7c:	4770      	bx	lr
10000a7e:	f500 5040 	add.w	r0, r0, #12288	@ 0x3000
10000a82:	e7fa      	b.n	10000a7a <gpio_set_input_enabled+0xe>
10000a84:	40038004 	.word	0x40038004

10000a88 <gpio_init>:
10000a88:	f04f 0300 	mov.w	r3, #0
10000a8c:	ec43 0044 	gpioc_bit_oe_put r0, r3
10000a90:	ec43 0040 	gpioc_bit_out_put r0, r3
10000a94:	2105      	movs	r1, #5
10000a96:	f7ff bf6b 	b.w	10000970 <gpio_set_function>
	...

10000a9c <set_raw_irq_handler_and_unlock>:
10000a9c:	4b06      	ldr	r3, [pc, #24]	@ (10000ab8 <set_raw_irq_handler_and_unlock+0x1c>)
10000a9e:	3010      	adds	r0, #16
10000aa0:	689b      	ldr	r3, [r3, #8]
10000aa2:	f843 1020 	str.w	r1, [r3, r0, lsl #2]
10000aa6:	f3bf 8f5f 	dmb	sy
10000aaa:	2300      	movs	r3, #0
10000aac:	4903      	ldr	r1, [pc, #12]	@ (10000abc <set_raw_irq_handler_and_unlock+0x20>)
10000aae:	e8c1 3f8f 	stlb	r3, [r1]
10000ab2:	f382 8810 	msr	PRIMASK, r2
10000ab6:	4770      	bx	lr
10000ab8:	e000ed00 	.word	0xe000ed00
10000abc:	2000e8bb 	.word	0x2000e8bb

10000ac0 <runtime_init_per_core_irq_priorities>:
10000ac0:	f04f 3080 	mov.w	r0, #2155905152	@ 0x80808080
10000ac4:	4b04      	ldr	r3, [pc, #16]	@ (10000ad8 <runtime_init_per_core_irq_priorities+0x18>)
10000ac6:	4a05      	ldr	r2, [pc, #20]	@ (10000adc <runtime_init_per_core_irq_priorities+0x1c>)
10000ac8:	4619      	mov	r1, r3
10000aca:	3304      	adds	r3, #4
10000acc:	4293      	cmp	r3, r2
10000ace:	6008      	str	r0, [r1, #0]
10000ad0:	d1fa      	bne.n	10000ac8 <runtime_init_per_core_irq_priorities+0x8>
10000ad2:	b662      	cpsie	i
10000ad4:	4770      	bx	lr
10000ad6:	bf00      	nop
10000ad8:	e000e400 	.word	0xe000e400
10000adc:	e000e434 	.word	0xe000e434

10000ae0 <irq_set_enabled>:
10000ae0:	2201      	movs	r2, #1
10000ae2:	0943      	lsrs	r3, r0, #5
10000ae4:	f000 001f 	and.w	r0, r0, #31
10000ae8:	4082      	lsls	r2, r0
10000aea:	b141      	cbz	r1, 10000afe <irq_set_enabled+0x1e>
10000aec:	009b      	lsls	r3, r3, #2
10000aee:	f103 4360 	add.w	r3, r3, #3758096384	@ 0xe0000000
10000af2:	f503 4361 	add.w	r3, r3, #57600	@ 0xe100
10000af6:	f8c3 2180 	str.w	r2, [r3, #384]	@ 0x180
10000afa:	601a      	str	r2, [r3, #0]
10000afc:	4770      	bx	lr
10000afe:	4902      	ldr	r1, [pc, #8]	@ (10000b08 <irq_set_enabled+0x28>)
10000b00:	3320      	adds	r3, #32
10000b02:	f841 2023 	str.w	r2, [r1, r3, lsl #2]
10000b06:	4770      	bx	lr
10000b08:	e000e100 	.word	0xe000e100

10000b0c <irq_is_enabled>:
10000b0c:	4b06      	ldr	r3, [pc, #24]	@ (10000b28 <irq_is_enabled+0x1c>)
10000b0e:	0942      	lsrs	r2, r0, #5
10000b10:	f853 2022 	ldr.w	r2, [r3, r2, lsl #2]
10000b14:	2301      	movs	r3, #1
10000b16:	f000 001f 	and.w	r0, r0, #31
10000b1a:	4083      	lsls	r3, r0
10000b1c:	4213      	tst	r3, r2
10000b1e:	bf14      	ite	ne
10000b20:	2001      	movne	r0, #1
10000b22:	2000      	moveq	r0, #0
10000b24:	4770      	bx	lr
10000b26:	bf00      	nop
10000b28:	e000e100 	.word	0xe000e100

10000b2c <irq_set_pending>:
10000b2c:	2201      	movs	r2, #1
10000b2e:	0943      	lsrs	r3, r0, #5
10000b30:	4903      	ldr	r1, [pc, #12]	@ (10000b40 <irq_set_pending+0x14>)
10000b32:	f000 001f 	and.w	r0, r0, #31
10000b36:	4082      	lsls	r2, r0
10000b38:	3340      	adds	r3, #64	@ 0x40
10000b3a:	f841 2023 	str.w	r2, [r1, r3, lsl #2]
10000b3e:	4770      	bx	lr
10000b40:	e000e100 	.word	0xe000e100

10000b44 <irq_get_vtable_handler>:
10000b44:	4b02      	ldr	r3, [pc, #8]	@ (10000b50 <irq_get_vtable_handler+0xc>)
10000b46:	3010      	adds	r0, #16
10000b48:	689b      	ldr	r3, [r3, #8]
10000b4a:	f853 0020 	ldr.w	r0, [r3, r0, lsl #2]
10000b4e:	4770      	bx	lr
10000b50:	e000ed00 	.word	0xe000ed00

10000b54 <irq_has_shared_handler>:
10000b54:	b508      	push	{r3, lr}
10000b56:	f7ff fff5 	bl	10000b44 <irq_get_vtable_handler>
10000b5a:	4b03      	ldr	r3, [pc, #12]	@ (10000b68 <irq_has_shared_handler+0x14>)
10000b5c:	1ac0      	subs	r0, r0, r3
10000b5e:	282f      	cmp	r0, #47	@ 0x2f
10000b60:	bf8c      	ite	hi
10000b62:	2000      	movhi	r0, #0
10000b64:	2001      	movls	r0, #1
10000b66:	bd08      	pop	{r3, pc}
10000b68:	2000dd24 	.word	0x2000dd24

10000b6c <irq_set_exclusive_handler>:
10000b6c:	b570      	push	{r4, r5, r6, lr}
10000b6e:	4605      	mov	r5, r0
10000b70:	460c      	mov	r4, r1
10000b72:	f3ef 8610 	mrs	r6, PRIMASK
10000b76:	b672      	cpsid	i
10000b78:	4b0d      	ldr	r3, [pc, #52]	@ (10000bb0 <irq_set_exclusive_handler+0x44>)
10000b7a:	e8d3 1fcf 	ldaexb	r1, [r3]
10000b7e:	2201      	movs	r2, #1
10000b80:	2900      	cmp	r1, #0
10000b82:	d1fa      	bne.n	10000b7a <irq_set_exclusive_handler+0xe>
10000b84:	e8c3 2f41 	strexb	r1, r2, [r3]
10000b88:	2900      	cmp	r1, #0
10000b8a:	d1f6      	bne.n	10000b7a <irq_set_exclusive_handler+0xe>
10000b8c:	f3bf 8f5f 	dmb	sy
10000b90:	f7ff ffd8 	bl	10000b44 <irq_get_vtable_handler>
10000b94:	4b07      	ldr	r3, [pc, #28]	@ (10000bb4 <irq_set_exclusive_handler+0x48>)
10000b96:	4298      	cmp	r0, r3
10000b98:	d003      	beq.n	10000ba2 <irq_set_exclusive_handler+0x36>
10000b9a:	42a0      	cmp	r0, r4
10000b9c:	d001      	beq.n	10000ba2 <irq_set_exclusive_handler+0x36>
10000b9e:	f000 ff4b 	bl	10001a38 <hard_assertion_failure>
10000ba2:	4632      	mov	r2, r6
10000ba4:	4621      	mov	r1, r4
10000ba6:	4628      	mov	r0, r5
10000ba8:	e8bd 4070 	ldmia.w	sp!, {r4, r5, r6, lr}
10000bac:	f7ff bf76 	b.w	10000a9c <set_raw_irq_handler_and_unlock>
10000bb0:	2000e8bb 	.word	0x2000e8bb
10000bb4:	10000111 	.word	0x10000111

10000bb8 <irq_add_shared_handler>:
10000bb8:	e92d 4ff7 	stmdb	sp!, {r0, r1, r2, r4, r5, r6, r7, r8, r9, sl, fp, lr}
10000bbc:	4680      	mov	r8, r0
10000bbe:	4689      	mov	r9, r1
10000bc0:	4692      	mov	sl, r2
10000bc2:	f3ef 8310 	mrs	r3, PRIMASK
10000bc6:	b672      	cpsid	i
10000bc8:	9301      	str	r3, [sp, #4]
10000bca:	4b64      	ldr	r3, [pc, #400]	@ (10000d5c <irq_add_shared_handler+0x1a4>)
10000bcc:	e8d3 1fcf 	ldaexb	r1, [r3]
10000bd0:	2201      	movs	r2, #1
10000bd2:	2900      	cmp	r1, #0
10000bd4:	d1fa      	bne.n	10000bcc <irq_add_shared_handler+0x14>
10000bd6:	e8c3 2f41 	strexb	r1, r2, [r3]
10000bda:	2900      	cmp	r1, #0
10000bdc:	d1f6      	bne.n	10000bcc <irq_add_shared_handler+0x14>
10000bde:	f3bf 8f5f 	dmb	sy
10000be2:	f8df b194 	ldr.w	fp, [pc, #404]	@ 10000d78 <irq_add_shared_handler+0x1c0>
10000be6:	f99b 3000 	ldrsb.w	r3, [fp]
10000bea:	2b00      	cmp	r3, #0
10000bec:	da01      	bge.n	10000bf2 <irq_add_shared_handler+0x3a>
10000bee:	f000 ff23 	bl	10001a38 <hard_assertion_failure>
10000bf2:	220c      	movs	r2, #12
10000bf4:	f99b 6000 	ldrsb.w	r6, [fp]
10000bf8:	4d59      	ldr	r5, [pc, #356]	@ (10000d60 <irq_add_shared_handler+0x1a8>)
10000bfa:	f108 0110 	add.w	r1, r8, #16
10000bfe:	fb02 5306 	mla	r3, r2, r6, r5
10000c02:	799b      	ldrb	r3, [r3, #6]
10000c04:	eb06 0446 	add.w	r4, r6, r6, lsl #1
10000c08:	f88b 3000 	strb.w	r3, [fp]
10000c0c:	4b55      	ldr	r3, [pc, #340]	@ (10000d64 <irq_add_shared_handler+0x1ac>)
10000c0e:	00a7      	lsls	r7, r4, #2
10000c10:	689b      	ldr	r3, [r3, #8]
10000c12:	eb05 0484 	add.w	r4, r5, r4, lsl #2
10000c16:	f853 1021 	ldr.w	r1, [r3, r1, lsl #2]
10000c1a:	1b4b      	subs	r3, r1, r5
10000c1c:	2b2f      	cmp	r3, #47	@ 0x2f
10000c1e:	d922      	bls.n	10000c66 <irq_add_shared_handler+0xae>
10000c20:	4b51      	ldr	r3, [pc, #324]	@ (10000d68 <irq_add_shared_handler+0x1b0>)
10000c22:	4299      	cmp	r1, r3
10000c24:	d001      	beq.n	10000c2a <irq_add_shared_handler+0x72>
10000c26:	f000 ff07 	bl	10001a38 <hard_assertion_failure>
10000c2a:	230c      	movs	r3, #12
10000c2c:	f44f 4121 	mov.w	r1, #41216	@ 0xa100
10000c30:	4373      	muls	r3, r6
10000c32:	18ea      	adds	r2, r5, r3
10000c34:	52e9      	strh	r1, [r5, r3]
10000c36:	4b4d      	ldr	r3, [pc, #308]	@ (10000d6c <irq_add_shared_handler+0x1b4>)
10000c38:	3702      	adds	r7, #2
10000c3a:	442f      	add	r7, r5
10000c3c:	3b04      	subs	r3, #4
10000c3e:	1bdb      	subs	r3, r3, r7
10000c40:	f3c3 034a 	ubfx	r3, r3, #1, #11
10000c44:	ea6f 43c3 	mvn.w	r3, r3, lsl #19
10000c48:	ea6f 43d3 	mvn.w	r3, r3, lsr #19
10000c4c:	8053      	strh	r3, [r2, #2]
10000c4e:	f64b 5301 	movw	r3, #48385	@ 0xbd01
10000c52:	8093      	strh	r3, [r2, #4]
10000c54:	23ff      	movs	r3, #255	@ 0xff
10000c56:	f882 a007 	strb.w	sl, [r2, #7]
10000c5a:	7193      	strb	r3, [r2, #6]
10000c5c:	f8c2 9008 	str.w	r9, [r2, #8]
10000c60:	f044 0101 	orr.w	r1, r4, #1
10000c64:	e03a      	b.n	10000cdc <irq_add_shared_handler+0x124>
10000c66:	f021 0c01 	bic.w	ip, r1, #1
10000c6a:	4663      	mov	r3, ip
10000c6c:	2000      	movs	r0, #0
10000c6e:	f893 e007 	ldrb.w	lr, [r3, #7]
10000c72:	45d6      	cmp	lr, sl
10000c74:	d839      	bhi.n	10000cea <irq_add_shared_handler+0x132>
10000c76:	4a3e      	ldr	r2, [pc, #248]	@ (10000d70 <irq_add_shared_handler+0x1b8>)
10000c78:	2800      	cmp	r0, #0
10000c7a:	d041      	beq.n	10000d00 <irq_add_shared_handler+0x148>
10000c7c:	f990 e006 	ldrsb.w	lr, [r0, #6]
10000c80:	f100 0b04 	add.w	fp, r0, #4
10000c84:	f1be 0f00 	cmp.w	lr, #0
10000c88:	db38      	blt.n	10000cfc <irq_add_shared_handler+0x144>
10000c8a:	f06f 0c07 	mvn.w	ip, #7
10000c8e:	8883      	ldrh	r3, [r0, #4]
10000c90:	ebac 0c07 	sub.w	ip, ip, r7
10000c94:	f343 030a 	sbfx	r3, r3, #0, #11
10000c98:	3302      	adds	r3, #2
10000c9a:	eb0b 0343 	add.w	r3, fp, r3, lsl #1
10000c9e:	ebac 0c05 	sub.w	ip, ip, r5
10000ca2:	4463      	add	r3, ip
10000ca4:	f3c3 034a 	ubfx	r3, r3, #1, #11
10000ca8:	ea6f 43c3 	mvn.w	r3, r3, lsl #19
10000cac:	ea6f 43d3 	mvn.w	r3, r3, lsr #19
10000cb0:	3c04      	subs	r4, #4
10000cb2:	eba4 040b 	sub.w	r4, r4, fp
10000cb6:	f3c4 044a 	ubfx	r4, r4, #1, #11
10000cba:	ea6f 44c4 	mvn.w	r4, r4, lsl #19
10000cbe:	ea6f 44d4 	mvn.w	r4, r4, lsr #19
10000cc2:	8084      	strh	r4, [r0, #4]
10000cc4:	240c      	movs	r4, #12
10000cc6:	4374      	muls	r4, r6
10000cc8:	7186      	strb	r6, [r0, #6]
10000cca:	1928      	adds	r0, r5, r4
10000ccc:	512a      	str	r2, [r5, r4]
10000cce:	8083      	strh	r3, [r0, #4]
10000cd0:	f880 e006 	strb.w	lr, [r0, #6]
10000cd4:	f880 a007 	strb.w	sl, [r0, #7]
10000cd8:	f8c0 9008 	str.w	r9, [r0, #8]
10000cdc:	4640      	mov	r0, r8
10000cde:	9a01      	ldr	r2, [sp, #4]
10000ce0:	b003      	add	sp, #12
10000ce2:	e8bd 4ff0 	ldmia.w	sp!, {r4, r5, r6, r7, r8, r9, sl, fp, lr}
10000ce6:	f7ff bed9 	b.w	10000a9c <set_raw_irq_handler_and_unlock>
10000cea:	f993 e006 	ldrsb.w	lr, [r3, #6]
10000cee:	4618      	mov	r0, r3
10000cf0:	f1be 0f00 	cmp.w	lr, #0
10000cf4:	dbbf      	blt.n	10000c76 <irq_add_shared_handler+0xbe>
10000cf6:	fb02 530e 	mla	r3, r2, lr, r5
10000cfa:	e7b8      	b.n	10000c6e <irq_add_shared_handler+0xb6>
10000cfc:	4b1d      	ldr	r3, [pc, #116]	@ (10000d74 <irq_add_shared_handler+0x1bc>)
10000cfe:	e7d7      	b.n	10000cb0 <irq_add_shared_handler+0xf8>
10000d00:	f64a 21aa 	movw	r1, #43690	@ 0xaaaa
10000d04:	4663      	mov	r3, ip
10000d06:	1b5b      	subs	r3, r3, r5
10000d08:	415b      	adcs	r3, r3
10000d0a:	4359      	muls	r1, r3
10000d0c:	0d09      	lsrs	r1, r1, #20
10000d0e:	230c      	movs	r3, #12
10000d10:	435e      	muls	r6, r3
10000d12:	f44f 4321 	mov.w	r3, #41216	@ 0xa100
10000d16:	53ab      	strh	r3, [r5, r6]
10000d18:	4b14      	ldr	r3, [pc, #80]	@ (10000d6c <irq_add_shared_handler+0x1b4>)
10000d1a:	19a8      	adds	r0, r5, r6
10000d1c:	1cbe      	adds	r6, r7, #2
10000d1e:	442e      	add	r6, r5
10000d20:	3b04      	subs	r3, #4
10000d22:	1b9b      	subs	r3, r3, r6
10000d24:	f3c3 034a 	ubfx	r3, r3, #1, #11
10000d28:	ea6f 43c3 	mvn.w	r3, r3, lsl #19
10000d2c:	ea6f 43d3 	mvn.w	r3, r3, lsr #19
10000d30:	8043      	strh	r3, [r0, #2]
10000d32:	f06f 0307 	mvn.w	r3, #7
10000d36:	1bdb      	subs	r3, r3, r7
10000d38:	1b5b      	subs	r3, r3, r5
10000d3a:	4463      	add	r3, ip
10000d3c:	f3c3 034a 	ubfx	r3, r3, #1, #11
10000d40:	ea6f 43c3 	mvn.w	r3, r3, lsl #19
10000d44:	ea6f 43d3 	mvn.w	r3, r3, lsr #19
10000d48:	7181      	strb	r1, [r0, #6]
10000d4a:	8083      	strh	r3, [r0, #4]
10000d4c:	f880 a007 	strb.w	sl, [r0, #7]
10000d50:	f8c0 9008 	str.w	r9, [r0, #8]
10000d54:	f8cc 2000 	str.w	r2, [ip]
10000d58:	e782      	b.n	10000c60 <irq_add_shared_handler+0xa8>
10000d5a:	bf00      	nop
10000d5c:	2000e8bb 	.word	0x2000e8bb
10000d60:	2000dd24 	.word	0x2000dd24
10000d64:	e000ed00 	.word	0xe000ed00
10000d68:	10000111 	.word	0x10000111
10000d6c:	2000dd54 	.word	0x2000dd54
10000d70:	47804801 	.word	0x47804801
10000d74:	ffffbd01 	.word	0xffffbd01
10000d78:	2000e9eb 	.word	0x2000e9eb

10000d7c <irq_remove_handler>:
10000d7c:	e92d 4ff8 	stmdb	sp!, {r3, r4, r5, r6, r7, r8, r9, sl, fp, lr}
10000d80:	4604      	mov	r4, r0
10000d82:	4689      	mov	r9, r1
10000d84:	f3ef 8510 	mrs	r5, PRIMASK
10000d88:	b672      	cpsid	i
10000d8a:	4b50      	ldr	r3, [pc, #320]	@ (10000ecc <irq_remove_handler+0x150>)
10000d8c:	e8d3 1fcf 	ldaexb	r1, [r3]
10000d90:	2201      	movs	r2, #1
10000d92:	2900      	cmp	r1, #0
10000d94:	d1fa      	bne.n	10000d8c <irq_remove_handler+0x10>
10000d96:	e8c3 2f41 	strexb	r1, r2, [r3]
10000d9a:	2900      	cmp	r1, #0
10000d9c:	d1f6      	bne.n	10000d8c <irq_remove_handler+0x10>
10000d9e:	f3bf 8f5f 	dmb	sy
10000da2:	4b4b      	ldr	r3, [pc, #300]	@ (10000ed0 <irq_remove_handler+0x154>)
10000da4:	f100 0b10 	add.w	fp, r0, #16
10000da8:	689b      	ldr	r3, [r3, #8]
10000daa:	f853 702b 	ldr.w	r7, [r3, fp, lsl #2]
10000dae:	4b49      	ldr	r3, [pc, #292]	@ (10000ed4 <irq_remove_handler+0x158>)
10000db0:	429f      	cmp	r7, r3
10000db2:	d06f      	beq.n	10000e94 <irq_remove_handler+0x118>
10000db4:	454f      	cmp	r7, r9
10000db6:	f000 8087 	beq.w	10000ec8 <irq_remove_handler+0x14c>
10000dba:	f8df 812c 	ldr.w	r8, [pc, #300]	@ 10000ee8 <irq_remove_handler+0x16c>
10000dbe:	eba7 0308 	sub.w	r3, r7, r8
10000dc2:	2b2f      	cmp	r3, #47	@ 0x2f
10000dc4:	d866      	bhi.n	10000e94 <irq_remove_handler+0x118>
10000dc6:	f7ff fea1 	bl	10000b0c <irq_is_enabled>
10000dca:	2100      	movs	r1, #0
10000dcc:	4606      	mov	r6, r0
10000dce:	4620      	mov	r0, r4
10000dd0:	f7ff fe86 	bl	10000ae0 <irq_set_enabled>
10000dd4:	f3bf 8f5f 	dmb	sy
10000dd8:	f3ef 8305 	mrs	r3, IPSR
10000ddc:	b2db      	uxtb	r3, r3
10000dde:	469a      	mov	sl, r3
10000de0:	b11b      	cbz	r3, 10000dea <irq_remove_handler+0x6e>
10000de2:	459b      	cmp	fp, r3
10000de4:	d001      	beq.n	10000dea <irq_remove_handler+0x6e>
10000de6:	f000 fe27 	bl	10001a38 <hard_assertion_failure>
10000dea:	2100      	movs	r1, #0
10000dec:	f04f 0c0c 	mov.w	ip, #12
10000df0:	f027 0201 	bic.w	r2, r7, #1
10000df4:	6893      	ldr	r3, [r2, #8]
10000df6:	f992 0006 	ldrsb.w	r0, [r2, #6]
10000dfa:	4599      	cmp	r9, r3
10000dfc:	d117      	bne.n	10000e2e <irq_remove_handler+0xb2>
10000dfe:	2800      	cmp	r0, #0
10000e00:	da1b      	bge.n	10000e3a <irq_remove_handler+0xbe>
10000e02:	f1ba 0f00 	cmp.w	sl, #0
10000e06:	d150      	bne.n	10000eaa <irq_remove_handler+0x12e>
10000e08:	2900      	cmp	r1, #0
10000e0a:	d04c      	beq.n	10000ea6 <irq_remove_handler+0x12a>
10000e0c:	23ff      	movs	r3, #255	@ 0xff
10000e0e:	718b      	strb	r3, [r1, #6]
10000e10:	f64b 5301 	movw	r3, #48385	@ 0xbd01
10000e14:	808b      	strh	r3, [r1, #4]
10000e16:	4930      	ldr	r1, [pc, #192]	@ (10000ed8 <irq_remove_handler+0x15c>)
10000e18:	4640      	mov	r0, r8
10000e1a:	780b      	ldrb	r3, [r1, #0]
10000e1c:	7193      	strb	r3, [r2, #6]
10000e1e:	f64a 23aa 	movw	r3, #43690	@ 0xaaaa
10000e22:	1a12      	subs	r2, r2, r0
10000e24:	4152      	adcs	r2, r2
10000e26:	4353      	muls	r3, r2
10000e28:	0d1b      	lsrs	r3, r3, #20
10000e2a:	700b      	strb	r3, [r1, #0]
10000e2c:	e02e      	b.n	10000e8c <irq_remove_handler+0x110>
10000e2e:	2800      	cmp	r0, #0
10000e30:	db2c      	blt.n	10000e8c <irq_remove_handler+0x110>
10000e32:	4611      	mov	r1, r2
10000e34:	fb0c 8200 	mla	r2, ip, r0, r8
10000e38:	e7dc      	b.n	10000df4 <irq_remove_handler+0x78>
10000e3a:	230c      	movs	r3, #12
10000e3c:	4343      	muls	r3, r0
10000e3e:	eb08 0c03 	add.w	ip, r8, r3
10000e42:	f8dc 1008 	ldr.w	r1, [ip, #8]
10000e46:	6091      	str	r1, [r2, #8]
10000e48:	f89c 1007 	ldrb.w	r1, [ip, #7]
10000e4c:	71d1      	strb	r1, [r2, #7]
10000e4e:	f99c 1006 	ldrsb.w	r1, [ip, #6]
10000e52:	2900      	cmp	r1, #0
10000e54:	7191      	strb	r1, [r2, #6]
10000e56:	db24      	blt.n	10000ea2 <irq_remove_handler+0x126>
10000e58:	f8bc 1004 	ldrh.w	r1, [ip, #4]
10000e5c:	f341 010a 	sbfx	r1, r1, #0, #11
10000e60:	eb03 0341 	add.w	r3, r3, r1, lsl #1
10000e64:	f06f 0107 	mvn.w	r1, #7
10000e68:	3308      	adds	r3, #8
10000e6a:	4443      	add	r3, r8
10000e6c:	1a89      	subs	r1, r1, r2
10000e6e:	440b      	add	r3, r1
10000e70:	f3c3 034a 	ubfx	r3, r3, #1, #11
10000e74:	ea6f 43c3 	mvn.w	r3, r3, lsl #19
10000e78:	ea6f 43d3 	mvn.w	r3, r3, lsr #19
10000e7c:	8093      	strh	r3, [r2, #4]
10000e7e:	230c      	movs	r3, #12
10000e80:	4a15      	ldr	r2, [pc, #84]	@ (10000ed8 <irq_remove_handler+0x15c>)
10000e82:	fb03 8300 	mla	r3, r3, r0, r8
10000e86:	7811      	ldrb	r1, [r2, #0]
10000e88:	7010      	strb	r0, [r2, #0]
10000e8a:	7199      	strb	r1, [r3, #6]
10000e8c:	4631      	mov	r1, r6
10000e8e:	4620      	mov	r0, r4
10000e90:	f7ff fe26 	bl	10000ae0 <irq_set_enabled>
10000e94:	462a      	mov	r2, r5
10000e96:	4639      	mov	r1, r7
10000e98:	4620      	mov	r0, r4
10000e9a:	e8bd 4ff8 	ldmia.w	sp!, {r3, r4, r5, r6, r7, r8, r9, sl, fp, lr}
10000e9e:	f7ff bdfd 	b.w	10000a9c <set_raw_irq_handler_and_unlock>
10000ea2:	4b0e      	ldr	r3, [pc, #56]	@ (10000edc <irq_remove_handler+0x160>)
10000ea4:	e7ea      	b.n	10000e7c <irq_remove_handler+0x100>
10000ea6:	4f0b      	ldr	r7, [pc, #44]	@ (10000ed4 <irq_remove_handler+0x158>)
10000ea8:	e7b5      	b.n	10000e16 <irq_remove_handler+0x9a>
10000eaa:	4b0d      	ldr	r3, [pc, #52]	@ (10000ee0 <irq_remove_handler+0x164>)
10000eac:	1a9b      	subs	r3, r3, r2
10000eae:	3b08      	subs	r3, #8
10000eb0:	f3c3 310a 	ubfx	r1, r3, #12, #11
10000eb4:	ea6f 5101 	mvn.w	r1, r1, lsl #20
10000eb8:	ea6f 5111 	mvn.w	r1, r1, lsr #20
10000ebc:	8091      	strh	r1, [r2, #4]
10000ebe:	4909      	ldr	r1, [pc, #36]	@ (10000ee4 <irq_remove_handler+0x168>)
10000ec0:	ea41 0353 	orr.w	r3, r1, r3, lsr #1
10000ec4:	80d3      	strh	r3, [r2, #6]
10000ec6:	e7e1      	b.n	10000e8c <irq_remove_handler+0x110>
10000ec8:	461f      	mov	r7, r3
10000eca:	e7e3      	b.n	10000e94 <irq_remove_handler+0x118>
10000ecc:	2000e8bb 	.word	0x2000e8bb
10000ed0:	e000ed00 	.word	0xe000ed00
10000ed4:	10000111 	.word	0x10000111
10000ed8:	2000e9eb 	.word	0x2000e9eb
10000edc:	ffffbd01 	.word	0xffffbd01
10000ee0:	2000dd5e 	.word	0x2000dd5e
10000ee4:	fffff800 	.word	0xfffff800
10000ee8:	2000dd24 	.word	0x2000dd24

10000eec <irq_add_tail_to_free_list>:
10000eec:	b5f0      	push	{r4, r5, r6, r7, lr}
10000eee:	f3ef 8505 	mrs	r5, IPSR
10000ef2:	b2ed      	uxtb	r5, r5
10000ef4:	f3ef 8610 	mrs	r6, PRIMASK
10000ef8:	b672      	cpsid	i
10000efa:	4c20      	ldr	r4, [pc, #128]	@ (10000f7c <irq_add_tail_to_free_list+0x90>)
10000efc:	e8d4 2fcf 	ldaexb	r2, [r4]
10000f00:	2301      	movs	r3, #1
10000f02:	2a00      	cmp	r2, #0
10000f04:	d1fa      	bne.n	10000efc <irq_add_tail_to_free_list+0x10>
10000f06:	e8c4 3f42 	strexb	r2, r3, [r4]
10000f0a:	2a00      	cmp	r2, #0
10000f0c:	d1f6      	bne.n	10000efc <irq_add_tail_to_free_list+0x10>
10000f0e:	f3bf 8f5f 	dmb	sy
10000f12:	f64a 23aa 	movw	r3, #43690	@ 0xaaaa
10000f16:	4601      	mov	r1, r0
10000f18:	4a19      	ldr	r2, [pc, #100]	@ (10000f80 <irq_add_tail_to_free_list+0x94>)
10000f1a:	1a89      	subs	r1, r1, r2
10000f1c:	4149      	adcs	r1, r1
10000f1e:	434b      	muls	r3, r1
10000f20:	0d1b      	lsrs	r3, r3, #20
10000f22:	b259      	sxtb	r1, r3
10000f24:	4b17      	ldr	r3, [pc, #92]	@ (10000f84 <irq_add_tail_to_free_list+0x98>)
10000f26:	f040 0701 	orr.w	r7, r0, #1
10000f2a:	f8d3 c008 	ldr.w	ip, [r3, #8]
10000f2e:	f85c c025 	ldr.w	ip, [ip, r5, lsl #2]
10000f32:	45bc      	cmp	ip, r7
10000f34:	d10d      	bne.n	10000f52 <irq_add_tail_to_free_list+0x66>
10000f36:	689b      	ldr	r3, [r3, #8]
10000f38:	4a13      	ldr	r2, [pc, #76]	@ (10000f88 <irq_add_tail_to_free_list+0x9c>)
10000f3a:	f843 2025 	str.w	r2, [r3, r5, lsl #2]
10000f3e:	4b13      	ldr	r3, [pc, #76]	@ (10000f8c <irq_add_tail_to_free_list+0xa0>)
10000f40:	781a      	ldrb	r2, [r3, #0]
10000f42:	7019      	strb	r1, [r3, #0]
10000f44:	7182      	strb	r2, [r0, #6]
10000f46:	2300      	movs	r3, #0
10000f48:	e8c4 3f8f 	stlb	r3, [r4]
10000f4c:	f386 8810 	msr	PRIMASK, r6
10000f50:	bdf0      	pop	{r4, r5, r6, r7, pc}
10000f52:	4615      	mov	r5, r2
10000f54:	2300      	movs	r3, #0
10000f56:	f995 7006 	ldrsb.w	r7, [r5, #6]
10000f5a:	428f      	cmp	r7, r1
10000f5c:	d108      	bne.n	10000f70 <irq_add_tail_to_free_list+0x84>
10000f5e:	250c      	movs	r5, #12
10000f60:	fb05 2303 	mla	r3, r5, r3, r2
10000f64:	22ff      	movs	r2, #255	@ 0xff
10000f66:	719a      	strb	r2, [r3, #6]
10000f68:	f64b 5201 	movw	r2, #48385	@ 0xbd01
10000f6c:	809a      	strh	r2, [r3, #4]
10000f6e:	e7e6      	b.n	10000f3e <irq_add_tail_to_free_list+0x52>
10000f70:	3301      	adds	r3, #1
10000f72:	2b04      	cmp	r3, #4
10000f74:	f105 050c 	add.w	r5, r5, #12
10000f78:	d1ed      	bne.n	10000f56 <irq_add_tail_to_free_list+0x6a>
10000f7a:	e7e0      	b.n	10000f3e <irq_add_tail_to_free_list+0x52>
10000f7c:	2000e8bb 	.word	0x2000e8bb
10000f80:	2000dd24 	.word	0x2000dd24
10000f84:	e000ed00 	.word	0xe000ed00
10000f88:	10000111 	.word	0x10000111
10000f8c:	2000e9eb 	.word	0x2000e9eb

10000f90 <user_irq_claim_unused>:
10000f90:	b507      	push	{r0, r1, r2, lr}
10000f92:	4b07      	ldr	r3, [pc, #28]	@ (10000fb0 <user_irq_claim_unused+0x20>)
10000f94:	4601      	mov	r1, r0
10000f96:	9300      	str	r3, [sp, #0]
10000f98:	2200      	movs	r2, #0
10000f9a:	2305      	movs	r3, #5
10000f9c:	4805      	ldr	r0, [pc, #20]	@ (10000fb4 <user_irq_claim_unused+0x24>)
10000f9e:	f7ff fb03 	bl	100005a8 <hw_claim_unused_from_range>
10000fa2:	2800      	cmp	r0, #0
10000fa4:	bfa8      	it	ge
10000fa6:	f1c0 0033 	rsbge	r0, r0, #51	@ 0x33
10000faa:	b003      	add	sp, #12
10000fac:	bd00      	pop	{pc}
10000fae:	bf00      	nop
10000fb0:	10004391 	.word	0x10004391
10000fb4:	2000ea08 	.word	0x2000ea08

10000fb8 <lock_init>:
10000fb8:	4b01      	ldr	r3, [pc, #4]	@ (10000fc0 <lock_init+0x8>)
10000fba:	440b      	add	r3, r1
10000fbc:	6003      	str	r3, [r0, #0]
10000fbe:	4770      	bx	lr
10000fc0:	2000e8b2 	.word	0x2000e8b2

10000fc4 <mutex_init>:
10000fc4:	b510      	push	{r4, lr}
10000fc6:	4604      	mov	r4, r0
10000fc8:	f7ff fb2a 	bl	10000620 <next_striped_spin_lock_num>
10000fcc:	4601      	mov	r1, r0
10000fce:	4620      	mov	r0, r4
10000fd0:	f7ff fff2 	bl	10000fb8 <lock_init>
10000fd4:	23ff      	movs	r3, #255	@ 0xff
10000fd6:	7123      	strb	r3, [r4, #4]
10000fd8:	f3bf 8f5f 	dmb	sy
10000fdc:	bd10      	pop	{r4, pc}

10000fde <recursive_mutex_init>:
10000fde:	b510      	push	{r4, lr}
10000fe0:	4604      	mov	r4, r0
10000fe2:	f7ff fb1d 	bl	10000620 <next_striped_spin_lock_num>
10000fe6:	4601      	mov	r1, r0
10000fe8:	4620      	mov	r0, r4
10000fea:	f7ff ffe5 	bl	10000fb8 <lock_init>
10000fee:	23ff      	movs	r3, #255	@ 0xff
10000ff0:	80a3      	strh	r3, [r4, #4]
10000ff2:	f3bf 8f5f 	dmb	sy
10000ff6:	bd10      	pop	{r4, pc}

10000ff8 <runtime_init_mutex>:
10000ff8:	b538      	push	{r3, r4, r5, lr}
10000ffa:	4808      	ldr	r0, [pc, #32]	@ (1000101c <runtime_init_mutex+0x24>)
10000ffc:	4d08      	ldr	r5, [pc, #32]	@ (10001020 <runtime_init_mutex+0x28>)
10000ffe:	42a8      	cmp	r0, r5
10001000:	d300      	bcc.n	10001004 <runtime_init_mutex+0xc>
10001002:	bd38      	pop	{r3, r4, r5, pc}
10001004:	4604      	mov	r4, r0
10001006:	f854 3b08 	ldr.w	r3, [r4], #8
1000100a:	b11b      	cbz	r3, 10001014 <runtime_init_mutex+0x1c>
1000100c:	f7ff ffe7 	bl	10000fde <recursive_mutex_init>
10001010:	4620      	mov	r0, r4
10001012:	e7f4      	b.n	10000ffe <runtime_init_mutex+0x6>
10001014:	f7ff ffd6 	bl	10000fc4 <mutex_init>
10001018:	e7fa      	b.n	10001010 <runtime_init_mutex+0x18>
1000101a:	bf00      	nop
1000101c:	2000ddbc 	.word	0x2000ddbc
10001020:	2000ddc4 	.word	0x2000ddc4

10001024 <critical_section_init>:
10001024:	b510      	push	{r4, lr}
10001026:	4604      	mov	r4, r0
10001028:	2001      	movs	r0, #1
1000102a:	f7ff fb05 	bl	10000638 <spin_lock_claim_unused>
1000102e:	4b03      	ldr	r3, [pc, #12]	@ (1000103c <critical_section_init+0x18>)
10001030:	4403      	add	r3, r0
10001032:	6023      	str	r3, [r4, #0]
10001034:	f3bf 8f5f 	dmb	sy
10001038:	bd10      	pop	{r4, pc}
1000103a:	bf00      	nop
1000103c:	2000e8b2 	.word	0x2000e8b2

10001040 <critical_section_init_with_lock_num>:
10001040:	4b02      	ldr	r3, [pc, #8]	@ (1000104c <critical_section_init_with_lock_num+0xc>)
10001042:	440b      	add	r3, r1
10001044:	6003      	str	r3, [r0, #0]
10001046:	f3bf 8f5f 	dmb	sy
1000104a:	4770      	bx	lr
1000104c:	2000e8b2 	.word	0x2000e8b2

10001050 <sleep_until_callback>:
10001050:	4b0d      	ldr	r3, [pc, #52]	@ (10001088 <sleep_until_callback+0x38>)
10001052:	b510      	push	{r4, lr}
10001054:	681a      	ldr	r2, [r3, #0]
10001056:	f3ef 8110 	mrs	r1, PRIMASK
1000105a:	b672      	cpsid	i
1000105c:	e8d2 4fcf 	ldaexb	r4, [r2]
10001060:	2001      	movs	r0, #1
10001062:	2c00      	cmp	r4, #0
10001064:	d1fa      	bne.n	1000105c <sleep_until_callback+0xc>
10001066:	e8c2 0f44 	strexb	r4, r0, [r2]
1000106a:	2c00      	cmp	r4, #0
1000106c:	d1f6      	bne.n	1000105c <sleep_until_callback+0xc>
1000106e:	f3bf 8f5f 	dmb	sy
10001072:	681a      	ldr	r2, [r3, #0]
10001074:	2300      	movs	r3, #0
10001076:	e8c2 3f8f 	stlb	r3, [r2]
1000107a:	f381 8810 	msr	PRIMASK, r1
1000107e:	bf40      	sev
10001080:	2000      	movs	r0, #0
10001082:	2100      	movs	r1, #0
10001084:	bd10      	pop	{r4, pc}
10001086:	bf00      	nop
10001088:	2000e878 	.word	0x2000e878
1000108c:	00000000 	.word	0x00000000

10001090 <alarm_pool_irq_handler>:
10001090:	e92d 4ff0 	stmdb	sp!, {r4, r5, r6, r7, r8, r9, sl, fp, lr}
10001094:	ed2d 8b02 	vpush	{d8}
10001098:	b085      	sub	sp, #20
1000109a:	f3ef 8205 	mrs	r2, IPSR
1000109e:	b2d2      	uxtb	r2, r2
100010a0:	4ba3      	ldr	r3, [pc, #652]	@ (10001330 <alarm_pool_irq_handler+0x2a0>)
100010a2:	3a10      	subs	r2, #16
100010a4:	0891      	lsrs	r1, r2, #2
100010a6:	4da3      	ldr	r5, [pc, #652]	@ (10001334 <alarm_pool_irq_handler+0x2a4>)
100010a8:	bf18      	it	ne
100010aa:	461d      	movne	r5, r3
100010ac:	1ae8      	subs	r0, r5, r3
100010ae:	4243      	negs	r3, r0
100010b0:	f002 0203 	and.w	r2, r2, #3
100010b4:	4143      	adcs	r3, r0
100010b6:	eb02 0383 	add.w	r3, r2, r3, lsl #2
100010ba:	9201      	str	r2, [sp, #4]
100010bc:	4a9e      	ldr	r2, [pc, #632]	@ (10001338 <alarm_pool_irq_handler+0x2a8>)
100010be:	ed9f 8b9a 	vldr	d8, [pc, #616]	@ 10001328 <alarm_pool_irq_handler+0x298>
100010c2:	f852 4023 	ldr.w	r4, [r2, r3, lsl #2]
100010c6:	2301      	movs	r3, #1
100010c8:	9a01      	ldr	r2, [sp, #4]
100010ca:	4093      	lsls	r3, r2
100010cc:	9302      	str	r3, [sp, #8]
100010ce:	9a02      	ldr	r2, [sp, #8]
100010d0:	f505 5341 	add.w	r3, r5, #12352	@ 0x3040
100010d4:	605a      	str	r2, [r3, #4]
100010d6:	9b02      	ldr	r3, [sp, #8]
100010d8:	63eb      	str	r3, [r5, #60]	@ 0x3c
100010da:	f9b4 3008 	ldrsh.w	r3, [r4, #8]
100010de:	2b00      	cmp	r3, #0
100010e0:	9300      	str	r3, [sp, #0]
100010e2:	db52      	blt.n	1000118a <alarm_pool_irq_handler+0xfa>
100010e4:	2618      	movs	r6, #24
100010e6:	435e      	muls	r6, r3
100010e8:	6967      	ldr	r7, [r4, #20]
100010ea:	4628      	mov	r0, r5
100010ec:	eb07 0806 	add.w	r8, r7, r6
100010f0:	e9d8 a902 	ldrd	sl, r9, [r8, #8]
100010f4:	f000 fb1a 	bl	1000172c <timer_time_us_64>
100010f8:	4550      	cmp	r0, sl
100010fa:	eb71 0109 	sbcs.w	r1, r1, r9
100010fe:	db44      	blt.n	1000118a <alarm_pool_irq_handler+0xfa>
10001100:	f1b9 0f00 	cmp.w	r9, #0
10001104:	db6f      	blt.n	100011e6 <alarm_pool_irq_handler+0x156>
10001106:	e9d8 3b04 	ldrd	r3, fp, [r8, #16]
1000110a:	4a8c      	ldr	r2, [pc, #560]	@ (1000133c <alarm_pool_irq_handler+0x2ac>)
1000110c:	4293      	cmp	r3, r2
1000110e:	d155      	bne.n	100011bc <alarm_pool_irq_handler+0x12c>
10001110:	4658      	mov	r0, fp
10001112:	f8db 3010 	ldr.w	r3, [fp, #16]
10001116:	4798      	blx	r3
10001118:	2800      	cmp	r0, #0
1000111a:	d064      	beq.n	100011e6 <alarm_pool_irq_handler+0x156>
1000111c:	e9db 3b00 	ldrd	r3, fp, [fp]
10001120:	ea53 020b 	orrs.w	r2, r3, fp
10001124:	d05f      	beq.n	100011e6 <alarm_pool_irq_handler+0x156>
10001126:	f1bb 0f00 	cmp.w	fp, #0
1000112a:	da53      	bge.n	100011d4 <alarm_pool_irq_handler+0x144>
1000112c:	ebba 0003 	subs.w	r0, sl, r3
10001130:	eb69 010b 	sbc.w	r1, r9, fp
10001134:	f937 c006 	ldrsh.w	ip, [r7, r6]
10001138:	e9c8 0102 	strd	r0, r1, [r8, #8]
1000113c:	f1bc 0f00 	cmp.w	ip, #0
10001140:	db23      	blt.n	1000118a <alarm_pool_irq_handler+0xfa>
10001142:	f04f 0b18 	mov.w	fp, #24
10001146:	f8d4 9014 	ldr.w	r9, [r4, #20]
1000114a:	fb0b 930c 	mla	r3, fp, ip, r9
1000114e:	e9d3 2302 	ldrd	r2, r3, [r3, #8]
10001152:	4290      	cmp	r0, r2
10001154:	eb71 0303 	sbcs.w	r3, r1, r3
10001158:	db17      	blt.n	1000118a <alarm_pool_irq_handler+0xfa>
1000115a:	46a6      	mov	lr, r4
1000115c:	f82e cf08 	strh.w	ip, [lr, #8]!
10001160:	fb0b fa0c 	mul.w	sl, fp, ip
10001164:	eb09 080a 	add.w	r8, r9, sl
10001168:	e9d8 2302 	ldrd	r2, r3, [r8, #8]
1000116c:	4290      	cmp	r0, r2
1000116e:	eb71 0303 	sbcs.w	r3, r1, r3
10001172:	db05      	blt.n	10001180 <alarm_pool_irq_handler+0xf0>
10001174:	f939 c00a 	ldrsh.w	ip, [r9, sl]
10001178:	46c6      	mov	lr, r8
1000117a:	f1bc 0f00 	cmp.w	ip, #0
1000117e:	daef      	bge.n	10001160 <alarm_pool_irq_handler+0xd0>
10001180:	9b00      	ldr	r3, [sp, #0]
10001182:	f827 c006 	strh.w	ip, [r7, r6]
10001186:	f8ae 3000 	strh.w	r3, [lr]
1000118a:	88a3      	ldrh	r3, [r4, #4]
1000118c:	0419      	lsls	r1, r3, #16
1000118e:	d546      	bpl.n	1000121e <alarm_pool_irq_handler+0x18e>
10001190:	79a3      	ldrb	r3, [r4, #6]
10001192:	b143      	cbz	r3, 100011a6 <alarm_pool_irq_handler+0x116>
10001194:	2300      	movs	r3, #0
10001196:	71a3      	strb	r3, [r4, #6]
10001198:	f9b4 3008 	ldrsh.w	r3, [r4, #8]
1000119c:	f104 0608 	add.w	r6, r4, #8
100011a0:	1c5a      	adds	r2, r3, #1
100011a2:	f040 8081 	bne.w	100012a8 <alarm_pool_irq_handler+0x218>
100011a6:	f9b4 2008 	ldrsh.w	r2, [r4, #8]
100011aa:	2a00      	cmp	r2, #0
100011ac:	f280 8097 	bge.w	100012de <alarm_pool_irq_handler+0x24e>
100011b0:	bf40      	sev
100011b2:	b005      	add	sp, #20
100011b4:	ecbd 8b02 	vpop	{d8}
100011b8:	e8bd 8ff0 	ldmia.w	sp!, {r4, r5, r6, r7, r8, r9, sl, fp, pc}
100011bc:	f8b8 2002 	ldrh.w	r2, [r8, #2]
100011c0:	f9b4 0008 	ldrsh.w	r0, [r4, #8]
100011c4:	b292      	uxth	r2, r2
100011c6:	4659      	mov	r1, fp
100011c8:	ea42 4000 	orr.w	r0, r2, r0, lsl #16
100011cc:	4798      	blx	r3
100011ce:	4603      	mov	r3, r0
100011d0:	468b      	mov	fp, r1
100011d2:	e7a5      	b.n	10001120 <alarm_pool_irq_handler+0x90>
100011d4:	4628      	mov	r0, r5
100011d6:	9303      	str	r3, [sp, #12]
100011d8:	f000 faa8 	bl	1000172c <timer_time_us_64>
100011dc:	9b03      	ldr	r3, [sp, #12]
100011de:	18c0      	adds	r0, r0, r3
100011e0:	eb4b 0101 	adc.w	r1, fp, r1
100011e4:	e7a6      	b.n	10001134 <alarm_pool_irq_handler+0xa4>
100011e6:	5bbb      	ldrh	r3, [r7, r6]
100011e8:	8123      	strh	r3, [r4, #8]
100011ea:	6923      	ldr	r3, [r4, #16]
100011ec:	f3ef 8210 	mrs	r2, PRIMASK
100011f0:	b672      	cpsid	i
100011f2:	e8d3 0fcf 	ldaexb	r0, [r3]
100011f6:	2101      	movs	r1, #1
100011f8:	2800      	cmp	r0, #0
100011fa:	d1fa      	bne.n	100011f2 <alarm_pool_irq_handler+0x162>
100011fc:	e8c3 1f40 	strexb	r0, r1, [r3]
10001200:	2800      	cmp	r0, #0
10001202:	d1f6      	bne.n	100011f2 <alarm_pool_irq_handler+0x162>
10001204:	f3bf 8f5f 	dmb	sy
10001208:	8863      	ldrh	r3, [r4, #2]
1000120a:	2100      	movs	r1, #0
1000120c:	53bb      	strh	r3, [r7, r6]
1000120e:	9b00      	ldr	r3, [sp, #0]
10001210:	8063      	strh	r3, [r4, #2]
10001212:	6923      	ldr	r3, [r4, #16]
10001214:	e8c3 1f8f 	stlb	r1, [r3]
10001218:	f382 8810 	msr	PRIMASK, r2
1000121c:	e7b5      	b.n	1000118a <alarm_pool_irq_handler+0xfa>
1000121e:	6923      	ldr	r3, [r4, #16]
10001220:	f3ef 8110 	mrs	r1, PRIMASK
10001224:	b672      	cpsid	i
10001226:	e8d3 0fcf 	ldaexb	r0, [r3]
1000122a:	2201      	movs	r2, #1
1000122c:	2800      	cmp	r0, #0
1000122e:	d1fa      	bne.n	10001226 <alarm_pool_irq_handler+0x196>
10001230:	e8c3 2f40 	strexb	r0, r2, [r3]
10001234:	2800      	cmp	r0, #0
10001236:	d1f6      	bne.n	10001226 <alarm_pool_irq_handler+0x196>
10001238:	f3bf 8f5f 	dmb	sy
1000123c:	f64f 72ff 	movw	r2, #65535	@ 0xffff
10001240:	88a3      	ldrh	r3, [r4, #4]
10001242:	2000      	movs	r0, #0
10001244:	80a2      	strh	r2, [r4, #4]
10001246:	b21b      	sxth	r3, r3
10001248:	6922      	ldr	r2, [r4, #16]
1000124a:	e8c2 0f8f 	stlb	r0, [r2]
1000124e:	f381 8810 	msr	PRIMASK, r1
10001252:	f04f 0918 	mov.w	r9, #24
10001256:	2b00      	cmp	r3, #0
10001258:	db9a      	blt.n	10001190 <alarm_pool_irq_handler+0x100>
1000125a:	fb09 f003 	mul.w	r0, r9, r3
1000125e:	6962      	ldr	r2, [r4, #20]
10001260:	f9b4 c008 	ldrsh.w	ip, [r4, #8]
10001264:	1811      	adds	r1, r2, r0
10001266:	f104 0e08 	add.w	lr, r4, #8
1000126a:	e9d1 b702 	ldrd	fp, r7, [r1, #8]
1000126e:	f1bc 0f00 	cmp.w	ip, #0
10001272:	db0f      	blt.n	10001294 <alarm_pool_irq_handler+0x204>
10001274:	f9be 1000 	ldrsh.w	r1, [lr]
10001278:	eb01 0141 	add.w	r1, r1, r1, lsl #1
1000127c:	eb02 08c1 	add.w	r8, r2, r1, lsl #3
10001280:	f8d8 600c 	ldr.w	r6, [r8, #12]
10001284:	9600      	str	r6, [sp, #0]
10001286:	f8d8 6008 	ldr.w	r6, [r8, #8]
1000128a:	45b3      	cmp	fp, r6
1000128c:	9e00      	ldr	r6, [sp, #0]
1000128e:	eb77 0606 	sbcs.w	r6, r7, r6
10001292:	da05      	bge.n	100012a0 <alarm_pool_irq_handler+0x210>
10001294:	f8ae 3000 	strh.w	r3, [lr]
10001298:	5e13      	ldrsh	r3, [r2, r0]
1000129a:	f822 c000 	strh.w	ip, [r2, r0]
1000129e:	e7da      	b.n	10001256 <alarm_pool_irq_handler+0x1c6>
100012a0:	46c6      	mov	lr, r8
100012a2:	f932 c031 	ldrsh.w	ip, [r2, r1, lsl #3]
100012a6:	e7e2      	b.n	1000126e <alarm_pool_irq_handler+0x1de>
100012a8:	6961      	ldr	r1, [r4, #20]
100012aa:	eb03 0043 	add.w	r0, r3, r3, lsl #1
100012ae:	eb01 02c0 	add.w	r2, r1, r0, lsl #3
100012b2:	f8b2 c002 	ldrh.w	ip, [r2, #2]
100012b6:	f931 7030 	ldrsh.w	r7, [r1, r0, lsl #3]
100012ba:	f41c 4f00 	tst.w	ip, #32768	@ 0x8000
100012be:	d00c      	beq.n	100012da <alarm_pool_irq_handler+0x24a>
100012c0:	ed82 8b02 	vstr	d8, [r2, #8]
100012c4:	f9b4 2008 	ldrsh.w	r2, [r4, #8]
100012c8:	429a      	cmp	r2, r3
100012ca:	d004      	beq.n	100012d6 <alarm_pool_irq_handler+0x246>
100012cc:	8037      	strh	r7, [r6, #0]
100012ce:	8922      	ldrh	r2, [r4, #8]
100012d0:	f821 2030 	strh.w	r2, [r1, r0, lsl #3]
100012d4:	8123      	strh	r3, [r4, #8]
100012d6:	463b      	mov	r3, r7
100012d8:	e762      	b.n	100011a0 <alarm_pool_irq_handler+0x110>
100012da:	4616      	mov	r6, r2
100012dc:	e7fb      	b.n	100012d6 <alarm_pool_irq_handler+0x246>
100012de:	2118      	movs	r1, #24
100012e0:	6963      	ldr	r3, [r4, #20]
100012e2:	fb01 3302 	mla	r3, r1, r2, r3
100012e6:	e9d3 6702 	ldrd	r6, r7, [r3, #8]
100012ea:	f1b7 3fff 	cmp.w	r7, #4294967295	@ 0xffffffff
100012ee:	bf08      	it	eq
100012f0:	f1b6 3fff 	cmpeq.w	r6, #4294967295	@ 0xffffffff
100012f4:	d00f      	beq.n	10001316 <alarm_pool_irq_handler+0x286>
100012f6:	9b01      	ldr	r3, [sp, #4]
100012f8:	6aa9      	ldr	r1, [r5, #40]	@ 0x28
100012fa:	eb05 0283 	add.w	r2, r5, r3, lsl #2
100012fe:	6913      	ldr	r3, [r2, #16]
10001300:	1a70      	subs	r0, r6, r1
10001302:	1a5b      	subs	r3, r3, r1
10001304:	4298      	cmp	r0, r3
10001306:	d305      	bcc.n	10001314 <alarm_pool_irq_handler+0x284>
10001308:	2301      	movs	r3, #1
1000130a:	9801      	ldr	r0, [sp, #4]
1000130c:	6a29      	ldr	r1, [r5, #32]
1000130e:	4083      	lsls	r3, r0
10001310:	420b      	tst	r3, r1
10001312:	d100      	bne.n	10001316 <alarm_pool_irq_handler+0x286>
10001314:	6116      	str	r6, [r2, #16]
10001316:	4628      	mov	r0, r5
10001318:	f000 fa08 	bl	1000172c <timer_time_us_64>
1000131c:	42b0      	cmp	r0, r6
1000131e:	41b9      	sbcs	r1, r7
10001320:	f6bf aed9 	bge.w	100010d6 <alarm_pool_irq_handler+0x46>
10001324:	e744      	b.n	100011b0 <alarm_pool_irq_handler+0x120>
10001326:	bf00      	nop
10001328:	ffffffff 	.word	0xffffffff
1000132c:	ffffffff 	.word	0xffffffff
10001330:	400b8000 	.word	0x400b8000
10001334:	400b0000 	.word	0x400b0000
10001338:	2000e850 	.word	0x2000e850
1000133c:	10001091 	.word	0x10001091

10001340 <alarm_pool_post_alloc_init>:
10001340:	b5f8      	push	{r3, r4, r5, r6, r7, lr}
10001342:	60c1      	str	r1, [r0, #12]
10001344:	4604      	mov	r4, r0
10001346:	461e      	mov	r6, r3
10001348:	4617      	mov	r7, r2
1000134a:	460d      	mov	r5, r1
1000134c:	f7ff f968 	bl	10000620 <next_striped_spin_lock_num>
10001350:	4b1a      	ldr	r3, [pc, #104]	@ (100013bc <alarm_pool_post_alloc_init+0x7c>)
10001352:	7027      	strb	r7, [r4, #0]
10001354:	4403      	add	r3, r0
10001356:	6123      	str	r3, [r4, #16]
10001358:	f04f 4350 	mov.w	r3, #3489660928	@ 0xd0000000
1000135c:	681b      	ldr	r3, [r3, #0]
1000135e:	2200      	movs	r2, #0
10001360:	7063      	strb	r3, [r4, #1]
10001362:	f64f 73ff 	movw	r3, #65535	@ 0xffff
10001366:	8123      	strh	r3, [r4, #8]
10001368:	80a3      	strh	r3, [r4, #4]
1000136a:	1e73      	subs	r3, r6, #1
1000136c:	8063      	strh	r3, [r4, #2]
1000136e:	2318      	movs	r3, #24
10001370:	8166      	strh	r6, [r4, #10]
10001372:	42b2      	cmp	r2, r6
10001374:	d118      	bne.n	100013a8 <alarm_pool_post_alloc_init+0x68>
10001376:	4e12      	ldr	r6, [pc, #72]	@ (100013c0 <alarm_pool_post_alloc_init+0x80>)
10001378:	4912      	ldr	r1, [pc, #72]	@ (100013c4 <alarm_pool_post_alloc_init+0x84>)
1000137a:	1bab      	subs	r3, r5, r6
1000137c:	425e      	negs	r6, r3
1000137e:	415e      	adcs	r6, r3
10001380:	4b11      	ldr	r3, [pc, #68]	@ (100013c8 <alarm_pool_post_alloc_init+0x88>)
10001382:	eb07 0686 	add.w	r6, r7, r6, lsl #2
10001386:	f843 4026 	str.w	r4, [r3, r6, lsl #2]
1000138a:	2401      	movs	r4, #1
1000138c:	fa04 f707 	lsl.w	r7, r4, r7
10001390:	4630      	mov	r0, r6
10001392:	622f      	str	r7, [r5, #32]
10001394:	f7ff fbea 	bl	10000b6c <irq_set_exclusive_handler>
10001398:	f505 5501 	add.w	r5, r5, #8256	@ 0x2040
1000139c:	4621      	mov	r1, r4
1000139e:	4630      	mov	r0, r6
100013a0:	f7ff fb9e 	bl	10000ae0 <irq_set_enabled>
100013a4:	602f      	str	r7, [r5, #0]
100013a6:	bdf8      	pop	{r3, r4, r5, r6, r7, pc}
100013a8:	fb03 f102 	mul.w	r1, r3, r2
100013ac:	6960      	ldr	r0, [r4, #20]
100013ae:	f102 3cff 	add.w	ip, r2, #4294967295	@ 0xffffffff
100013b2:	f820 c001 	strh.w	ip, [r0, r1]
100013b6:	3201      	adds	r2, #1
100013b8:	e7db      	b.n	10001372 <alarm_pool_post_alloc_init+0x32>
100013ba:	bf00      	nop
100013bc:	2000e8b2 	.word	0x2000e8b2
100013c0:	400b8000 	.word	0x400b8000
100013c4:	10001091 	.word	0x10001091
100013c8:	2000e850 	.word	0x2000e850

100013cc <runtime_init_default_alarm_pool>:
100013cc:	b510      	push	{r4, lr}
100013ce:	4c09      	ldr	r4, [pc, #36]	@ (100013f4 <runtime_init_default_alarm_pool+0x28>)
100013d0:	6923      	ldr	r3, [r4, #16]
100013d2:	b94b      	cbnz	r3, 100013e8 <runtime_init_default_alarm_pool+0x1c>
100013d4:	2103      	movs	r1, #3
100013d6:	4808      	ldr	r0, [pc, #32]	@ (100013f8 <runtime_init_default_alarm_pool+0x2c>)
100013d8:	f000 f996 	bl	10001708 <timer_hardware_alarm_claim>
100013dc:	2310      	movs	r3, #16
100013de:	2203      	movs	r2, #3
100013e0:	4620      	mov	r0, r4
100013e2:	4905      	ldr	r1, [pc, #20]	@ (100013f8 <runtime_init_default_alarm_pool+0x2c>)
100013e4:	f7ff ffac 	bl	10001340 <alarm_pool_post_alloc_init>
100013e8:	e8bd 4010 	ldmia.w	sp!, {r4, lr}
100013ec:	210a      	movs	r1, #10
100013ee:	4803      	ldr	r0, [pc, #12]	@ (100013fc <runtime_init_default_alarm_pool+0x30>)
100013f0:	f7ff bde2 	b.w	10000fb8 <lock_init>
100013f4:	2000dd6c 	.word	0x2000dd6c
100013f8:	400b0000 	.word	0x400b0000
100013fc:	2000e878 	.word	0x2000e878

10001400 <time_reached>:
10001400:	4a07      	ldr	r2, [pc, #28]	@ (10001420 <time_reached+0x20>)
10001402:	6a53      	ldr	r3, [r2, #36]	@ 0x24
10001404:	4299      	cmp	r1, r3
10001406:	d806      	bhi.n	10001416 <time_reached+0x16>
10001408:	6a92      	ldr	r2, [r2, #40]	@ 0x28
1000140a:	4282      	cmp	r2, r0
1000140c:	d205      	bcs.n	1000141a <time_reached+0x1a>
1000140e:	1ac8      	subs	r0, r1, r3
10001410:	bf18      	it	ne
10001412:	2001      	movne	r0, #1
10001414:	4770      	bx	lr
10001416:	2000      	movs	r0, #0
10001418:	4770      	bx	lr
1000141a:	2001      	movs	r0, #1
1000141c:	4770      	bx	lr
1000141e:	bf00      	nop
10001420:	400b0000 	.word	0x400b0000

10001424 <alarm_pool_get_default>:
10001424:	4800      	ldr	r0, [pc, #0]	@ (10001428 <alarm_pool_get_default+0x4>)
10001426:	4770      	bx	lr
10001428:	2000dd6c 	.word	0x2000dd6c

1000142c <alarm_pool_add_alarm_at_force_in_context>:
1000142c:	e92d 43f0 	stmdb	sp!, {r4, r5, r6, r7, r8, r9, lr}
10001430:	4601      	mov	r1, r0
10001432:	4699      	mov	r9, r3
10001434:	4690      	mov	r8, r2
10001436:	6903      	ldr	r3, [r0, #16]
10001438:	f3ef 8010 	mrs	r0, PRIMASK
1000143c:	b672      	cpsid	i
1000143e:	e8d3 4fcf 	ldaexb	r4, [r3]
10001442:	2201      	movs	r2, #1
10001444:	2c00      	cmp	r4, #0
10001446:	d1fa      	bne.n	1000143e <alarm_pool_add_alarm_at_force_in_context+0x12>
10001448:	e8c3 2f44 	strexb	r4, r2, [r3]
1000144c:	2c00      	cmp	r4, #0
1000144e:	d1f6      	bne.n	1000143e <alarm_pool_add_alarm_at_force_in_context+0x12>
10001450:	f3bf 8f5f 	dmb	sy
10001454:	f9b1 3002 	ldrsh.w	r3, [r1, #2]
10001458:	694c      	ldr	r4, [r1, #20]
1000145a:	eb03 0543 	add.w	r5, r3, r3, lsl #1
1000145e:	2b00      	cmp	r3, #0
10001460:	bfa8      	it	ge
10001462:	f834 2035 	ldrhge.w	r2, [r4, r5, lsl #3]
10001466:	f04f 0600 	mov.w	r6, #0
1000146a:	bfa8      	it	ge
1000146c:	804a      	strhge	r2, [r1, #2]
1000146e:	eb04 07c5 	add.w	r7, r4, r5, lsl #3
10001472:	690a      	ldr	r2, [r1, #16]
10001474:	e8c2 6f8f 	stlb	r6, [r2]
10001478:	f380 8810 	msr	PRIMASK, r0
1000147c:	42b3      	cmp	r3, r6
1000147e:	db33      	blt.n	100014e8 <alarm_pool_add_alarm_at_force_in_context+0xbc>
10001480:	8878      	ldrh	r0, [r7, #2]
10001482:	9a07      	ldr	r2, [sp, #28]
10001484:	3001      	adds	r0, #1
10001486:	f3c0 000e 	ubfx	r0, r0, #0, #15
1000148a:	2801      	cmp	r0, #1
1000148c:	bf38      	it	cc
1000148e:	2001      	movcc	r0, #1
10001490:	613a      	str	r2, [r7, #16]
10001492:	9a08      	ldr	r2, [sp, #32]
10001494:	8078      	strh	r0, [r7, #2]
10001496:	617a      	str	r2, [r7, #20]
10001498:	e9c7 8902 	strd	r8, r9, [r7, #8]
1000149c:	ea40 4003 	orr.w	r0, r0, r3, lsl #16
100014a0:	690a      	ldr	r2, [r1, #16]
100014a2:	f3ef 8710 	mrs	r7, PRIMASK
100014a6:	b672      	cpsid	i
100014a8:	e8d2 efcf 	ldaexb	lr, [r2]
100014ac:	f05f 0c01 	movs.w	ip, #1
100014b0:	f1be 0f00 	cmp.w	lr, #0
100014b4:	d1f8      	bne.n	100014a8 <alarm_pool_add_alarm_at_force_in_context+0x7c>
100014b6:	e8c2 cf4e 	strexb	lr, ip, [r2]
100014ba:	f1be 0f00 	cmp.w	lr, #0
100014be:	d1f3      	bne.n	100014a8 <alarm_pool_add_alarm_at_force_in_context+0x7c>
100014c0:	f3bf 8f5f 	dmb	sy
100014c4:	888a      	ldrh	r2, [r1, #4]
100014c6:	f824 2035 	strh.w	r2, [r4, r5, lsl #3]
100014ca:	808b      	strh	r3, [r1, #4]
100014cc:	690b      	ldr	r3, [r1, #16]
100014ce:	e8c3 6f8f 	stlb	r6, [r3]
100014d2:	f387 8810 	msr	PRIMASK, r7
100014d6:	2201      	movs	r2, #1
100014d8:	780b      	ldrb	r3, [r1, #0]
100014da:	409a      	lsls	r2, r3
100014dc:	68cb      	ldr	r3, [r1, #12]
100014de:	f503 5301 	add.w	r3, r3, #8256	@ 0x2040
100014e2:	605a      	str	r2, [r3, #4]
100014e4:	e8bd 83f0 	ldmia.w	sp!, {r4, r5, r6, r7, r8, r9, pc}
100014e8:	f04f 30ff 	mov.w	r0, #4294967295	@ 0xffffffff
100014ec:	e7fa      	b.n	100014e4 <alarm_pool_add_alarm_at_force_in_context+0xb8>

100014ee <alarm_pool_add_alarm_at>:
100014ee:	e92d 47f0 	stmdb	sp!, {r4, r5, r6, r7, r8, r9, sl, lr}
100014f2:	f89d 4028 	ldrb.w	r4, [sp, #40]	@ 0x28
100014f6:	4607      	mov	r7, r0
100014f8:	e9dd 8908 	ldrd	r8, r9, [sp, #32]
100014fc:	4616      	mov	r6, r2
100014fe:	461d      	mov	r5, r3
10001500:	b144      	cbz	r4, 10001514 <alarm_pool_add_alarm_at+0x26>
10001502:	4632      	mov	r2, r6
10001504:	462b      	mov	r3, r5
10001506:	4638      	mov	r0, r7
10001508:	e9cd 8908 	strd	r8, r9, [sp, #32]
1000150c:	e8bd 47f0 	ldmia.w	sp!, {r4, r5, r6, r7, r8, r9, sl, lr}
10001510:	f7ff bf8c 	b.w	1000142c <alarm_pool_add_alarm_at_force_in_context>
10001514:	f000 f91e 	bl	10001754 <time_us_64>
10001518:	4286      	cmp	r6, r0
1000151a:	eb65 0101 	sbc.w	r1, r5, r1
1000151e:	42a1      	cmp	r1, r4
10001520:	daef      	bge.n	10001502 <alarm_pool_add_alarm_at+0x14>
10001522:	4620      	mov	r0, r4
10001524:	e8bd 87f0 	ldmia.w	sp!, {r4, r5, r6, r7, r8, r9, sl, pc}

10001528 <alarm_pool_cancel_alarm>:
10001528:	4603      	mov	r3, r0
1000152a:	8940      	ldrh	r0, [r0, #10]
1000152c:	b570      	push	{r4, r5, r6, lr}
1000152e:	ebb0 4f21 	cmp.w	r0, r1, asr #16
10001532:	ea4f 4221 	mov.w	r2, r1, asr #16
10001536:	dc01      	bgt.n	1000153c <alarm_pool_cancel_alarm+0x14>
10001538:	2000      	movs	r0, #0
1000153a:	bd70      	pop	{r4, r5, r6, pc}
1000153c:	2418      	movs	r4, #24
1000153e:	6958      	ldr	r0, [r3, #20]
10001540:	fb04 0002 	mla	r0, r4, r2, r0
10001544:	691a      	ldr	r2, [r3, #16]
10001546:	f3ef 8410 	mrs	r4, PRIMASK
1000154a:	b672      	cpsid	i
1000154c:	e8d2 6fcf 	ldaexb	r6, [r2]
10001550:	2501      	movs	r5, #1
10001552:	2e00      	cmp	r6, #0
10001554:	d1fa      	bne.n	1000154c <alarm_pool_cancel_alarm+0x24>
10001556:	e8c2 5f46 	strexb	r6, r5, [r2]
1000155a:	2e00      	cmp	r6, #0
1000155c:	d1f6      	bne.n	1000154c <alarm_pool_cancel_alarm+0x24>
1000155e:	f3bf 8f5f 	dmb	sy
10001562:	8842      	ldrh	r2, [r0, #2]
10001564:	b289      	uxth	r1, r1
10001566:	b292      	uxth	r2, r2
10001568:	428a      	cmp	r2, r1
1000156a:	d116      	bne.n	1000159a <alarm_pool_cancel_alarm+0x72>
1000156c:	ea6f 4242 	mvn.w	r2, r2, lsl #17
10001570:	ea6f 4252 	mvn.w	r2, r2, lsr #17
10001574:	8042      	strh	r2, [r0, #2]
10001576:	2001      	movs	r0, #1
10001578:	7198      	strb	r0, [r3, #6]
1000157a:	2200      	movs	r2, #0
1000157c:	6919      	ldr	r1, [r3, #16]
1000157e:	e8c1 2f8f 	stlb	r2, [r1]
10001582:	f384 8810 	msr	PRIMASK, r4
10001586:	2800      	cmp	r0, #0
10001588:	d0d6      	beq.n	10001538 <alarm_pool_cancel_alarm+0x10>
1000158a:	2201      	movs	r2, #1
1000158c:	7819      	ldrb	r1, [r3, #0]
1000158e:	68db      	ldr	r3, [r3, #12]
10001590:	408a      	lsls	r2, r1
10001592:	f503 5301 	add.w	r3, r3, #8256	@ 0x2040
10001596:	605a      	str	r2, [r3, #4]
10001598:	e7cf      	b.n	1000153a <alarm_pool_cancel_alarm+0x12>
1000159a:	2000      	movs	r0, #0
1000159c:	e7ed      	b.n	1000157a <alarm_pool_cancel_alarm+0x52>

1000159e <alarm_pool_core_num>:
1000159e:	7840      	ldrb	r0, [r0, #1]
100015a0:	4770      	bx	lr
	...

100015a4 <sleep_until>:
100015a4:	e92d 41ff 	stmdb	sp!, {r0, r1, r2, r3, r4, r5, r6, r7, r8, lr}
100015a8:	1f84      	subs	r4, r0, #6
100015aa:	f161 0600 	sbc.w	r6, r1, #0
100015ae:	42a0      	cmp	r0, r4
100015b0:	eb71 0306 	sbcs.w	r3, r1, r6
100015b4:	bf38      	it	cc
100015b6:	2400      	movcc	r4, #0
100015b8:	4605      	mov	r5, r0
100015ba:	bf38      	it	cc
100015bc:	4626      	movcc	r6, r4
100015be:	460f      	mov	r7, r1
100015c0:	f000 f8c8 	bl	10001754 <time_us_64>
100015c4:	1a20      	subs	r0, r4, r0
100015c6:	eb66 0101 	sbc.w	r1, r6, r1
100015ca:	2801      	cmp	r0, #1
100015cc:	f171 0100 	sbcs.w	r1, r1, #0
100015d0:	da06      	bge.n	100015e0 <sleep_until+0x3c>
100015d2:	4628      	mov	r0, r5
100015d4:	4639      	mov	r1, r7
100015d6:	b004      	add	sp, #16
100015d8:	e8bd 41f0 	ldmia.w	sp!, {r4, r5, r6, r7, r8, lr}
100015dc:	f000 b8c0 	b.w	10001760 <busy_wait_until>
100015e0:	2300      	movs	r3, #0
100015e2:	e9cd 3301 	strd	r3, r3, [sp, #4]
100015e6:	4b15      	ldr	r3, [pc, #84]	@ (1000163c <sleep_until+0x98>)
100015e8:	4622      	mov	r2, r4
100015ea:	9300      	str	r3, [sp, #0]
100015ec:	4814      	ldr	r0, [pc, #80]	@ (10001640 <sleep_until+0x9c>)
100015ee:	4633      	mov	r3, r6
100015f0:	f7ff ff7d 	bl	100014ee <alarm_pool_add_alarm_at>
100015f4:	3001      	adds	r0, #1
100015f6:	d0ec      	beq.n	100015d2 <sleep_until+0x2e>
100015f8:	f8df 8048 	ldr.w	r8, [pc, #72]	@ 10001644 <sleep_until+0xa0>
100015fc:	4620      	mov	r0, r4
100015fe:	4631      	mov	r1, r6
10001600:	f7ff fefe 	bl	10001400 <time_reached>
10001604:	2800      	cmp	r0, #0
10001606:	d1e4      	bne.n	100015d2 <sleep_until+0x2e>
10001608:	f8d8 3000 	ldr.w	r3, [r8]
1000160c:	f3ef 8210 	mrs	r2, PRIMASK
10001610:	b672      	cpsid	i
10001612:	e8d3 cfcf 	ldaexb	ip, [r3]
10001616:	2101      	movs	r1, #1
10001618:	f1bc 0f00 	cmp.w	ip, #0
1000161c:	d1f9      	bne.n	10001612 <sleep_until+0x6e>
1000161e:	e8c3 1f4c 	strexb	ip, r1, [r3]
10001622:	f1bc 0f00 	cmp.w	ip, #0
10001626:	d1f4      	bne.n	10001612 <sleep_until+0x6e>
10001628:	f3bf 8f5f 	dmb	sy
1000162c:	f8d8 3000 	ldr.w	r3, [r8]
10001630:	e8c3 0f8f 	stlb	r0, [r3]
10001634:	f382 8810 	msr	PRIMASK, r2
10001638:	bf20      	wfe
1000163a:	e7df      	b.n	100015fc <sleep_until+0x58>
1000163c:	10001051 	.word	0x10001051
10001640:	2000dd6c 	.word	0x2000dd6c
10001644:	2000e878 	.word	0x2000e878

10001648 <sleep_us>:
10001648:	b538      	push	{r3, r4, r5, lr}
1000164a:	4604      	mov	r4, r0
1000164c:	460d      	mov	r5, r1
1000164e:	f000 f881 	bl	10001754 <time_us_64>
10001652:	f04f 32ff 	mov.w	r2, #4294967295	@ 0xffffffff
10001656:	f06f 4300 	mvn.w	r3, #2147483648	@ 0x80000000
1000165a:	1820      	adds	r0, r4, r0
1000165c:	eb45 0101 	adc.w	r1, r5, r1
10001660:	4282      	cmp	r2, r0
10001662:	eb73 0401 	sbcs.w	r4, r3, r1
10001666:	bf38      	it	cc
10001668:	4619      	movcc	r1, r3
1000166a:	e8bd 4038 	ldmia.w	sp!, {r3, r4, r5, lr}
1000166e:	bf38      	it	cc
10001670:	4610      	movcc	r0, r2
10001672:	f7ff bf97 	b.w	100015a4 <sleep_until>

10001676 <sleep_ms>:
10001676:	f44f 717a 	mov.w	r1, #1000	@ 0x3e8
1000167a:	fba0 0101 	umull	r0, r1, r0, r1
1000167e:	f7ff bfe3 	b.w	10001648 <sleep_us>
	...

10001684 <best_effort_wfe_or_timeout>:
10001684:	e92d 43f0 	stmdb	sp!, {r4, r5, r6, r7, r8, r9, lr}
10001688:	4604      	mov	r4, r0
1000168a:	460d      	mov	r5, r1
1000168c:	b085      	sub	sp, #20
1000168e:	f3ef 8705 	mrs	r7, IPSR
10001692:	b2ff      	uxtb	r7, r7
10001694:	b127      	cbz	r7, 100016a0 <best_effort_wfe_or_timeout+0x1c>
10001696:	b005      	add	sp, #20
10001698:	e8bd 43f0 	ldmia.w	sp!, {r4, r5, r6, r7, r8, r9, lr}
1000169c:	f7ff beb0 	b.w	10001400 <time_reached>
100016a0:	4e17      	ldr	r6, [pc, #92]	@ (10001700 <best_effort_wfe_or_timeout+0x7c>)
100016a2:	f8d6 900c 	ldr.w	r9, [r6, #12]
100016a6:	f896 8000 	ldrb.w	r8, [r6]
100016aa:	4648      	mov	r0, r9
100016ac:	f000 f83e 	bl	1000172c <timer_time_us_64>
100016b0:	f108 0804 	add.w	r8, r8, #4
100016b4:	f859 3028 	ldr.w	r3, [r9, r8, lsl #2]
100016b8:	1a22      	subs	r2, r4, r0
100016ba:	eba3 0300 	sub.w	r3, r3, r0
100016be:	eb65 0101 	sbc.w	r1, r5, r1
100016c2:	429a      	cmp	r2, r3
100016c4:	f171 0100 	sbcs.w	r1, r1, #0
100016c8:	db03      	blt.n	100016d2 <best_effort_wfe_or_timeout+0x4e>
100016ca:	bf20      	wfe
100016cc:	4620      	mov	r0, r4
100016ce:	4629      	mov	r1, r5
100016d0:	e7e1      	b.n	10001696 <best_effort_wfe_or_timeout+0x12>
100016d2:	4b0c      	ldr	r3, [pc, #48]	@ (10001704 <best_effort_wfe_or_timeout+0x80>)
100016d4:	4630      	mov	r0, r6
100016d6:	9300      	str	r3, [sp, #0]
100016d8:	4622      	mov	r2, r4
100016da:	462b      	mov	r3, r5
100016dc:	e9cd 7701 	strd	r7, r7, [sp, #4]
100016e0:	f7ff ff05 	bl	100014ee <alarm_pool_add_alarm_at>
100016e4:	1e06      	subs	r6, r0, #0
100016e6:	4629      	mov	r1, r5
100016e8:	4620      	mov	r0, r4
100016ea:	ddd4      	ble.n	10001696 <best_effort_wfe_or_timeout+0x12>
100016ec:	f7ff fe88 	bl	10001400 <time_reached>
100016f0:	b900      	cbnz	r0, 100016f4 <best_effort_wfe_or_timeout+0x70>
100016f2:	bf20      	wfe
100016f4:	4631      	mov	r1, r6
100016f6:	4802      	ldr	r0, [pc, #8]	@ (10001700 <best_effort_wfe_or_timeout+0x7c>)
100016f8:	f7ff ff16 	bl	10001528 <alarm_pool_cancel_alarm>
100016fc:	e7e6      	b.n	100016cc <best_effort_wfe_or_timeout+0x48>
100016fe:	bf00      	nop
10001700:	2000dd6c 	.word	0x2000dd6c
10001704:	10001051 	.word	0x10001051

10001708 <timer_hardware_alarm_claim>:
10001708:	b410      	push	{r4}
1000170a:	4b05      	ldr	r3, [pc, #20]	@ (10001720 <timer_hardware_alarm_claim+0x18>)
1000170c:	4c05      	ldr	r4, [pc, #20]	@ (10001724 <timer_hardware_alarm_claim+0x1c>)
1000170e:	4a06      	ldr	r2, [pc, #24]	@ (10001728 <timer_hardware_alarm_claim+0x20>)
10001710:	42a0      	cmp	r0, r4
10001712:	bf14      	ite	ne
10001714:	4618      	movne	r0, r3
10001716:	1c58      	addeq	r0, r3, #1
10001718:	bc10      	pop	{r4}
1000171a:	f7fe bf28 	b.w	1000056e <hw_claim_or_assert>
1000171e:	bf00      	nop
10001720:	2000e9e9 	.word	0x2000e9e9
10001724:	400b8000 	.word	0x400b8000
10001728:	100043ac 	.word	0x100043ac

1000172c <timer_time_us_64>:
1000172c:	4603      	mov	r3, r0
1000172e:	6a41      	ldr	r1, [r0, #36]	@ 0x24
10001730:	460a      	mov	r2, r1
10001732:	6a98      	ldr	r0, [r3, #40]	@ 0x28
10001734:	6a59      	ldr	r1, [r3, #36]	@ 0x24
10001736:	428a      	cmp	r2, r1
10001738:	d1fa      	bne.n	10001730 <timer_time_us_64+0x4>
1000173a:	4770      	bx	lr

1000173c <timer_busy_wait_until>:
1000173c:	6a41      	ldr	r1, [r0, #36]	@ 0x24
1000173e:	4299      	cmp	r1, r3
10001740:	d3fc      	bcc.n	1000173c <timer_busy_wait_until>
10001742:	4299      	cmp	r1, r3
10001744:	d102      	bne.n	1000174c <timer_busy_wait_until+0x10>
10001746:	6a81      	ldr	r1, [r0, #40]	@ 0x28
10001748:	4291      	cmp	r1, r2
1000174a:	d300      	bcc.n	1000174e <timer_busy_wait_until+0x12>
1000174c:	4770      	bx	lr
1000174e:	6a41      	ldr	r1, [r0, #36]	@ 0x24
10001750:	e7f7      	b.n	10001742 <timer_busy_wait_until+0x6>
	...

10001754 <time_us_64>:
10001754:	4801      	ldr	r0, [pc, #4]	@ (1000175c <time_us_64+0x8>)
10001756:	f7ff bfe9 	b.w	1000172c <timer_time_us_64>
1000175a:	bf00      	nop
1000175c:	400b0000 	.word	0x400b0000

10001760 <busy_wait_until>:
10001760:	4602      	mov	r2, r0
10001762:	460b      	mov	r3, r1
10001764:	4801      	ldr	r0, [pc, #4]	@ (1000176c <busy_wait_until+0xc>)
10001766:	f7ff bfe9 	b.w	1000173c <timer_busy_wait_until>
1000176a:	bf00      	nop
1000176c:	400b0000 	.word	0x400b0000

10001770 <clock_configure_internal>:
10001770:	b5f0      	push	{r4, r5, r6, r7, lr}
10001772:	240c      	movs	r4, #12
10001774:	4344      	muls	r4, r0
10001776:	f104 4480 	add.w	r4, r4, #1073741824	@ 0x40000000
1000177a:	f504 3480 	add.w	r4, r4, #65536	@ 0x10000
1000177e:	6865      	ldr	r5, [r4, #4]
10001780:	9e05      	ldr	r6, [sp, #20]
10001782:	1f07      	subs	r7, r0, #4
10001784:	42b5      	cmp	r5, r6
10001786:	b2ff      	uxtb	r7, r7
10001788:	bf38      	it	cc
1000178a:	6066      	strcc	r6, [r4, #4]
1000178c:	2f01      	cmp	r7, #1
1000178e:	f504 5540 	add.w	r5, r4, #12288	@ 0x3000
10001792:	d828      	bhi.n	100017e6 <clock_configure_internal+0x76>
10001794:	2901      	cmp	r1, #1
10001796:	d126      	bne.n	100017e6 <clock_configure_internal+0x76>
10001798:	f04f 0c03 	mov.w	ip, #3
1000179c:	f8c5 c000 	str.w	ip, [r5]
100017a0:	68a5      	ldr	r5, [r4, #8]
100017a2:	07ed      	lsls	r5, r5, #31
100017a4:	d5fc      	bpl.n	100017a0 <clock_configure_internal+0x30>
100017a6:	6825      	ldr	r5, [r4, #0]
100017a8:	f504 5c80 	add.w	ip, r4, #4096	@ 0x1000
100017ac:	ea85 1542 	eor.w	r5, r5, r2, lsl #5
100017b0:	f005 05e0 	and.w	r5, r5, #224	@ 0xe0
100017b4:	2f01      	cmp	r7, #1
100017b6:	f8cc 5000 	str.w	r5, [ip]
100017ba:	d80a      	bhi.n	100017d2 <clock_configure_internal+0x62>
100017bc:	6822      	ldr	r2, [r4, #0]
100017be:	404a      	eors	r2, r1
100017c0:	f002 0203 	and.w	r2, r2, #3
100017c4:	f8cc 2000 	str.w	r2, [ip]
100017c8:	2201      	movs	r2, #1
100017ca:	408a      	lsls	r2, r1
100017cc:	68a1      	ldr	r1, [r4, #8]
100017ce:	4211      	tst	r1, r2
100017d0:	d0fc      	beq.n	100017cc <clock_configure_internal+0x5c>
100017d2:	f44f 6100 	mov.w	r1, #2048	@ 0x800
100017d6:	f504 5200 	add.w	r2, r4, #8192	@ 0x2000
100017da:	6011      	str	r1, [r2, #0]
100017dc:	4a0b      	ldr	r2, [pc, #44]	@ (1000180c <clock_configure_internal+0x9c>)
100017de:	6066      	str	r6, [r4, #4]
100017e0:	f842 3020 	str.w	r3, [r2, r0, lsl #2]
100017e4:	bdf0      	pop	{r4, r5, r6, r7, pc}
100017e6:	f44f 6c00 	mov.w	ip, #2048	@ 0x800
100017ea:	f8c5 c000 	str.w	ip, [r5]
100017ee:	4d07      	ldr	r5, [pc, #28]	@ (1000180c <clock_configure_internal+0x9c>)
100017f0:	f855 c020 	ldr.w	ip, [r5, r0, lsl #2]
100017f4:	f1bc 0f00 	cmp.w	ip, #0
100017f8:	d0d5      	beq.n	100017a6 <clock_configure_internal+0x36>
100017fa:	696d      	ldr	r5, [r5, #20]
100017fc:	fbb5 f5fc 	udiv	r5, r5, ip
10001800:	3501      	adds	r5, #1
10001802:	eb05 0545 	add.w	r5, r5, r5, lsl #1
10001806:	3d03      	subs	r5, #3
10001808:	d2fd      	bcs.n	10001806 <clock_configure_internal+0x96>
1000180a:	e7cc      	b.n	100017a6 <clock_configure_internal+0x36>
1000180c:	2000e3ec 	.word	0x2000e3ec

10001810 <clock_configure_undivided>:
10001810:	b513      	push	{r0, r1, r4, lr}
10001812:	f44f 3480 	mov.w	r4, #65536	@ 0x10000
10001816:	9400      	str	r4, [sp, #0]
10001818:	f7ff ffaa 	bl	10001770 <clock_configure_internal>
1000181c:	b002      	add	sp, #8
1000181e:	bd10      	pop	{r4, pc}

10001820 <clock_get_hz>:
10001820:	4b01      	ldr	r3, [pc, #4]	@ (10001828 <clock_get_hz+0x8>)
10001822:	f853 0020 	ldr.w	r0, [r3, r0, lsl #2]
10001826:	4770      	bx	lr
10001828:	2000e3ec 	.word	0x2000e3ec

1000182c <pll_init>:
1000182c:	b570      	push	{r4, r5, r6, lr}
1000182e:	4c1d      	ldr	r4, [pc, #116]	@ (100018a4 <pll_init+0x78>)
10001830:	fbb4 f4f1 	udiv	r4, r4, r1
10001834:	fbb2 f2f4 	udiv	r2, r2, r4
10001838:	9c04      	ldr	r4, [sp, #16]
1000183a:	0324      	lsls	r4, r4, #12
1000183c:	ea44 4303 	orr.w	r3, r4, r3, lsl #16
10001840:	6804      	ldr	r4, [r0, #0]
10001842:	2c00      	cmp	r4, #0
10001844:	da0e      	bge.n	10001864 <pll_init+0x38>
10001846:	6804      	ldr	r4, [r0, #0]
10001848:	f004 043f 	and.w	r4, r4, #63	@ 0x3f
1000184c:	428c      	cmp	r4, r1
1000184e:	d109      	bne.n	10001864 <pll_init+0x38>
10001850:	6884      	ldr	r4, [r0, #8]
10001852:	f3c4 040b 	ubfx	r4, r4, #0, #12
10001856:	4294      	cmp	r4, r2
10001858:	d104      	bne.n	10001864 <pll_init+0x38>
1000185a:	68c4      	ldr	r4, [r0, #12]
1000185c:	f404 24ee 	and.w	r4, r4, #487424	@ 0x77000
10001860:	429c      	cmp	r4, r3
10001862:	d01d      	beq.n	100018a0 <pll_init+0x74>
10001864:	4d10      	ldr	r5, [pc, #64]	@ (100018a8 <pll_init+0x7c>)
10001866:	2401      	movs	r4, #1
10001868:	42a8      	cmp	r0, r5
1000186a:	bf14      	ite	ne
1000186c:	250e      	movne	r5, #14
1000186e:	250f      	moveq	r5, #15
10001870:	40ac      	lsls	r4, r5
10001872:	4d0e      	ldr	r5, [pc, #56]	@ (100018ac <pll_init+0x80>)
10001874:	4e0e      	ldr	r6, [pc, #56]	@ (100018b0 <pll_init+0x84>)
10001876:	602c      	str	r4, [r5, #0]
10001878:	f505 5580 	add.w	r5, r5, #4096	@ 0x1000
1000187c:	602c      	str	r4, [r5, #0]
1000187e:	68b5      	ldr	r5, [r6, #8]
10001880:	ea34 0505 	bics.w	r5, r4, r5
10001884:	d1fb      	bne.n	1000187e <pll_init+0x52>
10001886:	6001      	str	r1, [r0, #0]
10001888:	2121      	movs	r1, #33	@ 0x21
1000188a:	6082      	str	r2, [r0, #8]
1000188c:	f500 5240 	add.w	r2, r0, #12288	@ 0x3000
10001890:	3204      	adds	r2, #4
10001892:	6011      	str	r1, [r2, #0]
10001894:	6801      	ldr	r1, [r0, #0]
10001896:	2900      	cmp	r1, #0
10001898:	dafc      	bge.n	10001894 <pll_init+0x68>
1000189a:	60c3      	str	r3, [r0, #12]
1000189c:	2308      	movs	r3, #8
1000189e:	6013      	str	r3, [r2, #0]
100018a0:	bd70      	pop	{r4, r5, r6, pc}
100018a2:	bf00      	nop
100018a4:	00b71b00 	.word	0x00b71b00
100018a8:	40058000 	.word	0x40058000
100018ac:	40022000 	.word	0x40022000
100018b0:	40020000 	.word	0x40020000

100018b4 <watchdog_update>:
100018b4:	4b02      	ldr	r3, [pc, #8]	@ (100018c0 <watchdog_update+0xc>)
100018b6:	681a      	ldr	r2, [r3, #0]
100018b8:	4b02      	ldr	r3, [pc, #8]	@ (100018c4 <watchdog_update+0x10>)
100018ba:	605a      	str	r2, [r3, #4]
100018bc:	4770      	bx	lr
100018be:	bf00      	nop
100018c0:	2000e828 	.word	0x2000e828
100018c4:	400d8000 	.word	0x400d8000

100018c8 <_watchdog_enable>:
100018c8:	f04f 4380 	mov.w	r3, #1073741824	@ 0x40000000
100018cc:	4a11      	ldr	r2, [pc, #68]	@ (10001914 <_watchdog_enable+0x4c>)
100018ce:	b510      	push	{r4, lr}
100018d0:	4c11      	ldr	r4, [pc, #68]	@ (10001918 <_watchdog_enable+0x50>)
100018d2:	6013      	str	r3, [r2, #0]
100018d4:	f503 33d0 	add.w	r3, r3, #106496	@ 0x1a000
100018d8:	609c      	str	r4, [r3, #8]
100018da:	f04f 64e0 	mov.w	r4, #117440512	@ 0x7000000
100018de:	f503 2340 	add.w	r3, r3, #786432	@ 0xc0000
100018e2:	b129      	cbz	r1, 100018f0 <_watchdog_enable+0x28>
100018e4:	601c      	str	r4, [r3, #0]
100018e6:	b928      	cbnz	r0, 100018f4 <_watchdog_enable+0x2c>
100018e8:	f04f 4200 	mov.w	r2, #2147483648	@ 0x80000000
100018ec:	601a      	str	r2, [r3, #0]
100018ee:	bd10      	pop	{r4, pc}
100018f0:	6014      	str	r4, [r2, #0]
100018f2:	e7f8      	b.n	100018e6 <_watchdog_enable+0x1e>
100018f4:	f44f 737a 	mov.w	r3, #1000	@ 0x3e8
100018f8:	f06f 427f 	mvn.w	r2, #4278190080	@ 0xff000000
100018fc:	4358      	muls	r0, r3
100018fe:	4b07      	ldr	r3, [pc, #28]	@ (1000191c <_watchdog_enable+0x54>)
10001900:	4290      	cmp	r0, r2
10001902:	bf94      	ite	ls
10001904:	6018      	strls	r0, [r3, #0]
10001906:	601a      	strhi	r2, [r3, #0]
10001908:	f7ff ffd4 	bl	100018b4 <watchdog_update>
1000190c:	f04f 4280 	mov.w	r2, #1073741824	@ 0x40000000
10001910:	4b03      	ldr	r3, [pc, #12]	@ (10001920 <_watchdog_enable+0x58>)
10001912:	e7eb      	b.n	100018ec <_watchdog_enable+0x24>
10001914:	400db000 	.word	0x400db000
10001918:	01fffff3 	.word	0x01fffff3
1000191c:	2000e828 	.word	0x2000e828
10001920:	400da000 	.word	0x400da000

10001924 <watchdog_reboot>:
10001924:	b430      	push	{r4, r5}
10001926:	4603      	mov	r3, r0
10001928:	f04f 4480 	mov.w	r4, #1073741824	@ 0x40000000
1000192c:	480a      	ldr	r0, [pc, #40]	@ (10001958 <watchdog_reboot+0x34>)
1000192e:	6004      	str	r4, [r0, #0]
10001930:	f504 2458 	add.w	r4, r4, #884736	@ 0xd8000
10001934:	b16b      	cbz	r3, 10001952 <watchdog_reboot+0x2e>
10001936:	4d09      	ldr	r5, [pc, #36]	@ (1000195c <watchdog_reboot+0x38>)
10001938:	f043 0301 	orr.w	r3, r3, #1
1000193c:	4808      	ldr	r0, [pc, #32]	@ (10001960 <watchdog_reboot+0x3c>)
1000193e:	405d      	eors	r5, r3
10001940:	61e0      	str	r0, [r4, #28]
10001942:	6225      	str	r5, [r4, #32]
10001944:	6261      	str	r1, [r4, #36]	@ 0x24
10001946:	62a3      	str	r3, [r4, #40]	@ 0x28
10001948:	2100      	movs	r1, #0
1000194a:	bc30      	pop	{r4, r5}
1000194c:	4610      	mov	r0, r2
1000194e:	f7ff bfbb 	b.w	100018c8 <_watchdog_enable>
10001952:	61e3      	str	r3, [r4, #28]
10001954:	e7f8      	b.n	10001948 <watchdog_reboot+0x24>
10001956:	bf00      	nop
10001958:	400db000 	.word	0x400db000
1000195c:	4ff83f2d 	.word	0x4ff83f2d
10001960:	b007c0d3 	.word	0xb007c0d3

10001964 <tick_start>:
10001964:	230c      	movs	r3, #12
10001966:	4358      	muls	r0, r3
10001968:	2301      	movs	r3, #1
1000196a:	f100 4080 	add.w	r0, r0, #1073741824	@ 0x40000000
1000196e:	f500 1084 	add.w	r0, r0, #1081344	@ 0x108000
10001972:	6041      	str	r1, [r0, #4]
10001974:	6003      	str	r3, [r0, #0]
10001976:	4770      	bx	lr

10001978 <rom_reboot.constprop.0.isra.0>:
10001978:	2300      	movs	r3, #0
1000197a:	b570      	push	{r4, r5, r6, lr}
1000197c:	8adb      	ldrh	r3, [r3, #22]
1000197e:	4605      	mov	r5, r0
10001980:	460e      	mov	r6, r1
10001982:	2200      	movs	r2, #0
10001984:	e842 f200 	tt	r2, r2
10001988:	0252      	lsls	r2, r2, #9
1000198a:	bf54      	ite	pl
1000198c:	2110      	movpl	r1, #16
1000198e:	2104      	movmi	r1, #4
10001990:	f244 2052 	movw	r0, #16978	@ 0x4252
10001994:	4798      	blx	r3
10001996:	4604      	mov	r4, r0
10001998:	4633      	mov	r3, r6
1000199a:	462a      	mov	r2, r5
1000199c:	46a4      	mov	ip, r4
1000199e:	e8bd 4070 	ldmia.w	sp!, {r4, r5, r6, lr}
100019a2:	210a      	movs	r1, #10
100019a4:	f44f 7081 	mov.w	r0, #258	@ 0x102
100019a8:	4760      	bx	ip

100019aa <rom_func_lookup>:
100019aa:	2300      	movs	r3, #0
100019ac:	8adb      	ldrh	r3, [r3, #22]
100019ae:	2200      	movs	r2, #0
100019b0:	e842 f200 	tt	r2, r2
100019b4:	0252      	lsls	r2, r2, #9
100019b6:	bf54      	ite	pl
100019b8:	2110      	movpl	r1, #16
100019ba:	2104      	movmi	r1, #4
100019bc:	4718      	bx	r3

100019be <rom_reset_usb_boot_extra>:
100019be:	b508      	push	{r3, lr}
100019c0:	460b      	mov	r3, r1
100019c2:	1e01      	subs	r1, r0, #0
100019c4:	db02      	blt.n	100019cc <rom_reset_usb_boot_extra+0xe>
100019c6:	b922      	cbnz	r2, 100019d2 <rom_reset_usb_boot_extra+0x14>
100019c8:	f043 0320 	orr.w	r3, r3, #32
100019cc:	4618      	mov	r0, r3
100019ce:	f7ff ffd3 	bl	10001978 <rom_reboot.constprop.0.isra.0>
100019d2:	f043 0330 	orr.w	r3, r3, #48	@ 0x30
100019d6:	e7f9      	b.n	100019cc <rom_reset_usb_boot_extra+0xe>

100019d8 <runtime_init_bootrom_locking_enable>:
100019d8:	4a03      	ldr	r2, [pc, #12]	@ (100019e8 <runtime_init_bootrom_locking_enable+0x10>)
100019da:	f8d2 3828 	ldr.w	r3, [r2, #2088]	@ 0x828
100019de:	2b00      	cmp	r3, #0
100019e0:	d0fb      	beq.n	100019da <runtime_init_bootrom_locking_enable+0x2>
100019e2:	f3bf 8f5f 	dmb	sy
100019e6:	4770      	bx	lr
100019e8:	400e0000 	.word	0x400e0000

100019ec <boot_locks_reset>:
100019ec:	2100      	movs	r1, #0
100019ee:	4b04      	ldr	r3, [pc, #16]	@ (10001a00 <boot_locks_reset+0x14>)
100019f0:	4a04      	ldr	r2, [pc, #16]	@ (10001a04 <boot_locks_reset+0x18>)
100019f2:	f3bf 8f5f 	dmb	sy
100019f6:	f843 1b04 	str.w	r1, [r3], #4
100019fa:	4293      	cmp	r3, r2
100019fc:	d1f9      	bne.n	100019f2 <boot_locks_reset+0x6>
100019fe:	4770      	bx	lr
10001a00:	400e080c 	.word	0x400e080c
10001a04:	400e082c 	.word	0x400e082c

10001a08 <runtime_init_boot_locks_reset>:
10001a08:	f7ff bff0 	b.w	100019ec <boot_locks_reset>

10001a0c <xosc_init>:
10001a0c:	f44f 622a 	mov.w	r2, #2720	@ 0xaa0
10001a10:	4b05      	ldr	r3, [pc, #20]	@ (10001a28 <xosc_init+0x1c>)
10001a12:	4906      	ldr	r1, [pc, #24]	@ (10001a2c <xosc_init+0x20>)
10001a14:	601a      	str	r2, [r3, #0]
10001a16:	f44f 728d 	mov.w	r2, #282	@ 0x11a
10001a1a:	60da      	str	r2, [r3, #12]
10001a1c:	4a04      	ldr	r2, [pc, #16]	@ (10001a30 <xosc_init+0x24>)
10001a1e:	6011      	str	r1, [r2, #0]
10001a20:	685a      	ldr	r2, [r3, #4]
10001a22:	2a00      	cmp	r2, #0
10001a24:	dafc      	bge.n	10001a20 <xosc_init+0x14>
10001a26:	4770      	bx	lr
10001a28:	40048000 	.word	0x40048000
10001a2c:	00fab000 	.word	0x00fab000
10001a30:	4004a000 	.word	0x4004a000

10001a34 <first_per_core_initializer>:
10001a34:	4770      	bx	lr
	...

10001a38 <hard_assertion_failure>:
10001a38:	b508      	push	{r3, lr}
10001a3a:	4801      	ldr	r0, [pc, #4]	@ (10001a40 <hard_assertion_failure+0x8>)
10001a3c:	f7fe fd5a 	bl	100004f4 <panic>
10001a40:	100043ce 	.word	0x100043ce

10001a44 <runtime_run_initializers>:
10001a44:	b538      	push	{r3, r4, r5, lr}
10001a46:	4c04      	ldr	r4, [pc, #16]	@ (10001a58 <runtime_run_initializers+0x14>)
10001a48:	4d04      	ldr	r5, [pc, #16]	@ (10001a5c <runtime_run_initializers+0x18>)
10001a4a:	42ac      	cmp	r4, r5
10001a4c:	d300      	bcc.n	10001a50 <runtime_run_initializers+0xc>
10001a4e:	bd38      	pop	{r3, r4, r5, pc}
10001a50:	f854 3b04 	ldr.w	r3, [r4], #4
10001a54:	4798      	blx	r3
10001a56:	e7f8      	b.n	10001a4a <runtime_run_initializers+0x6>
10001a58:	100042d8 	.word	0x100042d8
10001a5c:	10004318 	.word	0x10004318

10001a60 <runtime_init_early_resets>:
10001a60:	4b05      	ldr	r3, [pc, #20]	@ (10001a78 <runtime_init_early_resets+0x18>)
10001a62:	4a06      	ldr	r2, [pc, #24]	@ (10001a7c <runtime_init_early_resets+0x1c>)
10001a64:	4906      	ldr	r1, [pc, #24]	@ (10001a80 <runtime_init_early_resets+0x20>)
10001a66:	601a      	str	r2, [r3, #0]
10001a68:	4b06      	ldr	r3, [pc, #24]	@ (10001a84 <runtime_init_early_resets+0x24>)
10001a6a:	4a07      	ldr	r2, [pc, #28]	@ (10001a88 <runtime_init_early_resets+0x28>)
10001a6c:	6013      	str	r3, [r2, #0]
10001a6e:	688a      	ldr	r2, [r1, #8]
10001a70:	ea33 0202 	bics.w	r2, r3, r2
10001a74:	d1fb      	bne.n	10001a6e <runtime_init_early_resets+0xe>
10001a76:	4770      	bx	lr
10001a78:	40022000 	.word	0x40022000
10001a7c:	efef3b7f 	.word	0xefef3b7f
10001a80:	40020000 	.word	0x40020000
10001a84:	03f3fff6 	.word	0x03f3fff6
10001a88:	40023000 	.word	0x40023000

10001a8c <runtime_init_usb_power_down>:
10001a8c:	4b04      	ldr	r3, [pc, #16]	@ (10001aa0 <runtime_init_usb_power_down+0x14>)
10001a8e:	6cdb      	ldr	r3, [r3, #76]	@ 0x4c
10001a90:	f5b3 4f00 	cmp.w	r3, #32768	@ 0x8000
10001a94:	bf02      	ittt	eq
10001a96:	f44f 2280 	moveq.w	r2, #262144	@ 0x40000
10001a9a:	4b02      	ldreq	r3, [pc, #8]	@ (10001aa4 <runtime_init_usb_power_down+0x18>)
10001a9c:	64da      	streq	r2, [r3, #76]	@ 0x4c
10001a9e:	4770      	bx	lr
10001aa0:	50110000 	.word	0x50110000
10001aa4:	50112000 	.word	0x50112000

10001aa8 <runtime_init_per_core_enable_coprocessors>:
10001aa8:	f04f 22e0 	mov.w	r2, #3758153728	@ 0xe000e000
10001aac:	4b04      	ldr	r3, [pc, #16]	@ (10001ac0 <runtime_init_per_core_enable_coprocessors+0x18>)
10001aae:	f8d2 1d88 	ldr.w	r1, [r2, #3464]	@ 0xd88
10001ab2:	430b      	orrs	r3, r1
10001ab4:	f8c2 3d88 	str.w	r3, [r2, #3464]	@ 0xd88
10001ab8:	ee10 0430 			dcp_rcmp r0
10001abc:	4770      	bx	lr
10001abe:	bf00      	nop
10001ac0:	00300303 	.word	0x00300303

10001ac4 <runtime_init_post_clock_resets>:
10001ac4:	f06f 4260 	mvn.w	r2, #3758096384	@ 0xe0000000
10001ac8:	4b04      	ldr	r3, [pc, #16]	@ (10001adc <runtime_init_post_clock_resets+0x18>)
10001aca:	601a      	str	r2, [r3, #0]
10001acc:	4a04      	ldr	r2, [pc, #16]	@ (10001ae0 <runtime_init_post_clock_resets+0x1c>)
10001ace:	6893      	ldr	r3, [r2, #8]
10001ad0:	43db      	mvns	r3, r3
10001ad2:	f033 4360 	bics.w	r3, r3, #3758096384	@ 0xe0000000
10001ad6:	d1fa      	bne.n	10001ace <runtime_init_post_clock_resets+0xa>
10001ad8:	4770      	bx	lr
10001ada:	bf00      	nop
10001adc:	40023000 	.word	0x40023000
10001ae0:	40020000 	.word	0x40020000

10001ae4 <runtime_init_bootrom_reset>:
10001ae4:	b510      	push	{r4, lr}
10001ae6:	f245 2053 	movw	r0, #21075	@ 0x5253
10001aea:	f7ff ff5e 	bl	100019aa <rom_func_lookup>
10001aee:	e8bd 4010 	ldmia.w	sp!, {r4, lr}
10001af2:	4603      	mov	r3, r0
10001af4:	2004      	movs	r0, #4
10001af6:	4718      	bx	r3

10001af8 <runtime_init_per_core_bootrom_reset>:
10001af8:	b510      	push	{r4, lr}
10001afa:	f245 2053 	movw	r0, #21075	@ 0x5253
10001afe:	f7ff ff54 	bl	100019aa <rom_func_lookup>
10001b02:	e8bd 4010 	ldmia.w	sp!, {r4, lr}
10001b06:	4603      	mov	r3, r0
10001b08:	2001      	movs	r0, #1
10001b0a:	4718      	bx	r3

10001b0c <runtime_init_spin_locks_reset>:
10001b0c:	f7fe bdac 	b.w	10000668 <spin_locks_reset>

10001b10 <runtime_init_install_ram_vector_table>:
10001b10:	b510      	push	{r4, lr}
10001b12:	490b      	ldr	r1, [pc, #44]	@ (10001b40 <runtime_init_install_ram_vector_table+0x30>)
10001b14:	4c0b      	ldr	r4, [pc, #44]	@ (10001b44 <runtime_init_install_ram_vector_table+0x34>)
10001b16:	480c      	ldr	r0, [pc, #48]	@ (10001b48 <runtime_init_install_ram_vector_table+0x38>)
10001b18:	1a64      	subs	r4, r4, r1
10001b1a:	10a4      	asrs	r4, r4, #2
10001b1c:	2c44      	cmp	r4, #68	@ 0x44
10001b1e:	4622      	mov	r2, r4
10001b20:	bf28      	it	cs
10001b22:	2244      	movcs	r2, #68	@ 0x44
10001b24:	0092      	lsls	r2, r2, #2
10001b26:	f002 fb0d 	bl	10004144 <memcpy>
10001b2a:	4b07      	ldr	r3, [pc, #28]	@ (10001b48 <runtime_init_install_ram_vector_table+0x38>)
10001b2c:	4a07      	ldr	r2, [pc, #28]	@ (10001b4c <runtime_init_install_ram_vector_table+0x3c>)
10001b2e:	2c43      	cmp	r4, #67	@ 0x43
10001b30:	d902      	bls.n	10001b38 <runtime_init_install_ram_vector_table+0x28>
10001b32:	4a07      	ldr	r2, [pc, #28]	@ (10001b50 <runtime_init_install_ram_vector_table+0x40>)
10001b34:	6093      	str	r3, [r2, #8]
10001b36:	bd10      	pop	{r4, pc}
10001b38:	f843 2024 	str.w	r2, [r3, r4, lsl #2]
10001b3c:	3401      	adds	r4, #1
10001b3e:	e7f6      	b.n	10001b2e <runtime_init_install_ram_vector_table+0x1e>
10001b40:	10000000 	.word	0x10000000
10001b44:	10000110 	.word	0x10000110
10001b48:	20000000 	.word	0x20000000
10001b4c:	10000111 	.word	0x10000111
10001b50:	e000ed00 	.word	0xe000ed00

10001b54 <runtime_init_clocks>:
10001b54:	2300      	movs	r3, #0
10001b56:	b573      	push	{r0, r1, r4, r5, r6, lr}
10001b58:	4d29      	ldr	r5, [pc, #164]	@ (10001c00 <runtime_init_clocks+0xac>)
10001b5a:	f8c5 3084 	str.w	r3, [r5, #132]	@ 0x84
10001b5e:	f7ff ff55 	bl	10001a0c <xosc_init>
10001b62:	2201      	movs	r2, #1
10001b64:	4b27      	ldr	r3, [pc, #156]	@ (10001c04 <runtime_init_clocks+0xb0>)
10001b66:	63da      	str	r2, [r3, #60]	@ 0x3c
10001b68:	6c6a      	ldr	r2, [r5, #68]	@ 0x44
10001b6a:	2a01      	cmp	r2, #1
10001b6c:	d1fc      	bne.n	10001b68 <runtime_init_clocks+0x14>
10001b6e:	2203      	movs	r2, #3
10001b70:	631a      	str	r2, [r3, #48]	@ 0x30
10001b72:	6bac      	ldr	r4, [r5, #56]	@ 0x38
10001b74:	2c01      	cmp	r4, #1
10001b76:	d1fc      	bne.n	10001b72 <runtime_init_clocks+0x1e>
10001b78:	2602      	movs	r6, #2
10001b7a:	2505      	movs	r5, #5
10001b7c:	4621      	mov	r1, r4
10001b7e:	2305      	movs	r3, #5
10001b80:	4a21      	ldr	r2, [pc, #132]	@ (10001c08 <runtime_init_clocks+0xb4>)
10001b82:	4822      	ldr	r0, [pc, #136]	@ (10001c0c <runtime_init_clocks+0xb8>)
10001b84:	9600      	str	r6, [sp, #0]
10001b86:	f7ff fe51 	bl	1000182c <pll_init>
10001b8a:	462b      	mov	r3, r5
10001b8c:	4621      	mov	r1, r4
10001b8e:	4a20      	ldr	r2, [pc, #128]	@ (10001c10 <runtime_init_clocks+0xbc>)
10001b90:	4820      	ldr	r0, [pc, #128]	@ (10001c14 <runtime_init_clocks+0xc0>)
10001b92:	9500      	str	r5, [sp, #0]
10001b94:	f7ff fe4a 	bl	1000182c <pll_init>
10001b98:	2200      	movs	r2, #0
10001b9a:	4631      	mov	r1, r6
10001b9c:	2004      	movs	r0, #4
10001b9e:	4b1e      	ldr	r3, [pc, #120]	@ (10001c18 <runtime_init_clocks+0xc4>)
10001ba0:	f7ff fe36 	bl	10001810 <clock_configure_undivided>
10001ba4:	4621      	mov	r1, r4
10001ba6:	4628      	mov	r0, r5
10001ba8:	2200      	movs	r2, #0
10001baa:	4b1c      	ldr	r3, [pc, #112]	@ (10001c1c <runtime_init_clocks+0xc8>)
10001bac:	f7ff fe30 	bl	10001810 <clock_configure_undivided>
10001bb0:	2200      	movs	r2, #0
10001bb2:	2008      	movs	r0, #8
10001bb4:	4611      	mov	r1, r2
10001bb6:	4b1a      	ldr	r3, [pc, #104]	@ (10001c20 <runtime_init_clocks+0xcc>)
10001bb8:	f7ff fe2a 	bl	10001810 <clock_configure_undivided>
10001bbc:	2200      	movs	r2, #0
10001bbe:	2009      	movs	r0, #9
10001bc0:	4611      	mov	r1, r2
10001bc2:	4b17      	ldr	r3, [pc, #92]	@ (10001c20 <runtime_init_clocks+0xcc>)
10001bc4:	f7ff fe24 	bl	10001810 <clock_configure_undivided>
10001bc8:	2200      	movs	r2, #0
10001bca:	2006      	movs	r0, #6
10001bcc:	4611      	mov	r1, r2
10001bce:	4b13      	ldr	r3, [pc, #76]	@ (10001c1c <runtime_init_clocks+0xc8>)
10001bd0:	f7ff fe1e 	bl	10001810 <clock_configure_undivided>
10001bd4:	2200      	movs	r2, #0
10001bd6:	2007      	movs	r0, #7
10001bd8:	4611      	mov	r1, r2
10001bda:	4b10      	ldr	r3, [pc, #64]	@ (10001c1c <runtime_init_clocks+0xc8>)
10001bdc:	f7ff fe18 	bl	10001810 <clock_configure_undivided>
10001be0:	2004      	movs	r0, #4
10001be2:	f7ff fe1d 	bl	10001820 <clock_get_hz>
10001be6:	4d0f      	ldr	r5, [pc, #60]	@ (10001c24 <runtime_init_clocks+0xd0>)
10001be8:	2400      	movs	r4, #0
10001bea:	fbb0 f5f5 	udiv	r5, r0, r5
10001bee:	b2e0      	uxtb	r0, r4
10001bf0:	4629      	mov	r1, r5
10001bf2:	3401      	adds	r4, #1
10001bf4:	f7ff feb6 	bl	10001964 <tick_start>
10001bf8:	2c06      	cmp	r4, #6
10001bfa:	d1f8      	bne.n	10001bee <runtime_init_clocks+0x9a>
10001bfc:	b002      	add	sp, #8
10001bfe:	bd70      	pop	{r4, r5, r6, pc}
10001c00:	40010000 	.word	0x40010000
10001c04:	40013000 	.word	0x40013000
10001c08:	59682f00 	.word	0x59682f00
10001c0c:	40050000 	.word	0x40050000
10001c10:	47868c00 	.word	0x47868c00
10001c14:	40058000 	.word	0x40058000
10001c18:	00b71b00 	.word	0x00b71b00
10001c1c:	08f0d180 	.word	0x08f0d180
10001c20:	02dc6c00 	.word	0x02dc6c00
10001c24:	000f4240 	.word	0x000f4240

10001c28 <_out_char>:
10001c28:	b108      	cbz	r0, 10001c2e <_out_char+0x6>
10001c2a:	f000 b901 	b.w	10001e30 <__wrap_putchar>
10001c2e:	4770      	bx	lr

10001c30 <weak_raw_vprintf>:
10001c30:	b51f      	push	{r0, r1, r2, r3, r4, lr}
10001c32:	4a08      	ldr	r2, [pc, #32]	@ (10001c54 <weak_raw_vprintf+0x24>)
10001c34:	4603      	mov	r3, r0
10001c36:	6814      	ldr	r4, [r2, #0]
10001c38:	b144      	cbz	r4, 10001c4c <weak_raw_vprintf+0x1c>
10001c3a:	9100      	str	r1, [sp, #0]
10001c3c:	f04f 32ff 	mov.w	r2, #4294967295	@ 0xffffffff
10001c40:	4805      	ldr	r0, [pc, #20]	@ (10001c58 <weak_raw_vprintf+0x28>)
10001c42:	a903      	add	r1, sp, #12
10001c44:	47a0      	blx	r4
10001c46:	2001      	movs	r0, #1
10001c48:	b004      	add	sp, #16
10001c4a:	bd10      	pop	{r4, pc}
10001c4c:	f000 f8fe 	bl	10001e4c <__wrap_puts>
10001c50:	4620      	mov	r0, r4
10001c52:	e7f9      	b.n	10001c48 <weak_raw_vprintf+0x18>
10001c54:	2000e824 	.word	0x2000e824
10001c58:	10001c29 	.word	0x10001c29

10001c5c <_exit>:
10001c5c:	be00      	bkpt	0x0000
10001c5e:	e7fd      	b.n	10001c5c <_exit>

10001c60 <exit>:
10001c60:	b508      	push	{r3, lr}
10001c62:	f7ff fffb 	bl	10001c5c <_exit>
	...

10001c68 <runtime_init>:
10001c68:	b538      	push	{r3, r4, r5, lr}
10001c6a:	f7ff feeb 	bl	10001a44 <runtime_run_initializers>
10001c6e:	4c04      	ldr	r4, [pc, #16]	@ (10001c80 <runtime_init+0x18>)
10001c70:	4d04      	ldr	r5, [pc, #16]	@ (10001c84 <runtime_init+0x1c>)
10001c72:	42ac      	cmp	r4, r5
10001c74:	d300      	bcc.n	10001c78 <runtime_init+0x10>
10001c76:	bd38      	pop	{r3, r4, r5, pc}
10001c78:	f854 3b04 	ldr.w	r3, [r4], #4
10001c7c:	4798      	blx	r3
10001c7e:	e7f8      	b.n	10001c72 <runtime_init+0xa>
10001c80:	10004318 	.word	0x10004318
10001c84:	10004320 	.word	0x10004320

10001c88 <stdio_out_chars_no_crlf>:
10001c88:	4603      	mov	r3, r0
10001c8a:	4608      	mov	r0, r1
10001c8c:	681b      	ldr	r3, [r3, #0]
10001c8e:	4611      	mov	r1, r2
10001c90:	4718      	bx	r3
	...

10001c94 <stdio_out_chars_crlf>:
10001c94:	7d43      	ldrb	r3, [r0, #21]
10001c96:	e92d 41f0 	stmdb	sp!, {r4, r5, r6, r7, r8, lr}
10001c9a:	4604      	mov	r4, r0
10001c9c:	460d      	mov	r5, r1
10001c9e:	4616      	mov	r6, r2
10001ca0:	b1a3      	cbz	r3, 10001ccc <stdio_out_chars_crlf+0x38>
10001ca2:	f101 38ff 	add.w	r8, r1, #4294967295	@ 0xffffffff
10001ca6:	2100      	movs	r1, #0
10001ca8:	4608      	mov	r0, r1
10001caa:	428e      	cmp	r6, r1
10001cac:	dc14      	bgt.n	10001cd8 <stdio_out_chars_crlf+0x44>
10001cae:	4286      	cmp	r6, r0
10001cb0:	dd2e      	ble.n	10001d10 <stdio_out_chars_crlf+0x7c>
10001cb2:	1a31      	subs	r1, r6, r0
10001cb4:	6823      	ldr	r3, [r4, #0]
10001cb6:	4428      	add	r0, r5
10001cb8:	4798      	blx	r3
10001cba:	4435      	add	r5, r6
10001cbc:	f815 3c01 	ldrb.w	r3, [r5, #-1]
10001cc0:	f1a3 020d 	sub.w	r2, r3, #13
10001cc4:	4253      	negs	r3, r2
10001cc6:	4153      	adcs	r3, r2
10001cc8:	7523      	strb	r3, [r4, #20]
10001cca:	e023      	b.n	10001d14 <stdio_out_chars_crlf+0x80>
10001ccc:	6803      	ldr	r3, [r0, #0]
10001cce:	4611      	mov	r1, r2
10001cd0:	4628      	mov	r0, r5
10001cd2:	e8bd 41f0 	ldmia.w	sp!, {r4, r5, r6, r7, r8, lr}
10001cd6:	4718      	bx	r3
10001cd8:	b1c1      	cbz	r1, 10001d0c <stdio_out_chars_crlf+0x78>
10001cda:	f898 3000 	ldrb.w	r3, [r8]
10001cde:	f1a3 070d 	sub.w	r7, r3, #13
10001ce2:	427b      	negs	r3, r7
10001ce4:	417b      	adcs	r3, r7
10001ce6:	f818 2f01 	ldrb.w	r2, [r8, #1]!
10001cea:	1c4f      	adds	r7, r1, #1
10001cec:	2a0a      	cmp	r2, #10
10001cee:	d10b      	bne.n	10001d08 <stdio_out_chars_crlf+0x74>
10001cf0:	b953      	cbnz	r3, 10001d08 <stdio_out_chars_crlf+0x74>
10001cf2:	4281      	cmp	r1, r0
10001cf4:	dd03      	ble.n	10001cfe <stdio_out_chars_crlf+0x6a>
10001cf6:	1a09      	subs	r1, r1, r0
10001cf8:	6823      	ldr	r3, [r4, #0]
10001cfa:	4428      	add	r0, r5
10001cfc:	4798      	blx	r3
10001cfe:	4806      	ldr	r0, [pc, #24]	@ (10001d18 <stdio_out_chars_crlf+0x84>)
10001d00:	2102      	movs	r1, #2
10001d02:	6823      	ldr	r3, [r4, #0]
10001d04:	4798      	blx	r3
10001d06:	4638      	mov	r0, r7
10001d08:	4639      	mov	r1, r7
10001d0a:	e7ce      	b.n	10001caa <stdio_out_chars_crlf+0x16>
10001d0c:	7d23      	ldrb	r3, [r4, #20]
10001d0e:	e7ea      	b.n	10001ce6 <stdio_out_chars_crlf+0x52>
10001d10:	2e00      	cmp	r6, #0
10001d12:	dcd2      	bgt.n	10001cba <stdio_out_chars_crlf+0x26>
10001d14:	e8bd 81f0 	ldmia.w	sp!, {r4, r5, r6, r7, r8, pc}
10001d18:	10004526 	.word	0x10004526

10001d1c <stdout_serialize_begin>:
10001d1c:	b510      	push	{r4, lr}
10001d1e:	f7ff fd19 	bl	10001754 <time_us_64>
10001d22:	4a0a      	ldr	r2, [pc, #40]	@ (10001d4c <stdout_serialize_begin+0x30>)
10001d24:	1882      	adds	r2, r0, r2
10001d26:	f04f 30ff 	mov.w	r0, #4294967295	@ 0xffffffff
10001d2a:	f141 0300 	adc.w	r3, r1, #0
10001d2e:	f06f 4100 	mvn.w	r1, #2147483648	@ 0x80000000
10001d32:	4290      	cmp	r0, r2
10001d34:	eb71 0403 	sbcs.w	r4, r1, r3
10001d38:	bf38      	it	cc
10001d3a:	4602      	movcc	r2, r0
10001d3c:	e8bd 4010 	ldmia.w	sp!, {r4, lr}
10001d40:	bf38      	it	cc
10001d42:	460b      	movcc	r3, r1
10001d44:	4802      	ldr	r0, [pc, #8]	@ (10001d50 <stdout_serialize_begin+0x34>)
10001d46:	f002 babb 	b.w	100042c0 <__mutex_try_enter_block_until_veneer>
10001d4a:	bf00      	nop
10001d4c:	000f4240 	.word	0x000f4240
10001d50:	2000ddbc 	.word	0x2000ddbc

10001d54 <stdout_serialize_end>:
10001d54:	4801      	ldr	r0, [pc, #4]	@ (10001d5c <stdout_serialize_end+0x8>)
10001d56:	f002 baa7 	b.w	100042a8 <__mutex_exit_veneer>
10001d5a:	bf00      	nop
10001d5c:	2000ddbc 	.word	0x2000ddbc

10001d60 <stdio_put_string>:
10001d60:	e92d 4ff7 	stmdb	sp!, {r0, r1, r2, r4, r5, r6, r7, r8, r9, sl, fp, lr}
10001d64:	460c      	mov	r4, r1
10001d66:	461d      	mov	r5, r3
10001d68:	4607      	mov	r7, r0
10001d6a:	4693      	mov	fp, r2
10001d6c:	f7ff ffd6 	bl	10001d1c <stdout_serialize_begin>
10001d70:	1c63      	adds	r3, r4, #1
10001d72:	4680      	mov	r8, r0
10001d74:	d103      	bne.n	10001d7e <stdio_put_string+0x1e>
10001d76:	4638      	mov	r0, r7
10001d78:	f002 fa5a 	bl	10004230 <strlen>
10001d7c:	4604      	mov	r4, r0
10001d7e:	f04f 0a0a 	mov.w	sl, #10
10001d82:	4b15      	ldr	r3, [pc, #84]	@ (10001dd8 <stdio_put_string+0x78>)
10001d84:	4e15      	ldr	r6, [pc, #84]	@ (10001ddc <stdio_put_string+0x7c>)
10001d86:	f8df 905c 	ldr.w	r9, [pc, #92]	@ 10001de4 <stdio_put_string+0x84>
10001d8a:	2d00      	cmp	r5, #0
10001d8c:	bf18      	it	ne
10001d8e:	461e      	movne	r6, r3
10001d90:	4b13      	ldr	r3, [pc, #76]	@ (10001de0 <stdio_put_string+0x80>)
10001d92:	681d      	ldr	r5, [r3, #0]
10001d94:	b945      	cbnz	r5, 10001da8 <stdio_put_string+0x48>
10001d96:	f1b8 0f00 	cmp.w	r8, #0
10001d9a:	d001      	beq.n	10001da0 <stdio_put_string+0x40>
10001d9c:	f7ff ffda 	bl	10001d54 <stdout_serialize_end>
10001da0:	4620      	mov	r0, r4
10001da2:	b003      	add	sp, #12
10001da4:	e8bd 8ff0 	ldmia.w	sp!, {r4, r5, r6, r7, r8, r9, sl, fp, pc}
10001da8:	682b      	ldr	r3, [r5, #0]
10001daa:	b193      	cbz	r3, 10001dd2 <stdio_put_string+0x72>
10001dac:	f8d9 3000 	ldr.w	r3, [r9]
10001db0:	b10b      	cbz	r3, 10001db6 <stdio_put_string+0x56>
10001db2:	42ab      	cmp	r3, r5
10001db4:	d10d      	bne.n	10001dd2 <stdio_put_string+0x72>
10001db6:	4622      	mov	r2, r4
10001db8:	4639      	mov	r1, r7
10001dba:	4628      	mov	r0, r5
10001dbc:	47b0      	blx	r6
10001dbe:	f1bb 0f00 	cmp.w	fp, #0
10001dc2:	d006      	beq.n	10001dd2 <stdio_put_string+0x72>
10001dc4:	2201      	movs	r2, #1
10001dc6:	4628      	mov	r0, r5
10001dc8:	f10d 0107 	add.w	r1, sp, #7
10001dcc:	f88d a007 	strb.w	sl, [sp, #7]
10001dd0:	47b0      	blx	r6
10001dd2:	692d      	ldr	r5, [r5, #16]
10001dd4:	e7de      	b.n	10001d94 <stdio_put_string+0x34>
10001dd6:	bf00      	nop
10001dd8:	10001c95 	.word	0x10001c95
10001ddc:	10001c89 	.word	0x10001c89
10001de0:	2000e414 	.word	0x2000e414
10001de4:	2000e41c 	.word	0x2000e41c

10001de8 <stdio_set_driver_enabled>:
10001de8:	4b09      	ldr	r3, [pc, #36]	@ (10001e10 <stdio_set_driver_enabled+0x28>)
10001dea:	681a      	ldr	r2, [r3, #0]
10001dec:	b912      	cbnz	r2, 10001df4 <stdio_set_driver_enabled+0xc>
10001dee:	b101      	cbz	r1, 10001df2 <stdio_set_driver_enabled+0xa>
10001df0:	6018      	str	r0, [r3, #0]
10001df2:	4770      	bx	lr
10001df4:	681a      	ldr	r2, [r3, #0]
10001df6:	4282      	cmp	r2, r0
10001df8:	d105      	bne.n	10001e06 <stdio_set_driver_enabled+0x1e>
10001dfa:	2900      	cmp	r1, #0
10001dfc:	d1f9      	bne.n	10001df2 <stdio_set_driver_enabled+0xa>
10001dfe:	6902      	ldr	r2, [r0, #16]
10001e00:	601a      	str	r2, [r3, #0]
10001e02:	6101      	str	r1, [r0, #16]
10001e04:	4770      	bx	lr
10001e06:	f102 0310 	add.w	r3, r2, #16
10001e0a:	6912      	ldr	r2, [r2, #16]
10001e0c:	e7ee      	b.n	10001dec <stdio_set_driver_enabled+0x4>
10001e0e:	bf00      	nop
10001e10:	2000e414 	.word	0x2000e414

10001e14 <stdio_flush>:
10001e14:	4b04      	ldr	r3, [pc, #16]	@ (10001e28 <stdio_flush+0x14>)
10001e16:	b510      	push	{r4, lr}
10001e18:	681c      	ldr	r4, [r3, #0]
10001e1a:	b904      	cbnz	r4, 10001e1e <stdio_flush+0xa>
10001e1c:	bd10      	pop	{r4, pc}
10001e1e:	6863      	ldr	r3, [r4, #4]
10001e20:	b103      	cbz	r3, 10001e24 <stdio_flush+0x10>
10001e22:	4798      	blx	r3
10001e24:	6924      	ldr	r4, [r4, #16]
10001e26:	e7f8      	b.n	10001e1a <stdio_flush+0x6>
10001e28:	2000e414 	.word	0x2000e414

10001e2c <stdio_init_all>:
10001e2c:	f000 b960 	b.w	100020f0 <stdio_usb_init>

10001e30 <__wrap_putchar>:
10001e30:	2301      	movs	r3, #1
10001e32:	b513      	push	{r0, r1, r4, lr}
10001e34:	4604      	mov	r4, r0
10001e36:	f88d 0007 	strb.w	r0, [sp, #7]
10001e3a:	2200      	movs	r2, #0
10001e3c:	4619      	mov	r1, r3
10001e3e:	f10d 0007 	add.w	r0, sp, #7
10001e42:	f7ff ff8d 	bl	10001d60 <stdio_put_string>
10001e46:	4620      	mov	r0, r4
10001e48:	b002      	add	sp, #8
10001e4a:	bd10      	pop	{r4, pc}

10001e4c <__wrap_puts>:
10001e4c:	b538      	push	{r3, r4, r5, lr}
10001e4e:	4605      	mov	r5, r0
10001e50:	f002 f9ee 	bl	10004230 <strlen>
10001e54:	2301      	movs	r3, #1
10001e56:	4604      	mov	r4, r0
10001e58:	4601      	mov	r1, r0
10001e5a:	461a      	mov	r2, r3
10001e5c:	4628      	mov	r0, r5
10001e5e:	f7ff ff7f 	bl	10001d60 <stdio_put_string>
10001e62:	f7ff ffd7 	bl	10001e14 <stdio_flush>
10001e66:	4620      	mov	r0, r4
10001e68:	bd38      	pop	{r3, r4, r5, pc}

10001e6a <resetd_init>:
10001e6a:	4770      	bx	lr

10001e6c <resetd_reset>:
10001e6c:	2200      	movs	r2, #0
10001e6e:	4b01      	ldr	r3, [pc, #4]	@ (10001e74 <resetd_reset+0x8>)
10001e70:	701a      	strb	r2, [r3, #0]
10001e72:	4770      	bx	lr
10001e74:	2000e9ec 	.word	0x2000e9ec

10001e78 <resetd_open>:
10001e78:	794b      	ldrb	r3, [r1, #5]
10001e7a:	2bff      	cmp	r3, #255	@ 0xff
10001e7c:	d10b      	bne.n	10001e96 <resetd_open+0x1e>
10001e7e:	7988      	ldrb	r0, [r1, #6]
10001e80:	b948      	cbnz	r0, 10001e96 <resetd_open+0x1e>
10001e82:	79cb      	ldrb	r3, [r1, #7]
10001e84:	2b01      	cmp	r3, #1
10001e86:	d107      	bne.n	10001e98 <resetd_open+0x20>
10001e88:	2a08      	cmp	r2, #8
10001e8a:	d905      	bls.n	10001e98 <resetd_open+0x20>
10001e8c:	788a      	ldrb	r2, [r1, #2]
10001e8e:	4b03      	ldr	r3, [pc, #12]	@ (10001e9c <resetd_open+0x24>)
10001e90:	2009      	movs	r0, #9
10001e92:	701a      	strb	r2, [r3, #0]
10001e94:	4770      	bx	lr
10001e96:	2000      	movs	r0, #0
10001e98:	4770      	bx	lr
10001e9a:	bf00      	nop
10001e9c:	2000e9ec 	.word	0x2000e9ec

10001ea0 <resetd_xfer_cb>:
10001ea0:	2001      	movs	r0, #1
10001ea2:	4770      	bx	lr

10001ea4 <resetd_control_xfer_cb>:
10001ea4:	2901      	cmp	r1, #1
10001ea6:	b508      	push	{r3, lr}
10001ea8:	d11b      	bne.n	10001ee2 <resetd_control_xfer_cb+0x3e>
10001eaa:	4b10      	ldr	r3, [pc, #64]	@ (10001eec <resetd_control_xfer_cb+0x48>)
10001eac:	8891      	ldrh	r1, [r2, #4]
10001eae:	781b      	ldrb	r3, [r3, #0]
10001eb0:	4299      	cmp	r1, r3
10001eb2:	d118      	bne.n	10001ee6 <resetd_control_xfer_cb+0x42>
10001eb4:	7853      	ldrb	r3, [r2, #1]
10001eb6:	2b01      	cmp	r3, #1
10001eb8:	d10c      	bne.n	10001ed4 <resetd_control_xfer_cb+0x30>
10001eba:	8851      	ldrh	r1, [r2, #2]
10001ebc:	05cb      	lsls	r3, r1, #23
10001ebe:	bf48      	it	mi
10001ec0:	0a48      	lsrmi	r0, r1, #9
10001ec2:	f3c1 2240 	ubfx	r2, r1, #9, #1
10001ec6:	bf58      	it	pl
10001ec8:	f04f 30ff 	movpl.w	r0, #4294967295	@ 0xffffffff
10001ecc:	f001 017f 	and.w	r1, r1, #127	@ 0x7f
10001ed0:	f7ff fd75 	bl	100019be <rom_reset_usb_boot_extra>
10001ed4:	2b02      	cmp	r3, #2
10001ed6:	d106      	bne.n	10001ee6 <resetd_control_xfer_cb+0x42>
10001ed8:	2100      	movs	r1, #0
10001eda:	2264      	movs	r2, #100	@ 0x64
10001edc:	4608      	mov	r0, r1
10001ede:	f7ff fd21 	bl	10001924 <watchdog_reboot>
10001ee2:	2001      	movs	r0, #1
10001ee4:	bd08      	pop	{r3, pc}
10001ee6:	2000      	movs	r0, #0
10001ee8:	e7fc      	b.n	10001ee4 <resetd_control_xfer_cb+0x40>
10001eea:	bf00      	nop
10001eec:	2000e9ec 	.word	0x2000e9ec

10001ef0 <tud_descriptor_bos_cb>:
10001ef0:	4800      	ldr	r0, [pc, #0]	@ (10001ef4 <tud_descriptor_bos_cb+0x4>)
10001ef2:	4770      	bx	lr
10001ef4:	100045ee 	.word	0x100045ee

10001ef8 <tud_vendor_control_xfer_cb>:
10001ef8:	2901      	cmp	r1, #1
10001efa:	4611      	mov	r1, r2
10001efc:	d109      	bne.n	10001f12 <tud_vendor_control_xfer_cb+0x1a>
10001efe:	7853      	ldrb	r3, [r2, #1]
10001f00:	2b01      	cmp	r3, #1
10001f02:	d108      	bne.n	10001f16 <tud_vendor_control_xfer_cb+0x1e>
10001f04:	8893      	ldrh	r3, [r2, #4]
10001f06:	2b07      	cmp	r3, #7
10001f08:	d105      	bne.n	10001f16 <tud_vendor_control_xfer_cb+0x1e>
10001f0a:	23a6      	movs	r3, #166	@ 0xa6
10001f0c:	4a03      	ldr	r2, [pc, #12]	@ (10001f1c <tud_vendor_control_xfer_cb+0x24>)
10001f0e:	f001 b91d 	b.w	1000314c <tud_control_xfer>
10001f12:	2001      	movs	r0, #1
10001f14:	4770      	bx	lr
10001f16:	2000      	movs	r0, #0
10001f18:	4770      	bx	lr
10001f1a:	bf00      	nop
10001f1c:	10004548 	.word	0x10004548

10001f20 <usbd_app_driver_get_cb>:
10001f20:	2301      	movs	r3, #1
10001f22:	7003      	strb	r3, [r0, #0]
10001f24:	4800      	ldr	r0, [pc, #0]	@ (10001f28 <usbd_app_driver_get_cb+0x8>)
10001f26:	4770      	bx	lr
10001f28:	10004528 	.word	0x10004528

10001f2c <tud_cdc_line_coding_cb>:
10001f2c:	b508      	push	{r3, lr}
10001f2e:	680b      	ldr	r3, [r1, #0]
10001f30:	f5b3 6f96 	cmp.w	r3, #1200	@ 0x4b0
10001f34:	d105      	bne.n	10001f42 <tud_cdc_line_coding_cb+0x16>
10001f36:	2200      	movs	r2, #0
10001f38:	f04f 30ff 	mov.w	r0, #4294967295	@ 0xffffffff
10001f3c:	4611      	mov	r1, r2
10001f3e:	f7ff fd3e 	bl	100019be <rom_reset_usb_boot_extra>
10001f42:	bd08      	pop	{r3, pc}

10001f44 <stdio_usb_set_chars_available_callback>:
10001f44:	4b02      	ldr	r3, [pc, #8]	@ (10001f50 <stdio_usb_set_chars_available_callback+0xc>)
10001f46:	6018      	str	r0, [r3, #0]
10001f48:	4b02      	ldr	r3, [pc, #8]	@ (10001f54 <stdio_usb_set_chars_available_callback+0x10>)
10001f4a:	6019      	str	r1, [r3, #0]
10001f4c:	4770      	bx	lr
10001f4e:	bf00      	nop
10001f50:	2000e3e0 	.word	0x2000e3e0
10001f54:	2000e3e4 	.word	0x2000e3e4

10001f58 <timer_task>:
10001f58:	4b16      	ldr	r3, [pc, #88]	@ (10001fb4 <timer_task+0x5c>)
10001f5a:	b570      	push	{r4, r5, r6, lr}
10001f5c:	681a      	ldr	r2, [r3, #0]
10001f5e:	b31a      	cbz	r2, 10001fa8 <timer_task+0x50>
10001f60:	f3ef 8110 	mrs	r1, PRIMASK
10001f64:	b672      	cpsid	i
10001f66:	e8d2 4fcf 	ldaexb	r4, [r2]
10001f6a:	2001      	movs	r0, #1
10001f6c:	2c00      	cmp	r4, #0
10001f6e:	d1fa      	bne.n	10001f66 <timer_task+0xe>
10001f70:	e8c2 0f44 	strexb	r4, r0, [r2]
10001f74:	2c00      	cmp	r4, #0
10001f76:	d1f6      	bne.n	10001f66 <timer_task+0xe>
10001f78:	f3bf 8f5f 	dmb	sy
10001f7c:	2200      	movs	r2, #0
10001f7e:	480e      	ldr	r0, [pc, #56]	@ (10001fb8 <timer_task+0x60>)
10001f80:	6059      	str	r1, [r3, #4]
10001f82:	7002      	strb	r2, [r0, #0]
10001f84:	681b      	ldr	r3, [r3, #0]
10001f86:	e8c3 2f8f 	stlb	r2, [r3]
10001f8a:	f381 8810 	msr	PRIMASK, r1
10001f8e:	2400      	movs	r4, #0
10001f90:	4e0a      	ldr	r6, [pc, #40]	@ (10001fbc <timer_task+0x64>)
10001f92:	2500      	movs	r5, #0
10001f94:	7830      	ldrb	r0, [r6, #0]
10001f96:	f7fe fdb9 	bl	10000b0c <irq_is_enabled>
10001f9a:	b140      	cbz	r0, 10001fae <timer_task+0x56>
10001f9c:	7830      	ldrb	r0, [r6, #0]
10001f9e:	f7fe fdc5 	bl	10000b2c <irq_set_pending>
10001fa2:	4620      	mov	r0, r4
10001fa4:	4629      	mov	r1, r5
10001fa6:	bd70      	pop	{r4, r5, r6, pc}
10001fa8:	f44f 747a 	mov.w	r4, #1000	@ 0x3e8
10001fac:	e7f0      	b.n	10001f90 <timer_task+0x38>
10001fae:	2400      	movs	r4, #0
10001fb0:	2500      	movs	r5, #0
10001fb2:	e7f6      	b.n	10001fa2 <timer_task+0x4a>
10001fb4:	2000e848 	.word	0x2000e848
10001fb8:	2000e9ee 	.word	0x2000e9ee
10001fbc:	2000e9ed 	.word	0x2000e9ed

10001fc0 <usb_irq>:
10001fc0:	4b01      	ldr	r3, [pc, #4]	@ (10001fc8 <usb_irq+0x8>)
10001fc2:	7818      	ldrb	r0, [r3, #0]
10001fc4:	f7fe bdb2 	b.w	10000b2c <irq_set_pending>
10001fc8:	2000e9ed 	.word	0x2000e9ed

10001fcc <stdio_usb_out_flush>:
10001fcc:	b510      	push	{r4, lr}
10001fce:	f7ff fbc1 	bl	10001754 <time_us_64>
10001fd2:	4a11      	ldr	r2, [pc, #68]	@ (10002018 <stdio_usb_out_flush+0x4c>)
10001fd4:	1882      	adds	r2, r0, r2
10001fd6:	f04f 30ff 	mov.w	r0, #4294967295	@ 0xffffffff
10001fda:	f141 0300 	adc.w	r3, r1, #0
10001fde:	f06f 4100 	mvn.w	r1, #2147483648	@ 0x80000000
10001fe2:	4290      	cmp	r0, r2
10001fe4:	eb71 0403 	sbcs.w	r4, r1, r3
10001fe8:	bf3c      	itt	cc
10001fea:	4602      	movcc	r2, r0
10001fec:	460b      	movcc	r3, r1
10001fee:	480b      	ldr	r0, [pc, #44]	@ (1000201c <stdio_usb_out_flush+0x50>)
10001ff0:	f002 f966 	bl	100042c0 <__mutex_try_enter_block_until_veneer>
10001ff4:	b170      	cbz	r0, 10002014 <stdio_usb_out_flush+0x48>
10001ff6:	f04f 30ff 	mov.w	r0, #4294967295	@ 0xffffffff
10001ffa:	2100      	movs	r1, #0
10001ffc:	f000 fd2a 	bl	10002a54 <tud_task_ext>
10002000:	2000      	movs	r0, #0
10002002:	f001 f9ab 	bl	1000335c <tud_cdc_n_write_flush>
10002006:	2800      	cmp	r0, #0
10002008:	d1f5      	bne.n	10001ff6 <stdio_usb_out_flush+0x2a>
1000200a:	e8bd 4010 	ldmia.w	sp!, {r4, lr}
1000200e:	4803      	ldr	r0, [pc, #12]	@ (1000201c <stdio_usb_out_flush+0x50>)
10002010:	f002 b94a 	b.w	100042a8 <__mutex_exit_veneer>
10002014:	bd10      	pop	{r4, pc}
10002016:	bf00      	nop
10002018:	000f4240 	.word	0x000f4240
1000201c:	2000e87c 	.word	0x2000e87c

10002020 <low_priority_worker_irq>:
10002020:	b530      	push	{r4, r5, lr}
10002022:	2100      	movs	r1, #0
10002024:	b085      	sub	sp, #20
10002026:	482c      	ldr	r0, [pc, #176]	@ (100020d8 <low_priority_worker_irq+0xb8>)
10002028:	f002 f952 	bl	100042d0 <__mutex_try_enter_veneer>
1000202c:	b1b8      	cbz	r0, 1000205e <low_priority_worker_irq+0x3e>
1000202e:	2100      	movs	r1, #0
10002030:	f04f 30ff 	mov.w	r0, #4294967295	@ 0xffffffff
10002034:	f000 fd0e 	bl	10002a54 <tud_task_ext>
10002038:	2000      	movs	r0, #0
1000203a:	f001 f96f 	bl	1000331c <tud_cdc_n_available>
1000203e:	4604      	mov	r4, r0
10002040:	4825      	ldr	r0, [pc, #148]	@ (100020d8 <low_priority_worker_irq+0xb8>)
10002042:	f002 f931 	bl	100042a8 <__mutex_exit_veneer>
10002046:	2c00      	cmp	r4, #0
10002048:	d043      	beq.n	100020d2 <low_priority_worker_irq+0xb2>
1000204a:	4b24      	ldr	r3, [pc, #144]	@ (100020dc <low_priority_worker_irq+0xbc>)
1000204c:	681b      	ldr	r3, [r3, #0]
1000204e:	2b00      	cmp	r3, #0
10002050:	d03f      	beq.n	100020d2 <low_priority_worker_irq+0xb2>
10002052:	4a23      	ldr	r2, [pc, #140]	@ (100020e0 <low_priority_worker_irq+0xc0>)
10002054:	6810      	ldr	r0, [r2, #0]
10002056:	b005      	add	sp, #20
10002058:	e8bd 4030 	ldmia.w	sp!, {r4, r5, lr}
1000205c:	4718      	bx	r3
1000205e:	4a21      	ldr	r2, [pc, #132]	@ (100020e4 <low_priority_worker_irq+0xc4>)
10002060:	6813      	ldr	r3, [r2, #0]
10002062:	2b00      	cmp	r3, #0
10002064:	d035      	beq.n	100020d2 <low_priority_worker_irq+0xb2>
10002066:	f3ef 8110 	mrs	r1, PRIMASK
1000206a:	b672      	cpsid	i
1000206c:	e8d3 5fcf 	ldaexb	r5, [r3]
10002070:	2401      	movs	r4, #1
10002072:	2d00      	cmp	r5, #0
10002074:	d1fa      	bne.n	1000206c <low_priority_worker_irq+0x4c>
10002076:	e8c3 4f45 	strexb	r5, r4, [r3]
1000207a:	2d00      	cmp	r5, #0
1000207c:	d1f6      	bne.n	1000206c <low_priority_worker_irq+0x4c>
1000207e:	f3bf 8f5f 	dmb	sy
10002082:	2501      	movs	r5, #1
10002084:	4c18      	ldr	r4, [pc, #96]	@ (100020e8 <low_priority_worker_irq+0xc8>)
10002086:	6051      	str	r1, [r2, #4]
10002088:	7823      	ldrb	r3, [r4, #0]
1000208a:	6812      	ldr	r2, [r2, #0]
1000208c:	b2db      	uxtb	r3, r3
1000208e:	7025      	strb	r5, [r4, #0]
10002090:	e8c2 0f8f 	stlb	r0, [r2]
10002094:	f381 8810 	msr	PRIMASK, r1
10002098:	b9db      	cbnz	r3, 100020d2 <low_priority_worker_irq+0xb2>
1000209a:	f7ff f9c3 	bl	10001424 <alarm_pool_get_default>
1000209e:	4604      	mov	r4, r0
100020a0:	f7ff fb58 	bl	10001754 <time_us_64>
100020a4:	f510 727a 	adds.w	r2, r0, #1000	@ 0x3e8
100020a8:	f04f 30ff 	mov.w	r0, #4294967295	@ 0xffffffff
100020ac:	f141 0300 	adc.w	r3, r1, #0
100020b0:	f06f 4100 	mvn.w	r1, #2147483648	@ 0x80000000
100020b4:	4290      	cmp	r0, r2
100020b6:	eb71 0503 	sbcs.w	r5, r1, r3
100020ba:	bf3c      	itt	cc
100020bc:	4602      	movcc	r2, r0
100020be:	460b      	movcc	r3, r1
100020c0:	2001      	movs	r0, #1
100020c2:	2100      	movs	r1, #0
100020c4:	e9cd 1001 	strd	r1, r0, [sp, #4]
100020c8:	4908      	ldr	r1, [pc, #32]	@ (100020ec <low_priority_worker_irq+0xcc>)
100020ca:	4620      	mov	r0, r4
100020cc:	9100      	str	r1, [sp, #0]
100020ce:	f7ff fa0e 	bl	100014ee <alarm_pool_add_alarm_at>
100020d2:	b005      	add	sp, #20
100020d4:	bd30      	pop	{r4, r5, pc}
100020d6:	bf00      	nop
100020d8:	2000e87c 	.word	0x2000e87c
100020dc:	2000e3e0 	.word	0x2000e3e0
100020e0:	2000e3e4 	.word	0x2000e3e4
100020e4:	2000e848 	.word	0x2000e848
100020e8:	2000e9ee 	.word	0x2000e9ee
100020ec:	10001f59 	.word	0x10001f59

100020f0 <stdio_usb_init>:
100020f0:	f04f 4350 	mov.w	r3, #3489660928	@ 0xd0000000
100020f4:	b530      	push	{r4, r5, lr}
100020f6:	b085      	sub	sp, #20
100020f8:	681c      	ldr	r4, [r3, #0]
100020fa:	f7ff f993 	bl	10001424 <alarm_pool_get_default>
100020fe:	f7ff fa4e 	bl	1000159e <alarm_pool_core_num>
10002102:	42a0      	cmp	r0, r4
10002104:	d002      	beq.n	1000210c <stdio_usb_init+0x1c>
10002106:	2000      	movs	r0, #0
10002108:	b005      	add	sp, #20
1000210a:	bd30      	pop	{r4, r5, pc}
1000210c:	2100      	movs	r1, #0
1000210e:	4b27      	ldr	r3, [pc, #156]	@ (100021ac <stdio_usb_init+0xbc>)
10002110:	4608      	mov	r0, r1
10002112:	781b      	ldrb	r3, [r3, #0]
10002114:	f001 fc1e 	bl	10003954 <tusb_rhport_init>
10002118:	4825      	ldr	r0, [pc, #148]	@ (100021b0 <stdio_usb_init+0xc0>)
1000211a:	6803      	ldr	r3, [r0, #0]
1000211c:	b90b      	cbnz	r3, 10002122 <stdio_usb_init+0x32>
1000211e:	f7fe ff51 	bl	10000fc4 <mutex_init>
10002122:	2001      	movs	r0, #1
10002124:	f7fe ff34 	bl	10000f90 <user_irq_claim_unused>
10002128:	4c22      	ldr	r4, [pc, #136]	@ (100021b4 <stdio_usb_init+0xc4>)
1000212a:	4923      	ldr	r1, [pc, #140]	@ (100021b8 <stdio_usb_init+0xc8>)
1000212c:	7020      	strb	r0, [r4, #0]
1000212e:	b2c0      	uxtb	r0, r0
10002130:	f7fe fd1c 	bl	10000b6c <irq_set_exclusive_handler>
10002134:	7820      	ldrb	r0, [r4, #0]
10002136:	2101      	movs	r1, #1
10002138:	f7fe fcd2 	bl	10000ae0 <irq_set_enabled>
1000213c:	200e      	movs	r0, #14
1000213e:	f7fe fd09 	bl	10000b54 <irq_has_shared_handler>
10002142:	b188      	cbz	r0, 10002168 <stdio_usb_init+0x78>
10002144:	2001      	movs	r0, #1
10002146:	f7fe fa77 	bl	10000638 <spin_lock_claim_unused>
1000214a:	4601      	mov	r1, r0
1000214c:	481b      	ldr	r0, [pc, #108]	@ (100021bc <stdio_usb_init+0xcc>)
1000214e:	f7fe ff77 	bl	10001040 <critical_section_init_with_lock_num>
10002152:	2200      	movs	r2, #0
10002154:	200e      	movs	r0, #14
10002156:	491a      	ldr	r1, [pc, #104]	@ (100021c0 <stdio_usb_init+0xd0>)
10002158:	f7fe fd2e 	bl	10000bb8 <irq_add_shared_handler>
1000215c:	4819      	ldr	r0, [pc, #100]	@ (100021c4 <stdio_usb_init+0xd4>)
1000215e:	2101      	movs	r1, #1
10002160:	f7ff fe42 	bl	10001de8 <stdio_set_driver_enabled>
10002164:	2001      	movs	r0, #1
10002166:	e7cf      	b.n	10002108 <stdio_usb_init+0x18>
10002168:	4b14      	ldr	r3, [pc, #80]	@ (100021bc <stdio_usb_init+0xcc>)
1000216a:	e9c3 0000 	strd	r0, r0, [r3]
1000216e:	f7ff f959 	bl	10001424 <alarm_pool_get_default>
10002172:	4604      	mov	r4, r0
10002174:	f7ff faee 	bl	10001754 <time_us_64>
10002178:	f510 727a 	adds.w	r2, r0, #1000	@ 0x3e8
1000217c:	f04f 30ff 	mov.w	r0, #4294967295	@ 0xffffffff
10002180:	f141 0300 	adc.w	r3, r1, #0
10002184:	f06f 4100 	mvn.w	r1, #2147483648	@ 0x80000000
10002188:	4290      	cmp	r0, r2
1000218a:	eb71 0503 	sbcs.w	r5, r1, r3
1000218e:	bf3c      	itt	cc
10002190:	4602      	movcc	r2, r0
10002192:	460b      	movcc	r3, r1
10002194:	2001      	movs	r0, #1
10002196:	2100      	movs	r1, #0
10002198:	e9cd 1001 	strd	r1, r0, [sp, #4]
1000219c:	490a      	ldr	r1, [pc, #40]	@ (100021c8 <stdio_usb_init+0xd8>)
1000219e:	4620      	mov	r0, r4
100021a0:	9100      	str	r1, [sp, #0]
100021a2:	f7ff f9a4 	bl	100014ee <alarm_pool_add_alarm_at>
100021a6:	2800      	cmp	r0, #0
100021a8:	dbad      	blt.n	10002106 <stdio_usb_init+0x16>
100021aa:	e7d7      	b.n	1000215c <stdio_usb_init+0x6c>
100021ac:	10004704 	.word	0x10004704
100021b0:	2000e87c 	.word	0x2000e87c
100021b4:	2000e9ed 	.word	0x2000e9ed
100021b8:	10002021 	.word	0x10002021
100021bc:	2000e848 	.word	0x2000e848
100021c0:	10001fc1 	.word	0x10001fc1
100021c4:	2000dd84 	.word	0x2000dd84
100021c8:	10001f59 	.word	0x10001f59

100021cc <stdio_usb_connected>:
100021cc:	2000      	movs	r0, #0
100021ce:	f001 b88f 	b.w	100032f0 <tud_cdc_n_connected>
	...

100021d4 <stdio_usb_in_chars>:
100021d4:	b570      	push	{r4, r5, r6, lr}
100021d6:	4604      	mov	r4, r0
100021d8:	460d      	mov	r5, r1
100021da:	f7ff fff7 	bl	100021cc <stdio_usb_connected>
100021de:	b918      	cbnz	r0, 100021e8 <stdio_usb_in_chars+0x14>
100021e0:	f06f 0402 	mvn.w	r4, #2
100021e4:	4620      	mov	r0, r4
100021e6:	bd70      	pop	{r4, r5, r6, pc}
100021e8:	2000      	movs	r0, #0
100021ea:	f001 f897 	bl	1000331c <tud_cdc_n_available>
100021ee:	2800      	cmp	r0, #0
100021f0:	d0f6      	beq.n	100021e0 <stdio_usb_in_chars+0xc>
100021f2:	f7ff faaf 	bl	10001754 <time_us_64>
100021f6:	4a16      	ldr	r2, [pc, #88]	@ (10002250 <stdio_usb_in_chars+0x7c>)
100021f8:	1882      	adds	r2, r0, r2
100021fa:	f04f 30ff 	mov.w	r0, #4294967295	@ 0xffffffff
100021fe:	f141 0300 	adc.w	r3, r1, #0
10002202:	f06f 4100 	mvn.w	r1, #2147483648	@ 0x80000000
10002206:	4290      	cmp	r0, r2
10002208:	eb71 0603 	sbcs.w	r6, r1, r3
1000220c:	bf3c      	itt	cc
1000220e:	4602      	movcc	r2, r0
10002210:	460b      	movcc	r3, r1
10002212:	4810      	ldr	r0, [pc, #64]	@ (10002254 <stdio_usb_in_chars+0x80>)
10002214:	f002 f854 	bl	100042c0 <__mutex_try_enter_block_until_veneer>
10002218:	2800      	cmp	r0, #0
1000221a:	d0e1      	beq.n	100021e0 <stdio_usb_in_chars+0xc>
1000221c:	f7ff ffd6 	bl	100021cc <stdio_usb_connected>
10002220:	b180      	cbz	r0, 10002244 <stdio_usb_in_chars+0x70>
10002222:	2000      	movs	r0, #0
10002224:	f001 f87a 	bl	1000331c <tud_cdc_n_available>
10002228:	b160      	cbz	r0, 10002244 <stdio_usb_in_chars+0x70>
1000222a:	4621      	mov	r1, r4
1000222c:	462a      	mov	r2, r5
1000222e:	2000      	movs	r0, #0
10002230:	f001 f87e 	bl	10003330 <tud_cdc_n_read>
10002234:	4604      	mov	r4, r0
10002236:	b908      	cbnz	r0, 1000223c <stdio_usb_in_chars+0x68>
10002238:	f06f 0402 	mvn.w	r4, #2
1000223c:	4805      	ldr	r0, [pc, #20]	@ (10002254 <stdio_usb_in_chars+0x80>)
1000223e:	f002 f833 	bl	100042a8 <__mutex_exit_veneer>
10002242:	e7cf      	b.n	100021e4 <stdio_usb_in_chars+0x10>
10002244:	4601      	mov	r1, r0
10002246:	f04f 30ff 	mov.w	r0, #4294967295	@ 0xffffffff
1000224a:	f000 fc03 	bl	10002a54 <tud_task_ext>
1000224e:	e7f3      	b.n	10002238 <stdio_usb_in_chars+0x64>
10002250:	000f4240 	.word	0x000f4240
10002254:	2000e87c 	.word	0x2000e87c

10002258 <stdio_usb_out_chars>:
10002258:	e92d 43f8 	stmdb	sp!, {r3, r4, r5, r6, r7, r8, r9, lr}
1000225c:	4680      	mov	r8, r0
1000225e:	460f      	mov	r7, r1
10002260:	f7ff fa78 	bl	10001754 <time_us_64>
10002264:	4a30      	ldr	r2, [pc, #192]	@ (10002328 <stdio_usb_out_chars+0xd0>)
10002266:	1882      	adds	r2, r0, r2
10002268:	f04f 30ff 	mov.w	r0, #4294967295	@ 0xffffffff
1000226c:	f141 0300 	adc.w	r3, r1, #0
10002270:	f06f 4100 	mvn.w	r1, #2147483648	@ 0x80000000
10002274:	4290      	cmp	r0, r2
10002276:	eb71 0403 	sbcs.w	r4, r1, r3
1000227a:	bf3c      	itt	cc
1000227c:	4602      	movcc	r2, r0
1000227e:	460b      	movcc	r3, r1
10002280:	482a      	ldr	r0, [pc, #168]	@ (1000232c <stdio_usb_out_chars+0xd4>)
10002282:	f002 f81d 	bl	100042c0 <__mutex_try_enter_block_until_veneer>
10002286:	2800      	cmp	r0, #0
10002288:	d04b      	beq.n	10002322 <stdio_usb_out_chars+0xca>
1000228a:	f7ff ff9f 	bl	100021cc <stdio_usb_connected>
1000228e:	2800      	cmp	r0, #0
10002290:	d142      	bne.n	10002318 <stdio_usb_out_chars+0xc0>
10002292:	2000      	movs	r0, #0
10002294:	2100      	movs	r1, #0
10002296:	4b26      	ldr	r3, [pc, #152]	@ (10002330 <stdio_usb_out_chars+0xd8>)
10002298:	e9c3 0100 	strd	r0, r1, [r3]
1000229c:	e037      	b.n	1000230e <stdio_usb_out_chars+0xb6>
1000229e:	2000      	movs	r0, #0
100022a0:	f001 f8b8 	bl	10003414 <tud_cdc_n_write_available>
100022a4:	1b7c      	subs	r4, r7, r5
100022a6:	4284      	cmp	r4, r0
100022a8:	bfa8      	it	ge
100022aa:	4604      	movge	r4, r0
100022ac:	b1ac      	cbz	r4, 100022da <stdio_usb_out_chars+0x82>
100022ae:	4622      	mov	r2, r4
100022b0:	eb08 0105 	add.w	r1, r8, r5
100022b4:	2000      	movs	r0, #0
100022b6:	f001 f891 	bl	100033dc <tud_cdc_n_write>
100022ba:	2100      	movs	r1, #0
100022bc:	4405      	add	r5, r0
100022be:	f04f 30ff 	mov.w	r0, #4294967295	@ 0xffffffff
100022c2:	f000 fbc7 	bl	10002a54 <tud_task_ext>
100022c6:	2000      	movs	r0, #0
100022c8:	f001 f848 	bl	1000335c <tud_cdc_n_write_flush>
100022cc:	f7ff fa42 	bl	10001754 <time_us_64>
100022d0:	e9c9 0100 	strd	r0, r1, [r9]
100022d4:	42af      	cmp	r7, r5
100022d6:	dce2      	bgt.n	1000229e <stdio_usb_out_chars+0x46>
100022d8:	e019      	b.n	1000230e <stdio_usb_out_chars+0xb6>
100022da:	4621      	mov	r1, r4
100022dc:	f04f 30ff 	mov.w	r0, #4294967295	@ 0xffffffff
100022e0:	f000 fbb8 	bl	10002a54 <tud_task_ext>
100022e4:	4620      	mov	r0, r4
100022e6:	f001 f839 	bl	1000335c <tud_cdc_n_write_flush>
100022ea:	f7ff ff6f 	bl	100021cc <stdio_usb_connected>
100022ee:	b170      	cbz	r0, 1000230e <stdio_usb_out_chars+0xb6>
100022f0:	4620      	mov	r0, r4
100022f2:	f001 f88f 	bl	10003414 <tud_cdc_n_write_available>
100022f6:	2800      	cmp	r0, #0
100022f8:	d1ec      	bne.n	100022d4 <stdio_usb_out_chars+0x7c>
100022fa:	f7ff fa2b 	bl	10001754 <time_us_64>
100022fe:	e9d9 3200 	ldrd	r3, r2, [r9]
10002302:	199b      	adds	r3, r3, r6
10002304:	f142 0200 	adc.w	r2, r2, #0
10002308:	4283      	cmp	r3, r0
1000230a:	418a      	sbcs	r2, r1
1000230c:	d2e2      	bcs.n	100022d4 <stdio_usb_out_chars+0x7c>
1000230e:	4807      	ldr	r0, [pc, #28]	@ (1000232c <stdio_usb_out_chars+0xd4>)
10002310:	e8bd 43f8 	ldmia.w	sp!, {r3, r4, r5, r6, r7, r8, r9, lr}
10002314:	f001 bfc8 	b.w	100042a8 <__mutex_exit_veneer>
10002318:	2500      	movs	r5, #0
1000231a:	f8df 9014 	ldr.w	r9, [pc, #20]	@ 10002330 <stdio_usb_out_chars+0xd8>
1000231e:	4e05      	ldr	r6, [pc, #20]	@ (10002334 <stdio_usb_out_chars+0xdc>)
10002320:	e7d8      	b.n	100022d4 <stdio_usb_out_chars+0x7c>
10002322:	e8bd 83f8 	ldmia.w	sp!, {r3, r4, r5, r6, r7, r8, r9, pc}
10002326:	bf00      	nop
10002328:	000f4240 	.word	0x000f4240
1000232c:	2000e87c 	.word	0x2000e87c
10002330:	2000df48 	.word	0x2000df48
10002334:	0007a120 	.word	0x0007a120

10002338 <tud_descriptor_device_cb>:
10002338:	4800      	ldr	r0, [pc, #0]	@ (1000233c <tud_descriptor_device_cb+0x4>)
1000233a:	4770      	bx	lr
1000233c:	10004688 	.word	0x10004688

10002340 <tud_descriptor_configuration_cb>:
10002340:	4800      	ldr	r0, [pc, #0]	@ (10002344 <tud_descriptor_configuration_cb+0x4>)
10002342:	4770      	bx	lr
10002344:	10004634 	.word	0x10004634

10002348 <tud_descriptor_string_cb>:
10002348:	b510      	push	{r4, lr}
1000234a:	4604      	mov	r4, r0
1000234c:	4812      	ldr	r0, [pc, #72]	@ (10002398 <tud_descriptor_string_cb+0x50>)
1000234e:	7803      	ldrb	r3, [r0, #0]
10002350:	b913      	cbnz	r3, 10002358 <tud_descriptor_string_cb+0x10>
10002352:	2111      	movs	r1, #17
10002354:	f000 f83e 	bl	100023d4 <pico_get_unique_board_id_string>
10002358:	b964      	cbnz	r4, 10002374 <tud_descriptor_string_cb+0x2c>
1000235a:	f240 4209 	movw	r2, #1033	@ 0x409
1000235e:	4b0f      	ldr	r3, [pc, #60]	@ (1000239c <tud_descriptor_string_cb+0x54>)
10002360:	805a      	strh	r2, [r3, #2]
10002362:	2301      	movs	r3, #1
10002364:	3301      	adds	r3, #1
10002366:	b2db      	uxtb	r3, r3
10002368:	480c      	ldr	r0, [pc, #48]	@ (1000239c <tud_descriptor_string_cb+0x54>)
1000236a:	005b      	lsls	r3, r3, #1
1000236c:	f443 7340 	orr.w	r3, r3, #768	@ 0x300
10002370:	8003      	strh	r3, [r0, #0]
10002372:	bd10      	pop	{r4, pc}
10002374:	2c05      	cmp	r4, #5
10002376:	d80d      	bhi.n	10002394 <tud_descriptor_string_cb+0x4c>
10002378:	4b09      	ldr	r3, [pc, #36]	@ (100023a0 <tud_descriptor_string_cb+0x58>)
1000237a:	4908      	ldr	r1, [pc, #32]	@ (1000239c <tud_descriptor_string_cb+0x54>)
1000237c:	f853 0024 	ldr.w	r0, [r3, r4, lsl #2]
10002380:	2300      	movs	r3, #0
10002382:	5cc2      	ldrb	r2, [r0, r3]
10002384:	2a00      	cmp	r2, #0
10002386:	d0ed      	beq.n	10002364 <tud_descriptor_string_cb+0x1c>
10002388:	3301      	adds	r3, #1
1000238a:	2b13      	cmp	r3, #19
1000238c:	f821 2f02 	strh.w	r2, [r1, #2]!
10002390:	d1f7      	bne.n	10002382 <tud_descriptor_string_cb+0x3a>
10002392:	e7e7      	b.n	10002364 <tud_descriptor_string_cb+0x1c>
10002394:	2000      	movs	r0, #0
10002396:	e7ec      	b.n	10002372 <tud_descriptor_string_cb+0x2a>
10002398:	2000e9f7 	.word	0x2000e9f7
1000239c:	2000e886 	.word	0x2000e886
100023a0:	1000461c 	.word	0x1000461c

100023a4 <_retrieve_unique_id_on_boot>:
100023a4:	b500      	push	{lr}
100023a6:	f245 3047 	movw	r0, #21319	@ 0x5347
100023aa:	b08b      	sub	sp, #44	@ 0x2c
100023ac:	f7ff fafd 	bl	100019aa <rom_func_lookup>
100023b0:	2201      	movs	r2, #1
100023b2:	4603      	mov	r3, r0
100023b4:	2109      	movs	r1, #9
100023b6:	a801      	add	r0, sp, #4
100023b8:	4798      	blx	r3
100023ba:	2308      	movs	r3, #8
100023bc:	4a04      	ldr	r2, [pc, #16]	@ (100023d0 <_retrieve_unique_id_on_boot+0x2c>)
100023be:	a905      	add	r1, sp, #20
100023c0:	f811 0d01 	ldrb.w	r0, [r1, #-1]!
100023c4:	3b01      	subs	r3, #1
100023c6:	f802 0b01 	strb.w	r0, [r2], #1
100023ca:	d1f9      	bne.n	100023c0 <_retrieve_unique_id_on_boot+0x1c>
100023cc:	b00b      	add	sp, #44	@ 0x2c
100023ce:	bd00      	pop	{pc}
100023d0:	2000e9ef 	.word	0x2000e9ef

100023d4 <pico_get_unique_board_id_string>:
100023d4:	2200      	movs	r2, #0
100023d6:	b530      	push	{r4, r5, lr}
100023d8:	4d0c      	ldr	r5, [pc, #48]	@ (1000240c <pico_get_unique_board_id_string+0x38>)
100023da:	3901      	subs	r1, #1
100023dc:	4291      	cmp	r1, r2
100023de:	d901      	bls.n	100023e4 <pico_get_unique_board_id_string+0x10>
100023e0:	2a10      	cmp	r2, #16
100023e2:	d102      	bne.n	100023ea <pico_get_unique_board_id_string+0x16>
100023e4:	2300      	movs	r3, #0
100023e6:	5483      	strb	r3, [r0, r2]
100023e8:	bd30      	pop	{r4, r5, pc}
100023ea:	43d4      	mvns	r4, r2
100023ec:	0853      	lsrs	r3, r2, #1
100023ee:	5ceb      	ldrb	r3, [r5, r3]
100023f0:	f004 0401 	and.w	r4, r4, #1
100023f4:	00a4      	lsls	r4, r4, #2
100023f6:	4123      	asrs	r3, r4
100023f8:	f003 030f 	and.w	r3, r3, #15
100023fc:	2b09      	cmp	r3, #9
100023fe:	bfd4      	ite	le
10002400:	3330      	addle	r3, #48	@ 0x30
10002402:	3337      	addgt	r3, #55	@ 0x37
10002404:	5483      	strb	r3, [r0, r2]
10002406:	3201      	adds	r2, #1
10002408:	e7e8      	b.n	100023dc <pico_get_unique_board_id_string+0x8>
1000240a:	bf00      	nop
1000240c:	2000e9ef 	.word	0x2000e9ef

10002410 <hw_endpoint_init>:
10002410:	b5f0      	push	{r4, r5, r6, r7, lr}
10002412:	f000 047f 	and.w	r4, r0, #127	@ 0x7f
10002416:	4b1a      	ldr	r3, [pc, #104]	@ (10002480 <hw_endpoint_init+0x70>)
10002418:	0066      	lsls	r6, r4, #1
1000241a:	eb06 15d0 	add.w	r5, r6, r0, lsr #7
1000241e:	eb03 1545 	add.w	r5, r3, r5, lsl #5
10002422:	09c7      	lsrs	r7, r0, #7
10002424:	70a8      	strb	r0, [r5, #2]
10002426:	f087 0001 	eor.w	r0, r7, #1
1000242a:	7068      	strb	r0, [r5, #1]
1000242c:	2000      	movs	r0, #0
1000242e:	8329      	strh	r1, [r5, #24]
10002430:	70e8      	strb	r0, [r5, #3]
10002432:	76ea      	strb	r2, [r5, #27]
10002434:	4913      	ldr	r1, [pc, #76]	@ (10002484 <hw_endpoint_init+0x74>)
10002436:	00e2      	lsls	r2, r4, #3
10002438:	eb03 1084 	add.w	r0, r3, r4, lsl #6
1000243c:	b177      	cbz	r7, 1000245c <hw_endpoint_init+0x4c>
1000243e:	440a      	add	r2, r1
10002440:	6282      	str	r2, [r0, #40]	@ 0x28
10002442:	2100      	movs	r1, #0
10002444:	443e      	add	r6, r7
10002446:	eb03 1646 	add.w	r6, r3, r6, lsl #5
1000244a:	68b2      	ldr	r2, [r6, #8]
1000244c:	6011      	str	r1, [r2, #0]
1000244e:	b94c      	cbnz	r4, 10002464 <hw_endpoint_init+0x54>
10002450:	4a0d      	ldr	r2, [pc, #52]	@ (10002488 <hw_endpoint_init+0x78>)
10002452:	eb03 1347 	add.w	r3, r3, r7, lsl #5
10002456:	605c      	str	r4, [r3, #4]
10002458:	60da      	str	r2, [r3, #12]
1000245a:	bdf0      	pop	{r4, r5, r6, r7, pc}
1000245c:	3204      	adds	r2, #4
1000245e:	440a      	add	r2, r1
10002460:	6082      	str	r2, [r0, #8]
10002462:	e7ee      	b.n	10002442 <hw_endpoint_init+0x32>
10002464:	1e62      	subs	r2, r4, #1
10002466:	4909      	ldr	r1, [pc, #36]	@ (1000248c <hw_endpoint_init+0x7c>)
10002468:	00d2      	lsls	r2, r2, #3
1000246a:	eb03 1384 	add.w	r3, r3, r4, lsl #6
1000246e:	b117      	cbz	r7, 10002476 <hw_endpoint_init+0x66>
10002470:	440a      	add	r2, r1
10002472:	625a      	str	r2, [r3, #36]	@ 0x24
10002474:	e7f1      	b.n	1000245a <hw_endpoint_init+0x4a>
10002476:	3204      	adds	r2, #4
10002478:	440a      	add	r2, r1
1000247a:	605a      	str	r2, [r3, #4]
1000247c:	e7ed      	b.n	1000245a <hw_endpoint_init+0x4a>
1000247e:	bf00      	nop
10002480:	2000e420 	.word	0x2000e420
10002484:	50100080 	.word	0x50100080
10002488:	50100100 	.word	0x50100100
1000248c:	50100008 	.word	0x50100008

10002490 <hw_endpoint_alloc.isra.0>:
10002490:	8b03      	ldrh	r3, [r0, #24]
10002492:	7ec2      	ldrb	r2, [r0, #27]
10002494:	4908      	ldr	r1, [pc, #32]	@ (100024b8 <hw_endpoint_alloc.isra.0+0x28>)
10002496:	333f      	adds	r3, #63	@ 0x3f
10002498:	099b      	lsrs	r3, r3, #6
1000249a:	2a02      	cmp	r2, #2
1000249c:	680a      	ldr	r2, [r1, #0]
1000249e:	bf14      	ite	ne
100024a0:	019b      	lslne	r3, r3, #6
100024a2:	01db      	lsleq	r3, r3, #7
100024a4:	60c2      	str	r2, [r0, #12]
100024a6:	441a      	add	r2, r3
100024a8:	4b04      	ldr	r3, [pc, #16]	@ (100024bc <hw_endpoint_alloc.isra.0+0x2c>)
100024aa:	600a      	str	r2, [r1, #0]
100024ac:	429a      	cmp	r2, r3
100024ae:	d901      	bls.n	100024b4 <hw_endpoint_alloc.isra.0+0x24>
100024b0:	f7ff bac2 	b.w	10001a38 <hard_assertion_failure>
100024b4:	4770      	bx	lr
100024b6:	bf00      	nop
100024b8:	2000e82c 	.word	0x2000e82c
100024bc:	50100fff 	.word	0x50100fff

100024c0 <dcd_init>:
100024c0:	b510      	push	{r4, lr}
100024c2:	f000 f8c3 	bl	1000264c <rp2040_usb_init>
100024c6:	230c      	movs	r3, #12
100024c8:	4c12      	ldr	r4, [pc, #72]	@ (10002514 <dcd_init+0x54>)
100024ca:	22ff      	movs	r2, #255	@ 0xff
100024cc:	67a3      	str	r3, [r4, #120]	@ 0x78
100024ce:	200e      	movs	r0, #14
100024d0:	4911      	ldr	r1, [pc, #68]	@ (10002518 <dcd_init+0x58>)
100024d2:	f7fe fb71 	bl	10000bb8 <irq_add_shared_handler>
100024d6:	2240      	movs	r2, #64	@ 0x40
100024d8:	2100      	movs	r1, #0
100024da:	4810      	ldr	r0, [pc, #64]	@ (1000251c <dcd_init+0x5c>)
100024dc:	f001 fdee 	bl	100040bc <memset>
100024e0:	2200      	movs	r2, #0
100024e2:	2140      	movs	r1, #64	@ 0x40
100024e4:	4610      	mov	r0, r2
100024e6:	f7ff ff93 	bl	10002410 <hw_endpoint_init>
100024ea:	2200      	movs	r2, #0
100024ec:	2140      	movs	r1, #64	@ 0x40
100024ee:	2080      	movs	r0, #128	@ 0x80
100024f0:	f7ff ff8e 	bl	10002410 <hw_endpoint_init>
100024f4:	f001 fecc 	bl	10004290 <__reset_non_control_endpoints_veneer>
100024f8:	2001      	movs	r0, #1
100024fa:	f04f 5300 	mov.w	r3, #536870912	@ 0x20000000
100024fe:	f44f 3280 	mov.w	r2, #65536	@ 0x10000
10002502:	6420      	str	r0, [r4, #64]	@ 0x40
10002504:	64e3      	str	r3, [r4, #76]	@ 0x4c
10002506:	4b06      	ldr	r3, [pc, #24]	@ (10002520 <dcd_init+0x60>)
10002508:	f8c4 3090 	str.w	r3, [r4, #144]	@ 0x90
1000250c:	4b05      	ldr	r3, [pc, #20]	@ (10002524 <dcd_init+0x64>)
1000250e:	64da      	str	r2, [r3, #76]	@ 0x4c
10002510:	bd10      	pop	{r4, pc}
10002512:	bf00      	nop
10002514:	50110000 	.word	0x50110000
10002518:	2000031d 	.word	0x2000031d
1000251c:	2000e420 	.word	0x2000e420
10002520:	0001d010 	.word	0x0001d010
10002524:	50112000 	.word	0x50112000

10002528 <dcd_int_enable>:
10002528:	2101      	movs	r1, #1
1000252a:	200e      	movs	r0, #14
1000252c:	f7fe bad8 	b.w	10000ae0 <irq_set_enabled>

10002530 <dcd_set_address>:
10002530:	2200      	movs	r2, #0
10002532:	4802      	ldr	r0, [pc, #8]	@ (1000253c <dcd_set_address+0xc>)
10002534:	4611      	mov	r1, r2
10002536:	f000 b8a9 	b.w	1000268c <hw_endpoint_xfer_start>
1000253a:	bf00      	nop
1000253c:	2000e440 	.word	0x2000e440

10002540 <dcd_sof_enable>:
10002540:	4b04      	ldr	r3, [pc, #16]	@ (10002554 <dcd_sof_enable+0x14>)
10002542:	7019      	strb	r1, [r3, #0]
10002544:	b121      	cbz	r1, 10002550 <dcd_sof_enable+0x10>
10002546:	f44f 3200 	mov.w	r2, #131072	@ 0x20000
1000254a:	4b03      	ldr	r3, [pc, #12]	@ (10002558 <dcd_sof_enable+0x18>)
1000254c:	f8c3 2090 	str.w	r2, [r3, #144]	@ 0x90
10002550:	4770      	bx	lr
10002552:	bf00      	nop
10002554:	2000e8b1 	.word	0x2000e8b1
10002558:	50112000 	.word	0x50112000

1000255c <dcd_edpt0_status_complete>:
1000255c:	780b      	ldrb	r3, [r1, #0]
1000255e:	065b      	lsls	r3, r3, #25
10002560:	d106      	bne.n	10002570 <dcd_edpt0_status_complete+0x14>
10002562:	784b      	ldrb	r3, [r1, #1]
10002564:	2b05      	cmp	r3, #5
10002566:	bf01      	itttt	eq
10002568:	884b      	ldrheq	r3, [r1, #2]
1000256a:	4a02      	ldreq	r2, [pc, #8]	@ (10002574 <dcd_edpt0_status_complete+0x18>)
1000256c:	b2db      	uxtbeq	r3, r3
1000256e:	6013      	streq	r3, [r2, #0]
10002570:	4770      	bx	lr
10002572:	bf00      	nop
10002574:	50110000 	.word	0x50110000

10002578 <dcd_edpt_open>:
10002578:	78ca      	ldrb	r2, [r1, #3]
1000257a:	b538      	push	{r3, r4, r5, lr}
1000257c:	f002 0203 	and.w	r2, r2, #3
10002580:	2a01      	cmp	r2, #1
10002582:	d020      	beq.n	100025c6 <dcd_edpt_open+0x4e>
10002584:	788d      	ldrb	r5, [r1, #2]
10002586:	8889      	ldrh	r1, [r1, #4]
10002588:	f005 047f 	and.w	r4, r5, #127	@ 0x7f
1000258c:	4628      	mov	r0, r5
1000258e:	f3c1 010a 	ubfx	r1, r1, #0, #11
10002592:	f7ff ff3d 	bl	10002410 <hw_endpoint_init>
10002596:	b1a4      	cbz	r4, 100025c2 <dcd_edpt_open+0x4a>
10002598:	0064      	lsls	r4, r4, #1
1000259a:	eb04 10d5 	add.w	r0, r4, r5, lsr #7
1000259e:	4c0b      	ldr	r4, [pc, #44]	@ (100025cc <dcd_edpt_open+0x54>)
100025a0:	eb04 1440 	add.w	r4, r4, r0, lsl #5
100025a4:	4620      	mov	r0, r4
100025a6:	f7ff ff73 	bl	10002490 <hw_endpoint_alloc.isra.0>
100025aa:	68e3      	ldr	r3, [r4, #12]
100025ac:	7ee2      	ldrb	r2, [r4, #27]
100025ae:	f083 43a0 	eor.w	r3, r3, #1342177280	@ 0x50000000
100025b2:	f483 1380 	eor.w	r3, r3, #1048576	@ 0x100000
100025b6:	ea43 6382 	orr.w	r3, r3, r2, lsl #26
100025ba:	6862      	ldr	r2, [r4, #4]
100025bc:	f043 4300 	orr.w	r3, r3, #2147483648	@ 0x80000000
100025c0:	6013      	str	r3, [r2, #0]
100025c2:	2001      	movs	r0, #1
100025c4:	bd38      	pop	{r3, r4, r5, pc}
100025c6:	2000      	movs	r0, #0
100025c8:	e7fc      	b.n	100025c4 <dcd_edpt_open+0x4c>
100025ca:	bf00      	nop
100025cc:	2000e420 	.word	0x2000e420

100025d0 <dcd_edpt_close_all>:
100025d0:	f001 be5e 	b.w	10004290 <__reset_non_control_endpoints_veneer>

100025d4 <dcd_edpt_xfer>:
100025d4:	4608      	mov	r0, r1
100025d6:	b508      	push	{r3, lr}
100025d8:	4611      	mov	r1, r2
100025da:	f000 027f 	and.w	r2, r0, #127	@ 0x7f
100025de:	09c0      	lsrs	r0, r0, #7
100025e0:	eb00 0042 	add.w	r0, r0, r2, lsl #1
100025e4:	461a      	mov	r2, r3
100025e6:	4b03      	ldr	r3, [pc, #12]	@ (100025f4 <dcd_edpt_xfer+0x20>)
100025e8:	eb03 1040 	add.w	r0, r3, r0, lsl #5
100025ec:	f000 f84e 	bl	1000268c <hw_endpoint_xfer_start>
100025f0:	2001      	movs	r0, #1
100025f2:	bd08      	pop	{r3, pc}
100025f4:	2000e420 	.word	0x2000e420

100025f8 <dcd_edpt_stall>:
100025f8:	f011 037f 	ands.w	r3, r1, #127	@ 0x7f
100025fc:	d105      	bne.n	1000260a <dcd_edpt_stall+0x12>
100025fe:	2900      	cmp	r1, #0
10002600:	bf0c      	ite	eq
10002602:	2002      	moveq	r0, #2
10002604:	2001      	movne	r0, #1
10002606:	4a06      	ldr	r2, [pc, #24]	@ (10002620 <dcd_edpt_stall+0x28>)
10002608:	6690      	str	r0, [r2, #104]	@ 0x68
1000260a:	09c9      	lsrs	r1, r1, #7
1000260c:	eb01 0043 	add.w	r0, r1, r3, lsl #1
10002610:	4b04      	ldr	r3, [pc, #16]	@ (10002624 <dcd_edpt_stall+0x2c>)
10002612:	f44f 6200 	mov.w	r2, #2048	@ 0x800
10002616:	2100      	movs	r1, #0
10002618:	eb03 1040 	add.w	r0, r3, r0, lsl #5
1000261c:	f001 be4c 	b.w	100042b8 <___hw_endpoint_buffer_control_update32_veneer>
10002620:	50112000 	.word	0x50112000
10002624:	2000e420 	.word	0x2000e420

10002628 <dcd_edpt_clear_stall>:
10002628:	f011 037f 	ands.w	r3, r1, #127	@ 0x7f
1000262c:	d00b      	beq.n	10002646 <dcd_edpt_clear_stall+0x1e>
1000262e:	2200      	movs	r2, #0
10002630:	4805      	ldr	r0, [pc, #20]	@ (10002648 <dcd_edpt_clear_stall+0x20>)
10002632:	005b      	lsls	r3, r3, #1
10002634:	eb03 13d1 	add.w	r3, r3, r1, lsr #7
10002638:	eb00 1043 	add.w	r0, r0, r3, lsl #5
1000263c:	f46f 6100 	mvn.w	r1, #2048	@ 0x800
10002640:	70c2      	strb	r2, [r0, #3]
10002642:	f001 be39 	b.w	100042b8 <___hw_endpoint_buffer_control_update32_veneer>
10002646:	4770      	bx	lr
10002648:	2000e420 	.word	0x2000e420

1000264c <rp2040_usb_init>:
1000264c:	b508      	push	{r3, lr}
1000264e:	f04f 5380 	mov.w	r3, #268435456	@ 0x10000000
10002652:	4a0a      	ldr	r2, [pc, #40]	@ (1000267c <rp2040_usb_init+0x30>)
10002654:	6013      	str	r3, [r2, #0]
10002656:	f502 5280 	add.w	r2, r2, #4096	@ 0x1000
1000265a:	6013      	str	r3, [r2, #0]
1000265c:	4b08      	ldr	r3, [pc, #32]	@ (10002680 <rp2040_usb_init+0x34>)
1000265e:	6899      	ldr	r1, [r3, #8]
10002660:	43c9      	mvns	r1, r1
10002662:	f011 5180 	ands.w	r1, r1, #268435456	@ 0x10000000
10002666:	d1fa      	bne.n	1000265e <rp2040_usb_init+0x12>
10002668:	f44f 5280 	mov.w	r2, #4096	@ 0x1000
1000266c:	4805      	ldr	r0, [pc, #20]	@ (10002684 <rp2040_usb_init+0x38>)
1000266e:	f001 fd25 	bl	100040bc <memset>
10002672:	2209      	movs	r2, #9
10002674:	4b04      	ldr	r3, [pc, #16]	@ (10002688 <rp2040_usb_init+0x3c>)
10002676:	675a      	str	r2, [r3, #116]	@ 0x74
10002678:	bd08      	pop	{r3, pc}
1000267a:	bf00      	nop
1000267c:	40022000 	.word	0x40022000
10002680:	40020000 	.word	0x40020000
10002684:	50100000 	.word	0x50100000
10002688:	50110000 	.word	0x50110000

1000268c <hw_endpoint_xfer_start>:
1000268c:	2300      	movs	r3, #0
1000268e:	b510      	push	{r4, lr}
10002690:	82c3      	strh	r3, [r0, #22]
10002692:	2301      	movs	r3, #1
10002694:	8282      	strh	r2, [r0, #20]
10002696:	7683      	strb	r3, [r0, #26]
10002698:	6101      	str	r1, [r0, #16]
1000269a:	4604      	mov	r4, r0
1000269c:	f001 fe14 	bl	100042c8 <__e15_is_bulkin_ep_veneer>
100026a0:	b120      	cbz	r0, 100026ac <hw_endpoint_xfer_start+0x20>
100026a2:	f44f 3200 	mov.w	r2, #131072	@ 0x20000
100026a6:	4b07      	ldr	r3, [pc, #28]	@ (100026c4 <hw_endpoint_xfer_start+0x38>)
100026a8:	f8c3 2090 	str.w	r2, [r3, #144]	@ 0x90
100026ac:	4620      	mov	r0, r4
100026ae:	f001 fdff 	bl	100042b0 <__e15_is_critical_frame_period_veneer>
100026b2:	b110      	cbz	r0, 100026ba <hw_endpoint_xfer_start+0x2e>
100026b4:	2301      	movs	r3, #1
100026b6:	7723      	strb	r3, [r4, #28]
100026b8:	bd10      	pop	{r4, pc}
100026ba:	4620      	mov	r0, r4
100026bc:	e8bd 4010 	ldmia.w	sp!, {r4, lr}
100026c0:	f001 bdee 	b.w	100042a0 <__hw_endpoint_start_next_buffer_veneer>
100026c4:	50112000 	.word	0x50112000

100026c8 <configuration_reset>:
100026c8:	e92d 41f0 	stmdb	sp!, {r4, r5, r6, r7, r8, lr}
100026cc:	4606      	mov	r6, r0
100026ce:	2400      	movs	r4, #0
100026d0:	4d18      	ldr	r5, [pc, #96]	@ (10002734 <configuration_reset+0x6c>)
100026d2:	4f19      	ldr	r7, [pc, #100]	@ (10002738 <configuration_reset+0x70>)
100026d4:	f8df 8070 	ldr.w	r8, [pc, #112]	@ 10002748 <configuration_reset+0x80>
100026d8:	782a      	ldrb	r2, [r5, #0]
100026da:	b2e3      	uxtb	r3, r4
100026dc:	1c51      	adds	r1, r2, #1
100026de:	4299      	cmp	r1, r3
100026e0:	da10      	bge.n	10002704 <configuration_reset+0x3c>
100026e2:	2254      	movs	r2, #84	@ 0x54
100026e4:	2100      	movs	r1, #0
100026e6:	4815      	ldr	r0, [pc, #84]	@ (1000273c <configuration_reset+0x74>)
100026e8:	f001 fce8 	bl	100040bc <memset>
100026ec:	2210      	movs	r2, #16
100026ee:	21ff      	movs	r1, #255	@ 0xff
100026f0:	4813      	ldr	r0, [pc, #76]	@ (10002740 <configuration_reset+0x78>)
100026f2:	f001 fce3 	bl	100040bc <memset>
100026f6:	e8bd 41f0 	ldmia.w	sp!, {r4, r5, r6, r7, r8, lr}
100026fa:	2220      	movs	r2, #32
100026fc:	21ff      	movs	r1, #255	@ 0xff
100026fe:	4811      	ldr	r0, [pc, #68]	@ (10002744 <configuration_reset+0x7c>)
10002700:	f001 bcdc 	b.w	100040bc <memset>
10002704:	429a      	cmp	r2, r3
10002706:	d90d      	bls.n	10002724 <configuration_reset+0x5c>
10002708:	f8d8 2000 	ldr.w	r2, [r8]
1000270c:	eb12 1343 	adds.w	r3, r2, r3, lsl #5
10002710:	d10b      	bne.n	1000272a <configuration_reset+0x62>
10002712:	f04f 23e0 	mov.w	r3, #3758153728	@ 0xe000e000
10002716:	f8d3 3df0 	ldr.w	r3, [r3, #3568]	@ 0xdf0
1000271a:	07db      	lsls	r3, r3, #31
1000271c:	d500      	bpl.n	10002720 <configuration_reset+0x58>
1000271e:	be00      	bkpt	0x0000
10002720:	e8bd 81f0 	ldmia.w	sp!, {r4, r5, r6, r7, r8, pc}
10002724:	1a9b      	subs	r3, r3, r2
10002726:	eb07 1343 	add.w	r3, r7, r3, lsl #5
1000272a:	4630      	mov	r0, r6
1000272c:	68db      	ldr	r3, [r3, #12]
1000272e:	4798      	blx	r3
10002730:	3401      	adds	r4, #1
10002732:	e7d1      	b.n	100026d8 <configuration_reset+0x10>
10002734:	2000e8af 	.word	0x2000e8af
10002738:	1000469c 	.word	0x1000469c
1000273c:	2000e8d4 	.word	0x2000e8d4
10002740:	2000e8d8 	.word	0x2000e8d8
10002744:	2000e8e8 	.word	0x2000e8e8
10002748:	2000df50 	.word	0x2000df50

1000274c <invoke_class_control>:
1000274c:	b570      	push	{r4, r5, r6, lr}
1000274e:	460c      	mov	r4, r1
10002750:	4605      	mov	r5, r0
10002752:	4616      	mov	r6, r2
10002754:	6948      	ldr	r0, [r1, #20]
10002756:	f000 fd2b 	bl	100031b0 <usbd_control_set_complete_callback>
1000275a:	4632      	mov	r2, r6
1000275c:	4628      	mov	r0, r5
1000275e:	6963      	ldr	r3, [r4, #20]
10002760:	2101      	movs	r1, #1
10002762:	e8bd 4070 	ldmia.w	sp!, {r4, r5, r6, lr}
10002766:	4718      	bx	r3

10002768 <tud_event_hook_cb>:
10002768:	4770      	bx	lr

1000276a <tud_sof_cb>:
1000276a:	4770      	bx	lr

1000276c <tud_descriptor_device_qualifier_cb>:
1000276c:	2000      	movs	r0, #0
1000276e:	4770      	bx	lr

10002770 <tud_descriptor_other_speed_configuration_cb>:
10002770:	2000      	movs	r0, #0
10002772:	4770      	bx	lr

10002774 <tud_mount_cb>:
10002774:	4770      	bx	lr

10002776 <tud_umount_cb>:
10002776:	4770      	bx	lr

10002778 <tud_suspend_cb>:
10002778:	4770      	bx	lr

1000277a <tud_resume_cb>:
1000277a:	4770      	bx	lr

1000277c <tud_mounted>:
1000277c:	4b02      	ldr	r3, [pc, #8]	@ (10002788 <tud_mounted+0xc>)
1000277e:	7858      	ldrb	r0, [r3, #1]
10002780:	3800      	subs	r0, #0
10002782:	bf18      	it	ne
10002784:	2001      	movne	r0, #1
10002786:	4770      	bx	lr
10002788:	2000e8d4 	.word	0x2000e8d4

1000278c <tud_suspended>:
1000278c:	4b02      	ldr	r3, [pc, #8]	@ (10002798 <tud_suspended+0xc>)
1000278e:	7818      	ldrb	r0, [r3, #0]
10002790:	f3c0 0080 	ubfx	r0, r0, #2, #1
10002794:	4770      	bx	lr
10002796:	bf00      	nop
10002798:	2000e8d4 	.word	0x2000e8d4

1000279c <tud_rhport_init>:
1000279c:	e92d 47f0 	stmdb	sp!, {r4, r5, r6, r7, r8, r9, sl, lr}
100027a0:	4f2c      	ldr	r7, [pc, #176]	@ (10002854 <tud_rhport_init+0xb8>)
100027a2:	4604      	mov	r4, r0
100027a4:	783b      	ldrb	r3, [r7, #0]
100027a6:	460e      	mov	r6, r1
100027a8:	2bff      	cmp	r3, #255	@ 0xff
100027aa:	d13f      	bne.n	1000282c <tud_rhport_init+0x90>
100027ac:	b949      	cbnz	r1, 100027c2 <tud_rhport_init+0x26>
100027ae:	f04f 23e0 	mov.w	r3, #3758153728	@ 0xe000e000
100027b2:	f8d3 3df0 	ldr.w	r3, [r3, #3568]	@ 0xdf0
100027b6:	07db      	lsls	r3, r3, #31
100027b8:	d500      	bpl.n	100027bc <tud_rhport_init+0x20>
100027ba:	be00      	bkpt	0x0000
100027bc:	2000      	movs	r0, #0
100027be:	e8bd 87f0 	ldmia.w	sp!, {r4, r5, r6, r7, r8, r9, sl, pc}
100027c2:	2100      	movs	r1, #0
100027c4:	2254      	movs	r2, #84	@ 0x54
100027c6:	4824      	ldr	r0, [pc, #144]	@ (10002858 <tud_rhport_init+0xbc>)
100027c8:	f001 fc78 	bl	100040bc <memset>
100027cc:	2200      	movs	r2, #0
100027ce:	4d23      	ldr	r5, [pc, #140]	@ (1000285c <tud_rhport_init+0xc0>)
100027d0:	4b23      	ldr	r3, [pc, #140]	@ (10002860 <tud_rhport_init+0xc4>)
100027d2:	4628      	mov	r0, r5
100027d4:	701a      	strb	r2, [r3, #0]
100027d6:	f7fe fbf5 	bl	10000fc4 <mutex_init>
100027da:	4b22      	ldr	r3, [pc, #136]	@ (10002864 <tud_rhport_init+0xc8>)
100027dc:	4822      	ldr	r0, [pc, #136]	@ (10002868 <tud_rhport_init+0xcc>)
100027de:	601d      	str	r5, [r3, #0]
100027e0:	4d22      	ldr	r5, [pc, #136]	@ (1000286c <tud_rhport_init+0xd0>)
100027e2:	f7fe fc1f 	bl	10001024 <critical_section_init>
100027e6:	4628      	mov	r0, r5
100027e8:	f001 fc2f 	bl	1000404a <tu_fifo_clear>
100027ec:	4b20      	ldr	r3, [pc, #128]	@ (10002870 <tud_rhport_init+0xd4>)
100027ee:	601d      	str	r5, [r3, #0]
100027f0:	4b20      	ldr	r3, [pc, #128]	@ (10002874 <tud_rhport_init+0xd8>)
100027f2:	b123      	cbz	r3, 100027fe <tud_rhport_init+0x62>
100027f4:	4820      	ldr	r0, [pc, #128]	@ (10002878 <tud_rhport_init+0xdc>)
100027f6:	f7ff fb93 	bl	10001f20 <usbd_app_driver_get_cb>
100027fa:	4b20      	ldr	r3, [pc, #128]	@ (1000287c <tud_rhport_init+0xe0>)
100027fc:	6018      	str	r0, [r3, #0]
100027fe:	2500      	movs	r5, #0
10002800:	f8df 8074 	ldr.w	r8, [pc, #116]	@ 10002878 <tud_rhport_init+0xdc>
10002804:	f8df 9078 	ldr.w	r9, [pc, #120]	@ 10002880 <tud_rhport_init+0xe4>
10002808:	f8df a070 	ldr.w	sl, [pc, #112]	@ 1000287c <tud_rhport_init+0xe0>
1000280c:	f898 2000 	ldrb.w	r2, [r8]
10002810:	b2eb      	uxtb	r3, r5
10002812:	1c51      	adds	r1, r2, #1
10002814:	4299      	cmp	r1, r3
10002816:	da0b      	bge.n	10002830 <tud_rhport_init+0x94>
10002818:	4631      	mov	r1, r6
1000281a:	4620      	mov	r0, r4
1000281c:	703c      	strb	r4, [r7, #0]
1000281e:	f7ff fe4f 	bl	100024c0 <dcd_init>
10002822:	2800      	cmp	r0, #0
10002824:	d0c3      	beq.n	100027ae <tud_rhport_init+0x12>
10002826:	4620      	mov	r0, r4
10002828:	f7ff fe7e 	bl	10002528 <dcd_int_enable>
1000282c:	2001      	movs	r0, #1
1000282e:	e7c6      	b.n	100027be <tud_rhport_init+0x22>
10002830:	429a      	cmp	r2, r3
10002832:	d90a      	bls.n	1000284a <tud_rhport_init+0xae>
10002834:	f8da 2000 	ldr.w	r2, [sl]
10002838:	eb12 1343 	adds.w	r3, r2, r3, lsl #5
1000283c:	d0b7      	beq.n	100027ae <tud_rhport_init+0x12>
1000283e:	685b      	ldr	r3, [r3, #4]
10002840:	2b00      	cmp	r3, #0
10002842:	d0b4      	beq.n	100027ae <tud_rhport_init+0x12>
10002844:	3501      	adds	r5, #1
10002846:	4798      	blx	r3
10002848:	e7e0      	b.n	1000280c <tud_rhport_init+0x70>
1000284a:	1a9b      	subs	r3, r3, r2
1000284c:	eb09 1343 	add.w	r3, r9, r3, lsl #5
10002850:	e7f5      	b.n	1000283e <tud_rhport_init+0xa2>
10002852:	bf00      	nop
10002854:	2000ddb8 	.word	0x2000ddb8
10002858:	2000e8d4 	.word	0x2000e8d4
1000285c:	2000e0f0 	.word	0x2000e0f0
10002860:	2000e9e8 	.word	0x2000e9e8
10002864:	2000e0f8 	.word	0x2000e0f8
10002868:	2000ddb0 	.word	0x2000ddb0
1000286c:	2000dd9c 	.word	0x2000dd9c
10002870:	2000e0fc 	.word	0x2000e0fc
10002874:	10001f21 	.word	0x10001f21
10002878:	2000e8af 	.word	0x2000e8af
1000287c:	2000df50 	.word	0x2000df50
10002880:	1000469c 	.word	0x1000469c

10002884 <usbd_edpt_open>:
10002884:	b538      	push	{r3, r4, r5, lr}
10002886:	788b      	ldrb	r3, [r1, #2]
10002888:	460c      	mov	r4, r1
1000288a:	f003 0370 	and.w	r3, r3, #112	@ 0x70
1000288e:	b143      	cbz	r3, 100028a2 <usbd_edpt_open+0x1e>
10002890:	f04f 23e0 	mov.w	r3, #3758153728	@ 0xe000e000
10002894:	f8d3 3df0 	ldr.w	r3, [r3, #3568]	@ 0xdf0
10002898:	07db      	lsls	r3, r3, #31
1000289a:	d500      	bpl.n	1000289e <usbd_edpt_open+0x1a>
1000289c:	be00      	bkpt	0x0000
1000289e:	2000      	movs	r0, #0
100028a0:	bd38      	pop	{r3, r4, r5, pc}
100028a2:	4b07      	ldr	r3, [pc, #28]	@ (100028c0 <usbd_edpt_open+0x3c>)
100028a4:	4620      	mov	r0, r4
100028a6:	781d      	ldrb	r5, [r3, #0]
100028a8:	4b06      	ldr	r3, [pc, #24]	@ (100028c4 <usbd_edpt_open+0x40>)
100028aa:	7899      	ldrb	r1, [r3, #2]
100028ac:	f001 f8c2 	bl	10003a34 <tu_edpt_validate>
100028b0:	2800      	cmp	r0, #0
100028b2:	d0ed      	beq.n	10002890 <usbd_edpt_open+0xc>
100028b4:	4621      	mov	r1, r4
100028b6:	4628      	mov	r0, r5
100028b8:	e8bd 4038 	ldmia.w	sp!, {r3, r4, r5, lr}
100028bc:	f7ff be5c 	b.w	10002578 <dcd_edpt_open>
100028c0:	2000ddb8 	.word	0x2000ddb8
100028c4:	2000e8d4 	.word	0x2000e8d4

100028c8 <usbd_open_edpt_pair>:
100028c8:	e92d 47f0 	stmdb	sp!, {r4, r5, r6, r7, r8, r9, sl, lr}
100028cc:	4681      	mov	r9, r0
100028ce:	e9dd 6708 	ldrd	r6, r7, [sp, #32]
100028d2:	460c      	mov	r4, r1
100028d4:	4690      	mov	r8, r2
100028d6:	469a      	mov	sl, r3
100028d8:	2500      	movs	r5, #0
100028da:	45a8      	cmp	r8, r5
100028dc:	dc01      	bgt.n	100028e2 <usbd_open_edpt_pair+0x1a>
100028de:	2001      	movs	r0, #1
100028e0:	e00a      	b.n	100028f8 <usbd_open_edpt_pair+0x30>
100028e2:	7863      	ldrb	r3, [r4, #1]
100028e4:	2b05      	cmp	r3, #5
100028e6:	d009      	beq.n	100028fc <usbd_open_edpt_pair+0x34>
100028e8:	f04f 23e0 	mov.w	r3, #3758153728	@ 0xe000e000
100028ec:	f8d3 3df0 	ldr.w	r3, [r3, #3568]	@ 0xdf0
100028f0:	07db      	lsls	r3, r3, #31
100028f2:	d500      	bpl.n	100028f6 <usbd_open_edpt_pair+0x2e>
100028f4:	be00      	bkpt	0x0000
100028f6:	2000      	movs	r0, #0
100028f8:	e8bd 87f0 	ldmia.w	sp!, {r4, r5, r6, r7, r8, r9, sl, pc}
100028fc:	78e1      	ldrb	r1, [r4, #3]
100028fe:	f001 0103 	and.w	r1, r1, #3
10002902:	4551      	cmp	r1, sl
10002904:	d1f0      	bne.n	100028e8 <usbd_open_edpt_pair+0x20>
10002906:	4621      	mov	r1, r4
10002908:	4648      	mov	r0, r9
1000290a:	f7ff ffbb 	bl	10002884 <usbd_edpt_open>
1000290e:	2800      	cmp	r0, #0
10002910:	d0ea      	beq.n	100028e8 <usbd_open_edpt_pair+0x20>
10002912:	78a1      	ldrb	r1, [r4, #2]
10002914:	3501      	adds	r5, #1
10002916:	09cb      	lsrs	r3, r1, #7
10002918:	bf14      	ite	ne
1000291a:	7039      	strbne	r1, [r7, #0]
1000291c:	7031      	strbeq	r1, [r6, #0]
1000291e:	7823      	ldrb	r3, [r4, #0]
10002920:	441c      	add	r4, r3
10002922:	e7da      	b.n	100028da <usbd_open_edpt_pair+0x12>

10002924 <usbd_edpt_claim>:
10002924:	09cb      	lsrs	r3, r1, #7
10002926:	f001 027f 	and.w	r2, r1, #127	@ 0x7f
1000292a:	3334      	adds	r3, #52	@ 0x34
1000292c:	eb03 0342 	add.w	r3, r3, r2, lsl #1
10002930:	4802      	ldr	r0, [pc, #8]	@ (1000293c <usbd_edpt_claim+0x18>)
10002932:	4a03      	ldr	r2, [pc, #12]	@ (10002940 <usbd_edpt_claim+0x1c>)
10002934:	4418      	add	r0, r3
10002936:	6811      	ldr	r1, [r2, #0]
10002938:	f001 b83c 	b.w	100039b4 <tu_edpt_claim>
1000293c:	2000e8d4 	.word	0x2000e8d4
10002940:	2000e0f8 	.word	0x2000e0f8

10002944 <usbd_edpt_release>:
10002944:	09cb      	lsrs	r3, r1, #7
10002946:	f001 027f 	and.w	r2, r1, #127	@ 0x7f
1000294a:	3334      	adds	r3, #52	@ 0x34
1000294c:	eb03 0342 	add.w	r3, r3, r2, lsl #1
10002950:	4802      	ldr	r0, [pc, #8]	@ (1000295c <usbd_edpt_release+0x18>)
10002952:	4a03      	ldr	r2, [pc, #12]	@ (10002960 <usbd_edpt_release+0x1c>)
10002954:	4418      	add	r0, r3
10002956:	6811      	ldr	r1, [r2, #0]
10002958:	f001 b851 	b.w	100039fe <tu_edpt_release>
1000295c:	2000e8d4 	.word	0x2000e8d4
10002960:	2000e0f8 	.word	0x2000e0f8

10002964 <usbd_edpt_xfer>:
10002964:	b510      	push	{r4, lr}
10002966:	4c14      	ldr	r4, [pc, #80]	@ (100029b8 <usbd_edpt_xfer+0x54>)
10002968:	f001 007f 	and.w	r0, r1, #127	@ 0x7f
1000296c:	eb04 0440 	add.w	r4, r4, r0, lsl #1
10002970:	eb04 14d1 	add.w	r4, r4, r1, lsr #7
10002974:	f894 0034 	ldrb.w	r0, [r4, #52]	@ 0x34
10002978:	3430      	adds	r4, #48	@ 0x30
1000297a:	07c0      	lsls	r0, r0, #31
1000297c:	d508      	bpl.n	10002990 <usbd_edpt_xfer+0x2c>
1000297e:	f04f 23e0 	mov.w	r3, #3758153728	@ 0xe000e000
10002982:	f8d3 3df0 	ldr.w	r3, [r3, #3568]	@ 0xdf0
10002986:	07db      	lsls	r3, r3, #31
10002988:	d500      	bpl.n	1000298c <usbd_edpt_xfer+0x28>
1000298a:	be00      	bkpt	0x0000
1000298c:	2000      	movs	r0, #0
1000298e:	bd10      	pop	{r4, pc}
10002990:	7920      	ldrb	r0, [r4, #4]
10002992:	f040 0001 	orr.w	r0, r0, #1
10002996:	7120      	strb	r0, [r4, #4]
10002998:	4808      	ldr	r0, [pc, #32]	@ (100029bc <usbd_edpt_xfer+0x58>)
1000299a:	7800      	ldrb	r0, [r0, #0]
1000299c:	f7ff fe1a 	bl	100025d4 <dcd_edpt_xfer>
100029a0:	2800      	cmp	r0, #0
100029a2:	d1f4      	bne.n	1000298e <usbd_edpt_xfer+0x2a>
100029a4:	7923      	ldrb	r3, [r4, #4]
100029a6:	f360 0300 	bfi	r3, r0, #0, #1
100029aa:	7123      	strb	r3, [r4, #4]
100029ac:	7923      	ldrb	r3, [r4, #4]
100029ae:	f360 0382 	bfi	r3, r0, #2, #1
100029b2:	7123      	strb	r3, [r4, #4]
100029b4:	e7e3      	b.n	1000297e <usbd_edpt_xfer+0x1a>
100029b6:	bf00      	nop
100029b8:	2000e8d4 	.word	0x2000e8d4
100029bc:	2000ddb8 	.word	0x2000ddb8

100029c0 <usbd_edpt_stall>:
100029c0:	b510      	push	{r4, lr}
100029c2:	460c      	mov	r4, r1
100029c4:	4b0b      	ldr	r3, [pc, #44]	@ (100029f4 <usbd_edpt_stall+0x34>)
100029c6:	7818      	ldrb	r0, [r3, #0]
100029c8:	f7ff fe16 	bl	100025f8 <dcd_edpt_stall>
100029cc:	4b0a      	ldr	r3, [pc, #40]	@ (100029f8 <usbd_edpt_stall+0x38>)
100029ce:	f004 027f 	and.w	r2, r4, #127	@ 0x7f
100029d2:	eb03 0342 	add.w	r3, r3, r2, lsl #1
100029d6:	eb03 11d4 	add.w	r1, r3, r4, lsr #7
100029da:	f891 3034 	ldrb.w	r3, [r1, #52]	@ 0x34
100029de:	f043 0302 	orr.w	r3, r3, #2
100029e2:	f881 3034 	strb.w	r3, [r1, #52]	@ 0x34
100029e6:	f891 3034 	ldrb.w	r3, [r1, #52]	@ 0x34
100029ea:	f043 0301 	orr.w	r3, r3, #1
100029ee:	f881 3034 	strb.w	r3, [r1, #52]	@ 0x34
100029f2:	bd10      	pop	{r4, pc}
100029f4:	2000ddb8 	.word	0x2000ddb8
100029f8:	2000e8d4 	.word	0x2000e8d4

100029fc <usbd_edpt_clear_stall>:
100029fc:	b510      	push	{r4, lr}
100029fe:	460c      	mov	r4, r1
10002a00:	4b0b      	ldr	r3, [pc, #44]	@ (10002a30 <usbd_edpt_clear_stall+0x34>)
10002a02:	7818      	ldrb	r0, [r3, #0]
10002a04:	f7ff fe10 	bl	10002628 <dcd_edpt_clear_stall>
10002a08:	4b0a      	ldr	r3, [pc, #40]	@ (10002a34 <usbd_edpt_clear_stall+0x38>)
10002a0a:	f004 027f 	and.w	r2, r4, #127	@ 0x7f
10002a0e:	eb03 0342 	add.w	r3, r3, r2, lsl #1
10002a12:	eb03 11d4 	add.w	r1, r3, r4, lsr #7
10002a16:	f891 3034 	ldrb.w	r3, [r1, #52]	@ 0x34
10002a1a:	f023 0302 	bic.w	r3, r3, #2
10002a1e:	f881 3034 	strb.w	r3, [r1, #52]	@ 0x34
10002a22:	f891 3034 	ldrb.w	r3, [r1, #52]	@ 0x34
10002a26:	f023 0301 	bic.w	r3, r3, #1
10002a2a:	f881 3034 	strb.w	r3, [r1, #52]	@ 0x34
10002a2e:	bd10      	pop	{r4, pc}
10002a30:	2000ddb8 	.word	0x2000ddb8
10002a34:	2000e8d4 	.word	0x2000e8d4

10002a38 <usbd_edpt_stalled>:
10002a38:	4b05      	ldr	r3, [pc, #20]	@ (10002a50 <usbd_edpt_stalled+0x18>)
10002a3a:	f001 027f 	and.w	r2, r1, #127	@ 0x7f
10002a3e:	eb03 0342 	add.w	r3, r3, r2, lsl #1
10002a42:	eb03 13d1 	add.w	r3, r3, r1, lsr #7
10002a46:	f893 0034 	ldrb.w	r0, [r3, #52]	@ 0x34
10002a4a:	f3c0 0040 	ubfx	r0, r0, #1, #1
10002a4e:	4770      	bx	lr
10002a50:	2000e8d4 	.word	0x2000e8d4

10002a54 <tud_task_ext>:
10002a54:	e92d 4ff0 	stmdb	sp!, {r4, r5, r6, r7, r8, r9, sl, fp, lr}
10002a58:	4ba3      	ldr	r3, [pc, #652]	@ (10002ce8 <tud_task_ext+0x294>)
10002a5a:	b087      	sub	sp, #28
10002a5c:	781b      	ldrb	r3, [r3, #0]
10002a5e:	2bff      	cmp	r3, #255	@ 0xff
10002a60:	d04d      	beq.n	10002afe <tud_task_ext+0xaa>
10002a62:	f8df 9290 	ldr.w	r9, [pc, #656]	@ 10002cf4 <tud_task_ext+0x2a0>
10002a66:	4ba1      	ldr	r3, [pc, #644]	@ (10002cec <tud_task_ext+0x298>)
10002a68:	681c      	ldr	r4, [r3, #0]
10002a6a:	6963      	ldr	r3, [r4, #20]
10002a6c:	f3ef 8210 	mrs	r2, PRIMASK
10002a70:	b672      	cpsid	i
10002a72:	e8d3 0fcf 	ldaexb	r0, [r3]
10002a76:	2101      	movs	r1, #1
10002a78:	2800      	cmp	r0, #0
10002a7a:	d1fa      	bne.n	10002a72 <tud_task_ext+0x1e>
10002a7c:	e8c3 1f40 	strexb	r0, r1, [r3]
10002a80:	2800      	cmp	r0, #0
10002a82:	d1f6      	bne.n	10002a72 <tud_task_ext+0x1e>
10002a84:	f3bf 8f5f 	dmb	sy
10002a88:	61a2      	str	r2, [r4, #24]
10002a8a:	4620      	mov	r0, r4
10002a8c:	a903      	add	r1, sp, #12
10002a8e:	f001 f9e5 	bl	10003e5c <tu_fifo_read>
10002a92:	2300      	movs	r3, #0
10002a94:	6962      	ldr	r2, [r4, #20]
10002a96:	e8c2 3f8f 	stlb	r3, [r2]
10002a9a:	69a3      	ldr	r3, [r4, #24]
10002a9c:	f383 8810 	msr	PRIMASK, r3
10002aa0:	b368      	cbz	r0, 10002afe <tud_task_ext+0xaa>
10002aa2:	f89d 300d 	ldrb.w	r3, [sp, #13]
10002aa6:	3b01      	subs	r3, #1
10002aa8:	2b07      	cmp	r3, #7
10002aaa:	f200 82f6 	bhi.w	1000309a <tud_task_ext+0x646>
10002aae:	e8df f013 	tbh	[pc, r3, lsl #1]
10002ab2:	0008      	.short	0x0008
10002ab4:	02eb0013 	.word	0x02eb0013
10002ab8:	02dc02d0 	.word	0x02dc02d0
10002abc:	0297001c 	.word	0x0297001c
10002ac0:	02e4      	.short	0x02e4
10002ac2:	f89d 000c 	ldrb.w	r0, [sp, #12]
10002ac6:	f7ff fdff 	bl	100026c8 <configuration_reset>
10002aca:	f000 fb69 	bl	100031a0 <usbd_control_reset>
10002ace:	f89d 3010 	ldrb.w	r3, [sp, #16]
10002ad2:	f889 3002 	strb.w	r3, [r9, #2]
10002ad6:	e7c6      	b.n	10002a66 <tud_task_ext+0x12>
10002ad8:	f89d 000c 	ldrb.w	r0, [sp, #12]
10002adc:	f7ff fdf4 	bl	100026c8 <configuration_reset>
10002ae0:	f000 fb5e 	bl	100031a0 <usbd_control_reset>
10002ae4:	f7ff fe47 	bl	10002776 <tud_umount_cb>
10002ae8:	e7bd      	b.n	10002a66 <tud_task_ext+0x12>
10002aea:	4b81      	ldr	r3, [pc, #516]	@ (10002cf0 <tud_task_ext+0x29c>)
10002aec:	781a      	ldrb	r2, [r3, #0]
10002aee:	b94a      	cbnz	r2, 10002b04 <tud_task_ext+0xb0>
10002af0:	f04f 23e0 	mov.w	r3, #3758153728	@ 0xe000e000
10002af4:	f8d3 3df0 	ldr.w	r3, [r3, #3568]	@ 0xdf0
10002af8:	07dc      	lsls	r4, r3, #31
10002afa:	d500      	bpl.n	10002afe <tud_task_ext+0xaa>
10002afc:	be00      	bkpt	0x0000
10002afe:	b007      	add	sp, #28
10002b00:	e8bd 8ff0 	ldmia.w	sp!, {r4, r5, r6, r7, r8, r9, sl, fp, pc}
10002b04:	781a      	ldrb	r2, [r3, #0]
10002b06:	3a01      	subs	r2, #1
10002b08:	701a      	strb	r2, [r3, #0]
10002b0a:	781b      	ldrb	r3, [r3, #0]
10002b0c:	f003 00ff 	and.w	r0, r3, #255	@ 0xff
10002b10:	2b00      	cmp	r3, #0
10002b12:	d1a8      	bne.n	10002a66 <tud_task_ext+0x12>
10002b14:	4c77      	ldr	r4, [pc, #476]	@ (10002cf4 <tud_task_ext+0x2a0>)
10002b16:	f89d 500c 	ldrb.w	r5, [sp, #12]
10002b1a:	7823      	ldrb	r3, [r4, #0]
10002b1c:	f043 0301 	orr.w	r3, r3, #1
10002b20:	7023      	strb	r3, [r4, #0]
10002b22:	f894 3034 	ldrb.w	r3, [r4, #52]	@ 0x34
10002b26:	f360 0300 	bfi	r3, r0, #0, #1
10002b2a:	f884 3034 	strb.w	r3, [r4, #52]	@ 0x34
10002b2e:	f894 3034 	ldrb.w	r3, [r4, #52]	@ 0x34
10002b32:	f360 0382 	bfi	r3, r0, #2, #1
10002b36:	f884 3034 	strb.w	r3, [r4, #52]	@ 0x34
10002b3a:	f894 3035 	ldrb.w	r3, [r4, #53]	@ 0x35
10002b3e:	f360 0300 	bfi	r3, r0, #0, #1
10002b42:	f884 3035 	strb.w	r3, [r4, #53]	@ 0x35
10002b46:	f894 3035 	ldrb.w	r3, [r4, #53]	@ 0x35
10002b4a:	f360 0382 	bfi	r3, r0, #2, #1
10002b4e:	f884 3035 	strb.w	r3, [r4, #53]	@ 0x35
10002b52:	f000 fb2d 	bl	100031b0 <usbd_control_set_complete_callback>
10002b56:	f89d 2010 	ldrb.w	r2, [sp, #16]
10002b5a:	f002 0360 	and.w	r3, r2, #96	@ 0x60
10002b5e:	2b60      	cmp	r3, #96	@ 0x60
10002b60:	d107      	bne.n	10002b72 <tud_task_ext+0x11e>
10002b62:	f04f 23e0 	mov.w	r3, #3758153728	@ 0xe000e000
10002b66:	f8d3 3df0 	ldr.w	r3, [r3, #3568]	@ 0xdf0
10002b6a:	07dd      	lsls	r5, r3, #31
10002b6c:	d52a      	bpl.n	10002bc4 <tud_task_ext+0x170>
10002b6e:	be00      	bkpt	0x0000
10002b70:	e028      	b.n	10002bc4 <tud_task_ext+0x170>
10002b72:	2b40      	cmp	r3, #64	@ 0x40
10002b74:	d10b      	bne.n	10002b8e <tud_task_ext+0x13a>
10002b76:	4860      	ldr	r0, [pc, #384]	@ (10002cf8 <tud_task_ext+0x2a4>)
10002b78:	f000 fb1a 	bl	100031b0 <usbd_control_set_complete_callback>
10002b7c:	2101      	movs	r1, #1
10002b7e:	4628      	mov	r0, r5
10002b80:	aa04      	add	r2, sp, #16
10002b82:	f7ff f9b9 	bl	10001ef8 <tud_vendor_control_xfer_cb>
10002b86:	2800      	cmp	r0, #0
10002b88:	f47f af6d 	bne.w	10002a66 <tud_task_ext+0x12>
10002b8c:	e01a      	b.n	10002bc4 <tud_task_ext+0x170>
10002b8e:	f002 021f 	and.w	r2, r2, #31
10002b92:	2a01      	cmp	r2, #1
10002b94:	f000 8191 	beq.w	10002eba <tud_task_ext+0x466>
10002b98:	2a02      	cmp	r2, #2
10002b9a:	f000 81c5 	beq.w	10002f28 <tud_task_ext+0x4d4>
10002b9e:	2a00      	cmp	r2, #0
10002ba0:	d1df      	bne.n	10002b62 <tud_task_ext+0x10e>
10002ba2:	2b20      	cmp	r3, #32
10002ba4:	d125      	bne.n	10002bf2 <tud_task_ext+0x19e>
10002ba6:	f89d 3014 	ldrb.w	r3, [sp, #20]
10002baa:	2b0f      	cmp	r3, #15
10002bac:	d80a      	bhi.n	10002bc4 <tud_task_ext+0x170>
10002bae:	4a53      	ldr	r2, [pc, #332]	@ (10002cfc <tud_task_ext+0x2a8>)
10002bb0:	4423      	add	r3, r4
10002bb2:	791b      	ldrb	r3, [r3, #4]
10002bb4:	7812      	ldrb	r2, [r2, #0]
10002bb6:	4293      	cmp	r3, r2
10002bb8:	d20f      	bcs.n	10002bda <tud_task_ext+0x186>
10002bba:	4a51      	ldr	r2, [pc, #324]	@ (10002d00 <tud_task_ext+0x2ac>)
10002bbc:	6811      	ldr	r1, [r2, #0]
10002bbe:	eb11 1143 	adds.w	r1, r1, r3, lsl #5
10002bc2:	d111      	bne.n	10002be8 <tud_task_ext+0x194>
10002bc4:	f89d 000c 	ldrb.w	r0, [sp, #12]
10002bc8:	2100      	movs	r1, #0
10002bca:	f7ff fd15 	bl	100025f8 <dcd_edpt_stall>
10002bce:	2180      	movs	r1, #128	@ 0x80
10002bd0:	f89d 000c 	ldrb.w	r0, [sp, #12]
10002bd4:	f7ff fd10 	bl	100025f8 <dcd_edpt_stall>
10002bd8:	e745      	b.n	10002a66 <tud_task_ext+0x12>
10002bda:	1c51      	adds	r1, r2, #1
10002bdc:	4299      	cmp	r1, r3
10002bde:	dbf1      	blt.n	10002bc4 <tud_task_ext+0x170>
10002be0:	4948      	ldr	r1, [pc, #288]	@ (10002d04 <tud_task_ext+0x2b0>)
10002be2:	1a9b      	subs	r3, r3, r2
10002be4:	eb01 1143 	add.w	r1, r1, r3, lsl #5
10002be8:	aa04      	add	r2, sp, #16
10002bea:	4628      	mov	r0, r5
10002bec:	f7ff fdae 	bl	1000274c <invoke_class_control>
10002bf0:	e7c9      	b.n	10002b86 <tud_task_ext+0x132>
10002bf2:	2b00      	cmp	r3, #0
10002bf4:	d1b5      	bne.n	10002b62 <tud_task_ext+0x10e>
10002bf6:	f89d 3011 	ldrb.w	r3, [sp, #17]
10002bfa:	2b09      	cmp	r3, #9
10002bfc:	d8b1      	bhi.n	10002b62 <tud_task_ext+0x10e>
10002bfe:	a201      	add	r2, pc, #4	@ (adr r2, 10002c04 <tud_task_ext+0x1b0>)
10002c00:	f852 f023 	ldr.w	pc, [r2, r3, lsl #2]
10002c04:	10002e99 	.word	0x10002e99
10002c08:	10002e87 	.word	0x10002e87
10002c0c:	10002b63 	.word	0x10002b63
10002c10:	10002e73 	.word	0x10002e73
10002c14:	10002b63 	.word	0x10002b63
10002c18:	10002c2d 	.word	0x10002c2d
10002c1c:	10002dcb 	.word	0x10002dcb
10002c20:	10002b63 	.word	0x10002b63
10002c24:	10002c47 	.word	0x10002c47
10002c28:	10002c51 	.word	0x10002c51
10002c2c:	a804      	add	r0, sp, #16
10002c2e:	f000 fac5 	bl	100031bc <usbd_control_set_request>
10002c32:	4628      	mov	r0, r5
10002c34:	f89d 1012 	ldrb.w	r1, [sp, #18]
10002c38:	f7ff fc7a 	bl	10002530 <dcd_set_address>
10002c3c:	7823      	ldrb	r3, [r4, #0]
10002c3e:	f043 0302 	orr.w	r3, r3, #2
10002c42:	7023      	strb	r3, [r4, #0]
10002c44:	e70f      	b.n	10002a66 <tud_task_ext+0x12>
10002c46:	7863      	ldrb	r3, [r4, #1]
10002c48:	f88d 300a 	strb.w	r3, [sp, #10]
10002c4c:	2301      	movs	r3, #1
10002c4e:	e12d      	b.n	10002eac <tud_task_ext+0x458>
10002c50:	f89d 6012 	ldrb.w	r6, [sp, #18]
10002c54:	7863      	ldrb	r3, [r4, #1]
10002c56:	429e      	cmp	r6, r3
10002c58:	d041      	beq.n	10002cde <tud_task_ext+0x28a>
10002c5a:	7863      	ldrb	r3, [r4, #1]
10002c5c:	b15b      	cbz	r3, 10002c76 <tud_task_ext+0x222>
10002c5e:	2100      	movs	r1, #0
10002c60:	4628      	mov	r0, r5
10002c62:	f7ff fc6d 	bl	10002540 <dcd_sof_enable>
10002c66:	4628      	mov	r0, r5
10002c68:	f7ff fcb2 	bl	100025d0 <dcd_edpt_close_all>
10002c6c:	78a7      	ldrb	r7, [r4, #2]
10002c6e:	4628      	mov	r0, r5
10002c70:	f7ff fd2a 	bl	100026c8 <configuration_reset>
10002c74:	70a7      	strb	r7, [r4, #2]
10002c76:	7066      	strb	r6, [r4, #1]
10002c78:	2e00      	cmp	r6, #0
10002c7a:	f000 80a3 	beq.w	10002dc4 <tud_task_ext+0x370>
10002c7e:	1e70      	subs	r0, r6, #1
10002c80:	b2c0      	uxtb	r0, r0
10002c82:	f7ff fb5d 	bl	10002340 <tud_descriptor_configuration_cb>
10002c86:	b110      	cbz	r0, 10002c8e <tud_task_ext+0x23a>
10002c88:	7843      	ldrb	r3, [r0, #1]
10002c8a:	2b02      	cmp	r3, #2
10002c8c:	d010      	beq.n	10002cb0 <tud_task_ext+0x25c>
10002c8e:	f04f 23e0 	mov.w	r3, #3758153728	@ 0xe000e000
10002c92:	f8d3 3df0 	ldr.w	r3, [r3, #3568]	@ 0xdf0
10002c96:	07db      	lsls	r3, r3, #31
10002c98:	f100 8092 	bmi.w	10002dc0 <tud_task_ext+0x36c>
10002c9c:	f04f 23e0 	mov.w	r3, #3758153728	@ 0xe000e000
10002ca0:	f8d3 3df0 	ldr.w	r3, [r3, #3568]	@ 0xdf0
10002ca4:	07df      	lsls	r7, r3, #31
10002ca6:	d500      	bpl.n	10002caa <tud_task_ext+0x256>
10002ca8:	be00      	bkpt	0x0000
10002caa:	2300      	movs	r3, #0
10002cac:	7063      	strb	r3, [r4, #1]
10002cae:	e789      	b.n	10002bc4 <tud_task_ext+0x170>
10002cb0:	79c3      	ldrb	r3, [r0, #7]
10002cb2:	f100 0609 	add.w	r6, r0, #9
10002cb6:	f3c3 1280 	ubfx	r2, r3, #6, #1
10002cba:	f3c3 1340 	ubfx	r3, r3, #5, #1
10002cbe:	011b      	lsls	r3, r3, #4
10002cc0:	ea43 1342 	orr.w	r3, r3, r2, lsl #5
10002cc4:	7822      	ldrb	r2, [r4, #0]
10002cc6:	f022 0230 	bic.w	r2, r2, #48	@ 0x30
10002cca:	4313      	orrs	r3, r2
10002ccc:	7023      	strb	r3, [r4, #0]
10002cce:	8843      	ldrh	r3, [r0, #2]
10002cd0:	18c3      	adds	r3, r0, r3
10002cd2:	9300      	str	r3, [sp, #0]
10002cd4:	9b00      	ldr	r3, [sp, #0]
10002cd6:	42b3      	cmp	r3, r6
10002cd8:	d816      	bhi.n	10002d08 <tud_task_ext+0x2b4>
10002cda:	f7ff fd4b 	bl	10002774 <tud_mount_cb>
10002cde:	4628      	mov	r0, r5
10002ce0:	a904      	add	r1, sp, #16
10002ce2:	f000 fa21 	bl	10003128 <tud_control_status>
10002ce6:	e6be      	b.n	10002a66 <tud_task_ext+0x12>
10002ce8:	2000ddb8 	.word	0x2000ddb8
10002cec:	2000e0fc 	.word	0x2000e0fc
10002cf0:	2000e9e8 	.word	0x2000e9e8
10002cf4:	2000e8d4 	.word	0x2000e8d4
10002cf8:	10001ef9 	.word	0x10001ef9
10002cfc:	2000e8af 	.word	0x2000e8af
10002d00:	2000df50 	.word	0x2000df50
10002d04:	1000469c 	.word	0x1000469c
10002d08:	7873      	ldrb	r3, [r6, #1]
10002d0a:	2b0b      	cmp	r3, #11
10002d0c:	bf02      	ittt	eq
10002d0e:	7833      	ldrbeq	r3, [r6, #0]
10002d10:	f896 a003 	ldrbeq.w	sl, [r6, #3]
10002d14:	18f6      	addeq	r6, r6, r3
10002d16:	7873      	ldrb	r3, [r6, #1]
10002d18:	bf18      	it	ne
10002d1a:	f04f 0a01 	movne.w	sl, #1
10002d1e:	2b04      	cmp	r3, #4
10002d20:	d1b5      	bne.n	10002c8e <tud_task_ext+0x23a>
10002d22:	f04f 0b00 	mov.w	fp, #0
10002d26:	9b00      	ldr	r3, [sp, #0]
10002d28:	1b9b      	subs	r3, r3, r6
10002d2a:	b29b      	uxth	r3, r3
10002d2c:	4aa7      	ldr	r2, [pc, #668]	@ (10002fcc <tud_task_ext+0x578>)
10002d2e:	fa5f f88b 	uxtb.w	r8, fp
10002d32:	7817      	ldrb	r7, [r2, #0]
10002d34:	1c7a      	adds	r2, r7, #1
10002d36:	4590      	cmp	r8, r2
10002d38:	dca9      	bgt.n	10002c8e <tud_task_ext+0x23a>
10002d3a:	4547      	cmp	r7, r8
10002d3c:	d92b      	bls.n	10002d96 <tud_task_ext+0x342>
10002d3e:	4aa4      	ldr	r2, [pc, #656]	@ (10002fd0 <tud_task_ext+0x57c>)
10002d40:	6817      	ldr	r7, [r2, #0]
10002d42:	eb17 1748 	adds.w	r7, r7, r8, lsl #5
10002d46:	d0a2      	beq.n	10002c8e <tud_task_ext+0x23a>
10002d48:	461a      	mov	r2, r3
10002d4a:	9301      	str	r3, [sp, #4]
10002d4c:	4631      	mov	r1, r6
10002d4e:	693b      	ldr	r3, [r7, #16]
10002d50:	4628      	mov	r0, r5
10002d52:	4798      	blx	r3
10002d54:	2808      	cmp	r0, #8
10002d56:	4602      	mov	r2, r0
10002d58:	9b01      	ldr	r3, [sp, #4]
10002d5a:	d92e      	bls.n	10002dba <tud_task_ext+0x366>
10002d5c:	4283      	cmp	r3, r0
10002d5e:	d32c      	bcc.n	10002dba <tud_task_ext+0x366>
10002d60:	f1ba 0f01 	cmp.w	sl, #1
10002d64:	d105      	bne.n	10002d72 <tud_task_ext+0x31e>
10002d66:	6939      	ldr	r1, [r7, #16]
10002d68:	4b9a      	ldr	r3, [pc, #616]	@ (10002fd4 <tud_task_ext+0x580>)
10002d6a:	4299      	cmp	r1, r3
10002d6c:	bf08      	it	eq
10002d6e:	f04f 0a02 	moveq.w	sl, #2
10002d72:	2100      	movs	r1, #0
10002d74:	b2cb      	uxtb	r3, r1
10002d76:	459a      	cmp	sl, r3
10002d78:	d813      	bhi.n	10002da2 <tud_task_ext+0x34e>
10002d7a:	4643      	mov	r3, r8
10002d7c:	4631      	mov	r1, r6
10002d7e:	4896      	ldr	r0, [pc, #600]	@ (10002fd8 <tud_task_ext+0x584>)
10002d80:	9201      	str	r2, [sp, #4]
10002d82:	f000 fe86 	bl	10003a92 <tu_edpt_bind_driver>
10002d86:	4b91      	ldr	r3, [pc, #580]	@ (10002fcc <tud_task_ext+0x578>)
10002d88:	9a01      	ldr	r2, [sp, #4]
10002d8a:	781b      	ldrb	r3, [r3, #0]
10002d8c:	4416      	add	r6, r2
10002d8e:	3301      	adds	r3, #1
10002d90:	4598      	cmp	r8, r3
10002d92:	dd9f      	ble.n	10002cd4 <tud_task_ext+0x280>
10002d94:	e77b      	b.n	10002c8e <tud_task_ext+0x23a>
10002d96:	4a91      	ldr	r2, [pc, #580]	@ (10002fdc <tud_task_ext+0x588>)
10002d98:	eba8 0707 	sub.w	r7, r8, r7
10002d9c:	eb02 1747 	add.w	r7, r2, r7, lsl #5
10002da0:	e7d2      	b.n	10002d48 <tud_task_ext+0x2f4>
10002da2:	78b0      	ldrb	r0, [r6, #2]
10002da4:	4403      	add	r3, r0
10002da6:	fa54 f383 	uxtab	r3, r4, r3
10002daa:	7918      	ldrb	r0, [r3, #4]
10002dac:	28ff      	cmp	r0, #255	@ 0xff
10002dae:	f47f af6e 	bne.w	10002c8e <tud_task_ext+0x23a>
10002db2:	3101      	adds	r1, #1
10002db4:	f883 8004 	strb.w	r8, [r3, #4]
10002db8:	e7dc      	b.n	10002d74 <tud_task_ext+0x320>
10002dba:	f10b 0b01 	add.w	fp, fp, #1
10002dbe:	e7b5      	b.n	10002d2c <tud_task_ext+0x2d8>
10002dc0:	be00      	bkpt	0x0000
10002dc2:	e76b      	b.n	10002c9c <tud_task_ext+0x248>
10002dc4:	f7ff fcd7 	bl	10002776 <tud_umount_cb>
10002dc8:	e789      	b.n	10002cde <tud_task_ext+0x28a>
10002dca:	f8bd 0012 	ldrh.w	r0, [sp, #18]
10002dce:	0a03      	lsrs	r3, r0, #8
10002dd0:	1e5a      	subs	r2, r3, #1
10002dd2:	b2c0      	uxtb	r0, r0
10002dd4:	2a0e      	cmp	r2, #14
10002dd6:	f63f aef5 	bhi.w	10002bc4 <tud_task_ext+0x170>
10002dda:	a101      	add	r1, pc, #4	@ (adr r1, 10002de0 <tud_task_ext+0x38c>)
10002ddc:	f851 f022 	ldr.w	pc, [r1, r2, lsl #2]
10002de0:	10002e1d 	.word	0x10002e1d
10002de4:	10002e3f 	.word	0x10002e3f
10002de8:	10002e59 	.word	0x10002e59
10002dec:	10002bc5 	.word	0x10002bc5
10002df0:	10002bc5 	.word	0x10002bc5
10002df4:	10002e6d 	.word	0x10002e6d
10002df8:	10002e3f 	.word	0x10002e3f
10002dfc:	10002bc5 	.word	0x10002bc5
10002e00:	10002bc5 	.word	0x10002bc5
10002e04:	10002bc5 	.word	0x10002bc5
10002e08:	10002bc5 	.word	0x10002bc5
10002e0c:	10002bc5 	.word	0x10002bc5
10002e10:	10002bc5 	.word	0x10002bc5
10002e14:	10002bc5 	.word	0x10002bc5
10002e18:	10002e35 	.word	0x10002e35
10002e1c:	f7ff fa8c 	bl	10002338 <tud_descriptor_device_cb>
10002e20:	4602      	mov	r2, r0
10002e22:	2800      	cmp	r0, #0
10002e24:	f43f ae9d 	beq.w	10002b62 <tud_task_ext+0x10e>
10002e28:	2312      	movs	r3, #18
10002e2a:	4628      	mov	r0, r5
10002e2c:	a904      	add	r1, sp, #16
10002e2e:	f000 f98d 	bl	1000314c <tud_control_xfer>
10002e32:	e6a8      	b.n	10002b86 <tud_task_ext+0x132>
10002e34:	f7ff f85c 	bl	10001ef0 <tud_descriptor_bos_cb>
10002e38:	4602      	mov	r2, r0
10002e3a:	b940      	cbnz	r0, 10002e4e <tud_task_ext+0x3fa>
10002e3c:	e6c2      	b.n	10002bc4 <tud_task_ext+0x170>
10002e3e:	2b02      	cmp	r3, #2
10002e40:	d107      	bne.n	10002e52 <tud_task_ext+0x3fe>
10002e42:	f7ff fa7d 	bl	10002340 <tud_descriptor_configuration_cb>
10002e46:	4602      	mov	r2, r0
10002e48:	2800      	cmp	r0, #0
10002e4a:	f43f ae8a 	beq.w	10002b62 <tud_task_ext+0x10e>
10002e4e:	8853      	ldrh	r3, [r2, #2]
10002e50:	e7eb      	b.n	10002e2a <tud_task_ext+0x3d6>
10002e52:	f7ff fc8d 	bl	10002770 <tud_descriptor_other_speed_configuration_cb>
10002e56:	e7ef      	b.n	10002e38 <tud_task_ext+0x3e4>
10002e58:	f8bd 1014 	ldrh.w	r1, [sp, #20]
10002e5c:	f7ff fa74 	bl	10002348 <tud_descriptor_string_cb>
10002e60:	4602      	mov	r2, r0
10002e62:	2800      	cmp	r0, #0
10002e64:	f43f aeae 	beq.w	10002bc4 <tud_task_ext+0x170>
10002e68:	7803      	ldrb	r3, [r0, #0]
10002e6a:	e7de      	b.n	10002e2a <tud_task_ext+0x3d6>
10002e6c:	f7ff fc7e 	bl	1000276c <tud_descriptor_device_qualifier_cb>
10002e70:	e7f6      	b.n	10002e60 <tud_task_ext+0x40c>
10002e72:	f8bd 3012 	ldrh.w	r3, [sp, #18]
10002e76:	2b01      	cmp	r3, #1
10002e78:	f47f aea4 	bne.w	10002bc4 <tud_task_ext+0x170>
10002e7c:	7823      	ldrb	r3, [r4, #0]
10002e7e:	f043 0308 	orr.w	r3, r3, #8
10002e82:	7023      	strb	r3, [r4, #0]
10002e84:	e72b      	b.n	10002cde <tud_task_ext+0x28a>
10002e86:	f8bd 3012 	ldrh.w	r3, [sp, #18]
10002e8a:	2b01      	cmp	r3, #1
10002e8c:	f47f ae9a 	bne.w	10002bc4 <tud_task_ext+0x170>
10002e90:	7823      	ldrb	r3, [r4, #0]
10002e92:	f023 0308 	bic.w	r3, r3, #8
10002e96:	e7f4      	b.n	10002e82 <tud_task_ext+0x42e>
10002e98:	7823      	ldrb	r3, [r4, #0]
10002e9a:	f3c3 1240 	ubfx	r2, r3, #5, #1
10002e9e:	089b      	lsrs	r3, r3, #2
10002ea0:	f003 0302 	and.w	r3, r3, #2
10002ea4:	4313      	orrs	r3, r2
10002ea6:	f8ad 300a 	strh.w	r3, [sp, #10]
10002eaa:	2302      	movs	r3, #2
10002eac:	4628      	mov	r0, r5
10002eae:	f10d 020a 	add.w	r2, sp, #10
10002eb2:	a904      	add	r1, sp, #16
10002eb4:	f000 f94a 	bl	1000314c <tud_control_xfer>
10002eb8:	e5d5      	b.n	10002a66 <tud_task_ext+0x12>
10002eba:	f89d 3014 	ldrb.w	r3, [sp, #20]
10002ebe:	2b0f      	cmp	r3, #15
10002ec0:	f63f ae80 	bhi.w	10002bc4 <tud_task_ext+0x170>
10002ec4:	4a41      	ldr	r2, [pc, #260]	@ (10002fcc <tud_task_ext+0x578>)
10002ec6:	4423      	add	r3, r4
10002ec8:	791b      	ldrb	r3, [r3, #4]
10002eca:	7812      	ldrb	r2, [r2, #0]
10002ecc:	4293      	cmp	r3, r2
10002ece:	d222      	bcs.n	10002f16 <tud_task_ext+0x4c2>
10002ed0:	4a3f      	ldr	r2, [pc, #252]	@ (10002fd0 <tud_task_ext+0x57c>)
10002ed2:	6811      	ldr	r1, [r2, #0]
10002ed4:	eb11 1143 	adds.w	r1, r1, r3, lsl #5
10002ed8:	f43f ae74 	beq.w	10002bc4 <tud_task_ext+0x170>
10002edc:	4628      	mov	r0, r5
10002ede:	aa04      	add	r2, sp, #16
10002ee0:	f7ff fc34 	bl	1000274c <invoke_class_control>
10002ee4:	2800      	cmp	r0, #0
10002ee6:	f47f adbe 	bne.w	10002a66 <tud_task_ext+0x12>
10002eea:	f89d 3010 	ldrb.w	r3, [sp, #16]
10002eee:	f013 0460 	ands.w	r4, r3, #96	@ 0x60
10002ef2:	f47f ae67 	bne.w	10002bc4 <tud_task_ext+0x170>
10002ef6:	f89d 3011 	ldrb.w	r3, [sp, #17]
10002efa:	3b0a      	subs	r3, #10
10002efc:	2b01      	cmp	r3, #1
10002efe:	f63f ae61 	bhi.w	10002bc4 <tud_task_ext+0x170>
10002f02:	f000 f955 	bl	100031b0 <usbd_control_set_complete_callback>
10002f06:	f89d 3011 	ldrb.w	r3, [sp, #17]
10002f0a:	2b0a      	cmp	r3, #10
10002f0c:	f47f aee7 	bne.w	10002cde <tud_task_ext+0x28a>
10002f10:	f88d 400a 	strb.w	r4, [sp, #10]
10002f14:	e69a      	b.n	10002c4c <tud_task_ext+0x1f8>
10002f16:	1c51      	adds	r1, r2, #1
10002f18:	4299      	cmp	r1, r3
10002f1a:	f6ff ae53 	blt.w	10002bc4 <tud_task_ext+0x170>
10002f1e:	492f      	ldr	r1, [pc, #188]	@ (10002fdc <tud_task_ext+0x588>)
10002f20:	1a9b      	subs	r3, r3, r2
10002f22:	eb01 1143 	add.w	r1, r1, r3, lsl #5
10002f26:	e7d9      	b.n	10002edc <tud_task_ext+0x488>
10002f28:	f89d 1014 	ldrb.w	r1, [sp, #20]
10002f2c:	f011 0f70 	tst.w	r1, #112	@ 0x70
10002f30:	f47f ae17 	bne.w	10002b62 <tud_task_ext+0x10e>
10002f34:	f001 027f 	and.w	r2, r1, #127	@ 0x7f
10002f38:	4824      	ldr	r0, [pc, #144]	@ (10002fcc <tud_task_ext+0x578>)
10002f3a:	eb04 0242 	add.w	r2, r4, r2, lsl #1
10002f3e:	eb02 12d1 	add.w	r2, r2, r1, lsr #7
10002f42:	7d12      	ldrb	r2, [r2, #20]
10002f44:	7800      	ldrb	r0, [r0, #0]
10002f46:	4282      	cmp	r2, r0
10002f48:	d213      	bcs.n	10002f72 <tud_task_ext+0x51e>
10002f4a:	4821      	ldr	r0, [pc, #132]	@ (10002fd0 <tud_task_ext+0x57c>)
10002f4c:	6806      	ldr	r6, [r0, #0]
10002f4e:	eb06 1642 	add.w	r6, r6, r2, lsl #5
10002f52:	b9db      	cbnz	r3, 10002f8c <tud_task_ext+0x538>
10002f54:	f89d 3011 	ldrb.w	r3, [sp, #17]
10002f58:	f003 02fd 	and.w	r2, r3, #253	@ 0xfd
10002f5c:	2a01      	cmp	r2, #1
10002f5e:	d019      	beq.n	10002f94 <tud_task_ext+0x540>
10002f60:	2b00      	cmp	r3, #0
10002f62:	f47f adfe 	bne.w	10002b62 <tud_task_ext+0x10e>
10002f66:	4628      	mov	r0, r5
10002f68:	f7ff fd66 	bl	10002a38 <usbd_edpt_stalled>
10002f6c:	f8ad 000a 	strh.w	r0, [sp, #10]
10002f70:	e79b      	b.n	10002eaa <tud_task_ext+0x456>
10002f72:	1c46      	adds	r6, r0, #1
10002f74:	4296      	cmp	r6, r2
10002f76:	f2c0 8099 	blt.w	100030ac <tud_task_ext+0x658>
10002f7a:	4e18      	ldr	r6, [pc, #96]	@ (10002fdc <tud_task_ext+0x588>)
10002f7c:	1a12      	subs	r2, r2, r0
10002f7e:	eb06 1642 	add.w	r6, r6, r2, lsl #5
10002f82:	2b00      	cmp	r3, #0
10002f84:	d0e6      	beq.n	10002f54 <tud_task_ext+0x500>
10002f86:	4631      	mov	r1, r6
10002f88:	aa04      	add	r2, sp, #16
10002f8a:	e62e      	b.n	10002bea <tud_task_ext+0x196>
10002f8c:	2e00      	cmp	r6, #0
10002f8e:	f43f ae19 	beq.w	10002bc4 <tud_task_ext+0x170>
10002f92:	e7f8      	b.n	10002f86 <tud_task_ext+0x532>
10002f94:	f8bd 2012 	ldrh.w	r2, [sp, #18]
10002f98:	b922      	cbnz	r2, 10002fa4 <tud_task_ext+0x550>
10002f9a:	2b01      	cmp	r3, #1
10002f9c:	4628      	mov	r0, r5
10002f9e:	d112      	bne.n	10002fc6 <tud_task_ext+0x572>
10002fa0:	f7ff fd2c 	bl	100029fc <usbd_edpt_clear_stall>
10002fa4:	2e00      	cmp	r6, #0
10002fa6:	f43f ad5e 	beq.w	10002a66 <tud_task_ext+0x12>
10002faa:	4631      	mov	r1, r6
10002fac:	aa04      	add	r2, sp, #16
10002fae:	4628      	mov	r0, r5
10002fb0:	f7ff fbcc 	bl	1000274c <invoke_class_control>
10002fb4:	2000      	movs	r0, #0
10002fb6:	f000 f8fb 	bl	100031b0 <usbd_control_set_complete_callback>
10002fba:	f894 3035 	ldrb.w	r3, [r4, #53]	@ 0x35
10002fbe:	07de      	lsls	r6, r3, #31
10002fc0:	f53f ad51 	bmi.w	10002a66 <tud_task_ext+0x12>
10002fc4:	e68b      	b.n	10002cde <tud_task_ext+0x28a>
10002fc6:	f7ff fcfb 	bl	100029c0 <usbd_edpt_stall>
10002fca:	e7eb      	b.n	10002fa4 <tud_task_ext+0x550>
10002fcc:	2000e8af 	.word	0x2000e8af
10002fd0:	2000df50 	.word	0x2000df50
10002fd4:	100034f9 	.word	0x100034f9
10002fd8:	2000e8e8 	.word	0x2000e8e8
10002fdc:	1000469c 	.word	0x1000469c
10002fe0:	f89d 1010 	ldrb.w	r1, [sp, #16]
10002fe4:	f001 047f 	and.w	r4, r1, #127	@ 0x7f
10002fe8:	eb09 0244 	add.w	r2, r9, r4, lsl #1
10002fec:	eb02 12d1 	add.w	r2, r2, r1, lsr #7
10002ff0:	f892 3034 	ldrb.w	r3, [r2, #52]	@ 0x34
10002ff4:	f023 0301 	bic.w	r3, r3, #1
10002ff8:	f882 3034 	strb.w	r3, [r2, #52]	@ 0x34
10002ffc:	f892 3034 	ldrb.w	r3, [r2, #52]	@ 0x34
10003000:	f023 0304 	bic.w	r3, r3, #4
10003004:	f882 3034 	strb.w	r3, [r2, #52]	@ 0x34
10003008:	b93c      	cbnz	r4, 1000301a <tud_task_ext+0x5c6>
1000300a:	9b05      	ldr	r3, [sp, #20]
1000300c:	f89d 2011 	ldrb.w	r2, [sp, #17]
10003010:	f89d 000c 	ldrb.w	r0, [sp, #12]
10003014:	f000 f8de 	bl	100031d4 <usbd_control_xfer_cb>
10003018:	e525      	b.n	10002a66 <tud_task_ext+0x12>
1000301a:	4b27      	ldr	r3, [pc, #156]	@ (100030b8 <tud_task_ext+0x664>)
1000301c:	7d12      	ldrb	r2, [r2, #20]
1000301e:	781b      	ldrb	r3, [r3, #0]
10003020:	429a      	cmp	r2, r3
10003022:	d20d      	bcs.n	10003040 <tud_task_ext+0x5ec>
10003024:	4b25      	ldr	r3, [pc, #148]	@ (100030bc <tud_task_ext+0x668>)
10003026:	681b      	ldr	r3, [r3, #0]
10003028:	eb13 1342 	adds.w	r3, r3, r2, lsl #5
1000302c:	f43f ad60 	beq.w	10002af0 <tud_task_ext+0x9c>
10003030:	699c      	ldr	r4, [r3, #24]
10003032:	f89d 2011 	ldrb.w	r2, [sp, #17]
10003036:	9b05      	ldr	r3, [sp, #20]
10003038:	f89d 000c 	ldrb.w	r0, [sp, #12]
1000303c:	47a0      	blx	r4
1000303e:	e512      	b.n	10002a66 <tud_task_ext+0x12>
10003040:	1c58      	adds	r0, r3, #1
10003042:	4290      	cmp	r0, r2
10003044:	f6ff ad54 	blt.w	10002af0 <tud_task_ext+0x9c>
10003048:	1ad2      	subs	r2, r2, r3
1000304a:	4b1d      	ldr	r3, [pc, #116]	@ (100030c0 <tud_task_ext+0x66c>)
1000304c:	eb03 1342 	add.w	r3, r3, r2, lsl #5
10003050:	e7ee      	b.n	10003030 <tud_task_ext+0x5dc>
10003052:	f899 3000 	ldrb.w	r3, [r9]
10003056:	07d8      	lsls	r0, r3, #31
10003058:	f57f ad05 	bpl.w	10002a66 <tud_task_ext+0x12>
1000305c:	f899 0000 	ldrb.w	r0, [r9]
10003060:	f3c0 00c0 	ubfx	r0, r0, #3, #1
10003064:	f7ff fb88 	bl	10002778 <tud_suspend_cb>
10003068:	e4fd      	b.n	10002a66 <tud_task_ext+0x12>
1000306a:	f899 3000 	ldrb.w	r3, [r9]
1000306e:	07d9      	lsls	r1, r3, #31
10003070:	f57f acf9 	bpl.w	10002a66 <tud_task_ext+0x12>
10003074:	f7ff fb81 	bl	1000277a <tud_resume_cb>
10003078:	e4f5      	b.n	10002a66 <tud_task_ext+0x12>
1000307a:	9b04      	ldr	r3, [sp, #16]
1000307c:	2b00      	cmp	r3, #0
1000307e:	f43f acf2 	beq.w	10002a66 <tud_task_ext+0x12>
10003082:	9805      	ldr	r0, [sp, #20]
10003084:	4798      	blx	r3
10003086:	e4ee      	b.n	10002a66 <tud_task_ext+0x12>
10003088:	f899 3003 	ldrb.w	r3, [r9, #3]
1000308c:	07da      	lsls	r2, r3, #31
1000308e:	f57f acea 	bpl.w	10002a66 <tud_task_ext+0x12>
10003092:	9804      	ldr	r0, [sp, #16]
10003094:	f7ff fb69 	bl	1000276a <tud_sof_cb>
10003098:	e4e5      	b.n	10002a66 <tud_task_ext+0x12>
1000309a:	f04f 23e0 	mov.w	r3, #3758153728	@ 0xe000e000
1000309e:	f8d3 3df0 	ldr.w	r3, [r3, #3568]	@ 0xdf0
100030a2:	07db      	lsls	r3, r3, #31
100030a4:	f57f acdf 	bpl.w	10002a66 <tud_task_ext+0x12>
100030a8:	be00      	bkpt	0x0000
100030aa:	e4dc      	b.n	10002a66 <tud_task_ext+0x12>
100030ac:	2b00      	cmp	r3, #0
100030ae:	f47f ad89 	bne.w	10002bc4 <tud_task_ext+0x170>
100030b2:	461e      	mov	r6, r3
100030b4:	e74e      	b.n	10002f54 <tud_task_ext+0x500>
100030b6:	bf00      	nop
100030b8:	2000e8af 	.word	0x2000e8af
100030bc:	2000df50 	.word	0x2000df50
100030c0:	1000469c 	.word	0x1000469c

100030c4 <data_stage_xact>:
100030c4:	4b12      	ldr	r3, [pc, #72]	@ (10003110 <data_stage_xact+0x4c>)
100030c6:	b570      	push	{r4, r5, r6, lr}
100030c8:	8999      	ldrh	r1, [r3, #12]
100030ca:	89da      	ldrh	r2, [r3, #14]
100030cc:	4605      	mov	r5, r0
100030ce:	1a8c      	subs	r4, r1, r2
100030d0:	b2a4      	uxth	r4, r4
100030d2:	f993 0000 	ldrsb.w	r0, [r3]
100030d6:	2c40      	cmp	r4, #64	@ 0x40
100030d8:	bf28      	it	cs
100030da:	2440      	movcs	r4, #64	@ 0x40
100030dc:	2800      	cmp	r0, #0
100030de:	da0e      	bge.n	100030fe <data_stage_xact+0x3a>
100030e0:	4291      	cmp	r1, r2
100030e2:	d012      	beq.n	1000310a <data_stage_xact+0x46>
100030e4:	6899      	ldr	r1, [r3, #8]
100030e6:	4622      	mov	r2, r4
100030e8:	480a      	ldr	r0, [pc, #40]	@ (10003114 <data_stage_xact+0x50>)
100030ea:	f001 f82b 	bl	10004144 <memcpy>
100030ee:	2180      	movs	r1, #128	@ 0x80
100030f0:	4a08      	ldr	r2, [pc, #32]	@ (10003114 <data_stage_xact+0x50>)
100030f2:	4623      	mov	r3, r4
100030f4:	4628      	mov	r0, r5
100030f6:	e8bd 4070 	ldmia.w	sp!, {r4, r5, r6, lr}
100030fa:	f7ff bc33 	b.w	10002964 <usbd_edpt_xfer>
100030fe:	4291      	cmp	r1, r2
10003100:	f04f 0100 	mov.w	r1, #0
10003104:	d1f4      	bne.n	100030f0 <data_stage_xact+0x2c>
10003106:	460a      	mov	r2, r1
10003108:	e7f3      	b.n	100030f2 <data_stage_xact+0x2e>
1000310a:	2180      	movs	r1, #128	@ 0x80
1000310c:	2200      	movs	r2, #0
1000310e:	e7f0      	b.n	100030f2 <data_stage_xact+0x2e>
10003110:	2000e0dc 	.word	0x2000e0dc
10003114:	2000e09c 	.word	0x2000e09c

10003118 <status_stage_xact.isra.0>:
10003118:	43c9      	mvns	r1, r1
1000311a:	2300      	movs	r3, #0
1000311c:	f001 0180 	and.w	r1, r1, #128	@ 0x80
10003120:	461a      	mov	r2, r3
10003122:	f7ff bc1f 	b.w	10002964 <usbd_edpt_xfer>
	...

10003128 <tud_control_status>:
10003128:	b430      	push	{r4, r5}
1000312a:	4c07      	ldr	r4, [pc, #28]	@ (10003148 <tud_control_status+0x20>)
1000312c:	4605      	mov	r5, r0
1000312e:	4623      	mov	r3, r4
10003130:	6808      	ldr	r0, [r1, #0]
10003132:	460a      	mov	r2, r1
10003134:	6849      	ldr	r1, [r1, #4]
10003136:	c303      	stmia	r3!, {r0, r1}
10003138:	2300      	movs	r3, #0
1000313a:	4628      	mov	r0, r5
1000313c:	e9c4 3302 	strd	r3, r3, [r4, #8]
10003140:	bc30      	pop	{r4, r5}
10003142:	7811      	ldrb	r1, [r2, #0]
10003144:	f7ff bfe8 	b.w	10003118 <status_stage_xact.isra.0>
10003148:	2000e0dc 	.word	0x2000e0dc

1000314c <tud_control_xfer>:
1000314c:	b5f8      	push	{r3, r4, r5, r6, r7, lr}
1000314e:	4d13      	ldr	r5, [pc, #76]	@ (1000319c <tud_control_xfer+0x50>)
10003150:	460c      	mov	r4, r1
10003152:	462e      	mov	r6, r5
10003154:	4607      	mov	r7, r0
10003156:	6808      	ldr	r0, [r1, #0]
10003158:	6849      	ldr	r1, [r1, #4]
1000315a:	60aa      	str	r2, [r5, #8]
1000315c:	c603      	stmia	r6!, {r0, r1}
1000315e:	2100      	movs	r1, #0
10003160:	81e9      	strh	r1, [r5, #14]
10003162:	88e1      	ldrh	r1, [r4, #6]
10003164:	428b      	cmp	r3, r1
10003166:	bf28      	it	cs
10003168:	460b      	movcs	r3, r1
1000316a:	81ab      	strh	r3, [r5, #12]
1000316c:	b189      	cbz	r1, 10003192 <tud_control_xfer+0x46>
1000316e:	b14b      	cbz	r3, 10003184 <tud_control_xfer+0x38>
10003170:	b942      	cbnz	r2, 10003184 <tud_control_xfer+0x38>
10003172:	f04f 23e0 	mov.w	r3, #3758153728	@ 0xe000e000
10003176:	f8d3 3df0 	ldr.w	r3, [r3, #3568]	@ 0xdf0
1000317a:	07db      	lsls	r3, r3, #31
1000317c:	d500      	bpl.n	10003180 <tud_control_xfer+0x34>
1000317e:	be00      	bkpt	0x0000
10003180:	2000      	movs	r0, #0
10003182:	e005      	b.n	10003190 <tud_control_xfer+0x44>
10003184:	4638      	mov	r0, r7
10003186:	f7ff ff9d 	bl	100030c4 <data_stage_xact>
1000318a:	2800      	cmp	r0, #0
1000318c:	d0f1      	beq.n	10003172 <tud_control_xfer+0x26>
1000318e:	2001      	movs	r0, #1
10003190:	bdf8      	pop	{r3, r4, r5, r6, r7, pc}
10003192:	4638      	mov	r0, r7
10003194:	7821      	ldrb	r1, [r4, #0]
10003196:	f7ff ffbf 	bl	10003118 <status_stage_xact.isra.0>
1000319a:	e7f6      	b.n	1000318a <tud_control_xfer+0x3e>
1000319c:	2000e0dc 	.word	0x2000e0dc

100031a0 <usbd_control_reset>:
100031a0:	2214      	movs	r2, #20
100031a2:	2100      	movs	r1, #0
100031a4:	4801      	ldr	r0, [pc, #4]	@ (100031ac <usbd_control_reset+0xc>)
100031a6:	f000 bf89 	b.w	100040bc <memset>
100031aa:	bf00      	nop
100031ac:	2000e0dc 	.word	0x2000e0dc

100031b0 <usbd_control_set_complete_callback>:
100031b0:	4b01      	ldr	r3, [pc, #4]	@ (100031b8 <usbd_control_set_complete_callback+0x8>)
100031b2:	6118      	str	r0, [r3, #16]
100031b4:	4770      	bx	lr
100031b6:	bf00      	nop
100031b8:	2000e0dc 	.word	0x2000e0dc

100031bc <usbd_control_set_request>:
100031bc:	4601      	mov	r1, r0
100031be:	4a04      	ldr	r2, [pc, #16]	@ (100031d0 <usbd_control_set_request+0x14>)
100031c0:	6800      	ldr	r0, [r0, #0]
100031c2:	4613      	mov	r3, r2
100031c4:	6849      	ldr	r1, [r1, #4]
100031c6:	c303      	stmia	r3!, {r0, r1}
100031c8:	2300      	movs	r3, #0
100031ca:	e9c2 3302 	strd	r3, r3, [r2, #8]
100031ce:	4770      	bx	lr
100031d0:	2000e0dc 	.word	0x2000e0dc

100031d4 <usbd_control_xfer_cb>:
100031d4:	b570      	push	{r4, r5, r6, lr}
100031d6:	4c29      	ldr	r4, [pc, #164]	@ (1000327c <usbd_control_xfer_cb+0xa8>)
100031d8:	461e      	mov	r6, r3
100031da:	7823      	ldrb	r3, [r4, #0]
100031dc:	4605      	mov	r5, r0
100031de:	f3c3 13c0 	ubfx	r3, r3, #7, #1
100031e2:	ebb3 1fd1 	cmp.w	r3, r1, lsr #7
100031e6:	d013      	beq.n	10003210 <usbd_control_xfer_cb+0x3c>
100031e8:	b13e      	cbz	r6, 100031fa <usbd_control_xfer_cb+0x26>
100031ea:	f04f 23e0 	mov.w	r3, #3758153728	@ 0xe000e000
100031ee:	f8d3 3df0 	ldr.w	r3, [r3, #3568]	@ 0xdf0
100031f2:	07db      	lsls	r3, r3, #31
100031f4:	d43f      	bmi.n	10003276 <usbd_control_xfer_cb+0xa2>
100031f6:	2000      	movs	r0, #0
100031f8:	bd70      	pop	{r4, r5, r6, pc}
100031fa:	4621      	mov	r1, r4
100031fc:	f7ff f9ae 	bl	1000255c <dcd_edpt0_status_complete>
10003200:	6923      	ldr	r3, [r4, #16]
10003202:	b11b      	cbz	r3, 1000320c <usbd_control_xfer_cb+0x38>
10003204:	4622      	mov	r2, r4
10003206:	2103      	movs	r1, #3
10003208:	4628      	mov	r0, r5
1000320a:	4798      	blx	r3
1000320c:	2001      	movs	r0, #1
1000320e:	e7f3      	b.n	100031f8 <usbd_control_xfer_cb+0x24>
10003210:	f994 3000 	ldrsb.w	r3, [r4]
10003214:	2b00      	cmp	r3, #0
10003216:	db06      	blt.n	10003226 <usbd_control_xfer_cb+0x52>
10003218:	68a0      	ldr	r0, [r4, #8]
1000321a:	2800      	cmp	r0, #0
1000321c:	d0eb      	beq.n	100031f6 <usbd_control_xfer_cb+0x22>
1000321e:	4632      	mov	r2, r6
10003220:	4917      	ldr	r1, [pc, #92]	@ (10003280 <usbd_control_xfer_cb+0xac>)
10003222:	f000 ff8f 	bl	10004144 <memcpy>
10003226:	68a3      	ldr	r3, [r4, #8]
10003228:	89e1      	ldrh	r1, [r4, #14]
1000322a:	4433      	add	r3, r6
1000322c:	4431      	add	r1, r6
1000322e:	60a3      	str	r3, [r4, #8]
10003230:	88e3      	ldrh	r3, [r4, #6]
10003232:	b289      	uxth	r1, r1
10003234:	428b      	cmp	r3, r1
10003236:	81e1      	strh	r1, [r4, #14]
10003238:	d001      	beq.n	1000323e <usbd_control_xfer_cb+0x6a>
1000323a:	2e3f      	cmp	r6, #63	@ 0x3f
1000323c:	d817      	bhi.n	1000326e <usbd_control_xfer_cb+0x9a>
1000323e:	6923      	ldr	r3, [r4, #16]
10003240:	b933      	cbnz	r3, 10003250 <usbd_control_xfer_cb+0x7c>
10003242:	4628      	mov	r0, r5
10003244:	7821      	ldrb	r1, [r4, #0]
10003246:	f7ff ff67 	bl	10003118 <status_stage_xact.isra.0>
1000324a:	2800      	cmp	r0, #0
1000324c:	d1de      	bne.n	1000320c <usbd_control_xfer_cb+0x38>
1000324e:	e7cc      	b.n	100031ea <usbd_control_xfer_cb+0x16>
10003250:	2102      	movs	r1, #2
10003252:	4628      	mov	r0, r5
10003254:	4a09      	ldr	r2, [pc, #36]	@ (1000327c <usbd_control_xfer_cb+0xa8>)
10003256:	4798      	blx	r3
10003258:	4601      	mov	r1, r0
1000325a:	2800      	cmp	r0, #0
1000325c:	d1f1      	bne.n	10003242 <usbd_control_xfer_cb+0x6e>
1000325e:	4628      	mov	r0, r5
10003260:	f7ff f9ca 	bl	100025f8 <dcd_edpt_stall>
10003264:	2180      	movs	r1, #128	@ 0x80
10003266:	4628      	mov	r0, r5
10003268:	f7ff f9c6 	bl	100025f8 <dcd_edpt_stall>
1000326c:	e7ce      	b.n	1000320c <usbd_control_xfer_cb+0x38>
1000326e:	4628      	mov	r0, r5
10003270:	f7ff ff28 	bl	100030c4 <data_stage_xact>
10003274:	e7e9      	b.n	1000324a <usbd_control_xfer_cb+0x76>
10003276:	be00      	bkpt	0x0000
10003278:	e7bd      	b.n	100031f6 <usbd_control_xfer_cb+0x22>
1000327a:	bf00      	nop
1000327c:	2000e0dc 	.word	0x2000e0dc
10003280:	2000e09c 	.word	0x2000e09c

10003284 <_prep_out_transaction.isra.0>:
10003284:	e92d 41f0 	stmdb	sp!, {r4, r5, r6, r7, r8, lr}
10003288:	4607      	mov	r7, r0
1000328a:	f7ff fa77 	bl	1000277c <tud_mounted>
1000328e:	b348      	cbz	r0, 100032e4 <_prep_out_transaction.isra.0+0x60>
10003290:	f7ff fa7c 	bl	1000278c <tud_suspended>
10003294:	4605      	mov	r5, r0
10003296:	bb28      	cbnz	r0, 100032e4 <_prep_out_transaction.isra.0+0x60>
10003298:	24c8      	movs	r4, #200	@ 0xc8
1000329a:	437c      	muls	r4, r7
1000329c:	4b12      	ldr	r3, [pc, #72]	@ (100032e8 <_prep_out_transaction.isra.0+0x64>)
1000329e:	191e      	adds	r6, r3, r4
100032a0:	78f2      	ldrb	r2, [r6, #3]
100032a2:	b1fa      	cbz	r2, 100032e4 <_prep_out_transaction.isra.0+0x60>
100032a4:	3410      	adds	r4, #16
100032a6:	441c      	add	r4, r3
100032a8:	4620      	mov	r0, r4
100032aa:	f000 fdc5 	bl	10003e38 <tu_fifo_remaining>
100032ae:	283f      	cmp	r0, #63	@ 0x3f
100032b0:	d918      	bls.n	100032e4 <_prep_out_transaction.isra.0+0x60>
100032b2:	4628      	mov	r0, r5
100032b4:	78f1      	ldrb	r1, [r6, #3]
100032b6:	f7ff fb35 	bl	10002924 <usbd_edpt_claim>
100032ba:	b198      	cbz	r0, 100032e4 <_prep_out_transaction.isra.0+0x60>
100032bc:	4620      	mov	r0, r4
100032be:	f000 fdbb 	bl	10003e38 <tu_fifo_remaining>
100032c2:	283f      	cmp	r0, #63	@ 0x3f
100032c4:	78f1      	ldrb	r1, [r6, #3]
100032c6:	d908      	bls.n	100032da <_prep_out_transaction.isra.0+0x56>
100032c8:	4a08      	ldr	r2, [pc, #32]	@ (100032ec <_prep_out_transaction.isra.0+0x68>)
100032ca:	4628      	mov	r0, r5
100032cc:	eb02 12c7 	add.w	r2, r2, r7, lsl #7
100032d0:	2340      	movs	r3, #64	@ 0x40
100032d2:	e8bd 41f0 	ldmia.w	sp!, {r4, r5, r6, r7, r8, lr}
100032d6:	f7ff bb45 	b.w	10002964 <usbd_edpt_xfer>
100032da:	4628      	mov	r0, r5
100032dc:	e8bd 41f0 	ldmia.w	sp!, {r4, r5, r6, r7, r8, lr}
100032e0:	f7ff bb30 	b.w	10002944 <usbd_edpt_release>
100032e4:	e8bd 81f0 	ldmia.w	sp!, {r4, r5, r6, r7, r8, pc}
100032e8:	2000dfd4 	.word	0x2000dfd4
100032ec:	2000df54 	.word	0x2000df54

100032f0 <tud_cdc_n_connected>:
100032f0:	b510      	push	{r4, lr}
100032f2:	4604      	mov	r4, r0
100032f4:	f7ff fa42 	bl	1000277c <tud_mounted>
100032f8:	b908      	cbnz	r0, 100032fe <tud_cdc_n_connected+0xe>
100032fa:	2000      	movs	r0, #0
100032fc:	bd10      	pop	{r4, pc}
100032fe:	f7ff fa45 	bl	1000278c <tud_suspended>
10003302:	2800      	cmp	r0, #0
10003304:	d1f9      	bne.n	100032fa <tud_cdc_n_connected+0xa>
10003306:	23c8      	movs	r3, #200	@ 0xc8
10003308:	4803      	ldr	r0, [pc, #12]	@ (10003318 <tud_cdc_n_connected+0x28>)
1000330a:	fb03 0004 	mla	r0, r3, r4, r0
1000330e:	7900      	ldrb	r0, [r0, #4]
10003310:	f000 0001 	and.w	r0, r0, #1
10003314:	e7f2      	b.n	100032fc <tud_cdc_n_connected+0xc>
10003316:	bf00      	nop
10003318:	2000dfd4 	.word	0x2000dfd4

1000331c <tud_cdc_n_available>:
1000331c:	22c8      	movs	r2, #200	@ 0xc8
1000331e:	b508      	push	{r3, lr}
10003320:	4b02      	ldr	r3, [pc, #8]	@ (1000332c <tud_cdc_n_available+0x10>)
10003322:	fb02 3000 	mla	r0, r2, r0, r3
10003326:	f000 fd5d 	bl	10003de4 <tu_fifo_count>
1000332a:	bd08      	pop	{r3, pc}
1000332c:	2000dfe4 	.word	0x2000dfe4

10003330 <tud_cdc_n_read>:
10003330:	b538      	push	{r3, r4, r5, lr}
10003332:	f64f 73ff 	movw	r3, #65535	@ 0xffff
10003336:	429a      	cmp	r2, r3
10003338:	bf28      	it	cs
1000333a:	461a      	movcs	r2, r3
1000333c:	4604      	mov	r4, r0
1000333e:	20c8      	movs	r0, #200	@ 0xc8
10003340:	4b05      	ldr	r3, [pc, #20]	@ (10003358 <tud_cdc_n_read+0x28>)
10003342:	b292      	uxth	r2, r2
10003344:	fb00 3004 	mla	r0, r0, r4, r3
10003348:	f000 fda7 	bl	10003e9a <tu_fifo_read_n>
1000334c:	4605      	mov	r5, r0
1000334e:	4620      	mov	r0, r4
10003350:	f7ff ff98 	bl	10003284 <_prep_out_transaction.isra.0>
10003354:	4628      	mov	r0, r5
10003356:	bd38      	pop	{r3, r4, r5, pc}
10003358:	2000dfe4 	.word	0x2000dfe4

1000335c <tud_cdc_n_write_flush>:
1000335c:	e92d 41f0 	stmdb	sp!, {r4, r5, r6, r7, r8, lr}
10003360:	4680      	mov	r8, r0
10003362:	f7ff fa0b 	bl	1000277c <tud_mounted>
10003366:	b360      	cbz	r0, 100033c2 <tud_cdc_n_write_flush+0x66>
10003368:	f7ff fa10 	bl	1000278c <tud_suspended>
1000336c:	4607      	mov	r7, r0
1000336e:	bb40      	cbnz	r0, 100033c2 <tud_cdc_n_write_flush+0x66>
10003370:	26c8      	movs	r6, #200	@ 0xc8
10003372:	fb06 f608 	mul.w	r6, r6, r8
10003376:	4d17      	ldr	r5, [pc, #92]	@ (100033d4 <tud_cdc_n_write_flush+0x78>)
10003378:	f106 0424 	add.w	r4, r6, #36	@ 0x24
1000337c:	442c      	add	r4, r5
1000337e:	4620      	mov	r0, r4
10003380:	f000 fd30 	bl	10003de4 <tu_fifo_count>
10003384:	b1e8      	cbz	r0, 100033c2 <tud_cdc_n_write_flush+0x66>
10003386:	4435      	add	r5, r6
10003388:	4638      	mov	r0, r7
1000338a:	78a9      	ldrb	r1, [r5, #2]
1000338c:	f7ff faca 	bl	10002924 <usbd_edpt_claim>
10003390:	b1b8      	cbz	r0, 100033c2 <tud_cdc_n_write_flush+0x66>
10003392:	4e11      	ldr	r6, [pc, #68]	@ (100033d8 <tud_cdc_n_write_flush+0x7c>)
10003394:	4620      	mov	r0, r4
10003396:	eb06 11c8 	add.w	r1, r6, r8, lsl #7
1000339a:	2240      	movs	r2, #64	@ 0x40
1000339c:	f000 fd7d 	bl	10003e9a <tu_fifo_read_n>
100033a0:	78a9      	ldrb	r1, [r5, #2]
100033a2:	4604      	mov	r4, r0
100033a4:	b190      	cbz	r0, 100033cc <tud_cdc_n_write_flush+0x70>
100033a6:	4603      	mov	r3, r0
100033a8:	eb06 12c8 	add.w	r2, r6, r8, lsl #7
100033ac:	4638      	mov	r0, r7
100033ae:	f7ff fad9 	bl	10002964 <usbd_edpt_xfer>
100033b2:	b948      	cbnz	r0, 100033c8 <tud_cdc_n_write_flush+0x6c>
100033b4:	f04f 23e0 	mov.w	r3, #3758153728	@ 0xe000e000
100033b8:	f8d3 3df0 	ldr.w	r3, [r3, #3568]	@ 0xdf0
100033bc:	07db      	lsls	r3, r3, #31
100033be:	d500      	bpl.n	100033c2 <tud_cdc_n_write_flush+0x66>
100033c0:	be00      	bkpt	0x0000
100033c2:	2000      	movs	r0, #0
100033c4:	e8bd 81f0 	ldmia.w	sp!, {r4, r5, r6, r7, r8, pc}
100033c8:	4620      	mov	r0, r4
100033ca:	e7fb      	b.n	100033c4 <tud_cdc_n_write_flush+0x68>
100033cc:	f7ff faba 	bl	10002944 <usbd_edpt_release>
100033d0:	e7f7      	b.n	100033c2 <tud_cdc_n_write_flush+0x66>
100033d2:	bf00      	nop
100033d4:	2000dfd4 	.word	0x2000dfd4
100033d8:	2000df94 	.word	0x2000df94

100033dc <tud_cdc_n_write>:
100033dc:	23c8      	movs	r3, #200	@ 0xc8
100033de:	b570      	push	{r4, r5, r6, lr}
100033e0:	4c0b      	ldr	r4, [pc, #44]	@ (10003410 <tud_cdc_n_write+0x34>)
100033e2:	4605      	mov	r5, r0
100033e4:	fb03 4400 	mla	r4, r3, r0, r4
100033e8:	f64f 73ff 	movw	r3, #65535	@ 0xffff
100033ec:	429a      	cmp	r2, r3
100033ee:	bf28      	it	cs
100033f0:	461a      	movcs	r2, r3
100033f2:	4620      	mov	r0, r4
100033f4:	b292      	uxth	r2, r2
100033f6:	f000 fda4 	bl	10003f42 <tu_fifo_write_n>
100033fa:	4606      	mov	r6, r0
100033fc:	4620      	mov	r0, r4
100033fe:	f000 fcf1 	bl	10003de4 <tu_fifo_count>
10003402:	283f      	cmp	r0, #63	@ 0x3f
10003404:	d902      	bls.n	1000340c <tud_cdc_n_write+0x30>
10003406:	4628      	mov	r0, r5
10003408:	f7ff ffa8 	bl	1000335c <tud_cdc_n_write_flush>
1000340c:	4630      	mov	r0, r6
1000340e:	bd70      	pop	{r4, r5, r6, pc}
10003410:	2000dff8 	.word	0x2000dff8

10003414 <tud_cdc_n_write_available>:
10003414:	22c8      	movs	r2, #200	@ 0xc8
10003416:	b508      	push	{r3, lr}
10003418:	4b02      	ldr	r3, [pc, #8]	@ (10003424 <tud_cdc_n_write_available+0x10>)
1000341a:	fb02 3000 	mla	r0, r2, r0, r3
1000341e:	f000 fd0b 	bl	10003e38 <tu_fifo_remaining>
10003422:	bd08      	pop	{r3, pc}
10003424:	2000dff8 	.word	0x2000dff8

10003428 <cdcd_init>:
10003428:	b5f7      	push	{r0, r1, r2, r4, r5, r6, r7, lr}
1000342a:	2400      	movs	r4, #0
1000342c:	22c8      	movs	r2, #200	@ 0xc8
1000342e:	2100      	movs	r1, #0
10003430:	4817      	ldr	r0, [pc, #92]	@ (10003490 <cdcd_init+0x68>)
10003432:	f000 fe43 	bl	100040bc <memset>
10003436:	4b17      	ldr	r3, [pc, #92]	@ (10003494 <cdcd_init+0x6c>)
10003438:	4f15      	ldr	r7, [pc, #84]	@ (10003490 <cdcd_init+0x68>)
1000343a:	701c      	strb	r4, [r3, #0]
1000343c:	23ff      	movs	r3, #255	@ 0xff
1000343e:	717b      	strb	r3, [r7, #5]
10003440:	f44f 33e1 	mov.w	r3, #115200	@ 0x1c200
10003444:	60bb      	str	r3, [r7, #8]
10003446:	2308      	movs	r3, #8
10003448:	f107 0138 	add.w	r1, r7, #56	@ 0x38
1000344c:	73bb      	strb	r3, [r7, #14]
1000344e:	2240      	movs	r2, #64	@ 0x40
10003450:	2301      	movs	r3, #1
10003452:	9400      	str	r4, [sp, #0]
10003454:	f107 0010 	add.w	r0, r7, #16
10003458:	f000 fc97 	bl	10003d8a <tu_fifo_config>
1000345c:	2301      	movs	r3, #1
1000345e:	2240      	movs	r2, #64	@ 0x40
10003460:	9300      	str	r3, [sp, #0]
10003462:	f107 0178 	add.w	r1, r7, #120	@ 0x78
10003466:	f107 06b8 	add.w	r6, r7, #184	@ 0xb8
1000346a:	f107 0024 	add.w	r0, r7, #36	@ 0x24
1000346e:	f000 fc8c 	bl	10003d8a <tu_fifo_config>
10003472:	f107 05c0 	add.w	r5, r7, #192	@ 0xc0
10003476:	4630      	mov	r0, r6
10003478:	f7fd fda4 	bl	10000fc4 <mutex_init>
1000347c:	4628      	mov	r0, r5
1000347e:	f7fd fda1 	bl	10000fc4 <mutex_init>
10003482:	e9c7 4607 	strd	r4, r6, [r7, #28]
10003486:	e9c7 540c 	strd	r5, r4, [r7, #48]	@ 0x30
1000348a:	b003      	add	sp, #12
1000348c:	bdf0      	pop	{r4, r5, r6, r7, pc}
1000348e:	bf00      	nop
10003490:	2000dfd4 	.word	0x2000dfd4
10003494:	2000e8b0 	.word	0x2000e8b0

10003498 <cdcd_deinit>:
10003498:	4b07      	ldr	r3, [pc, #28]	@ (100034b8 <cdcd_deinit+0x20>)
1000349a:	6a1a      	ldr	r2, [r3, #32]
1000349c:	6b19      	ldr	r1, [r3, #48]	@ 0x30
1000349e:	b112      	cbz	r2, 100034a6 <cdcd_deinit+0xe>
100034a0:	2200      	movs	r2, #0
100034a2:	61da      	str	r2, [r3, #28]
100034a4:	2201      	movs	r2, #1
100034a6:	b111      	cbz	r1, 100034ae <cdcd_deinit+0x16>
100034a8:	2100      	movs	r1, #0
100034aa:	e9c3 110c 	strd	r1, r1, [r3, #48]	@ 0x30
100034ae:	b10a      	cbz	r2, 100034b4 <cdcd_deinit+0x1c>
100034b0:	2200      	movs	r2, #0
100034b2:	621a      	str	r2, [r3, #32]
100034b4:	2001      	movs	r0, #1
100034b6:	4770      	bx	lr
100034b8:	2000dfd4 	.word	0x2000dfd4

100034bc <cdcd_reset>:
100034bc:	2300      	movs	r3, #0
100034be:	b510      	push	{r4, lr}
100034c0:	480a      	ldr	r0, [pc, #40]	@ (100034ec <cdcd_reset+0x30>)
100034c2:	4c0b      	ldr	r4, [pc, #44]	@ (100034f0 <cdcd_reset+0x34>)
100034c4:	6003      	str	r3, [r0, #0]
100034c6:	7103      	strb	r3, [r0, #4]
100034c8:	7823      	ldrb	r3, [r4, #0]
100034ca:	07da      	lsls	r2, r3, #31
100034cc:	d402      	bmi.n	100034d4 <cdcd_reset+0x18>
100034ce:	3010      	adds	r0, #16
100034d0:	f000 fdbb 	bl	1000404a <tu_fifo_clear>
100034d4:	7823      	ldrb	r3, [r4, #0]
100034d6:	079b      	lsls	r3, r3, #30
100034d8:	d402      	bmi.n	100034e0 <cdcd_reset+0x24>
100034da:	4806      	ldr	r0, [pc, #24]	@ (100034f4 <cdcd_reset+0x38>)
100034dc:	f000 fdb5 	bl	1000404a <tu_fifo_clear>
100034e0:	e8bd 4010 	ldmia.w	sp!, {r4, lr}
100034e4:	2101      	movs	r1, #1
100034e6:	4803      	ldr	r0, [pc, #12]	@ (100034f4 <cdcd_reset+0x38>)
100034e8:	f000 bdca 	b.w	10004080 <tu_fifo_set_overwritable>
100034ec:	2000dfd4 	.word	0x2000dfd4
100034f0:	2000e8b0 	.word	0x2000e8b0
100034f4:	2000dff8 	.word	0x2000dff8

100034f8 <cdcd_open>:
100034f8:	b5f7      	push	{r0, r1, r2, r4, r5, r6, r7, lr}
100034fa:	794b      	ldrb	r3, [r1, #5]
100034fc:	4607      	mov	r7, r0
100034fe:	2b02      	cmp	r3, #2
10003500:	d13b      	bne.n	1000357a <cdcd_open+0x82>
10003502:	798b      	ldrb	r3, [r1, #6]
10003504:	2b02      	cmp	r3, #2
10003506:	d138      	bne.n	1000357a <cdcd_open+0x82>
10003508:	4e21      	ldr	r6, [pc, #132]	@ (10003590 <cdcd_open+0x98>)
1000350a:	78b3      	ldrb	r3, [r6, #2]
1000350c:	bb73      	cbnz	r3, 1000356c <cdcd_open+0x74>
1000350e:	2509      	movs	r5, #9
10003510:	788b      	ldrb	r3, [r1, #2]
10003512:	7033      	strb	r3, [r6, #0]
10003514:	780b      	ldrb	r3, [r1, #0]
10003516:	18cc      	adds	r4, r1, r3
10003518:	7863      	ldrb	r3, [r4, #1]
1000351a:	2b24      	cmp	r3, #36	@ 0x24
1000351c:	d11f      	bne.n	1000355e <cdcd_open+0x66>
1000351e:	4295      	cmp	r5, r2
10003520:	d918      	bls.n	10003554 <cdcd_open+0x5c>
10003522:	7863      	ldrb	r3, [r4, #1]
10003524:	2b04      	cmp	r3, #4
10003526:	d111      	bne.n	1000354c <cdcd_open+0x54>
10003528:	7963      	ldrb	r3, [r4, #5]
1000352a:	2b0a      	cmp	r3, #10
1000352c:	d10e      	bne.n	1000354c <cdcd_open+0x54>
1000352e:	4b19      	ldr	r3, [pc, #100]	@ (10003594 <cdcd_open+0x9c>)
10003530:	7826      	ldrb	r6, [r4, #0]
10003532:	9301      	str	r3, [sp, #4]
10003534:	3301      	adds	r3, #1
10003536:	9300      	str	r3, [sp, #0]
10003538:	2302      	movs	r3, #2
1000353a:	4638      	mov	r0, r7
1000353c:	461a      	mov	r2, r3
1000353e:	19a1      	adds	r1, r4, r6
10003540:	f7ff f9c2 	bl	100028c8 <usbd_open_edpt_pair>
10003544:	b190      	cbz	r0, 1000356c <cdcd_open+0x74>
10003546:	350e      	adds	r5, #14
10003548:	442e      	add	r6, r5
1000354a:	b2b5      	uxth	r5, r6
1000354c:	2000      	movs	r0, #0
1000354e:	f7ff fe99 	bl	10003284 <_prep_out_transaction.isra.0>
10003552:	e013      	b.n	1000357c <cdcd_open+0x84>
10003554:	7823      	ldrb	r3, [r4, #0]
10003556:	441d      	add	r5, r3
10003558:	b2ad      	uxth	r5, r5
1000355a:	441c      	add	r4, r3
1000355c:	e7dc      	b.n	10003518 <cdcd_open+0x20>
1000355e:	2b05      	cmp	r3, #5
10003560:	d1df      	bne.n	10003522 <cdcd_open+0x2a>
10003562:	4621      	mov	r1, r4
10003564:	4638      	mov	r0, r7
10003566:	f7ff f98d 	bl	10002884 <usbd_edpt_open>
1000356a:	b950      	cbnz	r0, 10003582 <cdcd_open+0x8a>
1000356c:	f04f 23e0 	mov.w	r3, #3758153728	@ 0xe000e000
10003570:	f8d3 3df0 	ldr.w	r3, [r3, #3568]	@ 0xdf0
10003574:	07db      	lsls	r3, r3, #31
10003576:	d500      	bpl.n	1000357a <cdcd_open+0x82>
10003578:	be00      	bkpt	0x0000
1000357a:	2500      	movs	r5, #0
1000357c:	4628      	mov	r0, r5
1000357e:	b003      	add	sp, #12
10003580:	bdf0      	pop	{r4, r5, r6, r7, pc}
10003582:	78a3      	ldrb	r3, [r4, #2]
10003584:	7073      	strb	r3, [r6, #1]
10003586:	7823      	ldrb	r3, [r4, #0]
10003588:	441d      	add	r5, r3
1000358a:	b2ad      	uxth	r5, r5
1000358c:	441c      	add	r4, r3
1000358e:	e7c8      	b.n	10003522 <cdcd_open+0x2a>
10003590:	2000dfd4 	.word	0x2000dfd4
10003594:	2000dfd6 	.word	0x2000dfd6

10003598 <cdcd_control_xfer_cb>:
10003598:	460b      	mov	r3, r1
1000359a:	4611      	mov	r1, r2
1000359c:	7812      	ldrb	r2, [r2, #0]
1000359e:	b570      	push	{r4, r5, r6, lr}
100035a0:	f002 0260 	and.w	r2, r2, #96	@ 0x60
100035a4:	2a20      	cmp	r2, #32
100035a6:	d147      	bne.n	10003638 <cdcd_control_xfer_cb+0xa0>
100035a8:	4e24      	ldr	r6, [pc, #144]	@ (1000363c <cdcd_control_xfer_cb+0xa4>)
100035aa:	888a      	ldrh	r2, [r1, #4]
100035ac:	7834      	ldrb	r4, [r6, #0]
100035ae:	4294      	cmp	r4, r2
100035b0:	d142      	bne.n	10003638 <cdcd_control_xfer_cb+0xa0>
100035b2:	784a      	ldrb	r2, [r1, #1]
100035b4:	3a20      	subs	r2, #32
100035b6:	2a03      	cmp	r2, #3
100035b8:	d83e      	bhi.n	10003638 <cdcd_control_xfer_cb+0xa0>
100035ba:	e8df f002 	tbb	[pc, r2]
100035be:	1402      	.short	0x1402
100035c0:	3117      	.short	0x3117
100035c2:	2b01      	cmp	r3, #1
100035c4:	d105      	bne.n	100035d2 <cdcd_control_xfer_cb+0x3a>
100035c6:	2307      	movs	r3, #7
100035c8:	4a1d      	ldr	r2, [pc, #116]	@ (10003640 <cdcd_control_xfer_cb+0xa8>)
100035ca:	f7ff fdbf 	bl	1000314c <tud_control_xfer>
100035ce:	2001      	movs	r0, #1
100035d0:	bd70      	pop	{r4, r5, r6, pc}
100035d2:	2b03      	cmp	r3, #3
100035d4:	d1fb      	bne.n	100035ce <cdcd_control_xfer_cb+0x36>
100035d6:	4b1b      	ldr	r3, [pc, #108]	@ (10003644 <cdcd_control_xfer_cb+0xac>)
100035d8:	2b00      	cmp	r3, #0
100035da:	d0f8      	beq.n	100035ce <cdcd_control_xfer_cb+0x36>
100035dc:	2000      	movs	r0, #0
100035de:	4918      	ldr	r1, [pc, #96]	@ (10003640 <cdcd_control_xfer_cb+0xa8>)
100035e0:	f7fe fca4 	bl	10001f2c <tud_cdc_line_coding_cb>
100035e4:	e7f3      	b.n	100035ce <cdcd_control_xfer_cb+0x36>
100035e6:	2b01      	cmp	r3, #1
100035e8:	d1f1      	bne.n	100035ce <cdcd_control_xfer_cb+0x36>
100035ea:	e7ec      	b.n	100035c6 <cdcd_control_xfer_cb+0x2e>
100035ec:	2b01      	cmp	r3, #1
100035ee:	d102      	bne.n	100035f6 <cdcd_control_xfer_cb+0x5e>
100035f0:	f7ff fd9a 	bl	10003128 <tud_control_status>
100035f4:	e7eb      	b.n	100035ce <cdcd_control_xfer_cb+0x36>
100035f6:	2b03      	cmp	r3, #3
100035f8:	d1e9      	bne.n	100035ce <cdcd_control_xfer_cb+0x36>
100035fa:	884c      	ldrh	r4, [r1, #2]
100035fc:	4812      	ldr	r0, [pc, #72]	@ (10003648 <cdcd_control_xfer_cb+0xb0>)
100035fe:	f004 0501 	and.w	r5, r4, #1
10003602:	f085 0101 	eor.w	r1, r5, #1
10003606:	7134      	strb	r4, [r6, #4]
10003608:	f000 fd3a 	bl	10004080 <tu_fifo_set_overwritable>
1000360c:	4b0f      	ldr	r3, [pc, #60]	@ (1000364c <cdcd_control_xfer_cb+0xb4>)
1000360e:	2b00      	cmp	r3, #0
10003610:	d0dd      	beq.n	100035ce <cdcd_control_xfer_cb+0x36>
10003612:	4629      	mov	r1, r5
10003614:	2000      	movs	r0, #0
10003616:	f3c4 0240 	ubfx	r2, r4, #1, #1
1000361a:	f3af 8000 	nop.w
1000361e:	e7d6      	b.n	100035ce <cdcd_control_xfer_cb+0x36>
10003620:	2b01      	cmp	r3, #1
10003622:	d0e5      	beq.n	100035f0 <cdcd_control_xfer_cb+0x58>
10003624:	2b03      	cmp	r3, #3
10003626:	d1d2      	bne.n	100035ce <cdcd_control_xfer_cb+0x36>
10003628:	4b09      	ldr	r3, [pc, #36]	@ (10003650 <cdcd_control_xfer_cb+0xb8>)
1000362a:	2b00      	cmp	r3, #0
1000362c:	d0cf      	beq.n	100035ce <cdcd_control_xfer_cb+0x36>
1000362e:	2000      	movs	r0, #0
10003630:	8849      	ldrh	r1, [r1, #2]
10003632:	f3af 8000 	nop.w
10003636:	e7ca      	b.n	100035ce <cdcd_control_xfer_cb+0x36>
10003638:	2000      	movs	r0, #0
1000363a:	e7c9      	b.n	100035d0 <cdcd_control_xfer_cb+0x38>
1000363c:	2000dfd4 	.word	0x2000dfd4
10003640:	2000dfdc 	.word	0x2000dfdc
10003644:	10001f2d 	.word	0x10001f2d
10003648:	2000dff8 	.word	0x2000dff8
	...

10003654 <cdcd_xfer_cb>:
10003654:	e92d 43f8 	stmdb	sp!, {r3, r4, r5, r6, r7, r8, r9, lr}
10003658:	4c32      	ldr	r4, [pc, #200]	@ (10003724 <cdcd_xfer_cb+0xd0>)
1000365a:	461d      	mov	r5, r3
1000365c:	78e3      	ldrb	r3, [r4, #3]
1000365e:	4680      	mov	r8, r0
10003660:	428b      	cmp	r3, r1
10003662:	460f      	mov	r7, r1
10003664:	d00c      	beq.n	10003680 <cdcd_xfer_cb+0x2c>
10003666:	78a3      	ldrb	r3, [r4, #2]
10003668:	428b      	cmp	r3, r1
1000366a:	d039      	beq.n	100036e0 <cdcd_xfer_cb+0x8c>
1000366c:	f04f 23e0 	mov.w	r3, #3758153728	@ 0xe000e000
10003670:	f8d3 3df0 	ldr.w	r3, [r3, #3568]	@ 0xdf0
10003674:	07db      	lsls	r3, r3, #31
10003676:	d500      	bpl.n	1000367a <cdcd_xfer_cb+0x26>
10003678:	be00      	bkpt	0x0000
1000367a:	2000      	movs	r0, #0
1000367c:	e8bd 83f8 	ldmia.w	sp!, {r3, r4, r5, r6, r7, r8, r9, pc}
10003680:	4929      	ldr	r1, [pc, #164]	@ (10003728 <cdcd_xfer_cb+0xd4>)
10003682:	b2aa      	uxth	r2, r5
10003684:	f104 0010 	add.w	r0, r4, #16
10003688:	f000 fc5b 	bl	10003f42 <tu_fifo_write_n>
1000368c:	4b27      	ldr	r3, [pc, #156]	@ (1000372c <cdcd_xfer_cb+0xd8>)
1000368e:	b94b      	cbnz	r3, 100036a4 <cdcd_xfer_cb+0x50>
10003690:	4b27      	ldr	r3, [pc, #156]	@ (10003730 <cdcd_xfer_cb+0xdc>)
10003692:	b9eb      	cbnz	r3, 100036d0 <cdcd_xfer_cb+0x7c>
10003694:	2000      	movs	r0, #0
10003696:	f7ff fdf5 	bl	10003284 <_prep_out_transaction.isra.0>
1000369a:	78a3      	ldrb	r3, [r4, #2]
1000369c:	42bb      	cmp	r3, r7
1000369e:	d01f      	beq.n	100036e0 <cdcd_xfer_cb+0x8c>
100036a0:	2001      	movs	r0, #1
100036a2:	e7eb      	b.n	1000367c <cdcd_xfer_cb+0x28>
100036a4:	7963      	ldrb	r3, [r4, #5]
100036a6:	2bff      	cmp	r3, #255	@ 0xff
100036a8:	d0f2      	beq.n	10003690 <cdcd_xfer_cb+0x3c>
100036aa:	4e1f      	ldr	r6, [pc, #124]	@ (10003728 <cdcd_xfer_cb+0xd4>)
100036ac:	eb06 0905 	add.w	r9, r6, r5
100036b0:	45b1      	cmp	r9, r6
100036b2:	d0ed      	beq.n	10003690 <cdcd_xfer_cb+0x3c>
100036b4:	f816 3b01 	ldrb.w	r3, [r6], #1
100036b8:	7962      	ldrb	r2, [r4, #5]
100036ba:	429a      	cmp	r2, r3
100036bc:	d1f8      	bne.n	100036b0 <cdcd_xfer_cb+0x5c>
100036be:	481d      	ldr	r0, [pc, #116]	@ (10003734 <cdcd_xfer_cb+0xe0>)
100036c0:	f000 fba1 	bl	10003e06 <tu_fifo_empty>
100036c4:	2800      	cmp	r0, #0
100036c6:	d1f3      	bne.n	100036b0 <cdcd_xfer_cb+0x5c>
100036c8:	7961      	ldrb	r1, [r4, #5]
100036ca:	f3af 8000 	nop.w
100036ce:	e7ef      	b.n	100036b0 <cdcd_xfer_cb+0x5c>
100036d0:	4818      	ldr	r0, [pc, #96]	@ (10003734 <cdcd_xfer_cb+0xe0>)
100036d2:	f000 fb98 	bl	10003e06 <tu_fifo_empty>
100036d6:	2800      	cmp	r0, #0
100036d8:	d1dc      	bne.n	10003694 <cdcd_xfer_cb+0x40>
100036da:	f3af 8000 	nop.w
100036de:	e7d9      	b.n	10003694 <cdcd_xfer_cb+0x40>
100036e0:	4b15      	ldr	r3, [pc, #84]	@ (10003738 <cdcd_xfer_cb+0xe4>)
100036e2:	b113      	cbz	r3, 100036ea <cdcd_xfer_cb+0x96>
100036e4:	2000      	movs	r0, #0
100036e6:	f3af 8000 	nop.w
100036ea:	2000      	movs	r0, #0
100036ec:	f7ff fe36 	bl	1000335c <tud_cdc_n_write_flush>
100036f0:	2800      	cmp	r0, #0
100036f2:	d1d5      	bne.n	100036a0 <cdcd_xfer_cb+0x4c>
100036f4:	4811      	ldr	r0, [pc, #68]	@ (1000373c <cdcd_xfer_cb+0xe8>)
100036f6:	f000 fb75 	bl	10003de4 <tu_fifo_count>
100036fa:	2800      	cmp	r0, #0
100036fc:	d1d0      	bne.n	100036a0 <cdcd_xfer_cb+0x4c>
100036fe:	2d00      	cmp	r5, #0
10003700:	d0ce      	beq.n	100036a0 <cdcd_xfer_cb+0x4c>
10003702:	f015 053f 	ands.w	r5, r5, #63	@ 0x3f
10003706:	d1cb      	bne.n	100036a0 <cdcd_xfer_cb+0x4c>
10003708:	4640      	mov	r0, r8
1000370a:	78a1      	ldrb	r1, [r4, #2]
1000370c:	f7ff f90a 	bl	10002924 <usbd_edpt_claim>
10003710:	2800      	cmp	r0, #0
10003712:	d0c5      	beq.n	100036a0 <cdcd_xfer_cb+0x4c>
10003714:	462b      	mov	r3, r5
10003716:	462a      	mov	r2, r5
10003718:	4640      	mov	r0, r8
1000371a:	78a1      	ldrb	r1, [r4, #2]
1000371c:	f7ff f922 	bl	10002964 <usbd_edpt_xfer>
10003720:	e7be      	b.n	100036a0 <cdcd_xfer_cb+0x4c>
10003722:	bf00      	nop
10003724:	2000dfd4 	.word	0x2000dfd4
10003728:	2000df54 	.word	0x2000df54
	...
10003734:	2000dfe4 	.word	0x2000dfe4
10003738:	00000000 	.word	0x00000000
1000373c:	2000dff8 	.word	0x2000dff8

10003740 <tud_vendor_n_write_flush>:
10003740:	b910      	cbnz	r0, 10003748 <tud_vendor_n_write_flush+0x8>
10003742:	4902      	ldr	r1, [pc, #8]	@ (1000374c <tud_vendor_n_write_flush+0xc>)
10003744:	f000 ba12 	b.w	10003b6c <tu_edpt_stream_write_xfer>
10003748:	2000      	movs	r0, #0
1000374a:	4770      	bx	lr
1000374c:	2000e190 	.word	0x2000e190

10003750 <vendord_init>:
10003750:	b5f0      	push	{r4, r5, r6, r7, lr}
10003752:	4f14      	ldr	r7, [pc, #80]	@ (100037a4 <vendord_init+0x54>)
10003754:	b085      	sub	sp, #20
10003756:	f44f 7213 	mov.w	r2, #588	@ 0x24c
1000375a:	2100      	movs	r1, #0
1000375c:	4811      	ldr	r0, [pc, #68]	@ (100037a4 <vendord_init+0x54>)
1000375e:	f000 fcad 	bl	100040bc <memset>
10003762:	f507 73a6 	add.w	r3, r7, #332	@ 0x14c
10003766:	2640      	movs	r6, #64	@ 0x40
10003768:	f44f 7580 	mov.w	r5, #256	@ 0x100
1000376c:	9300      	str	r3, [sp, #0]
1000376e:	2300      	movs	r3, #0
10003770:	4c0d      	ldr	r4, [pc, #52]	@ (100037a8 <vendord_init+0x58>)
10003772:	461a      	mov	r2, r3
10003774:	4619      	mov	r1, r3
10003776:	9402      	str	r4, [sp, #8]
10003778:	9603      	str	r6, [sp, #12]
1000377a:	9501      	str	r5, [sp, #4]
1000377c:	f507 7094 	add.w	r0, r7, #296	@ 0x128
10003780:	f000 f999 	bl	10003ab6 <tu_edpt_stream_init>
10003784:	f107 0328 	add.w	r3, r7, #40	@ 0x28
10003788:	9300      	str	r3, [sp, #0]
1000378a:	2300      	movs	r3, #0
1000378c:	4434      	add	r4, r6
1000378e:	2201      	movs	r2, #1
10003790:	4619      	mov	r1, r3
10003792:	e9cd 5401 	strd	r5, r4, [sp, #4]
10003796:	9603      	str	r6, [sp, #12]
10003798:	1d38      	adds	r0, r7, #4
1000379a:	f000 f98c 	bl	10003ab6 <tu_edpt_stream_init>
1000379e:	b005      	add	sp, #20
100037a0:	bdf0      	pop	{r4, r5, r6, r7, pc}
100037a2:	bf00      	nop
100037a4:	2000e18c 	.word	0x2000e18c
100037a8:	2000e10c 	.word	0x2000e10c

100037ac <vendord_deinit>:
100037ac:	b508      	push	{r3, lr}
100037ae:	4804      	ldr	r0, [pc, #16]	@ (100037c0 <vendord_deinit+0x14>)
100037b0:	f000 f9a6 	bl	10003b00 <tu_edpt_stream_deinit>
100037b4:	4803      	ldr	r0, [pc, #12]	@ (100037c4 <vendord_deinit+0x18>)
100037b6:	f000 f9a3 	bl	10003b00 <tu_edpt_stream_deinit>
100037ba:	2001      	movs	r0, #1
100037bc:	bd08      	pop	{r3, pc}
100037be:	bf00      	nop
100037c0:	2000e2b4 	.word	0x2000e2b4
100037c4:	2000e190 	.word	0x2000e190

100037c8 <vendord_reset>:
100037c8:	b538      	push	{r3, r4, r5, lr}
100037ca:	2500      	movs	r5, #0
100037cc:	4c06      	ldr	r4, [pc, #24]	@ (100037e8 <vendord_reset+0x20>)
100037ce:	f504 7098 	add.w	r0, r4, #304	@ 0x130
100037d2:	7025      	strb	r5, [r4, #0]
100037d4:	f000 fc39 	bl	1000404a <tu_fifo_clear>
100037d8:	f104 000c 	add.w	r0, r4, #12
100037dc:	f000 fc35 	bl	1000404a <tu_fifo_clear>
100037e0:	f884 5129 	strb.w	r5, [r4, #297]	@ 0x129
100037e4:	7165      	strb	r5, [r4, #5]
100037e6:	bd38      	pop	{r3, r4, r5, pc}
100037e8:	2000e18c 	.word	0x2000e18c

100037ec <vendord_open>:
100037ec:	e92d 43f8 	stmdb	sp!, {r3, r4, r5, r6, r7, r8, r9, lr}
100037f0:	794b      	ldrb	r3, [r1, #5]
100037f2:	4680      	mov	r8, r0
100037f4:	2bff      	cmp	r3, #255	@ 0xff
100037f6:	460f      	mov	r7, r1
100037f8:	d12a      	bne.n	10003850 <vendord_open+0x64>
100037fa:	4d31      	ldr	r5, [pc, #196]	@ (100038c0 <vendord_open+0xd4>)
100037fc:	f895 6129 	ldrb.w	r6, [r5, #297]	@ 0x129
10003800:	796b      	ldrb	r3, [r5, #5]
10003802:	431e      	orrs	r6, r3
10003804:	f016 06ff 	ands.w	r6, r6, #255	@ 0xff
10003808:	d122      	bne.n	10003850 <vendord_open+0x64>
1000380a:	780c      	ldrb	r4, [r1, #0]
1000380c:	788b      	ldrb	r3, [r1, #2]
1000380e:	440c      	add	r4, r1
10003810:	eb04 0902 	add.w	r9, r4, r2
10003814:	702b      	strb	r3, [r5, #0]
10003816:	793a      	ldrb	r2, [r7, #4]
10003818:	b2f3      	uxtb	r3, r6
1000381a:	429a      	cmp	r2, r3
1000381c:	d802      	bhi.n	10003824 <vendord_open+0x38>
1000381e:	e006      	b.n	1000382e <vendord_open+0x42>
10003820:	7823      	ldrb	r3, [r4, #0]
10003822:	441c      	add	r4, r3
10003824:	7863      	ldrb	r3, [r4, #1]
10003826:	2b05      	cmp	r3, #5
10003828:	d004      	beq.n	10003834 <vendord_open+0x48>
1000382a:	454c      	cmp	r4, r9
1000382c:	d3f8      	bcc.n	10003820 <vendord_open+0x34>
1000382e:	1be0      	subs	r0, r4, r7
10003830:	b280      	uxth	r0, r0
10003832:	e00e      	b.n	10003852 <vendord_open+0x66>
10003834:	454c      	cmp	r4, r9
10003836:	d2fa      	bcs.n	1000382e <vendord_open+0x42>
10003838:	4621      	mov	r1, r4
1000383a:	4640      	mov	r0, r8
1000383c:	f7ff f822 	bl	10002884 <usbd_edpt_open>
10003840:	b948      	cbnz	r0, 10003856 <vendord_open+0x6a>
10003842:	f04f 23e0 	mov.w	r3, #3758153728	@ 0xe000e000
10003846:	f8d3 3df0 	ldr.w	r3, [r3, #3568]	@ 0xdf0
1000384a:	07d8      	lsls	r0, r3, #31
1000384c:	d500      	bpl.n	10003850 <vendord_open+0x64>
1000384e:	be00      	bkpt	0x0000
10003850:	2000      	movs	r0, #0
10003852:	e8bd 83f8 	ldmia.w	sp!, {r3, r4, r5, r6, r7, r8, r9, pc}
10003856:	78a3      	ldrb	r3, [r4, #2]
10003858:	09db      	lsrs	r3, r3, #7
1000385a:	d016      	beq.n	1000388a <vendord_open+0x9e>
1000385c:	4819      	ldr	r0, [pc, #100]	@ (100038c4 <vendord_open+0xd8>)
1000385e:	f000 fbf4 	bl	1000404a <tu_fifo_clear>
10003862:	78a3      	ldrb	r3, [r4, #2]
10003864:	792a      	ldrb	r2, [r5, #4]
10003866:	716b      	strb	r3, [r5, #5]
10003868:	88a3      	ldrh	r3, [r4, #4]
1000386a:	2000      	movs	r0, #0
1000386c:	f3c3 030a 	ubfx	r3, r3, #0, #11
10003870:	f5a3 7100 	sub.w	r1, r3, #512	@ 0x200
10003874:	424b      	negs	r3, r1
10003876:	414b      	adcs	r3, r1
10003878:	f363 0241 	bfi	r2, r3, #1, #1
1000387c:	712a      	strb	r2, [r5, #4]
1000387e:	f7ff ff5f 	bl	10003740 <tud_vendor_n_write_flush>
10003882:	7823      	ldrb	r3, [r4, #0]
10003884:	3601      	adds	r6, #1
10003886:	441c      	add	r4, r3
10003888:	e7c5      	b.n	10003816 <vendord_open+0x2a>
1000388a:	480f      	ldr	r0, [pc, #60]	@ (100038c8 <vendord_open+0xdc>)
1000388c:	f000 fbdd 	bl	1000404a <tu_fifo_clear>
10003890:	78a3      	ldrb	r3, [r4, #2]
10003892:	4640      	mov	r0, r8
10003894:	f885 3129 	strb.w	r3, [r5, #297]	@ 0x129
10003898:	88a3      	ldrh	r3, [r4, #4]
1000389a:	490c      	ldr	r1, [pc, #48]	@ (100038cc <vendord_open+0xe0>)
1000389c:	f3c3 030a 	ubfx	r3, r3, #0, #11
100038a0:	f5a3 7200 	sub.w	r2, r3, #512	@ 0x200
100038a4:	4253      	negs	r3, r2
100038a6:	4153      	adcs	r3, r2
100038a8:	f895 2128 	ldrb.w	r2, [r5, #296]	@ 0x128
100038ac:	f363 0241 	bfi	r2, r3, #1, #1
100038b0:	f885 2128 	strb.w	r2, [r5, #296]	@ 0x128
100038b4:	f000 f991 	bl	10003bda <tu_edpt_stream_read_xfer>
100038b8:	2800      	cmp	r0, #0
100038ba:	d1e2      	bne.n	10003882 <vendord_open+0x96>
100038bc:	e7c1      	b.n	10003842 <vendord_open+0x56>
100038be:	bf00      	nop
100038c0:	2000e18c 	.word	0x2000e18c
100038c4:	2000e198 	.word	0x2000e198
100038c8:	2000e2bc 	.word	0x2000e2bc
100038cc:	2000e2b4 	.word	0x2000e2b4

100038d0 <vendord_xfer_cb>:
100038d0:	b538      	push	{r3, r4, r5, lr}
100038d2:	4605      	mov	r5, r0
100038d4:	4819      	ldr	r0, [pc, #100]	@ (1000393c <vendord_xfer_cb+0x6c>)
100038d6:	461c      	mov	r4, r3
100038d8:	f890 3129 	ldrb.w	r3, [r0, #297]	@ 0x129
100038dc:	428b      	cmp	r3, r1
100038de:	d004      	beq.n	100038ea <vendord_xfer_cb+0x1a>
100038e0:	7943      	ldrb	r3, [r0, #5]
100038e2:	428b      	cmp	r3, r1
100038e4:	d018      	beq.n	10003918 <vendord_xfer_cb+0x48>
100038e6:	2000      	movs	r0, #0
100038e8:	bd38      	pop	{r3, r4, r5, pc}
100038ea:	f8b0 3134 	ldrh.w	r3, [r0, #308]	@ 0x134
100038ee:	b133      	cbz	r3, 100038fe <vendord_xfer_cb+0x2e>
100038f0:	f8d0 112c 	ldr.w	r1, [r0, #300]	@ 0x12c
100038f4:	b2a2      	uxth	r2, r4
100038f6:	f500 7098 	add.w	r0, r0, #304	@ 0x130
100038fa:	f000 fb22 	bl	10003f42 <tu_fifo_write_n>
100038fe:	4b10      	ldr	r3, [pc, #64]	@ (10003940 <vendord_xfer_cb+0x70>)
10003900:	b123      	cbz	r3, 1000390c <vendord_xfer_cb+0x3c>
10003902:	2000      	movs	r0, #0
10003904:	490f      	ldr	r1, [pc, #60]	@ (10003944 <vendord_xfer_cb+0x74>)
10003906:	b2a2      	uxth	r2, r4
10003908:	f3af 8000 	nop.w
1000390c:	4628      	mov	r0, r5
1000390e:	490e      	ldr	r1, [pc, #56]	@ (10003948 <vendord_xfer_cb+0x78>)
10003910:	f000 f963 	bl	10003bda <tu_edpt_stream_read_xfer>
10003914:	2001      	movs	r0, #1
10003916:	e7e7      	b.n	100038e8 <vendord_xfer_cb+0x18>
10003918:	4b0c      	ldr	r3, [pc, #48]	@ (1000394c <vendord_xfer_cb+0x7c>)
1000391a:	b11b      	cbz	r3, 10003924 <vendord_xfer_cb+0x54>
1000391c:	2000      	movs	r0, #0
1000391e:	b2a1      	uxth	r1, r4
10003920:	f3af 8000 	nop.w
10003924:	4628      	mov	r0, r5
10003926:	490a      	ldr	r1, [pc, #40]	@ (10003950 <vendord_xfer_cb+0x80>)
10003928:	f000 f920 	bl	10003b6c <tu_edpt_stream_write_xfer>
1000392c:	2800      	cmp	r0, #0
1000392e:	d1f1      	bne.n	10003914 <vendord_xfer_cb+0x44>
10003930:	4622      	mov	r2, r4
10003932:	4628      	mov	r0, r5
10003934:	4906      	ldr	r1, [pc, #24]	@ (10003950 <vendord_xfer_cb+0x80>)
10003936:	f000 f8e5 	bl	10003b04 <tu_edpt_stream_write_zlp_if_needed>
1000393a:	e7eb      	b.n	10003914 <vendord_xfer_cb+0x44>
1000393c:	2000e18c 	.word	0x2000e18c
10003940:	00000000 	.word	0x00000000
10003944:	2000e10c 	.word	0x2000e10c
10003948:	2000e2b4 	.word	0x2000e2b4
1000394c:	00000000 	.word	0x00000000
10003950:	2000e190 	.word	0x2000e190

10003954 <tusb_rhport_init>:
10003954:	b513      	push	{r0, r1, r4, lr}
10003956:	b999      	cbnz	r1, 10003980 <tusb_rhport_init+0x2c>
10003958:	2401      	movs	r4, #1
1000395a:	4608      	mov	r0, r1
1000395c:	a901      	add	r1, sp, #4
1000395e:	f8ad 4004 	strh.w	r4, [sp, #4]
10003962:	f7fe ff1b 	bl	1000279c <tud_rhport_init>
10003966:	b940      	cbnz	r0, 1000397a <tusb_rhport_init+0x26>
10003968:	f04f 23e0 	mov.w	r3, #3758153728	@ 0xe000e000
1000396c:	f8d3 3df0 	ldr.w	r3, [r3, #3568]	@ 0xdf0
10003970:	07da      	lsls	r2, r3, #31
10003972:	d500      	bpl.n	10003976 <tusb_rhport_init+0x22>
10003974:	be00      	bkpt	0x0000
10003976:	b002      	add	sp, #8
10003978:	bd10      	pop	{r4, pc}
1000397a:	4b0d      	ldr	r3, [pc, #52]	@ (100039b0 <tusb_rhport_init+0x5c>)
1000397c:	701c      	strb	r4, [r3, #0]
1000397e:	e7fa      	b.n	10003976 <tusb_rhport_init+0x22>
10003980:	2801      	cmp	r0, #1
10003982:	d801      	bhi.n	10003988 <tusb_rhport_init+0x34>
10003984:	780b      	ldrb	r3, [r1, #0]
10003986:	b943      	cbnz	r3, 1000399a <tusb_rhport_init+0x46>
10003988:	f04f 23e0 	mov.w	r3, #3758153728	@ 0xe000e000
1000398c:	f8d3 3df0 	ldr.w	r3, [r3, #3568]	@ 0xdf0
10003990:	07db      	lsls	r3, r3, #31
10003992:	d500      	bpl.n	10003996 <tusb_rhport_init+0x42>
10003994:	be00      	bkpt	0x0000
10003996:	2000      	movs	r0, #0
10003998:	e7ed      	b.n	10003976 <tusb_rhport_init+0x22>
1000399a:	4c05      	ldr	r4, [pc, #20]	@ (100039b0 <tusb_rhport_init+0x5c>)
1000399c:	2b01      	cmp	r3, #1
1000399e:	5423      	strb	r3, [r4, r0]
100039a0:	d001      	beq.n	100039a6 <tusb_rhport_init+0x52>
100039a2:	2001      	movs	r0, #1
100039a4:	e7e7      	b.n	10003976 <tusb_rhport_init+0x22>
100039a6:	f7fe fef9 	bl	1000279c <tud_rhport_init>
100039aa:	2800      	cmp	r0, #0
100039ac:	d1f9      	bne.n	100039a2 <tusb_rhport_init+0x4e>
100039ae:	e7eb      	b.n	10003988 <tusb_rhport_init+0x34>
100039b0:	2000e8d2 	.word	0x2000e8d2

100039b4 <tu_edpt_claim>:
100039b4:	b5f8      	push	{r3, r4, r5, r6, r7, lr}
100039b6:	7804      	ldrb	r4, [r0, #0]
100039b8:	4605      	mov	r5, r0
100039ba:	f014 0401 	ands.w	r4, r4, #1
100039be:	460e      	mov	r6, r1
100039c0:	d11b      	bne.n	100039fa <tu_edpt_claim+0x46>
100039c2:	7807      	ldrb	r7, [r0, #0]
100039c4:	077a      	lsls	r2, r7, #29
100039c6:	d413      	bmi.n	100039f0 <tu_edpt_claim+0x3c>
100039c8:	f04f 31ff 	mov.w	r1, #4294967295	@ 0xffffffff
100039cc:	4630      	mov	r0, r6
100039ce:	f000 fc63 	bl	10004298 <__mutex_enter_timeout_ms_veneer>
100039d2:	782c      	ldrb	r4, [r5, #0]
100039d4:	f014 0401 	ands.w	r4, r4, #1
100039d8:	d10c      	bne.n	100039f4 <tu_edpt_claim+0x40>
100039da:	782b      	ldrb	r3, [r5, #0]
100039dc:	075b      	lsls	r3, r3, #29
100039de:	d404      	bmi.n	100039ea <tu_edpt_claim+0x36>
100039e0:	2401      	movs	r4, #1
100039e2:	782b      	ldrb	r3, [r5, #0]
100039e4:	f043 0304 	orr.w	r3, r3, #4
100039e8:	702b      	strb	r3, [r5, #0]
100039ea:	4630      	mov	r0, r6
100039ec:	f000 fc5c 	bl	100042a8 <__mutex_exit_veneer>
100039f0:	4620      	mov	r0, r4
100039f2:	bdf8      	pop	{r3, r4, r5, r6, r7, pc}
100039f4:	f3c7 0480 	ubfx	r4, r7, #2, #1
100039f8:	e7f7      	b.n	100039ea <tu_edpt_claim+0x36>
100039fa:	2400      	movs	r4, #0
100039fc:	e7f8      	b.n	100039f0 <tu_edpt_claim+0x3c>

100039fe <tu_edpt_release>:
100039fe:	b570      	push	{r4, r5, r6, lr}
10003a00:	460e      	mov	r6, r1
10003a02:	4604      	mov	r4, r0
10003a04:	f04f 31ff 	mov.w	r1, #4294967295	@ 0xffffffff
10003a08:	4630      	mov	r0, r6
10003a0a:	f000 fc45 	bl	10004298 <__mutex_enter_timeout_ms_veneer>
10003a0e:	7823      	ldrb	r3, [r4, #0]
10003a10:	f3c3 0580 	ubfx	r5, r3, #2, #1
10003a14:	075b      	lsls	r3, r3, #29
10003a16:	d508      	bpl.n	10003a2a <tu_edpt_release+0x2c>
10003a18:	7823      	ldrb	r3, [r4, #0]
10003a1a:	f013 0201 	ands.w	r2, r3, #1
10003a1e:	bf11      	iteee	ne
10003a20:	2500      	movne	r5, #0
10003a22:	7823      	ldrbeq	r3, [r4, #0]
10003a24:	f362 0382 	bfieq	r3, r2, #2, #1
10003a28:	7023      	strbeq	r3, [r4, #0]
10003a2a:	4630      	mov	r0, r6
10003a2c:	f000 fc3c 	bl	100042a8 <__mutex_exit_veneer>
10003a30:	4628      	mov	r0, r5
10003a32:	bd70      	pop	{r4, r5, r6, pc}

10003a34 <tu_edpt_validate>:
10003a34:	8883      	ldrh	r3, [r0, #4]
10003a36:	78c0      	ldrb	r0, [r0, #3]
10003a38:	f3c3 030a 	ubfx	r3, r3, #0, #11
10003a3c:	f000 0003 	and.w	r0, r0, #3
10003a40:	2802      	cmp	r0, #2
10003a42:	d014      	beq.n	10003a6e <tu_edpt_validate+0x3a>
10003a44:	2803      	cmp	r0, #3
10003a46:	d01c      	beq.n	10003a82 <tu_edpt_validate+0x4e>
10003a48:	2801      	cmp	r0, #1
10003a4a:	d10e      	bne.n	10003a6a <tu_edpt_validate+0x36>
10003a4c:	2902      	cmp	r1, #2
10003a4e:	f240 32ff 	movw	r2, #1023	@ 0x3ff
10003a52:	bf08      	it	eq
10003a54:	f44f 6280 	moveq.w	r2, #1024	@ 0x400
10003a58:	429a      	cmp	r2, r3
10003a5a:	d20e      	bcs.n	10003a7a <tu_edpt_validate+0x46>
10003a5c:	f04f 23e0 	mov.w	r3, #3758153728	@ 0xe000e000
10003a60:	f8d3 3df0 	ldr.w	r3, [r3, #3568]	@ 0xdf0
10003a64:	07db      	lsls	r3, r3, #31
10003a66:	d500      	bpl.n	10003a6a <tu_edpt_validate+0x36>
10003a68:	be00      	bkpt	0x0000
10003a6a:	2000      	movs	r0, #0
10003a6c:	4770      	bx	lr
10003a6e:	2902      	cmp	r1, #2
10003a70:	d104      	bne.n	10003a7c <tu_edpt_validate+0x48>
10003a72:	f5b3 7f00 	cmp.w	r3, #512	@ 0x200
10003a76:	d1f1      	bne.n	10003a5c <tu_edpt_validate+0x28>
10003a78:	2001      	movs	r0, #1
10003a7a:	4770      	bx	lr
10003a7c:	2b40      	cmp	r3, #64	@ 0x40
10003a7e:	d9fb      	bls.n	10003a78 <tu_edpt_validate+0x44>
10003a80:	e7ec      	b.n	10003a5c <tu_edpt_validate+0x28>
10003a82:	2902      	cmp	r1, #2
10003a84:	bf14      	ite	ne
10003a86:	2240      	movne	r2, #64	@ 0x40
10003a88:	f44f 6280 	moveq.w	r2, #1024	@ 0x400
10003a8c:	429a      	cmp	r2, r3
10003a8e:	d2f3      	bcs.n	10003a78 <tu_edpt_validate+0x44>
10003a90:	e7e4      	b.n	10003a5c <tu_edpt_validate+0x28>

10003a92 <tu_edpt_bind_driver>:
10003a92:	b530      	push	{r4, r5, lr}
10003a94:	440a      	add	r2, r1
10003a96:	4291      	cmp	r1, r2
10003a98:	d300      	bcc.n	10003a9c <tu_edpt_bind_driver+0xa>
10003a9a:	bd30      	pop	{r4, r5, pc}
10003a9c:	784c      	ldrb	r4, [r1, #1]
10003a9e:	2c05      	cmp	r4, #5
10003aa0:	d106      	bne.n	10003ab0 <tu_edpt_bind_driver+0x1e>
10003aa2:	788c      	ldrb	r4, [r1, #2]
10003aa4:	f004 057f 	and.w	r5, r4, #127	@ 0x7f
10003aa8:	eb00 0545 	add.w	r5, r0, r5, lsl #1
10003aac:	09e4      	lsrs	r4, r4, #7
10003aae:	552b      	strb	r3, [r5, r4]
10003ab0:	780c      	ldrb	r4, [r1, #0]
10003ab2:	4421      	add	r1, r4
10003ab4:	e7ef      	b.n	10003a96 <tu_edpt_bind_driver+0x4>

10003ab6 <tu_edpt_stream_init>:
10003ab6:	b5f7      	push	{r0, r1, r2, r4, r5, r6, r7, lr}
10003ab8:	4615      	mov	r5, r2
10003aba:	7802      	ldrb	r2, [r0, #0]
10003abc:	9f08      	ldr	r7, [sp, #32]
10003abe:	f8bd 6024 	ldrh.w	r6, [sp, #36]	@ 0x24
10003ac2:	f361 0200 	bfi	r2, r1, #0, #1
10003ac6:	4604      	mov	r4, r0
10003ac8:	4639      	mov	r1, r7
10003aca:	f800 2b08 	strb.w	r2, [r0], #8
10003ace:	9300      	str	r3, [sp, #0]
10003ad0:	4632      	mov	r2, r6
10003ad2:	2301      	movs	r3, #1
10003ad4:	f000 f959 	bl	10003d8a <tu_fifo_config>
10003ad8:	b157      	cbz	r7, 10003af0 <tu_edpt_stream_init+0x3a>
10003ada:	b14e      	cbz	r6, 10003af0 <tu_edpt_stream_init+0x3a>
10003adc:	f104 061c 	add.w	r6, r4, #28
10003ae0:	4630      	mov	r0, r6
10003ae2:	f7fd fa6f 	bl	10000fc4 <mutex_init>
10003ae6:	b10d      	cbz	r5, 10003aec <tu_edpt_stream_init+0x36>
10003ae8:	4635      	mov	r5, r6
10003aea:	2600      	movs	r6, #0
10003aec:	e9c4 5605 	strd	r5, r6, [r4, #20]
10003af0:	2001      	movs	r0, #1
10003af2:	9b0a      	ldr	r3, [sp, #40]	@ 0x28
10003af4:	6063      	str	r3, [r4, #4]
10003af6:	f8bd 302c 	ldrh.w	r3, [sp, #44]	@ 0x2c
10003afa:	8063      	strh	r3, [r4, #2]
10003afc:	b003      	add	sp, #12
10003afe:	bdf0      	pop	{r4, r5, r6, r7, pc}

10003b00 <tu_edpt_stream_deinit>:
10003b00:	2001      	movs	r0, #1
10003b02:	4770      	bx	lr

10003b04 <tu_edpt_stream_write_zlp_if_needed>:
10003b04:	b5f8      	push	{r3, r4, r5, r6, r7, lr}
10003b06:	4606      	mov	r6, r0
10003b08:	4608      	mov	r0, r1
10003b0a:	f810 3b08 	ldrb.w	r3, [r0], #8
10003b0e:	460c      	mov	r4, r1
10003b10:	f013 0f02 	tst.w	r3, #2
10003b14:	bf0c      	ite	eq
10003b16:	2540      	moveq	r5, #64	@ 0x40
10003b18:	f44f 7500 	movne.w	r5, #512	@ 0x200
10003b1c:	4617      	mov	r7, r2
10003b1e:	f000 f961 	bl	10003de4 <tu_fifo_count>
10003b22:	b108      	cbz	r0, 10003b28 <tu_edpt_stream_write_zlp_if_needed+0x24>
10003b24:	2000      	movs	r0, #0
10003b26:	bdf8      	pop	{r3, r4, r5, r6, r7, pc}
10003b28:	2f00      	cmp	r7, #0
10003b2a:	d0fb      	beq.n	10003b24 <tu_edpt_stream_write_zlp_if_needed+0x20>
10003b2c:	3d01      	subs	r5, #1
10003b2e:	423d      	tst	r5, r7
10003b30:	d1f8      	bne.n	10003b24 <tu_edpt_stream_write_zlp_if_needed+0x20>
10003b32:	7823      	ldrb	r3, [r4, #0]
10003b34:	07da      	lsls	r2, r3, #31
10003b36:	d4f5      	bmi.n	10003b24 <tu_edpt_stream_write_zlp_if_needed+0x20>
10003b38:	4630      	mov	r0, r6
10003b3a:	7861      	ldrb	r1, [r4, #1]
10003b3c:	f7fe fef2 	bl	10002924 <usbd_edpt_claim>
10003b40:	2800      	cmp	r0, #0
10003b42:	d0ef      	beq.n	10003b24 <tu_edpt_stream_write_zlp_if_needed+0x20>
10003b44:	7823      	ldrb	r3, [r4, #0]
10003b46:	f013 0301 	ands.w	r3, r3, #1
10003b4a:	d007      	beq.n	10003b5c <tu_edpt_stream_write_zlp_if_needed+0x58>
10003b4c:	f04f 23e0 	mov.w	r3, #3758153728	@ 0xe000e000
10003b50:	f8d3 3df0 	ldr.w	r3, [r3, #3568]	@ 0xdf0
10003b54:	07db      	lsls	r3, r3, #31
10003b56:	d5e5      	bpl.n	10003b24 <tu_edpt_stream_write_zlp_if_needed+0x20>
10003b58:	be00      	bkpt	0x0000
10003b5a:	e7e3      	b.n	10003b24 <tu_edpt_stream_write_zlp_if_needed+0x20>
10003b5c:	461a      	mov	r2, r3
10003b5e:	4630      	mov	r0, r6
10003b60:	7861      	ldrb	r1, [r4, #1]
10003b62:	f7fe feff 	bl	10002964 <usbd_edpt_xfer>
10003b66:	2800      	cmp	r0, #0
10003b68:	d1dd      	bne.n	10003b26 <tu_edpt_stream_write_zlp_if_needed+0x22>
10003b6a:	e7ef      	b.n	10003b4c <tu_edpt_stream_write_zlp_if_needed+0x48>

10003b6c <tu_edpt_stream_write_xfer>:
10003b6c:	b570      	push	{r4, r5, r6, lr}
10003b6e:	4606      	mov	r6, r0
10003b70:	f101 0008 	add.w	r0, r1, #8
10003b74:	460c      	mov	r4, r1
10003b76:	f000 f935 	bl	10003de4 <tu_fifo_count>
10003b7a:	b1c8      	cbz	r0, 10003bb0 <tu_edpt_stream_write_xfer+0x44>
10003b7c:	7823      	ldrb	r3, [r4, #0]
10003b7e:	07da      	lsls	r2, r3, #31
10003b80:	d416      	bmi.n	10003bb0 <tu_edpt_stream_write_xfer+0x44>
10003b82:	4630      	mov	r0, r6
10003b84:	7861      	ldrb	r1, [r4, #1]
10003b86:	f7fe fecd 	bl	10002924 <usbd_edpt_claim>
10003b8a:	b188      	cbz	r0, 10003bb0 <tu_edpt_stream_write_xfer+0x44>
10003b8c:	8862      	ldrh	r2, [r4, #2]
10003b8e:	6861      	ldr	r1, [r4, #4]
10003b90:	f104 0008 	add.w	r0, r4, #8
10003b94:	f000 f981 	bl	10003e9a <tu_fifo_read_n>
10003b98:	7823      	ldrb	r3, [r4, #0]
10003b9a:	4605      	mov	r5, r0
10003b9c:	f003 0301 	and.w	r3, r3, #1
10003ba0:	b1a0      	cbz	r0, 10003bcc <tu_edpt_stream_write_xfer+0x60>
10003ba2:	b13b      	cbz	r3, 10003bb4 <tu_edpt_stream_write_xfer+0x48>
10003ba4:	f04f 23e0 	mov.w	r3, #3758153728	@ 0xe000e000
10003ba8:	f8d3 3df0 	ldr.w	r3, [r3, #3568]	@ 0xdf0
10003bac:	07db      	lsls	r3, r3, #31
10003bae:	d40b      	bmi.n	10003bc8 <tu_edpt_stream_write_xfer+0x5c>
10003bb0:	2000      	movs	r0, #0
10003bb2:	bd70      	pop	{r4, r5, r6, pc}
10003bb4:	4603      	mov	r3, r0
10003bb6:	6862      	ldr	r2, [r4, #4]
10003bb8:	4630      	mov	r0, r6
10003bba:	7861      	ldrb	r1, [r4, #1]
10003bbc:	f7fe fed2 	bl	10002964 <usbd_edpt_xfer>
10003bc0:	2800      	cmp	r0, #0
10003bc2:	d0ef      	beq.n	10003ba4 <tu_edpt_stream_write_xfer+0x38>
10003bc4:	4628      	mov	r0, r5
10003bc6:	e7f4      	b.n	10003bb2 <tu_edpt_stream_write_xfer+0x46>
10003bc8:	be00      	bkpt	0x0000
10003bca:	e7f1      	b.n	10003bb0 <tu_edpt_stream_write_xfer+0x44>
10003bcc:	2b00      	cmp	r3, #0
10003bce:	d1ef      	bne.n	10003bb0 <tu_edpt_stream_write_xfer+0x44>
10003bd0:	4630      	mov	r0, r6
10003bd2:	7861      	ldrb	r1, [r4, #1]
10003bd4:	f7fe feb6 	bl	10002944 <usbd_edpt_release>
10003bd8:	e7ea      	b.n	10003bb0 <tu_edpt_stream_write_xfer+0x44>

10003bda <tu_edpt_stream_read_xfer>:
10003bda:	898a      	ldrh	r2, [r1, #12]
10003bdc:	b5f8      	push	{r3, r4, r5, r6, r7, lr}
10003bde:	4606      	mov	r6, r0
10003be0:	460c      	mov	r4, r1
10003be2:	780b      	ldrb	r3, [r1, #0]
10003be4:	b9f2      	cbnz	r2, 10003c24 <tu_edpt_stream_read_xfer+0x4a>
10003be6:	07dd      	lsls	r5, r3, #31
10003be8:	d40d      	bmi.n	10003c06 <tu_edpt_stream_read_xfer+0x2c>
10003bea:	7849      	ldrb	r1, [r1, #1]
10003bec:	f7fe fe9a 	bl	10002924 <usbd_edpt_claim>
10003bf0:	b148      	cbz	r0, 10003c06 <tu_edpt_stream_read_xfer+0x2c>
10003bf2:	7823      	ldrb	r3, [r4, #0]
10003bf4:	07d9      	lsls	r1, r3, #31
10003bf6:	d508      	bpl.n	10003c0a <tu_edpt_stream_read_xfer+0x30>
10003bf8:	f04f 23e0 	mov.w	r3, #3758153728	@ 0xe000e000
10003bfc:	f8d3 3df0 	ldr.w	r3, [r3, #3568]	@ 0xdf0
10003c00:	07db      	lsls	r3, r3, #31
10003c02:	d500      	bpl.n	10003c06 <tu_edpt_stream_read_xfer+0x2c>
10003c04:	be00      	bkpt	0x0000
10003c06:	2000      	movs	r0, #0
10003c08:	bdf8      	pop	{r3, r4, r5, r6, r7, pc}
10003c0a:	8863      	ldrh	r3, [r4, #2]
10003c0c:	7861      	ldrb	r1, [r4, #1]
10003c0e:	b13b      	cbz	r3, 10003c20 <tu_edpt_stream_read_xfer+0x46>
10003c10:	6862      	ldr	r2, [r4, #4]
10003c12:	4630      	mov	r0, r6
10003c14:	f7fe fea6 	bl	10002964 <usbd_edpt_xfer>
10003c18:	2800      	cmp	r0, #0
10003c1a:	d0ed      	beq.n	10003bf8 <tu_edpt_stream_read_xfer+0x1e>
10003c1c:	8860      	ldrh	r0, [r4, #2]
10003c1e:	e7f3      	b.n	10003c08 <tu_edpt_stream_read_xfer+0x2e>
10003c20:	461a      	mov	r2, r3
10003c22:	e7f6      	b.n	10003c12 <tu_edpt_stream_read_xfer+0x38>
10003c24:	f101 0708 	add.w	r7, r1, #8
10003c28:	f013 0f02 	tst.w	r3, #2
10003c2c:	4638      	mov	r0, r7
10003c2e:	bf0c      	ite	eq
10003c30:	2540      	moveq	r5, #64	@ 0x40
10003c32:	f44f 7500 	movne.w	r5, #512	@ 0x200
10003c36:	f000 f8ff 	bl	10003e38 <tu_fifo_remaining>
10003c3a:	4285      	cmp	r5, r0
10003c3c:	d8e3      	bhi.n	10003c06 <tu_edpt_stream_read_xfer+0x2c>
10003c3e:	7823      	ldrb	r3, [r4, #0]
10003c40:	07da      	lsls	r2, r3, #31
10003c42:	d4e0      	bmi.n	10003c06 <tu_edpt_stream_read_xfer+0x2c>
10003c44:	4630      	mov	r0, r6
10003c46:	7861      	ldrb	r1, [r4, #1]
10003c48:	f7fe fe6c 	bl	10002924 <usbd_edpt_claim>
10003c4c:	2800      	cmp	r0, #0
10003c4e:	d0da      	beq.n	10003c06 <tu_edpt_stream_read_xfer+0x2c>
10003c50:	4638      	mov	r0, r7
10003c52:	f000 f8f1 	bl	10003e38 <tu_fifo_remaining>
10003c56:	7823      	ldrb	r3, [r4, #0]
10003c58:	4285      	cmp	r5, r0
10003c5a:	f003 0301 	and.w	r3, r3, #1
10003c5e:	d815      	bhi.n	10003c8c <tu_edpt_stream_read_xfer+0xb2>
10003c60:	2b00      	cmp	r3, #0
10003c62:	d1c9      	bne.n	10003bf8 <tu_edpt_stream_read_xfer+0x1e>
10003c64:	426d      	negs	r5, r5
10003c66:	8863      	ldrh	r3, [r4, #2]
10003c68:	4005      	ands	r5, r0
10003c6a:	b2ad      	uxth	r5, r5
10003c6c:	429d      	cmp	r5, r3
10003c6e:	bf28      	it	cs
10003c70:	461d      	movcs	r5, r3
10003c72:	7861      	ldrb	r1, [r4, #1]
10003c74:	b145      	cbz	r5, 10003c88 <tu_edpt_stream_read_xfer+0xae>
10003c76:	6862      	ldr	r2, [r4, #4]
10003c78:	462b      	mov	r3, r5
10003c7a:	4630      	mov	r0, r6
10003c7c:	f7fe fe72 	bl	10002964 <usbd_edpt_xfer>
10003c80:	2800      	cmp	r0, #0
10003c82:	d0b9      	beq.n	10003bf8 <tu_edpt_stream_read_xfer+0x1e>
10003c84:	4628      	mov	r0, r5
10003c86:	e7bf      	b.n	10003c08 <tu_edpt_stream_read_xfer+0x2e>
10003c88:	462a      	mov	r2, r5
10003c8a:	e7f5      	b.n	10003c78 <tu_edpt_stream_read_xfer+0x9e>
10003c8c:	2b00      	cmp	r3, #0
10003c8e:	d1ba      	bne.n	10003c06 <tu_edpt_stream_read_xfer+0x2c>
10003c90:	4630      	mov	r0, r6
10003c92:	7861      	ldrb	r1, [r4, #1]
10003c94:	f7fe fe56 	bl	10002944 <usbd_edpt_release>
10003c98:	e7b5      	b.n	10003c06 <tu_edpt_stream_read_xfer+0x2c>

10003c9a <advance_index>:
10003c9a:	440a      	add	r2, r1
10003c9c:	b292      	uxth	r2, r2
10003c9e:	4291      	cmp	r1, r2
10003ca0:	d802      	bhi.n	10003ca8 <advance_index+0xe>
10003ca2:	ebb2 0f40 	cmp.w	r2, r0, lsl #1
10003ca6:	db02      	blt.n	10003cae <advance_index+0x14>
10003ca8:	eba2 0240 	sub.w	r2, r2, r0, lsl #1
10003cac:	b292      	uxth	r2, r2
10003cae:	4610      	mov	r0, r2
10003cb0:	4770      	bx	lr

10003cb2 <_tu_fifo_peek>:
10003cb2:	b570      	push	{r4, r5, r6, lr}
10003cb4:	4605      	mov	r5, r0
10003cb6:	88ac      	ldrh	r4, [r5, #4]
10003cb8:	1ad6      	subs	r6, r2, r3
10003cba:	4608      	mov	r0, r1
10003cbc:	b2b1      	uxth	r1, r6
10003cbe:	eb06 0644 	add.w	r6, r6, r4, lsl #1
10003cc2:	b2b6      	uxth	r6, r6
10003cc4:	429a      	cmp	r2, r3
10003cc6:	bf38      	it	cc
10003cc8:	4631      	movcc	r1, r6
10003cca:	b1b1      	cbz	r1, 10003cfa <_tu_fifo_peek+0x48>
10003ccc:	428c      	cmp	r4, r1
10003cce:	d205      	bcs.n	10003cdc <_tu_fifo_peek+0x2a>
10003cd0:	4294      	cmp	r4, r2
10003cd2:	bf94      	ite	ls
10003cd4:	1b12      	subls	r2, r2, r4
10003cd6:	1912      	addhi	r2, r2, r4
10003cd8:	b293      	uxth	r3, r2
10003cda:	816b      	strh	r3, [r5, #10]
10003cdc:	429c      	cmp	r4, r3
10003cde:	d909      	bls.n	10003cf4 <_tu_fifo_peek+0x42>
10003ce0:	88ea      	ldrh	r2, [r5, #6]
10003ce2:	6829      	ldr	r1, [r5, #0]
10003ce4:	f3c2 020e 	ubfx	r2, r2, #0, #15
10003ce8:	fb02 1103 	mla	r1, r2, r3, r1
10003cec:	f000 fa2a 	bl	10004144 <memcpy>
10003cf0:	2001      	movs	r0, #1
10003cf2:	bd70      	pop	{r4, r5, r6, pc}
10003cf4:	1b1b      	subs	r3, r3, r4
10003cf6:	b29b      	uxth	r3, r3
10003cf8:	e7f0      	b.n	10003cdc <_tu_fifo_peek+0x2a>
10003cfa:	4608      	mov	r0, r1
10003cfc:	e7f9      	b.n	10003cf2 <_tu_fifo_peek+0x40>

10003cfe <_tu_fifo_peek_n.constprop.0>:
10003cfe:	e92d 47f0 	stmdb	sp!, {r4, r5, r6, r7, r8, r9, sl, lr}
10003d02:	f8bd 4020 	ldrh.w	r4, [sp, #32]
10003d06:	8885      	ldrh	r5, [r0, #4]
10003d08:	4688      	mov	r8, r1
10003d0a:	1b19      	subs	r1, r3, r4
10003d0c:	b28e      	uxth	r6, r1
10003d0e:	eb01 0145 	add.w	r1, r1, r5, lsl #1
10003d12:	b289      	uxth	r1, r1
10003d14:	42a3      	cmp	r3, r4
10003d16:	bf38      	it	cc
10003d18:	460e      	movcc	r6, r1
10003d1a:	4607      	mov	r7, r0
10003d1c:	b1fe      	cbz	r6, 10003d5e <_tu_fifo_peek_n.constprop.0+0x60>
10003d1e:	42b5      	cmp	r5, r6
10003d20:	d206      	bcs.n	10003d30 <_tu_fifo_peek_n.constprop.0+0x32>
10003d22:	462e      	mov	r6, r5
10003d24:	429d      	cmp	r5, r3
10003d26:	bf94      	ite	ls
10003d28:	1b5b      	subls	r3, r3, r5
10003d2a:	195b      	addhi	r3, r3, r5
10003d2c:	b29c      	uxth	r4, r3
10003d2e:	8144      	strh	r4, [r0, #10]
10003d30:	42b2      	cmp	r2, r6
10003d32:	bf28      	it	cs
10003d34:	4632      	movcs	r2, r6
10003d36:	b296      	uxth	r6, r2
10003d38:	42a5      	cmp	r5, r4
10003d3a:	d913      	bls.n	10003d64 <_tu_fifo_peek_n.constprop.0+0x66>
10003d3c:	88fa      	ldrh	r2, [r7, #6]
10003d3e:	eba5 0904 	sub.w	r9, r5, r4
10003d42:	6839      	ldr	r1, [r7, #0]
10003d44:	fa1f f989 	uxth.w	r9, r9
10003d48:	f3c2 0a0e 	ubfx	sl, r2, #0, #15
10003d4c:	454e      	cmp	r6, r9
10003d4e:	fb0a 1104 	mla	r1, sl, r4, r1
10003d52:	d80a      	bhi.n	10003d6a <_tu_fifo_peek_n.constprop.0+0x6c>
10003d54:	4640      	mov	r0, r8
10003d56:	fb06 f20a 	mul.w	r2, r6, sl
10003d5a:	f000 f9f3 	bl	10004144 <memcpy>
10003d5e:	4630      	mov	r0, r6
10003d60:	e8bd 87f0 	ldmia.w	sp!, {r4, r5, r6, r7, r8, r9, sl, pc}
10003d64:	1b64      	subs	r4, r4, r5
10003d66:	b2a4      	uxth	r4, r4
10003d68:	e7e6      	b.n	10003d38 <_tu_fifo_peek_n.constprop.0+0x3a>
10003d6a:	fb19 f90a 	smulbb	r9, r9, sl
10003d6e:	4640      	mov	r0, r8
10003d70:	fa1f f289 	uxth.w	r2, r9
10003d74:	1b75      	subs	r5, r6, r5
10003d76:	f000 f9e5 	bl	10004144 <memcpy>
10003d7a:	1962      	adds	r2, r4, r5
10003d7c:	fb12 f20a 	smulbb	r2, r2, sl
10003d80:	6839      	ldr	r1, [r7, #0]
10003d82:	b292      	uxth	r2, r2
10003d84:	fa18 f089 	uxtah	r0, r8, r9
10003d88:	e7e7      	b.n	10003d5a <_tu_fifo_peek_n.constprop.0+0x5c>

10003d8a <tu_fifo_config>:
10003d8a:	f5b2 4f00 	cmp.w	r2, #32768	@ 0x8000
10003d8e:	b5f8      	push	{r3, r4, r5, r6, r7, lr}
10003d90:	4604      	mov	r4, r0
10003d92:	460f      	mov	r7, r1
10003d94:	4616      	mov	r6, r2
10003d96:	461d      	mov	r5, r3
10003d98:	d822      	bhi.n	10003de0 <tu_fifo_config+0x56>
10003d9a:	68c0      	ldr	r0, [r0, #12]
10003d9c:	b118      	cbz	r0, 10003da6 <tu_fifo_config+0x1c>
10003d9e:	f04f 31ff 	mov.w	r1, #4294967295	@ 0xffffffff
10003da2:	f000 fa79 	bl	10004298 <__mutex_enter_timeout_ms_veneer>
10003da6:	6920      	ldr	r0, [r4, #16]
10003da8:	b118      	cbz	r0, 10003db2 <tu_fifo_config+0x28>
10003daa:	f04f 31ff 	mov.w	r1, #4294967295	@ 0xffffffff
10003dae:	f000 fa73 	bl	10004298 <__mutex_enter_timeout_ms_veneer>
10003db2:	f89d 3018 	ldrb.w	r3, [sp, #24]
10003db6:	f3c5 050e 	ubfx	r5, r5, #0, #15
10003dba:	ea45 35c3 	orr.w	r5, r5, r3, lsl #15
10003dbe:	2300      	movs	r3, #0
10003dc0:	68e0      	ldr	r0, [r4, #12]
10003dc2:	8163      	strh	r3, [r4, #10]
10003dc4:	6027      	str	r7, [r4, #0]
10003dc6:	80a6      	strh	r6, [r4, #4]
10003dc8:	80e5      	strh	r5, [r4, #6]
10003dca:	8123      	strh	r3, [r4, #8]
10003dcc:	b108      	cbz	r0, 10003dd2 <tu_fifo_config+0x48>
10003dce:	f000 fa6b 	bl	100042a8 <__mutex_exit_veneer>
10003dd2:	6920      	ldr	r0, [r4, #16]
10003dd4:	b908      	cbnz	r0, 10003dda <tu_fifo_config+0x50>
10003dd6:	2001      	movs	r0, #1
10003dd8:	bdf8      	pop	{r3, r4, r5, r6, r7, pc}
10003dda:	f000 fa65 	bl	100042a8 <__mutex_exit_veneer>
10003dde:	e7fa      	b.n	10003dd6 <tu_fifo_config+0x4c>
10003de0:	2000      	movs	r0, #0
10003de2:	e7f9      	b.n	10003dd8 <tu_fifo_config+0x4e>

10003de4 <tu_fifo_count>:
10003de4:	4602      	mov	r2, r0
10003de6:	8913      	ldrh	r3, [r2, #8]
10003de8:	8952      	ldrh	r2, [r2, #10]
10003dea:	8880      	ldrh	r0, [r0, #4]
10003dec:	b292      	uxth	r2, r2
10003dee:	b29b      	uxth	r3, r3
10003df0:	4293      	cmp	r3, r2
10003df2:	bf36      	itet	cc
10003df4:	ebc2 0240 	rsbcc	r2, r2, r0, lsl #1
10003df8:	1a9b      	subcs	r3, r3, r2
10003dfa:	189b      	addcc	r3, r3, r2
10003dfc:	b29b      	uxth	r3, r3
10003dfe:	4298      	cmp	r0, r3
10003e00:	bf28      	it	cs
10003e02:	4618      	movcs	r0, r3
10003e04:	4770      	bx	lr

10003e06 <tu_fifo_empty>:
10003e06:	8902      	ldrh	r2, [r0, #8]
10003e08:	8943      	ldrh	r3, [r0, #10]
10003e0a:	b292      	uxth	r2, r2
10003e0c:	b29b      	uxth	r3, r3
10003e0e:	1ad3      	subs	r3, r2, r3
10003e10:	4258      	negs	r0, r3
10003e12:	4158      	adcs	r0, r3
10003e14:	4770      	bx	lr

10003e16 <tu_fifo_full>:
10003e16:	8903      	ldrh	r3, [r0, #8]
10003e18:	8942      	ldrh	r2, [r0, #10]
10003e1a:	8881      	ldrh	r1, [r0, #4]
10003e1c:	b292      	uxth	r2, r2
10003e1e:	b29b      	uxth	r3, r3
10003e20:	4293      	cmp	r3, r2
10003e22:	bf36      	itet	cc
10003e24:	ebc2 0241 	rsbcc	r2, r2, r1, lsl #1
10003e28:	1a9b      	subcs	r3, r3, r2
10003e2a:	189b      	addcc	r3, r3, r2
10003e2c:	b29b      	uxth	r3, r3
10003e2e:	4299      	cmp	r1, r3
10003e30:	bf8c      	ite	hi
10003e32:	2000      	movhi	r0, #0
10003e34:	2001      	movls	r0, #1
10003e36:	4770      	bx	lr

10003e38 <tu_fifo_remaining>:
10003e38:	8903      	ldrh	r3, [r0, #8]
10003e3a:	8941      	ldrh	r1, [r0, #10]
10003e3c:	8882      	ldrh	r2, [r0, #4]
10003e3e:	b289      	uxth	r1, r1
10003e40:	b29b      	uxth	r3, r3
10003e42:	428b      	cmp	r3, r1
10003e44:	bf36      	itet	cc
10003e46:	ebc1 0142 	rsbcc	r1, r1, r2, lsl #1
10003e4a:	1a5b      	subcs	r3, r3, r1
10003e4c:	185b      	addcc	r3, r3, r1
10003e4e:	b29b      	uxth	r3, r3
10003e50:	429a      	cmp	r2, r3
10003e52:	bf86      	itte	hi
10003e54:	1ad0      	subhi	r0, r2, r3
10003e56:	b280      	uxthhi	r0, r0
10003e58:	2000      	movls	r0, #0
10003e5a:	4770      	bx	lr

10003e5c <tu_fifo_read>:
10003e5c:	b538      	push	{r3, r4, r5, lr}
10003e5e:	4604      	mov	r4, r0
10003e60:	6900      	ldr	r0, [r0, #16]
10003e62:	460d      	mov	r5, r1
10003e64:	b118      	cbz	r0, 10003e6e <tu_fifo_read+0x12>
10003e66:	f04f 31ff 	mov.w	r1, #4294967295	@ 0xffffffff
10003e6a:	f000 fa15 	bl	10004298 <__mutex_enter_timeout_ms_veneer>
10003e6e:	8922      	ldrh	r2, [r4, #8]
10003e70:	8963      	ldrh	r3, [r4, #10]
10003e72:	4629      	mov	r1, r5
10003e74:	b292      	uxth	r2, r2
10003e76:	4620      	mov	r0, r4
10003e78:	b29b      	uxth	r3, r3
10003e7a:	f7ff ff1a 	bl	10003cb2 <_tu_fifo_peek>
10003e7e:	8961      	ldrh	r1, [r4, #10]
10003e80:	4602      	mov	r2, r0
10003e82:	4605      	mov	r5, r0
10003e84:	b289      	uxth	r1, r1
10003e86:	88a0      	ldrh	r0, [r4, #4]
10003e88:	f7ff ff07 	bl	10003c9a <advance_index>
10003e8c:	8160      	strh	r0, [r4, #10]
10003e8e:	6920      	ldr	r0, [r4, #16]
10003e90:	b108      	cbz	r0, 10003e96 <tu_fifo_read+0x3a>
10003e92:	f000 fa09 	bl	100042a8 <__mutex_exit_veneer>
10003e96:	4628      	mov	r0, r5
10003e98:	bd38      	pop	{r3, r4, r5, pc}

10003e9a <tu_fifo_read_n>:
10003e9a:	b573      	push	{r0, r1, r4, r5, r6, lr}
10003e9c:	4604      	mov	r4, r0
10003e9e:	6900      	ldr	r0, [r0, #16]
10003ea0:	460d      	mov	r5, r1
10003ea2:	4616      	mov	r6, r2
10003ea4:	b118      	cbz	r0, 10003eae <tu_fifo_read_n+0x14>
10003ea6:	f04f 31ff 	mov.w	r1, #4294967295	@ 0xffffffff
10003eaa:	f000 f9f5 	bl	10004298 <__mutex_enter_timeout_ms_veneer>
10003eae:	8923      	ldrh	r3, [r4, #8]
10003eb0:	8961      	ldrh	r1, [r4, #10]
10003eb2:	4632      	mov	r2, r6
10003eb4:	b289      	uxth	r1, r1
10003eb6:	9100      	str	r1, [sp, #0]
10003eb8:	4620      	mov	r0, r4
10003eba:	4629      	mov	r1, r5
10003ebc:	b29b      	uxth	r3, r3
10003ebe:	f7ff ff1e 	bl	10003cfe <_tu_fifo_peek_n.constprop.0>
10003ec2:	8961      	ldrh	r1, [r4, #10]
10003ec4:	4602      	mov	r2, r0
10003ec6:	4605      	mov	r5, r0
10003ec8:	b289      	uxth	r1, r1
10003eca:	88a0      	ldrh	r0, [r4, #4]
10003ecc:	f7ff fee5 	bl	10003c9a <advance_index>
10003ed0:	8160      	strh	r0, [r4, #10]
10003ed2:	6920      	ldr	r0, [r4, #16]
10003ed4:	b108      	cbz	r0, 10003eda <tu_fifo_read_n+0x40>
10003ed6:	f000 f9e7 	bl	100042a8 <__mutex_exit_veneer>
10003eda:	4628      	mov	r0, r5
10003edc:	b002      	add	sp, #8
10003ede:	bd70      	pop	{r4, r5, r6, pc}

10003ee0 <tu_fifo_write>:
10003ee0:	b5f8      	push	{r3, r4, r5, r6, r7, lr}
10003ee2:	4604      	mov	r4, r0
10003ee4:	68c0      	ldr	r0, [r0, #12]
10003ee6:	460f      	mov	r7, r1
10003ee8:	b118      	cbz	r0, 10003ef2 <tu_fifo_write+0x12>
10003eea:	f04f 31ff 	mov.w	r1, #4294967295	@ 0xffffffff
10003eee:	f000 f9d3 	bl	10004298 <__mutex_enter_timeout_ms_veneer>
10003ef2:	8925      	ldrh	r5, [r4, #8]
10003ef4:	4620      	mov	r0, r4
10003ef6:	b2ad      	uxth	r5, r5
10003ef8:	f7ff ff8d 	bl	10003e16 <tu_fifo_full>
10003efc:	b120      	cbz	r0, 10003f08 <tu_fifo_write+0x28>
10003efe:	79e3      	ldrb	r3, [r4, #7]
10003f00:	f3c3 16c0 	ubfx	r6, r3, #7, #1
10003f04:	061b      	lsls	r3, r3, #24
10003f06:	d513      	bpl.n	10003f30 <tu_fifo_write+0x50>
10003f08:	4628      	mov	r0, r5
10003f0a:	88a3      	ldrh	r3, [r4, #4]
10003f0c:	4283      	cmp	r3, r0
10003f0e:	d915      	bls.n	10003f3c <tu_fifo_write+0x5c>
10003f10:	88e2      	ldrh	r2, [r4, #6]
10003f12:	6823      	ldr	r3, [r4, #0]
10003f14:	f3c2 020e 	ubfx	r2, r2, #0, #15
10003f18:	4639      	mov	r1, r7
10003f1a:	fb02 3000 	mla	r0, r2, r0, r3
10003f1e:	f000 f911 	bl	10004144 <memcpy>
10003f22:	2201      	movs	r2, #1
10003f24:	4629      	mov	r1, r5
10003f26:	88a0      	ldrh	r0, [r4, #4]
10003f28:	f7ff feb7 	bl	10003c9a <advance_index>
10003f2c:	2601      	movs	r6, #1
10003f2e:	8120      	strh	r0, [r4, #8]
10003f30:	68e0      	ldr	r0, [r4, #12]
10003f32:	b108      	cbz	r0, 10003f38 <tu_fifo_write+0x58>
10003f34:	f000 f9b8 	bl	100042a8 <__mutex_exit_veneer>
10003f38:	4630      	mov	r0, r6
10003f3a:	bdf8      	pop	{r3, r4, r5, r6, r7, pc}
10003f3c:	1ac0      	subs	r0, r0, r3
10003f3e:	b280      	uxth	r0, r0
10003f40:	e7e4      	b.n	10003f0c <tu_fifo_write+0x2c>

10003f42 <tu_fifo_write_n>:
10003f42:	e92d 4ff8 	stmdb	sp!, {r3, r4, r5, r6, r7, r8, r9, sl, fp, lr}
10003f46:	4605      	mov	r5, r0
10003f48:	460e      	mov	r6, r1
10003f4a:	4690      	mov	r8, r2
10003f4c:	2a00      	cmp	r2, #0
10003f4e:	d03f      	beq.n	10003fd0 <tu_fifo_write_n+0x8e>
10003f50:	68c0      	ldr	r0, [r0, #12]
10003f52:	b118      	cbz	r0, 10003f5c <tu_fifo_write_n+0x1a>
10003f54:	f04f 31ff 	mov.w	r1, #4294967295	@ 0xffffffff
10003f58:	f000 f99e 	bl	10004298 <__mutex_enter_timeout_ms_veneer>
10003f5c:	79eb      	ldrb	r3, [r5, #7]
10003f5e:	892f      	ldrh	r7, [r5, #8]
10003f60:	8969      	ldrh	r1, [r5, #10]
10003f62:	061b      	lsls	r3, r3, #24
10003f64:	88ac      	ldrh	r4, [r5, #4]
10003f66:	b2bf      	uxth	r7, r7
10003f68:	b289      	uxth	r1, r1
10003f6a:	d434      	bmi.n	10003fd6 <tu_fifo_write_n+0x94>
10003f6c:	428f      	cmp	r7, r1
10003f6e:	bf35      	itete	cc
10003f70:	ebc1 0344 	rsbcc	r3, r1, r4, lsl #1
10003f74:	1a79      	subcs	r1, r7, r1
10003f76:	19db      	addcc	r3, r3, r7
10003f78:	b28b      	uxthcs	r3, r1
10003f7a:	bf38      	it	cc
10003f7c:	b29b      	uxthcc	r3, r3
10003f7e:	42a3      	cmp	r3, r4
10003f80:	d261      	bcs.n	10004046 <tu_fifo_write_n+0x104>
10003f82:	1ae3      	subs	r3, r4, r3
10003f84:	b29b      	uxth	r3, r3
10003f86:	4543      	cmp	r3, r8
10003f88:	bf28      	it	cs
10003f8a:	4643      	movcs	r3, r8
10003f8c:	fa1f f883 	uxth.w	r8, r3
10003f90:	46b9      	mov	r9, r7
10003f92:	45a1      	cmp	r9, r4
10003f94:	d240      	bcs.n	10004018 <tu_fifo_write_n+0xd6>
10003f96:	88ea      	ldrh	r2, [r5, #6]
10003f98:	eba4 0a09 	sub.w	sl, r4, r9
10003f9c:	6828      	ldr	r0, [r5, #0]
10003f9e:	fa1f fa8a 	uxth.w	sl, sl
10003fa2:	f3c2 0b0e 	ubfx	fp, r2, #0, #15
10003fa6:	45c2      	cmp	sl, r8
10003fa8:	fb0b 0009 	mla	r0, fp, r9, r0
10003fac:	d339      	bcc.n	10004022 <tu_fifo_write_n+0xe0>
10003fae:	4631      	mov	r1, r6
10003fb0:	fb0b f208 	mul.w	r2, fp, r8
10003fb4:	f000 f8c6 	bl	10004144 <memcpy>
10003fb8:	4642      	mov	r2, r8
10003fba:	4639      	mov	r1, r7
10003fbc:	88a8      	ldrh	r0, [r5, #4]
10003fbe:	f7ff fe6c 	bl	10003c9a <advance_index>
10003fc2:	4644      	mov	r4, r8
10003fc4:	8128      	strh	r0, [r5, #8]
10003fc6:	68e8      	ldr	r0, [r5, #12]
10003fc8:	b108      	cbz	r0, 10003fce <tu_fifo_write_n+0x8c>
10003fca:	f000 f96d 	bl	100042a8 <__mutex_exit_veneer>
10003fce:	46a0      	mov	r8, r4
10003fd0:	4640      	mov	r0, r8
10003fd2:	e8bd 8ff8 	ldmia.w	sp!, {r3, r4, r5, r6, r7, r8, r9, sl, fp, pc}
10003fd6:	45a0      	cmp	r8, r4
10003fd8:	d30b      	bcc.n	10003ff2 <tu_fifo_write_n+0xb0>
10003fda:	2c00      	cmp	r4, #0
10003fdc:	d0f3      	beq.n	10003fc6 <tu_fifo_write_n+0x84>
10003fde:	88eb      	ldrh	r3, [r5, #6]
10003fe0:	eba8 0804 	sub.w	r8, r8, r4
10003fe4:	f3c3 030e 	ubfx	r3, r3, #0, #15
10003fe8:	fb03 6608 	mla	r6, r3, r8, r6
10003fec:	460f      	mov	r7, r1
10003fee:	46a0      	mov	r8, r4
10003ff0:	e7ce      	b.n	10003f90 <tu_fifo_write_n+0x4e>
10003ff2:	428f      	cmp	r7, r1
10003ff4:	ea4f 0244 	mov.w	r2, r4, lsl #1
10003ff8:	bf36      	itet	cc
10003ffa:	1a53      	subcc	r3, r2, r1
10003ffc:	1a7b      	subcs	r3, r7, r1
10003ffe:	19db      	addcc	r3, r3, r7
10004000:	b29b      	uxth	r3, r3
10004002:	4443      	add	r3, r8
10004004:	4293      	cmp	r3, r2
10004006:	dbc3      	blt.n	10003f90 <tu_fifo_write_n+0x4e>
10004008:	eba4 0208 	sub.w	r2, r4, r8
1000400c:	4620      	mov	r0, r4
1000400e:	b292      	uxth	r2, r2
10004010:	f7ff fe43 	bl	10003c9a <advance_index>
10004014:	4607      	mov	r7, r0
10004016:	e7bb      	b.n	10003f90 <tu_fifo_write_n+0x4e>
10004018:	eba9 0904 	sub.w	r9, r9, r4
1000401c:	fa1f f989 	uxth.w	r9, r9
10004020:	e7b7      	b.n	10003f92 <tu_fifo_write_n+0x50>
10004022:	fb1a fa0b 	smulbb	sl, sl, fp
10004026:	4631      	mov	r1, r6
10004028:	fa1f f28a 	uxth.w	r2, sl
1000402c:	eba8 0404 	sub.w	r4, r8, r4
10004030:	f000 f888 	bl	10004144 <memcpy>
10004034:	eb09 0204 	add.w	r2, r9, r4
10004038:	fb12 f20b 	smulbb	r2, r2, fp
1000403c:	6828      	ldr	r0, [r5, #0]
1000403e:	b292      	uxth	r2, r2
10004040:	fa16 f18a 	uxtah	r1, r6, sl
10004044:	e7b6      	b.n	10003fb4 <tu_fifo_write_n+0x72>
10004046:	2400      	movs	r4, #0
10004048:	e7bd      	b.n	10003fc6 <tu_fifo_write_n+0x84>

1000404a <tu_fifo_clear>:
1000404a:	b510      	push	{r4, lr}
1000404c:	4604      	mov	r4, r0
1000404e:	68c0      	ldr	r0, [r0, #12]
10004050:	b118      	cbz	r0, 1000405a <tu_fifo_clear+0x10>
10004052:	f04f 31ff 	mov.w	r1, #4294967295	@ 0xffffffff
10004056:	f000 f91f 	bl	10004298 <__mutex_enter_timeout_ms_veneer>
1000405a:	6920      	ldr	r0, [r4, #16]
1000405c:	b118      	cbz	r0, 10004066 <tu_fifo_clear+0x1c>
1000405e:	f04f 31ff 	mov.w	r1, #4294967295	@ 0xffffffff
10004062:	f000 f919 	bl	10004298 <__mutex_enter_timeout_ms_veneer>
10004066:	2300      	movs	r3, #0
10004068:	68e0      	ldr	r0, [r4, #12]
1000406a:	8163      	strh	r3, [r4, #10]
1000406c:	8123      	strh	r3, [r4, #8]
1000406e:	b108      	cbz	r0, 10004074 <tu_fifo_clear+0x2a>
10004070:	f000 f91a 	bl	100042a8 <__mutex_exit_veneer>
10004074:	6920      	ldr	r0, [r4, #16]
10004076:	b108      	cbz	r0, 1000407c <tu_fifo_clear+0x32>
10004078:	f000 f916 	bl	100042a8 <__mutex_exit_veneer>
1000407c:	2001      	movs	r0, #1
1000407e:	bd10      	pop	{r4, pc}

10004080 <tu_fifo_set_overwritable>:
10004080:	b538      	push	{r3, r4, r5, lr}
10004082:	4604      	mov	r4, r0
10004084:	68c0      	ldr	r0, [r0, #12]
10004086:	460d      	mov	r5, r1
10004088:	b118      	cbz	r0, 10004092 <tu_fifo_set_overwritable+0x12>
1000408a:	f04f 31ff 	mov.w	r1, #4294967295	@ 0xffffffff
1000408e:	f000 f903 	bl	10004298 <__mutex_enter_timeout_ms_veneer>
10004092:	6920      	ldr	r0, [r4, #16]
10004094:	b118      	cbz	r0, 1000409e <tu_fifo_set_overwritable+0x1e>
10004096:	f04f 31ff 	mov.w	r1, #4294967295	@ 0xffffffff
1000409a:	f000 f8fd 	bl	10004298 <__mutex_enter_timeout_ms_veneer>
1000409e:	79e3      	ldrb	r3, [r4, #7]
100040a0:	68e0      	ldr	r0, [r4, #12]
100040a2:	f365 13c7 	bfi	r3, r5, #7, #1
100040a6:	71e3      	strb	r3, [r4, #7]
100040a8:	b108      	cbz	r0, 100040ae <tu_fifo_set_overwritable+0x2e>
100040aa:	f000 f8fd 	bl	100042a8 <__mutex_exit_veneer>
100040ae:	6920      	ldr	r0, [r4, #16]
100040b0:	b108      	cbz	r0, 100040b6 <tu_fifo_set_overwritable+0x36>
100040b2:	f000 f8f9 	bl	100042a8 <__mutex_exit_veneer>
100040b6:	2001      	movs	r0, #1
100040b8:	bd38      	pop	{r3, r4, r5, pc}
	...

100040bc <memset>:
100040bc:	b530      	push	{r4, r5, lr}
100040be:	0784      	lsls	r4, r0, #30
100040c0:	4686      	mov	lr, r0
100040c2:	4603      	mov	r3, r0
100040c4:	d006      	beq.n	100040d4 <memset+0x18>
100040c6:	b3a2      	cbz	r2, 10004132 <memset+0x76>
100040c8:	f803 1b01 	strb.w	r1, [r3], #1
100040cc:	0798      	lsls	r0, r3, #30
100040ce:	f102 32ff 	add.w	r2, r2, #4294967295	@ 0xffffffff
100040d2:	d1f8      	bne.n	100040c6 <memset+0xa>
100040d4:	2a03      	cmp	r2, #3
100040d6:	d926      	bls.n	10004126 <memset+0x6a>
100040d8:	fa5f fc81 	uxtb.w	ip, r1
100040dc:	2a0f      	cmp	r2, #15
100040de:	eb0c 2c0c 	add.w	ip, ip, ip, lsl #8
100040e2:	eb0c 400c 	add.w	r0, ip, ip, lsl #16
100040e6:	d92a      	bls.n	1000413e <memset+0x82>
100040e8:	f022 0c0f 	bic.w	ip, r2, #15
100040ec:	449c      	add	ip, r3
100040ee:	e9c3 0000 	strd	r0, r0, [r3]
100040f2:	e9c3 0002 	strd	r0, r0, [r3, #8]
100040f6:	3310      	adds	r3, #16
100040f8:	4563      	cmp	r3, ip
100040fa:	d1f8      	bne.n	100040ee <memset+0x32>
100040fc:	f012 0f0c 	tst.w	r2, #12
10004100:	f002 050f 	and.w	r5, r2, #15
10004104:	d017      	beq.n	10004136 <memset+0x7a>
10004106:	ea4f 0c95 	mov.w	ip, r5, lsr #2
1000410a:	461a      	mov	r2, r3
1000410c:	f10c 34ff 	add.w	r4, ip, #4294967295	@ 0xffffffff
10004110:	eb03 0c8c 	add.w	ip, r3, ip, lsl #2
10004114:	f842 0b04 	str.w	r0, [r2], #4
10004118:	4562      	cmp	r2, ip
1000411a:	d1fb      	bne.n	10004114 <memset+0x58>
1000411c:	3304      	adds	r3, #4
1000411e:	f005 0203 	and.w	r2, r5, #3
10004122:	eb03 0384 	add.w	r3, r3, r4, lsl #2
10004126:	b122      	cbz	r2, 10004132 <memset+0x76>
10004128:	441a      	add	r2, r3
1000412a:	f803 1b01 	strb.w	r1, [r3], #1
1000412e:	429a      	cmp	r2, r3
10004130:	d1fb      	bne.n	1000412a <memset+0x6e>
10004132:	4670      	mov	r0, lr
10004134:	bd30      	pop	{r4, r5, pc}
10004136:	462a      	mov	r2, r5
10004138:	2a00      	cmp	r2, #0
1000413a:	d1f5      	bne.n	10004128 <memset+0x6c>
1000413c:	e7f9      	b.n	10004132 <memset+0x76>
1000413e:	4615      	mov	r5, r2
10004140:	e7e1      	b.n	10004106 <memset+0x4a>
10004142:	bf00      	nop

10004144 <memcpy>:
10004144:	4684      	mov	ip, r0
10004146:	ea41 0300 	orr.w	r3, r1, r0
1000414a:	f013 0303 	ands.w	r3, r3, #3
1000414e:	d149      	bne.n	100041e4 <memcpy+0xa0>
10004150:	3a40      	subs	r2, #64	@ 0x40
10004152:	d323      	bcc.n	1000419c <memcpy+0x58>
10004154:	680b      	ldr	r3, [r1, #0]
10004156:	6003      	str	r3, [r0, #0]
10004158:	684b      	ldr	r3, [r1, #4]
1000415a:	6043      	str	r3, [r0, #4]
1000415c:	688b      	ldr	r3, [r1, #8]
1000415e:	6083      	str	r3, [r0, #8]
10004160:	68cb      	ldr	r3, [r1, #12]
10004162:	60c3      	str	r3, [r0, #12]
10004164:	690b      	ldr	r3, [r1, #16]
10004166:	6103      	str	r3, [r0, #16]
10004168:	694b      	ldr	r3, [r1, #20]
1000416a:	6143      	str	r3, [r0, #20]
1000416c:	698b      	ldr	r3, [r1, #24]
1000416e:	6183      	str	r3, [r0, #24]
10004170:	69cb      	ldr	r3, [r1, #28]
10004172:	61c3      	str	r3, [r0, #28]
10004174:	6a0b      	ldr	r3, [r1, #32]
10004176:	6203      	str	r3, [r0, #32]
10004178:	6a4b      	ldr	r3, [r1, #36]	@ 0x24
1000417a:	6243      	str	r3, [r0, #36]	@ 0x24
1000417c:	6a8b      	ldr	r3, [r1, #40]	@ 0x28
1000417e:	6283      	str	r3, [r0, #40]	@ 0x28
10004180:	6acb      	ldr	r3, [r1, #44]	@ 0x2c
10004182:	62c3      	str	r3, [r0, #44]	@ 0x2c
10004184:	6b0b      	ldr	r3, [r1, #48]	@ 0x30
10004186:	6303      	str	r3, [r0, #48]	@ 0x30
10004188:	6b4b      	ldr	r3, [r1, #52]	@ 0x34
1000418a:	6343      	str	r3, [r0, #52]	@ 0x34
1000418c:	6b8b      	ldr	r3, [r1, #56]	@ 0x38
1000418e:	6383      	str	r3, [r0, #56]	@ 0x38
10004190:	6bcb      	ldr	r3, [r1, #60]	@ 0x3c
10004192:	63c3      	str	r3, [r0, #60]	@ 0x3c
10004194:	3040      	adds	r0, #64	@ 0x40
10004196:	3140      	adds	r1, #64	@ 0x40
10004198:	3a40      	subs	r2, #64	@ 0x40
1000419a:	d2db      	bcs.n	10004154 <memcpy+0x10>
1000419c:	3230      	adds	r2, #48	@ 0x30
1000419e:	d30b      	bcc.n	100041b8 <memcpy+0x74>
100041a0:	680b      	ldr	r3, [r1, #0]
100041a2:	6003      	str	r3, [r0, #0]
100041a4:	684b      	ldr	r3, [r1, #4]
100041a6:	6043      	str	r3, [r0, #4]
100041a8:	688b      	ldr	r3, [r1, #8]
100041aa:	6083      	str	r3, [r0, #8]
100041ac:	68cb      	ldr	r3, [r1, #12]
100041ae:	60c3      	str	r3, [r0, #12]
100041b0:	3010      	adds	r0, #16
100041b2:	3110      	adds	r1, #16
100041b4:	3a10      	subs	r2, #16
100041b6:	d2f3      	bcs.n	100041a0 <memcpy+0x5c>
100041b8:	320c      	adds	r2, #12
100041ba:	d305      	bcc.n	100041c8 <memcpy+0x84>
100041bc:	f851 3b04 	ldr.w	r3, [r1], #4
100041c0:	f840 3b04 	str.w	r3, [r0], #4
100041c4:	3a04      	subs	r2, #4
100041c6:	d2f9      	bcs.n	100041bc <memcpy+0x78>
100041c8:	3204      	adds	r2, #4
100041ca:	d008      	beq.n	100041de <memcpy+0x9a>
100041cc:	07d2      	lsls	r2, r2, #31
100041ce:	bf1c      	itt	ne
100041d0:	f811 3b01 	ldrbne.w	r3, [r1], #1
100041d4:	f800 3b01 	strbne.w	r3, [r0], #1
100041d8:	d301      	bcc.n	100041de <memcpy+0x9a>
100041da:	880b      	ldrh	r3, [r1, #0]
100041dc:	8003      	strh	r3, [r0, #0]
100041de:	4660      	mov	r0, ip
100041e0:	4770      	bx	lr
100041e2:	bf00      	nop
100041e4:	2a08      	cmp	r2, #8
100041e6:	d313      	bcc.n	10004210 <memcpy+0xcc>
100041e8:	078b      	lsls	r3, r1, #30
100041ea:	d0b1      	beq.n	10004150 <memcpy+0xc>
100041ec:	f010 0303 	ands.w	r3, r0, #3
100041f0:	d0ae      	beq.n	10004150 <memcpy+0xc>
100041f2:	f1c3 0304 	rsb	r3, r3, #4
100041f6:	1ad2      	subs	r2, r2, r3
100041f8:	07db      	lsls	r3, r3, #31
100041fa:	bf1c      	itt	ne
100041fc:	f811 3b01 	ldrbne.w	r3, [r1], #1
10004200:	f800 3b01 	strbne.w	r3, [r0], #1
10004204:	d3a4      	bcc.n	10004150 <memcpy+0xc>
10004206:	f831 3b02 	ldrh.w	r3, [r1], #2
1000420a:	f820 3b02 	strh.w	r3, [r0], #2
1000420e:	e79f      	b.n	10004150 <memcpy+0xc>
10004210:	3a04      	subs	r2, #4
10004212:	d3d9      	bcc.n	100041c8 <memcpy+0x84>
10004214:	3a01      	subs	r2, #1
10004216:	f811 3b01 	ldrb.w	r3, [r1], #1
1000421a:	f800 3b01 	strb.w	r3, [r0], #1
1000421e:	d2f9      	bcs.n	10004214 <memcpy+0xd0>
10004220:	780b      	ldrb	r3, [r1, #0]
10004222:	7003      	strb	r3, [r0, #0]
10004224:	784b      	ldrb	r3, [r1, #1]
10004226:	7043      	strb	r3, [r0, #1]
10004228:	788b      	ldrb	r3, [r1, #2]
1000422a:	7083      	strb	r3, [r0, #2]
1000422c:	4660      	mov	r0, ip
1000422e:	4770      	bx	lr

10004230 <strlen>:
10004230:	f020 0103 	bic.w	r1, r0, #3
10004234:	f010 0003 	ands.w	r0, r0, #3
10004238:	f1c0 0000 	rsb	r0, r0, #0
1000423c:	f851 3b04 	ldr.w	r3, [r1], #4
10004240:	f100 0c04 	add.w	ip, r0, #4
10004244:	ea4f 0ccc 	mov.w	ip, ip, lsl #3
10004248:	f06f 0200 	mvn.w	r2, #0
1000424c:	bf1c      	itt	ne
1000424e:	fa22 f20c 	lsrne.w	r2, r2, ip
10004252:	4313      	orrne	r3, r2
10004254:	f04f 0c01 	mov.w	ip, #1
10004258:	ea4c 2c0c 	orr.w	ip, ip, ip, lsl #8
1000425c:	ea4c 4c0c 	orr.w	ip, ip, ip, lsl #16
10004260:	eba3 020c 	sub.w	r2, r3, ip
10004264:	ea22 0203 	bic.w	r2, r2, r3
10004268:	ea12 12cc 	ands.w	r2, r2, ip, lsl #7
1000426c:	bf04      	itt	eq
1000426e:	f851 3b04 	ldreq.w	r3, [r1], #4
10004272:	3004      	addeq	r0, #4
10004274:	d0f4      	beq.n	10004260 <strlen+0x30>
10004276:	f1c2 0100 	rsb	r1, r2, #0
1000427a:	ea02 0201 	and.w	r2, r2, r1
1000427e:	fab2 f282 	clz	r2, r2
10004282:	f1c2 021f 	rsb	r2, r2, #31
10004286:	eb00 00d2 	add.w	r0, r0, r2, lsr #3
1000428a:	4770      	bx	lr

1000428c <_fini>:
1000428c:	b5f8      	push	{r3, r4, r5, r6, r7, lr}
1000428e:	bf00      	nop

10004290 <__reset_non_control_endpoints_veneer>:
10004290:	f85f f000 	ldr.w	pc, [pc]	@ 10004294 <__reset_non_control_endpoints_veneer+0x4>
10004294:	20000261 	.word	0x20000261

10004298 <__mutex_enter_timeout_ms_veneer>:
10004298:	f85f f000 	ldr.w	pc, [pc]	@ 1000429c <__mutex_enter_timeout_ms_veneer+0x4>
1000429c:	200001f7 	.word	0x200001f7

100042a0 <__hw_endpoint_start_next_buffer_veneer>:
100042a0:	f85f f000 	ldr.w	pc, [pc]	@ 100042a4 <__hw_endpoint_start_next_buffer_veneer+0x4>
100042a4:	20000631 	.word	0x20000631

100042a8 <__mutex_exit_veneer>:
100042a8:	f85f f000 	ldr.w	pc, [pc]	@ 100042ac <__mutex_exit_veneer+0x4>
100042ac:	2000022b 	.word	0x2000022b

100042b0 <__e15_is_critical_frame_period_veneer>:
100042b0:	f85f f000 	ldr.w	pc, [pc]	@ 100042b4 <__e15_is_critical_frame_period_veneer+0x4>
100042b4:	20000541 	.word	0x20000541

100042b8 <___hw_endpoint_buffer_control_update32_veneer>:
100042b8:	f85f f000 	ldr.w	pc, [pc]	@ 100042bc <___hw_endpoint_buffer_control_update32_veneer+0x4>
100042bc:	200005ed 	.word	0x200005ed

100042c0 <__mutex_try_enter_block_until_veneer>:
100042c0:	f85f f000 	ldr.w	pc, [pc]	@ 100042c4 <__mutex_try_enter_block_until_veneer+0x4>
100042c4:	200001c3 	.word	0x200001c3

100042c8 <__e15_is_bulkin_ep_veneer>:
100042c8:	f85f f000 	ldr.w	pc, [pc]	@ 100042cc <__e15_is_bulkin_ep_veneer+0x4>
100042cc:	2000051d 	.word	0x2000051d

100042d0 <__mutex_try_enter_veneer>:
100042d0:	f85f f000 	ldr.w	pc, [pc]	@ 100042d4 <__mutex_try_enter_veneer+0x4>
100042d4:	20000111 	.word	0x20000111

100042d8 <__pre_init_runtime_init_bootrom_reset>:
100042d8:	10001ae5                                ....

100042dc <__pre_init_runtime_init_early_resets>:
100042dc:	10001a61                                a...

100042e0 <__pre_init_runtime_init_usb_power_down>:
100042e0:	10001a8d                                ....

100042e4 <__pre_init_runtime_init_clocks>:
100042e4:	10001b55                                U...

100042e8 <__pre_init_runtime_init_post_clock_resets>:
100042e8:	10001ac5                                ....

100042ec <__pre_init_runtime_init_boot_locks_reset>:
100042ec:	10001a09                                ....

100042f0 <__pre_init_runtime_init_spin_locks_reset>:
100042f0:	10001b0d                                ....

100042f4 <__pre_init_runtime_init_bootrom_locking_enable>:
100042f4:	100019d9                                ....

100042f8 <__pre_init_runtime_init_mutex>:
100042f8:	10000ff9                                ....

100042fc <__pre_init_runtime_init_install_ram_vector_table>:
100042fc:	10001b11                                ....

10004300 <__pre_init_runtime_init_default_alarm_pool>:
10004300:	100013cd                                ....

10004304 <__pre_init_first_per_core_initializer>:
10004304:	10001a35                                5...

10004308 <__pre_init_runtime_init_per_core_bootrom_reset>:
10004308:	10001af9                                ....

1000430c <__pre_init_runtime_init_per_core_enable_coprocessors>:
1000430c:	10001aa9                                ....

10004310 <__pre_init_spinlock_set_extexclall>:
10004310:	10000659                                Y...

10004314 <__pre_init_runtime_init_per_core_irq_priorities>:
10004314:	10000ac1                                ....

10004318 <__init_array_start>:
10004318:	100023a5 	.word	0x100023a5

1000431c <__frame_dummy_init_array_entry>:
1000431c:	10000211                                ....

Disassembly of section .data:

20000110 <mutex_try_enter>:
20000110:	4603      	mov	r3, r0
20000112:	b530      	push	{r4, r5, lr}
20000114:	6802      	ldr	r2, [r0, #0]
20000116:	f3ef 8410 	mrs	r4, PRIMASK
2000011a:	b672      	cpsid	i
2000011c:	e8d2 5fcf 	ldaexb	r5, [r2]
20000120:	2001      	movs	r0, #1
20000122:	2d00      	cmp	r5, #0
20000124:	d1fa      	bne.n	2000011c <mutex_try_enter+0xc>
20000126:	e8c2 0f45 	strexb	r5, r0, [r2]
2000012a:	2d00      	cmp	r5, #0
2000012c:	d1f6      	bne.n	2000011c <mutex_try_enter+0xc>
2000012e:	f3bf 8f5f 	dmb	sy
20000132:	f993 2004 	ldrsb.w	r2, [r3, #4]
20000136:	2a00      	cmp	r2, #0
20000138:	da0b      	bge.n	20000152 <mutex_try_enter+0x42>
2000013a:	f04f 4250 	mov.w	r2, #3489660928	@ 0xd0000000
2000013e:	2001      	movs	r0, #1
20000140:	6812      	ldr	r2, [r2, #0]
20000142:	711a      	strb	r2, [r3, #4]
20000144:	681a      	ldr	r2, [r3, #0]
20000146:	2300      	movs	r3, #0
20000148:	e8c2 3f8f 	stlb	r3, [r2]
2000014c:	f384 8810 	msr	PRIMASK, r4
20000150:	bd30      	pop	{r4, r5, pc}
20000152:	b909      	cbnz	r1, 20000158 <mutex_try_enter+0x48>
20000154:	2000      	movs	r0, #0
20000156:	e7f5      	b.n	20000144 <mutex_try_enter+0x34>
20000158:	600a      	str	r2, [r1, #0]
2000015a:	e7fb      	b.n	20000154 <mutex_try_enter+0x44>

2000015c <mutex_enter_block_until>:
2000015c:	e92d 41f0 	stmdb	sp!, {r4, r5, r6, r7, r8, lr}
20000160:	461f      	mov	r7, r3
20000162:	f04f 4350 	mov.w	r3, #3489660928	@ 0xd0000000
20000166:	4604      	mov	r4, r0
20000168:	4616      	mov	r6, r2
2000016a:	2500      	movs	r5, #0
2000016c:	f8d3 8000 	ldr.w	r8, [r3]
20000170:	6822      	ldr	r2, [r4, #0]
20000172:	f3ef 8310 	mrs	r3, PRIMASK
20000176:	b672      	cpsid	i
20000178:	e8d2 0fcf 	ldaexb	r0, [r2]
2000017c:	2101      	movs	r1, #1
2000017e:	2800      	cmp	r0, #0
20000180:	d1fa      	bne.n	20000178 <mutex_enter_block_until+0x1c>
20000182:	e8c2 1f40 	strexb	r0, r1, [r2]
20000186:	2800      	cmp	r0, #0
20000188:	d1f6      	bne.n	20000178 <mutex_enter_block_until+0x1c>
2000018a:	f3bf 8f5f 	dmb	sy
2000018e:	f994 1004 	ldrsb.w	r1, [r4, #4]
20000192:	6822      	ldr	r2, [r4, #0]
20000194:	2900      	cmp	r1, #0
20000196:	da08      	bge.n	200001aa <mutex_enter_block_until+0x4e>
20000198:	f884 8004 	strb.w	r8, [r4, #4]
2000019c:	e8c2 5f8f 	stlb	r5, [r2]
200001a0:	f383 8810 	msr	PRIMASK, r3
200001a4:	2001      	movs	r0, #1
200001a6:	e8bd 81f0 	ldmia.w	sp!, {r4, r5, r6, r7, r8, pc}
200001aa:	e8c2 5f8f 	stlb	r5, [r2]
200001ae:	f383 8810 	msr	PRIMASK, r3
200001b2:	4630      	mov	r0, r6
200001b4:	4639      	mov	r1, r7
200001b6:	f000 fb8b 	bl	200008d0 <__best_effort_wfe_or_timeout_veneer>
200001ba:	2800      	cmp	r0, #0
200001bc:	d0d8      	beq.n	20000170 <mutex_enter_block_until+0x14>
200001be:	2000      	movs	r0, #0
200001c0:	e7f1      	b.n	200001a6 <mutex_enter_block_until+0x4a>

200001c2 <mutex_try_enter_block_until>:
200001c2:	b5d3      	push	{r0, r1, r4, r6, r7, lr}
200001c4:	a901      	add	r1, sp, #4
200001c6:	4604      	mov	r4, r0
200001c8:	4616      	mov	r6, r2
200001ca:	461f      	mov	r7, r3
200001cc:	f7ff ffa0 	bl	20000110 <mutex_try_enter>
200001d0:	b978      	cbnz	r0, 200001f2 <mutex_try_enter_block_until+0x30>
200001d2:	f04f 4350 	mov.w	r3, #3489660928	@ 0xd0000000
200001d6:	f99d 2004 	ldrsb.w	r2, [sp, #4]
200001da:	f993 3000 	ldrsb.w	r3, [r3]
200001de:	429a      	cmp	r2, r3
200001e0:	d007      	beq.n	200001f2 <mutex_try_enter_block_until+0x30>
200001e2:	4632      	mov	r2, r6
200001e4:	463b      	mov	r3, r7
200001e6:	4620      	mov	r0, r4
200001e8:	b002      	add	sp, #8
200001ea:	e8bd 40d0 	ldmia.w	sp!, {r4, r6, r7, lr}
200001ee:	f7ff bfb5 	b.w	2000015c <mutex_enter_block_until>
200001f2:	b002      	add	sp, #8
200001f4:	bdd0      	pop	{r4, r6, r7, pc}

200001f6 <mutex_enter_timeout_ms>:
200001f6:	b570      	push	{r4, r5, r6, lr}
200001f8:	460c      	mov	r4, r1
200001fa:	4605      	mov	r5, r0
200001fc:	f000 fb74 	bl	200008e8 <__time_us_64_veneer>
20000200:	4602      	mov	r2, r0
20000202:	460b      	mov	r3, r1
20000204:	f44f 707a 	mov.w	r0, #1000	@ 0x3e8
20000208:	fbe4 2300 	umlal	r2, r3, r4, r0
2000020c:	f04f 30ff 	mov.w	r0, #4294967295	@ 0xffffffff
20000210:	f06f 4100 	mvn.w	r1, #2147483648	@ 0x80000000
20000214:	4290      	cmp	r0, r2
20000216:	eb71 0403 	sbcs.w	r4, r1, r3
2000021a:	bf3c      	itt	cc
2000021c:	4602      	movcc	r2, r0
2000021e:	460b      	movcc	r3, r1
20000220:	4628      	mov	r0, r5
20000222:	e8bd 4070 	ldmia.w	sp!, {r4, r5, r6, lr}
20000226:	f7ff bf99 	b.w	2000015c <mutex_enter_block_until>

2000022a <mutex_exit>:
2000022a:	b510      	push	{r4, lr}
2000022c:	6803      	ldr	r3, [r0, #0]
2000022e:	f3ef 8210 	mrs	r2, PRIMASK
20000232:	b672      	cpsid	i
20000234:	e8d3 4fcf 	ldaexb	r4, [r3]
20000238:	2101      	movs	r1, #1
2000023a:	2c00      	cmp	r4, #0
2000023c:	d1fa      	bne.n	20000234 <mutex_exit+0xa>
2000023e:	e8c3 1f44 	strexb	r4, r1, [r3]
20000242:	2c00      	cmp	r4, #0
20000244:	d1f6      	bne.n	20000234 <mutex_exit+0xa>
20000246:	f3bf 8f5f 	dmb	sy
2000024a:	23ff      	movs	r3, #255	@ 0xff
2000024c:	6801      	ldr	r1, [r0, #0]
2000024e:	7103      	strb	r3, [r0, #4]
20000250:	2300      	movs	r3, #0
20000252:	e8c1 3f8f 	stlb	r3, [r1]
20000256:	f382 8810 	msr	PRIMASK, r2
2000025a:	bf40      	sev
2000025c:	bd10      	pop	{r4, pc}
	...

20000260 <reset_non_control_endpoints>:
20000260:	2200      	movs	r2, #0
20000262:	4611      	mov	r1, r2
20000264:	b508      	push	{r3, lr}
20000266:	00d3      	lsls	r3, r2, #3
20000268:	f103 43a0 	add.w	r3, r3, #1342177280	@ 0x50000000
2000026c:	3201      	adds	r2, #1
2000026e:	f503 1380 	add.w	r3, r3, #1048576	@ 0x100000
20000272:	2a0f      	cmp	r2, #15
20000274:	6099      	str	r1, [r3, #8]
20000276:	60d9      	str	r1, [r3, #12]
20000278:	d1f5      	bne.n	20000266 <reset_non_control_endpoints+0x6>
2000027a:	f44f 7270 	mov.w	r2, #960	@ 0x3c0
2000027e:	2100      	movs	r1, #0
20000280:	4803      	ldr	r0, [pc, #12]	@ (20000290 <reset_non_control_endpoints+0x30>)
20000282:	f000 fb35 	bl	200008f0 <__memset_veneer>
20000286:	4b03      	ldr	r3, [pc, #12]	@ (20000294 <reset_non_control_endpoints+0x34>)
20000288:	4a03      	ldr	r2, [pc, #12]	@ (20000298 <reset_non_control_endpoints+0x38>)
2000028a:	601a      	str	r2, [r3, #0]
2000028c:	bd08      	pop	{r3, pc}
2000028e:	bf00      	nop
20000290:	2000e460 	.word	0x2000e460
20000294:	2000e82c 	.word	0x2000e82c
20000298:	50100180 	.word	0x50100180

2000029c <hw_handle_buff_status>:
2000029c:	e92d 47ff 	stmdb	sp!, {r0, r1, r2, r3, r4, r5, r6, r7, r8, r9, sl, lr}
200002a0:	2500      	movs	r5, #0
200002a2:	2601      	movs	r6, #1
200002a4:	f44f 69e0 	mov.w	r9, #1792	@ 0x700
200002a8:	4b19      	ldr	r3, [pc, #100]	@ (20000310 <hw_handle_buff_status+0x74>)
200002aa:	4f1a      	ldr	r7, [pc, #104]	@ (20000314 <hw_handle_buff_status+0x78>)
200002ac:	f8d3 a058 	ldr.w	sl, [r3, #88]	@ 0x58
200002b0:	f8df 8064 	ldr.w	r8, [pc, #100]	@ 20000318 <hw_handle_buff_status+0x7c>
200002b4:	f1ba 0f00 	cmp.w	sl, #0
200002b8:	d001      	beq.n	200002be <hw_handle_buff_status+0x22>
200002ba:	2d20      	cmp	r5, #32
200002bc:	d102      	bne.n	200002c4 <hw_handle_buff_status+0x28>
200002be:	b004      	add	sp, #16
200002c0:	e8bd 87f0 	ldmia.w	sp!, {r4, r5, r6, r7, r8, r9, sl, pc}
200002c4:	ea1a 0f06 	tst.w	sl, r6
200002c8:	d01f      	beq.n	2000030a <hw_handle_buff_status+0x6e>
200002ca:	43eb      	mvns	r3, r5
200002cc:	f005 04fe 	and.w	r4, r5, #254	@ 0xfe
200002d0:	f003 0301 	and.w	r3, r3, #1
200002d4:	441c      	add	r4, r3
200002d6:	eb08 1444 	add.w	r4, r8, r4, lsl #5
200002da:	4620      	mov	r0, r4
200002dc:	65be      	str	r6, [r7, #88]	@ 0x58
200002de:	f000 f9d9 	bl	20000694 <hw_endpoint_xfer_continue>
200002e2:	b180      	cbz	r0, 20000306 <hw_handle_buff_status+0x6a>
200002e4:	8ae3      	ldrh	r3, [r4, #22]
200002e6:	78a2      	ldrb	r2, [r4, #2]
200002e8:	9303      	str	r3, [sp, #12]
200002ea:	2300      	movs	r3, #0
200002ec:	a801      	add	r0, sp, #4
200002ee:	2101      	movs	r1, #1
200002f0:	f8ad 9004 	strh.w	r9, [sp, #4]
200002f4:	f88d 2008 	strb.w	r2, [sp, #8]
200002f8:	f88d 3009 	strb.w	r3, [sp, #9]
200002fc:	f000 f9e6 	bl	200006cc <dcd_event_handler>
20000300:	4620      	mov	r0, r4
20000302:	f000 f96d 	bl	200005e0 <hw_endpoint_reset_transfer>
20000306:	ea2a 0a06 	bic.w	sl, sl, r6
2000030a:	0076      	lsls	r6, r6, #1
2000030c:	3501      	adds	r5, #1
2000030e:	e7d1      	b.n	200002b4 <hw_handle_buff_status+0x18>
20000310:	50110000 	.word	0x50110000
20000314:	50113000 	.word	0x50113000
20000318:	2000e420 	.word	0x2000e420

2000031c <dcd_rp2040_irq>:
2000031c:	e92d 41ff 	stmdb	sp!, {r0, r1, r2, r3, r4, r5, r6, r7, r8, lr}
20000320:	4b5d      	ldr	r3, [pc, #372]	@ (20000498 <dcd_rp2040_irq+0x17c>)
20000322:	f8d3 5098 	ldr.w	r5, [r3, #152]	@ 0x98
20000326:	f415 3400 	ands.w	r4, r5, #131072	@ 0x20000
2000032a:	d030      	beq.n	2000038e <dcd_rp2040_irq+0x72>
2000032c:	2600      	movs	r6, #0
2000032e:	4b5b      	ldr	r3, [pc, #364]	@ (2000049c <dcd_rp2040_irq+0x180>)
20000330:	4c5b      	ldr	r4, [pc, #364]	@ (200004a0 <dcd_rp2040_irq+0x184>)
20000332:	6a9a      	ldr	r2, [r3, #40]	@ 0x28
20000334:	4b5b      	ldr	r3, [pc, #364]	@ (200004a4 <dcd_rp2040_irq+0x188>)
20000336:	601a      	str	r2, [r3, #0]
20000338:	4633      	mov	r3, r6
2000033a:	f894 203b 	ldrb.w	r2, [r4, #59]	@ 0x3b
2000033e:	2a02      	cmp	r2, #2
20000340:	d108      	bne.n	20000354 <dcd_rp2040_irq+0x38>
20000342:	f894 703a 	ldrb.w	r7, [r4, #58]	@ 0x3a
20000346:	b12f      	cbz	r7, 20000354 <dcd_rp2040_irq+0x38>
20000348:	f894 303c 	ldrb.w	r3, [r4, #60]	@ 0x3c
2000034c:	2b00      	cmp	r3, #0
2000034e:	f040 8095 	bne.w	2000047c <dcd_rp2040_irq+0x160>
20000352:	463b      	mov	r3, r7
20000354:	3601      	adds	r6, #1
20000356:	2e10      	cmp	r6, #16
20000358:	f104 0440 	add.w	r4, r4, #64	@ 0x40
2000035c:	d1ed      	bne.n	2000033a <dcd_rp2040_irq+0x1e>
2000035e:	b93b      	cbnz	r3, 20000370 <dcd_rp2040_irq+0x54>
20000360:	4b51      	ldr	r3, [pc, #324]	@ (200004a8 <dcd_rp2040_irq+0x18c>)
20000362:	781b      	ldrb	r3, [r3, #0]
20000364:	b923      	cbnz	r3, 20000370 <dcd_rp2040_irq+0x54>
20000366:	f44f 3200 	mov.w	r2, #131072	@ 0x20000
2000036a:	4b50      	ldr	r3, [pc, #320]	@ (200004ac <dcd_rp2040_irq+0x190>)
2000036c:	f8c3 2090 	str.w	r2, [r3, #144]	@ 0x90
20000370:	f44f 7240 	mov.w	r2, #768	@ 0x300
20000374:	4b48      	ldr	r3, [pc, #288]	@ (20000498 <dcd_rp2040_irq+0x17c>)
20000376:	2101      	movs	r1, #1
20000378:	6c9b      	ldr	r3, [r3, #72]	@ 0x48
2000037a:	a801      	add	r0, sp, #4
2000037c:	f3c3 030a 	ubfx	r3, r3, #0, #11
20000380:	f8ad 2004 	strh.w	r2, [sp, #4]
20000384:	9302      	str	r3, [sp, #8]
20000386:	f44f 3400 	mov.w	r4, #131072	@ 0x20000
2000038a:	f000 f99f 	bl	200006cc <dcd_event_handler>
2000038e:	06ee      	lsls	r6, r5, #27
20000390:	d503      	bpl.n	2000039a <dcd_rp2040_irq+0x7e>
20000392:	f044 0410 	orr.w	r4, r4, #16
20000396:	f7ff ff81 	bl	2000029c <hw_handle_buff_status>
2000039a:	03e8      	lsls	r0, r5, #15
2000039c:	d531      	bpl.n	20000402 <dcd_rp2040_irq+0xe6>
2000039e:	2602      	movs	r6, #2
200003a0:	f04f 0801 	mov.w	r8, #1
200003a4:	4f3e      	ldr	r7, [pc, #248]	@ (200004a0 <dcd_rp2040_irq+0x184>)
200003a6:	f444 3480 	orr.w	r4, r4, #65536	@ 0x10000
200003aa:	7ebb      	ldrb	r3, [r7, #26]
200003ac:	b193      	cbz	r3, 200003d4 <dcd_rp2040_irq+0xb8>
200003ae:	4b40      	ldr	r3, [pc, #256]	@ (200004b0 <dcd_rp2040_irq+0x194>)
200003b0:	4a39      	ldr	r2, [pc, #228]	@ (20000498 <dcd_rp2040_irq+0x17c>)
200003b2:	661e      	str	r6, [r3, #96]	@ 0x60
200003b4:	6e53      	ldr	r3, [r2, #100]	@ 0x64
200003b6:	ea36 0303 	bics.w	r3, r6, r3
200003ba:	d1fb      	bne.n	200003b4 <dcd_rp2040_irq+0x98>
200003bc:	f44f 5240 	mov.w	r2, #12288	@ 0x3000
200003c0:	2100      	movs	r1, #0
200003c2:	4638      	mov	r0, r7
200003c4:	f000 f912 	bl	200005ec <_hw_endpoint_buffer_control_update32>
200003c8:	4638      	mov	r0, r7
200003ca:	f000 f909 	bl	200005e0 <hw_endpoint_reset_transfer>
200003ce:	4b37      	ldr	r3, [pc, #220]	@ (200004ac <dcd_rp2040_irq+0x190>)
200003d0:	665e      	str	r6, [r3, #100]	@ 0x64
200003d2:	661e      	str	r6, [r3, #96]	@ 0x60
200003d4:	2e01      	cmp	r6, #1
200003d6:	f887 8003 	strb.w	r8, [r7, #3]
200003da:	f107 0720 	add.w	r7, r7, #32
200003de:	d155      	bne.n	2000048c <dcd_rp2040_irq+0x170>
200003e0:	f44f 63c0 	mov.w	r3, #1536	@ 0x600
200003e4:	f8ad 3004 	strh.w	r3, [sp, #4]
200003e8:	4b32      	ldr	r3, [pc, #200]	@ (200004b4 <dcd_rp2040_irq+0x198>)
200003ea:	e893 0003 	ldmia.w	r3, {r0, r1}
200003ee:	e9cd 0102 	strd	r0, r1, [sp, #8]
200003f2:	4631      	mov	r1, r6
200003f4:	a801      	add	r0, sp, #4
200003f6:	f000 f969 	bl	200006cc <dcd_event_handler>
200003fa:	f44f 3200 	mov.w	r2, #131072	@ 0x20000
200003fe:	4b2b      	ldr	r3, [pc, #172]	@ (200004ac <dcd_rp2040_irq+0x190>)
20000400:	651a      	str	r2, [r3, #80]	@ 0x50
20000402:	04e9      	lsls	r1, r5, #19
20000404:	d514      	bpl.n	20000430 <dcd_rp2040_irq+0x114>
20000406:	2600      	movs	r6, #0
20000408:	4b23      	ldr	r3, [pc, #140]	@ (20000498 <dcd_rp2040_irq+0x17c>)
2000040a:	f444 5480 	orr.w	r4, r4, #4096	@ 0x1000
2000040e:	601e      	str	r6, [r3, #0]
20000410:	f7ff ff26 	bl	20000260 <reset_non_control_endpoints>
20000414:	f44f 7380 	mov.w	r3, #256	@ 0x100
20000418:	2101      	movs	r1, #1
2000041a:	a801      	add	r0, sp, #4
2000041c:	f8ad 3004 	strh.w	r3, [sp, #4]
20000420:	f88d 6008 	strb.w	r6, [sp, #8]
20000424:	f000 f952 	bl	200006cc <dcd_event_handler>
20000428:	f44f 2200 	mov.w	r2, #524288	@ 0x80000
2000042c:	4b1f      	ldr	r3, [pc, #124]	@ (200004ac <dcd_rp2040_irq+0x190>)
2000042e:	651a      	str	r2, [r3, #80]	@ 0x50
20000430:	046a      	lsls	r2, r5, #17
20000432:	d50c      	bpl.n	2000044e <dcd_rp2040_irq+0x132>
20000434:	f44f 6380 	mov.w	r3, #1024	@ 0x400
20000438:	2101      	movs	r1, #1
2000043a:	a801      	add	r0, sp, #4
2000043c:	f8ad 3004 	strh.w	r3, [sp, #4]
20000440:	f000 f944 	bl	200006cc <dcd_event_handler>
20000444:	2210      	movs	r2, #16
20000446:	4b19      	ldr	r3, [pc, #100]	@ (200004ac <dcd_rp2040_irq+0x190>)
20000448:	f444 4480 	orr.w	r4, r4, #16384	@ 0x4000
2000044c:	651a      	str	r2, [r3, #80]	@ 0x50
2000044e:	042b      	lsls	r3, r5, #16
20000450:	d50d      	bpl.n	2000046e <dcd_rp2040_irq+0x152>
20000452:	f44f 63a0 	mov.w	r3, #1280	@ 0x500
20000456:	2101      	movs	r1, #1
20000458:	a801      	add	r0, sp, #4
2000045a:	f8ad 3004 	strh.w	r3, [sp, #4]
2000045e:	f000 f935 	bl	200006cc <dcd_event_handler>
20000462:	f44f 6200 	mov.w	r2, #2048	@ 0x800
20000466:	4b11      	ldr	r3, [pc, #68]	@ (200004ac <dcd_rp2040_irq+0x190>)
20000468:	f444 4400 	orr.w	r4, r4, #32768	@ 0x8000
2000046c:	651a      	str	r2, [r3, #80]	@ 0x50
2000046e:	42ac      	cmp	r4, r5
20000470:	d00e      	beq.n	20000490 <dcd_rp2040_irq+0x174>
20000472:	4811      	ldr	r0, [pc, #68]	@ (200004b8 <dcd_rp2040_irq+0x19c>)
20000474:	ea84 0105 	eor.w	r1, r4, r5
20000478:	f000 fa32 	bl	200008e0 <__panic_veneer>
2000047c:	2300      	movs	r3, #0
2000047e:	f104 0020 	add.w	r0, r4, #32
20000482:	f884 303c 	strb.w	r3, [r4, #60]	@ 0x3c
20000486:	f000 f8d3 	bl	20000630 <hw_endpoint_start_next_buffer>
2000048a:	e762      	b.n	20000352 <dcd_rp2040_irq+0x36>
2000048c:	2601      	movs	r6, #1
2000048e:	e78c      	b.n	200003aa <dcd_rp2040_irq+0x8e>
20000490:	b004      	add	sp, #16
20000492:	e8bd 81f0 	ldmia.w	sp!, {r4, r5, r6, r7, r8, pc}
20000496:	bf00      	nop
20000498:	50110000 	.word	0x50110000
2000049c:	400b0000 	.word	0x400b0000
200004a0:	2000e420 	.word	0x2000e420
200004a4:	2000e418 	.word	0x2000e418
200004a8:	2000e8b1 	.word	0x2000e8b1
200004ac:	50113000 	.word	0x50113000
200004b0:	50112000 	.word	0x50112000
200004b4:	50100000 	.word	0x50100000
200004b8:	1000444f 	.word	0x1000444f

200004bc <prepare_ep_buffer>:
200004bc:	4603      	mov	r3, r0
200004be:	b5f0      	push	{r4, r5, r6, r7, lr}
200004c0:	8a80      	ldrh	r0, [r0, #20]
200004c2:	8b1a      	ldrh	r2, [r3, #24]
200004c4:	78dc      	ldrb	r4, [r3, #3]
200004c6:	4282      	cmp	r2, r0
200004c8:	bf28      	it	cs
200004ca:	4602      	movcs	r2, r0
200004cc:	1e25      	subs	r5, r4, #0
200004ce:	bf18      	it	ne
200004d0:	2501      	movne	r5, #1
200004d2:	f084 0401 	eor.w	r4, r4, #1
200004d6:	1a80      	subs	r0, r0, r2
200004d8:	70dc      	strb	r4, [r3, #3]
200004da:	785c      	ldrb	r4, [r3, #1]
200004dc:	8298      	strh	r0, [r3, #20]
200004de:	f442 6080 	orr.w	r0, r2, #1024	@ 0x400
200004e2:	ea40 3045 	orr.w	r0, r0, r5, lsl #13
200004e6:	b964      	cbnz	r4, 20000502 <prepare_ep_buffer+0x46>
200004e8:	e9d3 4503 	ldrd	r4, r5, [r3, #12]
200004ec:	eb04 1481 	add.w	r4, r4, r1, lsl #6
200004f0:	3c01      	subs	r4, #1
200004f2:	18ae      	adds	r6, r5, r2
200004f4:	42b5      	cmp	r5, r6
200004f6:	d10b      	bne.n	20000510 <prepare_ep_buffer+0x54>
200004f8:	691c      	ldr	r4, [r3, #16]
200004fa:	f440 4000 	orr.w	r0, r0, #32768	@ 0x8000
200004fe:	4414      	add	r4, r2
20000500:	611c      	str	r4, [r3, #16]
20000502:	8a9b      	ldrh	r3, [r3, #20]
20000504:	b90b      	cbnz	r3, 2000050a <prepare_ep_buffer+0x4e>
20000506:	f440 4080 	orr.w	r0, r0, #16384	@ 0x4000
2000050a:	b101      	cbz	r1, 2000050e <prepare_ep_buffer+0x52>
2000050c:	0400      	lsls	r0, r0, #16
2000050e:	bdf0      	pop	{r4, r5, r6, r7, pc}
20000510:	f815 7b01 	ldrb.w	r7, [r5], #1
20000514:	f804 7f01 	strb.w	r7, [r4, #1]!
20000518:	e7ec      	b.n	200004f4 <prepare_ep_buffer+0x38>
	...

2000051c <e15_is_bulkin_ep>:
2000051c:	4b07      	ldr	r3, [pc, #28]	@ (2000053c <e15_is_bulkin_ep+0x20>)
2000051e:	6c1b      	ldr	r3, [r3, #64]	@ 0x40
20000520:	f013 0302 	ands.w	r3, r3, #2
20000524:	d107      	bne.n	20000536 <e15_is_bulkin_ep+0x1a>
20000526:	7882      	ldrb	r2, [r0, #2]
20000528:	09d2      	lsrs	r2, r2, #7
2000052a:	d004      	beq.n	20000536 <e15_is_bulkin_ep+0x1a>
2000052c:	7ec0      	ldrb	r0, [r0, #27]
2000052e:	1e83      	subs	r3, r0, #2
20000530:	4258      	negs	r0, r3
20000532:	4158      	adcs	r0, r3
20000534:	4770      	bx	lr
20000536:	2000      	movs	r0, #0
20000538:	4770      	bx	lr
2000053a:	bf00      	nop
2000053c:	50110000 	.word	0x50110000

20000540 <e15_is_critical_frame_period>:
20000540:	b508      	push	{r3, lr}
20000542:	f7ff ffeb 	bl	2000051c <e15_is_bulkin_ep>
20000546:	b150      	cbz	r0, 2000055e <e15_is_critical_frame_period+0x1e>
20000548:	4b05      	ldr	r3, [pc, #20]	@ (20000560 <e15_is_critical_frame_period+0x20>)
2000054a:	6a98      	ldr	r0, [r3, #40]	@ 0x28
2000054c:	4b05      	ldr	r3, [pc, #20]	@ (20000564 <e15_is_critical_frame_period+0x24>)
2000054e:	f5a0 7048 	sub.w	r0, r0, #800	@ 0x320
20000552:	681b      	ldr	r3, [r3, #0]
20000554:	1ac0      	subs	r0, r0, r3
20000556:	28c6      	cmp	r0, #198	@ 0xc6
20000558:	bf8c      	ite	hi
2000055a:	2000      	movhi	r0, #0
2000055c:	2001      	movls	r0, #1
2000055e:	bd08      	pop	{r3, pc}
20000560:	400b0000 	.word	0x400b0000
20000564:	2000e418 	.word	0x2000e418

20000568 <sync_ep_buffer>:
20000568:	6882      	ldr	r2, [r0, #8]
2000056a:	4603      	mov	r3, r0
2000056c:	b530      	push	{r4, r5, lr}
2000056e:	6810      	ldr	r0, [r2, #0]
20000570:	b101      	cbz	r1, 20000574 <sync_ep_buffer+0xc>
20000572:	0c00      	lsrs	r0, r0, #16
20000574:	785a      	ldrb	r2, [r3, #1]
20000576:	f3c0 0009 	ubfx	r0, r0, #0, #10
2000057a:	b942      	cbnz	r2, 2000058e <sync_ep_buffer+0x26>
2000057c:	8ada      	ldrh	r2, [r3, #22]
2000057e:	4402      	add	r2, r0
20000580:	82da      	strh	r2, [r3, #22]
20000582:	8b1a      	ldrh	r2, [r3, #24]
20000584:	4282      	cmp	r2, r0
20000586:	bf84      	itt	hi
20000588:	2200      	movhi	r2, #0
2000058a:	829a      	strhhi	r2, [r3, #20]
2000058c:	bd30      	pop	{r4, r5, pc}
2000058e:	68da      	ldr	r2, [r3, #12]
20000590:	eb02 1181 	add.w	r1, r2, r1, lsl #6
20000594:	691a      	ldr	r2, [r3, #16]
20000596:	180c      	adds	r4, r1, r0
20000598:	3a01      	subs	r2, #1
2000059a:	42a1      	cmp	r1, r4
2000059c:	d106      	bne.n	200005ac <sync_ep_buffer+0x44>
2000059e:	8ada      	ldrh	r2, [r3, #22]
200005a0:	4402      	add	r2, r0
200005a2:	82da      	strh	r2, [r3, #22]
200005a4:	691a      	ldr	r2, [r3, #16]
200005a6:	4402      	add	r2, r0
200005a8:	611a      	str	r2, [r3, #16]
200005aa:	e7ea      	b.n	20000582 <sync_ep_buffer+0x1a>
200005ac:	f811 5b01 	ldrb.w	r5, [r1], #1
200005b0:	f802 5f01 	strb.w	r5, [r2, #1]!
200005b4:	e7f1      	b.n	2000059a <sync_ep_buffer+0x32>

200005b6 <_hw_endpoint_xfer_sync>:
200005b6:	b510      	push	{r4, lr}
200005b8:	4604      	mov	r4, r0
200005ba:	6883      	ldr	r3, [r0, #8]
200005bc:	2100      	movs	r1, #0
200005be:	681b      	ldr	r3, [r3, #0]
200005c0:	f7ff ffd2 	bl	20000568 <sync_ep_buffer>
200005c4:	6863      	ldr	r3, [r4, #4]
200005c6:	681b      	ldr	r3, [r3, #0]
200005c8:	005b      	lsls	r3, r3, #1
200005ca:	d508      	bpl.n	200005de <_hw_endpoint_xfer_sync+0x28>
200005cc:	8b23      	ldrh	r3, [r4, #24]
200005ce:	4283      	cmp	r3, r0
200005d0:	d105      	bne.n	200005de <_hw_endpoint_xfer_sync+0x28>
200005d2:	4620      	mov	r0, r4
200005d4:	e8bd 4010 	ldmia.w	sp!, {r4, lr}
200005d8:	2101      	movs	r1, #1
200005da:	f7ff bfc5 	b.w	20000568 <sync_ep_buffer>
200005de:	bd10      	pop	{r4, pc}

200005e0 <hw_endpoint_reset_transfer>:
200005e0:	2300      	movs	r3, #0
200005e2:	e9c0 3304 	strd	r3, r3, [r0, #16]
200005e6:	7683      	strb	r3, [r0, #26]
200005e8:	4770      	bx	lr
	...

200005ec <_hw_endpoint_buffer_control_update32>:
200005ec:	b510      	push	{r4, lr}
200005ee:	6883      	ldr	r3, [r0, #8]
200005f0:	b109      	cbz	r1, 200005f6 <_hw_endpoint_buffer_control_update32+0xa>
200005f2:	681c      	ldr	r4, [r3, #0]
200005f4:	4021      	ands	r1, r4
200005f6:	b1a2      	cbz	r2, 20000622 <_hw_endpoint_buffer_control_update32+0x36>
200005f8:	0554      	lsls	r4, r2, #21
200005fa:	ea41 0102 	orr.w	r1, r1, r2
200005fe:	d510      	bpl.n	20000622 <_hw_endpoint_buffer_control_update32+0x36>
20000600:	681a      	ldr	r2, [r3, #0]
20000602:	0552      	lsls	r2, r2, #21
20000604:	d503      	bpl.n	2000060e <_hw_endpoint_buffer_control_update32+0x22>
20000606:	7881      	ldrb	r1, [r0, #2]
20000608:	4807      	ldr	r0, [pc, #28]	@ (20000628 <_hw_endpoint_buffer_control_update32+0x3c>)
2000060a:	f000 f969 	bl	200008e0 <__panic_veneer>
2000060e:	f421 6280 	bic.w	r2, r1, #1024	@ 0x400
20000612:	601a      	str	r2, [r3, #0]
20000614:	4b05      	ldr	r3, [pc, #20]	@ (2000062c <_hw_endpoint_buffer_control_update32+0x40>)
20000616:	6c1b      	ldr	r3, [r3, #64]	@ 0x40
20000618:	079b      	lsls	r3, r3, #30
2000061a:	d402      	bmi.n	20000622 <_hw_endpoint_buffer_control_update32+0x36>
2000061c:	230c      	movs	r3, #12
2000061e:	3b03      	subs	r3, #3
20000620:	d2fd      	bcs.n	2000061e <_hw_endpoint_buffer_control_update32+0x32>
20000622:	6883      	ldr	r3, [r0, #8]
20000624:	6019      	str	r1, [r3, #0]
20000626:	bd10      	pop	{r4, pc}
20000628:	10004463 	.word	0x10004463
2000062c:	50110000 	.word	0x50110000

20000630 <hw_endpoint_start_next_buffer>:
20000630:	6843      	ldr	r3, [r0, #4]
20000632:	b570      	push	{r4, r5, r6, lr}
20000634:	2100      	movs	r1, #0
20000636:	4605      	mov	r5, r0
20000638:	681c      	ldr	r4, [r3, #0]
2000063a:	f7ff ff3f 	bl	200004bc <prepare_ep_buffer>
2000063e:	4b14      	ldr	r3, [pc, #80]	@ (20000690 <hw_endpoint_start_next_buffer+0x60>)
20000640:	f440 5680 	orr.w	r6, r0, #4096	@ 0x1000
20000644:	6c1a      	ldr	r2, [r3, #64]	@ 0x40
20000646:	78ab      	ldrb	r3, [r5, #2]
20000648:	0792      	lsls	r2, r2, #30
2000064a:	d518      	bpl.n	2000067e <hw_endpoint_start_next_buffer+0x4e>
2000064c:	f013 037f 	ands.w	r3, r3, #127	@ 0x7f
20000650:	bf18      	it	ne
20000652:	2301      	movne	r3, #1
20000654:	8aaa      	ldrh	r2, [r5, #20]
20000656:	b1b2      	cbz	r2, 20000686 <hw_endpoint_start_next_buffer+0x56>
20000658:	b9ab      	cbnz	r3, 20000686 <hw_endpoint_start_next_buffer+0x56>
2000065a:	2101      	movs	r1, #1
2000065c:	4628      	mov	r0, r5
2000065e:	f7ff ff2d 	bl	200004bc <prepare_ep_buffer>
20000662:	f024 5400 	bic.w	r4, r4, #536870912	@ 0x20000000
20000666:	4306      	orrs	r6, r0
20000668:	f044 44a0 	orr.w	r4, r4, #1342177280	@ 0x50000000
2000066c:	686b      	ldr	r3, [r5, #4]
2000066e:	4632      	mov	r2, r6
20000670:	4628      	mov	r0, r5
20000672:	601c      	str	r4, [r3, #0]
20000674:	2100      	movs	r1, #0
20000676:	e8bd 4070 	ldmia.w	sp!, {r4, r5, r6, lr}
2000067a:	f7ff bfb7 	b.w	200005ec <_hw_endpoint_buffer_control_update32>
2000067e:	09db      	lsrs	r3, r3, #7
20000680:	f083 0301 	eor.w	r3, r3, #1
20000684:	e7e6      	b.n	20000654 <hw_endpoint_start_next_buffer+0x24>
20000686:	f024 44a0 	bic.w	r4, r4, #1342177280	@ 0x50000000
2000068a:	f044 5400 	orr.w	r4, r4, #536870912	@ 0x20000000
2000068e:	e7ed      	b.n	2000066c <hw_endpoint_start_next_buffer+0x3c>
20000690:	50110000 	.word	0x50110000

20000694 <hw_endpoint_xfer_continue>:
20000694:	b538      	push	{r3, r4, r5, lr}
20000696:	7e85      	ldrb	r5, [r0, #26]
20000698:	4604      	mov	r4, r0
2000069a:	b91d      	cbnz	r5, 200006a4 <hw_endpoint_xfer_continue+0x10>
2000069c:	7881      	ldrb	r1, [r0, #2]
2000069e:	480a      	ldr	r0, [pc, #40]	@ (200006c8 <hw_endpoint_xfer_continue+0x34>)
200006a0:	f000 f91e 	bl	200008e0 <__panic_veneer>
200006a4:	f7ff ff87 	bl	200005b6 <_hw_endpoint_xfer_sync>
200006a8:	8aa3      	ldrh	r3, [r4, #20]
200006aa:	b133      	cbz	r3, 200006ba <hw_endpoint_xfer_continue+0x26>
200006ac:	4620      	mov	r0, r4
200006ae:	f7ff ff47 	bl	20000540 <e15_is_critical_frame_period>
200006b2:	b120      	cbz	r0, 200006be <hw_endpoint_xfer_continue+0x2a>
200006b4:	2301      	movs	r3, #1
200006b6:	7723      	strb	r3, [r4, #28]
200006b8:	2500      	movs	r5, #0
200006ba:	4628      	mov	r0, r5
200006bc:	bd38      	pop	{r3, r4, r5, pc}
200006be:	4620      	mov	r0, r4
200006c0:	f7ff ffb6 	bl	20000630 <hw_endpoint_start_next_buffer>
200006c4:	e7f8      	b.n	200006b8 <hw_endpoint_xfer_continue+0x24>
200006c6:	bf00      	nop
200006c8:	10004481 	.word	0x10004481

200006cc <dcd_event_handler>:
200006cc:	e92d 43f0 	stmdb	sp!, {r4, r5, r6, r7, r8, r9, lr}
200006d0:	7843      	ldrb	r3, [r0, #1]
200006d2:	4604      	mov	r4, r0
200006d4:	3b02      	subs	r3, #2
200006d6:	460e      	mov	r6, r1
200006d8:	b085      	sub	sp, #20
200006da:	2b04      	cmp	r3, #4
200006dc:	d815      	bhi.n	2000070a <dcd_event_handler+0x3e>
200006de:	e8df f013 	tbh	[pc, r3, lsl #1]
200006e2:	0005      	.short	0x0005
200006e4:	003800cd 	.word	0x003800cd
200006e8:	00e40041 	.word	0x00e40041
200006ec:	2100      	movs	r1, #0
200006ee:	4b71      	ldr	r3, [pc, #452]	@ (200008b4 <dcd_event_handler+0x1e8>)
200006f0:	781a      	ldrb	r2, [r3, #0]
200006f2:	f022 0201 	bic.w	r2, r2, #1
200006f6:	701a      	strb	r2, [r3, #0]
200006f8:	781a      	ldrb	r2, [r3, #0]
200006fa:	f022 0202 	bic.w	r2, r2, #2
200006fe:	701a      	strb	r2, [r3, #0]
20000700:	7059      	strb	r1, [r3, #1]
20000702:	781a      	ldrb	r2, [r3, #0]
20000704:	f361 0282 	bfi	r2, r1, #2, #1
20000708:	701a      	strb	r2, [r3, #0]
2000070a:	4b6b      	ldr	r3, [pc, #428]	@ (200008b8 <dcd_event_handler+0x1ec>)
2000070c:	681d      	ldr	r5, [r3, #0]
2000070e:	696b      	ldr	r3, [r5, #20]
20000710:	f3ef 8210 	mrs	r2, PRIMASK
20000714:	b672      	cpsid	i
20000716:	e8d3 0fcf 	ldaexb	r0, [r3]
2000071a:	2101      	movs	r1, #1
2000071c:	2800      	cmp	r0, #0
2000071e:	d1fa      	bne.n	20000716 <dcd_event_handler+0x4a>
20000720:	e8c3 1f40 	strexb	r0, r1, [r3]
20000724:	2800      	cmp	r0, #0
20000726:	d1f6      	bne.n	20000716 <dcd_event_handler+0x4a>
20000728:	f3bf 8f5f 	dmb	sy
2000072c:	61aa      	str	r2, [r5, #24]
2000072e:	4621      	mov	r1, r4
20000730:	4628      	mov	r0, r5
20000732:	f000 f8d1 	bl	200008d8 <__tu_fifo_write_veneer>
20000736:	2300      	movs	r3, #0
20000738:	696a      	ldr	r2, [r5, #20]
2000073a:	e8c2 3f8f 	stlb	r3, [r2]
2000073e:	69ab      	ldr	r3, [r5, #24]
20000740:	f383 8810 	msr	PRIMASK, r3
20000744:	2800      	cmp	r0, #0
20000746:	f000 8085 	beq.w	20000854 <dcd_event_handler+0x188>
2000074a:	4632      	mov	r2, r6
2000074c:	7861      	ldrb	r1, [r4, #1]
2000074e:	7820      	ldrb	r0, [r4, #0]
20000750:	e0a8      	b.n	200008a4 <dcd_event_handler+0x1d8>
20000752:	4b58      	ldr	r3, [pc, #352]	@ (200008b4 <dcd_event_handler+0x1e8>)
20000754:	781a      	ldrb	r2, [r3, #0]
20000756:	07d7      	lsls	r7, r2, #31
20000758:	f140 8083 	bpl.w	20000862 <dcd_event_handler+0x196>
2000075c:	781a      	ldrb	r2, [r3, #0]
2000075e:	f042 0204 	orr.w	r2, r2, #4
20000762:	e7d1      	b.n	20000708 <dcd_event_handler+0x3c>
20000764:	4a53      	ldr	r2, [pc, #332]	@ (200008b4 <dcd_event_handler+0x1e8>)
20000766:	7813      	ldrb	r3, [r2, #0]
20000768:	07dd      	lsls	r5, r3, #31
2000076a:	d57a      	bpl.n	20000862 <dcd_event_handler+0x196>
2000076c:	7813      	ldrb	r3, [r2, #0]
2000076e:	f023 0304 	bic.w	r3, r3, #4
20000772:	7013      	strb	r3, [r2, #0]
20000774:	e7c9      	b.n	2000070a <dcd_event_handler+0x3e>
20000776:	429a      	cmp	r2, r3
20000778:	d976      	bls.n	20000868 <dcd_event_handler+0x19c>
2000077a:	f8d9 2000 	ldr.w	r2, [r9]
2000077e:	eb12 1343 	adds.w	r3, r2, r3, lsl #5
20000782:	d174      	bne.n	2000086e <dcd_event_handler+0x1a2>
20000784:	3501      	adds	r5, #1
20000786:	783a      	ldrb	r2, [r7, #0]
20000788:	b2eb      	uxtb	r3, r5
2000078a:	1c51      	adds	r1, r2, #1
2000078c:	4299      	cmp	r1, r3
2000078e:	daf2      	bge.n	20000776 <dcd_event_handler+0xaa>
20000790:	4f48      	ldr	r7, [pc, #288]	@ (200008b4 <dcd_event_handler+0x1e8>)
20000792:	783b      	ldrb	r3, [r7, #0]
20000794:	0758      	lsls	r0, r3, #29
20000796:	d534      	bpl.n	20000802 <dcd_event_handler+0x136>
20000798:	f04f 0800 	mov.w	r8, #0
2000079c:	783b      	ldrb	r3, [r7, #0]
2000079e:	e9cd 8801 	strd	r8, r8, [sp, #4]
200007a2:	f023 0304 	bic.w	r3, r3, #4
200007a6:	703b      	strb	r3, [r7, #0]
200007a8:	f8cd 800c 	str.w	r8, [sp, #12]
200007ac:	7823      	ldrb	r3, [r4, #0]
200007ae:	f88d 3004 	strb.w	r3, [sp, #4]
200007b2:	2305      	movs	r3, #5
200007b4:	f88d 3005 	strb.w	r3, [sp, #5]
200007b8:	4b3f      	ldr	r3, [pc, #252]	@ (200008b8 <dcd_event_handler+0x1ec>)
200007ba:	681d      	ldr	r5, [r3, #0]
200007bc:	696b      	ldr	r3, [r5, #20]
200007be:	f3ef 8210 	mrs	r2, PRIMASK
200007c2:	b672      	cpsid	i
200007c4:	e8d3 0fcf 	ldaexb	r0, [r3]
200007c8:	2101      	movs	r1, #1
200007ca:	2800      	cmp	r0, #0
200007cc:	d1fa      	bne.n	200007c4 <dcd_event_handler+0xf8>
200007ce:	e8c3 1f40 	strexb	r0, r1, [r3]
200007d2:	2800      	cmp	r0, #0
200007d4:	d1f6      	bne.n	200007c4 <dcd_event_handler+0xf8>
200007d6:	f3bf 8f5f 	dmb	sy
200007da:	4628      	mov	r0, r5
200007dc:	61aa      	str	r2, [r5, #24]
200007de:	a901      	add	r1, sp, #4
200007e0:	f000 f87a 	bl	200008d8 <__tu_fifo_write_veneer>
200007e4:	696b      	ldr	r3, [r5, #20]
200007e6:	e8c3 8f8f 	stlb	r8, [r3]
200007ea:	69ab      	ldr	r3, [r5, #24]
200007ec:	f383 8810 	msr	PRIMASK, r3
200007f0:	2800      	cmp	r0, #0
200007f2:	d14a      	bne.n	2000088a <dcd_event_handler+0x1be>
200007f4:	f04f 23e0 	mov.w	r3, #3758153728	@ 0xe000e000
200007f8:	f8d3 3df0 	ldr.w	r3, [r3, #3568]	@ 0xdf0
200007fc:	07d9      	lsls	r1, r3, #31
200007fe:	d500      	bpl.n	20000802 <dcd_event_handler+0x136>
20000800:	be00      	bkpt	0x0000
20000802:	78fb      	ldrb	r3, [r7, #3]
20000804:	07da      	lsls	r2, r3, #31
20000806:	d52c      	bpl.n	20000862 <dcd_event_handler+0x196>
20000808:	7823      	ldrb	r3, [r4, #0]
2000080a:	f88d 3004 	strb.w	r3, [sp, #4]
2000080e:	2303      	movs	r3, #3
20000810:	f88d 3005 	strb.w	r3, [sp, #5]
20000814:	6863      	ldr	r3, [r4, #4]
20000816:	9302      	str	r3, [sp, #8]
20000818:	4b27      	ldr	r3, [pc, #156]	@ (200008b8 <dcd_event_handler+0x1ec>)
2000081a:	681c      	ldr	r4, [r3, #0]
2000081c:	6963      	ldr	r3, [r4, #20]
2000081e:	f3ef 8210 	mrs	r2, PRIMASK
20000822:	b672      	cpsid	i
20000824:	e8d3 0fcf 	ldaexb	r0, [r3]
20000828:	2101      	movs	r1, #1
2000082a:	2800      	cmp	r0, #0
2000082c:	d1fa      	bne.n	20000824 <dcd_event_handler+0x158>
2000082e:	e8c3 1f40 	strexb	r0, r1, [r3]
20000832:	2800      	cmp	r0, #0
20000834:	d1f6      	bne.n	20000824 <dcd_event_handler+0x158>
20000836:	f3bf 8f5f 	dmb	sy
2000083a:	61a2      	str	r2, [r4, #24]
2000083c:	4620      	mov	r0, r4
2000083e:	a901      	add	r1, sp, #4
20000840:	f000 f84a 	bl	200008d8 <__tu_fifo_write_veneer>
20000844:	2300      	movs	r3, #0
20000846:	6962      	ldr	r2, [r4, #20]
20000848:	e8c2 3f8f 	stlb	r3, [r2]
2000084c:	69a3      	ldr	r3, [r4, #24]
2000084e:	f383 8810 	msr	PRIMASK, r3
20000852:	bb10      	cbnz	r0, 2000089a <dcd_event_handler+0x1ce>
20000854:	f04f 23e0 	mov.w	r3, #3758153728	@ 0xe000e000
20000858:	f8d3 3df0 	ldr.w	r3, [r3, #3568]	@ 0xdf0
2000085c:	07db      	lsls	r3, r3, #31
2000085e:	d500      	bpl.n	20000862 <dcd_event_handler+0x196>
20000860:	be00      	bkpt	0x0000
20000862:	b005      	add	sp, #20
20000864:	e8bd 83f0 	ldmia.w	sp!, {r4, r5, r6, r7, r8, r9, pc}
20000868:	1a9b      	subs	r3, r3, r2
2000086a:	eb08 1343 	add.w	r3, r8, r3, lsl #5
2000086e:	69db      	ldr	r3, [r3, #28]
20000870:	2b00      	cmp	r3, #0
20000872:	d087      	beq.n	20000784 <dcd_event_handler+0xb8>
20000874:	6861      	ldr	r1, [r4, #4]
20000876:	7820      	ldrb	r0, [r4, #0]
20000878:	4798      	blx	r3
2000087a:	e783      	b.n	20000784 <dcd_event_handler+0xb8>
2000087c:	2500      	movs	r5, #0
2000087e:	4f0f      	ldr	r7, [pc, #60]	@ (200008bc <dcd_event_handler+0x1f0>)
20000880:	f8df 8040 	ldr.w	r8, [pc, #64]	@ 200008c4 <dcd_event_handler+0x1f8>
20000884:	f8df 9040 	ldr.w	r9, [pc, #64]	@ 200008c8 <dcd_event_handler+0x1fc>
20000888:	e77d      	b.n	20000786 <dcd_event_handler+0xba>
2000088a:	4632      	mov	r2, r6
2000088c:	f89d 1005 	ldrb.w	r1, [sp, #5]
20000890:	f89d 0004 	ldrb.w	r0, [sp, #4]
20000894:	f000 f830 	bl	200008f8 <__tud_event_hook_cb_veneer>
20000898:	e7b3      	b.n	20000802 <dcd_event_handler+0x136>
2000089a:	4632      	mov	r2, r6
2000089c:	f89d 1005 	ldrb.w	r1, [sp, #5]
200008a0:	f89d 0004 	ldrb.w	r0, [sp, #4]
200008a4:	f000 f828 	bl	200008f8 <__tud_event_hook_cb_veneer>
200008a8:	e7db      	b.n	20000862 <dcd_event_handler+0x196>
200008aa:	4a05      	ldr	r2, [pc, #20]	@ (200008c0 <dcd_event_handler+0x1f4>)
200008ac:	7813      	ldrb	r3, [r2, #0]
200008ae:	3301      	adds	r3, #1
200008b0:	e75f      	b.n	20000772 <dcd_event_handler+0xa6>
200008b2:	bf00      	nop
200008b4:	2000e8d4 	.word	0x2000e8d4
200008b8:	2000e0fc 	.word	0x2000e0fc
200008bc:	2000e8af 	.word	0x2000e8af
200008c0:	2000e9e8 	.word	0x2000e9e8
200008c4:	1000469c 	.word	0x1000469c
200008c8:	2000df50 	.word	0x2000df50
200008cc:	00000000 	.word	0x00000000

200008d0 <__best_effort_wfe_or_timeout_veneer>:
200008d0:	f85f f000 	ldr.w	pc, [pc]	@ 200008d4 <__best_effort_wfe_or_timeout_veneer+0x4>
200008d4:	10001685 	.word	0x10001685

200008d8 <__tu_fifo_write_veneer>:
200008d8:	f85f f000 	ldr.w	pc, [pc]	@ 200008dc <__tu_fifo_write_veneer+0x4>
200008dc:	10003ee1 	.word	0x10003ee1

200008e0 <__panic_veneer>:
200008e0:	f85f f000 	ldr.w	pc, [pc]	@ 200008e4 <__panic_veneer+0x4>
200008e4:	100004f5 	.word	0x100004f5

200008e8 <__time_us_64_veneer>:
200008e8:	f85f f000 	ldr.w	pc, [pc]	@ 200008ec <__time_us_64_veneer+0x4>
200008ec:	10001755 	.word	0x10001755

200008f0 <__memset_veneer>:
200008f0:	f85f f000 	ldr.w	pc, [pc]	@ 200008f4 <__memset_veneer+0x4>
200008f4:	100040bd 	.word	0x100040bd

200008f8 <__tud_event_hook_cb_veneer>:
200008f8:	f85f f000 	ldr.w	pc, [pc]	@ 200008fc <__tud_event_hook_cb_veneer+0x4>
200008fc:	10002769 	.word	0x10002769

20000900 <c_payloadStart>:
20000900:	6563694c 	.word	0x6563694c
20000904:	6465736e 	.word	0x6465736e
20000908:	20796220 	.word	0x20796220
2000090c:	796e6f53 	.word	0x796e6f53
20000910:	6d6f4320 	.word	0x6d6f4320
20000914:	65747570 	.word	0x65747570
20000918:	6e452072 	.word	0x6e452072
2000091c:	74726574 	.word	0x74726574
20000920:	6d6e6961 	.word	0x6d6e6961
20000924:	20746e65 	.word	0x20746e65
20000928:	2e636e49 	.word	0x2e636e49
2000092c:	1f000000 	.word	0x1f000000
20000930:	40803800 	.word	0x40803800
20000934:	240affff 	.word	0x240affff
20000938:	3c098003 	.word	0x3c098003
2000093c:	3c08eb80 	.word	0x3c08eb80
20000940:	408a5800 	.word	0x408a5800
20000944:	408a4800 	.word	0x408a4800
20000948:	40892800 	.word	0x40892800
2000094c:	40891800 	.word	0x40891800
20000950:	40883800 	.word	0x40883800
20000954:	3c088ca7 	.word	0x3c088ca7
20000958:	ac080024 	.word	0xac080024
2000095c:	3c0824c6 	.word	0x3c0824c6
20000960:	3508ffff 	.word	0x3508ffff
20000964:	ac080028 	.word	0xac080028
20000968:	3c08ac87 	.word	0x3c08ac87
2000096c:	ac08002c 	.word	0xac08002c
20000970:	3c0814c0 	.word	0x3c0814c0
20000974:	3508fffc 	.word	0x3508fffc
20000978:	ac080030 	.word	0xac080030
2000097c:	3c082484 	.word	0x3c082484
20000980:	35080004 	.word	0x35080004
20000984:	ac080034 	.word	0xac080034
20000988:	3c080800 	.word	0x3c080800
2000098c:	35080028 	.word	0x35080028
20000990:	ac080038 	.word	0xac080038
20000994:	3c082409 	.word	0x3c082409
20000998:	35080044 	.word	0x35080044
2000099c:	ac08003c 	.word	0xac08003c
200009a0:	3c084080 	.word	0x3c084080
200009a4:	35083800 	.word	0x35083800
200009a8:	ac080040 	.word	0xac080040
200009ac:	3c083c04 	.word	0x3c083c04
200009b0:	3508801c 	.word	0x3508801c
200009b4:	ac080044 	.word	0xac080044
200009b8:	3c083484 	.word	0x3c083484
200009bc:	35083e78 	.word	0x35083e78
200009c0:	ac080048 	.word	0xac080048
200009c4:	3c083c1f 	.word	0x3c083c1f
200009c8:	3508801d 	.word	0x3508801d
200009cc:	ac08004c 	.word	0xac08004c
200009d0:	3c0837ff 	.word	0x3c0837ff
200009d4:	35081164 	.word	0x35081164
200009d8:	ac080050 	.word	0xac080050
200009dc:	3c083c05 	.word	0x3c083c05
200009e0:	3508bf00 	.word	0x3508bf00
200009e4:	ac080054 	.word	0xac080054
200009e8:	3c080800 	.word	0x3c080800
200009ec:	35080009 	.word	0x35080009
200009f0:	ac080058 	.word	0xac080058
200009f4:	3c083406 	.word	0x3c083406
200009f8:	350834c7 	.word	0x350834c7
200009fc:	03e00008 	.word	0x03e00008
20000a00:	ac08005c 	.word	0xac08005c
20000a04:	08801dff 	.word	0x08801dff
20000a08:	0810003c 	.word	0x0810003c
20000a0c:	801eff25 	.word	0x801eff25
20000a10:	8a303c09 	.word	0x8a303c09
20000a14:	05f92529 	.word	0x05f92529
20000a18:	00110900 	.word	0x00110900
20000a1c:	0004ad1e 	.word	0x0004ad1e
20000a20:	fffd2ede 	.word	0xfffd2ede
20000a24:	1dce1509 	.word	0x1dce1509
20000a28:	06df2404 	.word	0x06df2404
20000a2c:	c00e2405 	.word	0xc00e2405
20000a30:	1b08bb06 	.word	0x1b08bb06
20000a34:	bdffffd0 	.word	0xbdffffd0
20000a38:	02be4827 	.word	0x02be4827
20000a3c:	fd002c34 	.word	0xfd002c34
20000a40:	0028afbf 	.word	0x0028afbf
20000a44:	38bfafb3 	.word	0x38bfafb3
20000a48:	0020afb2 	.word	0x0020afb2
20000a4c:	1cf6afb1 	.word	0x1cf6afb1
20000a50:	3aafb000 	.word	0x3aafb000
20000a54:	2e8c43ff 	.word	0x2e8c43ff
20000a58:	753c02f1 	.word	0x753c02f1
20000a5c:	3442dbe1 	.word	0x3442dbe1
20000a60:	bb146258 	.word	0xbb146258
20000a64:	b3274e4c 	.word	0xb3274e4c
20000a68:	717fec5b 	.word	0x717fec5b
20000a6c:	a4244400 	.word	0xa4244400
20000a70:	14ff6400 	.word	0x14ff6400
20000a74:	24420072 	.word	0x24420072
20000a78:	ba06e43a 	.word	0xba06e43a
20000a7c:	dd8c970c 	.word	0xdd8c970c
20000a80:	f6bf180f 	.word	0xf6bf180f
20000a84:	0200b024 	.word	0x0200b024
20000a88:	f8df0924 	.word	0xf8df0924
20000a8c:	b3bee340 	.word	0xb3bee340
20000a90:	b3582fe6 	.word	0xb3582fe6
20000a94:	3c470fee 	.word	0x3c470fee
20000a98:	260e1801 	.word	0x260e1801
20000a9c:	0e6f8e66 	.word	0x0e6f8e66
20000aa0:	07d02403 	.word	0x07d02403
20000aa4:	8d0c07ff 	.word	0x8d0c07ff
20000aa8:	1fa04310 	.word	0x1fa04310
20000aac:	d63f65e7 	.word	0xd63f65e7
20000ab0:	bb1e8e2f 	.word	0xbb1e8e2f
20000ab4:	00251780 	.word	0x00251780
20000ab8:	251460f6 	.word	0x251460f6
20000abc:	c6bb8e98 	.word	0xc6bb8e98
20000ac0:	106e2e86 	.word	0x106e2e86
20000ac4:	25da0f3c 	.word	0x25da0f3c
20000ac8:	0b251e88 	.word	0x0b251e88
20000acc:	bc660048 	.word	0xbc660048
20000ad0:	db9016e5 	.word	0xdb9016e5
20000ad4:	3f9fe566 	.word	0x3f9fe566
20000ad8:	8e0407c0 	.word	0x8e0407c0
20000adc:	87e5b34a 	.word	0x87e5b34a
20000ae0:	4000ed03 	.word	0x4000ed03
20000ae4:	b0060a16 	.word	0xb0060a16
20000ae8:	1cf7f73c 	.word	0x1cf7f73c
20000aec:	ecd60580 	.word	0xecd60580
20000af0:	92dc3c04 	.word	0x92dc3c04
20000af4:	a574360b 	.word	0xa574360b
20000af8:	eb2824ef 	.word	0xeb2824ef
20000afc:	84eec02e 	.word	0x84eec02e
20000b00:	f75e3b24 	.word	0xf75e3b24
20000b04:	5f77266e 	.word	0x5f77266e
20000b08:	00021675 	.word	0x00021675
20000b0c:	332405c8 	.word	0x332405c8
20000b10:	d8768601 	.word	0xd8768601
20000b14:	130e1620 	.word	0x130e1620
20000b18:	170b8f96 	.word	0x170b8f96
20000b1c:	62603681 	.word	0x62603681
20000b20:	96169ba2 	.word	0x96169ba2
20000b24:	266ec194 	.word	0x266ec194
20000b28:	0f84b730 	.word	0x0f84b730
20000b2c:	5f058f8f 	.word	0x5f058f8f
20000b30:	409115ca 	.word	0x409115ca
20000b34:	4825ff77 	.word	0x4825ff77
20000b38:	a8677040 	.word	0xa8677040
20000b3c:	4e60c236 	.word	0x4e60c236
20000b40:	380b0742 	.word	0x380b0742
20000b44:	6c83ac02 	.word	0x6c83ac02
20000b48:	758cc90e 	.word	0x758cc90e
20000b4c:	cf84c2ee 	.word	0xcf84c2ee
20000b50:	04023e17 	.word	0x04023e17
20000b54:	6d176e5f 	.word	0x6d176e5f
20000b58:	cdac4006 	.word	0xcdac4006
20000b5c:	b002b6df 	.word	0xb002b6df
20000b60:	50cbdfa1 	.word	0x50cbdfa1
20000b64:	78781766 	.word	0x78781766
20000b68:	0896785a 	.word	0x0896785a
20000b6c:	19272e76 	.word	0x19272e76
20000b70:	d8f2f688 	.word	0xd8f2f688
20000b74:	77777387 	.word	0x77777387
20000b78:	03f16e0a 	.word	0x03f16e0a
20000b7c:	5388888e 	.word	0x5388888e
20000b80:	105b3f7e 	.word	0x105b3f7e
20000b84:	be3c1146 	.word	0xbe3c1146
20000b88:	ff12571d 	.word	0xff12571d
20000b8c:	b83c1306 	.word	0xb83c1306
20000b90:	26da31c7 	.word	0x26da31c7
20000b94:	e68eb694 	.word	0xe68eb694
20000b98:	42ed4e57 	.word	0x42ed4e57
20000b9c:	14decd28 	.word	0x14decd28
20000ba0:	0c0086ed 	.word	0x0c0086ed
20000ba4:	00dc108e 	.word	0x00dc108e
20000ba8:	000b47ae 	.word	0x000b47ae
20000bac:	33d92411 	.word	0x33d92411
20000bb0:	f3c597ea 	.word	0xf3c597ea
20000bb4:	ec0487d9 	.word	0xec0487d9
20000bb8:	ec1ff0e3 	.word	0xec1ff0e3
20000bbc:	f70ff92e 	.word	0xf70ff92e
20000bc0:	9f4223a4 	.word	0x9f4223a4
20000bc4:	105184b6 	.word	0x105184b6
20000bc8:	43bf0fe7 	.word	0x43bf0fe7
20000bcc:	1adb8602 	.word	0x1adb8602
20000bd0:	d90d001e 	.word	0xd90d001e
20000bd4:	ef2e0700 	.word	0xef2e0700
20000bd8:	08d6282a 	.word	0x08d6282a
20000bdc:	b71b1034 	.word	0xb71b1034
20000be0:	a2db0014 	.word	0xa2db0014
20000be4:	afa024af 	.word	0xafa024af
20000be8:	24071e6d 	.word	0x24071e6d
20000bec:	240606b8 	.word	0x240606b8
20000bf0:	54e67d6c 	.word	0x54e67d6c
20000bf4:	5496aef3 	.word	0x5496aef3
20000bf8:	583708b6 	.word	0x583708b6
20000bfc:	5876364e 	.word	0x5876364e
20000c00:	1e26cffa 	.word	0x1e26cffa
20000c04:	00d0efae 	.word	0x00d0efae
20000c08:	b2efaf40 	.word	0xb2efaf40
20000c0c:	d9df070c 	.word	0xd9df070c
20000c10:	d9efda95 	.word	0xd9efda95
20000c14:	f20ffcd7 	.word	0xf20ffcd7
20000c18:	1462ff5e 	.word	0x1462ff5e
20000c1c:	17bf45a8 	.word	0x17bf45a8
20000c20:	1000ff5a 	.word	0x1000ff5a
20000c24:	f8286f04 	.word	0xf8286f04
20000c28:	f3e2aee0 	.word	0xf3e2aee0
20000c2c:	5e0dc7e1 	.word	0x5e0dc7e1
20000c30:	16efb445 	.word	0x16efb445
20000c34:	985e3d98 	.word	0x985e3d98
20000c38:	82cfe69f 	.word	0x82cfe69f
20000c3c:	fe6a28a6 	.word	0xfe6a28a6
20000c40:	30a5000f 	.word	0x30a5000f
20000c44:	89a2fffc 	.word	0x89a2fffc
20000c48:	2cce1476 	.word	0x2cce1476
20000c4c:	10601637 	.word	0x10601637
20000c50:	0218d180 	.word	0x0218d180
20000c54:	c564f01f 	.word	0xc564f01f
20000c58:	4f210651 	.word	0x4f210651
20000c5c:	86424ac6 	.word	0x86424ac6
20000c60:	40765f8c 	.word	0x40765f8c
20000c64:	04188f00 	.word	0x04188f00
20000c68:	8ed8663b 	.word	0x8ed8663b
20000c6c:	16549fb8 	.word	0x16549fb8
20000c70:	7017b70d 	.word	0x7017b70d
20000c74:	6484e484 	.word	0x6484e484
20000c78:	00b45dbf 	.word	0x00b45dbf
20000c7c:	e8b68da7 	.word	0xe8b68da7
20000c80:	dc668da6 	.word	0xdc668da6
20000c84:	c0378da5 	.word	0xc0378da5
20000c88:	3fe69d1e 	.word	0x3fe69d1e
20000c8c:	24b99a30 	.word	0x24b99a30
20000c90:	1ce72079 	.word	0x1ce72079
20000c94:	58b91890 	.word	0x58b91890
20000c98:	309e34e7 	.word	0x309e34e7
20000c9c:	0b28792c 	.word	0x0b28792c
20000ca0:	7944809e 	.word	0x7944809e
20000ca4:	903ce740 	.word	0x903ce740
20000ca8:	e7a8b938 	.word	0xe7a8b938
20000cac:	4c509e54 	.word	0x4c509e54
20000cb0:	9e0b4879 	.word	0x9e0b4879
20000cb4:	607964d0 	.word	0x607964d0
20000cb8:	58905ce7 	.word	0x58905ce7
20000cbc:	74e7f8b9 	.word	0x74e7f8b9
20000cc0:	796c709e 	.word	0x796c709e
20000cc4:	20cd0b68 	.word	0x20cd0b68
20000cc8:	803c84ba 	.word	0x803c84ba
20000ccc:	78c87cf3 	.word	0x78c87cf3
20000cd0:	94f3485c 	.word	0x94f3485c
20000cd4:	882e8cde 	.word	0x882e8cde
20000cd8:	b09046f3 	.word	0xb09046f3
20000cdc:	db70333f 	.word	0xdb70333f
20000ce0:	17176704 	.word	0x17176704
20000ce4:	f3d01e7c 	.word	0xf3d01e7c
20000ce8:	d831df71 	.word	0xd831df71
20000cec:	be87be60 	.word	0xbe87be60
20000cf0:	fffb7416 	.word	0xfffb7416
20000cf4:	507f7840 	.word	0x507f7840
20000cf8:	2e1d9eba 	.word	0x2e1d9eba
20000cfc:	ee1e05df 	.word	0xee1e05df
20000d00:	b8bf2da2 	.word	0xb8bf2da2
20000d04:	06de274c 	.word	0x06de274c
20000d08:	28799e1e 	.word	0x28799e1e
20000d0c:	9ae70739 	.word	0x9ae70739
20000d10:	089e5093 	.word	0x089e5093
20000d14:	397c7996 	.word	0x397c7996
20000d18:	9392e709 	.word	0x9392e709
20000d1c:	8e0a9ea0 	.word	0x8e0a9ea0
20000d20:	0b39b479 	.word	0x0b39b479
20000d24:	d8938ae7 	.word	0xd8938ae7
20000d28:	eb860c9e 	.word	0xeb860c9e
20000d2c:	371fb9df 	.word	0x371fb9df
20000d30:	249e1683 	.word	0x249e1683
20000d34:	00701b25 	.word	0x00701b25
20000d38:	8c7afdde 	.word	0x8c7afdde
20000d3c:	42081025 	.word	0x42081025
20000d40:	b6435f17 	.word	0xb6435f17
20000d44:	ae431624 	.word	0xae431624
20000d48:	03300efa 	.word	0x03300efa
20000d4c:	8aed1ff0 	.word	0x8aed1ff0
20000d50:	9e5e3201 	.word	0x9e5e3201
20000d54:	863b32fa 	.word	0x863b32fa
20000d58:	6ac11090 	.word	0x6ac11090
20000d5c:	ae87ff8e 	.word	0xae87ff8e
20000d60:	1821da37 	.word	0x1821da37
20000d64:	6d5a7b71 	.word	0x6d5a7b71
20000d68:	60287e70 	.word	0x60287e70
20000d6c:	a0382501 	.word	0xa0382501
20000d70:	fe161c9d 	.word	0xfe161c9d
20000d74:	a601f17f 	.word	0xa601f17f
20000d78:	4a8720dd 	.word	0x4a8720dd
20000d7c:	e87e2582 	.word	0xe87e2582
20000d80:	fd122942 	.word	0xfd122942
20000d84:	6d5821de 	.word	0x6d5821de
20000d88:	ae6ef501 	.word	0xae6ef501
20000d8c:	298658f0 	.word	0x298658f0
20000d90:	140e6de6 	.word	0x140e6de6
20000d94:	5a563bb0 	.word	0x5a563bb0
20000d98:	024c5633 	.word	0x024c5633
20000d9c:	5eb9871e 	.word	0x5eb9871e
20000da0:	040030e1 	.word	0x040030e1
20000da4:	e1206f8f 	.word	0xe1206f8f
20000da8:	62751e7a 	.word	0x62751e7a
20000dac:	d3066077 	.word	0xd3066077
20000db0:	efae774e 	.word	0xefae774e
20000db4:	608ede0e 	.word	0x608ede0e
20000db8:	991ab2ae 	.word	0x991ab2ae
20000dbc:	a6676177 	.word	0xa6676177
20000dc0:	01d84706 	.word	0x01d84706
20000dc4:	0a00a01e 	.word	0x0a00a01e
20000dc8:	01401eaf 	.word	0x01401eaf
20000dcc:	965e3f81 	.word	0x965e3f81
20000dd0:	401a6800 	.word	0x401a6800
20000dd4:	086d6807 	.word	0x086d6807
20000dd8:	db131e02 	.word	0xdb131e02
20000ddc:	f8022244 	.word	0xf8022244
20000de0:	275ae0ff 	.word	0x275ae0ff
20000de4:	170eadea 	.word	0x170eadea
20000de8:	06041a24 	.word	0x06041a24
20000dec:	8f0fc008 	.word	0x8f0fc008
20000df0:	6df6a257 	.word	0x6df6a257
20000df4:	b6770d08 	.word	0xb6770d08
20000df8:	0703e020 	.word	0x0703e020
20000dfc:	a7ff81ae 	.word	0xa7ff81ae
20000e00:	f025afbe 	.word	0xf025afbe
20000e04:	0603a0e9 	.word	0x0603a0e9
20000e08:	78c686d1 	.word	0x78c686d1
20000e0c:	bf06afc2 	.word	0xbf06afc2
20000e10:	0342e617 	.word	0x0342e617
20000e14:	a0408eb8 	.word	0xa0408eb8
20000e18:	b7571486 	.word	0xb7571486
20000e1c:	feafc0f8 	.word	0xfeafc0f8
20000e20:	ef0d9606 	.word	0xef0d9606
20000e24:	86af55a1 	.word	0x86af55a1
20000e28:	8f40abf6 	.word	0x8f40abf6
20000e2c:	b92fffd8 	.word	0xb92fffd8
20000e30:	c1663605 	.word	0xc1663605
20000e34:	77bf8fc2 	.word	0x77bf8fc2
20000e38:	7f7b1634 	.word	0x7f7b1634
20000e3c:	60ee02ee 	.word	0x60ee02ee
20000e40:	052f167f 	.word	0x052f167f
20000e44:	80667fa1 	.word	0x80667fa1
20000e48:	044f5d7f 	.word	0x044f5d7f
20000e4c:	00105e21 	.word	0x00105e21
20000e50:	ae059049 	.word	0xae059049
20000e54:	06904b20 	.word	0x06904b20
20000e58:	e84f40ae 	.word	0xe84f40ae
20000e5c:	afbe03d8 	.word	0xafbe03d8
20000e60:	010a3042 	.word	0x010a3042
20000e64:	c73660b7 	.word	0xc73660b7
20000e68:	8fc518da 	.word	0x8fc518da
20000e6c:	81b0f7f7 	.word	0x81b0f7f7
20000e70:	08b75f44 	.word	0x08b75f44
20000e74:	06fa8fdd 	.word	0x06fa8fdd
20000e78:	b78f810c 	.word	0xb78f810c
20000e7c:	7c256704 	.word	0x7c256704
20000e80:	53007a0a 	.word	0x53007a0a
20000e84:	c60e048f 	.word	0xc60e048f
20000e88:	90dd4e01 	.word	0x90dd4e01
20000e8c:	ef6e0917 	.word	0xef6e0917
20000e90:	0427d706 	.word	0x0427d706
20000e94:	6d67e926 	.word	0x6d67e926
20000e98:	702f4031 	.word	0x702f4031
20000e9c:	207e5b27 	.word	0x207e5b27
20000ea0:	de6eefe1 	.word	0xde6eefe1
20000ea4:	3c06fe2b 	.word	0x3c06fe2b
20000ea8:	3c05b66c 	.word	0x3c05b66c
20000eac:	7a2f1e50 	.word	0x7a2f1e50
20000eb0:	0c06eb28 	.word	0x0c06eb28
20000eb4:	50616f60 	.word	0x50616f60
20000eb8:	365c8e50 	.word	0x365c8e50
20000ebc:	5f6077c0 	.word	0x5f6077c0
20000ec0:	8ba3c2cf 	.word	0x8ba3c2cf
20000ec4:	12b6ce18 	.word	0x12b6ce18
20000ec8:	c316dcdf 	.word	0xc316dcdf
20000ecc:	87171c8f 	.word	0x87171c8f
20000ed0:	6210df21 	.word	0x6210df21
20000ed4:	6c80430a 	.word	0x6c80430a
20000ed8:	198fc426 	.word	0x198fc426
20000edc:	821ea077 	.word	0x821ea077
20000ee0:	9f4ece38 	.word	0x9f4ece38
20000ee4:	5f62e66b 	.word	0x5f62e66b
20000ee8:	71c07eda 	.word	0x71c07eda
20000eec:	7b24e747 	.word	0x7b24e747
20000ef0:	9987af16 	.word	0x9987af16
20000ef4:	2a5eaf3e 	.word	0x2a5eaf3e
20000ef8:	ffe0eb7e 	.word	0xffe0eb7e
20000efc:	8f801440 	.word	0x8f801440
20000f00:	830e7010 	.word	0x830e7010
20000f04:	378307c0 	.word	0x378307c0
20000f08:	61272c41 	.word	0x61272c41
20000f0c:	ab1fdf5a 	.word	0xab1fdf5a
20000f10:	4dc282ae 	.word	0x4dc282ae
20000f14:	04668397 	.word	0x04668397
20000f18:	6fb104bf 	.word	0x6fb104bf
20000f1c:	22582132 	.word	0x22582132
20000f20:	3920190f 	.word	0x3920190f
20000f24:	1f213b0c 	.word	0x1f213b0c
20000f28:	9f580871 	.word	0x9f580871
20000f2c:	7d06efb3 	.word	0x7d06efb3
20000f30:	81c43c03 	.word	0x81c43c03
20000f34:	10967663 	.word	0x10967663
20000f38:	a00f1743 	.word	0xa00f1743
20000f3c:	6f4fb102 	.word	0x6f4fb102
20000f40:	c0e8256f 	.word	0xc0e8256f
20000f44:	8fbe4f03 	.word	0x8fbe4f03
20000f48:	fe528f3d 	.word	0xfe528f3d
20000f4c:	e7e0d664 	.word	0xe7e0d664
20000f50:	ee9e5f1c 	.word	0xee9e5f1c
20000f54:	36207924 	.word	0x36207924
20000f58:	0ec4b03e 	.word	0x0ec4b03e
20000f5c:	6000c205 	.word	0x6000c205
20000f60:	28265456 	.word	0x28265456
20000f64:	0f3be742 	.word	0x0f3be742
20000f68:	b0e6ff8f 	.word	0xb0e6ff8f
20000f6c:	04182f18 	.word	0x04182f18
20000f70:	2727ee6e 	.word	0x2727ee6e
20000f74:	16f80318 	.word	0x16f80318
20000f78:	ef203063 	.word	0xef203063
20000f7c:	19068758 	.word	0x19068758
20000f80:	7f2e2c78 	.word	0x7f2e2c78
20000f84:	449f0b15 	.word	0x449f0b15
20000f88:	a6ed2287 	.word	0xa6ed2287
20000f8c:	8bc53e83 	.word	0x8bc53e83
20000f90:	83db5683 	.word	0x83db5683
20000f94:	268b4719 	.word	0x268b4719
20000f98:	2c360f5e 	.word	0x2c360f5e
20000f9c:	160e7770 	.word	0x160e7770
20000fa0:	9e82f601 	.word	0x9e82f601
20000fa4:	008030f4 	.word	0x008030f4
20000fa8:	d4df5c28 	.word	0xd4df5c28
20000fac:	307fb495 	.word	0x307fb495
20000fb0:	fb9e092b 	.word	0xfb9e092b
20000fb4:	0e1600f7 	.word	0x0e1600f7
20000fb8:	3a06035c 	.word	0x3a06035c
20000fbc:	2079241f 	.word	0x2079241f
20000fc0:	0ab028e4 	.word	0x0ab028e4
20000fc4:	6414160f 	.word	0x6414160f
20000fc8:	e8efe1be 	.word	0xe8efe1be
20000fcc:	87fc14cf 	.word	0x87fc14cf
20000fd0:	06563bc0 	.word	0x06563bc0
20000fd4:	0d141c4f 	.word	0x0d141c4f
20000fd8:	90b7aebf 	.word	0x90b7aebf
20000fdc:	ee868e29 	.word	0xee868e29
20000fe0:	14800e7d 	.word	0x14800e7d
20000fe4:	3613278c 	.word	0x3613278c
20000fe8:	afc46816 	.word	0xafc46816
20000fec:	4c033f86 	.word	0x4c033f86
20000ff0:	a65e3f58 	.word	0xa65e3f58
20000ff4:	478a1caf 	.word	0x478a1caf
20000ff8:	441f1cef 	.word	0x441f1cef
20000ffc:	662bc147 	.word	0x662bc147
20001000:	7647e9d1 	.word	0x7647e9d1
20001004:	08e14720 	.word	0x08e14720
20001008:	e76957b0 	.word	0xe76957b0
2000100c:	bf5a2cf4 	.word	0xbf5a2cf4
20001010:	76170b5a 	.word	0x76170b5a
20001014:	49821837 	.word	0x49821837
20001018:	6c67b002 	.word	0x6c67b002
2000101c:	7655557f 	.word	0x7655557f
20001020:	89ffaabe 	.word	0x89ffaabe
20001024:	aa1f762f 	.word	0xaa1f762f
20001028:	00556c2a 	.word	0x00556c2a
2000102c:	903fe992 	.word	0x903fe992
20001030:	57068c31 	.word	0x57068c31
20001034:	20344488 	.word	0x20344488
20001038:	827fe1b4 	.word	0x827fe1b4
2000103c:	15401687 	.word	0x15401687
20001040:	5f44047e 	.word	0x5f44047e
20001044:	25c9276c 	.word	0x25c9276c
20001048:	f003c7b0 	.word	0xf003c7b0
2000104c:	dbae5b20 	.word	0xdbae5b20
20001050:	93c38e93 	.word	0x93c38e93
20001054:	60309f7e 	.word	0x60309f7e
20001058:	402806d8 	.word	0x402806d8
2000105c:	95449f3c 	.word	0x95449f3c
20001060:	bf4e24de 	.word	0xbf4e24de
20001064:	0007861f 	.word	0x0007861f
20001068:	6f7fee12 	.word	0x6f7fee12
2000106c:	031e12bc 	.word	0x031e12bc
20001070:	b3bf7298 	.word	0xb3bf7298
20001074:	c9004fe7 	.word	0xc9004fe7
20001078:	57e15a10 	.word	0x57e15a10
2000107c:	bb9f07a6 	.word	0xbb9f07a6
20001080:	e456ef64 	.word	0xe456ef64
20001084:	3197c44f 	.word	0x3197c44f
20001088:	1476f3e8 	.word	0x1476f3e8
2000108c:	87bb10c9 	.word	0x87bb10c9
20001090:	ef441002 	.word	0xef441002
20001094:	9b1825e0 	.word	0x9b1825e0
20001098:	0e1f0397 	.word	0x0e1f0397
2000109c:	be0e4030 	.word	0xbe0e4030
200010a0:	9027fb60 	.word	0x9027fb60
200010a4:	a7b75bcf 	.word	0xa7b75bcf
200010a8:	18109e14 	.word	0x18109e14
200010ac:	1ce09e4b 	.word	0x1ce09e4b
200010b0:	042f1879 	.word	0x042f1879
200010b4:	b7f11310 	.word	0xb7f11310
200010b8:	c02fd610 	.word	0xc02fd610
200010bc:	97b40cdf 	.word	0x97b40cdf
200010c0:	756f1d14 	.word	0x756f1d14
200010c4:	8c6ed714 	.word	0x8c6ed714
200010c8:	be7e2e0f 	.word	0xbe7e2e0f
200010cc:	c20c0f44 	.word	0xc20c0f44
200010d0:	b60f2b77 	.word	0xb60f2b77
200010d4:	07a81f00 	.word	0x07a81f00
200010d8:	dc18a716 	.word	0xdc18a716
200010dc:	1ce78722 	.word	0x1ce78722
200010e0:	4220189e 	.word	0x4220189e
200010e4:	c71d00b8 	.word	0xc71d00b8
200010e8:	a386f129 	.word	0xa386f129
200010ec:	f9a7d200 	.word	0xf9a7d200
200010f0:	c0311127 	.word	0xc0311127
200010f4:	5d00c8a7 	.word	0x5d00c8a7
200010f8:	5a6f1400 	.word	0x5a6f1400
200010fc:	10f4671e 	.word	0x10f4671e
20001100:	5600a040 	.word	0x5600a040
20001104:	835f017f 	.word	0x835f017f
20001108:	a0433d57 	.word	0xa0433d57
2000110c:	6c8f1100 	.word	0x6c8f1100
20001110:	b4033337 	.word	0xb4033337
20001114:	17822097 	.word	0x17822097
20001118:	2abf4214 	.word	0x2abf4214
2000111c:	0510181f 	.word	0x0510181f
20001120:	0009f11f 	.word	0x0009f11f
20001124:	035f4762 	.word	0x035f4762
20001128:	11923f6b 	.word	0x11923f6b
2000112c:	9fa11062 	.word	0x9fa11062
20001130:	3876e000 	.word	0x3876e000
20001134:	40c58710 	.word	0x40c58710
20001138:	1f826067 	.word	0x1f826067
2000113c:	89ff801d 	.word	0x89ff801d
20001140:	1c5f6a1f 	.word	0x1c5f6a1f
20001144:	97300060 	.word	0x97300060
20001148:	a1876a48 	.word	0xa1876a48
2000114c:	e008070c 	.word	0xe008070c
20001150:	564f84c7 	.word	0x564f84c7
20001154:	40ee574c 	.word	0x40ee574c
20001158:	089d0fac 	.word	0x089d0fac
2000115c:	566427d4 	.word	0x566427d4
20001160:	c410d7ef 	.word	0xc410d7ef
20001164:	06de668e 	.word	0x06de668e
20001168:	f830fc0d 	.word	0xf830fc0d
2000116c:	122442d1 	.word	0x122442d1
20001170:	36c75c18 	.word	0x36c75c18
20001174:	0e06ff90 	.word	0x0e06ff90
20001178:	67dc6f2a 	.word	0x67dc6f2a
2000117c:	664356d7 	.word	0x664356d7
20001180:	82f67f5e 	.word	0x82f67f5e
20001184:	67101200 	.word	0x67101200
20001188:	03e40164 	.word	0x03e40164
2000118c:	620007f8 	.word	0x620007f8
20001190:	424c471c 	.word	0x424c471c
20001194:	44dea0cb 	.word	0x44dea0cb
20001198:	86217771 	.word	0x86217771
2000119c:	50700167 	.word	0x50700167
200011a0:	ce952027 	.word	0xce952027
200011a4:	8eb02047 	.word	0x8eb02047
200011a8:	0f50ac43 	.word	0x0f50ac43
200011ac:	e44f0436 	.word	0xe44f0436
200011b0:	0c828b04 	.word	0x0c828b04
200011b4:	ef0ced5f 	.word	0xef0ced5f
200011b8:	0d034f6c 	.word	0x0d034f6c
200011bc:	3f050027 	.word	0x3f050027
200011c0:	ef6e1017 	.word	0xef6e1017
200011c4:	14bb4814 	.word	0x14bb4814
200011c8:	c510734f 	.word	0xc510734f
200011cc:	6100170c 	.word	0x6100170c
200011d0:	ff939f9c 	.word	0xff939f9c
200011d4:	0890d702 	.word	0x0890d702
200011d8:	b80864ff 	.word	0xb80864ff
200011dc:	686efdff 	.word	0x686efdff
200011e0:	0ef79611 	.word	0x0ef79611
200011e4:	b7763e6b 	.word	0xb7763e6b
200011e8:	06c1a47e 	.word	0x06c1a47e
200011ec:	582f030c 	.word	0x582f030c
200011f0:	0431b704 	.word	0x0431b704
200011f4:	81be97e7 	.word	0x81be97e7
200011f8:	8eef5234 	.word	0x8eef5234
200011fc:	9607906e 	.word	0x9607906e
20001200:	620006f6 	.word	0x620006f6
20001204:	78100e27 	.word	0x78100e27
20001208:	c607ee16 	.word	0xc607ee16
2000120c:	12367725 	.word	0x12367725
20001210:	6096b66f 	.word	0x6096b66f
20001214:	038fc3f6 	.word	0x038fc3f6
20001218:	176c9f46 	.word	0x176c9f46
2000121c:	40d24f10 	.word	0x40d24f10
20001220:	275037e4 	.word	0x275037e4
20001224:	571a5fb8 	.word	0x571a5fb8
20001228:	d8ff0a4b 	.word	0xd8ff0a4b
2000122c:	12827857 	.word	0x12827857
20001230:	77671602 	.word	0x77671602
20001234:	4582f827 	.word	0x4582f827
20001238:	6467df53 	.word	0x6467df53
2000123c:	6a244434 	.word	0x6a244434
20001240:	af52eb80 	.word	0xaf52eb80
20001244:	26b0de25 	.word	0x26b0de25
20001248:	e761df97 	.word	0xe761df97
2000124c:	9e379f74 	.word	0x9e379f74
20001250:	973719d1 	.word	0x973719d1
20001254:	47ac1ce0 	.word	0x47ac1ce0
20001258:	bab2ef10 	.word	0xbab2ef10
2000125c:	e7c3c661 	.word	0xe7c3c661
20001260:	5b4f040c 	.word	0x5b4f040c
20001264:	900c03f7 	.word	0x900c03f7
20001268:	02930983 	.word	0x02930983
2000126c:	0c971882 	.word	0x0c971882
20001270:	c626c650 	.word	0xc626c650
20001274:	0013f00e 	.word	0x0013f00e
20001278:	bf501462 	.word	0xbf501462
2000127c:	02c72836 	.word	0x02c72836
20001280:	b7c501e4 	.word	0xb7c501e4
20001284:	1007e20a 	.word	0x1007e20a
20001288:	3bb10fa8 	.word	0x3bb10fa8
2000128c:	b39dafa6 	.word	0xb39dafa6
20001290:	b436afc3 	.word	0xb436afc3
20001294:	ee8dbfc4 	.word	0xee8dbfc4
20001298:	6f04171e 	.word	0x6f04171e
2000129c:	05620faa 	.word	0x05620faa
200012a0:	3645ce74 	.word	0x3645ce74
200012a4:	a527c25f 	.word	0xa527c25f
200012a8:	c45079a7 	.word	0xc45079a7
200012ac:	13a462e4 	.word	0x13a462e4
200012b0:	83863c57 	.word	0x83863c57
200012b4:	cf510c1f 	.word	0xcf510c1f
200012b8:	ab6e80c1 	.word	0xab6e80c1
200012bc:	372f435f 	.word	0x372f435f
200012c0:	50a45f5b 	.word	0x50a45f5b
200012c4:	902b04b9 	.word	0x902b04b9
200012c8:	2e60b923 	.word	0x2e60b923
200012cc:	a85c4b08 	.word	0xa85c4b08
200012d0:	85175fcc 	.word	0x85175fcc
200012d4:	2ebf70da 	.word	0x2ebf70da
200012d8:	da5fc50b 	.word	0xda5fc50b
200012dc:	422cbf80 	.word	0x422cbf80
200012e0:	df0d0b37 	.word	0xdf0d0b37
200012e4:	37fe4f0a 	.word	0x37fe4f0a
200012e8:	3746c58c 	.word	0x3746c58c
200012ec:	de0a6fc1 	.word	0xde0a6fc1
200012f0:	0c6fd03e 	.word	0x0c6fd03e
200012f4:	035c9002 	.word	0x035c9002
200012f8:	90045c90 	.word	0x90045c90
200012fc:	ec977658 	.word	0xec977658
20001300:	184f2383 	.word	0x184f2383
20001304:	4a87a7fc 	.word	0x4a87a7fc
20001308:	9f44a3f7 	.word	0x9f44a3f7
2000130c:	195f8802 	.word	0x195f8802
20001310:	ace40247 	.word	0xace40247
20001314:	8418c12b 	.word	0x8418c12b
20001318:	623c130f 	.word	0x623c130f
2000131c:	b46ce41f 	.word	0xb46ce41f
20001320:	a8d86f40 	.word	0xa8d86f40
20001324:	1fc8bb4f 	.word	0x1fc8bb4f
20001328:	da25ec17 	.word	0xda25ec17
2000132c:	24f26f21 	.word	0x24f26f21
20001330:	48da4485 	.word	0x48da4485
20001334:	6f13ed3f 	.word	0x6f13ed3f
20001338:	da157472 	.word	0xda157472
2000133c:	a0e44f09 	.word	0xa0e44f09
20001340:	403f142b 	.word	0x403f142b
20001344:	8f8600ec 	.word	0x8f8600ec
20001348:	1f8b084d 	.word	0x1f8b084d
2000134c:	78bc4090 	.word	0x78bc4090
20001350:	6c770286 	.word	0x6c770286
20001354:	b45d2f80 	.word	0xb45d2f80
20001358:	04921f8b 	.word	0x04921f8b
2000135c:	36501fc1 	.word	0x36501fc1
20001360:	142f1fe0 	.word	0x142f1fe0
20001364:	041f0487 	.word	0x041f0487
20001368:	748750e3 	.word	0x748750e3
2000136c:	624c07c7 	.word	0x624c07c7
20001370:	1f54ecbf 	.word	0x1f54ecbf
20001374:	b396805c 	.word	0xb396805c
20001378:	4cd8c06e 	.word	0x4cd8c06e
2000137c:	222bd6bf 	.word	0x222bd6bf
20001380:	f92e7637 	.word	0xf92e7637
20001384:	0a289c67 	.word	0x0a289c67
20001388:	ad002f0f 	.word	0xad002f0f
2000138c:	0e790697 	.word	0x0e790697
20001390:	0228e010 	.word	0x0228e010
20001394:	a89c8046 	.word	0xa89c8046
20001398:	f69f6e9e 	.word	0xf69f6e9e
2000139c:	daae099c 	.word	0xdaae099c
200013a0:	7467f318 	.word	0x7467f318
200013a4:	172a87ac 	.word	0x172a87ac
200013a8:	a9d9f33d 	.word	0xa9d9f33d
200013ac:	cd1a85ef 	.word	0xcd1a85ef
200013b0:	27ae4017 	.word	0x27ae4017
200013b4:	4b204e15 	.word	0x4b204e15
200013b8:	d7c71093 	.word	0xd7c71093
200013bc:	984e87ff 	.word	0x984e87ff
200013c0:	022e0a09 	.word	0x022e0a09
200013c4:	8c4e034e 	.word	0x8c4e034e
200013c8:	93016a7c 	.word	0x93016a7c
200013cc:	c181250c 	.word	0xc181250c
200013d0:	f0f870ff 	.word	0xf0f870ff
200013d4:	87d6048e 	.word	0x87d6048e
200013d8:	18c26e11 	.word	0x18c26e11
200013dc:	57c2c665 	.word	0x57c2c665
200013e0:	088f36fb 	.word	0x088f36fb
200013e4:	47b1055f 	.word	0x47b1055f
200013e8:	582f840a 	.word	0x582f840a
200013ec:	2f468403 	.word	0x2f468403
200013f0:	38afc566 	.word	0x38afc566
200013f4:	afc6e800 	.word	0xafc6e800
200013f8:	ba4e3230 	.word	0xba4e3230
200013fc:	30ce05a7 	.word	0x30ce05a7
20001400:	0587981b 	.word	0x0587981b
20001404:	3d1bff6e 	.word	0x3d1bff6e
20001408:	0e5d19f7 	.word	0x0e5d19f7
2000140c:	0000d803 	.word	0x0000d803
20001410:	4894e71f 	.word	0x4894e71f
20001414:	1417e6dd 	.word	0x1417e6dd
20001418:	eff61aa5 	.word	0xeff61aa5
2000141c:	be875996 	.word	0xbe875996
20001420:	1e9fad4f 	.word	0x1e9fad4f
20001424:	ef9a1004 	.word	0xef9a1004
20001428:	d69fed34 	.word	0xd69fed34
2000142c:	f23f3857 	.word	0xf23f3857
20001430:	384c9904 	.word	0x384c9904
20001434:	8f421c9d 	.word	0x8f421c9d
20001438:	5e67e690 	.word	0x5e67e690
2000143c:	028fc7e2 	.word	0x028fc7e2
20001440:	af9c97e1 	.word	0xaf9c97e1
20001444:	6636c4c0 	.word	0x6636c4c0
20001448:	8fb1fab3 	.word	0x8fb1fab3
2000144c:	f820af0e 	.word	0xf820af0e
20001450:	6dffff96 	.word	0x6dffff96
20001454:	97ffd4be 	.word	0x97ffd4be
20001458:	fe4f1f8f 	.word	0xfe4f1f8f
2000145c:	4f970b04 	.word	0x4f970b04
20001460:	2b225417 	.word	0x2b225417
20001464:	4210e29f 	.word	0x4210e29f
20001468:	838f1580 	.word	0x838f1580
2000146c:	17ac716f 	.word	0x17ac716f
20001470:	173f7742 	.word	0x173f7742
20001474:	4717647b 	.word	0x4717647b
20001478:	6403df24 	.word	0x6403df24
2000147c:	85f15c20 	.word	0x85f15c20
20001480:	5e580672 	.word	0x5e580672
20001484:	6e77b3b6 	.word	0x6e77b3b6
20001488:	7780596f 	.word	0x7780596f
2000148c:	2c2769b1 	.word	0x2c2769b1
20001490:	28ac30e7 	.word	0x28ac30e7
20001494:	16834ffb 	.word	0x16834ffb
20001498:	8f268fde 	.word	0x8f268fde
2000149c:	ec067c00 	.word	0xec067c00
200014a0:	174301c6 	.word	0x174301c6
200014a4:	4ea053a3 	.word	0x4ea053a3
200014a8:	8d07a183 	.word	0x8d07a183
200014ac:	ce27c24d 	.word	0xce27c24d
200014b0:	0fe9ef36 	.word	0x0fe9ef36
200014b4:	87836200 	.word	0x87836200
200014b8:	425ffa19 	.word	0x425ffa19
200014bc:	7427558c 	.word	0x7427558c
200014c0:	0e2fd7fc 	.word	0x0e2fd7fc
200014c4:	39f6e705 	.word	0x39f6e705
200014c8:	8f6f0000 	.word	0x8f6f0000
200014cc:	4f6a881c 	.word	0x4f6a881c
200014d0:	63276d44 	.word	0x63276d44
200014d4:	1755b4ae 	.word	0x1755b4ae
200014d8:	a7e28fd2 	.word	0xa7e28fd2
200014dc:	c5883cf5 	.word	0xc5883cf5
200014e0:	1788d5c7 	.word	0x1788d5c7
200014e4:	60efb352 	.word	0x60efb352
200014e8:	ff1b6fd6 	.word	0xff1b6fd6
200014ec:	7ad76cc4 	.word	0x7ad76cc4
200014f0:	bfdc6c7f 	.word	0xbfdc6c7f
200014f4:	10175718 	.word	0x10175718
200014f8:	a827a613 	.word	0xa827a613
200014fc:	e0c9bfc5 	.word	0xe0c9bfc5
20001500:	57140317 	.word	0x57140317
20001504:	1697d45a 	.word	0x1697d45a
20001508:	d5429f01 	.word	0xd5429f01
2000150c:	1e38c43e 	.word	0x1e38c43e
20001510:	fe163e52 	.word	0xfe163e52
20001514:	46d19789 	.word	0x46d19789
20001518:	4530e724 	.word	0x4530e724
2000151c:	51b06717 	.word	0x51b06717
20001520:	141fd3c7 	.word	0x141fd3c7
20001524:	05c04f05 	.word	0x05c04f05
20001528:	89239f1c 	.word	0x89239f1c
2000152c:	1025c367 	.word	0x1025c367
20001530:	bf7c48cf 	.word	0xbf7c48cf
20001534:	c3671489 	.word	0xc3671489
20001538:	827c8724 	.word	0x827c8724
2000153c:	e762021a 	.word	0xe762021a
20001540:	38975c01 	.word	0x38975c01
20001544:	471c893c 	.word	0x471c893c
20001548:	24c64e4b 	.word	0x24c64e4b
2000154c:	062b2726 	.word	0x062b2726
20001550:	d51376e8 	.word	0xd51376e8
20001554:	5768366f 	.word	0x5768366f
20001558:	e0af4aad 	.word	0xe0af4aad
2000155c:	720f0624 	.word	0x720f0624
20001560:	0d468994 	.word	0x0d468994
20001564:	da250f4f 	.word	0xda250f4f
20001568:	7fb747c0 	.word	0x7fb747c0
2000156c:	8fe83607 	.word	0x8fe83607
20001570:	3f8ecf45 	.word	0x3f8ecf45
20001574:	a7e302af 	.word	0xa7e302af
20001578:	228fc2c0 	.word	0x228fc2c0
2000157c:	114907cf 	.word	0x114907cf
20001580:	4897f81b 	.word	0x4897f81b
20001584:	01160411 	.word	0x01160411
20001588:	67b050d7 	.word	0x67b050d7
2000158c:	49c848c9 	.word	0x49c848c9
20001590:	075eb205 	.word	0x075eb205
20001594:	97550087 	.word	0x97550087
20001598:	490c67b5 	.word	0x490c67b5
2000159c:	8f146395 	.word	0x8f146395
200015a0:	189ee02a 	.word	0x189ee02a
200015a4:	eb60b733 	.word	0xeb60b733
200015a8:	7c8c4334 	.word	0x7c8c4334
200015ac:	ff560856 	.word	0xff560856
200015b0:	40932ef5 	.word	0x40932ef5
200015b4:	aeecc30f 	.word	0xaeecc30f
200015b8:	c7e694d0 	.word	0xc7e694d0
200015bc:	c04ea380 	.word	0xc04ea380
200015c0:	74975718 	.word	0x74975718
200015c4:	18f00117 	.word	0x18f00117
200015c8:	182aaf01 	.word	0x182aaf01
200015cc:	05ff54a6 	.word	0x05ff54a6
200015d0:	5c07bce8 	.word	0x5c07bce8
200015d4:	d94e637f 	.word	0xd94e637f
200015d8:	beb7e8de 	.word	0xbeb7e8de
200015dc:	c8451619 	.word	0xc8451619
200015e0:	76108f17 	.word	0x76108f17
200015e4:	2bf15f65 	.word	0x2bf15f65
200015e8:	a36788ca 	.word	0xa36788ca
200015ec:	0fd6c113 	.word	0x0fd6c113
200015f0:	a8bf9d08 	.word	0xa8bf9d08
200015f4:	9e0cffe0 	.word	0x9e0cffe0
200015f8:	12c82710 	.word	0x12c82710
200015fc:	daa7b055 	.word	0xdaa7b055
20001600:	922b7701 	.word	0x922b7701
20001604:	15922b0a 	.word	0x15922b0a
20001608:	2b1b922b 	.word	0x2b1b922b
2000160c:	902b0692 	.word	0x902b0692
20001610:	7f16ab09 	.word	0x7f16ab09
20001614:	e67c1c80 	.word	0xe67c1c80
20001618:	55c60020 	.word	0x55c60020
2000161c:	821c1d8f 	.word	0x821c1d8f
20001620:	0b20e42f 	.word	0x0b20e42f
20001624:	ab1f0282 	.word	0xab1f0282
20001628:	60bf7502 	.word	0x60bf7502
2000162c:	96eb274e 	.word	0x96eb274e
20001630:	b8161633 	.word	0xb8161633
20001634:	94e6051e 	.word	0x94e6051e
20001638:	9bb611a6 	.word	0x9bb611a6
2000163c:	0302001a 	.word	0x0302001a
20001640:	f7a5ef90 	.word	0xf7a5ef90
20001644:	04101278 	.word	0x04101278
20001648:	0b47b41f 	.word	0x0b47b41f
2000164c:	3e10af87 	.word	0x3e10af87
20001650:	2400900a 	.word	0x2400900a
20001654:	3fa06719 	.word	0x3fa06719
20001658:	6800c75d 	.word	0x6800c75d
2000165c:	ed1b00b6 	.word	0xed1b00b6
20001660:	d8d7148e 	.word	0xd8d7148e
20001664:	1886574b 	.word	0x1886574b
20001668:	36c2ef3c 	.word	0x36c2ef3c
2000166c:	d782d77d 	.word	0xd782d77d
20001670:	b5ee7f5d 	.word	0xb5ee7f5d
20001674:	184cd702 	.word	0x184cd702
20001678:	56186b91 	.word	0x56186b91
2000167c:	7716a728 	.word	0x7716a728
20001680:	02074188 	.word	0x02074188
20001684:	c6e27725 	.word	0xc6e27725
20001688:	8fc566f0 	.word	0x8fc566f0
2000168c:	8f624e31 	.word	0x8f624e31
20001690:	269facf6 	.word	0x269facf6
20001694:	3f74ada7 	.word	0x3f74ada7
20001698:	4f1d0e03 	.word	0x4f1d0e03
2000169c:	ae7bf057 	.word	0xae7bf057
200016a0:	3160a70c 	.word	0x3160a70c
200016a4:	1803787f 	.word	0x1803787f
200016a8:	4a878c08 	.word	0x4a878c08
200016ac:	c000db2f 	.word	0xc000db2f
200016b0:	034f69af 	.word	0x034f69af
200016b4:	40dfb771 	.word	0x40dfb771
200016b8:	d8fff806 	.word	0xd8fff806
200016bc:	5fd71040 	.word	0x5fd71040
200016c0:	60108fa6 	.word	0x60108fa6
200016c4:	1a10b8cf 	.word	0x1a10b8cf
200016c8:	308f2fcd 	.word	0x308f2fcd
200016cc:	30071101 	.word	0x30071101
200016d0:	13370511 	.word	0x13370511
200016d4:	0f980a0d 	.word	0x0f980a0d
200016d8:	cfa61a00 	.word	0xcfa61a00
200016dc:	54106800 	.word	0x54106800
200016e0:	93623057 	.word	0x93623057
200016e4:	665e08af 	.word	0x665e08af
200016e8:	77087fc2 	.word	0x77087fc2
200016ec:	07033f41 	.word	0x07033f41
200016f0:	ffe9067e 	.word	0xffe9067e
200016f4:	6d3fd040 	.word	0x6d3fd040
200016f8:	afc2c296 	.word	0xafc2c296
200016fc:	14ef6404 	.word	0x14ef6404
20001700:	a710227f 	.word	0xa710227f
20001704:	dec44858 	.word	0xdec44858
20001708:	d7abae30 	.word	0xd7abae30
2000170c:	21ca18c4 	.word	0x21ca18c4
20001710:	20a3c197 	.word	0x20a3c197
20001714:	f0205c6f 	.word	0xf0205c6f
20001718:	40178a14 	.word	0x40178a14
2000171c:	60582f44 	.word	0x60582f44
20001720:	06201ba7 	.word	0x06201ba7
20001724:	46ffebe1 	.word	0x46ffebe1
20001728:	8f26240f 	.word	0x8f26240f
2000172c:	b137ba90 	.word	0xb137ba90
20001730:	84219f40 	.word	0x84219f40
20001734:	d82726bf 	.word	0xd82726bf
20001738:	b6f710c7 	.word	0xb6f710c7
2000173c:	838206a3 	.word	0x838206a3
20001740:	ab5301e7 	.word	0xab5301e7
20001744:	c9bec0bf 	.word	0xc9bec0bf
20001748:	541d9f14 	.word	0x541d9f14
2000174c:	cab1866b 	.word	0xcab1866b
20001750:	b04c3327 	.word	0xb04c3327
20001754:	e77508f7 	.word	0xe77508f7
20001758:	4f1fb61f 	.word	0x4f1fb61f
2000175c:	188c4275 	.word	0x188c4275
20001760:	4e4c83f7 	.word	0x4e4c83f7
20001764:	8910ffc0 	.word	0x8910ffc0
20001768:	ba0446d0 	.word	0xba0446d0
2000176c:	67c0b4e7 	.word	0x67c0b4e7
20001770:	0ba10782 	.word	0x0ba10782
20001774:	df221ed0 	.word	0xdf221ed0
20001778:	ba3fead2 	.word	0xba3fead2
2000177c:	3fe70d20 	.word	0x3fe70d20
20001780:	24441218 	.word	0x24441218
20001784:	ffea827b 	.word	0xffea827b
20001788:	85053fc5 	.word	0x85053fc5
2000178c:	5786febd 	.word	0x5786febd
20001790:	0e3fd8ee 	.word	0x0e3fd8ee
20001794:	5cbf23de 	.word	0x5cbf23de
20001798:	962f6e0b 	.word	0x962f6e0b
2000179c:	c79b1866 	.word	0xc79b1866
200017a0:	d73a8638 	.word	0xd73a8638
200017a4:	38cf3114 	.word	0x38cf3114
200017a8:	d78d8a00 	.word	0xd78d8a00
200017ac:	16bf6818 	.word	0x16bf6818
200017b0:	342919b7 	.word	0x342919b7
200017b4:	1d204fea 	.word	0x1d204fea
200017b8:	43127ebf 	.word	0x43127ebf
200017bc:	e0141024 	.word	0xe0141024
200017c0:	a74442b7 	.word	0xa74442b7
200017c4:	304020e8 	.word	0x304020e8
200017c8:	d52e861f 	.word	0xd52e861f
200017cc:	0cdf2442 	.word	0x0cdf2442
200017d0:	f4471505 	.word	0xf4471505
200017d4:	0842e484 	.word	0x0842e484
200017d8:	a55c1d1f 	.word	0xa55c1d1f
200017dc:	c7bd1e86 	.word	0xc7bd1e86
200017e0:	341ff080 	.word	0x341ff080
200017e4:	d79a5756 	.word	0xd79a5756
200017e8:	bf309f17 	.word	0xbf309f17
200017ec:	dcee2ade 	.word	0xdcee2ade
200017f0:	05b72904 	.word	0x05b72904
200017f4:	808e4226 	.word	0x808e4226
200017f8:	35148697 	.word	0x35148697
200017fc:	54310517 	.word	0x54310517
20001800:	2fcda7d8 	.word	0x2fcda7d8
20001804:	4f604c17 	.word	0x4f604c17
20001808:	3acfc0b5 	.word	0x3acfc0b5
2000180c:	7f44e6c6 	.word	0x7f44e6c6
20001810:	18cfd961 	.word	0x18cfd961
20001814:	ce478010 	.word	0xce478010
20001818:	6309c443 	.word	0x6309c443
2000181c:	d78fced6 	.word	0xd78fced6
20001820:	2c267f20 	.word	0x2c267f20
20001824:	61240313 	.word	0x61240313
20001828:	0b27451f 	.word	0x0b27451f
2000182c:	57280a17 	.word	0x57280a17
20001830:	8086f41b 	.word	0x8086f41b
20001834:	8642670b 	.word	0x8642670b
20001838:	b6040017 	.word	0xb6040017
2000183c:	24ec2eb6 	.word	0x24ec2eb6
20001840:	73276210 	.word	0x73276210
20001844:	1f25db88 	.word	0x1f25db88
20001848:	148a6f61 	.word	0x148a6f61
2000184c:	6fffd847 	.word	0x6fffd847
20001850:	fe1497f0 	.word	0xfe1497f0
20001854:	058017c7 	.word	0x058017c7
20001858:	0c1fc457 	.word	0x0c1fc457
2000185c:	201ef64e 	.word	0x201ef64e
20001860:	26e7055f 	.word	0x26e7055f
20001864:	0a961eb4 	.word	0x0a961eb4
20001868:	4fd3023e 	.word	0x4fd3023e
2000186c:	116f75b8 	.word	0x116f75b8
20001870:	101e26de 	.word	0x101e26de
20001874:	0330ef35 	.word	0x0330ef35
20001878:	bed4a799 	.word	0xbed4a799
2000187c:	3817e8e6 	.word	0x3817e8e6
20001880:	348e79c8 	.word	0x348e79c8
20001884:	38e730e4 	.word	0x38e730e4
20001888:	afc5906c 	.word	0xafc5906c
2000188c:	1ae2494d 	.word	0x1ae2494d
20001890:	e6140a0f 	.word	0xe6140a0f
20001894:	16ea140f 	.word	0x16ea140f
20001898:	43c09f37 	.word	0x43c09f37
2000189c:	8e634f85 	.word	0x8e634f85
200018a0:	af98d654 	.word	0xaf98d654
200018a4:	8ece3c56 	.word	0x8ece3c56
200018a8:	0e976ac9 	.word	0x0e976ac9
200018ac:	3567da3c 	.word	0x3567da3c
200018b0:	378b1a57 	.word	0x378b1a57
200018b4:	702f110b 	.word	0x702f110b
200018b8:	265f8820 	.word	0x265f8820
200018bc:	d57f8a8d 	.word	0xd57f8a8d
200018c0:	3d8cd64e 	.word	0x3d8cd64e
200018c4:	34ffe9f6 	.word	0x34ffe9f6
200018c8:	e2d8c657 	.word	0xe2d8c657
200018cc:	1f4f587f 	.word	0x1f4f587f
200018d0:	1062000d 	.word	0x1062000d
200018d4:	1719d76a 	.word	0x1719d76a
200018d8:	72e4fb39 	.word	0x72e4fb39
200018dc:	6b1597da 	.word	0x6b1597da
200018e0:	5597103f 	.word	0x5597103f
200018e4:	67ffdce4 	.word	0x67ffdce4
200018e8:	c25f85fa 	.word	0xc25f85fa
200018ec:	d600d517 	.word	0xd600d517
200018f0:	a4868fa9 	.word	0xa4868fa9
200018f4:	4ed7c207 	.word	0x4ed7c207
200018f8:	2700b14a 	.word	0x2700b14a
200018fc:	16c81c33 	.word	0x16c81c33
20001900:	022ff458 	.word	0x022ff458
20001904:	44071722 	.word	0x44071722
20001908:	ff14b530 	.word	0xff14b530
2000190c:	264014cf 	.word	0x264014cf
20001910:	021e37bf 	.word	0x021e37bf
20001914:	591e9234 	.word	0x591e9234
20001918:	5a5610b5 	.word	0x5a5610b5
2000191c:	9f0977a3 	.word	0x9f0977a3
20001920:	28420837 	.word	0x28420837
20001924:	c29755e7 	.word	0xc29755e7
20001928:	6217e907 	.word	0x6217e907
2000192c:	304278cf 	.word	0x304278cf
20001930:	12df4c28 	.word	0x12df4c28
20001934:	f3db8621 	.word	0xf3db8621
20001938:	4404857f 	.word	0x4404857f
2000193c:	a224c29f 	.word	0xa224c29f
20001940:	67f69b47 	.word	0x67f69b47
20001944:	67083870 	.word	0x67083870
20001948:	2b2443f1 	.word	0x2b2443f1
2000194c:	ef760b27 	.word	0xef760b27
20001950:	4d44ef18 	.word	0x4d44ef18
20001954:	521e1b37 	.word	0x521e1b37
20001958:	b7f7e938 	.word	0xb7f7e938
2000195c:	14e797b2 	.word	0x14e797b2
20001960:	080f5bf7 	.word	0x080f5bf7
20001964:	e7281704 	.word	0xe7281704
20001968:	8fc08fb6 	.word	0x8fc08fb6
2000196c:	52570438 	.word	0x52570438
20001970:	e6803ec8 	.word	0xe6803ec8
20001974:	e7a25705 	.word	0xe7a25705
20001978:	b7a7be15 	.word	0xb7a7be15
2000197c:	1103477f 	.word	0x1103477f
20001980:	ef1107ca 	.word	0xef1107ca
20001984:	7f6940c0 	.word	0x7f6940c0
20001988:	e9c7fb8a 	.word	0xe9c7fb8a
2000198c:	924fab30 	.word	0x924fab30
20001990:	0131f038 	.word	0x0131f038
20001994:	662d3ef5 	.word	0x662d3ef5
20001998:	d308aeb7 	.word	0xd308aeb7
2000199c:	34436716 	.word	0x34436716
200019a0:	20185720 	.word	0x20185720
200019a4:	5880835c 	.word	0x5880835c
200019a8:	34441727 	.word	0x34441727
200019ac:	af774aa6 	.word	0xaf774aa6
200019b0:	62c20044 	.word	0x62c20044
200019b4:	52d72810 	.word	0x52d72810
200019b8:	0a889fe6 	.word	0x0a889fe6
200019bc:	6767d8ef 	.word	0x6767d8ef
200019c0:	c627a505 	.word	0xc627a505
200019c4:	422f0fff 	.word	0x422f0fff
200019c8:	000210e1 	.word	0x000210e1
200019cc:	6c1c2f17 	.word	0x6c1c2f17
200019d0:	e31f6a37 	.word	0xe31f6a37
200019d4:	82ef341c 	.word	0x82ef341c
200019d8:	de1310bf 	.word	0xde1310bf
200019dc:	1a803c70 	.word	0x1a803c70
200019e0:	801d1fa5 	.word	0x801d1fa5
200019e4:	a061a775 	.word	0xa061a775
200019e8:	4f4e403f 	.word	0x4f4e403f
200019ec:	09773705 	.word	0x09773705
200019f0:	27c0c29e 	.word	0x27c0c29e
200019f4:	841edfcc 	.word	0x841edfcc
200019f8:	56e711e4 	.word	0x56e711e4
200019fc:	b69d9f1a 	.word	0xb69d9f1a
20001a00:	812f74ff 	.word	0x812f74ff
20001a04:	ed01c73b 	.word	0xed01c73b
20001a08:	ac171d0e 	.word	0xac171d0e
20001a0c:	ef6a2676 	.word	0xef6a2676
20001a10:	cf1311e2 	.word	0xcf1311e2
20001a14:	0ef71414 	.word	0x0ef71414
20001a18:	d7884018 	.word	0xd7884018
20001a1c:	0dd64ec6 	.word	0x0dd64ec6
20001a20:	cb80085f 	.word	0xcb80085f
20001a24:	60348f08 	.word	0x60348f08
20001a28:	083e3ebf 	.word	0x083e3ebf
20001a2c:	a4e05f2a 	.word	0xa4e05f2a
20001a30:	76007fac 	.word	0x76007fac
20001a34:	6616f717 	.word	0x6616f717
20001a38:	b90730a6 	.word	0xb90730a6
20001a3c:	0fd122df 	.word	0x0fd122df
20001a40:	47e00006 	.word	0x47e00006
20001a44:	561fb190 	.word	0x561fb190
20001a48:	e331c70d 	.word	0xe331c70d
20001a4c:	750c06e7 	.word	0x750c06e7
20001a50:	4f5688b7 	.word	0x4f5688b7
20001a54:	b05cbf17 	.word	0xb05cbf17
20001a58:	37ba5715 	.word	0x37ba5715
20001a5c:	d9570b51 	.word	0xd9570b51
20001a60:	8427e450 	.word	0x8427e450
20001a64:	300f4d48 	.word	0x300f4d48
20001a68:	02441fb8 	.word	0x02441fb8
20001a6c:	9f806fa5 	.word	0x9f806fa5
20001a70:	3d2ed064 	.word	0x3d2ed064
20001a74:	c4972126 	.word	0xc4972126
20001a78:	2ec62406 	.word	0x2ec62406
20001a7c:	f6c11ea5 	.word	0xf6c11ea5
20001a80:	efa116df 	.word	0xefa116df
20001a84:	10678856 	.word	0x10678856
20001a88:	cf50bfe1 	.word	0xcf50bfe1
20001a8c:	66950bc6 	.word	0x66950bc6
20001a90:	b7511221 	.word	0xb7511221
20001a94:	af9f6220 	.word	0xaf9f6220
20001a98:	1f698af8 	.word	0x1f698af8
20001a9c:	e1871282 	.word	0xe1871282
20001aa0:	2c27af0a 	.word	0x2c27af0a
20001aa4:	8042c00a 	.word	0x8042c00a
20001aa8:	07609f85 	.word	0x07609f85
20001aac:	878b58d7 	.word	0x878b58d7
20001ab0:	04e4849c 	.word	0x04e4849c
20001ab4:	718cb751 	.word	0x718cb751
20001ab8:	af4606a6 	.word	0xaf4606a6
20001abc:	df3ba629 	.word	0xdf3ba629
20001ac0:	5111ffc6 	.word	0x5111ffc6
20001ac4:	8fc088e7 	.word	0x8fc088e7
20001ac8:	406bfe5b 	.word	0x406bfe5b
20001acc:	585775a0 	.word	0x585775a0
20001ad0:	11c7dc19 	.word	0x11c7dc19
20001ad4:	07548042 	.word	0x07548042
20001ad8:	2e2e1b23 	.word	0x2e2e1b23
20001adc:	6207540d 	.word	0x6207540d
20001ae0:	8f585731 	.word	0x8f585731
20001ae4:	9c2325a6 	.word	0x9c2325a6
20001ae8:	1f5b3714 	.word	0x1f5b3714
20001aec:	a90aab43 	.word	0xa90aab43
20001af0:	32870c57 	.word	0x32870c57
20001af4:	e3545c07 	.word	0xe3545c07
20001af8:	07d00f87 	.word	0x07d00f87
20001afc:	da5707b1 	.word	0xda5707b1
20001b00:	00f62f64 	.word	0x00f62f64
20001b04:	03a687ce 	.word	0x03a687ce
20001b08:	69ccda4f 	.word	0x69ccda4f
20001b0c:	6774b537 	.word	0x6774b537
20001b10:	adcdf3e2 	.word	0xadcdf3e2
20001b14:	6e2fac2f 	.word	0x6e2fac2f
20001b18:	3cd208a7 	.word	0x3cd208a7
20001b1c:	560e289f 	.word	0x560e289f
20001b20:	07021cf1 	.word	0x07021cf1
20001b24:	5af7830c 	.word	0x5af7830c
20001b28:	751a57b5 	.word	0x751a57b5
20001b2c:	eabee037 	.word	0xeabee037
20001b30:	91315f22 	.word	0x91315f22
20001b34:	861c4dbf 	.word	0x861c4dbf
20001b38:	4e4d0f57 	.word	0x4e4d0f57
20001b3c:	6e05e0df 	.word	0x6e05e0df
20001b40:	9376160f 	.word	0x9376160f
20001b44:	6c28939f 	.word	0x6c28939f
20001b48:	078fc6e6 	.word	0x078fc6e6
20001b4c:	3628bef6 	.word	0x3628bef6
20001b50:	a006cc17 	.word	0xa006cc17
20001b54:	26818dbf 	.word	0x26818dbf
20001b58:	6e08425e 	.word	0x6e08425e
20001b5c:	2e9707df 	.word	0x2e9707df
20001b60:	63eef858 	.word	0x63eef858
20001b64:	00671c46 	.word	0x00671c46
20001b68:	8644d7a7 	.word	0x8644d7a7
20001b6c:	3191b762 	.word	0x3191b762
20001b70:	ca2b7a47 	.word	0xca2b7a47
20001b74:	c641e7d4 	.word	0xc641e7d4
20001b78:	a0069554 	.word	0xa0069554
20001b7c:	b09f3441 	.word	0xb09f3441
20001b80:	73672e6f 	.word	0x73672e6f
20001b84:	56436777 	.word	0x56436777
20001b88:	16915621 	.word	0x16915621
20001b8c:	236e36dd 	.word	0x236e36dd
20001b90:	77b0b11e 	.word	0x77b0b11e
20001b94:	2f2e0056 	.word	0x2f2e0056
20001b98:	0e86ef51 	.word	0x0e86ef51
20001b9c:	8f1e7b8f 	.word	0x8f1e7b8f
20001ba0:	8aa0a497 	.word	0x8aa0a497
20001ba4:	c722a5e4 	.word	0xc722a5e4
20001ba8:	c0d340ff 	.word	0xc0d340ff
20001bac:	08a0e3f6 	.word	0x08a0e3f6
20001bb0:	17b0ef47 	.word	0x17b0ef47
20001bb4:	6296ec8d 	.word	0x6296ec8d
20001bb8:	ffd816d9 	.word	0xffd816d9
20001bbc:	ba0f0d82 	.word	0xba0f0d82
20001bc0:	4fd89037 	.word	0x4fd89037
20001bc4:	c07697f3 	.word	0xc07697f3
20001bc8:	b0a78d8f 	.word	0xb0a78d8f
20001bcc:	978023f7 	.word	0x978023f7
20001bd0:	3cfec06f 	.word	0x3cfec06f
20001bd4:	409c383c 	.word	0x409c383c
20001bd8:	184777e0 	.word	0x184777e0
20001bdc:	20cf7318 	.word	0x20cf7318
20001be0:	fa240679 	.word	0xfa240679
20001be4:	63c00028 	.word	0x63c00028
20001be8:	c70aae27 	.word	0xc70aae27
20001bec:	098b94bc 	.word	0x098b94bc
20001bf0:	ffa3a751 	.word	0xffa3a751
20001bf4:	57e2c540 	.word	0x57e2c540
20001bf8:	985e7442 	.word	0x985e7442
20001bfc:	8678bec7 	.word	0x8678bec7
20001c00:	bb279546 	.word	0xbb279546
20001c04:	0f458bbc 	.word	0x0f458bbc
20001c08:	7697c4ed 	.word	0x7697c4ed
20001c0c:	02ae7f0f 	.word	0x02ae7f0f
20001c10:	7fc59f1c 	.word	0x7fc59f1c
20001c14:	158c0c78 	.word	0x158c0c78
20001c18:	efe01a9f 	.word	0xefe01a9f
20001c1c:	703f5c6d 	.word	0x703f5c6d
20001c20:	7027aa05 	.word	0x7027aa05
20001c24:	872a8c80 	.word	0x872a8c80
20001c28:	ea57ac30 	.word	0xea57ac30
20001c2c:	2ccf862e 	.word	0x2ccf862e
20001c30:	062cbe1e 	.word	0x062cbe1e
20001c34:	07042fa3 	.word	0x07042fa3
20001c38:	bc47b476 	.word	0xbc47b476
20001c3c:	664ea000 	.word	0x664ea000
20001c40:	bb16b98a 	.word	0xbb16b98a
20001c44:	b3175630 	.word	0xb3175630
20001c48:	345ab870 	.word	0x345ab870
20001c4c:	b729e26f 	.word	0xb729e26f
20001c50:	061d9667 	.word	0x061d9667
20001c54:	3c06d580 	.word	0x3c06d580
20001c58:	950f95e7 	.word	0x950f95e7
20001c5c:	2e2c0de7 	.word	0x2e2c0de7
20001c60:	abc460c7 	.word	0xabc460c7
20001c64:	a8348d1f 	.word	0xa8348d1f
20001c68:	c7b5d217 	.word	0xc7b5d217
20001c6c:	8656db30 	.word	0x8656db30
20001c70:	42c23c04 	.word	0x42c23c04
20001c74:	c41fe0ce 	.word	0xc41fe0ce
20001c78:	17c2f68e 	.word	0x17c2f68e
20001c7c:	17311a07 	.word	0x17311a07
20001c80:	110008ea 	.word	0x110008ea
20001c84:	771a8c9f 	.word	0x771a8c9f
20001c88:	188cf0f0 	.word	0x188cf0f0
20001c8c:	000afd4f 	.word	0x000afd4f
20001c90:	d7891000 	.word	0xd7891000
20001c94:	069ee109 	.word	0x069ee109
20001c98:	c4e4b7f8 	.word	0xc4e4b7f8
20001c9c:	604ee340 	.word	0x604ee340
20001ca0:	41109766 	.word	0x41109766
20001ca4:	6fce891f 	.word	0x6fce891f
20001ca8:	6f0a8d14 	.word	0x6f0a8d14
20001cac:	af25282e 	.word	0xaf25282e
20001cb0:	37d67cf6 	.word	0x37d67cf6
20001cb4:	60fe2ba4 	.word	0x60fe2ba4
20001cb8:	cd507037 	.word	0xcd507037
20001cbc:	845aaf44 	.word	0x845aaf44
20001cc0:	404783ef 	.word	0x404783ef
20001cc4:	d0f714ed 	.word	0xd0f714ed
20001cc8:	681f0c40 	.word	0x681f0c40
20001ccc:	0a1e5f02 	.word	0x0a1e5f02
20001cd0:	37c1071d 	.word	0x37c1071d
20001cd4:	50960ca0 	.word	0x50960ca0
20001cd8:	1c1cec0f 	.word	0x1c1cec0f
20001cdc:	aa084d37 	.word	0xaa084d37
20001ce0:	c6b6c66f 	.word	0xc6b6c66f
20001ce4:	e71d156f 	.word	0xe71d156f
20001ce8:	3b9f0d8d 	.word	0x3b9f0d8d
20001cec:	2a0fecbb 	.word	0x2a0fecbb
20001cf0:	000847da 	.word	0x000847da
20001cf4:	3c9e17a9 	.word	0x3c9e17a9
20001cf8:	55407a38 	.word	0x55407a38
20001cfc:	1eae5257 	.word	0x1eae5257
20001d00:	776b24a3 	.word	0x776b24a3
20001d04:	af122706 	.word	0xaf122706
20001d08:	098d3c6f 	.word	0x098d3c6f
20001d0c:	bb7a5f14 	.word	0xbb7a5f14
20001d10:	b58729d0 	.word	0xb58729d0
20001d14:	ffa73f5c 	.word	0xffa73f5c
20001d18:	a0af8b0c 	.word	0xa0af8b0c
20001d1c:	1807d314 	.word	0x1807d314
20001d20:	12afc02b 	.word	0x12afc02b
20001d24:	30314751 	.word	0x30314751
20001d28:	06b8ef0b 	.word	0x06b8ef0b
20001d2c:	552e245e 	.word	0x552e245e
20001d30:	af8a0396 	.word	0xaf8a0396
20001d34:	7d87c544 	.word	0x7d87c544
20001d38:	01400004 	.word	0x01400004
20001d3c:	2be12f50 	.word	0x2be12f50
20001d40:	edc710c8 	.word	0xedc710c8
20001d44:	cf1738a3 	.word	0xcf1738a3
20001d48:	c71dd229 	.word	0xc71dd229
20001d4c:	8dae2ac1 	.word	0x8dae2ac1
20001d50:	8564de3e 	.word	0x8564de3e
20001d54:	7b62a91f 	.word	0x7b62a91f
20001d58:	b1181297 	.word	0xb1181297
20001d5c:	1bc00100 	.word	0x1bc00100
20001d60:	3312775c 	.word	0x3312775c
20001d64:	1017aaa6 	.word	0x1017aaa6
20001d68:	de05c717 	.word	0xde05c717
20001d6c:	162ace2a 	.word	0x162ace2a
20001d70:	82131726 	.word	0x82131726
20001d74:	83c69723 	.word	0x83c69723
20001d78:	0ebf662c 	.word	0x0ebf662c
20001d7c:	d3af6112 	.word	0xd3af6112
20001d80:	0de78fc6 	.word	0x0de78fc6
20001d84:	6c771570 	.word	0x6c771570
20001d88:	c62c310f 	.word	0xc62c310f
20001d8c:	29aed28f 	.word	0x29aed28f
20001d90:	071a1470 	.word	0x071a1470
20001d94:	88116871 	.word	0x88116871
20001d98:	e7ad42d7 	.word	0xe7ad42d7
20001d9c:	d80b47f0 	.word	0xd80b47f0
20001da0:	02069f2f 	.word	0x02069f2f
20001da4:	1a07360f 	.word	0x1a07360f
20001da8:	8a8def51 	.word	0x8a8def51
20001dac:	170110bf 	.word	0x170110bf
20001db0:	b5ff8161 	.word	0xb5ff8161
20001db4:	47b87f0f 	.word	0x47b87f0f
20001db8:	1fc57706 	.word	0x1fc57706
20001dbc:	c564010c 	.word	0xc564010c
20001dc0:	0c9f2d57 	.word	0x0c9f2d57
20001dc4:	06c88504 	.word	0x06c88504
20001dc8:	20f2015c 	.word	0x20f2015c
20001dcc:	8104c905 	.word	0x8104c905
20001dd0:	884216f1 	.word	0x884216f1
20001dd4:	c73d42af 	.word	0xc73d42af
20001dd8:	38d7371d 	.word	0x38d7371d
20001ddc:	0f3ab76c 	.word	0x0f3ab76c
20001de0:	be970a24 	.word	0xbe970a24
20001de4:	c1400007 	.word	0xc1400007
20001de8:	d19de86f 	.word	0xd19de86f
20001dec:	000047bc 	.word	0x000047bc
20001df0:	833fd04d 	.word	0x833fd04d
20001df4:	b70a0c57 	.word	0xb70a0c57
20001df8:	909605c6 	.word	0x909605c6
20001dfc:	14df9852 	.word	0x14df9852
20001e00:	b1501f60 	.word	0xb1501f60
20001e04:	6cff838e 	.word	0x6cff838e
20001e08:	605832af 	.word	0x605832af
20001e0c:	450607d0 	.word	0x450607d0
20001e10:	d0e2ed57 	.word	0xd0e2ed57
20001e14:	4f462137 	.word	0x4f462137
20001e18:	619720c2 	.word	0x619720c2
20001e1c:	0387428d 	.word	0x0387428d
20001e20:	ef425289 	.word	0xef425289
20001e24:	5a18af85 	.word	0x5a18af85
20001e28:	0f46b7e2 	.word	0x0f46b7e2
20001e2c:	ffbb281f 	.word	0xffbb281f
20001e30:	2f148640 	.word	0x2f148640
20001e34:	34374c01 	.word	0x34374c01
20001e38:	19de7011 	.word	0x19de7011
20001e3c:	0a08d757 	.word	0x0a08d757
20001e40:	4a148635 	.word	0x4a148635
20001e44:	5f4291b7 	.word	0x5f4291b7
20001e48:	2e182fe9 	.word	0x2e182fe9
20001e4c:	1c924b18 	.word	0x1c924b18
20001e50:	ad5f15d0 	.word	0xad5f15d0
20001e54:	17740758 	.word	0x17740758
20001e58:	3407162a 	.word	0x3407162a
20001e5c:	b71097ac 	.word	0xb71097ac
20001e60:	c305ac32 	.word	0xc305ac32
20001e64:	aa56ff1b 	.word	0xaa56ff1b
20001e68:	591ba1f7 	.word	0x591ba1f7
20001e6c:	02dfac27 	.word	0x02dfac27
20001e70:	6f4a85ff 	.word	0x6f4a85ff
20001e74:	88af47ac 	.word	0x88af47ac
20001e78:	3a14a7c6 	.word	0x3a14a7c6
20001e7c:	aeb102df 	.word	0xaeb102df
20001e80:	df27c000 	.word	0xdf27c000
20001e84:	c78dd208 	.word	0xc78dd208
20001e88:	2c814f63 	.word	0x2c814f63
20001e8c:	efdb4d6e 	.word	0xefdb4d6e
20001e90:	09c01047 	.word	0x09c01047
20001e94:	c3e0b796 	.word	0xc3e0b796
20001e98:	77060993 	.word	0x77060993
20001e9c:	f7060468 	.word	0xf7060468
20001ea0:	6c77139b 	.word	0x6c77139b
20001ea4:	df003737 	.word	0xdf003737
20001ea8:	3390c78a 	.word	0x3390c78a
20001eac:	76a8c217 	.word	0x76a8c217
20001eb0:	ffe10207 	.word	0xffe10207
20001eb4:	2f86c7c1 	.word	0x2f86c7c1
20001eb8:	e167dc08 	.word	0xe167dc08
20001ebc:	2314e736 	.word	0x2314e736
20001ec0:	3fa019af 	.word	0x3fa019af
20001ec4:	416fccc6 	.word	0x416fccc6
20001ec8:	ea1f1076 	.word	0xea1f1076
20001ecc:	4076f20f 	.word	0x4076f20f
20001ed0:	10254e42 	.word	0x10254e42
20001ed4:	0f3f6212 	.word	0x0f3f6212
20001ed8:	c584002c 	.word	0xc584002c
20001edc:	10604798 	.word	0x10604798
20001ee0:	8fc2cf3b 	.word	0x8fc2cf3b
20001ee4:	8a573502 	.word	0x8a573502
20001ee8:	a69c10f7 	.word	0xa69c10f7
20001eec:	9f6f5868 	.word	0x9f6f5868
20001ef0:	711b2256 	.word	0x711b2256
20001ef4:	6fa0132f 	.word	0x6fa0132f
20001ef8:	42000a3f 	.word	0x42000a3f
20001efc:	d8a9cf71 	.word	0xd8a9cf71
20001f00:	62f66897 	.word	0x62f66897
20001f04:	4247c810 	.word	0x4247c810
20001f08:	80638f8f 	.word	0x80638f8f
20001f0c:	c0777603 	.word	0xc0777603
20001f10:	d79aa16f 	.word	0xd79aa16f
20001f14:	9867c2b4 	.word	0x9867c2b4
20001f18:	bdd96237 	.word	0xbdd96237
20001f1c:	a401f44f 	.word	0xa401f44f
20001f20:	adb6126f 	.word	0xadb6126f
20001f24:	84d0854e 	.word	0x84d0854e
20001f28:	127f1417 	.word	0x127f1417
20001f2c:	10c46e13 	.word	0x10c46e13
20001f30:	8260774c 	.word	0x8260774c
20001f34:	f723347f 	.word	0xf723347f
20001f38:	19670a56 	.word	0x19670a56
20001f3c:	4cc222eb 	.word	0x4cc222eb
20001f40:	af28164f 	.word	0xaf28164f
20001f44:	0c7f16a1 	.word	0x0c7f16a1
20001f48:	152c0367 	.word	0x152c0367
20001f4c:	b718a1bf 	.word	0xb718a1bf
20001f50:	32270c0b 	.word	0x32270c0b
20001f54:	0e604118 	.word	0x0e604118
20001f58:	4f6fad2f 	.word	0x4f6fad2f
20001f5c:	ed2842f0 	.word	0xed2842f0
20001f60:	017417d1 	.word	0x017417d1
20001f64:	6668df37 	.word	0x6668df37
20001f68:	1d4002b7 	.word	0x1d4002b7
20001f6c:	2730c32f 	.word	0x2730c32f
20001f70:	1497345c 	.word	0x1497345c
20001f74:	18d6b76b 	.word	0x18d6b76b
20001f78:	09afa3d2 	.word	0x09afa3d2
20001f7c:	641747b7 	.word	0x641747b7
20001f80:	5716ffd0 	.word	0x5716ffd0
20001f84:	0df675b0 	.word	0x0df675b0
20001f88:	5540a7aa 	.word	0x5540a7aa
20001f8c:	a60b6897 	.word	0xa60b6897
20001f90:	24967602 	.word	0x24967602
20001f94:	8f620041 	.word	0x8f620041
20001f98:	c1406f51 	.word	0xc1406f51
20001f9c:	8160efee 	.word	0x8160efee
20001fa0:	a1e71e37 	.word	0xa1e71e37
20001fa4:	85ffa827 	.word	0x85ffa827
20001fa8:	09203f53 	.word	0x09203f53
20001fac:	ee02f738 	.word	0xee02f738
20001fb0:	4214df74 	.word	0x4214df74
20001fb4:	825616df 	.word	0x825616df
20001fb8:	20b87f10 	.word	0x20b87f10
20001fbc:	1017a44a 	.word	0x1017a44a
20001fc0:	83143487 	.word	0x83143487
20001fc4:	57c3526f 	.word	0x57c3526f
20001fc8:	07840a15 	.word	0x07840a15
20001fcc:	a2c74100 	.word	0xa2c74100
20001fd0:	d460009f 	.word	0xd460009f
20001fd4:	110597b8 	.word	0x110597b8
20001fd8:	d70277a6 	.word	0xd70277a6
20001fdc:	d2a20e17 	.word	0xd2a20e17
20001fe0:	9f0190af 	.word	0x9f0190af
20001fe4:	23f79d56 	.word	0x23f79d56
20001fe8:	bc861886 	.word	0xbc861886
20001fec:	f9220620 	.word	0xf9220620
20001ff0:	1ba70418 	.word	0x1ba70418
20001ff4:	040a199f 	.word	0x040a199f
20001ff8:	4fc05604 	.word	0x4fc05604
20001ffc:	95961a0c 	.word	0x95961a0c
20002000:	4b4a5797 	.word	0x4b4a5797
20002004:	4b9aa7a0 	.word	0x4b9aa7a0
20002008:	608f898b 	.word	0x608f898b
2000200c:	a1550667 	.word	0xa1550667
20002010:	ab3041ef 	.word	0xab3041ef
20002014:	4077475b 	.word	0x4077475b
20002018:	671a5c35 	.word	0x671a5c35
2000201c:	d55da829 	.word	0xd55da829
20002020:	464e4ddf 	.word	0x464e4ddf
20002024:	97a82547 	.word	0x97a82547
20002028:	2e004f19 	.word	0x2e004f19
2000202c:	808ee032 	.word	0x808ee032
20002030:	4034061f 	.word	0x4034061f
20002034:	8b42920b 	.word	0x8b42920b
20002038:	824f438a 	.word	0x824f438a
2000203c:	878a50e8 	.word	0x878a50e8
20002040:	ad4bdfb7 	.word	0xad4bdfb7
20002044:	2937510b 	.word	0x2937510b
20002048:	3f289652 	.word	0x3f289652
2000204c:	b788af06 	.word	0xb788af06
20002050:	6f101a0b 	.word	0x6f101a0b
20002054:	a6df0220 	.word	0xa6df0220
20002058:	c43ef738 	.word	0xc43ef738
2000205c:	47c0b7b6 	.word	0x47c0b7b6
20002060:	ccb678c8 	.word	0xccb678c8
20002064:	1025b67d 	.word	0x1025b67d
20002068:	182522be 	.word	0x182522be
2000206c:	0ad000e0 	.word	0x0ad000e0
20002070:	16d0a75e 	.word	0x16d0a75e
20002074:	f0260960 	.word	0xf0260960
20002078:	28edfd0e 	.word	0x28edfd0e
2000207c:	42d7e077 	.word	0x42d7e077
20002080:	24041f27 	.word	0x24041f27
20002084:	2f61e2c3 	.word	0x2f61e2c3
20002088:	e4d7710a 	.word	0xe4d7710a
2000208c:	9e35351c 	.word	0x9e35351c
20002090:	0f27d82e 	.word	0x0f27d82e
20002094:	d8d75628 	.word	0xd8d75628
20002098:	6197c3ae 	.word	0x6197c3ae
2000209c:	4ee31a17 	.word	0x4ee31a17
200020a0:	75ff26c8 	.word	0x75ff26c8
200020a4:	ef38d730 	.word	0xef38d730
200020a8:	48844f36 	.word	0x48844f36
200020ac:	521f1776 	.word	0x521f1776
200020b0:	0270ffc5 	.word	0x0270ffc5
200020b4:	2d7bbe25 	.word	0x2d7bbe25
200020b8:	57a3c200 	.word	0x57a3c200
200020bc:	0411c00e 	.word	0x0411c00e
200020c0:	93ccf7fc 	.word	0x93ccf7fc
200020c4:	1ff84930 	.word	0x1ff84930
200020c8:	172e2d93 	.word	0x172e2d93
200020cc:	c03f3726 	.word	0xc03f3726
200020d0:	3e54fea0 	.word	0x3e54fea0
200020d4:	61770a0e 	.word	0x61770a0e
200020d8:	b0970ecc 	.word	0xb0970ecc
200020dc:	d11c168a 	.word	0xd11c168a
200020e0:	bf40a05f 	.word	0xbf40a05f
200020e4:	effe3c61 	.word	0xeffe3c61
200020e8:	8e43770a 	.word	0x8e43770a
200020ec:	32db8fe1 	.word	0x32db8fe1
200020f0:	617e97ff 	.word	0x617e97ff
200020f4:	37b00627 	.word	0x37b00627
200020f8:	2fc3c760 	.word	0x2fc3c760
200020fc:	d69f5881 	.word	0xd69f5881
20002100:	1757a336 	.word	0x1757a336
20002104:	3c4b3986 	.word	0x3c4b3986
20002108:	83cf0fdf 	.word	0x83cf0fdf
2000210c:	fcd06196 	.word	0xfcd06196
20002110:	00031c3e 	.word	0x00031c3e
20002114:	00ee5710 	.word	0x00ee5710
20002118:	06fd1e14 	.word	0x06fd1e14
2000211c:	8c621025 	.word	0x8c621025
20002120:	c5d66617 	.word	0xc5d66617
20002124:	842e3c30 	.word	0x842e3c30
20002128:	2527263b 	.word	0x2527263b
2000212c:	0600086d 	.word	0x0600086d
20002130:	f6430762 	.word	0xf6430762
20002134:	9e077d2c 	.word	0x9e077d2c
20002138:	b48f0ae2 	.word	0xb48f0ae2
2000213c:	0200968b 	.word	0x0200968b
20002140:	ba2f701a 	.word	0xba2f701a
20002144:	6b327801 	.word	0x6b327801
20002148:	8f358537 	.word	0x8f358537
2000214c:	428c43de 	.word	0x428c43de
20002150:	1821dfbe 	.word	0x1821dfbe
20002154:	d82fc062 	.word	0xd82fc062
20002158:	026617ac 	.word	0x026617ac
2000215c:	5d5a94e1 	.word	0x5d5a94e1
20002160:	2f36a72e 	.word	0x2f36a72e
20002164:	4e94429d 	.word	0x4e94429d
20002168:	2d3ed8bf 	.word	0x2d3ed8bf
2000216c:	95fc87fa 	.word	0x95fc87fa
20002170:	d75d36c7 	.word	0xd75d36c7
20002174:	16d440e1 	.word	0x16d440e1
20002178:	1b0f36df 	.word	0x1b0f36df
2000217c:	3d806654 	.word	0x3d806654
20002180:	0d466b27 	.word	0x0d466b27
20002184:	57045056 	.word	0x57045056
20002188:	4cf5805c 	.word	0x4cf5805c
2000218c:	3f417fba 	.word	0x3f417fba
20002190:	ae34de50 	.word	0xae34de50
20002194:	b1c71a04 	.word	0xb1c71a04
20002198:	3ef87742 	.word	0x3ef87742
2000219c:	4e7b34a3 	.word	0x4e7b34a3
200021a0:	04c3ee01 	.word	0x04c3ee01
200021a4:	0522724f 	.word	0x0522724f
200021a8:	30f604de 	.word	0x30f604de
200021ac:	1786ad40 	.word	0x1786ad40
200021b0:	47563e09 	.word	0x47563e09
200021b4:	c50a76f0 	.word	0xc50a76f0
200021b8:	0009e937 	.word	0x0009e937
200021bc:	2c0f474a 	.word	0x2c0f474a
200021c0:	382f0d8e 	.word	0x382f0d8e
200021c4:	37d4e22b 	.word	0x37d4e22b
200021c8:	97de9e06 	.word	0x97de9e06
200021cc:	6f61bf91 	.word	0x6f61bf91
200021d0:	5c2592ee 	.word	0x5c2592ee
200021d4:	d8a6a1a7 	.word	0xd8a6a1a7
200021d8:	b830f714 	.word	0xb830f714
200021dc:	bf850d57 	.word	0xbf850d57
200021e0:	07794f85 	.word	0x07794f85
200021e4:	fa8fde5c 	.word	0xfa8fde5c
200021e8:	0feac88f 	.word	0x0feac88f
200021ec:	c771492d 	.word	0xc771492d
200021f0:	975a9f39 	.word	0x975a9f39
200021f4:	c9000fbe 	.word	0xc9000fbe
200021f8:	051c7234 	.word	0x051c7234
200021fc:	b00510c8 	.word	0xb00510c8
20002200:	ef81294f 	.word	0xef81294f
20002204:	b52724aa 	.word	0xb52724aa
20002208:	1e250feb 	.word	0x1e250feb
2000220c:	5e05ffa6 	.word	0x5e05ffa6
20002210:	980a27ee 	.word	0x980a27ee
20002214:	f1302eff 	.word	0xf1302eff
20002218:	66775256 	.word	0x66775256
2000221c:	24a60e31 	.word	0x24a60e31
20002220:	4825aeff 	.word	0x4825aeff
20002224:	a7aefab1 	.word	0xa7aefab1
20002228:	0aff6e30 	.word	0x0aff6e30
2000222c:	3490af3b 	.word	0x3490af3b
20002230:	a8cf2bb1 	.word	0xa8cf2bb1
20002234:	38c70e0a 	.word	0x38c70e0a
20002238:	ae58e337 	.word	0xae58e337
2000223c:	17aaba0f 	.word	0x17aaba0f
20002240:	dfb934e3 	.word	0xdfb934e3
20002244:	34920b1c 	.word	0x34920b1c
20002248:	570617dd 	.word	0x570617dd
2000224c:	6c215c16 	.word	0x6c215c16
20002250:	9917aa2f 	.word	0x9917aa2f
20002254:	d7803b5c 	.word	0xd7803b5c
20002258:	27669f5c 	.word	0x27669f5c
2000225c:	ac570624 	.word	0xac570624
20002260:	b65fce07 	.word	0xb65fce07
20002264:	6f808627 	.word	0x6f808627
20002268:	ce2fc0ad 	.word	0xce2fc0ad
2000226c:	288a37df 	.word	0x288a37df
20002270:	43d7c15f 	.word	0x43d7c15f
20002274:	a8762180 	.word	0xa8762180
20002278:	207fb8ff 	.word	0x207fb8ff
2000227c:	f02caed7 	.word	0xf02caed7
20002280:	075502d6 	.word	0x075502d6
20002284:	70972cd5 	.word	0x70972cd5
20002288:	3ee7dc02 	.word	0x3ee7dc02
2000228c:	45027081 	.word	0x45027081
20002290:	70d0c90f 	.word	0x70d0c90f
20002294:	5de7c55d 	.word	0x5de7c55d
20002298:	0cc7570b 	.word	0x0cc7570b
2000229c:	0b5de70c 	.word	0x0b5de70c
200022a0:	f476c751 	.word	0xf476c751
200022a4:	8143b8cf 	.word	0x8143b8cf
200022a8:	cfc79fb5 	.word	0xcfc79fb5
200022ac:	2593c0c3 	.word	0x2593c0c3
200022b0:	3753a7e9 	.word	0x3753a7e9
200022b4:	a6520e8f 	.word	0xa6520e8f
200022b8:	07112847 	.word	0x07112847
200022bc:	5f681413 	.word	0x5f681413
200022c0:	3a07e2d0 	.word	0x3a07e2d0
200022c4:	0657ebef 	.word	0x0657ebef
200022c8:	4d0a9c37 	.word	0x4d0a9c37
200022cc:	8d029fd8 	.word	0x8d029fd8
200022d0:	3f1e98a7 	.word	0x3f1e98a7
200022d4:	17ff0715 	.word	0x17ff0715
200022d8:	7f8f8224 	.word	0x7f8f8224
200022dc:	0000139e 	.word	0x0000139e
200022e0:	103f6096 	.word	0x103f6096
200022e4:	2510470d 	.word	0x2510470d
200022e8:	effefeec 	.word	0xeffefeec
200022ec:	0b470448 	.word	0x0b470448
200022f0:	c08f2ccf 	.word	0xc08f2ccf
200022f4:	e0971cc8 	.word	0xe0971cc8
200022f8:	0f348f50 	.word	0x0f348f50
200022fc:	1120576c 	.word	0x1120576c
20002300:	a9c3084f 	.word	0xa9c3084f
20002304:	04a3d237 	.word	0x04a3d237
20002308:	e1588f69 	.word	0xe1588f69
2000230c:	7789102e 	.word	0x7789102e
20002310:	9d0080d4 	.word	0x9d0080d4
20002314:	ef3622c7 	.word	0xef3622c7
20002318:	b30187b1 	.word	0xb30187b1
2000231c:	a5497f1f 	.word	0xa5497f1f
20002320:	934ee38f 	.word	0x934ee38f
20002324:	d002c70a 	.word	0xd002c70a
20002328:	d5893f16 	.word	0xd5893f16
2000232c:	20e0ff18 	.word	0x20e0ff18
20002330:	a793179b 	.word	0xa793179b
20002334:	8ba04338 	.word	0x8ba04338
20002338:	df60ff88 	.word	0xdf60ff88
2000233c:	209aa642 	.word	0x209aa642
20002340:	a1204620 	.word	0xa1204620
20002344:	00eea20e 	.word	0x00eea20e
20002348:	52efc891 	.word	0x52efc891
2000234c:	9f9826ca 	.word	0x9f9826ca
20002350:	d6776b70 	.word	0xd6776b70
20002354:	de06434d 	.word	0xde06434d
20002358:	b60a0e01 	.word	0xb60a0e01
2000235c:	eeab0e68 	.word	0xeeab0e68
20002360:	dfb51b97 	.word	0xdfb51b97
20002364:	acc70c12 	.word	0xacc70c12
20002368:	43a607cf 	.word	0x43a607cf
2000236c:	a0b12f27 	.word	0xa0b12f27
20002370:	a03778ff 	.word	0xa03778ff
20002374:	376c5f8d 	.word	0x376c5f8d
20002378:	9ccdff33 	.word	0x9ccdff33
2000237c:	6f0b20a4 	.word	0x6f0b20a4
20002380:	080113b5 	.word	0x080113b5
20002384:	1e0f8e07 	.word	0x1e0f8e07
20002388:	4c4de276 	.word	0x4c4de276
2000238c:	e384ffd6 	.word	0xe384ffd6
20002390:	2442daf7 	.word	0x2442daf7
20002394:	47e811d7 	.word	0x47e811d7
20002398:	bc0f201c 	.word	0xbc0f201c
2000239c:	2ac2081c 	.word	0x2ac2081c
200023a0:	14bc0b87 	.word	0x14bc0b87
200023a4:	7098e9d6 	.word	0x7098e9d6
200023a8:	27261e5f 	.word	0x27261e5f
200023ac:	e72ddbd6 	.word	0xe72ddbd6
200023b0:	a0c28e0d 	.word	0xa0c28e0d
200023b4:	6c57ab8f 	.word	0x6c57ab8f
200023b8:	2f306396 	.word	0x2f306396
200023bc:	53675eee 	.word	0x53675eee
200023c0:	02206e1c 	.word	0x02206e1c
200023c4:	d319f06f 	.word	0xd319f06f
200023c8:	281dc797 	.word	0x281dc797
200023cc:	048cafa6 	.word	0x048cafa6
200023d0:	5852276b 	.word	0x5852276b
200023d4:	85df35ff 	.word	0x85df35ff
200023d8:	5741579b 	.word	0x5741579b
200023dc:	8fa098a7 	.word	0x8fa098a7
200023e0:	97b65faa 	.word	0x97b65faa
200023e4:	0210237e 	.word	0x0210237e
200023e8:	62020f00 	.word	0x62020f00
200023ec:	7380622f 	.word	0x7380622f
200023f0:	af05246f 	.word	0xaf05246f
200023f4:	b8d72660 	.word	0xb8d72660
200023f8:	d0ae3940 	.word	0xd0ae3940
200023fc:	630fb330 	.word	0x630fb330
20002400:	828f3ee7 	.word	0x828f3ee7
20002404:	501ba68f 	.word	0x501ba68f
20002408:	b70c066f 	.word	0xb70c066f
2000240c:	8178ff11 	.word	0x8178ff11
20002410:	97d08a52 	.word	0x97d08a52
20002414:	87b683a7 	.word	0x87b683a7
20002418:	d7a78076 	.word	0xd7a78076
2000241c:	011e272e 	.word	0x011e272e
20002420:	e7587f85 	.word	0xe7587f85
20002424:	65b5870a 	.word	0x65b5870a
20002428:	bb1f46b7 	.word	0xbb1f46b7
2000242c:	af5551ef 	.word	0xaf5551ef
20002430:	1453ffaf 	.word	0x1453ffaf
20002434:	87706a2f 	.word	0x87706a2f
20002438:	20eb8117 	.word	0x20eb8117
2000243c:	87322402 	.word	0x87322402
20002440:	af6e0f08 	.word	0xaf6e0f08
20002444:	e020840f 	.word	0xe020840f
20002448:	c157a87f 	.word	0xc157a87f
2000244c:	e414a437 	.word	0xe414a437
20002450:	5f750b06 	.word	0x5f750b06
20002454:	631f8c2b 	.word	0x631f8c2b
20002458:	a50cc4af 	.word	0xa50cc4af
2000245c:	a0fe475f 	.word	0xa0fe475f
20002460:	6a07ba27 	.word	0x6a07ba27
20002464:	02b75221 	.word	0x02b75221
20002468:	35599f2b 	.word	0x35599f2b
2000246c:	4f0ba9e7 	.word	0x4f0ba9e7
20002470:	0d2f7010 	.word	0x0d2f7010
20002474:	01c65cfe 	.word	0x01c65cfe
20002478:	017001f2 	.word	0x017001f2
2000247c:	89ff8e50 	.word	0x89ff8e50
20002480:	547f0e17 	.word	0x547f0e17
20002484:	f7730a2f 	.word	0xf7730a2f
20002488:	132e064e 	.word	0x132e064e
2000248c:	3fa2473e 	.word	0x3fa2473e
20002490:	56773fcf 	.word	0x56773fcf
20002494:	26cf814f 	.word	0x26cf814f
20002498:	d71c8f76 	.word	0xd71c8f76
2000249c:	010ff32b 	.word	0x010ff32b
200024a0:	690101cf 	.word	0x690101cf
200024a4:	6e5887df 	.word	0x6e5887df
200024a8:	4ea0a49e 	.word	0x4ea0a49e
200024ac:	00ac7ea8 	.word	0x00ac7ea8
200024b0:	a7a030c5 	.word	0xa7a030c5
200024b4:	82de7c50 	.word	0x82de7c50
200024b8:	dfdb44da 	.word	0xdfdb44da
200024bc:	8f463e1e 	.word	0x8f463e1e
200024c0:	53070b71 	.word	0x53070b71
200024c4:	ae0ec7b1 	.word	0xae0ec7b1
200024c8:	2136f09c 	.word	0x2136f09c
200024cc:	0e9d1677 	.word	0x0e9d1677
200024d0:	46d49e80 	.word	0x46d49e80
200024d4:	9bef3814 	.word	0x9bef3814
200024d8:	03de2e9f 	.word	0x03de2e9f
200024dc:	8f1bb696 	.word	0x8f1bb696
200024e0:	b907ac8a 	.word	0xb907ac8a
200024e4:	e49ce418 	.word	0xe49ce418
200024e8:	7770ac04 	.word	0x7770ac04
200024ec:	1fd414c2 	.word	0x1fd414c2
200024f0:	9e5a0783 	.word	0x9e5a0783
200024f4:	0d37c58f 	.word	0x0d37c58f
200024f8:	2f446911 	.word	0x2f446911
200024fc:	8646e089 	.word	0x8646e089
20002500:	37d81077 	.word	0x37d81077
20002504:	0f47abc2 	.word	0x0f47abc2
20002508:	8f3e8f06 	.word	0x8f3e8f06
2000250c:	14ef05a8 	.word	0x14ef05a8
20002510:	dd175884 	.word	0xdd175884
20002514:	1a8d2cee 	.word	0x1a8d2cee
20002518:	e340f7a8 	.word	0xe340f7a8
2000251c:	4f17520f 	.word	0x4f17520f
20002520:	3a312214 	.word	0x3a312214
20002524:	fe128f6f 	.word	0xfe128f6f
20002528:	1618b621 	.word	0x1618b621
2000252c:	a4da1880 	.word	0xa4da1880
20002530:	be59354c 	.word	0xbe59354c
20002534:	00ac40ef 	.word	0x00ac40ef
20002538:	16df0faa 	.word	0x16df0faa
2000253c:	bf5d00af 	.word	0xbf5d00af
20002540:	330f7660 	.word	0x330f7660
20002544:	1f1d58a7 	.word	0x1f1d58a7
20002548:	1877a058 	.word	0x1877a058
2000254c:	93472ba8 	.word	0x93472ba8
20002550:	d2570e32 	.word	0xd2570e32
20002554:	8f63d6c3 	.word	0x8f63d6c3
20002558:	4f442581 	.word	0x4f442581
2000255c:	3ba6e089 	.word	0x3ba6e089
20002560:	96910f46 	.word	0x96910f46
20002564:	672927c0 	.word	0x672927c0
20002568:	7f37ee0a 	.word	0x7f37ee0a
2000256c:	06d41bf1 	.word	0x06d41bf1
20002570:	1627350c 	.word	0x1627350c
20002574:	1b0d6701 	.word	0x1b0d6701
20002578:	dc20cfba 	.word	0xdc20cfba
2000257c:	035eb2af 	.word	0x035eb2af
20002580:	c10466e1 	.word	0xc10466e1
20002584:	f4253a06 	.word	0xf4253a06
20002588:	767b125e 	.word	0x767b125e
2000258c:	70162021 	.word	0x70162021
20002590:	da042080 	.word	0xda042080
20002594:	2ef0da07 	.word	0x2ef0da07
20002598:	9f28ac43 	.word	0x9f28ac43
2000259c:	d8073a2c 	.word	0xd8073a2c
200025a0:	911f2800 	.word	0x911f2800
200025a4:	2a216744 	.word	0x2a216744
200025a8:	38880b57 	.word	0x38880b57
200025ac:	0cc60f38 	.word	0x0cc60f38
200025b0:	18393017 	.word	0x18393017
200025b4:	afc07847 	.word	0xafc07847
200025b8:	9287ab30 	.word	0x9287ab30
200025bc:	2320e43c 	.word	0x2320e43c
200025c0:	ab8c42d0 	.word	0xab8c42d0
200025c4:	ebbf617f 	.word	0xebbf617f
200025c8:	4a62001a 	.word	0x4a62001a
200025cc:	84240637 	.word	0x84240637
200025d0:	07389726 	.word	0x07389726
200025d4:	cf8d48d7 	.word	0xcf8d48d7
200025d8:	9e19c0ec 	.word	0x9e19c0ec
200025dc:	afa3c6db 	.word	0xafa3c6db
200025e0:	d5140d1f 	.word	0xd5140d1f
200025e4:	569a8f16 	.word	0x569a8f16
200025e8:	a2be01c7 	.word	0xa2be01c7
200025ec:	4c3c81ce 	.word	0x4c3c81ce
200025f0:	0f0eb4d7 	.word	0x0f0eb4d7
200025f4:	0bd61e90 	.word	0x0bd61e90
200025f8:	90e72810 	.word	0x90e72810
200025fc:	c2cd7fe8 	.word	0xc2cd7fe8
20002600:	410de7a4 	.word	0x410de7a4
20002604:	fd507baf 	.word	0xfd507baf
20002608:	02ac6116 	.word	0x02ac6116
2000260c:	02a856b2 	.word	0x02a856b2
20002610:	9902b039 	.word	0x9902b039
20002614:	f4e79906 	.word	0xf4e79906
20002618:	8e00242f 	.word	0x8e00242f
2000261c:	3fb127c2 	.word	0x3fb127c2
20002620:	028eb0df 	.word	0x028eb0df
20002624:	00149d27 	.word	0x00149d27
20002628:	e2dfd14c 	.word	0xe2dfd14c
2000262c:	c72a9018 	.word	0xc72a9018
20002630:	b05a7090 	.word	0xb05a7090
20002634:	0124675e 	.word	0x0124675e
20002638:	e40097d3 	.word	0xe40097d3
2000263c:	00240602 	.word	0x00240602
20002640:	9d2e3c64 	.word	0x9d2e3c64
20002644:	27c3e343 	.word	0x27c3e343
20002648:	ae5f7024 	.word	0xae5f7024
2000264c:	46df635f 	.word	0x46df635f
20002650:	7f331127 	.word	0x7f331127
20002654:	015e7f4b 	.word	0x015e7f4b
20002658:	af233400 	.word	0xaf233400
2000265c:	1192174e 	.word	0x1192174e
20002660:	0c07efc2 	.word	0x0c07efc2
20002664:	4f1c0801 	.word	0x4f1c0801
20002668:	e2f85010 	.word	0xe2f85010
2000266c:	1e76071e 	.word	0x1e76071e
20002670:	c43f03b7 	.word	0xc43f03b7
20002674:	8c762c3a 	.word	0x8c762c3a
20002678:	1fd00801 	.word	0x1fd00801
2000267c:	6eec2c38 	.word	0x6eec2c38
20002680:	d708a4f7 	.word	0xd708a4f7
20002684:	21d3192f 	.word	0x21d3192f
20002688:	c885904c 	.word	0xc885904c
2000268c:	c5023062 	.word	0xc5023062
20002690:	acb44d6f 	.word	0xacb44d6f
20002694:	b1ee2397 	.word	0xb1ee2397
20002698:	ce82974f 	.word	0xce82974f
2000269c:	6f01a4c3 	.word	0x6f01a4c3
200026a0:	04bfaa04 	.word	0x04bfaa04
200026a4:	ec368730 	.word	0xec368730
200026a8:	343c2e97 	.word	0x343c2e97
200026ac:	37715f6c 	.word	0x37715f6c
200026b0:	91822457 	.word	0x91822457
200026b4:	3a2926c7 	.word	0x3a2926c7
200026b8:	5f342c37 	.word	0x5f342c37
200026bc:	978b540d 	.word	0x978b540d
200026c0:	312f1682 	.word	0x312f1682
200026c4:	812937c5 	.word	0x812937c5
200026c8:	46098057 	.word	0x46098057
200026cc:	c1ef8977 	.word	0xc1ef8977
200026d0:	12cf917c 	.word	0x12cf917c
200026d4:	6d44e7b8 	.word	0x6d44e7b8
200026d8:	8f5e3c27 	.word	0x8f5e3c27
200026dc:	2e438ff0 	.word	0x2e438ff0
200026e0:	7b1e2f55 	.word	0x7b1e2f55
200026e4:	0f2026d7 	.word	0x0f2026d7
200026e8:	0cb7141b 	.word	0x0cb7141b
200026ec:	0f520d0d 	.word	0x0f520d0d
200026f0:	61a7eb94 	.word	0x61a7eb94
200026f4:	7fa60b1f 	.word	0x7fa60b1f
200026f8:	400f083c 	.word	0x400f083c
200026fc:	8406d603 	.word	0x8406d603
20002700:	0f8205c7 	.word	0x0f8205c7
20002704:	281d8c81 	.word	0x281d8c81
20002708:	f92e9d07 	.word	0xf92e9d07
2000270c:	ea57d145 	.word	0xea57d145
20002710:	77429190 	.word	0x77429190
20002714:	921f8b25 	.word	0x921f8b25
20002718:	2a80e8e4 	.word	0x2a80e8e4
2000271c:	92047087 	.word	0x92047087
20002720:	c10197a1 	.word	0xc10197a1
20002724:	c945d74b 	.word	0xc945d74b
20002728:	da95f842 	.word	0xda95f842
2000272c:	2f2a0c06 	.word	0x2f2a0c06
20002730:	4c92141d 	.word	0x4c92141d
20002734:	1fb14744 	.word	0x1fb14744
20002738:	ac177472 	.word	0xac177472
2000273c:	17338025 	.word	0x17338025
20002740:	2a92d878 	.word	0x2a92d878
20002744:	93007677 	.word	0x93007677
20002748:	39829927 	.word	0x39829927
2000274c:	1fd22d14 	.word	0x1fd22d14
20002750:	da955e30 	.word	0xda955e30
20002754:	c4dfe0a2 	.word	0xc4dfe0a2
20002758:	baa82705 	.word	0xbaa82705
2000275c:	ae19c0c7 	.word	0xae19c0c7
20002760:	07180aaf 	.word	0x07180aaf
20002764:	c5723fda 	.word	0xc5723fda
20002768:	000238ff 	.word	0x000238ff
2000276c:	4546d7ea 	.word	0x4546d7ea
20002770:	e45c570f 	.word	0xe45c570f
20002774:	02944211 	.word	0x02944211
20002778:	a44056db 	.word	0xa44056db
2000277c:	fa5a0f74 	.word	0xfa5a0f74
20002780:	aa4ae0e6 	.word	0xaa4ae0e6
20002784:	c7a8c63f 	.word	0xc7a8c63f
20002788:	5f1802e2 	.word	0x5f1802e2
2000278c:	0917582c 	.word	0x0917582c
20002790:	d703178e 	.word	0xd703178e
20002794:	3501032f 	.word	0x3501032f
20002798:	b6bf8847 	.word	0xb6bf8847
2000279c:	27744018 	.word	0x27744018
200027a0:	d0a70693 	.word	0xd0a70693
200027a4:	62d8afd7 	.word	0x62d8afd7
200027a8:	271177a0 	.word	0x271177a0
200027ac:	a547d887 	.word	0xa547d887
200027b0:	4c94efba 	.word	0x4c94efba
200027b4:	13a7c03f 	.word	0x13a7c03f
200027b8:	90437f8f 	.word	0x90437f8f
200027bc:	8e5e2387 	.word	0x8e5e2387
200027c0:	14c67f1f 	.word	0x14c67f1f
200027c4:	1fa660a7 	.word	0x1fa660a7
200027c8:	dfef9304 	.word	0xdfef9304
200027cc:	8602a1b7 	.word	0x8602a1b7
200027d0:	bcdf153e 	.word	0xbcdf153e
200027d4:	1b04978e 	.word	0x1b04978e
200027d8:	6da76087 	.word	0x6da76087
200027dc:	05737706 	.word	0x05737706
200027e0:	805705c8 	.word	0x805705c8
200027e4:	1fd56021 	.word	0x1fd56021
200027e8:	62b7ad63 	.word	0x62b7ad63
200027ec:	15d04f60 	.word	0x15d04f60
200027f0:	08fa30f6 	.word	0x08fa30f6
200027f4:	08afc200 	.word	0x08afc200
200027f8:	eec4efe2 	.word	0xeec4efe2
200027fc:	f7ff9746 	.word	0xf7ff9746
20002800:	8f37fb30 	.word	0x8f37fb30
20002804:	10fb5f98 	.word	0x10fb5f98
20002808:	021f3442 	.word	0x021f3442
2000280c:	0c5e7b16 	.word	0x0c5e7b16
20002810:	5e0cc97e 	.word	0x5e0cc97e
20002814:	e44affbf 	.word	0xe44affbf
20002818:	ea012540 	.word	0xea012540
2000281c:	60ff810e 	.word	0x60ff810e
20002820:	acdf647f 	.word	0xacdf647f
20002824:	120caf10 	.word	0x120caf10
20002828:	6e1b4ff2 	.word	0x6e1b4ff2
2000282c:	9158fc49 	.word	0x9158fc49
20002830:	1bb706d8 	.word	0x1bb706d8
20002834:	405747f7 	.word	0x405747f7
20002838:	26370082 	.word	0x26370082
2000283c:	c867c504 	.word	0xc867c504
20002840:	1f0856fb 	.word	0x1f0856fb
20002844:	47980462 	.word	0x47980462
20002848:	efb14980 	.word	0xefb14980
2000284c:	2fbeef45 	.word	0x2fbeef45
20002850:	a7291418 	.word	0xa7291418
20002854:	26c22188 	.word	0x26c22188
20002858:	280c77a1 	.word	0x280c77a1
2000285c:	0e47a7cb 	.word	0x0e47a7cb
20002860:	2358ffe0 	.word	0x2358ffe0
20002864:	ac080c0f 	.word	0xac080c0f
20002868:	150f160e 	.word	0x150f160e
2000286c:	47f876bf 	.word	0x47f876bf
20002870:	2c57510c 	.word	0x2c57510c
20002874:	d7093647 	.word	0xd7093647
20002878:	9f408601 	.word	0x9f408601
2000287c:	e7ae96a6 	.word	0xe7ae96a6
20002880:	c0609f18 	.word	0xc0609f18
20002884:	bf1dd7e9 	.word	0xbf1dd7e9
20002888:	4d0db722 	.word	0x4d0db722
2000288c:	b4820fc1 	.word	0xb4820fc1
20002890:	f73908a8 	.word	0xf73908a8
20002894:	cf4e08a9 	.word	0xcf4e08a9
20002898:	e85a07a4 	.word	0xe85a07a4
2000289c:	57a25207 	.word	0x57a25207
200028a0:	5cdb3ef5 	.word	0x5cdb3ef5
200028a4:	423838e7 	.word	0x423838e7
200028a8:	36862e4c 	.word	0x36862e4c
200028ac:	45d03e86 	.word	0x45d03e86
200028b0:	04467d34 	.word	0x04467d34
200028b4:	9d37a9e3 	.word	0x9d37a9e3
200028b8:	61f60b48 	.word	0x61f60b48
200028bc:	97c31137 	.word	0x97c31137
200028c0:	c214b76a 	.word	0xc214b76a
200028c4:	b5d76216 	.word	0xb5d76216
200028c8:	4fb0b7c0 	.word	0x4fb0b7c0
200028cc:	67f64321 	.word	0x67f64321
200028d0:	00ac431f 	.word	0x00ac431f
200028d4:	5cbdb726 	.word	0x5cbdb726
200028d8:	8e975211 	.word	0x8e975211
200028dc:	1fcea71e 	.word	0x1fcea71e
200028e0:	7fce9443 	.word	0x7fce9443
200028e4:	2f09a443 	.word	0x2f09a443
200028e8:	023444e0 	.word	0x023444e0
200028ec:	7012af33 	.word	0x7012af33
200028f0:	271f4b46 	.word	0x271f4b46
200028f4:	2eec144c 	.word	0x2eec144c
200028f8:	1b14462a 	.word	0x1b14462a
200028fc:	f64f16bf 	.word	0xf64f16bf
20002900:	3043ffff 	.word	0x3043ffff
20002904:	60a4f897 	.word	0x60a4f897
20002908:	c66729db 	.word	0xc66729db
2000290c:	47c41158 	.word	0x47c41158
20002910:	30e96f1e 	.word	0x30e96f1e
20002914:	07b38fe9 	.word	0x07b38fe9
20002918:	a7143d37 	.word	0xa7143d37
2000291c:	b000f030 	.word	0xb000f030
20002920:	16275396 	.word	0x16275396
20002924:	5a24bf6e 	.word	0x5a24bf6e
20002928:	1f0b4e25 	.word	0x1f0b4e25
2000292c:	0cff5651 	.word	0x0cff5651
20002930:	3e86118f 	.word	0x3e86118f
20002934:	e2a22747 	.word	0xe2a22747
20002938:	af236107 	.word	0xaf236107
2000293c:	0c10283f 	.word	0x0c10283f
20002940:	6c284d1f 	.word	0x6c284d1f
20002944:	d30e87cb 	.word	0xd30e87cb
20002948:	cd84af8c 	.word	0xcd84af8c
2000294c:	b0175da7 	.word	0xb0175da7
20002950:	8706711f 	.word	0x8706711f
20002954:	5c401f88 	.word	0x5c401f88
20002958:	04878647 	.word	0x04878647
2000295c:	2437dc05 	.word	0x2437dc05
20002960:	864fc005 	.word	0x864fc005
20002964:	87819517 	.word	0x87819517
20002968:	4068de5b 	.word	0x4068de5b
2000296c:	6a8f31ac 	.word	0x6a8f31ac
20002970:	15699f35 	.word	0x15699f35
20002974:	41e78ff7 	.word	0x41e78ff7
20002978:	5875df10 	.word	0x5875df10
2000297c:	1f6d5f23 	.word	0x1f6d5f23
20002980:	2ed7dbad 	.word	0x2ed7dbad
20002984:	4aa04369 	.word	0x4aa04369
20002988:	03ed024f 	.word	0x03ed024f
2000298c:	6fd884ff 	.word	0x6fd884ff
20002990:	fa629720 	.word	0xfa629720
20002994:	c4c6672a 	.word	0xc4c6672a
20002998:	95ed04a7 	.word	0x95ed04a7
2000299c:	5a3287da 	.word	0x5a3287da
200029a0:	c42f8968 	.word	0xc42f8968
200029a4:	67e29442 	.word	0x67e29442
200029a8:	020257d1 	.word	0x020257d1
200029ac:	ef5b1f8d 	.word	0xef5b1f8d
200029b0:	b7a88d00 	.word	0xb7a88d00
200029b4:	2304dfb6 	.word	0x2304dfb6
200029b8:	afb80276 	.word	0xafb80276
200029bc:	a7740924 	.word	0xa7740924
200029c0:	0b7f98a4 	.word	0x0b7f98a4
200029c4:	970b4f04 	.word	0x970b4f04
200029c8:	40b020a4 	.word	0x40b020a4
200029cc:	475ad897 	.word	0x475ad897
200029d0:	078a052c 	.word	0x078a052c
200029d4:	050297c1 	.word	0x050297c1
200029d8:	0d8f5bdf 	.word	0x0d8f5bdf
200029dc:	07c70d20 	.word	0x07c70d20
200029e0:	d3a76030 	.word	0xd3a76030
200029e4:	07b65a7f 	.word	0x07b65a7f
200029e8:	aaa6e89e 	.word	0xaaa6e89e
200029ec:	974530cf 	.word	0x974530cf
200029f0:	7295145c 	.word	0x7295145c
200029f4:	26325410 	.word	0x26325410
200029f8:	df816815 	.word	0xdf816815
200029fc:	13a6e952 	.word	0x13a6e952
20002a00:	8fc3478f 	.word	0x8fc3478f
20002a04:	421f9d00 	.word	0x421f9d00
20002a08:	06360f34 	.word	0x06360f34
20002a0c:	5ec4185f 	.word	0x5ec4185f
20002a10:	19373636 	.word	0x19373636
20002a14:	a0d40048 	.word	0xa0d40048
20002a18:	1d2238bf 	.word	0x1d2238bf
20002a1c:	c745ea36 	.word	0xc745ea36
20002a20:	4257a869 	.word	0x4257a869
20002a24:	135a7716 	.word	0x135a7716
20002a28:	7f0d5fcf 	.word	0x7f0d5fcf
20002a2c:	1328e7ba 	.word	0x1328e7ba
20002a30:	6876971f 	.word	0x6876971f
20002a34:	266e8888 	.word	0x266e8888
20002a38:	af838881 	.word	0xaf838881
20002a3c:	323710ac 	.word	0x323710ac
20002a40:	0854174c 	.word	0x0854174c
20002a44:	1e81af74 	.word	0x1e81af74
20002a48:	94002c3e 	.word	0x94002c3e
20002a4c:	936ce9af 	.word	0x936ce9af
20002a50:	07f02f35 	.word	0x07f02f35
20002a54:	27384324 	.word	0x27384324
20002a58:	4437d225 	.word	0x4437d225
20002a5c:	9564c405 	.word	0x9564c405
20002a60:	767c20d7 	.word	0x767c20d7
20002a64:	29af0e44 	.word	0x29af0e44
20002a68:	588743b5 	.word	0x588743b5
20002a6c:	eb400f28 	.word	0xeb400f28
20002a70:	0b0f05ff 	.word	0x0b0f05ff
20002a74:	82e80337 	.word	0x82e80337
20002a78:	60290f03 	.word	0x60290f03
20002a7c:	420f414f 	.word	0x420f414f
20002a80:	d78137c0 	.word	0xd78137c0
20002a84:	365d602f 	.word	0x365d602f
20002a88:	db3ef5ac 	.word	0xdb3ef5ac
20002a8c:	078a0c06 	.word	0x078a0c06
20002a90:	0a57702d 	.word	0x0a57702d
20002a94:	185a2fd5 	.word	0x185a2fd5
20002a98:	43c4a7d8 	.word	0x43c4a7d8
20002a9c:	9088071e 	.word	0x9088071e
20002aa0:	16d016b9 	.word	0x16d016b9
20002aa4:	1f63beab 	.word	0x1f63beab
20002aa8:	4e8e94e5 	.word	0x4e8e94e5
20002aac:	e7cc0889 	.word	0xe7cc0889
20002ab0:	04b60698 	.word	0x04b60698
20002ab4:	918e3a46 	.word	0x918e3a46
20002ab8:	09d77000 	.word	0x09d77000
20002abc:	9080b7a3 	.word	0x9080b7a3
20002ac0:	05831719 	.word	0x05831719
20002ac4:	fea0018e 	.word	0xfea0018e
20002ac8:	2e570627 	.word	0x2e570627
20002acc:	1f6900a8 	.word	0x1f6900a8
20002ad0:	938f4db7 	.word	0x938f4db7
20002ad4:	1ec000c0 	.word	0x1ec000c0
20002ad8:	a794b54f 	.word	0xa794b54f
20002adc:	8d264257 	.word	0x8d264257
20002ae0:	0f6d93d7 	.word	0x0f6d93d7
20002ae4:	0664afa8 	.word	0x0664afa8
20002ae8:	0c0f1cab 	.word	0x0c0f1cab
20002aec:	f06f1543 	.word	0xf06f1543
20002af0:	55c00094 	.word	0x55c00094
20002af4:	5fdc1a67 	.word	0x5fdc1a67
20002af8:	0faba545 	.word	0x0faba545
20002afc:	94df3641 	.word	0x94df3641
20002b00:	208d272b 	.word	0x208d272b
20002b04:	648f1fa9 	.word	0x648f1fa9
20002b08:	39da8046 	.word	0x39da8046
20002b0c:	5d578087 	.word	0x5d578087
20002b10:	1fb0e627 	.word	0x1fb0e627
20002b14:	67ba3e97 	.word	0x67ba3e97
20002b18:	8fa92424 	.word	0x8fa92424
20002b1c:	b72738ae 	.word	0xb72738ae
20002b20:	4abf7816 	.word	0x4abf7816
20002b24:	a75cfec6 	.word	0xa75cfec6
20002b28:	7f8b9258 	.word	0x7f8b9258
20002b2c:	fbd77050 	.word	0xfbd77050
20002b30:	06304207 	.word	0x06304207
20002b34:	973871cf 	.word	0x973871cf
20002b38:	55384dbf 	.word	0x55384dbf
20002b3c:	0a30e3bf 	.word	0x0a30e3bf
20002b40:	0adadf63 	.word	0x0adadf63
20002b44:	344ec127 	.word	0x344ec127
20002b48:	c4211826 	.word	0xc4211826
20002b4c:	ac26bec7 	.word	0xac26bec7
20002b50:	4b2f1729 	.word	0x4b2f1729
20002b54:	063a926f 	.word	0x063a926f
20002b58:	87ad0a24 	.word	0x87ad0a24
20002b5c:	37e33e7d 	.word	0x37e33e7d
20002b60:	e681fa27 	.word	0xe681fa27
20002b64:	f6d9678a 	.word	0xf6d9678a
20002b68:	d7119f86 	.word	0xd7119f86
20002b6c:	b425805f 	.word	0xb425805f
20002b70:	976008ef 	.word	0x976008ef
20002b74:	76ff4d52 	.word	0x76ff4d52
20002b78:	1cb87f88 	.word	0x1cb87f88
20002b7c:	3d18b723 	.word	0x3d18b723
20002b80:	47d54407 	.word	0x47d54407
20002b84:	166f07d4 	.word	0x166f07d4
20002b88:	3442a120 	.word	0x3442a120
20002b8c:	c2f7355b 	.word	0xc2f7355b
20002b90:	6fe7d411 	.word	0x6fe7d411
20002b94:	ff97c05f 	.word	0xff97c05f
20002b98:	626fa482 	.word	0x626fa482
20002b9c:	67574b26 	.word	0x67574b26
20002ba0:	62ffe191 	.word	0x62ffe191
20002ba4:	a48fa114 	.word	0xa48fa114
20002ba8:	910f388c 	.word	0x910f388c
20002bac:	881117a3 	.word	0x881117a3
20002bb0:	b7362f98 	.word	0xb7362f98
20002bb4:	749f9110 	.word	0x749f9110
20002bb8:	d4c7b918 	.word	0xd4c7b918
20002bbc:	176a9390 	.word	0x176a9390
20002bc0:	de056757 	.word	0xde056757
20002bc4:	79b4ae48 	.word	0x79b4ae48
20002bc8:	7b090db0 	.word	0x7b090db0
20002bcc:	cf0638c7 	.word	0xcf0638c7
20002bd0:	443c403c 	.word	0x443c403c
20002bd4:	4ccf48f3 	.word	0x4ccf48f3
20002bd8:	ff534250 	.word	0xff534250
20002bdc:	db174554 	.word	0xdb174554
20002be0:	e8c0ff6c 	.word	0xe8c0ff6c
20002be4:	de47fc03 	.word	0xde47fc03
20002be8:	6de75f57 	.word	0x6de75f57
20002bec:	d02f101f 	.word	0xd02f101f
20002bf0:	d3ce1658 	.word	0xd3ce1658
20002bf4:	a74c8317 	.word	0xa74c8317
20002bf8:	efd8c630 	.word	0xefd8c630
20002bfc:	46312e0e 	.word	0x46312e0e
20002c00:	300f345c 	.word	0x300f345c
20002c04:	1f75ffab 	.word	0x1f75ffab
20002c08:	a72fb102 	.word	0xa72fb102
20002c0c:	9937d897 	.word	0x9937d897
20002c10:	00023903 	.word	0x00023903
20002c14:	d6a526d9 	.word	0xd6a526d9
20002c18:	2027b8c3 	.word	0x2027b8c3
20002c1c:	8ebf5eec 	.word	0x8ebf5eec
20002c20:	5453db3e 	.word	0x5453db3e
20002c24:	6841460e 	.word	0x6841460e
20002c28:	a419053e 	.word	0xa419053e
20002c2c:	a6f80457 	.word	0xa6f80457
20002c30:	1f29e70c 	.word	0x1f29e70c
20002c34:	574f4f76 	.word	0x574f4f76
20002c38:	4c530edb 	.word	0x4c530edb
20002c3c:	211f534f 	.word	0x211f534f
20002c40:	52da9f6e 	.word	0x52da9f6e
20002c44:	42094e45 	.word	0x42094e45
20002c48:	5a5e4fd2 	.word	0x5a5e4fd2
20002c4c:	404ea342 	.word	0x404ea342
20002c50:	a4f6c707 	.word	0xa4f6c707
20002c54:	2ebfe98a 	.word	0x2ebfe98a
20002c58:	5a96b742 	.word	0x5a96b742
20002c5c:	c5063ef4 	.word	0xc5063ef4
20002c60:	4e7b846f 	.word	0x4e7b846f
20002c64:	1357ce62 	.word	0x1357ce62
20002c68:	50458558 	.word	0x50458558
20002c6c:	175445e6 	.word	0x175445e6
20002c70:	4ff926ec 	.word	0x4ff926ec
20002c74:	d04c4c4e 	.word	0xd04c4c4e
20002c78:	b676430e 	.word	0xb676430e
20002c7c:	f92f4f0f 	.word	0xf92f4f0f
20002c80:	4ca74cea 	.word	0x4ca74cea
20002c84:	ef742c3c 	.word	0xef742c3c
20002c88:	165c077b 	.word	0x165c077b
20002c8c:	8fec5cd0 	.word	0x8fec5cd0
20002c90:	9fc7cb48 	.word	0x9fc7cb48
20002c94:	db504d0e 	.word	0xdb504d0e
20002c98:	9e554a0e 	.word	0x9e554a0e
20002c9c:	8c570e49 	.word	0x8c570e49
20002ca0:	0fb8e4a8 	.word	0x0fb8e4a8
20002ca4:	8900083d 	.word	0x8900083d
20002ca8:	4e49c397 	.word	0x4e49c397
20002cac:	9642da9e 	.word	0x9642da9e
20002cb0:	a0fd4231 	.word	0xa0fd4231
20002cb4:	29afc000 	.word	0x29afc000
20002cb8:	a0e02f57 	.word	0xa0e02f57
20002cbc:	30f79a93 	.word	0x30f79a93
20002cc0:	ef6d3737 	.word	0xef6d3737
20002cc4:	7ed8400d 	.word	0x7ed8400d
20002cc8:	b9446417 	.word	0xb9446417
20002ccc:	a2efd350 	.word	0xa2efd350
20002cd0:	9b970644 	.word	0x9b970644
20002cd4:	2eb426a0 	.word	0x2eb426a0
20002cd8:	4c1e0ac6 	.word	0x4c1e0ac6
20002cdc:	963ca456 	.word	0x963ca456
20002ce0:	a90ddc3c 	.word	0xa90ddc3c
20002ce4:	352e70ef 	.word	0x352e70ef
20002ce8:	e6d27b2f 	.word	0xe6d27b2f
20002cec:	e86f1b27 	.word	0xe86f1b27
20002cf0:	5097bb37 	.word	0x5097bb37
20002cf4:	f8c8c95e 	.word	0xf8c8c95e
20002cf8:	10000333 	.word	0x10000333
20002cfc:	44674768 	.word	0x44674768
20002d00:	102c4790 	.word	0x102c4790
20002d04:	940439b7 	.word	0x940439b7
20002d08:	30670429 	.word	0x30670429
20002d0c:	d297454c 	.word	0xd297454c
20002d10:	c0cf0c20 	.word	0xc0cf0c20
20002d14:	420fe04c 	.word	0x420fe04c
20002d18:	9d1acf5c 	.word	0x9d1acf5c
20002d1c:	26c7a767 	.word	0x26c7a767
20002d20:	267c01b7 	.word	0x267c01b7
20002d24:	d70a2093 	.word	0xd70a2093
20002d28:	6f85209a 	.word	0x6f85209a
20002d2c:	e7b10135 	.word	0xe7b10135
20002d30:	63d71408 	.word	0x63d71408
20002d34:	0f08af56 	.word	0x0f08af56
20002d38:	972a9c63 	.word	0x972a9c63
20002d3c:	af184ca6 	.word	0xaf184ca6
20002d40:	1162181c 	.word	0x1162181c
20002d44:	4e0ca817 	.word	0x4e0ca817
20002d48:	03afd86c 	.word	0x03afd86c
20002d4c:	bcf306e0 	.word	0xbcf306e0
20002d50:	3102e707 	.word	0x3102e707
20002d54:	44583a5f 	.word	0x44583a5f
20002d58:	3a279726 	.word	0x3a279726
20002d5c:	1f342ca7 	.word	0x1f342ca7
20002d60:	900f8121 	.word	0x900f8121
20002d64:	87048b0f 	.word	0x87048b0f
20002d68:	82eac940 	.word	0x82eac940
20002d6c:	47421c5f 	.word	0x47421c5f
20002d70:	5e39be58 	.word	0x5e39be58
20002d74:	1af50207 	.word	0x1af50207
20002d78:	d1af45ec 	.word	0xd1af45ec
20002d7c:	52dace4d 	.word	0x52dace4d
20002d80:	e842765e 	.word	0xe842765e
20002d84:	c9cf8b60 	.word	0xc9cf8b60
20002d88:	08539420 	.word	0x08539420
20002d8c:	20ee7a51 	.word	0x20ee7a51
20002d90:	0060afc7 	.word	0x0060afc7
20002d94:	bfb7c280 	.word	0xbfb7c280
20002d98:	268fa100 	.word	0x268fa100
20002d9c:	6e02ffff 	.word	0x6e02ffff
20002da0:	343030f7 	.word	0x343030f7
20002da4:	f7229497 	.word	0xf7229497
20002da8:	01e98a3c 	.word	0x01e98a3c
20002dac:	073a9f2a 	.word	0x073a9f2a
20002db0:	4c36770d 	.word	0x4c36770d
20002db4:	44a82b57 	.word	0x44a82b57
20002db8:	d4524f8a 	.word	0xd4524f8a
20002dbc:	56670baf 	.word	0x56670baf
20002dc0:	e9b7d500 	.word	0xe9b7d500
20002dc4:	0f54c36c 	.word	0x0f54c36c
20002dc8:	df4c94d2 	.word	0xdf4c94d2
20002dcc:	7f6b8407 	.word	0x7f6b8407
20002dd0:	ffe56481 	.word	0xffe56481
20002dd4:	17607652 	.word	0x17607652
20002dd8:	68702568 	.word	0x68702568
20002ddc:	17414fb8 	.word	0x17414fb8
20002de0:	02948c4e 	.word	0x02948c4e
20002de4:	e75a3fa2 	.word	0xe75a3fa2
20002de8:	904944ba 	.word	0x904944ba
20002dec:	f7ed0487 	.word	0xf7ed0487
20002df0:	f7d58742 	.word	0xf7d58742
20002df4:	97453403 	.word	0x97453403
20002df8:	532e1508 	.word	0x532e1508
20002dfc:	1463361f 	.word	0x1463361f
20002e00:	856c5cd7 	.word	0x856c5cd7
20002e04:	1356ccc9 	.word	0x1356ccc9
20002e08:	0007f1fe 	.word	0x0007f1fe
20002e0c:	10a72800 	.word	0x10a72800
20002e10:	a905e735 	.word	0xa905e735
20002e14:	fff6aeaf 	.word	0xfff6aeaf
20002e18:	a21440c0 	.word	0xa21440c0
20002e1c:	2f6ac007 	.word	0x2f6ac007
20002e20:	027778b0 	.word	0x027778b0
20002e24:	c33c662a 	.word	0xc33c662a
20002e28:	04bcdf89 	.word	0x04bcdf89
20002e2c:	cf854026 	.word	0xcf854026
20002e30:	73214408 	.word	0x73214408
20002e34:	6850c90c 	.word	0x6850c90c
20002e38:	6c8007a1 	.word	0x6c8007a1
20002e3c:	516ccfcc 	.word	0x516ccfcc
20002e40:	2e707757 	.word	0x2e707757
20002e44:	0e4f70b7 	.word	0x0e4f70b7
20002e48:	bee13715 	.word	0xbee13715
20002e4c:	ffc10ce6 	.word	0xffc10ce6
20002e50:	0f76e281 	.word	0x0f76e281
20002e54:	17478417 	.word	0x17478417
20002e58:	08eea55a 	.word	0x08eea55a
20002e5c:	df50311f 	.word	0xdf50311f
20002e60:	cc073f8a 	.word	0xcc073f8a
20002e64:	5c212101 	.word	0x5c212101
20002e68:	a5945436 	.word	0xa5945436
20002e6c:	bf3ad70c 	.word	0xbf3ad70c
20002e70:	98ffc6f0 	.word	0x98ffc6f0
20002e74:	c26e978f 	.word	0xc26e978f
20002e78:	ef284148 	.word	0xef284148
20002e7c:	44e6d2f5 	.word	0x44e6d2f5
20002e80:	4e9f81e7 	.word	0x4e9f81e7
20002e84:	3615c9b4 	.word	0x3615c9b4
20002e88:	c200f0a8 	.word	0xc200f0a8
20002e8c:	8798a8af 	.word	0x8798a8af
20002e90:	96fa4e26 	.word	0x96fa4e26
20002e94:	7fea4f43 	.word	0x7fea4f43
20002e98:	2b3fb050 	.word	0x2b3fb050
20002e9c:	805f6107 	.word	0x805f6107
20002ea0:	4b3ef652 	.word	0x4b3ef652
20002ea4:	57720a5f 	.word	0x57720a5f
20002ea8:	45391152 	.word	0x45391152
20002eac:	56960858 	.word	0x56960858
20002eb0:	4e9e5541 	.word	0x4e9e5541
20002eb4:	4f985f82 	.word	0x4f985f82
20002eb8:	4353de3c 	.word	0x4353de3c
20002ebc:	768f5742 	.word	0x768f5742
20002ec0:	604f62e8 	.word	0x604f62e8
20002ec4:	4ccee14e 	.word	0x4ccee14e
20002ec8:	3103c6e2 	.word	0x3103c6e2
20002ecc:	c23f6d6f 	.word	0xc23f6d6f
20002ed0:	4dae6b55 	.word	0x4dae6b55
20002ed4:	3fafd88e 	.word	0x3fafd88e
20002ed8:	070c75be 	.word	0x070c75be
20002edc:	705f28a6 	.word	0x705f28a6
20002ee0:	0e5c9500 	.word	0x0e5c9500
20002ee4:	620702f2 	.word	0x620702f2
20002ee8:	8f4305ef 	.word	0x8f4305ef
20002eec:	4e3f9541 	.word	0x4e3f9541
20002ef0:	69260145 	.word	0x69260145
20002ef4:	015f6b0f 	.word	0x015f6b0f
20002ef8:	84a6e7ab 	.word	0x84a6e7ab
20002efc:	6288ba67 	.word	0x6288ba67
20002f00:	2284ba97 	.word	0x2284ba97
20002f04:	e78ce4f7 	.word	0xe78ce4f7
20002f08:	e084928c 	.word	0xe084928c
20002f0c:	db4f1590 	.word	0xdb4f1590
20002f10:	0cc25f90 	.word	0x0cc25f90
20002f14:	c1b7e800 	.word	0xc1b7e800
20002f18:	df384267 	.word	0xdf384267
20002f1c:	77ba1660 	.word	0x77ba1660
20002f20:	3e274588 	.word	0x3e274588
20002f24:	0c06d608 	.word	0x0c06d608
20002f28:	58174f05 	.word	0x58174f05
20002f2c:	fe02767d 	.word	0xfe02767d
20002f30:	6c5b2f9a 	.word	0x6c5b2f9a
20002f34:	f53f105f 	.word	0xf53f105f
20002f38:	010211c2 	.word	0x010211c2
20002f3c:	691f986f 	.word	0x691f986f
20002f40:	9aaf0a7f 	.word	0x9aaf0a7f
20002f44:	74cfeb2c 	.word	0x74cfeb2c
20002f48:	16033047 	.word	0x16033047
20002f4c:	440045d6 	.word	0x440045d6
20002f50:	99c148c7 	.word	0x99c148c7
20002f54:	9426847f 	.word	0x9426847f
20002f58:	819456f5 	.word	0x819456f5
20002f5c:	8b8b4857 	.word	0x8b8b4857
20002f60:	9e3e09ff 	.word	0x9e3e09ff
20002f64:	bc430088 	.word	0xbc430088
20002f68:	2d985e98 	.word	0x2d985e98
20002f6c:	15849744 	.word	0x15849744
20002f70:	c6ee6dcf 	.word	0xc6ee6dcf
20002f74:	4d308fc2 	.word	0x4d308fc2
20002f78:	b88f8227 	.word	0xb88f8227
20002f7c:	e00f2229 	.word	0xe00f2229
20002f80:	816ec00f 	.word	0x816ec00f
20002f84:	5330b7ba 	.word	0x5330b7ba
20002f88:	181267a7 	.word	0x181267a7
20002f8c:	4e298f05 	.word	0x4e298f05
20002f90:	1b500b5f 	.word	0x1b500b5f
20002f94:	ac03cfde 	.word	0xac03cfde
20002f98:	b01fc53a 	.word	0xb01fc53a
20002f9c:	d7cc312f 	.word	0xd7cc312f
20002fa0:	370d303f 	.word	0x370d303f
20002fa4:	1eda3072 	.word	0x1eda3072
20002fa8:	4ce7112c 	.word	0x4ce7112c
20002fac:	780f0ab7 	.word	0x780f0ab7
20002fb0:	a0070c98 	.word	0xa0070c98
20002fb4:	00a9f067 	.word	0x00a9f067
20002fb8:	449d1708 	.word	0x449d1708
20002fbc:	749f134e 	.word	0x749f134e
20002fc0:	91db0520 	.word	0x91db0520
20002fc4:	378219bf 	.word	0x378219bf
20002fc8:	066eced9 	.word	0x066eced9
20002fcc:	78c604b4 	.word	0x78c604b4
20002fd0:	34c5f775 	.word	0x34c5f775
20002fd4:	1434d4ae 	.word	0x1434d4ae
20002fd8:	afa148af 	.word	0xafa148af
20002fdc:	8746ef46 	.word	0x8746ef46
20002fe0:	f78a7ca1 	.word	0xf78a7ca1
20002fe4:	104f1744 	.word	0x104f1744
20002fe8:	36b03751 	.word	0x36b03751
20002fec:	82743e68 	.word	0x82743e68
20002ff0:	ac8037a6 	.word	0xac8037a6
20002ff4:	b09f285f 	.word	0xb09f285f
20002ff8:	2058e703 	.word	0x2058e703
20002ffc:	c6a65b5f 	.word	0xc6a65b5f
20003000:	bf74868f 	.word	0xbf74868f
20003004:	bfaef8e2 	.word	0xbfaef8e2
20003008:	b11f082a 	.word	0xb11f082a
2000300c:	a743bf64 	.word	0xa743bf64
20003010:	34667978 	.word	0x34667978
20003014:	34962c3c 	.word	0x34962c3c
20003018:	2734c527 	.word	0x2734c527
2000301c:	5f17345c 	.word	0x5f17345c
20003020:	72271578 	.word	0x72271578
20003024:	075661c8 	.word	0x075661c8
20003028:	69774c12 	.word	0x69774c12
2000302c:	069646ea 	.word	0x069646ea
20003030:	f72f8d47 	.word	0xf72f8d47
20003034:	48579641 	.word	0x48579641
20003038:	7f310e5e 	.word	0x7f310e5e
2000303c:	1700027b 	.word	0x1700027b
20003040:	64c7a848 	.word	0x64c7a848
20003044:	53502f30 	.word	0x53502f30
20003048:	41470e6c 	.word	0x41470e6c
2000304c:	1e3adf0e 	.word	0x1e3adf0e
20003050:	8047a6c8 	.word	0x8047a6c8
20003054:	d701bfd6 	.word	0xd701bfd6
20003058:	ed484143 	.word	0xed484143
2000305c:	326f4c26 	.word	0x326f4c26
20003060:	95885c11 	.word	0x95885c11
20003064:	8fdc24d4 	.word	0x8fdc24d4
20003068:	a7c02561 	.word	0xa7c02561
2000306c:	173fc4c1 	.word	0x173fc4c1
20003070:	77a55b08 	.word	0x77a55b08
20003074:	4b2ba76e 	.word	0x4b2ba76e
20003078:	c08f0ea6 	.word	0xc08f0ea6
2000307c:	2f1db88f 	.word	0x2f1db88f
20003080:	53492d13 	.word	0x53492d13
20003084:	71582bdf 	.word	0x71582bdf
20003088:	a72e2caf 	.word	0xa72e2caf
2000308c:	a3e140d6 	.word	0xa3e140d6
20003090:	524aa4bf 	.word	0x524aa4bf
20003094:	4e1fe9ef 	.word	0x4e1fe9ef
20003098:	48b988e4 	.word	0x48b988e4
2000309c:	55d20de4 	.word	0x55d20de4
200030a0:	36776c77 	.word	0x36776c77
200030a4:	90813702 	.word	0x90813702
200030a8:	f242a420 	.word	0xf242a420
200030ac:	05dca4ed 	.word	0x05dca4ed
200030b0:	7706202f 	.word	0x7706202f
200030b4:	0f0a01ab 	.word	0x0f0a01ab
200030b8:	c06f33ac 	.word	0xc06f33ac
200030bc:	80873001 	.word	0x80873001
200030c0:	4cc09f9a 	.word	0x4cc09f9a
200030c4:	8fc37cbf 	.word	0x8fc37cbf
200030c8:	671a0110 	.word	0x671a0110
200030cc:	c726f460 	.word	0xc726f460
200030d0:	10bfd425 	.word	0x10bfd425
200030d4:	1453af21 	.word	0x1453af21
200030d8:	48af3542 	.word	0x48af3542
200030dc:	2ff7ad12 	.word	0x2ff7ad12
200030e0:	b770838e 	.word	0xb770838e
200030e4:	178c44ec 	.word	0x178c44ec
200030e8:	66877f31 	.word	0x66877f31
200030ec:	1ee84800 	.word	0x1ee84800
200030f0:	04ac43cc 	.word	0x04ac43cc
200030f4:	9cc4e7aa 	.word	0x9cc4e7aa
200030f8:	6f0d168f 	.word	0x6f0d168f
200030fc:	0000c00a 	.word	0x0000c00a
20003100:	cb878143 	.word	0xcb878143
20003104:	0609ffff 	.word	0x0609ffff
20003108:	0009b8b7 	.word	0x0009b8b7
2000310c:	70c05774 	.word	0x70c05774
20003110:	2507a411 	.word	0x2507a411
20003114:	f130465e 	.word	0xf130465e
20003118:	e01440ff 	.word	0xe01440ff
2000311c:	aa484067 	.word	0xaa484067
20003120:	000df8af 	.word	0x000df8af
20003124:	6f140900 	.word	0x6f140900
20003128:	c000434e 	.word	0xc000434e
2000312c:	af0ad3ff 	.word	0xaf0ad3ff
20003130:	ff98445d 	.word	0xff98445d
20003134:	231f0494 	.word	0x231f0494
20003138:	ed307616 	.word	0xed307616
2000313c:	092c070a 	.word	0x092c070a
20003140:	bd814fc5 	.word	0xbd814fc5
20003144:	96f0609e 	.word	0x96f0609e
20003148:	3d873720 	.word	0x3d873720
2000314c:	4f401170 	.word	0x4f401170
20003150:	1140404f 	.word	0x1140404f
20003154:	3893eff5 	.word	0x3893eff5
20003158:	bf63c24f 	.word	0xbf63c24f
2000315c:	2148b71d 	.word	0x2148b71d
20003160:	3043d807 	.word	0x3043d807
20003164:	63e65b27 	.word	0x63e65b27
20003168:	e6d10834 	.word	0xe6d10834
2000316c:	5f45ad1f 	.word	0x5f45ad1f
20003170:	370e50c6 	.word	0x370e50c6
20003174:	4aafc2c0 	.word	0x4aafc2c0
20003178:	ffd6778b 	.word	0xffd6778b
2000317c:	e91fc5ff 	.word	0xe91fc5ff
20003180:	77811c40 	.word	0x77811c40
20003184:	e7077081 	.word	0xe7077081
20003188:	83969038 	.word	0x83969038
2000318c:	0e860f83 	.word	0x0e860f83
20003190:	02802b07 	.word	0x02802b07
20003194:	2d587795 	.word	0x2d587795
20003198:	3f56258f 	.word	0x3f56258f
2000319c:	b1e7e004 	.word	0xb1e7e004
200031a0:	2d569793 	.word	0x2d569793
200031a4:	620074c7 	.word	0x620074c7
200031a8:	2f164037 	.word	0x2f164037
200031ac:	1d4e7008 	.word	0x1d4e7008
200031b0:	170b89a7 	.word	0x170b89a7
200031b4:	1067dd11 	.word	0x1067dd11
200031b8:	5781a043 	.word	0x5781a043
200031bc:	80c01761 	.word	0x80c01761
200031c0:	3fe91800 	.word	0x3fe91800
200031c4:	e0408f77 	.word	0xe0408f77
200031c8:	0e000213 	.word	0x0e000213
200031cc:	5f350487 	.word	0x5f350487
200031d0:	117502c9 	.word	0x117502c9
200031d4:	503b7f56 	.word	0x503b7f56
200031d8:	18b02402 	.word	0x18b02402
200031dc:	30447d67 	.word	0x30447d67
200031e0:	a37fab18 	.word	0xa37fab18
200031e4:	7f61e625 	.word	0x7f61e625
200031e8:	0732cf0c 	.word	0x0732cf0c
200031ec:	aed08505 	.word	0xaed08505
200031f0:	307fc418 	.word	0x307fc418
200031f4:	af380401 	.word	0xaf380401
200031f8:	713edf4c 	.word	0x713edf4c
200031fc:	28a04011 	.word	0x28a04011
20003200:	10357c1f 	.word	0x10357c1f
20003204:	3805a043 	.word	0x3805a043
20003208:	5f0c0be7 	.word	0x5f0c0be7
2000320c:	0b9137a6 	.word	0x0b9137a6
20003210:	324f0d97 	.word	0x324f0d97
20003214:	67a01a44 	.word	0x67a01a44
20003218:	525f2040 	.word	0x525f2040
2000321c:	9c6187c5 	.word	0x9c6187c5
20003220:	618042cf 	.word	0x618042cf
20003224:	626b67c1 	.word	0x626b67c1
20003228:	2cf8226f 	.word	0x2cf8226f
2000322c:	d10ac700 	.word	0xd10ac700
20003230:	7f3537e7 	.word	0x7f3537e7
20003234:	ff8f0242 	.word	0xff8f0242
20003238:	6e02671e 	.word	0x6e02671e
2000323c:	b095e027 	.word	0xb095e027
20003240:	17ae8007 	.word	0x17ae8007
20003244:	842f8b71 	.word	0x842f8b71
20003248:	10ff9970 	.word	0x10ff9970
2000324c:	2ac3af75 	.word	0x2ac3af75
20003250:	4e245de7 	.word	0x4e245de7
20003254:	b63690bf 	.word	0xb63690bf
20003258:	63d36e76 	.word	0x63d36e76
2000325c:	280c9f90 	.word	0x280c9f90
20003260:	766b2750 	.word	0x766b2750
20003264:	eac7112f 	.word	0xeac7112f
20003268:	16072a30 	.word	0x16072a30
2000326c:	36575caf 	.word	0x36575caf
20003270:	06008f6f 	.word	0x06008f6f
20003274:	d674260d 	.word	0xd674260d
20003278:	e7cc06e1 	.word	0xe7cc06e1
2000327c:	0ca87f0b 	.word	0x0ca87f0b
20003280:	a009470a 	.word	0xa009470a
20003284:	57973a10 	.word	0x57973a10
20003288:	53c5a097 	.word	0x53c5a097
2000328c:	71082817 	.word	0x71082817
20003290:	6f181297 	.word	0x6f181297
20003294:	e074c641 	.word	0xe074c641
20003298:	57812c00 	.word	0x57812c00
2000329c:	46e2c148 	.word	0x46e2c148
200032a0:	d1063219 	.word	0xd1063219
200032a4:	e2509faf 	.word	0xe2509faf
200032a8:	0637515b 	.word	0x0637515b
200032ac:	057f6416 	.word	0x057f6416
200032b0:	4310c7fe 	.word	0x4310c7fe
200032b4:	876a22ac 	.word	0x876a22ac
200032b8:	71d715b0 	.word	0x71d715b0
200032bc:	5ac7d83c 	.word	0x5ac7d83c
200032c0:	edfdc7bc 	.word	0xedfdc7bc
200032c4:	3aaf8a0d 	.word	0x3aaf8a0d
200032c8:	57a59338 	.word	0x57a59338
200032cc:	ce6f5605 	.word	0xce6f5605
200032d0:	828fc62f 	.word	0x828fc62f
200032d4:	baa067ae 	.word	0xbaa067ae
200032d8:	4000f5cf 	.word	0x4000f5cf
200032dc:	765b6f13 	.word	0x765b6f13
200032e0:	229ee000 	.word	0x229ee000
200032e4:	5488d11f 	.word	0x5488d11f
200032e8:	62e7d404 	.word	0x62e7d404
200032ec:	c0302f86 	.word	0xc0302f86
200032f0:	9206865f 	.word	0x9206865f
200032f4:	8784c2b6 	.word	0x8784c2b6
200032f8:	19078605 	.word	0x19078605
200032fc:	2fc5023c 	.word	0x2fc5023c
20003300:	47aba110 	.word	0x47aba110
20003304:	1a867a58 	.word	0x1a867a58
20003308:	532c46e0 	.word	0x532c46e0
2000330c:	77557497 	.word	0x77557497
20003310:	9e0f73db 	.word	0x9e0f73db
20003314:	a9a02472 	.word	0xa9a02472
20003318:	aa20818f 	.word	0xaa20818f
2000331c:	c6bc948f 	.word	0xc6bc948f
20003320:	800e6821 	.word	0x800e6821
20003324:	151060e7 	.word	0x151060e7
20003328:	0050e82f 	.word	0x0050e82f
2000332c:	8aa50fa6 	.word	0x8aa50fa6
20003330:	2293684f 	.word	0x2293684f
20003334:	067fd85f 	.word	0x067fd85f
20003338:	e7c79a24 	.word	0xe7c79a24
2000333c:	0d274d24 	.word	0x0d274d24
20003340:	e3bf820a 	.word	0xe3bf820a
20003344:	d3ff5490 	.word	0xd3ff5490
20003348:	cc68e773 	.word	0xcc68e773
2000334c:	7335b7bf 	.word	0x7335b7bf
20003350:	b1711f5d 	.word	0xb1711f5d
20003354:	864e9d37 	.word	0x864e9d37
20003358:	724e7237 	.word	0x724e7237
2000335c:	3f25064e 	.word	0x3f25064e
20003360:	46dc884a 	.word	0x46dc884a
20003364:	ef2b063f 	.word	0xef2b063f
20003368:	e26d4f61 	.word	0xe26d4f61
2000336c:	87880002 	.word	0x87880002
20003370:	6ef7026d 	.word	0x6ef7026d
20003374:	11148537 	.word	0x11148537
20003378:	e7a0209f 	.word	0xe7a0209f
2000337c:	e4020919 	.word	0xe4020919
20003380:	43f80856 	.word	0x43f80856
20003384:	31435a90 	.word	0x31435a90
20003388:	0f86210f 	.word	0x0f86210f
2000338c:	c1d70a48 	.word	0xc1d70a48
20003390:	b68a0877 	.word	0xb68a0877
20003394:	b72c2c56 	.word	0xb72c2c56
20003398:	bfb840c2 	.word	0xbfb840c2
2000339c:	2c6faa2c 	.word	0x2c6faa2c
200033a0:	81208710 	.word	0x81208710
200033a4:	2f66015f 	.word	0x2f66015f
200033a8:	5a40f7d8 	.word	0x5a40f7d8
200033ac:	b0153ee0 	.word	0xb0153ee0
200033b0:	c8d7404f 	.word	0xc8d7404f
200033b4:	73ce0521 	.word	0x73ce0521
200033b8:	9fa89fc0 	.word	0x9fa89fc0
200033bc:	19ffd056 	.word	0x19ffd056
200033c0:	74bcdf83 	.word	0x74bcdf83
200033c4:	b7620e56 	.word	0xb7620e56
200033c8:	58170b9b 	.word	0x58170b9b
200033cc:	8656e7d5 	.word	0x8656e7d5
200033d0:	74b60f2b 	.word	0x74b60f2b
200033d4:	0fec82cf 	.word	0x0fec82cf
200033d8:	0bfef521 	.word	0x0bfef521
200033dc:	ea049f17 	.word	0xea049f17
200033e0:	5f2effff 	.word	0x5f2effff
200033e4:	565f8730 	.word	0x565f8730
200033e8:	f2d6f814 	.word	0xf2d6f814
200033ec:	b761572b 	.word	0xb761572b
200033f0:	0bf70782 	.word	0x0bf70782
200033f4:	600f3110 	.word	0x600f3110
200033f8:	1ec74008 	.word	0x1ec74008
200033fc:	6fb88fc4 	.word	0x6fb88fc4
20003400:	08267611 	.word	0x08267611
20003404:	13c7864f 	.word	0x13c7864f
20003408:	ff5261e6 	.word	0xff5261e6
2000340c:	4a0fc725 	.word	0x4a0fc725
20003410:	50ae5041 	.word	0x50ae5041
20003414:	05046f56 	.word	0x05046f56
20003418:	77d01617 	.word	0x77d01617
2000341c:	851545c8 	.word	0x851545c8
20003420:	02078f2d 	.word	0x02078f2d
20003424:	c500df02 	.word	0xc500df02
20003428:	1040bd8f 	.word	0x1040bd8f
2000342c:	5780a043 	.word	0x5780a043
20003430:	b1020219 	.word	0xb1020219
20003434:	c190163a 	.word	0xc190163a
20003438:	80410dff 	.word	0x80410dff
2000343c:	2a41b9a7 	.word	0x2a41b9a7
20003440:	a61400e2 	.word	0xa61400e2
20003444:	679a2538 	.word	0x679a2538
20003448:	c3075550 	.word	0xc3075550
2000344c:	63057f26 	.word	0x63057f26
20003450:	40e2df71 	.word	0x40e2df71
20003454:	b28731ac 	.word	0xb28731ac
20003458:	67adcb16 	.word	0x67adcb16
2000345c:	cf165f80 	.word	0xcf165f80
20003460:	4f108ba1 	.word	0x4f108ba1
20003464:	eea25603 	.word	0xeea25603
20003468:	443ce39e 	.word	0x443ce39e
2000346c:	817f1d22 	.word	0x817f1d22
20003470:	07e008c7 	.word	0x07e008c7
20003474:	4de3ff71 	.word	0x4de3ff71
20003478:	4f26e132 	.word	0x4f26e132
2000347c:	c442ee2b 	.word	0xc442ee2b
20003480:	409f63ee 	.word	0x409f63ee
20003484:	1c409fbd 	.word	0x1c409fbd
20003488:	90099218 	.word	0x90099218
2000348c:	377a94af 	.word	0x377a94af
20003490:	105fa781 	.word	0x105fa781
20003494:	5f501102 	.word	0x5f501102
20003498:	0c6e3c2b 	.word	0x0c6e3c2b
2000349c:	832f5261 	.word	0x832f5261
200034a0:	c72e61b7 	.word	0xc72e61b7
200034a4:	af0a04e8 	.word	0xaf0a04e8
200034a8:	0fb71109 	.word	0x0fb71109
200034ac:	cc1d506f 	.word	0xcc1d506f
200034b0:	47c75bd7 	.word	0x47c75bd7
200034b4:	11008162 	.word	0x11008162
200034b8:	8120176f 	.word	0x8120176f
200034bc:	2016d020 	.word	0x2016d020
200034c0:	a057e304 	.word	0xa057e304
200034c4:	44af2a14 	.word	0x44af2a14
200034c8:	1216771c 	.word	0x1216771c
200034cc:	c6288e6d 	.word	0xc6288e6d
200034d0:	c4a74468 	.word	0xc4a74468
200034d4:	908f681c 	.word	0x908f681c
200034d8:	e4a5ae9f 	.word	0xe4a5ae9f
200034dc:	60ff541a 	.word	0x60ff541a
200034e0:	d177d804 	.word	0xd177d804
200034e4:	96c01fbc 	.word	0x96c01fbc
200034e8:	30372a05 	.word	0x30372a05
200034ec:	971dffc2 	.word	0x971dffc2
200034f0:	4201e2d0 	.word	0x4201e2d0
200034f4:	691f8934 	.word	0x691f8934
200034f8:	020290c7 	.word	0x020290c7
200034fc:	902b84e4 	.word	0x902b84e4
20003500:	44d90203 	.word	0x44d90203
20003504:	bf4ac7a4 	.word	0xbf4ac7a4
20003508:	68a647ae 	.word	0x68a647ae
2000350c:	d048a68f 	.word	0xd048a68f
20003510:	49495d77 	.word	0x49495d77
20003514:	0848b750 	.word	0x0848b750
20003518:	a616c735 	.word	0xa616c735
2000351c:	44aeb768 	.word	0x44aeb768
20003520:	a63f62b0 	.word	0xa63f62b0
20003524:	abcf0857 	.word	0xabcf0857
20003528:	82375686 	.word	0x82375686
2000352c:	ed8a09e4 	.word	0xed8a09e4
20003530:	c915770b 	.word	0xc915770b
20003534:	0dd6150c 	.word	0x0dd6150c
20003538:	ac508715 	.word	0xac508715
2000353c:	d7005718 	.word	0xd7005718
20003540:	66c740e8 	.word	0x66c740e8
20003544:	24a1961e 	.word	0x24a1961e
20003548:	a7600f89 	.word	0xa7600f89
2000354c:	87c04c84 	.word	0x87c04c84
20003550:	100202e0 	.word	0x100202e0
20003554:	0b2c7077 	.word	0x0b2c7077
20003558:	e7154bff 	.word	0xe7154bff
2000355c:	c2a61581 	.word	0xc2a61581
20003560:	541f2201 	.word	0x541f2201
20003564:	0fb877e2 	.word	0x0fb877e2
20003568:	fa665a81 	.word	0xfa665a81
2000356c:	b0074517 	.word	0xb0074517
20003570:	070f0e04 	.word	0x070f0e04
20003574:	48882524 	.word	0x48882524
20003578:	2402a8fa 	.word	0x2402a8fa
2000357c:	e65e37e0 	.word	0xe65e37e0
20003580:	6eef0324 	.word	0x6eef0324
20003584:	37ac11cf 	.word	0x37ac11cf
20003588:	b7ff9a04 	.word	0xb7ff9a04
2000358c:	97d700e7 	.word	0x97d700e7
20003590:	8000df36 	.word	0x8000df36
20003594:	11fd00bf 	.word	0x11fd00bf
20003598:	28210005 	.word	0x28210005
2000359c:	281aac45 	.word	0x281aac45
200035a0:	0bc6bb0e 	.word	0x0bc6bb0e
200035a4:	2021ed3c 	.word	0x2021ed3c
200035a8:	40606e85 	.word	0x40606e85
200035ac:	96be6fe0 	.word	0x96be6fe0
200035b0:	7bd424ce 	.word	0x7bd424ce
200035b4:	0f4cff6b 	.word	0x0f4cff6b
200035b8:	07404024 	.word	0x07404024
200035bc:	6b064e66 	.word	0x6b064e66
200035c0:	028241d4 	.word	0x028241d4
200035c4:	16c0bf1e 	.word	0x16c0bf1e
200035c8:	c0250168 	.word	0xc0250168
200035cc:	b6ac8050 	.word	0xb6ac8050
200035d0:	066628ed 	.word	0x066628ed
200035d4:	070a8da9 	.word	0x070a8da9
200035d8:	4eb00ac4 	.word	0x4eb00ac4
200035dc:	fea00805 	.word	0xfea00805
200035e0:	2923002e 	.word	0x2923002e
200035e4:	2c6360de 	.word	0x2c6360de
200035e8:	e4c01940 	.word	0xe4c01940
200035ec:	04e10eb0 	.word	0x04e10eb0
200035f0:	3463af4e 	.word	0x3463af4e
200035f4:	9a65a0d1 	.word	0x9a65a0d1
200035f8:	3e1e451e 	.word	0x3e1e451e
200035fc:	ffe40b29 	.word	0xffe40b29
20003600:	3015b6c9 	.word	0x3015b6c9
20003604:	06d7254a 	.word	0x06d7254a
20003608:	84fdce8c 	.word	0x84fdce8c
2000360c:	8fffe524 	.word	0x8fffe524
20003610:	e72ebe15 	.word	0xe72ebe15
20003614:	0510c224 	.word	0x0510c224
20003618:	3ba356f5 	.word	0x3ba356f5
2000361c:	861060fe 	.word	0x861060fe
20003620:	24779701 	.word	0x24779701
20003624:	039f1e20 	.word	0x039f1e20
20003628:	a3960040 	.word	0xa3960040
2000362c:	1fe1af1c 	.word	0x1fe1af1c
20003630:	88c2bf88 	.word	0x88c2bf88
20003634:	0296aec1 	.word	0x0296aec1
20003638:	000a1fc7 	.word	0x000a1fc7
2000363c:	0f7711a0 	.word	0x0f7711a0
20003640:	8260ffe3 	.word	0x8260ffe3
20003644:	0984da14 	.word	0x0984da14
20003648:	01025658 	.word	0x01025658
2000364c:	22026761 	.word	0x22026761
20003650:	0bfe06ce 	.word	0x0bfe06ce
20003654:	60ffdc0e 	.word	0x60ffdc0e
20003658:	e63b02cc 	.word	0xe63b02cc
2000365c:	aeb00eda 	.word	0xaeb00eda
20003660:	8f8d3624 	.word	0x8f8d3624
20003664:	8c43d208 	.word	0x8c43d208
20003668:	b004068e 	.word	0xb004068e
2000366c:	81be25ae 	.word	0x81be25ae
20003670:	a771ae2c 	.word	0xa771ae2c
20003674:	0219dbbb 	.word	0x0219dbbb
20003678:	0c97580a 	.word	0x0c97580a
2000367c:	0f433e19 	.word	0x0f433e19
20003680:	63c9b878 	.word	0x63c9b878
20003684:	07be8b24 	.word	0x07be8b24
20003688:	f644112c 	.word	0xf644112c
2000368c:	808132bf 	.word	0x808132bf
20003690:	e722d73e 	.word	0xe722d73e
20003694:	0f392726 	.word	0x0f392726
20003698:	17f2cb04 	.word	0x17f2cb04
2000369c:	c23c05ee 	.word	0xc23c05ee
200036a0:	307e37be 	.word	0x307e37be
200036a4:	371a35c2 	.word	0x371a35c2
200036a8:	063023ca 	.word	0x063023ca
200036ac:	6e0a6f7b 	.word	0x6e0a6f7b
200036b0:	e19724c6 	.word	0xe19724c6
200036b4:	684610f0 	.word	0x684610f0
200036b8:	10f48f6f 	.word	0x10f48f6f
200036bc:	ecf7aca4 	.word	0xecf7aca4
200036c0:	5fac6210 	.word	0x5fac6210
200036c4:	10f82f3b 	.word	0x10f82f3b
200036c8:	e8aca0ee 	.word	0xe8aca0ee
200036cc:	3e77041e 	.word	0x3e77041e
200036d0:	473f0b1f 	.word	0x473f0b1f
200036d4:	e4dc6643 	.word	0xe4dc6643
200036d8:	f6616926 	.word	0xf6616926
200036dc:	24b7dc44 	.word	0x24b7dc44
200036e0:	bf679d0c 	.word	0xbf679d0c
200036e4:	48379403 	.word	0x48379403
200036e8:	02446c77 	.word	0x02446c77
200036ec:	34473740 	.word	0x34473740
200036f0:	06fdf00c 	.word	0x06fdf00c
200036f4:	84408260 	.word	0x84408260
200036f8:	8f517d3f 	.word	0x8f517d3f
200036fc:	ef24043f 	.word	0xef24043f
20003700:	1e802027 	.word	0x1e802027
20003704:	60552d03 	.word	0x60552d03
20003708:	8316e564 	.word	0x8316e564
2000370c:	c23e2d8d 	.word	0xc23e2d8d
20003710:	8017db5f 	.word	0x8017db5f
20003714:	5a5afebf 	.word	0x5a5afebf
20003718:	699294ee 	.word	0x699294ee
2000371c:	1e34bdbf 	.word	0x1e34bdbf
20003720:	479f84a4 	.word	0x479f84a4
20003724:	1054d63e 	.word	0x1054d63e
20003728:	02bddfc7 	.word	0x02bddfc7
2000372c:	bb1f955f 	.word	0xbb1f955f
20003730:	9642ba67 	.word	0x9642ba67
20003734:	089f6733 	.word	0x089f6733
20003738:	a730b770 	.word	0xa730b770
2000373c:	b58abf70 	.word	0xb58abf70
20003740:	01bf8bb7 	.word	0x01bf8bb7
20003744:	87e9bf76 	.word	0x87e9bf76
20003748:	9cb7c150 	.word	0x9cb7c150
2000374c:	6cb70887 	.word	0x6cb70887
20003750:	0798eed4 	.word	0x0798eed4
20003754:	6ff02471 	.word	0x6ff02471
20003758:	14ac1e86 	.word	0x14ac1e86
2000375c:	77e63657 	.word	0x77e63657
20003760:	16850fdc 	.word	0x16850fdc
20003764:	0c280fbe 	.word	0x0c280fbe
20003768:	86dd699c 	.word	0x86dd699c
2000376c:	1d052a00 	.word	0x1d052a00
20003770:	37bca2c6 	.word	0x37bca2c6
20003774:	673d00a4 	.word	0x673d00a4
20003778:	107ef865 	.word	0x107ef865
2000377c:	736f6344 	.word	0x736f6344
20003780:	05435ae7 	.word	0x05435ae7
20003784:	10d8fcdf 	.word	0x10d8fcdf
20003788:	c6178c64 	.word	0xc6178c64
2000378c:	7b04a445 	.word	0x7b04a445
20003790:	cf0e5e1e 	.word	0xcf0e5e1e
20003794:	053c58ce 	.word	0x053c58ce
20003798:	80c52fec 	.word	0x80c52fec
2000379c:	a277c507 	.word	0xa277c507
200037a0:	1c6fe3d8 	.word	0x1c6fe3d8
200037a4:	cf2d40ef 	.word	0xcf2d40ef
200037a8:	ac43d810 	.word	0xac43d810
200037ac:	40120697 	.word	0x40120697
200037b0:	408f9bad 	.word	0x408f9bad
200037b4:	3458fc17 	.word	0x3458fc17
200037b8:	d7308042 	.word	0xd7308042
200037bc:	c8ddcfb0 	.word	0xc8ddcfb0
200037c0:	2527dcc6 	.word	0x2527dcc6
200037c4:	4f560010 	.word	0x4f560010
200037c8:	a33776ce 	.word	0xa33776ce
200037cc:	18dab6fe 	.word	0x18dab6fe
200037d0:	52423708 	.word	0x52423708
200037d4:	278b3785 	.word	0x278b3785
200037d8:	0c401e69 	.word	0x0c401e69
200037dc:	c2866004 	.word	0xc2866004
200037e0:	1eb6874f 	.word	0x1eb6874f
200037e4:	4400137f 	.word	0x4400137f
200037e8:	63086010 	.word	0x63086010
200037ec:	66768102 	.word	0x66768102
200037f0:	60f0e02e 	.word	0x60f0e02e
200037f4:	4b2fc2ac 	.word	0x4b2fc2ac
200037f8:	5f5e833a 	.word	0x5f5e833a
200037fc:	bf431e9a 	.word	0xbf431e9a
20003800:	5d282366 	.word	0x5d282366
20003804:	1676205e 	.word	0x1676205e
20003808:	3765b11e 	.word	0x3765b11e
2000380c:	05621cc9 	.word	0x05621cc9
20003810:	361c06f7 	.word	0x361c06f7
20003814:	ac7618bd 	.word	0xac7618bd
20003818:	ee47ae87 	.word	0xee47ae87
2000381c:	f6961628 	.word	0xf6961628
20003820:	2608ff57 	.word	0x2608ff57
20003824:	ac0996ab 	.word	0xac0996ab
20003828:	1d0a0160 	.word	0x1d0a0160
2000382c:	cd288396 	.word	0xcd288396
20003830:	2e5468df 	.word	0x2e5468df
20003834:	8b871a30 	.word	0x8b871a30
20003838:	011820ba 	.word	0x011820ba
2000383c:	38213d0f 	.word	0x38213d0f
20003840:	e76e5e66 	.word	0xe76e5e66
20003844:	abc7b980 	.word	0xabc7b980
20003848:	0ff5dfe0 	.word	0x0ff5dfe0
2000384c:	ef58e900 	.word	0xef58e900
20003850:	382a362f 	.word	0x382a362f
20003854:	02b600a3 	.word	0x02b600a3
20003858:	4e76302f 	.word	0x4e76302f
2000385c:	f3964d26 	.word	0xf3964d26
20003860:	14caffee 	.word	0x14caffee
20003864:	182bfa6f 	.word	0x182bfa6f
20003868:	ec020045 	.word	0xec020045
2000386c:	c6ae2d47 	.word	0xc6ae2d47
20003870:	0c463ee5 	.word	0x0c463ee5
20003874:	fef6cebe 	.word	0xfef6cebe
20003878:	0018250e 	.word	0x0018250e
2000387c:	118f1800 	.word	0x118f1800
20003880:	23ac6fec 	.word	0x23ac6fec
20003884:	703e1c04 	.word	0x703e1c04
20003888:	8f870d76 	.word	0x8f870d76
2000388c:	11a7062f 	.word	0x11a7062f
20003890:	194f27e6 	.word	0x194f27e6
20003894:	40bc00a8 	.word	0x40bc00a8
20003898:	a0309511 	.word	0xa0309511
2000389c:	df060e05 	.word	0xdf060e05
200038a0:	0e804861 	.word	0x0e804861
200038a4:	e7ac7244 	.word	0xe7ac7244
200038a8:	42bfec19 	.word	0x42bfec19
200038ac:	3c09eeee 	.word	0x3c09eeee
200038b0:	0afcdddd 	.word	0x0afcdddd
200038b4:	07cccc3c 	.word	0x07cccc3c
200038b8:	6276373c 	.word	0x6276373c
200038bc:	10f7b084 	.word	0x10f7b084
200038c0:	2e038cab 	.word	0x2e038cab
200038c4:	063403e0 	.word	0x063403e0
200038c8:	293ecfed 	.word	0x293ecfed
200038cc:	0c6635b6 	.word	0x0c6635b6
200038d0:	4a46d924 	.word	0x4a46d924
200038d4:	34e7b435 	.word	0x34e7b435
200038d8:	0c90f7a7 	.word	0x0c90f7a7
200038dc:	f8a88247 	.word	0xf8a88247
200038e0:	182a0441 	.word	0x182a0441
200038e4:	0196cf46 	.word	0x0196cf46
200038e8:	38820f70 	.word	0x38820f70
200038ec:	165b53c6 	.word	0x165b53c6
200038f0:	010f9cf7 	.word	0x010f9cf7
200038f4:	e696925f 	.word	0xe696925f
200038f8:	01630edc 	.word	0x01630edc
200038fc:	574f6500 	.word	0x574f6500
20003900:	0f69ffef 	.word	0x0f69ffef
20003904:	ffedef4f 	.word	0xffedef4f
20003908:	ebe50f6c 	.word	0xebe50f6c
2000390c:	e9fa6aff 	.word	0xe9fa6aff
20003910:	e11067ff 	.word	0xe11067ff
20003914:	a20e055f 	.word	0xa20e055f
20003918:	8161cf54 	.word	0x8161cf54
2000391c:	108cd177 	.word	0x108cd177
20003920:	bb060327 	.word	0xbb060327
20003924:	c5accf3c 	.word	0xc5accf3c
20003928:	3e090e14 	.word	0x3e090e14
2000392c:	29de5724 	.word	0x29de5724
20003930:	a628dede 	.word	0xa628dede
20003934:	3703a332 	.word	0x3703a332
20003938:	7f14673b 	.word	0x7f14673b
2000393c:	46854f0b 	.word	0x46854f0b
20003940:	8ee88354 	.word	0x8ee88354
20003944:	f7521960 	.word	0xf7521960
20003948:	a42747cb 	.word	0xa42747cb
2000394c:	57f2c605 	.word	0x57f2c605
20003950:	b5ed36b8 	.word	0xb5ed36b8
20003954:	ecd72766 	.word	0xecd72766
20003958:	184cd782 	.word	0x184cd782
2000395c:	06260596 	.word	0x06260596
20003960:	93de040e 	.word	0x93de040e
20003964:	a7d7379a 	.word	0xa7d7379a
20003968:	26c02821 	.word	0x26c02821
2000396c:	e4d72ee6 	.word	0xe4d72ee6
20003970:	05265e45 	.word	0x05265e45
20003974:	42c75e60 	.word	0x42c75e60
20003978:	ff2b0080 	.word	0xff2b0080
2000397c:	0081bf1e 	.word	0x0081bf1e
20003980:	ede92e0a 	.word	0xede92e0a
20003984:	30031ef7 	.word	0x30031ef7
20003988:	4a8561b7 	.word	0x4a8561b7
2000398c:	ff6801b6 	.word	0xff6801b6
20003990:	847e7007 	.word	0x847e7007
20003994:	3f43b7f5 	.word	0x3f43b7f5
20003998:	6710786f 	.word	0x6710786f
2000399c:	1f324f1e 	.word	0x1f324f1e
200039a0:	b86f4616 	.word	0xb86f4616
200039a4:	c04df78c 	.word	0xc04df78c
200039a8:	4517838e 	.word	0x4517838e
200039ac:	b403a23e 	.word	0xb403a23e
200039b0:	4c00820e 	.word	0x4c00820e
200039b4:	4c05c6b7 	.word	0x4c05c6b7
200039b8:	3e01e617 	.word	0x3e01e617
200039bc:	ccdee0df 	.word	0xccdee0df
200039c0:	770adfef 	.word	0x770adfef
200039c4:	475ac017 	.word	0x475ac017
200039c8:	43065e4f 	.word	0x43065e4f
200039cc:	bea0a779 	.word	0xbea0a779
200039d0:	a53effe5 	.word	0xa53effe5
200039d4:	a6fffd24 	.word	0xa6fffd24
200039d8:	ff220114 	.word	0xff220114
200039dc:	f6804ce0 	.word	0xf6804ce0
200039e0:	5900c7f7 	.word	0x5900c7f7
200039e4:	d9d71406 	.word	0xd9d71406
200039e8:	0c933e5a 	.word	0x0c933e5a
200039ec:	40216ec6 	.word	0x40216ec6
200039f0:	810adacf 	.word	0x810adacf
200039f4:	76154b0e 	.word	0x76154b0e
200039f8:	fba7a843 	.word	0xfba7a843
200039fc:	6e49fffa 	.word	0x6e49fffa
20003a00:	72a10af9 	.word	0x72a10af9
20003a04:	6463b56f 	.word	0x6463b56f
20003a08:	5a578e27 	.word	0x5a578e27
20003a0c:	3a6d69d6 	.word	0x3a6d69d6
20003a10:	e2eb362b 	.word	0xe2eb362b
20003a14:	073a5ca4 	.word	0x073a5ca4
20003a18:	afa7f5e2 	.word	0xafa7f5e2
20003a1c:	665ac716 	.word	0x665ac716
20003a20:	5e54263e 	.word	0x5e54263e
20003a24:	00c4963b 	.word	0x00c4963b
20003a28:	f02f118a 	.word	0xf02f118a
20003a2c:	e2381900 	.word	0xe2381900
20003a30:	861da42a 	.word	0x861da42a
20003a34:	fffd09a3 	.word	0xfffd09a3
20003a38:	a0a047ff 	.word	0xa0a047ff
20003a3c:	8ffe671c 	.word	0x8ffe671c
20003a40:	14e0fffb 	.word	0x14e0fffb
20003a44:	c21837af 	.word	0xc21837af
20003a48:	47ad0086 	.word	0x47ad0086
20003a4c:	a0ba8266 	.word	0xa0ba8266
20003a50:	b70fee4f 	.word	0xb70fee4f
20003a54:	6f102c84 	.word	0x6f102c84
20003a58:	6e365ce9 	.word	0x6e365ce9
20003a5c:	4420dff6 	.word	0x4420dff6
20003a60:	0d90838e 	.word	0x0d90838e
20003a64:	90ee8292 	.word	0x90ee8292
20003a68:	b2341a00 	.word	0xb2341a00
20003a6c:	ce9d3ef0 	.word	0xce9d3ef0
20003a70:	00001fdb 	.word	0x00001fdb
20003a74:	f803e417 	.word	0xf803e417
20003a78:	6c021600 	.word	0x6c021600
20003a7c:	17fb058f 	.word	0x17fb058f
20003a80:	90600e8d 	.word	0x90600e8d
20003a84:	155e18f0 	.word	0x155e18f0
20003a88:	501eb87f 	.word	0x501eb87f
20003a8c:	367df77c 	.word	0x367df77c
20003a90:	4ee128c8 	.word	0x4ee128c8
20003a94:	06206e32 	.word	0x06206e32
20003a98:	a5c12623 	.word	0xa5c12623
20003a9c:	b106e23f 	.word	0xb106e23f
20003aa0:	4816dbdf 	.word	0x4816dbdf
20003aa4:	11c3d22c 	.word	0x11c3d22c
20003aa8:	14663af7 	.word	0x14663af7
20003aac:	0263af20 	.word	0x0263af20
20003ab0:	b73b77b0 	.word	0xb73b77b0
20003ab4:	5e6d9f06 	.word	0x5e6d9f06
20003ab8:	8f7b1085 	.word	0x8f7b1085
20003abc:	a4bc1823 	.word	0xa4bc1823
20003ac0:	462e055e 	.word	0x462e055e
20003ac4:	001a961d 	.word	0x001a961d
20003ac8:	47f7be82 	.word	0x47f7be82
20003acc:	5c001812 	.word	0x5c001812
20003ad0:	36a962d7 	.word	0x36a962d7
20003ad4:	743f8383 	.word	0x743f8383
20003ad8:	dd684417 	.word	0xdd684417
20003adc:	05edb8a6 	.word	0x05edb8a6
20003ae0:	83205f1f 	.word	0x83205f1f
20003ae4:	a639a58c 	.word	0xa639a58c
20003ae8:	41b8ae53 	.word	0x41b8ae53
20003aec:	60c26608 	.word	0x60c26608
20003af0:	becfcd00 	.word	0xbecfcd00
20003af4:	dea01046 	.word	0xdea01046
20003af8:	305713c0 	.word	0x305713c0
20003afc:	4e9cc660 	.word	0x4e9cc660
20003b00:	4e6fa630 	.word	0x4e6fa630
20003b04:	1480fff9 	.word	0x1480fff9
20003b08:	d1a626a3 	.word	0xd1a626a3
20003b0c:	e8b62080 	.word	0xe8b62080
20003b10:	27fce420 	.word	0x27fce420
20003b14:	1e68fff2 	.word	0x1e68fff2
20003b18:	06ac8236 	.word	0x06ac8236
20003b1c:	1fc07ebd 	.word	0x1fc07ebd
20003b20:	3596a699 	.word	0x3596a699
20003b24:	9ed8c80e 	.word	0x9ed8c80e
20003b28:	b8045ab6 	.word	0xb8045ab6
20003b2c:	2efe049e 	.word	0x2efe049e
20003b30:	13622026 	.word	0x13622026
20003b34:	30846ade 	.word	0x30846ade
20003b38:	6e613623 	.word	0x6e613623
20003b3c:	aa6a6e41 	.word	0xaa6a6e41
20003b40:	9e2d8cad 	.word	0x9e2d8cad
20003b44:	010296bc 	.word	0x010296bc
20003b48:	3ecd2202 	.word	0x3ecd2202
20003b4c:	404c2082 	.word	0x404c2082
20003b50:	10e114f3 	.word	0x10e114f3
20003b54:	2b5f5948 	.word	0x2b5f5948
20003b58:	c29e05e6 	.word	0xc29e05e6
20003b5c:	77ff2302 	.word	0x77ff2302
20003b60:	6e084202 	.word	0x6e084202
20003b64:	b80a2208 	.word	0xb80a2208
20003b68:	3e5c3e1e 	.word	0x3e5c3e1e
20003b6c:	b9f68620 	.word	0xb9f68620
20003b70:	3ec3bc8f 	.word	0x3ec3bc8f
20003b74:	9622d662 	.word	0x9622d662
20003b78:	a7ffdef8 	.word	0xa7ffdef8
20003b7c:	0fac2614 	.word	0x0fac2614
20003b80:	6f036e2f 	.word	0x6f036e2f
20003b84:	a044e10f 	.word	0xa044e10f
20003b88:	07843f71 	.word	0x07843f71
20003b8c:	9c82c0ae 	.word	0x9c82c0ae
20003b90:	0b370bf7 	.word	0x0b370bf7
20003b94:	545698df 	.word	0x545698df
20003b98:	4777f776 	.word	0x4777f776
20003b9c:	17d1429c 	.word	0x17d1429c
20003ba0:	2056f019 	.word	0x2056f019
20003ba4:	3c0497de 	.word	0x3c0497de
20003ba8:	3f69bf15 	.word	0x3f69bf15
20003bac:	8496dc16 	.word	0x8496dc16
20003bb0:	a7c52480 	.word	0xa7c52480
20003bb4:	303ec0de 	.word	0x303ec0de
20003bb8:	224ed422 	.word	0x224ed422
20003bbc:	e9f87e97 	.word	0xe9f87e97
20003bc0:	b08e7810 	.word	0xb08e7810
20003bc4:	24afb060 	.word	0x24afb060
20003bc8:	29b5dffc 	.word	0x29b5dffc
20003bcc:	31b47e50 	.word	0x31b47e50
20003bd0:	8db24056 	.word	0x8db24056
20003bd4:	af83b1f6 	.word	0xaf83b1f6
20003bd8:	10464732 	.word	0x10464732
20003bdc:	64862786 	.word	0x64862786
20003be0:	06c47006 	.word	0x06c47006
20003be4:	2a4e2800 	.word	0x2a4e2800
20003be8:	436e1f33 	.word	0x436e1f33
20003bec:	805d8e14 	.word	0x805d8e14
20003bf0:	4e1114d7 	.word	0x4e1114d7
20003bf4:	3c157f0f 	.word	0x3c157f0f
20003bf8:	8e8710ec 	.word	0x8e8710ec
20003bfc:	8e36a212 	.word	0x8e36a212
20003c00:	478e2e54 	.word	0x478e2e54
20003c04:	021657ee 	.word	0x021657ee
20003c08:	67111706 	.word	0x67111706
20003c0c:	be10bdce 	.word	0xbe10bdce
20003c10:	03b8b125 	.word	0x03b8b125
20003c14:	787e610f 	.word	0x787e610f
20003c18:	fc2f34be 	.word	0xfc2f34be
20003c1c:	2026b1e3 	.word	0x2026b1e3
20003c20:	222ad816 	.word	0x222ad816
20003c24:	70062c32 	.word	0x70062c32
20003c28:	f79f08ae 	.word	0xf79f08ae
20003c2c:	fe8fbcb5 	.word	0xfe8fbcb5
20003c30:	8f361c8f 	.word	0x8f361c8f
20003c34:	f08f061c 	.word	0xf08f061c
20003c38:	5836638f 	.word	0x5836638f
20003c3c:	26ae0837 	.word	0x26ae0837
20003c40:	00c7bde3 	.word	0x00c7bde3
20003c44:	cfad10ac 	.word	0xcfad10ac
20003c48:	43ffe0f3 	.word	0x43ffe0f3
20003c4c:	dadf8514 	.word	0xdadf8514
20003c50:	73971c9f 	.word	0x73971c9f
20003c54:	6d29965f 	.word	0x6d29965f
20003c58:	63111637 	.word	0x63111637
20003c5c:	411037df 	.word	0x411037df
20003c60:	26762004 	.word	0x26762004
20003c64:	9fc41c47 	.word	0x9fc41c47
20003c68:	c047c0c0 	.word	0xc047c0c0
20003c6c:	384fc157 	.word	0x384fc157
20003c70:	1157210e 	.word	0x1157210e
20003c74:	1c579ed8 	.word	0x1c579ed8
20003c78:	12a19720 	.word	0x12a19720
20003c7c:	be1517ad 	.word	0xbe1517ad
20003c80:	1ef6ded6 	.word	0x1ef6ded6
20003c84:	84bfd0ae 	.word	0x84bfd0ae
20003c88:	bd10cf9d 	.word	0xbd10cf9d
20003c8c:	afc19f58 	.word	0xafc19f58
20003c90:	270656b7 	.word	0x270656b7
20003c94:	361c539f 	.word	0x361c539f
20003c98:	a4b7af5c 	.word	0xa4b7af5c
20003c9c:	06af0e6b 	.word	0x06af0e6b
20003ca0:	8f1e8fde 	.word	0x8f1e8fde
20003ca4:	c36f9728 	.word	0xc36f9728
20003ca8:	ae46ee97 	.word	0xae46ee97
20003cac:	ffc356fe 	.word	0xffc356fe
20003cb0:	5fffa8fa 	.word	0x5fffa8fa
20003cb4:	bc323197 	.word	0xbc323197
20003cb8:	1220ffee 	.word	0x1220ffee
20003cbc:	989e6817 	.word	0x989e6817
20003cc0:	6efea77b 	.word	0x6efea77b
20003cc4:	0ebf2718 	.word	0x0ebf2718
20003cc8:	a95f6187 	.word	0xa95f6187
20003ccc:	b017cdb3 	.word	0xb017cdb3
20003cd0:	ae4e96de 	.word	0xae4e96de
20003cd4:	0d845683 	.word	0x0d845683
20003cd8:	845e0796 	.word	0x845e0796
20003cdc:	a226394c 	.word	0xa226394c
20003ce0:	1e144744 	.word	0x1e144744
20003ce4:	a8b62646 	.word	0xa8b62646
20003ce8:	423658a3 	.word	0x423658a3
20003cec:	67368a8c 	.word	0x67368a8c
20003cf0:	4547be84 	.word	0x4547be84
20003cf4:	24c70d94 	.word	0x24c70d94
20003cf8:	17661c3c 	.word	0x17661c3c
20003cfc:	371d209a 	.word	0x371d209a
20003d00:	13e5a038 	.word	0x13e5a038
20003d04:	3fadb7b0 	.word	0x3fadb7b0
20003d08:	013cf18f 	.word	0x013cf18f
20003d0c:	ef282442 	.word	0xef282442
20003d10:	0806e47a 	.word	0x0806e47a
20003d14:	2175878d 	.word	0x2175878d
20003d18:	b11b3729 	.word	0xb11b3729
20003d1c:	7c3c101e 	.word	0x7c3c101e
20003d20:	03003236 	.word	0x03003236
20003d24:	2160e777 	.word	0x2160e777
20003d28:	4f0b57b0 	.word	0x4f0b57b0
20003d2c:	90062aae 	.word	0x90062aae
20003d30:	44113736 	.word	0x44113736
20003d34:	4e2acff6 	.word	0x4e2acff6
20003d38:	08369cd6 	.word	0x08369cd6
20003d3c:	0b231ef0 	.word	0x0b231ef0
20003d40:	10e0f077 	.word	0x10e0f077
20003d44:	6fb8ac62 	.word	0x6fb8ac62
20003d48:	0a7bd4bc 	.word	0x0a7bd4bc
20003d4c:	ea1a0c1e 	.word	0xea1a0c1e
20003d50:	cedeafcf 	.word	0xcedeafcf
20003d54:	fd26f892 	.word	0xfd26f892
20003d58:	f62726f5 	.word	0xf62726f5
20003d5c:	a7ff608d 	.word	0xa7ff608d
20003d60:	ec7bc66a 	.word	0xec7bc66a
20003d64:	5d6228ee 	.word	0x5d6228ee
20003d68:	4436a17f 	.word	0x4436a17f
20003d6c:	0ea05ee1 	.word	0x0ea05ee1
20003d70:	5a2418b7 	.word	0x5a2418b7
20003d74:	89206773 	.word	0x89206773
20003d78:	1c67fb11 	.word	0x1c67fb11
20003d7c:	f789700f 	.word	0xf789700f
20003d80:	061628be 	.word	0x061628be
20003d84:	e997c117 	.word	0xe997c117
20003d88:	147702ce 	.word	0x147702ce
20003d8c:	1680877a 	.word	0x1680877a
20003d90:	66a0129e 	.word	0x66a0129e
20003d94:	0a448e17 	.word	0x0a448e17
20003d98:	d4f79c83 	.word	0xd4f79c83
20003d9c:	de6b0010 	.word	0xde6b0010
20003da0:	0e47be90 	.word	0x0e47be90
20003da4:	a310d254 	.word	0xa310d254
20003da8:	e6aa6f9c 	.word	0xe6aa6f9c
20003dac:	1766ae45 	.word	0x1766ae45
20003db0:	153e649f 	.word	0x153e649f
20003db4:	4e20feef 	.word	0x4e20feef
20003db8:	9e082c64 	.word	0x9e082c64
20003dbc:	2426089f 	.word	0x2426089f
20003dc0:	af246ed1 	.word	0xaf246ed1
20003dc4:	a0a4505f 	.word	0xa0a4505f
20003dc8:	04b08ff9 	.word	0x04b08ff9
20003dcc:	667bf60b 	.word	0x667bf60b
20003dd0:	df0be7ac 	.word	0xdf0be7ac
20003dd4:	1a15ef9c 	.word	0x1a15ef9c
20003dd8:	57b78259 	.word	0x57b78259
20003ddc:	6f26b427 	.word	0x6f26b427
20003de0:	e1bf2623 	.word	0xe1bf2623
20003de4:	1fc804f5 	.word	0x1fc804f5
20003de8:	28406720 	.word	0x28406720
20003dec:	6f3b0410 	.word	0x6f3b0410
20003df0:	1603ae47 	.word	0x1603ae47
20003df4:	105e0601 	.word	0x105e0601
20003df8:	241fc727 	.word	0x241fc727
20003dfc:	66b72e21 	.word	0x66b72e21
20003e00:	bf74260e 	.word	0xbf74260e
20003e04:	b80735c6 	.word	0xb80735c6
20003e08:	1ee06c87 	.word	0x1ee06c87
20003e0c:	a75d2e6b 	.word	0xa75d2e6b
20003e10:	11033f0b 	.word	0x11033f0b
20003e14:	20255f24 	.word	0x20255f24
20003e18:	87009000 	.word	0x87009000
20003e1c:	07961249 	.word	0x07961249
20003e20:	6f010fe8 	.word	0x6f010fe8
20003e24:	0a33e4c7 	.word	0x0a33e4c7
20003e28:	eb641f3c 	.word	0xeb641f3c
20003e2c:	8c3e4a9e 	.word	0x8c3e4a9e
20003e30:	d29f9bac 	.word	0xd29f9bac
20003e34:	1f5de8a1 	.word	0x1f5de8a1
20003e38:	e7b496b0 	.word	0xe7b496b0
20003e3c:	704f71cc 	.word	0x704f71cc
20003e40:	295785d8 	.word	0x295785d8
20003e44:	dcdeef87 	.word	0xdcdeef87
20003e48:	600806c0 	.word	0x600806c0
20003e4c:	f6a14697 	.word	0xf6a14697
20003e50:	38be96ad 	.word	0x38be96ad
20003e54:	60251483 	.word	0x60251483
20003e58:	f09f88a0 	.word	0xf09f88a0
20003e5c:	4768e763 	.word	0x4768e763
20003e60:	85d21cc0 	.word	0x85d21cc0
20003e64:	02206f3a 	.word	0x02206f3a
20003e68:	91881c4f 	.word	0x91881c4f
20003e6c:	1583f4de 	.word	0x1583f4de
20003e70:	64367c23 	.word	0x64367c23
20003e74:	c77f0c00 	.word	0xc77f0c00
20003e78:	8e1523b0 	.word	0x8e1523b0
20003e7c:	d4e67020 	.word	0xd4e67020
20003e80:	a73a6c7c 	.word	0xa73a6c7c
20003e84:	a3bd5616 	.word	0xa3bd5616
20003e88:	7357a1e7 	.word	0x7357a1e7
20003e8c:	f5825f3f 	.word	0xf5825f3f
20003e90:	c6bd686f 	.word	0xc6bd686f
20003e94:	2446083c 	.word	0x2446083c
20003e98:	5cf7a710 	.word	0x5cf7a710
20003e9c:	d52f4634 	.word	0xd52f4634
20003ea0:	9f383e40 	.word	0x9f383e40
20003ea4:	29c64209 	.word	0x29c64209
20003ea8:	acc4eefc 	.word	0xacc4eefc
20003eac:	9ed8453c 	.word	0x9ed8453c
20003eb0:	1767ffff 	.word	0x1767ffff
20003eb4:	d00b0860 	.word	0xd00b0860
20003eb8:	148ed48e 	.word	0x148ed48e
20003ebc:	a34dcfb5 	.word	0xa34dcfb5
20003ec0:	6fdd11ef 	.word	0x6fdd11ef
20003ec4:	01008218 	.word	0x01008218
20003ec8:	00030f5f 	.word	0x00030f5f
20003ecc:	7f810360 	.word	0x7f810360
20003ed0:	6fc8f888 	.word	0x6fc8f888
20003ed4:	3021ef37 	.word	0x3021ef37
20003ed8:	fea10a86 	.word	0xfea10a86
20003edc:	28af5480 	.word	0x28af5480
20003ee0:	4efa47d7 	.word	0x4efa47d7
20003ee4:	6e65ce68 	.word	0x6e65ce68
20003ee8:	24830428 	.word	0x24830428
20003eec:	62691711 	.word	0x62691711
20003ef0:	b7a63baf 	.word	0xb7a63baf
20003ef4:	04175f61 	.word	0x04175f61
20003ef8:	88838000 	.word	0x88838000
20003efc:	6761522f 	.word	0x6761522f
20003f00:	f61f4671 	.word	0xf61f4671
20003f04:	c284fff0 	.word	0xc284fff0
20003f08:	a7164f61 	.word	0xa7164f61
20003f0c:	83bf66ba 	.word	0x83bf66ba
20003f10:	a3182a6f 	.word	0xa3182a6f
20003f14:	2e044e43 	.word	0x2e044e43
20003f18:	60975f04 	.word	0x60975f04
20003f1c:	2d46ac5e 	.word	0x2d46ac5e
20003f20:	4f07dfbf 	.word	0x4f07dfbf
20003f24:	8cf04a26 	.word	0x8cf04a26
20003f28:	57e73e5c 	.word	0x57e73e5c
20003f2c:	7e97403e 	.word	0x7e97403e
20003f30:	4825150a 	.word	0x4825150a
20003f34:	47c200e0 	.word	0x47c200e0
20003f38:	25085edd 	.word	0x25085edd
20003f3c:	0e26da06 	.word	0x0e26da06
20003f40:	27b316e5 	.word	0x27b316e5
20003f44:	0b678527 	.word	0x0b678527
20003f48:	ea85b027 	.word	0xea85b027
20003f4c:	1ec4df18 	.word	0x1ec4df18
20003f50:	30b60106 	.word	0x30b60106
20003f54:	7a42268e 	.word	0x7a42268e
20003f58:	484023e9 	.word	0x484023e9
20003f5c:	0e406aad 	.word	0x0e406aad
20003f60:	2840f621 	.word	0x2840f621
20003f64:	86e61801 	.word	0x86e61801
20003f68:	8a85678d 	.word	0x8a85678d
20003f6c:	201019f7 	.word	0x201019f7
20003f70:	17c714b9 	.word	0x17c714b9
20003f74:	2a622e9a 	.word	0x2a622e9a
20003f78:	1760316f 	.word	0x1760316f
20003f7c:	a3c5cfd4 	.word	0xa3c5cfd4
20003f80:	cf6e0887 	.word	0xcf6e0887
20003f84:	a3e44a86 	.word	0xa3e44a86
20003f88:	c20262e4 	.word	0xc20262e4
20003f8c:	1c123fe3 	.word	0x1c123fe3
20003f90:	060e4896 	.word	0x060e4896
20003f94:	3f08de68 	.word	0x3f08de68
20003f98:	a93c09fe 	.word	0xa93c09fe
20003f9c:	01c6042a 	.word	0x01c6042a
20003fa0:	3c0a622e 	.word	0x3c0a622e
20003fa4:	9750ee3f 	.word	0x9750ee3f
20003fa8:	5025a829 	.word	0x5025a829
20003fac:	ec249126 	.word	0xec249126
20003fb0:	26eb4cef 	.word	0x26eb4cef
20003fb4:	966d364b 	.word	0x966d364b
20003fb8:	ef9e80e2 	.word	0xef9e80e2
20003fbc:	dc02a0e2 	.word	0xdc02a0e2
20003fc0:	03f30117 	.word	0x03f30117
20003fc4:	2656efa5 	.word	0x2656efa5
20003fc8:	26de50a0 	.word	0x26de50a0
20003fcc:	beb4a01e 	.word	0xbeb4a01e
20003fd0:	a6012097 	.word	0xa6012097
20003fd4:	12a6f676 	.word	0x12a6f676
20003fd8:	ae041627 	.word	0xae041627
20003fdc:	2540a691 	.word	0x2540a691
20003fe0:	30e08fcd 	.word	0x30e08fcd
20003fe4:	2e065b0a 	.word	0x2e065b0a
20003fe8:	584e0f03 	.word	0x584e0f03
20003fec:	df1a271a 	.word	0xdf1a271a
20003ff0:	3f15062b 	.word	0x3f15062b
20003ff4:	81fff7b0 	.word	0x81fff7b0
20003ff8:	51ae1b37 	.word	0x51ae1b37
20003ffc:	8a065746 	.word	0x8a065746
20004000:	0afaa2d6 	.word	0x0afaa2d6
20004004:	e7268067 	.word	0xe7268067
20004008:	302f2367 	.word	0x302f2367
2000400c:	0dce7242 	.word	0x0dce7242
20004010:	ad0890fb 	.word	0xad0890fb
20004014:	7825f0df 	.word	0x7825f0df
20004018:	be935449 	.word	0xbe935449
2000401c:	63afeb5f 	.word	0x63afeb5f
20004020:	c025e07e 	.word	0xc025e07e
20004024:	0eb674a0 	.word	0x0eb674a0
20004028:	4683160e 	.word	0x4683160e
2000402c:	a3808146 	.word	0xa3808146
20004030:	7f94bc7f 	.word	0x7f94bc7f
20004034:	2d2c25c4 	.word	0x2d2c25c4
20004038:	ce0eaff6 	.word	0xce0eaff6
2000403c:	30370366 	.word	0x30370366
20004040:	c4d301a0 	.word	0xc4d301a0
20004044:	05afdfa3 	.word	0x05afdfa3
20004048:	860f0406 	.word	0x860f0406
2000404c:	17adabae 	.word	0x17adabae
20004050:	7e143e2a 	.word	0x7e143e2a
20004054:	e02087fe 	.word	0xe02087fe
20004058:	0e7fcb01 	.word	0x0e7fcb01
2000405c:	667d7f39 	.word	0x667d7f39
20004060:	aa475001 	.word	0xaa475001
20004064:	0f589c3e 	.word	0x0f589c3e
20004068:	4e6fb98f 	.word	0x4e6fb98f
2000406c:	8fa914d7 	.word	0x8fa914d7
20004070:	56a60c8b 	.word	0x56a60c8b
20004074:	68470607 	.word	0x68470607
20004078:	c038a06e 	.word	0xc038a06e
2000407c:	7c974606 	.word	0x7c974606
20004080:	6647288f 	.word	0x6647288f
20004084:	1fa080c3 	.word	0x1fa080c3
20004088:	3fdd0642 	.word	0x3fdd0642
2000408c:	a2aaa863 	.word	0xa2aaa863
20004090:	446e6ec5 	.word	0x446e6ec5
20004094:	c6848925 	.word	0xc6848925
20004098:	851e76b6 	.word	0x851e76b6
2000409c:	a7ee51a6 	.word	0xa7ee51a6
200040a0:	afa27e2b 	.word	0xafa27e2b
200040a4:	0b0069fc 	.word	0x0b0069fc
200040a8:	30c7a424 	.word	0x30c7a424
200040ac:	0117e4ce 	.word	0x0117e4ce
200040b0:	b72ffe9c 	.word	0xb72ffe9c
200040b4:	4a006cf1 	.word	0x4a006cf1
200040b8:	24a916fd 	.word	0x24a916fd
200040bc:	122fbe01 	.word	0x122fbe01
200040c0:	c2014b00 	.word	0xc2014b00
200040c4:	766a1eb5 	.word	0x766a1eb5
200040c8:	0e302896 	.word	0x0e302896
200040cc:	272c751e 	.word	0x272c751e
200040d0:	430e06ed 	.word	0x430e06ed
200040d4:	263110de 	.word	0x263110de
200040d8:	b2ef3b05 	.word	0xb2ef3b05
200040dc:	df446e56 	.word	0xdf446e56
200040e0:	d71000e2 	.word	0xd71000e2
200040e4:	9e46639f 	.word	0x9e46639f
200040e8:	0ef06454 	.word	0x0ef06454
200040ec:	cee699e6 	.word	0xcee699e6
200040f0:	9d06ee27 	.word	0x9d06ee27
200040f4:	ef18801f 	.word	0xef18801f
200040f8:	04417e5b 	.word	0x04417e5b
200040fc:	afa32e6e 	.word	0xafa32e6e
20004100:	87f7242d 	.word	0x87f7242d
20004104:	5823a083 	.word	0x5823a083
20004108:	c684afd7 	.word	0xc684afd7
2000410c:	36a3a0d4 	.word	0x36a3a0d4
20004110:	a5e00486 	.word	0xa5e00486
20004114:	ea010a27 	.word	0xea010a27
20004118:	8edde027 	.word	0x8edde027
2000411c:	47c11b47 	.word	0x47c11b47
20004120:	1ea8ce90 	.word	0x1ea8ce90
20004124:	68afb418 	.word	0x68afb418
20004128:	a9048703 	.word	0xa9048703
2000412c:	a0a3c2e7 	.word	0xa0a3c2e7
20004130:	6377f890 	.word	0x6377f890
20004134:	76f0c32c 	.word	0x76f0c32c
20004138:	e601fff3 	.word	0xe601fff3
2000413c:	6c24c6e0 	.word	0x6c24c6e0
20004140:	1ed9e75c 	.word	0x1ed9e75c
20004144:	9a20212e 	.word	0x9a20212e
20004148:	260e5e7e 	.word	0x260e5e7e
2000414c:	126e0e76 	.word	0x126e0e76
20004150:	dc8a7878 	.word	0xdc8a7878
20004154:	8e1e069e 	.word	0x8e1e069e
20004158:	0ef07310 	.word	0x0ef07310
2000415c:	604f41bc 	.word	0x604f41bc
20004160:	74093fc0 	.word	0x74093fc0
20004164:	e0862967 	.word	0xe0862967
20004168:	8ef009af 	.word	0x8ef009af
2000416c:	05ff0b84 	.word	0x05ff0b84
20004170:	6e7cc266 	.word	0x6e7cc266
20004174:	3653fffc 	.word	0x3653fffc
20004178:	451ca26f 	.word	0x451ca26f
2000417c:	4b6fbf67 	.word	0x4b6fbf67
20004180:	4efa4047 	.word	0x4efa4047
20004184:	0ea71006 	.word	0x0ea71006
20004188:	e606b8ef 	.word	0xe606b8ef
2000418c:	210ef053 	.word	0x210ef053
20004190:	ee181110 	.word	0xee181110
20004194:	6c879042 	.word	0x6c879042
20004198:	2fa0827e 	.word	0x2fa0827e
2000419c:	547e60d6 	.word	0x547e60d6
200041a0:	0689f6a6 	.word	0x0689f6a6
200041a4:	74ae57d5 	.word	0x74ae57d5
200041a8:	bfb1301e 	.word	0xbfb1301e
200041ac:	2b203e0b 	.word	0x2b203e0b
200041b0:	1aa9a022 	.word	0x1aa9a022
200041b4:	37409790 	.word	0x37409790
200041b8:	4ffff83b 	.word	0x4ffff83b
200041bc:	4f46372e 	.word	0x4f46372e
200041c0:	2f41ff60 	.word	0x2f41ff60
200041c4:	dbbe1cae 	.word	0xdbbe1cae
200041c8:	f70067ae 	.word	0xf70067ae
200041cc:	632ed502 	.word	0x632ed502
200041d0:	f9a00fef 	.word	0xf9a00fef
200041d4:	de1666ff 	.word	0xde1666ff
200041d8:	8691f6d7 	.word	0x8691f6d7
200041dc:	45be08b8 	.word	0x45be08b8
200041e0:	32ad8026 	.word	0x32ad8026
200041e4:	5120061d 	.word	0x5120061d
200041e8:	ee7703d6 	.word	0xee7703d6
200041ec:	789e1e03 	.word	0x789e1e03
200041f0:	dd047989 	.word	0xdd047989
200041f4:	00ec02c7 	.word	0x00ec02c7
200041f8:	0fff2484 	.word	0x0fff2484
200041fc:	7d021902 	.word	0x7d021902
20004200:	e23063b6 	.word	0xe23063b6
20004204:	c726d9bf 	.word	0xc726d9bf
20004208:	ce682f16 	.word	0xce682f16
2000420c:	7a3e78fe 	.word	0x7a3e78fe
20004210:	a0824f7e 	.word	0xa0824f7e
20004214:	cb107708 	.word	0xcb107708
20004218:	865c7ea7 	.word	0x865c7ea7
2000421c:	3cd75a36 	.word	0x3cd75a36
20004220:	40e18f8a 	.word	0x40e18f8a
20004224:	dabfc804 	.word	0xdabfc804
20004228:	407c5ec3 	.word	0x407c5ec3
2000422c:	11766ab1 	.word	0x11766ab1
20004230:	20e4bfd9 	.word	0x20e4bfd9
20004234:	40c404ae 	.word	0x40c404ae
20004238:	de2772ac 	.word	0xde2772ac
2000423c:	4ac48927 	.word	0x4ac48927
20004240:	6cae3c27 	.word	0x6cae3c27
20004244:	07f84811 	.word	0x07f84811
20004248:	977b9914 	.word	0x977b9914
2000424c:	22133c06 	.word	0x22133c06
20004250:	0bb0f1ff 	.word	0x0bb0f1ff
20004254:	75f8fe58 	.word	0x75f8fe58
20004258:	8f76b626 	.word	0x8f76b626
2000425c:	4d800f84 	.word	0x4d800f84
20004260:	1181b270 	.word	0x1181b270
20004264:	370c0798 	.word	0x370c0798
20004268:	ae23c47f 	.word	0xae23c47f
2000426c:	c3666b09 	.word	0xc3666b09
20004270:	9917c40c 	.word	0x9917c40c
20004274:	ae101386 	.word	0xae101386
20004278:	e6060246 	.word	0xe6060246
2000427c:	0ea026e0 	.word	0x0ea026e0
20004280:	50c7c163 	.word	0x50c7c163
20004284:	d0769616 	.word	0xd0769616
20004288:	4603741e 	.word	0x4603741e
2000428c:	f7d886c0 	.word	0xf7d886c0
20004290:	16344288 	.word	0x16344288
20004294:	762eac80 	.word	0x762eac80
20004298:	631ee203 	.word	0x631ee203
2000429c:	170840c7 	.word	0x170840c7
200042a0:	77221277 	.word	0x77221277
200042a4:	16e0aec6 	.word	0x16e0aec6
200042a8:	4c26801d 	.word	0x4c26801d
200042ac:	756562c7 	.word	0x756562c7
200042b0:	58c7176f 	.word	0x58c7176f
200042b4:	e7c38725 	.word	0xe7c38725
200042b8:	9fdcb63a 	.word	0x9fdcb63a
200042bc:	3c961028 	.word	0x3c961028
200042c0:	458c8f86 	.word	0x458c8f86
200042c4:	1924ff0f 	.word	0x1924ff0f
200042c8:	3a04dfb0 	.word	0x3a04dfb0
200042cc:	17142076 	.word	0x17142076
200042d0:	afb25eb7 	.word	0xafb25eb7
200042d4:	7236eb5c 	.word	0x7236eb5c
200042d8:	b56ea026 	.word	0xb56ea026
200042dc:	b4c30e4a 	.word	0xb4c30e4a
200042e0:	ef813faf 	.word	0xef813faf
200042e4:	07732ca2 	.word	0x07732ca2
200042e8:	a488c721 	.word	0xa488c721
200042ec:	c7a842d6 	.word	0xc7a842d6
200042f0:	26c3547e 	.word	0x26c3547e
200042f4:	165b6e0b 	.word	0x165b6e0b
200042f8:	bb266656 	.word	0xbb266656
200042fc:	de56c62c 	.word	0xde56c62c
20004300:	f68f868f 	.word	0xf68f868f
20004304:	14cf8f7e 	.word	0x14cf8f7e
20004308:	e20206aa 	.word	0xe20206aa
2000430c:	003f788e 	.word	0x003f788e
20004310:	666fc6bc 	.word	0x666fc6bc
20004314:	d0cc17c4 	.word	0xd0cc17c4
20004318:	1540c79c 	.word	0x1540c79c
2000431c:	15e32e22 	.word	0x15e32e22
20004320:	2ad78001 	.word	0x2ad78001
20004324:	3e5cb587 	.word	0x3e5cb587
20004328:	882156d4 	.word	0x882156d4
2000432c:	8ef508a6 	.word	0x8ef508a6
20004330:	ab76e211 	.word	0xab76e211
20004334:	e61532c6 	.word	0xe61532c6
20004338:	00f73c4a 	.word	0x00f73c4a
2000433c:	1211be2a 	.word	0x1211be2a
20004340:	9043bf3e 	.word	0x9043bf3e
20004344:	9a1e77e8 	.word	0x9a1e77e8
20004348:	57065e50 	.word	0x57065e50
2000434c:	b7b92184 	.word	0xb7b92184
20004350:	57431584 	.word	0x57431584
20004354:	66a1e003 	.word	0x66a1e003
20004358:	24fe5ee8 	.word	0x24fe5ee8
2000435c:	5dce1125 	.word	0x5dce1125
20004360:	380a17ad 	.word	0x380a17ad
20004364:	c3fe1f43 	.word	0xc3fe1f43
20004368:	19430317 	.word	0x19430317
2000436c:	a4de4ba7 	.word	0xa4de4ba7
20004370:	217edcc3 	.word	0x217edcc3
20004374:	0e2b2a48 	.word	0x0e2b2a48
20004378:	491eadb6 	.word	0x491eadb6
2000437c:	e1579902 	.word	0xe1579902
20004380:	38e226b5 	.word	0x38e226b5
20004384:	c90e1567 	.word	0xc90e1567
20004388:	2610173f 	.word	0x2610173f
2000438c:	8716d253 	.word	0x8716d253
20004390:	ff47ea26 	.word	0xff47ea26
20004394:	e7a102df 	.word	0xe7a102df
20004398:	0289c528 	.word	0x0289c528
2000439c:	c60e81d7 	.word	0xc60e81d7
200043a0:	2f6a3725 	.word	0x2f6a3725
200043a4:	87b63b43 	.word	0x87b63b43
200043a8:	02fe2a9f 	.word	0x02fe2a9f
200043ac:	8084761e 	.word	0x8084761e
200043b0:	3d6a1f21 	.word	0x3d6a1f21
200043b4:	ef06a8df 	.word	0xef06a8df
200043b8:	3e936779 	.word	0x3e936779
200043bc:	144b6e8e 	.word	0x144b6e8e
200043c0:	276e0947 	.word	0x276e0947
200043c4:	20b18fc7 	.word	0x20b18fc7
200043c8:	0e7eccb3 	.word	0x0e7eccb3
200043cc:	1030a638 	.word	0x1030a638
200043d0:	b3ec9eec 	.word	0xb3ec9eec
200043d4:	4e6004c0 	.word	0x4e6004c0
200043d8:	78231e5d 	.word	0x78231e5d
200043dc:	f4171596 	.word	0xf4171596
200043e0:	61c53023 	.word	0x61c53023
200043e4:	25e51f6e 	.word	0x25e51f6e
200043e8:	f7330908 	.word	0xf7330908
200043ec:	2f3c4118 	.word	0x2f3c4118
200043f0:	30876a40 	.word	0x30876a40
200043f4:	62afe05b 	.word	0x62afe05b
200043f8:	5025f70f 	.word	0x5025f70f
200043fc:	60589e06 	.word	0x60589e06
20004400:	70e76879 	.word	0x70e76879
20004404:	79c0789e 	.word	0x79c0789e
20004408:	9e80e7c8 	.word	0x9e80e7c8
2000440c:	98799088 	.word	0x98799088
20004410:	a89ea0e7 	.word	0xa89ea0e7
20004414:	e7b879b0 	.word	0xe7b879b0
20004418:	f8e09ef0 	.word	0xf8e09ef0
2000441c:	be0b1c8c 	.word	0xbe0b1c8c
20004420:	268c48a8 	.word	0x268c48a8
20004424:	0afe7801 	.word	0x0afe7801
20004428:	34b724ad 	.word	0x34b724ad
2000442c:	a84dfc46 	.word	0xa84dfc46
20004430:	d310420f 	.word	0xd310420f
20004434:	b8f616b6 	.word	0xb8f616b6
20004438:	050e3484 	.word	0x050e3484
2000443c:	b9c2489e 	.word	0xb9c2489e
20004440:	a57e8da5 	.word	0xa57e8da5
20004444:	56f68301 	.word	0x56f68301
20004448:	1d801f74 	.word	0x1d801f74
2000444c:	96b4aec0 	.word	0x96b4aec0
20004450:	3fbc5137 	.word	0x3fbc5137
20004454:	b50f1726 	.word	0xb50f1726
20004458:	c5810100 	.word	0xc5810100
2000445c:	36d4a1b7 	.word	0x36d4a1b7
20004460:	1617e687 	.word	0x1617e687
20004464:	0ac8e2bf 	.word	0x0ac8e2bf
20004468:	d654143c 	.word	0xd654143c
2000446c:	ecc74700 	.word	0xecc74700
20004470:	de010a40 	.word	0xde010a40
20004474:	08012c3e 	.word	0x08012c3e
20004478:	05360a16 	.word	0x05360a16
2000447c:	06a934da 	.word	0x06a934da
20004480:	3843efee 	.word	0x3843efee
20004484:	180cde07 	.word	0x180cde07
20004488:	1d25ac6a 	.word	0x1d25ac6a
2000448c:	4556c03e 	.word	0x4556c03e
20004490:	1606475e 	.word	0x1606475e
20004494:	161046d7 	.word	0x161046d7
20004498:	d3660669 	.word	0xd3660669
2000449c:	afa5088e 	.word	0xafa5088e
200044a0:	1f0044f4 	.word	0x1f0044f4
200044a4:	8c182b3e 	.word	0x8c182b3e
200044a8:	84175082 	.word	0x84175082
200044ac:	9ea016e0 	.word	0x9ea016e0
200044b0:	a3de5684 	.word	0xa3de5684
200044b4:	9ccf01ac 	.word	0x9ccf01ac
200044b8:	0456d047 	.word	0x0456d047
200044bc:	03046e5b 	.word	0x03046e5b
200044c0:	ea82c8fe 	.word	0xea82c8fe
200044c4:	776a4310 	.word	0x776a4310
200044c8:	c1878a11 	.word	0xc1878a11
200044cc:	0c08e087 	.word	0x0c08e087
200044d0:	0186de70 	.word	0x0186de70
200044d4:	23b0b1c7 	.word	0x23b0b1c7
200044d8:	e1007e58 	.word	0xe1007e58
200044dc:	0646a1d2 	.word	0x0646a1d2
200044e0:	3c05f65e 	.word	0x3c05f65e
200044e4:	d7bc970d 	.word	0xd7bc970d
200044e8:	e88ea007 	.word	0xe88ea007
200044ec:	c7cc3c07 	.word	0xc7cc3c07
200044f0:	24a60b06 	.word	0x24a60b06
200044f4:	254ac0c5 	.word	0x254ac0c5
200044f8:	309fdb0a 	.word	0x309fdb0a
200044fc:	c9e098c4 	.word	0xc9e098c4
20004500:	a247c88c 	.word	0xa247c88c
20004504:	ae0ac916 	.word	0xae0ac916
20004508:	1088066f 	.word	0x1088066f
2000450c:	84b6ace0 	.word	0x84b6ace0
20004510:	8cb4adaa 	.word	0x8cb4adaa
20004514:	c07e549e 	.word	0xc07e549e
20004518:	c3d14715 	.word	0xc3d14715
2000451c:	321ee1cf 	.word	0x321ee1cf
20004520:	e24eda17 	.word	0xe24eda17
20004524:	279cc88c 	.word	0x279cc88c
20004528:	610c062c 	.word	0x610c062c
2000452c:	6eb6cdff 	.word	0x6eb6cdff
20004530:	7f8db802 	.word	0x7f8db802
20004534:	16eee779 	.word	0x16eee779
20004538:	8d8527ad 	.word	0x8d8527ad
2000453c:	ed0a663a 	.word	0xed0a663a
20004540:	dfc4260e 	.word	0xdfc4260e
20004544:	5a0e5b90 	.word	0x5a0e5b90
20004548:	50828100 	.word	0x50828100
2000454c:	060d0dee 	.word	0x060d0dee
20004550:	1e8d1e96 	.word	0x1e8d1e96
20004554:	000ee090 	.word	0x000ee090
20004558:	cc06568d 	.word	0xcc06568d
2000455c:	951f0124 	.word	0x951f0124
20004560:	346377b4 	.word	0x346377b4
20004564:	5e04968b 	.word	0x5e04968b
20004568:	0a0a0e19 	.word	0x0a0a0e19
2000456c:	06066676 	.word	0x06066676
20004570:	01e08427 	.word	0x01e08427
20004574:	57a20877 	.word	0x57a20877
20004578:	a6773363 	.word	0xa6773363
2000457c:	7e8c0022 	.word	0x7e8c0022
20004580:	06ffd037 	.word	0x06ffd037
20004584:	768bafb8 	.word	0x768bafb8
20004588:	0b3b2c06 	.word	0x0b3b2c06
2000458c:	6f2b1147 	.word	0x6f2b1147
20004590:	04d6dc04 	.word	0x04d6dc04
20004594:	284463c5 	.word	0x284463c5
20004598:	1ce606d7 	.word	0x1ce606d7
2000459c:	40373a7e 	.word	0x40373a7e
200045a0:	fee32e0e 	.word	0xfee32e0e
200045a4:	fdaca217 	.word	0xfdaca217
200045a8:	6840a71d 	.word	0x6840a71d
200045ac:	de1afb1e 	.word	0xde1afb1e
200045b0:	06f90ece 	.word	0x06f90ece
200045b4:	da12dfb0 	.word	0xda12dfb0
200045b8:	f6f60626 	.word	0xf6f60626
200045bc:	1775ce17 	.word	0x1775ce17
200045c0:	164fedf3 	.word	0x164fedf3
200045c4:	f9f03c65 	.word	0xf9f03c65
200045c8:	39a06565 	.word	0x39a06565
200045cc:	041f1ee7 	.word	0x041f1ee7
200045d0:	c9073317 	.word	0xc9073317
200045d4:	37fcac18 	.word	0x37fcac18
200045d8:	07140142 	.word	0x07140142
200045dc:	9c7e2037 	.word	0x9c7e2037
200045e0:	0ed82ce0 	.word	0x0ed82ce0
200045e4:	c11bde24 	.word	0xc11bde24
200045e8:	dcdd16c6 	.word	0xdcdd16c6
200045ec:	02ee80b7 	.word	0x02ee80b7
200045f0:	7b1fda34 	.word	0x7b1fda34
200045f4:	372fd80e 	.word	0x372fd80e
200045f8:	d55e073c 	.word	0xd55e073c
200045fc:	1756ce17 	.word	0x1756ce17
20004600:	424fd2bf 	.word	0x424fd2bf
20004604:	cf177534 	.word	0xcf177534
20004608:	b81757ec 	.word	0xb81757ec
2000460c:	5997180f 	.word	0x5997180f
20004610:	d7ff211f 	.word	0xd7ff211f
20004614:	ffac2c44 	.word	0xffac2c44
20004618:	8f098080 	.word	0x8f098080
2000461c:	4c2c64d5 	.word	0x4c2c64d5
20004620:	e614806d 	.word	0xe614806d
20004624:	56248a6d 	.word	0x56248a6d
20004628:	0c8ceeff 	.word	0x0c8ceeff
2000462c:	c08d6308 	.word	0xc08d6308
20004630:	210a1570 	.word	0x210a1570
20004634:	01c370fd 	.word	0x01c370fd
20004638:	966c0810 	.word	0x966c0810
2000463c:	74be0f16 	.word	0x74be0f16
20004640:	4c601e7d 	.word	0x4c601e7d
20004644:	a6d50684 	.word	0xa6d50684
20004648:	61167403 	.word	0x61167403
2000464c:	8046d817 	.word	0x8046d817
20004650:	502eb0ac 	.word	0x502eb0ac
20004654:	fba47476 	.word	0xfba47476
20004658:	81f043ae 	.word	0x81f043ae
2000465c:	8ebd8ee8 	.word	0x8ebd8ee8
20004660:	01a3001a 	.word	0x01a3001a
20004664:	519f6404 	.word	0x519f6404
20004668:	4055ac4e 	.word	0x4055ac4e
2000466c:	4e2ef70c 	.word	0x4e2ef70c
20004670:	d6508017 	.word	0xd6508017
20004674:	b017a90d 	.word	0xb017a90d
20004678:	b708524d 	.word	0xb708524d
2000467c:	ae12c0e6 	.word	0xae12c0e6
20004680:	354202c4 	.word	0x354202c4
20004684:	0e6ec0a7 	.word	0x0e6ec0a7
20004688:	09563801 	.word	0x09563801
2000468c:	20974edd 	.word	0x20974edd
20004690:	a70300d9 	.word	0xa70300d9
20004694:	47a16e71 	.word	0x47a16e71
20004698:	f66d0561 	.word	0xf66d0561
2000469c:	24820282 	.word	0x24820282
200046a0:	bf70849f 	.word	0xbf70849f
200046a4:	8fde78c1 	.word	0x8fde78c1
200046a8:	be7644c7 	.word	0xbe7644c7
200046ac:	01803016 	.word	0x01803016
200046b0:	1062169b 	.word	0x1062169b
200046b4:	a824960f 	.word	0xa824960f
200046b8:	447f09c2 	.word	0x447f09c2
200046bc:	bb572e3f 	.word	0xbb572e3f
200046c0:	d11e466d 	.word	0xd11e466d
200046c4:	4a0f87ac 	.word	0x4a0f87ac
200046c8:	864b60ff 	.word	0x864b60ff
200046cc:	36e04d37 	.word	0x36e04d37
200046d0:	176ec718 	.word	0x176ec718
200046d4:	8f6ec6e0 	.word	0x8f6ec6e0
200046d8:	641e9f10 	.word	0x641e9f10
200046dc:	65066c8c 	.word	0x65066c8c
200046e0:	2e97588c 	.word	0x2e97588c
200046e4:	1634bf7e 	.word	0x1634bf7e
200046e8:	b61070ac 	.word	0xb61070ac
200046ec:	0630af65 	.word	0x0630af65
200046f0:	37fb00b6 	.word	0x37fb00b6
200046f4:	fe0c8027 	.word	0xfe0c8027
200046f8:	703847ec 	.word	0x703847ec
200046fc:	d1ac6eef 	.word	0xd1ac6eef
20004700:	4e670004 	.word	0x4e670004
20004704:	7797e6be 	.word	0x7797e6be
20004708:	d5df68d0 	.word	0xd5df68d0
2000470c:	a210f03e 	.word	0xa210f03e
20004710:	d5af818c 	.word	0xd5af818c
20004714:	66245c76 	.word	0x66245c76
20004718:	0cf0071a 	.word	0x0cf0071a
2000471c:	ac2edfef 	.word	0xac2edfef
20004720:	acc0107c 	.word	0xacc0107c
20004724:	af19218c 	.word	0xaf19218c
20004728:	eec2166b 	.word	0xeec2166b
2000472c:	879e0551 	.word	0x879e0551
20004730:	0636058e 	.word	0x0636058e
20004734:	365d5f0f 	.word	0x365d5f0f
20004738:	763f63c2 	.word	0x763f63c2
2000473c:	c8e3008f 	.word	0xc8e3008f
20004740:	8b97653f 	.word	0x8b97653f
20004744:	38e48437 	.word	0x38e48437
20004748:	3efd0866 	.word	0x3efd0866
2000474c:	81246302 	.word	0x81246302
20004750:	e5377d47 	.word	0xe5377d47
20004754:	276b160a 	.word	0x276b160a
20004758:	21c14f06 	.word	0x21c14f06
2000475c:	942067ed 	.word	0x942067ed
20004760:	dd46d117 	.word	0xdd46d117
20004764:	10d6bb36 	.word	0x10d6bb36
20004768:	8808c436 	.word	0x8808c436
2000476c:	975657e9 	.word	0x975657e9
20004770:	f697c0cb 	.word	0xf697c0cb
20004774:	8e44c097 	.word	0x8e44c097
20004778:	fe4eb009 	.word	0xfe4eb009
2000477c:	f79d0674 	.word	0xf79d0674
20004780:	0644bc28 	.word	0x0644bc28
20004784:	32ff3c65 	.word	0x32ff3c65
20004788:	a056074e 	.word	0xa056074e
2000478c:	edaf5000 	.word	0xedaf5000
20004790:	25b6ee47 	.word	0x25b6ee47
20004794:	af082085 	.word	0xaf082085
20004798:	6687edc2 	.word	0x6687edc2
2000479c:	4e70c027 	.word	0x4e70c027
200047a0:	74a0b650 	.word	0x74a0b650
200047a4:	eac6157f 	.word	0xeac6157f
200047a8:	df070300 	.word	0xdf070300
200047ac:	a226245a 	.word	0xa226245a
200047b0:	5dd0a708 	.word	0x5dd0a708
200047b4:	37a43c8e 	.word	0x37a43c8e
200047b8:	8227eece 	.word	0x8227eece
200047bc:	3cdd2600 	.word	0x3cdd2600
200047c0:	37ce3e0a 	.word	0x37ce3e0a
200047c4:	06c7cd1f 	.word	0x06c7cd1f
200047c8:	42e2e47e 	.word	0x42e2e47e
200047cc:	41041834 	.word	0x41041834
200047d0:	6c2b3e36 	.word	0x6c2b3e36
200047d4:	360e7fc8 	.word	0x360e7fc8
200047d8:	1c07bed0 	.word	0x1c07bed0
200047dc:	e2d60a3f 	.word	0xe2d60a3f
200047e0:	821a9fc7 	.word	0x821a9fc7
200047e4:	bfd807ee 	.word	0xbfd807ee
200047e8:	e607e65d 	.word	0xe607e65d
200047ec:	df4614ba 	.word	0xdf4614ba
200047f0:	90426046 	.word	0x90426046
200047f4:	4036fe2e 	.word	0x4036fe2e
200047f8:	cc1129e9 	.word	0xcc1129e9
200047fc:	2d7ea300 	.word	0x2d7ea300
20004800:	bc4d2c9c 	.word	0xbc4d2c9c
20004804:	972905f6 	.word	0x972905f6
20004808:	6eecffde 	.word	0x6eecffde
2000480c:	ceb00202 	.word	0xceb00202
20004810:	200f3814 	.word	0x200f3814
20004814:	409417e0 	.word	0x409417e0
20004818:	1fec1302 	.word	0x1fec1302
2000481c:	45052337 	.word	0x45052337
20004820:	2ffc88df 	.word	0x2ffc88df
20004824:	c24c3c04 	.word	0xc24c3c04
20004828:	3bc6e287 	.word	0x3bc6e287
2000482c:	08c6de16 	.word	0x08c6de16
20004830:	1786c112 	.word	0x1786c112
20004834:	02be3918 	.word	0x02be3918
20004838:	607dc62e 	.word	0x607dc62e
2000483c:	031fa602 	.word	0x031fa602
20004840:	2fc8be0e 	.word	0x2fc8be0e
20004844:	10fc103e 	.word	0x10fc103e
20004848:	8e0eae52 	.word	0x8e0eae52
2000484c:	2ede6514 	.word	0x2ede6514
20004850:	5e23f48e 	.word	0x5e23f48e
20004854:	5ac048e1 	.word	0x5ac048e1
20004858:	bef7c827 	.word	0xbef7c827
2000485c:	b018e625 	.word	0xb018e625
20004860:	3100016e 	.word	0x3100016e
20004864:	36101c77 	.word	0x36101c77
20004868:	0629256e 	.word	0x0629256e
2000486c:	c153a72e 	.word	0xc153a72e
20004870:	169f3846 	.word	0x169f3846
20004874:	04192006 	.word	0x04192006
20004878:	a3a85f1f 	.word	0xa3a85f1f
2000487c:	20808fee 	.word	0x20808fee
20004880:	9ff00202 	.word	0x9ff00202
20004884:	118cae5d 	.word	0x118cae5d
20004888:	be171f5d 	.word	0xbe171f5d
2000488c:	8049202a 	.word	0x8049202a
20004890:	4ddebd00 	.word	0x4ddebd00
20004894:	96247e58 	.word	0x96247e58
20004898:	0237520a 	.word	0x0237520a
2000489c:	dc0b2696 	.word	0xdc0b2696
200048a0:	266d27a4 	.word	0x266d27a4
200048a4:	76a02929 	.word	0x76a02929
200048a8:	9e5c61a6 	.word	0x9e5c61a6
200048ac:	66d08fa7 	.word	0x66d08fa7
200048b0:	9e42b51e 	.word	0x9e42b51e
200048b4:	87960a11 	.word	0x87960a11
200048b8:	6a6c2f01 	.word	0x6a6c2f01
200048bc:	278347eb 	.word	0x278347eb
200048c0:	1696ed25 	.word	0x1696ed25
200048c4:	4d278da2 	.word	0x4d278da2
200048c8:	5b68805f 	.word	0x5b68805f
200048cc:	aa5026f7 	.word	0xaa5026f7
200048d0:	81433eec 	.word	0x81433eec
200048d4:	08876623 	.word	0x08876623
200048d8:	e7ce1d9e 	.word	0xe7ce1d9e
200048dc:	05cf4f01 	.word	0x05cf4f01
200048e0:	ffb8aee3 	.word	0xffb8aee3
200048e4:	b5a74f01 	.word	0xb5a74f01
200048e8:	6f0882e2 	.word	0x6f0882e2
200048ec:	07e6b2af 	.word	0x07e6b2af
200048f0:	24db0966 	.word	0x24db0966
200048f4:	306d1f04 	.word	0x306d1f04
200048f8:	57a1ac43 	.word	0x57a1ac43
200048fc:	780800c0 	.word	0x780800c0
20004900:	bfcd52f7 	.word	0xbfcd52f7
20004904:	47562c16 	.word	0x47562c16
20004908:	a3044668 	.word	0xa3044668
2000490c:	5e17732f 	.word	0x5e17732f
20004910:	c8018460 	.word	0xc8018460
20004914:	28a7f0e7 	.word	0x28a7f0e7
20004918:	002ae65f 	.word	0x002ae65f
2000491c:	ed211448 	.word	0xed211448
20004920:	36014218 	.word	0x36014218
20004924:	a0853d05 	.word	0xa0853d05
20004928:	1e6b6096 	.word	0x1e6b6096
2000492c:	e396ecbe 	.word	0xe396ecbe
20004930:	e9f6d88c 	.word	0xe9f6d88c
20004934:	d49696ac 	.word	0xd49696ac
20004938:	0663e3e6 	.word	0x0663e3e6
2000493c:	aef44eaa 	.word	0xaef44eaa
20004940:	f7b1f8bf 	.word	0xf7b1f8bf
20004944:	2f4e44a0 	.word	0x2f4e44a0
20004948:	a1446647 	.word	0xa1446647
2000494c:	de269fb0 	.word	0xde269fb0
20004950:	8fa3c372 	.word	0x8fa3c372
20004954:	772ca30f 	.word	0x772ca30f
20004958:	a300e836 	.word	0xa300e836
2000495c:	e7285f7d 	.word	0xe7285f7d
20004960:	2f0ee416 	.word	0x2f0ee416
20004964:	e01624bd 	.word	0xe01624bd
20004968:	16202fbb 	.word	0x16202fbb
2000496c:	1ccfdcc9 	.word	0x1ccfdcc9
20004970:	3c1827d8 	.word	0x3c1827d8
20004974:	97c0e1d4 	.word	0x97c0e1d4
20004978:	ad80ae23 	.word	0xad80ae23
2000497c:	9d7b06e0 	.word	0x9d7b06e0
20004980:	c46d8066 	.word	0xc46d8066
20004984:	062f8cab 	.word	0x062f8cab
20004988:	eee30669 	.word	0xeee30669
2000498c:	a0d2276b 	.word	0xa0d2276b
20004990:	3017e5ce 	.word	0x3017e5ce
20004994:	a5c6b4df 	.word	0xa5c6b4df
20004998:	a6ae5c08 	.word	0xa6ae5c08
2000499c:	36627caf 	.word	0x36627caf
200049a0:	88a70e05 	.word	0x88a70e05
200049a4:	e84f83af 	.word	0xe84f83af
200049a8:	281610a7 	.word	0x281610a7
200049ac:	167bafc6 	.word	0x167bafc6
200049b0:	98802610 	.word	0x98802610
200049b4:	a177b61f 	.word	0xa177b61f
200049b8:	7762ff16 	.word	0x7762ff16
200049bc:	7fc76714 	.word	0x7fc76714
200049c0:	8f8f5b0d 	.word	0x8f8f5b0d
200049c4:	4cdec790 	.word	0x4cdec790
200049c8:	df35878c 	.word	0xdf35878c
200049cc:	166e18e9 	.word	0x166e18e9
200049d0:	8f986485 	.word	0x8f986485
200049d4:	2f3e8491 	.word	0x2f3e8491
200049d8:	78163c11 	.word	0x78163c11
200049dc:	8e4d5a8e 	.word	0x8e4d5a8e
200049e0:	ff571623 	.word	0xff571623
200049e4:	10ae0311 	.word	0x10ae0311
200049e8:	46822211 	.word	0x46822211
200049ec:	42d7d018 	.word	0x42d7d018
200049f0:	43a4ff39 	.word	0x43a4ff39
200049f4:	365e9f18 	.word	0x365e9f18
200049f8:	2d06daa2 	.word	0x2d06daa2
200049fc:	e0070782 	.word	0xe0070782
20004a00:	4b1c29a2 	.word	0x4b1c29a2
20004a04:	8f045547 	.word	0x8f045547
20004a08:	849788f8 	.word	0x849788f8
20004a0c:	c6af5199 	.word	0xc6af5199
20004a10:	9ff00a11 	.word	0x9ff00a11
20004a14:	971fb316 	.word	0x971fb316
20004a18:	a1fea2d6 	.word	0xa1fea2d6
20004a1c:	681f9d19 	.word	0x681f9d19
20004a20:	d018926d 	.word	0xd018926d
20004a24:	a268ae3e 	.word	0xa268ae3e
20004a28:	8da5469f 	.word	0x8da5469f
20004a2c:	6f273c10 	.word	0x6f273c10
20004a30:	c087ba8f 	.word	0xc087ba8f
20004a34:	a70c0846 	.word	0xa70c0846
20004a38:	1476c600 	.word	0x1476c600
20004a3c:	10db3edf 	.word	0x10db3edf
20004a40:	94e13798 	.word	0x94e13798
20004a44:	a6f08517 	.word	0xa6f08517
20004a48:	bf6623a4 	.word	0xbf6623a4
20004a4c:	a5a55c0e 	.word	0xa5a55c0e
20004a50:	af7924a0 	.word	0xaf7924a0
20004a54:	789e81b0 	.word	0x789e81b0
20004a58:	2604e484 	.word	0x2604e484
20004a5c:	b23f5e10 	.word	0xb23f5e10
20004a60:	0e24ff0f 	.word	0x0e24ff0f
20004a64:	c03ea51e 	.word	0xc03ea51e
20004a68:	f8de3fc0 	.word	0xf8de3fc0
20004a6c:	7625a4ac 	.word	0x7625a4ac
20004a70:	d6012c27 	.word	0xd6012c27
20004a74:	be1fc766 	.word	0xbe1fc766
20004a78:	16a5ff32 	.word	0x16a5ff32
20004a7c:	10ccd7f7 	.word	0x10ccd7f7
20004a80:	258c8c45 	.word	0x258c8c45
20004a84:	5bd870b7 	.word	0x5bd870b7
20004a88:	06b49f97 	.word	0x06b49f97
20004a8c:	477e3f1f 	.word	0x477e3f1f
20004a90:	51066c80 	.word	0x51066c80
20004a94:	f6afc190 	.word	0xf6afc190
20004a98:	43be1f02 	.word	0x43be1f02
20004a9c:	24805216 	.word	0x24805216
20004aa0:	468937d7 	.word	0x468937d7
20004aa4:	45374f85 	.word	0x45374f85
20004aa8:	f07e6b0e 	.word	0xf07e6b0e
20004aac:	88257e77 	.word	0x88257e77
20004ab0:	7ba00223 	.word	0x7ba00223
20004ab4:	1f82af5f 	.word	0x1f82af5f
20004ab8:	bf7c46f6 	.word	0xbf7c46f6
20004abc:	de5b2c82 	.word	0xde5b2c82
20004ac0:	21479810 	.word	0x21479810
20004ac4:	323108b1 	.word	0x323108b1
20004ac8:	55372314 	.word	0x55372314
20004acc:	10032996 	.word	0x10032996
20004ad0:	05af8f4e 	.word	0x05af8f4e
20004ad4:	97d6d43e 	.word	0x97d6d43e
20004ad8:	ab8770a5 	.word	0xab8770a5
20004adc:	02b420fe 	.word	0x02b420fe
20004ae0:	9830f09f 	.word	0x9830f09f
20004ae4:	cd142f52 	.word	0xcd142f52
20004ae8:	0e6fdde7 	.word	0x0e6fdde7
20004aec:	f6587684 	.word	0xf6587684
20004af0:	5f8fa5ee 	.word	0x5f8fa5ee
20004af4:	473b5e47 	.word	0x473b5e47
20004af8:	f7149864 	.word	0xf7149864
20004afc:	453458fd 	.word	0x453458fd
20004b00:	46c35080 	.word	0x46c35080
20004b04:	b1ae0ed6 	.word	0xb1ae0ed6
20004b08:	76ae5765 	.word	0x76ae5765
20004b0c:	c85f1cb0 	.word	0xc85f1cb0
20004b10:	b798da38 	.word	0xb798da38
20004b14:	67f883c0 	.word	0x67f883c0
20004b18:	7e7c8fb2 	.word	0x7e7c8fb2
20004b1c:	3757208f 	.word	0x3757208f
20004b20:	849891d0 	.word	0x849891d0
20004b24:	8fafc830 	.word	0x8fafc830
20004b28:	4707d066 	.word	0x4707d066
20004b2c:	5c368001 	.word	0x5c368001
20004b30:	000ce1f7 	.word	0x000ce1f7
20004b34:	26b2ef51 	.word	0x26b2ef51
20004b38:	afe327c6 	.word	0xafe327c6
20004b3c:	4620ea1f 	.word	0x4620ea1f
20004b40:	dcee1187 	.word	0xdcee1187
20004b44:	ee238ef4 	.word	0xee238ef4
20004b48:	0d2f9773 	.word	0x0d2f9773
20004b4c:	2f96dcfc 	.word	0x2f96dcfc
20004b50:	365867b7 	.word	0x365867b7
20004b54:	cb998c17 	.word	0xcb998c17
20004b58:	10a71727 	.word	0x10a71727
20004b5c:	9f4e1481 	.word	0x9f4e1481
20004b60:	1709994c 	.word	0x1709994c
20004b64:	67c7ec0a 	.word	0x67c7ec0a
20004b68:	4fae884d 	.word	0x4fae884d
20004b6c:	b7b64294 	.word	0xb7b64294
20004b70:	67d7c006 	.word	0x67d7c006
20004b74:	005e21fc 	.word	0x005e21fc
20004b78:	34da4986 	.word	0x34da4986
20004b7c:	6c64179a 	.word	0x6c64179a
20004b80:	97d99cb9 	.word	0x97d99cb9
20004b84:	e82f05a7 	.word	0xe82f05a7
20004b88:	46ec8678 	.word	0x46ec8678
20004b8c:	0853a79a 	.word	0x0853a79a
20004b90:	24849bec 	.word	0x24849bec
20004b94:	9b403857 	.word	0x9b403857
20004b98:	67c007a5 	.word	0x67c007a5
20004b9c:	87501f87 	.word	0x87501f87
20004ba0:	175d7762 	.word	0x175d7762
20004ba4:	dfe4b184 	.word	0xdfe4b184
20004ba8:	998c08fc 	.word	0x998c08fc
20004bac:	4f102484 	.word	0x4f102484
20004bb0:	6c0e7f0b 	.word	0x6c0e7f0b
20004bb4:	25f0499b 	.word	0x25f0499b
20004bb8:	c0008068 	.word	0xc0008068
20004bbc:	22572c0f 	.word	0x22572c0f
20004bc0:	d800be30 	.word	0xd800be30
20004bc4:	a99b9c87 	.word	0xa99b9c87
20004bc8:	0814f047 	.word	0x0814f047
20004bcc:	0fc1ac45 	.word	0x0fc1ac45
20004bd0:	12b78528 	.word	0x12b78528
20004bd4:	b82feca7 	.word	0xb82feca7
20004bd8:	9c9c8c9b 	.word	0x9c9c8c9b
20004bdc:	e69f16d8 	.word	0xe69f16d8
20004be0:	f81cc73f 	.word	0xf81cc73f
20004be4:	4c17319b 	.word	0x4c17319b
20004be8:	aaaf1480 	.word	0xaaaf1480
20004bec:	179cb44e 	.word	0x179cb44e
20004bf0:	947260c9 	.word	0x947260c9
20004bf4:	c33c06f0 	.word	0xc33c06f0
20004bf8:	1e7ed067 	.word	0x1e7ed067
20004bfc:	1ac69cc8 	.word	0x1ac69cc8
20004c00:	86043d6f 	.word	0x86043d6f
20004c04:	4c76cf8a 	.word	0x4c76cf8a
20004c08:	089d9f87 	.word	0x089d9f87
20004c0c:	3c17a69d 	.word	0x3c17a69d
20004c10:	c56c964b 	.word	0xc56c964b
20004c14:	3c0d0ecf 	.word	0x3c0d0ecf
20004c18:	46f6d7c2 	.word	0x46f6d7c2
20004c1c:	941bdf25 	.word	0x941bdf25
20004c20:	6c361b97 	.word	0x6c361b97
20004c24:	e7869db4 	.word	0xe7869db4
20004c28:	bc4e2f37 	.word	0xbc4e2f37
20004c2c:	38466731 	.word	0x38466731
20004c30:	9e10a7e7 	.word	0x9e10a7e7
20004c34:	5cc0bf0c 	.word	0x5cc0bf0c
20004c38:	4cf1572b 	.word	0x4cf1572b
20004c3c:	c024849e 	.word	0xc024849e
20004c40:	b58f87d7 	.word	0xb58f87d7
20004c44:	3fb4c127 	.word	0x3fb4c127
20004c48:	9eb40c3c 	.word	0x9eb40c3c
20004c4c:	b8523730 	.word	0xb8523730
20004c50:	585460b7 	.word	0x585460b7
20004c54:	a760297f 	.word	0xa760297f
20004c58:	f0f077bd 	.word	0xf0f077bd
20004c5c:	4d30420f 	.word	0x4d30420f
20004c60:	b7e6e72c 	.word	0xb7e6e72c
20004c64:	9ec4c006 	.word	0x9ec4c006
20004c68:	9ecc4727 	.word	0x9ecc4727
20004c6c:	51f78c02 	.word	0x51f78c02
20004c70:	6f9fc17f 	.word	0x6f9fc17f
20004c74:	479f644e 	.word	0x479f644e
20004c78:	8c1110d0 	.word	0x8c1110d0
20004c7c:	17f6082f 	.word	0x17f6082f
20004c80:	e478643f 	.word	0xe478643f
20004c84:	88930b8e 	.word	0x88930b8e
20004c88:	86ffad58 	.word	0x86ffad58
20004c8c:	a0709037 	.word	0xa0709037
20004c90:	2f81bfed 	.word	0x2f81bfed
20004c94:	4a2b989e 	.word	0x4a2b989e
20004c98:	5082a0e7 	.word	0x5082a0e7
20004c9c:	2e04eebf 	.word	0x2e04eebf
20004ca0:	37477b84 	.word	0x37477b84
20004ca4:	0fe1a833 	.word	0x0fe1a833
20004ca8:	6fc149e6 	.word	0x6fc149e6
20004cac:	a5e624e0 	.word	0xa5e624e0
20004cb0:	4f57ceaf 	.word	0x4f57ceaf
20004cb4:	e7d6b09f 	.word	0xe7d6b09f
20004cb8:	0df74601 	.word	0x0df74601
20004cbc:	9fea9771 	.word	0x9fea9771
20004cc0:	e9778084 	.word	0xe9778084
20004cc4:	70fe18b5 	.word	0x70fe18b5
20004cc8:	a097c05e 	.word	0xa097c05e
20004ccc:	97c367a8 	.word	0x97c367a8
20004cd0:	fcd65f48 	.word	0xfcd65f48
20004cd4:	fbdb7f15 	.word	0xfbdb7f15
20004cd8:	174b0b67 	.word	0x174b0b67
20004cdc:	2ee12344 	.word	0x2ee12344
20004ce0:	ae64f618 	.word	0xae64f618
20004ce4:	e11421ee 	.word	0xe11421ee
20004ce8:	ac0e2a9e 	.word	0xac0e2a9e
20004cec:	00277620 	.word	0x00277620
20004cf0:	fbef3585 	.word	0xfbef3585
20004cf4:	4fac4308 	.word	0x4fac4308
20004cf8:	ac0f2502 	.word	0xac0f2502
20004cfc:	a40c4f28 	.word	0xa40c4f28
20004d00:	a4d0c481 	.word	0xa4d0c481
20004d04:	feaf0157 	.word	0xfeaf0157
20004d08:	87ae0020 	.word	0x87ae0020
20004d0c:	34c8389f 	.word	0x34c8389f
20004d10:	0aaaa77e 	.word	0x0aaaa77e
20004d14:	2380e00f 	.word	0x2380e00f
20004d18:	f15669ff 	.word	0xf15669ff
20004d1c:	ff74df6e 	.word	0xff74df6e
20004d20:	054fb8e6 	.word	0x054fb8e6
20004d24:	4c065f86 	.word	0x4c065f86
20004d28:	85f29f7a 	.word	0x85f29f7a
20004d2c:	fff83eef 	.word	0xfff83eef
20004d30:	9e1414e4 	.word	0x9e1414e4
20004d34:	623781de 	.word	0x623781de
20004d38:	8fe2966e 	.word	0x8fe2966e
20004d3c:	16034821 	.word	0x16034821
20004d40:	250481f1 	.word	0x250481f1
20004d44:	308e9b40 	.word	0x308e9b40
20004d48:	ed018820 	.word	0xed018820
20004d4c:	c0a11eb6 	.word	0xc0a11eb6
20004d50:	c6472104 	.word	0xc6472104
20004d54:	a7071038 	.word	0xa7071038
20004d58:	290200fb 	.word	0x290200fb
20004d5c:	20542629 	.word	0x20542629
20004d60:	5510fff8 	.word	0x5510fff8
20004d64:	9646234e 	.word	0x9646234e
20004d68:	28bea141 	.word	0x28bea141
20004d6c:	16dac706 	.word	0x16dac706
20004d70:	3826d807 	.word	0x3826d807
20004d74:	8e1640e5 	.word	0x8e1640e5
20004d78:	45fb18c0 	.word	0x45fb18c0
20004d7c:	3980bc14 	.word	0x3980bc14
20004d80:	09ecbed2 	.word	0x09ecbed2
20004d84:	8920243c 	.word	0x8920243c
20004d88:	9c277a92 	.word	0x9c277a92
20004d8c:	5710ca26 	.word	0x5710ca26
20004d90:	3484ffce 	.word	0x3484ffce
20004d94:	0e863a13 	.word	0x0e863a13
20004d98:	9eb822fe 	.word	0x9eb822fe
20004d9c:	c2320a00 	.word	0xc2320a00
20004da0:	3cc2bf9e 	.word	0x3cc2bf9e
20004da4:	117fce07 	.word	0x117fce07
20004da8:	26e79759 	.word	0x26e79759
20004dac:	a7039403 	.word	0xa7039403
20004db0:	6e62de7e 	.word	0x6e62de7e
20004db4:	ff06d760 	.word	0xff06d760
20004db8:	8e370922 	.word	0x8e370922
20004dbc:	b2102434 	.word	0xb2102434
20004dc0:	3ee96f43 	.word	0x3ee96f43
20004dc4:	81b7761b 	.word	0x81b7761b
20004dc8:	5ea8414e 	.word	0x5ea8414e
20004dcc:	5b00e6ea 	.word	0x5b00e6ea
20004dd0:	654f06be 	.word	0x654f06be
20004dd4:	dec24067 	.word	0xdec24067
20004dd8:	c20ef714 	.word	0xc20ef714
20004ddc:	27a6c217 	.word	0x27a6c217
20004de0:	1e7e0b0e 	.word	0x1e7e0b0e
20004de4:	9eb12843 	.word	0x9eb12843
20004de8:	2bfe4925 	.word	0x2bfe4925
20004dec:	4021e226 	.word	0x4021e226
20004df0:	572f4a44 	.word	0x572f4a44
20004df4:	a646332e 	.word	0xa646332e
20004df8:	c57ff87c 	.word	0xc57ff87c
20004dfc:	5f3a24ac 	.word	0x5f3a24ac
20004e00:	56e8147f 	.word	0x56e8147f
20004e04:	c6b0c248 	.word	0xc6b0c248
20004e08:	56fa4738 	.word	0x56fa4738
20004e0c:	fec68cc4 	.word	0xfec68cc4
20004e10:	0067ce0a 	.word	0x0067ce0a
20004e14:	0123962c 	.word	0x0123962c
20004e18:	01c8d674 	.word	0x01c8d674
20004e1c:	acc996dc 	.word	0xacc996dc
20004e20:	15364e91 	.word	0x15364e91
20004e24:	9809c720 	.word	0x9809c720
20004e28:	56383ebe 	.word	0x56383ebe
20004e2c:	66fe83c2 	.word	0x66fe83c2
20004e30:	db10273a 	.word	0xdb10273a
20004e34:	2718acda 	.word	0x2718acda
20004e38:	609120e6 	.word	0x609120e6
20004e3c:	5d1c149e 	.word	0x5d1c149e
20004e40:	665e6ee0 	.word	0x665e6ee0
20004e44:	fa7e1827 	.word	0xfa7e1827
20004e48:	7bb20dff 	.word	0x7bb20dff
20004e4c:	60b6ac2e 	.word	0x60b6ac2e
20004e50:	0f4f0162 	.word	0x0f4f0162
20004e54:	0ec5add6 	.word	0x0ec5add6
20004e58:	ce700240 	.word	0xce700240
20004e5c:	8a70d67e 	.word	0x8a70d67e
20004e60:	c54e1701 	.word	0xc54e1701
20004e64:	1cc4ee7f 	.word	0x1cc4ee7f
20004e68:	8fa7dff6 	.word	0x8fa7dff6
20004e6c:	47b3be17 	.word	0x47b3be17
20004e70:	2f01b980 	.word	0x2f01b980
20004e74:	7d274fcc 	.word	0x7d274fcc
20004e78:	cc01c030 	.word	0xcc01c030
20004e7c:	2e8a2f77 	.word	0x2e8a2f77
20004e80:	ec832772 	.word	0xec832772
20004e84:	a8102e7f 	.word	0xa8102e7f
20004e88:	7dca25b6 	.word	0x7dca25b6
20004e8c:	243ea34f 	.word	0x243ea34f
20004e90:	7a286fae 	.word	0x7a286fae
20004e94:	78379622 	.word	0x78379622
20004e98:	3c93220e 	.word	0x3c93220e
20004e9c:	416e639f 	.word	0x416e639f
20004ea0:	a058b7da 	.word	0xa058b7da
20004ea4:	bec0be0d 	.word	0xbec0be0d
20004ea8:	0a686f00 	.word	0x0a686f00
20004eac:	4efb336e 	.word	0x4efb336e
20004eb0:	3c473333 	.word	0x3c473333
20004eb4:	00a7fffc 	.word	0x00a7fffc
20004eb8:	25862e58 	.word	0x25862e58
20004ebc:	46af8a66 	.word	0x46af8a66
20004ec0:	cd2506e8 	.word	0xcd2506e8
20004ec4:	b1411a1f 	.word	0xb1411a1f
20004ec8:	1d4f117e 	.word	0x1d4f117e
20004ecc:	11d238ef 	.word	0x11d238ef
20004ed0:	dfc7874e 	.word	0xdfc7874e
20004ed4:	340f4711 	.word	0x340f4711
20004ed8:	8c4611ee 	.word	0x8c4611ee
20004edc:	09e604e7 	.word	0x09e604e7
20004ee0:	02dfd836 	.word	0x02dfd836
20004ee4:	bfe319f2 	.word	0xbfe319f2
20004ee8:	58d3670f 	.word	0x58d3670f
20004eec:	13007827 	.word	0x13007827
20004ef0:	ca1ff840 	.word	0xca1ff840
20004ef4:	b6fa0125 	.word	0xb6fa0125
20004ef8:	05ee0066 	.word	0x05ee0066
20004efc:	24f11964 	.word	0x24f11964
20004f00:	5f0d5880 	.word	0x5f0d5880
20004f04:	030b580e 	.word	0x030b580e
20004f08:	ec800016 	.word	0xec800016
20004f0c:	8d622e3b 	.word	0x8d622e3b
20004f10:	10ef3343 	.word	0x10ef3343
20004f14:	82e70983 	.word	0x82e70983
20004f18:	25128436 	.word	0x25128436
20004f1c:	c30fc3ef 	.word	0xc30fc3ef
20004f20:	06f6834f 	.word	0x06f6834f
20004f24:	fff5f6ec 	.word	0xfff5f6ec
20004f28:	bf5615cc 	.word	0xbf5615cc
20004f2c:	25ad5e6b 	.word	0x25ad5e6b
20004f30:	b9fffcef 	.word	0xb9fffcef
20004f34:	4a000b15 	.word	0x4a000b15
20004f38:	445c5f10 	.word	0x445c5f10
20004f3c:	4f42c185 	.word	0x4f42c185
20004f40:	c27021fc 	.word	0xc27021fc
20004f44:	8d6f1001 	.word	0x8d6f1001
20004f48:	2025febb 	.word	0x2025febb
20004f4c:	6f66d670 	.word	0x6f66d670
20004f50:	77a683b6 	.word	0x77a683b6
20004f54:	c2a426b5 	.word	0xc2a426b5
20004f58:	a40efb17 	.word	0xa40efb17
20004f5c:	b93e408f 	.word	0xb93e408f
20004f60:	2747cc27 	.word	0x2747cc27
20004f64:	04587032 	.word	0x04587032
20004f68:	3a043047 	.word	0x3a043047
20004f6c:	33d060a7 	.word	0x33d060a7
20004f70:	118128b7 	.word	0x118128b7
20004f74:	9f0da6f0 	.word	0x9f0da6f0
20004f78:	a485a027 	.word	0xa485a027
20004f7c:	31240fe8 	.word	0x31240fe8
20004f80:	8d969106 	.word	0x8d969106
20004f84:	e65406c0 	.word	0xe65406c0
20004f88:	601f0b0e 	.word	0x601f0b0e
20004f8c:	d754a044 	.word	0xd754a044
20004f90:	87a0847b 	.word	0x87a0847b
20004f94:	7fb02033 	.word	0x7fb02033
20004f98:	c4b7fd85 	.word	0xc4b7fd85
20004f9c:	bc478625 	.word	0xbc478625
20004fa0:	4a4b1c4e 	.word	0x4a4b1c4e
20004fa4:	e4843fbc 	.word	0xe4843fbc
20004fa8:	033bef6a 	.word	0x033bef6a
20004fac:	ffe7e6de 	.word	0xffe7e6de
20004fb0:	e4af7761 	.word	0xe4af7761
20004fb4:	7664be8e 	.word	0x7664be8e
20004fb8:	77211825 	.word	0x77211825
20004fbc:	84110cfc 	.word	0x84110cfc
20004fc0:	ee60458c 	.word	0xee60458c
20004fc4:	40af7e4f 	.word	0x40af7e4f
20004fc8:	4e3d1a1a 	.word	0x4e3d1a1a
20004fcc:	280fd8c0 	.word	0x280fd8c0
20004fd0:	2812ada3 	.word	0x2812ada3
20004fd4:	3f1fe005 	.word	0x3f1fe005
20004fd8:	a5110876 	.word	0xa5110876
20004fdc:	38408cf7 	.word	0x38408cf7
20004fe0:	a5804e02 	.word	0xa5804e02
20004fe4:	cea79eaa 	.word	0xcea79eaa
20004fe8:	a69a1646 	.word	0xa69a1646
20004fec:	a74ef7e2 	.word	0xa74ef7e2
20004ff0:	b607833e 	.word	0xb607833e
20004ff4:	f4bfe787 	.word	0xf4bfe787
20004ff8:	0ae7fffd 	.word	0x0ae7fffd
20004ffc:	9d02e7ce 	.word	0x9d02e7ce
20005000:	1087e0ce 	.word	0x1087e0ce
20005004:	fff677af 	.word	0xfff677af
20005008:	ee821f47 	.word	0xee821f47
2000500c:	1ea8e081 	.word	0x1ea8e081
20005010:	42be9f44 	.word	0x42be9f44
20005014:	1f46002c 	.word	0x1f46002c
20005018:	6361e8c1 	.word	0x6361e8c1
2000501c:	c047262c 	.word	0xc047262c
20005020:	16f6831a 	.word	0x16f6831a
20005024:	c5c64462 	.word	0xc5c64462
20005028:	ff0b0eee 	.word	0xff0b0eee
2000502c:	ff0be70b 	.word	0xff0be70b
20005030:	8b01b70a 	.word	0x8b01b70a
20005034:	270a7604 	.word	0x270a7604
20005038:	46c60b77 	.word	0x46c60b77
2000503c:	d4c892e7 	.word	0xd4c892e7
20005040:	3745f796 	.word	0x3745f796
20005044:	c03608c3 	.word	0xc03608c3
20005048:	ec7e6c28 	.word	0xec7e6c28
2000504c:	46600dff 	.word	0x46600dff
20005050:	275ee209 	.word	0x275ee209
20005054:	64b3a046 	.word	0x64b3a046
20005058:	c8960d9f 	.word	0xc8960d9f
2000505c:	69d61ac7 	.word	0x69d61ac7
20005060:	a6c70b1e 	.word	0xa6c70b1e
20005064:	6807bd00 	.word	0x6807bd00
20005068:	8fce608f 	.word	0x8fce608f
2000506c:	9ba9ef0c 	.word	0x9ba9ef0c
20005070:	858d01fe 	.word	0x858d01fe
20005074:	cc872ef2 	.word	0xcc872ef2
20005078:	0cb8a01f 	.word	0x0cb8a01f
2000507c:	bda7c390 	.word	0xbda7c390
20005080:	4cfff7ee 	.word	0x4cfff7ee
20005084:	482fc315 	.word	0x482fc315
20005088:	0712b7f8 	.word	0x0712b7f8
2000508c:	3cf813b6 	.word	0x3cf813b6
20005090:	26317bd4 	.word	0x26317bd4
20005094:	c056fc0b 	.word	0xc056fc0b
20005098:	4426527b 	.word	0x4426527b
2000509c:	7376ceed 	.word	0x7376ceed
200050a0:	48a93685 	.word	0x48a93685
200050a4:	21547f0b 	.word	0x21547f0b
200050a8:	910cfea8 	.word	0x910cfea8
200050ac:	0205b787 	.word	0x0205b787
200050b0:	0ef86128 	.word	0x0ef86128
200050b4:	fa114510 	.word	0xfa114510
200050b8:	2010809e 	.word	0x2010809e
200050bc:	e849c717 	.word	0xe849c717
200050c0:	8c0eb57f 	.word	0x8c0eb57f
200050c4:	a5b7efe9 	.word	0xa5b7efe9
200050c8:	1837c3af 	.word	0x1837c3af
200050cc:	30c3ee1f 	.word	0x30c3ee1f
200050d0:	4e1011fc 	.word	0x4e1011fc
200050d4:	83bef8c0 	.word	0x83bef8c0
200050d8:	a70e0318 	.word	0xa70e0318
200050dc:	e3001be8 	.word	0xe3001be8
200050e0:	02b19779 	.word	0x02b19779
200050e4:	eea330c6 	.word	0xeea330c6
200050e8:	b26542b0 	.word	0xb26542b0
200050ec:	807687e7 	.word	0x807687e7
200050f0:	2b6e0f8f 	.word	0x2b6e0f8f
200050f4:	4fc3bc18 	.word	0x4fc3bc18
200050f8:	5dd76008 	.word	0x5dd76008
200050fc:	f28d0296 	.word	0xf28d0296
20005100:	1007de48 	.word	0x1007de48
20005104:	f84eb326 	.word	0xf84eb326
20005108:	1602ffd9 	.word	0x1602ffd9
2000510c:	5e402ea0 	.word	0x5e402ea0
20005110:	b467fc08 	.word	0xb467fc08
20005114:	04363a8f 	.word	0x04363a8f
20005118:	e774084f 	.word	0xe774084f
2000511c:	06a6ee38 	.word	0x06a6ee38
20005120:	be0557d6 	.word	0xbe0557d6
20005124:	373c8d19 	.word	0x373c8d19
20005128:	4644773f 	.word	0x4644773f
2000512c:	bb69409c 	.word	0xbb69409c
20005130:	d71a036f 	.word	0xd71a036f
20005134:	f58fa570 	.word	0xf58fa570
20005138:	862a7825 	.word	0x862a7825
2000513c:	12cebbc0 	.word	0x12cebbc0
20005140:	af340290 	.word	0xaf340290
20005144:	13ef68dd 	.word	0x13ef68dd
20005148:	39b65702 	.word	0x39b65702
2000514c:	10e02a37 	.word	0x10e02a37
20005150:	6d290152 	.word	0x6d290152
20005154:	a070aeb6 	.word	0xa070aeb6
20005158:	b337fb01 	.word	0xb337fb01
2000515c:	d6b2cee6 	.word	0xd6b2cee6
20005160:	e7ef1ca6 	.word	0xe7ef1ca6
20005164:	42c3a930 	.word	0x42c3a930
20005168:	483e4ada 	.word	0x483e4ada
2000516c:	9043b6bb 	.word	0x9043b6bb
20005170:	03891627 	.word	0x03891627
20005174:	5310b49f 	.word	0x5310b49f
20005178:	80082f33 	.word	0x80082f33
2000517c:	a118375a 	.word	0xa118375a
20005180:	272034f7 	.word	0x272034f7
20005184:	fe28d215 	.word	0xfe28d215
20005188:	56a77201 	.word	0x56a77201
2000518c:	b8368a36 	.word	0xb8368a36
20005190:	03203ef8 	.word	0x03203ef8
20005194:	2d24464c 	.word	0x2d24464c
20005198:	7c02208e 	.word	0x7c02208e
2000519c:	884c218f 	.word	0x884c218f
200051a0:	2bd62ba0 	.word	0x2bd62ba0
200051a4:	016cc210 	.word	0x016cc210
200051a8:	1e97f72d 	.word	0x1e97f72d
200051ac:	04470396 	.word	0x04470396
200051b0:	af581e8c 	.word	0xaf581e8c
200051b4:	846cde27 	.word	0x846cde27
200051b8:	361683a2 	.word	0x361683a2
200051bc:	24d18fad 	.word	0x24d18fad
200051c0:	4ea8044a 	.word	0x4ea8044a
200051c4:	3e148949 	.word	0x3e148949
200051c8:	46f0044c 	.word	0x46f0044c
200051cc:	c006ad2d 	.word	0xc006ad2d
200051d0:	1efe7bb7 	.word	0x1efe7bb7
200051d4:	1b240a61 	.word	0x1b240a61
200051d8:	0846301f 	.word	0x0846301f
200051dc:	060616ad 	.word	0x060616ad
200051e0:	6e068440 	.word	0x6e068440
200051e4:	04402107 	.word	0x04402107
200051e8:	022a0c06 	.word	0x022a0c06
200051ec:	1f589a68 	.word	0x1f589a68
200051f0:	780387ee 	.word	0x780387ee
200051f4:	e9ee0fd7 	.word	0xe9ee0fd7
200051f8:	b846363c 	.word	0xb846363c
200051fc:	01635876 	.word	0x01635876
20005200:	16d8fe1e 	.word	0x16d8fe1e
20005204:	ff1fac45 	.word	0xff1fac45
20005208:	1faccbe3 	.word	0x1faccbe3
2000520c:	c2039e6a 	.word	0xc2039e6a
20005210:	913e38fe 	.word	0x913e38fe
20005214:	23378481 	.word	0x23378481
20005218:	0f418417 	.word	0x0f418417
2000521c:	110160e1 	.word	0x110160e1
20005220:	ff766007 	.word	0xff766007
20005224:	68b2f607 	.word	0x68b2f607
20005228:	62eab08b 	.word	0x62eab08b
2000522c:	80cf8c0c 	.word	0x80cf8c0c
20005230:	66b1fea4 	.word	0x66b1fea4
20005234:	c2b6c755 	.word	0xc2b6c755
20005238:	2ee2ca4c 	.word	0x2ee2ca4c
2000523c:	e06f0b8c 	.word	0xe06f0b8c
20005240:	aee1004a 	.word	0xaee1004a
20005244:	56ce58af 	.word	0x56ce58af
20005248:	081e1efe 	.word	0x081e1efe
2000524c:	c587fc04 	.word	0xc587fc04
20005250:	c8b8f622 	.word	0xc8b8f622
20005254:	111621c6 	.word	0x111621c6
20005258:	c776b48e 	.word	0xc776b48e
2000525c:	4454a743 	.word	0x4454a743
20005260:	2cdace21 	.word	0x2cdace21
20005264:	cf853402 	.word	0xcf853402
20005268:	668a6475 	.word	0x668a6475
2000526c:	eee61423 	.word	0xeee61423
20005270:	2508d590 	.word	0x2508d590
20005274:	6510a1df 	.word	0x6510a1df
20005278:	14ddc7d2 	.word	0x14ddc7d2
2000527c:	ad120069 	.word	0xad120069
20005280:	456f811f 	.word	0x456f811f
20005284:	79586816 	.word	0x79586816
20005288:	7b1f197f 	.word	0x7b1f197f
2000528c:	fc10232f 	.word	0xfc10232f
20005290:	ffd80122 	.word	0xffd80122
20005294:	97502442 	.word	0x97502442
20005298:	0da7feb4 	.word	0x0da7feb4
2000529c:	d7348f1c 	.word	0xd7348f1c
200052a0:	00ea08fe 	.word	0x00ea08fe
200052a4:	9f552407 	.word	0x9f552407
200052a8:	52a40e6d 	.word	0x52a40e6d
200052ac:	a52c9f86 	.word	0xa52c9f86
200052b0:	36afe36f 	.word	0x36afe36f
200052b4:	8f1ef7b7 	.word	0x8f1ef7b7
200052b8:	3e8fbd2e 	.word	0x3e8fbd2e
200052bc:	864ec78f 	.word	0x864ec78f
200052c0:	70af8ea6 	.word	0x70af8ea6
200052c4:	745aeb36 	.word	0x745aeb36
200052c8:	3297e102 	.word	0x3297e102
200052cc:	81a7c11f 	.word	0x81a7c11f
200052d0:	70de561f 	.word	0x70de561f
200052d4:	03ee7f02 	.word	0x03ee7f02
200052d8:	07c0ac3c 	.word	0x07c0ac3c
200052dc:	52af4662 	.word	0x52af4662
200052e0:	ac164ede 	.word	0xac164ede
200052e4:	fe4327e0 	.word	0xfe4327e0
200052e8:	3a84076b 	.word	0x3a84076b
200052ec:	16e924be 	.word	0x16e924be
200052f0:	ed2cff3b 	.word	0xed2cff3b
200052f4:	2d0f3d11 	.word	0x2d0f3d11
200052f8:	af777fd8 	.word	0xaf777fd8
200052fc:	8806ee1a 	.word	0x8806ee1a
20005300:	58ff0708 	.word	0x58ff0708
20005304:	185a2721 	.word	0x185a2721
20005308:	c03f063e 	.word	0xc03f063e
2000530c:	37274477 	.word	0x37274477
20005310:	260301e0 	.word	0x260301e0
20005314:	5f00e147 	.word	0x5f00e147
20005318:	82002017 	.word	0x82002017
2000531c:	f5862700 	.word	0xf5862700
20005320:	6222227d 	.word	0x6222227d
20005324:	046e36f7 	.word	0x046e36f7
20005328:	96b6c9de 	.word	0x96b6c9de
2000532c:	10fe0ede 	.word	0x10fe0ede
20005330:	f6ae96f5 	.word	0xf6ae96f5
20005334:	cfdd341d 	.word	0xcfdd341d
20005338:	1ca0f438 	.word	0x1ca0f438
2000533c:	17fc76f7 	.word	0x17fc76f7
20005340:	93a134bc 	.word	0x93a134bc
20005344:	e6222c74 	.word	0xe6222c74
20005348:	904508e3 	.word	0x904508e3
2000534c:	3fb53750 	.word	0x3fb53750
20005350:	e417ecda 	.word	0xe417ecda
20005354:	a22cbcf4 	.word	0xa22cbcf4
20005358:	873a3093 	.word	0x873a3093
2000535c:	43a4849f 	.word	0x43a4849f
20005360:	276b5007 	.word	0x276b5007
20005364:	386e9402 	.word	0x386e9402
20005368:	5e9048ff 	.word	0x5e9048ff
2000536c:	5d774733 	.word	0x5d774733
20005370:	0f17f688 	.word	0x0f17f688
20005374:	a6370836 	.word	0xa6370836
20005378:	fa181f80 	.word	0xfa181f80
2000537c:	efa2943c 	.word	0xefa2943c
20005380:	d006e825 	.word	0xd006e825
20005384:	476e1a65 	.word	0x476e1a65
20005388:	c2030e10 	.word	0xc2030e10
2000538c:	d57fb187 	.word	0xd57fb187
20005390:	f3d061fe 	.word	0xf3d061fe
20005394:	006c771f 	.word	0x006c771f
20005398:	f7a55e04 	.word	0xf7a55e04
2000539c:	f39eea82 	.word	0xf39eea82
200053a0:	27ce37bc 	.word	0x27ce37bc
200053a4:	28f2428f 	.word	0x28f2428f
200053a8:	989304a6 	.word	0x989304a6
200053ac:	db4ade0f 	.word	0xdb4ade0f
200053b0:	fa441766 	.word	0xfa441766
200053b4:	17062614 	.word	0x17062614
200053b8:	4e2b41e8 	.word	0x4e2b41e8
200053bc:	797a176e 	.word	0x797a176e
200053c0:	e32e3934 	.word	0xe32e3934
200053c4:	6d8e07b8 	.word	0x6d8e07b8
200053c8:	1e1a531f 	.word	0x1e1a531f
200053cc:	96473c50 	.word	0x96473c50
200053d0:	e8b28100 	.word	0xe8b28100
200053d4:	d1981877 	.word	0xd1981877
200053d8:	f64112af 	.word	0xf64112af
200053dc:	a60ef6c6 	.word	0xa60ef6c6
200053e0:	38de7b30 	.word	0x38de7b30
200053e4:	d651803e 	.word	0xd651803e
200053e8:	4ad683b7 	.word	0x4ad683b7
200053ec:	c63818b6 	.word	0xc63818b6
200053f0:	a9f6e0c1 	.word	0xa9f6e0c1
200053f4:	0ad43e54 	.word	0x0ad43e54
200053f8:	d9e5c5ce 	.word	0xd9e5c5ce
200053fc:	162f2197 	.word	0x162f2197
20005400:	54ffd0f1 	.word	0x54ffd0f1
20005404:	11474f26 	.word	0x11474f26
20005408:	d9acf33c 	.word	0xd9acf33c
2000540c:	a4317798 	.word	0xa4317798
20005410:	0838dfaf 	.word	0x0838dfaf
20005414:	1fec6481 	.word	0x1fec6481
20005418:	564c29c2 	.word	0x564c29c2
2000541c:	ed0618fa 	.word	0xed0618fa
20005420:	16651826 	.word	0x16651826
20005424:	7f3d132b 	.word	0x7f3d132b
20005428:	620617cd 	.word	0x620617cd
2000542c:	ae63467f 	.word	0xae63467f
20005430:	23c21124 	.word	0x23c21124
20005434:	5a464f8e 	.word	0x5a464f8e
20005438:	ee2f0185 	.word	0xee2f0185
2000543c:	061b2402 	.word	0x061b2402
20005440:	0190f11f 	.word	0x0190f11f
20005444:	e86f6616 	.word	0xe86f6616
20005448:	d52fba02 	.word	0xd52fba02
2000544c:	202fb0b7 	.word	0x202fb0b7
20005450:	9e2f1fce 	.word	0x9e2f1fce
20005454:	146b7310 	.word	0x146b7310
20005458:	2e2c08ff 	.word	0x2e2c08ff
2000545c:	e0283c16 	.word	0xe0283c16
20005460:	dc0e6ae6 	.word	0xdc0e6ae6
20005464:	615e8a30 	.word	0x615e8a30
20005468:	a38c06f0 	.word	0xa38c06f0
2000546c:	10bc3cff 	.word	0x10bc3cff
20005470:	012f1cd8 	.word	0x012f1cd8
20005474:	0713363b 	.word	0x0713363b
20005478:	040300c0 	.word	0x040300c0
2000547c:	6c120c5f 	.word	0x6c120c5f
20005480:	8eaebfca 	.word	0x8eaebfca
20005484:	15130078 	.word	0x15130078
20005488:	bf9c2a67 	.word	0xbf9c2a67
2000548c:	5a000302 	.word	0x5a000302
20005490:	6fadd09f 	.word	0x6fadd09f
20005494:	2a1906a8 	.word	0x2a1906a8
20005498:	8f26f0e6 	.word	0x8f26f0e6
2000549c:	17af10ec 	.word	0x17af10ec
200054a0:	c68649f8 	.word	0xc68649f8
200054a4:	fffac71d 	.word	0xfffac71d
200054a8:	d324c6ff 	.word	0xd324c6ff
200054ac:	1846b7b7 	.word	0x1846b7b7
200054b0:	2718b6b7 	.word	0x2718b6b7
200054b4:	00aefcf6 	.word	0x00aefcf6
200054b8:	67320220 	.word	0x67320220
200054bc:	4316271e 	.word	0x4316271e
200054c0:	f202b892 	.word	0xf202b892
200054c4:	b8530001 	.word	0xb8530001
200054c8:	e865402a 	.word	0xe865402a
200054cc:	2f2e4317 	.word	0x2f2e4317
200054d0:	2fa682e4 	.word	0x2fa682e4
200054d4:	2157d81a 	.word	0x2157d81a
200054d8:	b447774f 	.word	0xb447774f
200054dc:	124a6410 	.word	0x124a6410
200054e0:	0624860f 	.word	0x0624860f
200054e4:	0e418e01 	.word	0x0e418e01
200054e8:	3603425f 	.word	0x3603425f
200054ec:	92ae8a30 	.word	0x92ae8a30
200054f0:	0644102b 	.word	0x0644102b
200054f4:	5e214fd4 	.word	0x5e214fd4
200054f8:	fd00838f 	.word	0xfd00838f
200054fc:	1f941827 	.word	0x1f941827
20005500:	10b88733 	.word	0x10b88733
20005504:	db5baec0 	.word	0xdb5baec0
20005508:	aca4a6b6 	.word	0xaca4a6b6
2000550c:	80109415 	.word	0x80109415
20005510:	12307132 	.word	0x12307132
20005514:	cc84df27 	.word	0xcc84df27
20005518:	17578237 	.word	0x17578237
2000551c:	2fa1014f 	.word	0x2fa1014f
20005520:	0e0e8594 	.word	0x0e0e8594
20005524:	192fd04a 	.word	0x192fd04a
20005528:	c6813f25 	.word	0xc6813f25
2000552c:	f08f3878 	.word	0xf08f3878
20005530:	064f8f10 	.word	0x064f8f10
20005534:	08d70497 	.word	0x08d70497
20005538:	2e1ec2c8 	.word	0x2e1ec2c8
2000553c:	7e0d97f7 	.word	0x7e0d97f7
20005540:	87af56ef 	.word	0x87af56ef
20005544:	0e02089a 	.word	0x0e02089a
20005548:	466eb443 	.word	0x466eb443
2000554c:	daae2211 	.word	0xdaae2211
20005550:	828ec2b6 	.word	0x828ec2b6
20005554:	52691fba 	.word	0x52691fba
20005558:	ae1e429e 	.word	0xae1e429e
2000555c:	0fe65fe0 	.word	0x0fe65fe0
20005560:	8ed076c7 	.word	0x8ed076c7
20005564:	b8599fae 	.word	0xb8599fae
20005568:	17cf678e 	.word	0x17cf678e
2000556c:	bee77326 	.word	0xbee77326
20005570:	3502e068 	.word	0x3502e068
20005574:	d7f30366 	.word	0xd7f30366
20005578:	d7fa4120 	.word	0xd7fa4120
2000557c:	0a1921b7 	.word	0x0a1921b7
20005580:	99200c7d 	.word	0x99200c7d
20005584:	2050ce1c 	.word	0x2050ce1c
20005588:	c280afbd 	.word	0xc280afbd
2000558c:	cf1f0630 	.word	0xcf1f0630
20005590:	4c031668 	.word	0x4c031668
20005594:	4066d086 	.word	0x4066d086
20005598:	240a77ee 	.word	0x240a77ee
2000559c:	a2b72780 	.word	0xa2b72780
200055a0:	fff005e6 	.word	0xfff005e6
200055a4:	c60226e2 	.word	0xc60226e2
200055a8:	20fde705 	.word	0x20fde705
200055ac:	e3582111 	.word	0xe3582111
200055b0:	ad6912f0 	.word	0xad6912f0
200055b4:	f9f08e25 	.word	0xf9f08e25
200055b8:	9e256aff 	.word	0x9e256aff
200055bc:	4724a561 	.word	0x4724a561
200055c0:	0b7804b6 	.word	0x0b7804b6
200055c4:	d0fff146 	.word	0xd0fff146
200055c8:	d6cf1503 	.word	0xd6cf1503
200055cc:	27e68a89 	.word	0x27e68a89
200055d0:	0a574a90 	.word	0x0a574a90
200055d4:	96af5680 	.word	0x96af5680
200055d8:	26d67bc0 	.word	0x26d67bc0
200055dc:	ce9e5300 	.word	0xce9e5300
200055e0:	9f97b842 	.word	0x9f97b842
200055e4:	9cee5c48 	.word	0x9cee5c48
200055e8:	14bb3603 	.word	0x14bb3603
200055ec:	c042f6e6 	.word	0xc042f6e6
200055f0:	38812f9f 	.word	0x38812f9f
200055f4:	df8d736b 	.word	0xdf8d736b
200055f8:	41118038 	.word	0x41118038
200055fc:	de2a7791 	.word	0xde2a7791
20005600:	e9def3e7 	.word	0xe9def3e7
20005604:	14c8d6b4 	.word	0x14c8d6b4
20005608:	f626141e 	.word	0xf626141e
2000560c:	c60c0281 	.word	0xc60c0281
20005610:	74f64301 	.word	0x74f64301
20005614:	6169a25e 	.word	0x6169a25e
20005618:	e276bd67 	.word	0xe276bd67
2000561c:	be3b8f26 	.word	0xbe3b8f26
20005620:	9d6540de 	.word	0x9d6540de
20005624:	4c5d0bf6 	.word	0x4c5d0bf6
20005628:	7f10bc86 	.word	0x7f10bc86
2000562c:	4e70766f 	.word	0x4e70766f
20005630:	05a6be0e 	.word	0x05a6be0e
20005634:	a2cb77de 	.word	0xa2cb77de
20005638:	46782e03 	.word	0x46782e03
2000563c:	ff0733ac 	.word	0xff0733ac
20005640:	26f7469b 	.word	0x26f7469b
20005644:	3e5f0660 	.word	0x3e5f0660
20005648:	16eaffdd 	.word	0x16eaffdd
2000564c:	94164630 	.word	0x94164630
20005650:	06cb767b 	.word	0x06cb767b
20005654:	05a1e60b 	.word	0x05a1e60b
20005658:	2a04fe8b 	.word	0x2a04fe8b
2000565c:	17e6ada5 	.word	0x17e6ada5
20005660:	00bc9d26 	.word	0x00bc9d26
20005664:	06c34f0c 	.word	0x06c34f0c
20005668:	aa77d72f 	.word	0xaa77d72f
2000566c:	c40f0400 	.word	0xc40f0400
20005670:	a82b70b4 	.word	0xa82b70b4
20005674:	c794bb6e 	.word	0xc794bb6e
20005678:	b58b268a 	.word	0xb58b268a
2000567c:	8ff28e77 	.word	0x8ff28e77
20005680:	4e8a6fa0 	.word	0x4e8a6fa0
20005684:	8a17568f 	.word	0x8a17568f
20005688:	0f50be3e 	.word	0x0f50be3e
2000568c:	2c6e2cec 	.word	0x2c6e2cec
20005690:	23a6b66d 	.word	0x23a6b66d
20005694:	c37627a6 	.word	0xc37627a6
20005698:	26de2417 	.word	0x26de2417
2000569c:	36d01186 	.word	0x36d01186
200056a0:	e2068ea6 	.word	0xe2068ea6
200056a4:	c202a020 	.word	0xc202a020
200056a8:	8e6e3a77 	.word	0x8e6e3a77
200056ac:	1611dca7 	.word	0x1611dca7
200056b0:	5f86724e 	.word	0x5f86724e
200056b4:	ffeef6d6 	.word	0xffeef6d6
200056b8:	70571717 	.word	0x70571717
200056bc:	568ea827 	.word	0x568ea827
200056c0:	a2507fa7 	.word	0xa2507fa7
200056c4:	0f661710 	.word	0x0f661710
200056c8:	4608213c 	.word	0x4608213c
200056cc:	6825c638 	.word	0x6825c638
200056d0:	ce2b4e60 	.word	0xce2b4e60
200056d4:	efa12828 	.word	0xefa12828
200056d8:	70154650 	.word	0x70154650
200056dc:	b6db16ee 	.word	0xb6db16ee
200056e0:	4526a060 	.word	0x4526a060
200056e4:	82b58f58 	.word	0x82b58f58
200056e8:	5be7b38d 	.word	0x5be7b38d
200056ec:	01e061de 	.word	0x01e061de
200056f0:	1803e6e3 	.word	0x1803e6e3
200056f4:	0b06e82e 	.word	0x0b06e82e
200056f8:	be6a2f96 	.word	0xbe6a2f96
200056fc:	8cbe1575 	.word	0x8cbe1575
20005700:	25ce767d 	.word	0x25ce767d
20005704:	fff0e7df 	.word	0xfff0e7df
20005708:	121015d6 	.word	0x121015d6
2000570c:	de263f96 	.word	0xde263f96
20005710:	06bf240e 	.word	0x06bf240e
20005714:	7978a63d 	.word	0x7978a63d
20005718:	a6be7e2a 	.word	0xa6be7e2a
2000571c:	ef36049f 	.word	0xef36049f
20005720:	b3e028b7 	.word	0xb3e028b7
20005724:	3b0c9701 	.word	0x3b0c9701
20005728:	fff77786 	.word	0xfff77786
2000572c:	adbb968e 	.word	0xadbb968e
20005730:	360eae8e 	.word	0x360eae8e
20005734:	4a8e6ebc 	.word	0x4a8e6ebc
20005738:	3f6e9c70 	.word	0x3f6e9c70
2000573c:	36e78354 	.word	0x36e78354
20005740:	74c01f44 	.word	0x74c01f44
20005744:	00ef60d6 	.word	0x00ef60d6
20005748:	f621b6f0 	.word	0xf621b6f0
2000574c:	5f168f86 	.word	0x5f168f86
20005750:	b7b80821 	.word	0xb7b80821
20005754:	c37ef4b4 	.word	0xc37ef4b4
20005758:	02406577 	.word	0x02406577
2000575c:	b87753af 	.word	0xb87753af
20005760:	160010fc 	.word	0x160010fc
20005764:	1e04bd7f 	.word	0x1e04bd7f
20005768:	0f4b4099 	.word	0x0f4b4099
2000576c:	588150a7 	.word	0x588150a7
20005770:	6fbd59bf 	.word	0x6fbd59bf
20005774:	2fa6e9a9 	.word	0x2fa6e9a9
20005778:	3d877910 	.word	0x3d877910
2000577c:	9b00d9e5 	.word	0x9b00d9e5
20005780:	e71e1b87 	.word	0xe71e1b87
20005784:	22060ce0 	.word	0x22060ce0
20005788:	1eb01a5e 	.word	0x1eb01a5e
2000578c:	46888fb7 	.word	0x46888fb7
20005790:	221f446d 	.word	0x221f446d
20005794:	48e0ff6e 	.word	0x48e0ff6e
20005798:	086f1f4e 	.word	0x086f1f4e
2000579c:	6a096e86 	.word	0x6a096e86
200057a0:	000e5b17 	.word	0x000e5b17
200057a4:	b5d76110 	.word	0xb5d76110
200057a8:	98772f04 	.word	0x98772f04
200057ac:	d6bcaf0e 	.word	0xd6bcaf0e
200057b0:	b80ebbbc 	.word	0xb80ebbbc
200057b4:	b7e001e1 	.word	0xb7e001e1
200057b8:	d85f2621 	.word	0xd85f2621
200057bc:	ef10e41e 	.word	0xef10e41e
200057c0:	0edeac60 	.word	0x0edeac60
200057c4:	221e78e8 	.word	0x221e78e8
200057c8:	d7afdcd8 	.word	0xd7afdcd8
200057cc:	ed094bae 	.word	0xed094bae
200057d0:	d4a2c0bf 	.word	0xd4a2c0bf
200057d4:	8f5a1c97 	.word	0x8f5a1c97
200057d8:	8c63de2c 	.word	0x8c63de2c
200057dc:	066d866b 	.word	0x066d866b
200057e0:	6b493063 	.word	0x6b493063
200057e4:	32267a26 	.word	0x32267a26
200057e8:	284fb667 	.word	0x284fb667
200057ec:	df239011 	.word	0xdf239011
200057f0:	2fac167b 	.word	0x2fac167b
200057f4:	e16c4ca3 	.word	0xe16c4ca3
200057f8:	7796dcc6 	.word	0x7796dcc6
200057fc:	faa4f2aa 	.word	0xfaa4f2aa
20005800:	beb40a3f 	.word	0xbeb40a3f
20005804:	1ebd5e23 	.word	0x1ebd5e23
20005808:	6b2f85ac 	.word	0x6b2f85ac
2000580c:	2e1ebbae 	.word	0x2e1ebbae
20005810:	93f8a717 	.word	0x93f8a717
20005814:	96ee113c 	.word	0x96ee113c
20005818:	0f2c1664 	.word	0x0f2c1664
2000581c:	519a9fe8 	.word	0x519a9fe8
20005820:	dbfcd798 	.word	0xdbfcd798
20005824:	278b3f34 	.word	0x278b3f34
20005828:	51ae1e3c 	.word	0x51ae1e3c
2000582c:	03570b27 	.word	0x03570b27
20005830:	6be9918c 	.word	0x6be9918c
20005834:	d6270306 	.word	0xd6270306
20005838:	80864e4f 	.word	0x80864e4f
2000583c:	36a72eff 	.word	0x36a72eff
20005840:	27666631 	.word	0x27666631
20005844:	9f0baa68 	.word	0x9f0baa68
20005848:	832f07c0 	.word	0x832f07c0
2000584c:	361bc615 	.word	0x361bc615
20005850:	9326c937 	.word	0x9326c937
20005854:	23ab5f10 	.word	0x23ab5f10
20005858:	48806e16 	.word	0x48806e16
2000585c:	be3f06e9 	.word	0xbe3f06e9
20005860:	af028930 	.word	0xaf028930
20005864:	ef5c3e30 	.word	0xef5c3e30
20005868:	218cccfc 	.word	0x218cccfc
2000586c:	7e6ec540 	.word	0x7e6ec540
20005870:	df0109d7 	.word	0xdf0109d7
20005874:	0e0e3080 	.word	0x0e0e3080
20005878:	eebec6ce 	.word	0xeebec6ce
2000587c:	707693eb 	.word	0x707693eb
20005880:	2af4acc0 	.word	0x2af4acc0
20005884:	9412f00e 	.word	0x9412f00e
20005888:	aeb820df 	.word	0xaeb820df
2000588c:	d88affe6 	.word	0xd88affe6
20005890:	e7852fc3 	.word	0xe7852fc3
20005894:	3a010f1e 	.word	0x3a010f1e
20005898:	a302907f 	.word	0xa302907f
2000589c:	4e701047 	.word	0x4e701047
200058a0:	d5c0cf6b 	.word	0xd5c0cf6b
200058a4:	e2e4e0fd 	.word	0xe2e4e0fd
200058a8:	0f1e38d6 	.word	0x0f1e38d6
200058ac:	721a24d6 	.word	0x721a24d6
200058b0:	ecaf3def 	.word	0xecaf3def
200058b4:	e721a61e 	.word	0xe721a61e
200058b8:	e8af0e68 	.word	0xe8af0e68
200058bc:	91d70e44 	.word	0x91d70e44
200058c0:	f7792e1c 	.word	0xf7792e1c
200058c4:	178ffe01 	.word	0x178ffe01
200058c8:	060a0f3c 	.word	0x060a0f3c
200058cc:	02360832 	.word	0x02360832
200058d0:	26248a2e 	.word	0x26248a2e
200058d4:	107802fa 	.word	0x107802fa
200058d8:	274fae42 	.word	0x274fae42
200058dc:	f43c16ff 	.word	0xf43c16ff
200058e0:	b826e2ab 	.word	0xb826e2ab
200058e4:	ae30e007 	.word	0xae30e007
200058e8:	b046371c 	.word	0xb046371c
200058ec:	2681d007 	.word	0x2681d007
200058f0:	a3a07fa5 	.word	0xa3a07fa5
200058f4:	1e166c25 	.word	0x1e166c25
200058f8:	a0f03e23 	.word	0xa0f03e23
200058fc:	9f911500 	.word	0x9f911500
20005900:	a03f8d08 	.word	0xa03f8d08
20005904:	17b8e625 	.word	0x17b8e625
20005908:	32738816 	.word	0x32738816
2000590c:	12561e13 	.word	0x12561e13
20005910:	520b2e9e 	.word	0x520b2e9e
20005914:	02812415 	.word	0x02812415
20005918:	150ccf87 	.word	0x150ccf87
2000591c:	041cff62 	.word	0x041cff62
20005920:	134e15a3 	.word	0x134e15a3
20005924:	f5746706 	.word	0xf5746706
20005928:	c01f93e7 	.word	0xc01f93e7
2000592c:	44783f45 	.word	0x44783f45
20005930:	c60fc7a3 	.word	0xc60fc7a3
20005934:	5738a350 	.word	0x5738a350
20005938:	1f254696 	.word	0x1f254696
2000593c:	6f10747f 	.word	0x6f10747f
20005940:	0308fd8e 	.word	0x0308fd8e
20005944:	01e2706f 	.word	0x01e2706f
20005948:	41ce0cc6 	.word	0x41ce0cc6
2000594c:	0de8870d 	.word	0x0de8870d
20005950:	a9703057 	.word	0xa9703057
20005954:	850fc29e 	.word	0x850fc29e
20005958:	ac440a20 	.word	0xac440a20
2000595c:	20002616 	.word	0x20002616
20005960:	26965ae6 	.word	0x26965ae6
20005964:	026e848e 	.word	0x026e848e
20005968:	762d5ff0 	.word	0x762d5ff0
2000596c:	d76b24c7 	.word	0xd76b24c7
20005970:	ee08a3d0 	.word	0xee08a3d0
20005974:	f60ac6a7 	.word	0xf60ac6a7
20005978:	bf171354 	.word	0xbf171354
2000597c:	8c58106c 	.word	0x8c58106c
20005980:	5415c840 	.word	0x5415c840
20005984:	34c8c221 	.word	0x34c8c221
20005988:	8e0bd660 	.word	0x8e0bd660
2000598c:	4201c100 	.word	0x4201c100
20005990:	19c8c03a 	.word	0x19c8c03a
20005994:	2705e6ed 	.word	0x2705e6ed
20005998:	e30706a0 	.word	0xe30706a0
2000599c:	f6aa06fe 	.word	0xf6aa06fe
200059a0:	2407ddf1 	.word	0x2407ddf1
200059a4:	26569b27 	.word	0x26569b27
200059a8:	2efe1215 	.word	0x2efe1215
200059ac:	001420c0 	.word	0x001420c0
200059b0:	722f8d80 	.word	0x722f8d80
200059b4:	263e2802 	.word	0x263e2802
200059b8:	8f0d0184 	.word	0x8f0d0184
200059bc:	2e3cb419 	.word	0x2e3cb419
200059c0:	43060618 	.word	0x43060618
200059c4:	39a32e76 	.word	0x39a32e76
200059c8:	175b1e05 	.word	0x175b1e05
200059cc:	82a07016 	.word	0x82a07016
200059d0:	34e02601 	.word	0x34e02601
200059d4:	f6c0da8e 	.word	0xf6c0da8e
200059d8:	cc43ee24 	.word	0xcc43ee24
200059dc:	c2198e43 	.word	0xc2198e43
200059e0:	076d2567 	.word	0x076d2567
200059e4:	1e3725ce 	.word	0x1e3725ce
200059e8:	e021170e 	.word	0xe021170e
200059ec:	5b028da0 	.word	0x5b028da0
200059f0:	df0d4726 	.word	0xdf0d4726
200059f4:	4396c869 	.word	0x4396c869
200059f8:	d15aa8be 	.word	0xd15aa8be
200059fc:	9e91adfe 	.word	0x9e91adfe
20005a00:	0d0fa980 	.word	0x0d0fa980
20005a04:	03b92076 	.word	0x03b92076
20005a08:	d76e3467 	.word	0xd76e3467
20005a0c:	4c4fea01 	.word	0x4c4fea01
20005a10:	add46f0e 	.word	0xadd46f0e
20005a14:	e5661f25 	.word	0xe5661f25
20005a18:	15a2ffef 	.word	0x15a2ffef
20005a1c:	4cc727f6 	.word	0x4cc727f6
20005a20:	a113a7f1 	.word	0xa113a7f1
20005a24:	0c117605 	.word	0x0c117605
20005a28:	3463c697 	.word	0x3463c697
20005a2c:	02d2b057 	.word	0x02d2b057
20005a30:	01fe432b 	.word	0x01fe432b
20005a34:	3c14f77f 	.word	0x3c14f77f
20005a38:	821064e1 	.word	0x821064e1
20005a3c:	16ba9770 	.word	0x16ba9770
20005a40:	60205726 	.word	0x60205726
20005a44:	3f61173b 	.word	0x3f61173b
20005a48:	b00001c8 	.word	0xb00001c8
20005a4c:	0190fa1f 	.word	0x0190fa1f
20005a50:	1f030441 	.word	0x1f030441
20005a54:	0200073e 	.word	0x0200073e
20005a58:	9e4d6f69 	.word	0x9e4d6f69
20005a5c:	6f08b124 	.word	0x6f08b124
20005a60:	a5464661 	.word	0xa5464661
20005a64:	024ee902 	.word	0x024ee902
20005a68:	c68315b7 	.word	0xc68315b7
20005a6c:	0a2fdd08 	.word	0x0a2fdd08
20005a70:	3f555782 	.word	0x3f555782
20005a74:	60017cfc 	.word	0x60017cfc
20005a78:	ef190418 	.word	0xef190418
20005a7c:	0047677b 	.word	0x0047677b
20005a80:	289e10da 	.word	0x289e10da
20005a84:	6b682f25 	.word	0x6b682f25
20005a88:	4fbb02ae 	.word	0x4fbb02ae
20005a8c:	b068af27 	.word	0xb068af27
20005a90:	b382c2ae 	.word	0xb382c2ae
20005a94:	1c82451e 	.word	0x1c82451e
20005a98:	a4f68704 	.word	0xa4f68704
20005a9c:	190c4e2c 	.word	0x190c4e2c
20005aa0:	261ec312 	.word	0x261ec312
20005aa4:	99ae6063 	.word	0x99ae6063
20005aa8:	03b91f90 	.word	0x03b91f90
20005aac:	33b14b3f 	.word	0x33b14b3f
20005ab0:	c820041f 	.word	0xc820041f
20005ab4:	3205c81b 	.word	0x3205c81b
20005ab8:	0c06321a 	.word	0x0c06321a
20005abc:	9c078c19 	.word	0x9c078c19
20005ac0:	97404421 	.word	0x97404421
20005ac4:	6fe143c4 	.word	0x6fe143c4
20005ac8:	e02e23b8 	.word	0xe02e23b8
20005acc:	01561c0e 	.word	0x01561c0e
20005ad0:	16b00ea9 	.word	0x16b00ea9
20005ad4:	362c6cae 	.word	0x362c6cae
20005ad8:	3ccb4e18 	.word	0x3ccb4e18
20005adc:	2f6e454e 	.word	0x2f6e454e
20005ae0:	1e302360 	.word	0x1e302360
20005ae4:	18102730 	.word	0x18102730
20005ae8:	2eb86c9f 	.word	0x2eb86c9f
20005aec:	7c390614 	.word	0x7c390614
20005af0:	628404e6 	.word	0x628404e6
20005af4:	bc37565b 	.word	0xbc37565b
20005af8:	15e2ff61 	.word	0x15e2ff61
20005afc:	8d0fc209 	.word	0x8d0fc209
20005b00:	af56b8c6 	.word	0xaf56b8c6
20005b04:	525904af 	.word	0x525904af
20005b08:	5736b92f 	.word	0x5736b92f
20005b0c:	04008ce6 	.word	0x04008ce6
20005b10:	807f5f7b 	.word	0x807f5f7b
20005b14:	b6afce99 	.word	0xb6afce99
20005b18:	d61216c9 	.word	0xd61216c9
20005b1c:	46106e7b 	.word	0x46106e7b
20005b20:	d78d24ce 	.word	0xd78d24ce
20005b24:	8400d154 	.word	0x8400d154
20005b28:	0ebeda77 	.word	0x0ebeda77
20005b2c:	0daea816 	.word	0x0daea816
20005b30:	9045587e 	.word	0x9045587e
20005b34:	405f8b1c 	.word	0x405f8b1c
20005b38:	fd52f667 	.word	0xfd52f667
20005b3c:	aefffa0e 	.word	0xaefffa0e
20005b40:	c837c315 	.word	0xc837c315
20005b44:	94dfc8cf 	.word	0x94dfc8cf
20005b48:	0fe64e07 	.word	0x0fe64e07
20005b4c:	1a427774 	.word	0x1a427774
20005b50:	56f73686 	.word	0x56f73686
20005b54:	a1b709f1 	.word	0xa1b709f1
20005b58:	042fc854 	.word	0x042fc854
20005b5c:	5a0f31f7 	.word	0x5a0f31f7
20005b60:	0b8fb027 	.word	0x0b8fb027
20005b64:	01fc16e0 	.word	0x01fc16e0
20005b68:	4a0d66e8 	.word	0x4a0d66e8
20005b6c:	9f814977 	.word	0x9f814977
20005b70:	540329d2 	.word	0x540329d2
20005b74:	afff8177 	.word	0xafff8177
20005b78:	148700b4 	.word	0x148700b4
20005b7c:	44202bf0 	.word	0x44202bf0
20005b80:	b597ab00 	.word	0xb597ab00
20005b84:	e6818f07 	.word	0xe6818f07
20005b88:	85d28f0f 	.word	0x85d28f0f
20005b8c:	a6c6c2df 	.word	0xa6c6c2df
20005b90:	bf8bb127 	.word	0xbf8bb127
20005b94:	09362f44 	.word	0x09362f44
20005b98:	27102d6f 	.word	0x27102d6f
20005b9c:	51872e62 	.word	0x51872e62
20005ba0:	5fc40237 	.word	0x5fc40237
20005ba4:	2bffff39 	.word	0x2bffff39
20005ba8:	5fc49e4e 	.word	0x5fc49e4e
20005bac:	d800f032 	.word	0xd800f032
20005bb0:	10a6bf20 	.word	0x10a6bf20
20005bb4:	6cba1f08 	.word	0x6cba1f08
20005bb8:	6012ef2d 	.word	0x6012ef2d
20005bbc:	c70ade69 	.word	0xc70ade69
20005bc0:	268edb96 	.word	0x268edb96
20005bc4:	ae65ae80 	.word	0xae65ae80
20005bc8:	07b81e58 	.word	0x07b81e58
20005bcc:	04d5b71f 	.word	0x04d5b71f
20005bd0:	3f4b5f00 	.word	0x3f4b5f00
20005bd4:	6ffb9082 	.word	0x6ffb9082
20005bd8:	0c3f0055 	.word	0x0c3f0055
20005bdc:	21e59508 	.word	0x21e59508
20005be0:	09354ba8 	.word	0x09354ba8
20005be4:	32203ee2 	.word	0x32203ee2
20005be8:	321f0c47 	.word	0x321f0c47
20005bec:	02ae66af 	.word	0x02ae66af
20005bf0:	37070217 	.word	0x37070217
20005bf4:	53a2864f 	.word	0x53a2864f
20005bf8:	06960ec4 	.word	0x06960ec4
20005bfc:	69461fe7 	.word	0x69461fe7
20005c00:	0226151e 	.word	0x0226151e
20005c04:	03931454 	.word	0x03931454
20005c08:	9549132a 	.word	0x9549132a
20005c0c:	ca241204 	.word	0xca241204
20005c10:	67119205 	.word	0x67119205
20005c14:	2f270106 	.word	0x2f270106
20005c18:	5f1c0eb0 	.word	0x5f1c0eb0
20005c1c:	6716145c 	.word	0x6716145c
20005c20:	1063afa8 	.word	0x1063afa8
20005c24:	08e08783 	.word	0x08e08783
20005c28:	af76da3c 	.word	0xaf76da3c
20005c2c:	41609fd7 	.word	0x41609fd7
20005c30:	2f612e2a 	.word	0x2f612e2a
20005c34:	601e2773 	.word	0x601e2773
20005c38:	66e02508 	.word	0x66e02508
20005c3c:	19f718a1 	.word	0x19f718a1
20005c40:	0297d3af 	.word	0x0297d3af
20005c44:	e7140fc2 	.word	0xe7140fc2
20005c48:	621070f0 	.word	0x621070f0
20005c4c:	bfa7673c 	.word	0xbfa7673c
20005c50:	0e9ec5a9 	.word	0x0e9ec5a9
20005c54:	7d94ac1e 	.word	0x7d94ac1e
20005c58:	371c44b7 	.word	0x371c44b7
20005c5c:	b0c6e001 	.word	0xb0c6e001
20005c60:	e8144486 	.word	0xe8144486
20005c64:	78010097 	.word	0x78010097
20005c68:	18a68c66 	.word	0x18a68c66
20005c6c:	b5cf51af 	.word	0xb5cf51af
20005c70:	ae15fea7 	.word	0xae15fea7
20005c74:	550000e2 	.word	0x550000e2
20005c78:	c79558cf 	.word	0xc79558cf
20005c7c:	575406d4 	.word	0x575406d4
20005c80:	68c704d1 	.word	0x68c704d1
20005c84:	0092bfdd 	.word	0x0092bfdd
20005c88:	ff402980 	.word	0xff402980
20005c8c:	1fa23dc8 	.word	0x1fa23dc8
20005c90:	6c7f4311 	.word	0x6c7f4311
20005c94:	6c1fa602 	.word	0x6c1fa602
20005c98:	3f4bef03 	.word	0x3f4bef03
20005c9c:	ff92ff43 	.word	0xff92ff43
20005ca0:	6fa63ed1 	.word	0x6fa63ed1
20005ca4:	4210781e 	.word	0x4210781e
20005ca8:	13123fc7 	.word	0x13123fc7
20005cac:	f442df2a 	.word	0xf442df2a
20005cb0:	632f432e 	.word	0x632f432e
20005cb4:	224fffb1 	.word	0x224fffb1
20005cb8:	3e3c4767 	.word	0x3e3c4767
20005cbc:	5cf67c10 	.word	0x5cf67c10
20005cc0:	c75cc742 	.word	0xc75cc742
20005cc4:	ae4026db 	.word	0xae4026db
20005cc8:	dd57a037 	.word	0xdd57a037
20005ccc:	de0fcf4e 	.word	0xde0fcf4e
20005cd0:	c04f0200 	.word	0xc04f0200
20005cd4:	37eadbff 	.word	0x37eadbff
20005cd8:	096e56bd 	.word	0x096e56bd
20005cdc:	3d173edc 	.word	0x3d173edc
20005ce0:	7b1151ff 	.word	0x7b1151ff
20005ce4:	72c676c6 	.word	0x72c676c6
20005ce8:	31709726 	.word	0x31709726
20005cec:	a6645146 	.word	0xa6645146
20005cf0:	b40e85dd 	.word	0xb40e85dd
20005cf4:	4324038e 	.word	0x4324038e
20005cf8:	3f6cb927 	.word	0x3f6cb927
20005cfc:	7f168623 	.word	0x7f168623
20005d00:	62fdd9f1 	.word	0x62fdd9f1
20005d04:	0d1fc214 	.word	0x0d1fc214
20005d08:	c75539a7 	.word	0xc75539a7
20005d0c:	5a2768c3 	.word	0x5a2768c3
20005d10:	1ebede8a 	.word	0x1ebede8a
20005d14:	e5271cae 	.word	0xe5271cae
20005d18:	238e1c4f 	.word	0x238e1c4f
20005d1c:	b70e1d26 	.word	0xb70e1d26
20005d20:	884f26b0 	.word	0x884f26b0
20005d24:	c60386a8 	.word	0xc60386a8
20005d28:	c2ff44aa 	.word	0xc2ff44aa
20005d2c:	54440e1f 	.word	0x54440e1f
20005d30:	7f1661ef 	.word	0x7f1661ef
20005d34:	ff3957c0 	.word	0xff3957c0
20005d38:	2c3716ff 	.word	0x2c3716ff
20005d3c:	84621722 	.word	0x84621722
20005d40:	15147a7c 	.word	0x15147a7c
20005d44:	9f8d047e 	.word	0x9f8d047e
20005d48:	37466718 	.word	0x37466718
20005d4c:	d6beb6c0 	.word	0xd6beb6c0
20005d50:	c782e4d1 	.word	0xc782e4d1
20005d54:	a31e2808 	.word	0xa31e2808
20005d58:	b6288f1c 	.word	0xb6288f1c
20005d5c:	67008356 	.word	0x67008356
20005d60:	09e42019 	.word	0x09e42019
20005d64:	3efd9af0 	.word	0x3efd9af0
20005d68:	4037282f 	.word	0x4037282f
20005d6c:	f1f7c012 	.word	0xf1f7c012
20005d70:	b8ffc9ae 	.word	0xb8ffc9ae
20005d74:	b24fc327 	.word	0xb24fc327
20005d78:	8f37fff5 	.word	0x8f37fff5
20005d7c:	97c0435e 	.word	0x97c0435e
20005d80:	431f6a0d 	.word	0x431f6a0d
20005d84:	e797ff38 	.word	0xe797ff38
20005d88:	f0be2618 	.word	0xf0be2618
20005d8c:	aeae2307 	.word	0xaeae2307
20005d90:	fe78bee0 	.word	0xfe78bee0
20005d94:	420fb051 	.word	0x420fb051
20005d98:	07320217 	.word	0x07320217
20005d9c:	f6905e7d 	.word	0xf6905e7d
20005da0:	89374120 	.word	0x89374120
20005da4:	e2481f58 	.word	0xe2481f58
20005da8:	374a3006 	.word	0x374a3006
20005dac:	8ef3b975 	.word	0x8ef3b975
20005db0:	eb27d087 	.word	0xeb27d087
20005db4:	87c001d0 	.word	0x87c001d0
20005db8:	4f368f06 	.word	0x4f368f06
20005dbc:	2f30b717 	.word	0x2f30b717
20005dc0:	dee8d0c0 	.word	0xdee8d0c0
20005dc4:	f3afb530 	.word	0xf3afb530
20005dc8:	7621cf90 	.word	0x7621cf90
20005dcc:	b1001cf0 	.word	0xb1001cf0
20005dd0:	649a4721 	.word	0x649a4721
20005dd4:	6d76b5b4 	.word	0x6d76b5b4
20005dd8:	b256afb3 	.word	0xb256afb3
20005ddc:	94af3900 	.word	0x94af3900
20005de0:	8856ad4e 	.word	0x8856ad4e
20005de4:	18ef0280 	.word	0x18ef0280
20005de8:	12d7be2c 	.word	0x12d7be2c
20005dec:	9fad223c 	.word	0x9fad223c
20005df0:	6e1326a9 	.word	0x6e1326a9
20005df4:	2414ff5e 	.word	0x2414ff5e
20005df8:	2610099c 	.word	0x2610099c
20005dfc:	31c287ac 	.word	0x31c287ac
20005e00:	c78b5826 	.word	0xc78b5826
20005e04:	450a28f1 	.word	0x450a28f1
20005e08:	df21a68e 	.word	0xdf21a68e
20005e0c:	14a05518 	.word	0x14a05518
20005e10:	3b18b6e1 	.word	0x3b18b6e1
20005e14:	11afb417 	.word	0x11afb417
20005e18:	0a02a79a 	.word	0x0a02a79a
20005e1c:	0470af15 	.word	0x0470af15
20005e20:	7014ffcd 	.word	0x7014ffcd
20005e24:	1f0536ef 	.word	0x1f0536ef
20005e28:	e4e920b9 	.word	0xe4e920b9
20005e2c:	472347b0 	.word	0x472347b0
20005e30:	b6e0b4ea 	.word	0xb6e0b4ea
20005e34:	cec6d5b3 	.word	0xcec6d5b3
20005e38:	02181c4f 	.word	0x02181c4f
20005e3c:	d8804f34 	.word	0xd8804f34
20005e40:	256f34f7 	.word	0x256f34f7
20005e44:	77117f1c 	.word	0x77117f1c
20005e48:	b0e40c33 	.word	0xb0e40c33
20005e4c:	0998a7a3 	.word	0x0998a7a3
20005e50:	d7ec1224 	.word	0xd7ec1224
20005e54:	7711ffda 	.word	0x7711ffda
20005e58:	02ffd639 	.word	0x02ffd639
20005e5c:	87b1d063 	.word	0x87b1d063
20005e60:	a612b0f1 	.word	0xa612b0f1
20005e64:	c5c21fa2 	.word	0xc5c21fa2
20005e68:	c1868727 	.word	0xc1868727
20005e6c:	c20e8c8c 	.word	0xc20e8c8c
20005e70:	e1064e34 	.word	0xe1064e34
20005e74:	84d6b6de 	.word	0x84d6b6de
20005e78:	61105724 	.word	0x61105724
20005e7c:	7fa2a647 	.word	0x7fa2a647
20005e80:	a60b47dc 	.word	0xa60b47dc
20005e84:	b98d2604 	.word	0xb98d2604
20005e88:	5908df35 	.word	0x5908df35
20005e8c:	5508e783 	.word	0x5508e783
20005e90:	8754ed1f 	.word	0x8754ed1f
20005e94:	a2803317 	.word	0xa2803317
20005e98:	62155407 	.word	0x62155407
20005e9c:	673510f9 	.word	0x673510f9
20005ea0:	fc03771b 	.word	0xfc03771b
20005ea4:	da17a3b4 	.word	0xda17a3b4
20005ea8:	28f64784 	.word	0x28f64784
20005eac:	3f53a7a4 	.word	0x3f53a7a4
20005eb0:	44f948b4 	.word	0x44f948b4
20005eb4:	1f0385af 	.word	0x1f0385af
20005eb8:	3c880447 	.word	0x3c880447
20005ebc:	58bc0708 	.word	0x58bc0708
20005ec0:	4f5205a4 	.word	0x4f5205a4
20005ec4:	25b017d7 	.word	0x25b017d7
20005ec8:	207aecc9 	.word	0x207aecc9
20005ecc:	4f310ba5 	.word	0x4f310ba5
20005ed0:	0518d786 	.word	0x0518d786
20005ed4:	106a8fea 	.word	0x106a8fea
20005ed8:	50ac274a 	.word	0x50ac274a
20005edc:	c1f1c687 	.word	0xc1f1c687
20005ee0:	168d4fa6 	.word	0x168d4fa6
20005ee4:	1f0207e4 	.word	0x1f0207e4
20005ee8:	08774210 	.word	0x08774210
20005eec:	d0875d67 	.word	0xd0875d67
20005ef0:	83808f4d 	.word	0x83808f4d
20005ef4:	0c1416c7 	.word	0x0c1416c7
20005ef8:	d4821697 	.word	0xd4821697
20005efc:	060b5d7f 	.word	0x060b5d7f
20005f00:	085f41b7 	.word	0x085f41b7
20005f04:	25eef00a 	.word	0x25eef00a
20005f08:	56bf1910 	.word	0x56bf1910
20005f0c:	8e5e029e 	.word	0x8e5e029e
20005f10:	61771d00 	.word	0x61771d00
20005f14:	2c2c1f66 	.word	0x2c2c1f66
20005f18:	b0ea4fb8 	.word	0xb0ea4fb8
20005f1c:	19a56ee9 	.word	0x19a56ee9
20005f20:	67677947 	.word	0x67677947
20005f24:	af2e42f6 	.word	0xaf2e42f6
20005f28:	404f338c 	.word	0x404f338c
20005f2c:	e2d6ce3a 	.word	0xe2d6ce3a
20005f30:	02dfd15e 	.word	0x02dfd15e
20005f34:	c627368d 	.word	0xc627368d
20005f38:	94661cbe 	.word	0x94661cbe
20005f3c:	af7b10c1 	.word	0xaf7b10c1
20005f40:	0f298516 	.word	0x0f298516
20005f44:	10203678 	.word	0x10203678
20005f48:	38256ffa 	.word	0x38256ffa
20005f4c:	be4ddf61 	.word	0xbe4ddf61
20005f50:	06fae51c 	.word	0x06fae51c
20005f54:	17b80908 	.word	0x17b80908
20005f58:	604f88b4 	.word	0x604f88b4
20005f5c:	6f7e0c80 	.word	0x6f7e0c80
20005f60:	b5511098 	.word	0xb5511098
20005f64:	2e0362d6 	.word	0x2e0362d6
20005f68:	2ea7fe4e 	.word	0x2ea7fe4e
20005f6c:	c4264437 	.word	0xc4264437
20005f70:	dab70c56 	.word	0xdab70c56
20005f74:	55ac502e 	.word	0x55ac502e
20005f78:	ce62e017 	.word	0xce62e017
20005f7c:	1530272a 	.word	0x1530272a
20005f80:	2a107567 	.word	0x2a107567
20005f84:	e49a70d7 	.word	0xe49a70d7
20005f88:	6b0267d3 	.word	0x6b0267d3
20005f8c:	f690c22f 	.word	0xf690c22f
20005f90:	053c0734 	.word	0x053c0734
20005f94:	c443c758 	.word	0xc443c758
20005f98:	32d62c3e 	.word	0x32d62c3e
20005f9c:	a74e4129 	.word	0xa74e4129
20005fa0:	4c36e7d6 	.word	0x4c36e7d6
20005fa4:	36181807 	.word	0x36181807
20005fa8:	eeba16af 	.word	0xeeba16af
20005fac:	47965a01 	.word	0x47965a01
20005fb0:	10e0d030 	.word	0x10e0d030
20005fb4:	4c061e96 	.word	0x4c061e96
20005fb8:	4e4b609f 	.word	0x4e4b609f
20005fbc:	e768e0a1 	.word	0xe768e0a1
20005fc0:	244e7060 	.word	0x244e7060
20005fc4:	ba203f6e 	.word	0xba203f6e
20005fc8:	c02d326e 	.word	0xc02d326e
20005fcc:	37019f6f 	.word	0x37019f6f
20005fd0:	264b60d7 	.word	0x264b60d7
20005fd4:	702f1d42 	.word	0x702f1d42
20005fd8:	b6c09b16 	.word	0xb6c09b16
20005fdc:	97b04fc5 	.word	0x97b04fc5
20005fe0:	51374321 	.word	0x51374321
20005fe4:	a84d47a5 	.word	0xa84d47a5
20005fe8:	b1ea16e3 	.word	0xb1ea16e3
20005fec:	584711c7 	.word	0x584711c7
20005ff0:	1b9d5800 	.word	0x1b9d5800
20005ff4:	e5abcf5e 	.word	0xe5abcf5e
20005ff8:	1fb92f85 	.word	0x1fb92f85
20005ffc:	78a038e1 	.word	0x78a038e1
20006000:	a10170d6 	.word	0xa10170d6
20006004:	defa404e 	.word	0xdefa404e
20006008:	84c08825 	.word	0x84c08825
2000600c:	5ceeaa26 	.word	0x5ceeaa26
20006010:	053770a0 	.word	0x053770a0
20006014:	e0004826 	.word	0xe0004826
20006018:	6e56443e 	.word	0x6e56443e
2000601c:	e800a025 	.word	0xe800a025
20006020:	a043902e 	.word	0xa043902e
20006024:	86aa98ce 	.word	0x86aa98ce
20006028:	54461458 	.word	0x54461458
2000602c:	2e0850d5 	.word	0x2e0850d5
20006030:	3c86ae08 	.word	0x3c86ae08
20006034:	ab08462c 	.word	0xab08462c
20006038:	224e0d87 	.word	0x224e0d87
2000603c:	199832c0 	.word	0x199832c0
20006040:	294d6fa4 	.word	0x294d6fa4
20006044:	82ae7eae 	.word	0x82ae7eae
20006048:	c7b73916 	.word	0xc7b73916
2000604c:	0b673631 	.word	0x0b673631
20006050:	8e866216 	.word	0x8e866216
20006054:	c8febf2a 	.word	0xc8febf2a
20006058:	3624a59c 	.word	0x3624a59c
2000605c:	74dc860e 	.word	0x74dc860e
20006060:	70d89fa7 	.word	0x70d89fa7
20006064:	a0aacf59 	.word	0xa0aacf59
20006068:	b0771a94 	.word	0xb0771a94
2000606c:	3737a426 	.word	0x3737a426
20006070:	2810744e 	.word	0x2810744e
20006074:	ac87bc00 	.word	0xac87bc00
20006078:	360e2510 	.word	0x360e2510
2000607c:	68b62516 	.word	0x68b62516
20006080:	f5483252 	.word	0xf5483252
20006084:	3e99a866 	.word	0x3e99a866
20006088:	b8671809 	.word	0xb8671809
2000608c:	f40e207a 	.word	0xf40e207a
20006090:	667024af 	.word	0x667024af
20006094:	3231d45e 	.word	0x3231d45e
20006098:	a1829883 	.word	0xa1829883
2000609c:	322add34 	.word	0x322add34
200060a0:	f0090814 	.word	0xf0090814
200060a4:	772743c6 	.word	0x772743c6
200060a8:	7323b0be 	.word	0x7323b0be
200060ac:	f2262026 	.word	0xf2262026
200060b0:	041e219f 	.word	0x041e219f
200060b4:	7c0446f4 	.word	0x7c0446f4
200060b8:	581d735f 	.word	0x581d735f
200060bc:	cfe84c45 	.word	0xcfe84c45
200060c0:	2362a46d 	.word	0x2362a46d
200060c4:	1c563516 	.word	0x1c563516
200060c8:	06905f1a 	.word	0x06905f1a
200060cc:	a5d22f8c 	.word	0xa5d22f8c
200060d0:	0f096646 	.word	0x0f096646
200060d4:	3e107604 	.word	0x3e107604
200060d8:	303c1796 	.word	0x303c1796
200060dc:	18401efb 	.word	0x18401efb
200060e0:	182175dc 	.word	0x182175dc
200060e4:	f0178372 	.word	0xf0178372
200060e8:	7ebb83a8 	.word	0x7ebb83a8
200060ec:	6b088ea4 	.word	0x6b088ea4
200060f0:	1082e3e7 	.word	0x1082e3e7
200060f4:	85d2cf02 	.word	0x85d2cf02
200060f8:	ddddfb67 	.word	0xddddfb67
200060fc:	9b3f3c02 	.word	0x9b3f3c02
20006100:	b734420e 	.word	0xb734420e
20006104:	25303f8c 	.word	0x25303f8c
20006108:	59cccce4 	.word	0x59cccce4
2000610c:	843ea40e 	.word	0x843ea40e
20006110:	ed61e6c1 	.word	0xed61e6c1
20006114:	c6049986 	.word	0xc6049986
20006118:	367ef693 	.word	0x367ef693
2000611c:	80164dc2 	.word	0x80164dc2
20006120:	4b30ee78 	.word	0x4b30ee78
20006124:	3e83f7c2 	.word	0x3e83f7c2
20006128:	35a244ee 	.word	0x35a244ee
2000612c:	0f4a626f 	.word	0x0f4a626f
20006130:	9e70e498 	.word	0x9e70e498
20006134:	8e6f8e58 	.word	0x8e6f8e58
20006138:	8ea9d66d 	.word	0x8ea9d66d
2000613c:	7af7db08 	.word	0x7af7db08
20006140:	47240870 	.word	0x47240870
20006144:	c6022ea7 	.word	0xc6022ea7
20006148:	2c0126c4 	.word	0x2c0126c4
2000614c:	02ba12bf 	.word	0x02ba12bf
20006150:	4726efe2 	.word	0x4726efe2
20006154:	f62e97c0 	.word	0xf62e97c0
20006158:	25c8ffc6 	.word	0x25c8ffc6
2000615c:	00af968f 	.word	0x00af968f
20006160:	4e8059da 	.word	0x4e8059da
20006164:	6d3a37cd 	.word	0x6d3a37cd
20006168:	4d262738 	.word	0x4d262738
2000616c:	723a80d1 	.word	0x723a80d1
20006170:	6ee61b43 	.word	0x6ee61b43
20006174:	d4d7aec2 	.word	0xd4d7aec2
20006178:	cfbfa5d4 	.word	0xcfbfa5d4
2000617c:	6318c080 	.word	0x6318c080
20006180:	c021e05f 	.word	0xc021e05f
20006184:	8f93d058 	.word	0x8f93d058
20006188:	460bc781 	.word	0x460bc781
2000618c:	adfa1686 	.word	0xadfa1686
20006190:	2d682a25 	.word	0x2d682a25
20006194:	96d468a0 	.word	0x96d468a0
20006198:	4c8f4315 	.word	0x4c8f4315
2000619c:	17a8e285 	.word	0x17a8e285
200061a0:	704434c1 	.word	0x704434c1
200061a4:	3817bfe4 	.word	0x3817bfe4
200061a8:	810f8023 	.word	0x810f8023
200061ac:	2ff75602 	.word	0x2ff75602
200061b0:	820026ce 	.word	0x820026ce
200061b4:	a68c7a96 	.word	0xa68c7a96
200061b8:	030e76ee 	.word	0x030e76ee
200061bc:	9ebf8056 	.word	0x9ebf8056
200061c0:	fe11ff78 	.word	0xfe11ff78
200061c4:	60f8092f 	.word	0x60f8092f
200061c8:	87c72d02 	.word	0x87c72d02
200061cc:	cf611e71 	.word	0xcf611e71
200061d0:	f0646650 	.word	0xf0646650
200061d4:	bf7892fe 	.word	0xbf7892fe
200061d8:	350fec09 	.word	0x350fec09
200061dc:	0f1d46ae 	.word	0x0f1d46ae
200061e0:	b4135e4b 	.word	0xb4135e4b
200061e4:	c60eb13f 	.word	0xc60eb13f
200061e8:	c2f78486 	.word	0xc2f78486
200061ec:	140f5688 	.word	0x140f5688
200061f0:	77cf91ce 	.word	0x77cf91ce
200061f4:	bf852fbd 	.word	0xbf852fbd
200061f8:	1670c7e7 	.word	0x1670c7e7
200061fc:	50175767 	.word	0x50175767
20006200:	46c190d3 	.word	0x46c190d3
20006204:	06df839e 	.word	0x06df839e
20006208:	13cf068e 	.word	0x13cf068e
2000620c:	ecde9711 	.word	0xecde9711
20006210:	270ed22e 	.word	0x270ed22e
20006214:	a6fe8784 	.word	0xa6fe8784
20006218:	660d8ec3 	.word	0x660d8ec3
2000621c:	970b27a7 	.word	0x970b27a7
20006220:	5f266020 	.word	0x5f266020
20006224:	6410a42e 	.word	0x6410a42e
20006228:	c027334a 	.word	0xc027334a
2000622c:	779fb600 	.word	0x779fb600
20006230:	c6bcf867 	.word	0xc6bcf867
20006234:	90d612e7 	.word	0x90d612e7
20006238:	6fcbc7b5 	.word	0x6fcbc7b5
2000623c:	6d3f274e 	.word	0x6d3f274e
20006240:	be3ead00 	.word	0xbe3ead00
20006244:	410e9d26 	.word	0x410e9d26
20006248:	36dd8f64 	.word	0x36dd8f64
2000624c:	fc01ac54 	.word	0xfc01ac54
20006250:	7210a0be 	.word	0x7210a0be
20006254:	227f03a0 	.word	0x227f03a0
20006258:	fe60a246 	.word	0xfe60a246
2000625c:	af53fa80 	.word	0xaf53fa80
20006260:	70109200 	.word	0x70109200
20006264:	afb3e7a5 	.word	0xafb3e7a5
20006268:	811f6dc6 	.word	0x811f6dc6
2000626c:	8127562f 	.word	0x8127562f
20006270:	b8f739a8 	.word	0xb8f739a8
20006274:	066a2f85 	.word	0x066a2f85
20006278:	cbdad8c2 	.word	0xcbdad8c2
2000627c:	3e684783 	.word	0x3e684783
20006280:	6217eec3 	.word	0x6217eec3
20006284:	101f6e06 	.word	0x101f6e06
20006288:	1ebc1637 	.word	0x1ebc1637
2000628c:	ec8f62ac 	.word	0xec8f62ac
20006290:	c472570a 	.word	0xc472570a
20006294:	fbfe5cc0 	.word	0xfbfe5cc0
20006298:	4f8c8356 	.word	0x4f8c8356
2000629c:	e5fe1e80 	.word	0xe5fe1e80
200062a0:	83573f67 	.word	0x83573f67
200062a4:	a2ceacaf 	.word	0xa2ceacaf
200062a8:	e4d2a68f 	.word	0xe4d2a68f
200062ac:	80beb086 	.word	0x80beb086
200062b0:	75264428 	.word	0x75264428
200062b4:	3ee88a4f 	.word	0x3ee88a4f
200062b8:	c51cc6c0 	.word	0xc51cc6c0
200062bc:	5d1b8fae 	.word	0x5d1b8fae
200062c0:	ae744837 	.word	0xae744837
200062c4:	404ea70f 	.word	0x404ea70f
200062c8:	d03e85ee 	.word	0xd03e85ee
200062cc:	0618addd 	.word	0x0618addd
200062d0:	6d328e7c 	.word	0x6d328e7c
200062d4:	62985f6c 	.word	0x62985f6c
200062d8:	866f3e06 	.word	0x866f3e06
200062dc:	8e650810 	.word	0x8e650810
200062e0:	d0363a10 	.word	0xd0363a10
200062e4:	0c82f6b0 	.word	0x0c82f6b0
200062e8:	fc75ce85 	.word	0xfc75ce85
200062ec:	befda3ff 	.word	0xbefda3ff
200062f0:	d01cadc3 	.word	0xd01cadc3
200062f4:	22260f06 	.word	0x22260f06
200062f8:	f45e0601 	.word	0xf45e0601
200062fc:	2486fff8 	.word	0x2486fff8
20006300:	22e86e21 	.word	0x22e86e21
20006304:	c21e2322 	.word	0xc21e2322
20006308:	be95adc7 	.word	0xbe95adc7
2000630c:	46560aad 	.word	0x46560aad
20006310:	16f320ad 	.word	0x16f320ad
20006314:	e6beb524 	.word	0xe6beb524
20006318:	afa326f1 	.word	0xafa326f1
2000631c:	2c81be03 	.word	0x2c81be03
20006320:	56e02526 	.word	0x56e02526
20006324:	6684ce63 	.word	0x6684ce63
20006328:	666696bb 	.word	0x666696bb
2000632c:	8d56f62d 	.word	0x8d56f62d
20006330:	551a6618 	.word	0x551a6618
20006334:	db40c5e6 	.word	0xdb40c5e6
20006338:	478dc42e 	.word	0x478dc42e
2000633c:	56eff0a8 	.word	0x56eff0a8
20006340:	ee444644 	.word	0xee444644
20006344:	2f244244 	.word	0x2f244244
20006348:	8de620b5 	.word	0x8de620b5
2000634c:	6c2457d2 	.word	0x6c2457d2
20006350:	b60b224f 	.word	0xb60b224f
20006354:	b7910ea1 	.word	0xb7910ea1
20006358:	205e9e87 	.word	0x205e9e87
2000635c:	147b1c4e 	.word	0x147b1c4e
20006360:	5e8d57ee 	.word	0x5e8d57ee
20006364:	f4ae6555 	.word	0xf4ae6555
20006368:	0c0486e5 	.word	0x0c0486e5
2000636c:	c0ded0bf 	.word	0xc0ded0bf
20006370:	42703e11 	.word	0x42703e11
20006374:	07741020 	.word	0x07741020
20006378:	95d43613 	.word	0x95d43613
2000637c:	5dc227f3 	.word	0x5dc227f3
20006380:	77135e2c 	.word	0x77135e2c
20006384:	aa048560 	.word	0xaa048560
20006388:	fb940086 	.word	0xfb940086
2000638c:	b78e089e 	.word	0xb78e089e
20006390:	0886e276 	.word	0x0886e276
20006394:	b76ba670 	.word	0xb76ba670
20006398:	12e18612 	.word	0x12e18612
2000639c:	b0174e30 	.word	0xb0174e30
200063a0:	c3d6ce81 	.word	0xc3d6ce81
200063a4:	e80c5f35 	.word	0xe80c5f35
200063a8:	0fb681df 	.word	0x0fb681df
200063ac:	e341d681 	.word	0xe341d681
200063b0:	1a16b046 	.word	0x1a16b046
200063b4:	dd0a9ec0 	.word	0xdd0a9ec0
200063b8:	ea43675e 	.word	0xea43675e
200063bc:	7e000620 	.word	0x7e000620
200063c0:	c72164ff 	.word	0xc72164ff
200063c4:	165f350c 	.word	0x165f350c
200063c8:	1804fffe 	.word	0x1804fffe
200063cc:	c211674e 	.word	0xc211674e
200063d0:	186f381f 	.word	0x186f381f
200063d4:	909fe1fb 	.word	0x909fe1fb
200063d8:	4c059820 	.word	0x4c059820
200063dc:	167888df 	.word	0x167888df
200063e0:	6f4fff85 	.word	0x6f4fff85
200063e4:	8f19a484 	.word	0x8f19a484
200063e8:	839fb052 	.word	0x839fb052
200063ec:	d1228b1e 	.word	0xd1228b1e
200063f0:	63d77d32 	.word	0x63d77d32
200063f4:	ee7417c0 	.word	0xee7417c0
200063f8:	9abe0e8f 	.word	0x9abe0e8f
200063fc:	8f688f8f 	.word	0x8f688f8f
20006400:	348f0645 	.word	0x348f0645
20006404:	3e1ac18f 	.word	0x3e1ac18f
20006408:	dbb00655 	.word	0xdbb00655
2000640c:	08be4a8f 	.word	0x08be4a8f
20006410:	1ea00960 	.word	0x1ea00960
20006414:	0eb76b1c 	.word	0x0eb76b1c
20006418:	c05f0e4e 	.word	0xc05f0e4e
2000641c:	3a20a821 	.word	0x3a20a821
20006420:	001576d8 	.word	0x001576d8
20006424:	02bf335a 	.word	0x02bf335a
20006428:	770e7716 	.word	0x770e7716
2000642c:	77287661 	.word	0x77287661
20006430:	c3b76dd0 	.word	0xc3b76dd0
20006434:	34af4fc7 	.word	0x34af4fc7
20006438:	08885fcf 	.word	0x08885fcf
2000643c:	27385940 	.word	0x27385940
20006440:	df72fe27 	.word	0xdf72fe27
20006444:	003f3609 	.word	0x003f3609
20006448:	4e1cde07 	.word	0x4e1cde07
2000644c:	f14623f6 	.word	0xf14623f6
20006450:	7a639f50 	.word	0x7a639f50
20006454:	07afb29e 	.word	0x07afb29e
20006458:	00d018d6 	.word	0x00d018d6
2000645c:	70df20b0 	.word	0x70df20b0
20006460:	5e9a8825 	.word	0x5e9a8825
20006464:	36750290 	.word	0x36750290
20006468:	cd086623 	.word	0xcd086623
2000646c:	c510667e 	.word	0xc510667e
20006470:	5050fc3c 	.word	0x5050fc3c
20006474:	0fb60326 	.word	0x0fb60326
20006478:	1622d22e 	.word	0x1622d22e
2000647c:	bf1b9786 	.word	0xbf1b9786
20006480:	31c1386e 	.word	0x31c1386e
20006484:	dac97c26 	.word	0xdac97c26
20006488:	14be2673 	.word	0x14be2673
2000648c:	23564e22 	.word	0x23564e22
20006490:	06b14e76 	.word	0x06b14e76
20006494:	0006a66a 	.word	0x0006a66a
20006498:	0d411758 	.word	0x0d411758
2000649c:	44a708af 	.word	0x44a708af
200064a0:	050082a7 	.word	0x050082a7
200064a4:	ffd4f64a 	.word	0xffd4f64a
200064a8:	40270e74 	.word	0x40270e74
200064ac:	47c14fa2 	.word	0x47c14fa2
200064b0:	34067484 	.word	0x34067484
200064b4:	43c0dfe2 	.word	0x43c0dfe2
200064b8:	a61e46c4 	.word	0xa61e46c4
200064bc:	1cd056a3 	.word	0x1cd056a3
200064c0:	0405f774 	.word	0x0405f774
200064c4:	2444ce5e 	.word	0x2444ce5e
200064c8:	6e1bc968 	.word	0x6e1bc968
200064cc:	de78eb59 	.word	0xde78eb59
200064d0:	6b2f0640 	.word	0x6b2f0640
200064d4:	631f5426 	.word	0x631f5426
200064d8:	1f251eee 	.word	0x1f251eee
200064dc:	309d3c93 	.word	0x309d3c93
200064e0:	77c86fc0 	.word	0x77c86fc0
200064e4:	9e20f618 	.word	0x9e20f618
200064e8:	16302608 	.word	0x16302608
200064ec:	c8b8862e 	.word	0xc8b8862e
200064f0:	78137a10 	.word	0x78137a10
200064f4:	c382b25e 	.word	0xc382b25e
200064f8:	2fd824ff 	.word	0x2fd824ff
200064fc:	de958738 	.word	0xde958738
20006500:	53ffd4f9 	.word	0x53ffd4f9
20006504:	8a88a770 	.word	0x8a88a770
20006508:	9067c107 	.word	0x9067c107
2000650c:	812fadd9 	.word	0x812fadd9
20006510:	068706cf 	.word	0x068706cf
20006514:	92df6197 	.word	0x92df6197
20006518:	c6342c28 	.word	0xc6342c28
2000651c:	05cf6253 	.word	0x05cf6253
20006520:	a8172b0c 	.word	0xa8172b0c
20006524:	714f61f4 	.word	0x714f61f4
20006528:	7f35806e 	.word	0x7f35806e
2000652c:	219904f1 	.word	0x219904f1
20006530:	345c1f97 	.word	0x345c1f97
20006534:	2e8cb244 	.word	0x2e8cb244
20006538:	9faeb18a 	.word	0x9faeb18a
2000653c:	c77004e7 	.word	0xc77004e7
20006540:	0728fe9e 	.word	0x0728fe9e
20006544:	5877dc42 	.word	0x5877dc42
20006548:	e7955730 	.word	0xe7955730
2000654c:	866e1380 	.word	0x866e1380
20006550:	f3e287cf 	.word	0xf3e287cf
20006554:	86262122 	.word	0x86262122
20006558:	c10463cf 	.word	0xc10463cf
2000655c:	33433e86 	.word	0x33433e86
20006560:	a608e886 	.word	0xa608e886
20006564:	fc76d769 	.word	0xfc76d769
20006568:	01b6022f 	.word	0x01b6022f
2000656c:	ce06fec4 	.word	0xce06fec4
20006570:	5f8dc70c 	.word	0x5f8dc70c
20006574:	bebe824c 	.word	0xbebe824c
20006578:	ccee7e1b 	.word	0xccee7e1b
2000657c:	d4c60bbf 	.word	0xd4c60bbf
20006580:	c12025c7 	.word	0xc12025c7
20006584:	10a78117 	.word	0x10a78117
20006588:	b730efac 	.word	0xb730efac
2000658c:	8627050a 	.word	0x8627050a
20006590:	007608bf 	.word	0x007608bf
20006594:	08dafee7 	.word	0x08dafee7
20006598:	422cf6c2 	.word	0x422cf6c2
2000659c:	77f800c4 	.word	0x77f800c4
200065a0:	9fa00000 	.word	0x9fa00000
200065a4:	70df74a1 	.word	0x70df74a1
200065a8:	2ac6d8f9 	.word	0x2ac6d8f9
200065ac:	fa063594 	.word	0xfa063594
200065b0:	8d22105c 	.word	0x8d22105c
200065b4:	a5628704 	.word	0xa5628704
200065b8:	9e60091f 	.word	0x9e60091f
200065bc:	1f0607cb 	.word	0x1f0607cb
200065c0:	08ad4ede 	.word	0x08ad4ede
200065c4:	3c3c181f 	.word	0x3c3c181f
200065c8:	d9c31c0e 	.word	0xd9c31c0e
200065cc:	9d2ac588 	.word	0x9d2ac588
200065d0:	7141801c 	.word	0x7141801c
200065d4:	c6bfce07 	.word	0xc6bfce07
200065d8:	a59e3b24 	.word	0xa59e3b24
200065dc:	a7524324 	.word	0xa7524324
200065e0:	aea056bd 	.word	0xaea056bd
200065e4:	091ed014 	.word	0x091ed014
200065e8:	f61e66d6 	.word	0xf61e66d6
200065ec:	0442c637 	.word	0x0442c637
200065f0:	1b689eb8 	.word	0x1b689eb8
200065f4:	54195798 	.word	0x54195798
200065f8:	35b78f97 	.word	0x35b78f97
200065fc:	bf2e4316 	.word	0xbf2e4316
20006600:	a634065b 	.word	0xa634065b
20006604:	86002e04 	.word	0x86002e04
20006608:	a2ae7ca7 	.word	0xa2ae7ca7
2000660c:	041712cd 	.word	0x041712cd
20006610:	f11c064d 	.word	0xf11c064d
20006614:	00408825 	.word	0x00408825
20006618:	445e1707 	.word	0x445e1707
2000661c:	18c737a6 	.word	0x18c737a6
20006620:	a7c7e082 	.word	0xa7c7e082
20006624:	108e143e 	.word	0x108e143e
20006628:	b735b117 	.word	0xb735b117
2000662c:	7748a6d9 	.word	0x7748a6d9
20006630:	00ae1456 	.word	0x00ae1456
20006634:	24b82e23 	.word	0x24b82e23
20006638:	df14480e 	.word	0xdf14480e
2000663c:	7033af6d 	.word	0x7033af6d
20006640:	421168f8 	.word	0x421168f8
20006644:	b7550b8e 	.word	0xb7550b8e
20006648:	68e73888 	.word	0x68e73888
2000664c:	9b1f22a6 	.word	0x9b1f22a6
20006650:	5848ff89 	.word	0x5848ff89
20006654:	24762e98 	.word	0x24762e98
20006658:	f0083e0a 	.word	0xf0083e0a
2000665c:	0729dc36 	.word	0x0729dc36
20006660:	433044c6 	.word	0x433044c6
20006664:	d37606d3 	.word	0xd37606d3
20006668:	303eef43 	.word	0x303eef43
2000666c:	03240231 	.word	0x03240231
20006670:	06146a87 	.word	0x06146a87
20006674:	dee068a7 	.word	0xdee068a7
20006678:	184fe068 	.word	0x184fe068
2000667c:	0e8e076e 	.word	0x0e8e076e
20006680:	054e6c6f 	.word	0x054e6c6f
20006684:	0fbe0c24 	.word	0x0fbe0c24
20006688:	61417619 	.word	0x61417619
2000668c:	a266b03e 	.word	0xa266b03e
20006690:	07976ba3 	.word	0x07976ba3
20006694:	27a3f137 	.word	0x27a3f137
20006698:	21d84e35 	.word	0x21d84e35
2000669c:	d2ee4aae 	.word	0xd2ee4aae
200066a0:	8f559065 	.word	0x8f559065
200066a4:	a3893686 	.word	0xa3893686
200066a8:	4d0ab768 	.word	0x4d0ab768
200066ac:	908225f6 	.word	0x908225f6
200066b0:	0ab82697 	.word	0x0ab82697
200066b4:	a6ecf25f 	.word	0xa6ecf25f
200066b8:	c6c0ca48 	.word	0xc6c0ca48
200066bc:	beb08f6d 	.word	0xbeb08f6d
200066c0:	ae1c0240 	.word	0xae1c0240
200066c4:	e6df5d65 	.word	0xe6df5d65
200066c8:	d736ce68 	.word	0xd736ce68
200066cc:	0f6af689 	.word	0x0f6af689
200066d0:	5fa11912 	.word	0x5fa11912
200066d4:	b0463a12 	.word	0xb0463a12
200066d8:	6ec4910f 	.word	0x6ec4910f
200066dc:	1b7c268f 	.word	0x1b7c268f
200066e0:	1616076e 	.word	0x1616076e
200066e4:	68073843 	.word	0x68073843
200066e8:	3043df99 	.word	0x3043df99
200066ec:	b5478a0f 	.word	0xb5478a0f
200066f0:	8ba8afd0 	.word	0x8ba8afd0
200066f4:	e61c51b7 	.word	0xe61c51b7
200066f8:	b05f7f1c 	.word	0xb05f7f1c
200066fc:	4f8e59af 	.word	0x4f8e59af
20006700:	6f06eb13 	.word	0x6f06eb13
20006704:	3c15e3a6 	.word	0x3c15e3a6
20006708:	b19ff42c 	.word	0xb19ff42c
2000670c:	158637bf 	.word	0x158637bf
20006710:	a7a22c7e 	.word	0xa7a22c7e
20006714:	a754ff86 	.word	0xa754ff86
20006718:	a7802673 	.word	0xa7802673
2000671c:	a4fc2694 	.word	0xa4fc2694
20006720:	f326b5a7 	.word	0xf326b5a7
20006724:	573840d9 	.word	0x573840d9
20006728:	a5df4f0d 	.word	0xa5df4f0d
2000672c:	4020074e 	.word	0x4020074e
20006730:	9c600fdc 	.word	0x9c600fdc
20006734:	02a09e80 	.word	0x02a09e80
20006738:	f1e76a32 	.word	0xf1e76a32
2000673c:	5689a7d4 	.word	0x5689a7d4
20006740:	f747a766 	.word	0xf747a766
20006744:	261d81a0 	.word	0x261d81a0
20006748:	8066182f 	.word	0x8066182f
2000674c:	d869477c 	.word	0xd869477c
20006750:	4184a8ee 	.word	0x4184a8ee
20006754:	77215f14 	.word	0x77215f14
20006758:	9a0b281f 	.word	0x9a0b281f
2000675c:	8413354f 	.word	0x8413354f
20006760:	a6d56457 	.word	0xa6d56457
20006764:	e86fa108 	.word	0xe86fa108
20006768:	8504d601 	.word	0x8504d601
2000676c:	c445ac86 	.word	0xc445ac86
20006770:	7a128420 	.word	0x7a128420
20006774:	010d9e6e 	.word	0x010d9e6e
20006778:	17b9cf11 	.word	0x17b9cf11
2000677c:	1e07d7cb 	.word	0x1e07d7cb
20006780:	1223d66d 	.word	0x1223d66d
20006784:	e830373a 	.word	0xe830373a
20006788:	f4970a0e 	.word	0xf4970a0e
2000678c:	becea71c 	.word	0xbecea71c
20006790:	5e2da737 	.word	0x5e2da737
20006794:	3e2e3775 	.word	0x3e2e3775
20006798:	36f3066f 	.word	0x36f3066f
2000679c:	2fc6c106 	.word	0x2fc6c106
200067a0:	081756d2 	.word	0x081756d2
200067a4:	58e9862a 	.word	0x58e9862a
200067a8:	c20884a8 	.word	0xc20884a8
200067ac:	6ede061f 	.word	0x6ede061f
200067b0:	3fb87605 	.word	0x3fb87605
200067b4:	2cea766b 	.word	0x2cea766b
200067b8:	6f3084a8 	.word	0x6f3084a8
200067bc:	bad9b0c6 	.word	0xbad9b0c6
200067c0:	d7a18017 	.word	0xd7a18017
200067c4:	87bab5a8 	.word	0x87bab5a8
200067c8:	02067a14 	.word	0x02067a14
200067cc:	8fefab14 	.word	0x8fefab14
200067d0:	11f837cb 	.word	0x11f837cb
200067d4:	2912a024 	.word	0x2912a024
200067d8:	12a0c877 	.word	0x12a0c877
200067dc:	1936d1dc 	.word	0x1936d1dc
200067e0:	3fe50c47 	.word	0x3fe50c47
200067e4:	6683d627 	.word	0x6683d627
200067e8:	c110e775 	.word	0xc110e775
200067ec:	d6af4f0e 	.word	0xd6af4f0e
200067f0:	d4560527 	.word	0xd4560527
200067f4:	2f0e277b 	.word	0x2f0e277b
200067f8:	4806307f 	.word	0x4806307f
200067fc:	ed1eee87 	.word	0xed1eee87
20006800:	5046c144 	.word	0x5046c144
20006804:	4a36c182 	.word	0x4a36c182
20006808:	07ab36d2 	.word	0x07ab36d2
2000680c:	2b4fad4a 	.word	0x2b4fad4a
20006810:	c97d8186 	.word	0xc97d8186
20006814:	6e265ca6 	.word	0x6e265ca6
20006818:	0207c805 	.word	0x0207c805
2000681c:	d84dfef4 	.word	0xd84dfef4
20006820:	1077ba84 	.word	0x1077ba84
20006824:	02a0d7e0 	.word	0x02a0d7e0
20006828:	11fff0b4 	.word	0x11fff0b4
2000682c:	9cbc97b1 	.word	0x9cbc97b1
20006830:	02ae2210 	.word	0x02ae2210
20006834:	4f081057 	.word	0x4f081057
20006838:	342f3040 	.word	0x342f3040
2000683c:	2f035d6f 	.word	0x2f035d6f
20006840:	10be5d85 	.word	0x10be5d85
20006844:	db088e05 	.word	0xdb088e05
20006848:	c8ae674f 	.word	0xc8ae674f
2000684c:	1026db7e 	.word	0x1026db7e
20006850:	255e768e 	.word	0x255e768e
20006854:	be79322f 	.word	0xbe79322f
20006858:	8012271b 	.word	0x8012271b
2000685c:	e04f00be 	.word	0xe04f00be
20006860:	8625cff4 	.word	0x8625cff4
20006864:	2485c670 	.word	0x2485c670
20006868:	e045d69d 	.word	0xe045d69d
2000686c:	1e2a041f 	.word	0x1e2a041f
20006870:	4e300948 	.word	0x4e300948
20006874:	1470fead 	.word	0x1470fead
20006878:	61862691 	.word	0x61862691
2000687c:	df071040 	.word	0xdf071040
20006880:	62371780 	.word	0x62371780
20006884:	6ab7e42d 	.word	0x6ab7e42d
20006888:	d12e4fbe 	.word	0xd12e4fbe
2000688c:	6886c178 	.word	0x6886c178
20006890:	969ac1b0 	.word	0x969ac1b0
20006894:	7e87907e 	.word	0x7e87907e
20006898:	17b60c08 	.word	0x17b60c08
2000689c:	603825d6 	.word	0x603825d6
200068a0:	ef1fa902 	.word	0xef1fa902
200068a4:	6efe1055 	.word	0x6efe1055
200068a8:	6fe71731 	.word	0x6fe71731
200068ac:	65081476 	.word	0x65081476
200068b0:	57570b8e 	.word	0x57570b8e
200068b4:	0b0606f8 	.word	0x0b0606f8
200068b8:	6c8e304e 	.word	0x6c8e304e
200068bc:	448e7426 	.word	0x448e7426
200068c0:	04b00e60 	.word	0x04b00e60
200068c4:	160b0214 	.word	0x160b0214
200068c8:	c2ea3c16 	.word	0xc2ea3c16
200068cc:	bf2f1081 	.word	0xbf2f1081
200068d0:	83ffa0d3 	.word	0x83ffa0d3
200068d4:	a6e10d7e 	.word	0xa6e10d7e
200068d8:	c2d04647 	.word	0xc2d04647
200068dc:	efe91ba9 	.word	0xefe91ba9
200068e0:	a698c756 	.word	0xa698c756
200068e4:	9c869d21 	.word	0x9c869d21
200068e8:	21a9d817 	.word	0x21a9d817
200068ec:	16a1762d 	.word	0x16a1762d
200068f0:	b2ce860b 	.word	0xb2ce860b
200068f4:	0196c697 	.word	0x0196c697
200068f8:	09120cb7 	.word	0x09120cb7
200068fc:	9c522f08 	.word	0x9c522f08
20006900:	041e199e 	.word	0x041e199e
20006904:	9e2e6764 	.word	0x9e2e6764
20006908:	1735220c 	.word	0x1735220c
2000690c:	46586ca0 	.word	0x46586ca0
20006910:	f4823286 	.word	0xf4823286
20006914:	c8d41bd6 	.word	0xc8d41bd6
20006918:	f77642df 	.word	0xf77642df
2000691c:	14eb8ea7 	.word	0x14eb8ea7
20006920:	a3df2f00 	.word	0xa3df2f00
20006924:	a9087837 	.word	0xa9087837
20006928:	0fcd2484 	.word	0x0fcd2484
2000692c:	638f0556 	.word	0x638f0556
20006930:	0ecd361a 	.word	0x0ecd361a
20006934:	0f5e1226 	.word	0x0f5e1226
20006938:	1b072e22 	.word	0x1b072e22
2000693c:	c626d6fc 	.word	0xc626d6fc
20006940:	57bb1010 	.word	0x57bb1010
20006944:	f5860636 	.word	0xf5860636
20006948:	1614ffd3 	.word	0x1614ffd3
2000694c:	1ed0f742 	.word	0x1ed0f742
20006950:	aa2f11f3 	.word	0xaa2f11f3
20006954:	07c62664 	.word	0x07c62664
20006958:	5e008fc6 	.word	0x5e008fc6
2000695c:	fe034407 	.word	0xfe034407
20006960:	04a6f021 	.word	0x04a6f021
20006964:	914f76f1 	.word	0x914f76f1
20006968:	d2c687ee 	.word	0xd2c687ee
2000696c:	c00b01e0 	.word	0xc00b01e0
20006970:	ce1ec1af 	.word	0xce1ec1af
20006974:	e2108d40 	.word	0xe2108d40
20006978:	065f2347 	.word	0x065f2347
2000697c:	3812c610 	.word	0x3812c610
20006980:	00dacfeb 	.word	0x00dacfeb
20006984:	24f0ee16 	.word	0x24f0ee16
20006988:	7338df7d 	.word	0x7338df7d
2000698c:	a98a74af 	.word	0xa98a74af
20006990:	2d6e5aef 	.word	0x2d6e5aef
20006994:	86808eeb 	.word	0x86808eeb
20006998:	266706f6 	.word	0x266706f6
2000699c:	03f579a0 	.word	0x03f579a0
200069a0:	470e9c93 	.word	0x470e9c93
200069a4:	ebc41f74 	.word	0xebc41f74
200069a8:	0fa37786 	.word	0x0fa37786
200069ac:	e0102b7e 	.word	0xe0102b7e
200069b0:	4e3a026f 	.word	0x4e3a026f
200069b4:	aed8422f 	.word	0xaed8422f
200069b8:	262efc9f 	.word	0x262efc9f
200069bc:	c43f2b20 	.word	0xc43f2b20
200069c0:	d982aa1c 	.word	0xd982aa1c
200069c4:	549e175e 	.word	0x549e175e
200069c8:	f92e7c28 	.word	0xf92e7c28
200069cc:	3026ff02 	.word	0x3026ff02
200069d0:	07ff2412 	.word	0x07ff2412
200069d4:	14e682ef 	.word	0x14e682ef
200069d8:	4eec229e 	.word	0x4eec229e
200069dc:	e6144708 	.word	0xe6144708
200069e0:	7ef70230 	.word	0x7ef70230
200069e4:	26858678 	.word	0x26858678
200069e8:	2e47d820 	.word	0x2e47d820
200069ec:	2426e54e 	.word	0x2426e54e
200069f0:	6b285fd7 	.word	0x6b285fd7
200069f4:	d608c517 	.word	0xd608c517
200069f8:	f80e308f 	.word	0xf80e308f
200069fc:	cf0c45c7 	.word	0xcf0c45c7
20006a00:	7c87da20 	.word	0x7c87da20
20006a04:	e8278caa 	.word	0xe8278caa
20006a08:	0f300500 	.word	0x0f300500
20006a0c:	444fab81 	.word	0x444fab81
20006a10:	6fced406 	.word	0x6fced406
20006a14:	a0d21ea5 	.word	0xa0d21ea5
20006a18:	aa2fa619 	.word	0xaa2fa619
20006a1c:	d360d70a 	.word	0xd360d70a
20006a20:	1190c726 	.word	0x1190c726
20006a24:	a09258f7 	.word	0xa09258f7
20006a28:	47c001c6 	.word	0x47c001c6
20006a2c:	7f1a3fc1 	.word	0x7f1a3fc1
20006a30:	322fc1aa 	.word	0x322fc1aa
20006a34:	07f76edc 	.word	0x07f76edc
20006a38:	77ab8457 	.word	0x77ab8457
20006a3c:	5149efb7 	.word	0x5149efb7
20006a40:	dc6f5a84 	.word	0xdc6f5a84
20006a44:	c0185da7 	.word	0xc0185da7
20006a48:	d4a71d56 	.word	0xd4a71d56
20006a4c:	84ae4f1e 	.word	0x84ae4f1e
20006a50:	1f3442d5 	.word	0x1f3442d5
20006a54:	057eb892 	.word	0x057eb892
20006a58:	11e77208 	.word	0x11e77208
20006a5c:	7e151657 	.word	0x7e151657
20006a60:	d7063d88 	.word	0xd7063d88
20006a64:	e0aea847 	.word	0xe0aea847
20006a68:	14bf0054 	.word	0x14bf0054
20006a6c:	1f186027 	.word	0x1f186027
20006a70:	e30c5703 	.word	0xe30c5703
20006a74:	d5776a1e 	.word	0xd5776a1e
20006a78:	4ef5a07f 	.word	0x4ef5a07f
20006a7c:	ab547f97 	.word	0xab547f97
20006a80:	c5408e33 	.word	0xc5408e33
20006a84:	108e5c0b 	.word	0x108e5c0b
20006a88:	0b874361 	.word	0x0b874361
20006a8c:	0770db81 	.word	0x0770db81
20006a90:	b0705787 	.word	0xb0705787
20006a94:	a9df2596 	.word	0xa9df2596
20006a98:	56762256 	.word	0x56762256
20006a9c:	6feb8c42 	.word	0x6feb8c42
20006aa0:	b381c610 	.word	0xb381c610
20006aa4:	6e0e813e 	.word	0x6e0e813e
20006aa8:	76050280 	.word	0x76050280
20006aac:	6f78126c 	.word	0x6f78126c
20006ab0:	b29ff028 	.word	0xb29ff028
20006ab4:	0627be31 	.word	0x0627be31
20006ab8:	e22b2776 	.word	0xe22b2776
20006abc:	10dc7dc7 	.word	0x10dc7dc7
20006ac0:	dfd09204 	.word	0xdfd09204
20006ac4:	b72eee08 	.word	0xb72eee08
20006ac8:	4b41809e 	.word	0x4b41809e
20006acc:	05157e68 	.word	0x05157e68
20006ad0:	42bcc516 	.word	0x42bcc516
20006ad4:	9b0443b6 	.word	0x9b0443b6
20006ad8:	039042e6 	.word	0x039042e6
20006adc:	3e45c71c 	.word	0x3e45c71c
20006ae0:	c7f5b4d6 	.word	0xc7f5b4d6
20006ae4:	b7a336f7 	.word	0xb7a336f7
20006ae8:	db410952 	.word	0xdb410952
20006aec:	bf26a56f 	.word	0xbf26a56f
20006af0:	2009cf10 	.word	0x2009cf10
20006af4:	ea605e7e 	.word	0xea605e7e
20006af8:	2fb79404 	.word	0x2fb79404
20006afc:	b243c54c 	.word	0xb243c54c
20006b00:	3e5e068c 	.word	0x3e5e068c
20006b04:	0fb796cc 	.word	0x0fb796cc
20006b08:	7ca30020 	.word	0x7ca30020
20006b0c:	ca8424af 	.word	0xca8424af
20006b10:	ae1c9236 	.word	0xae1c9236
20006b14:	e4587958 	.word	0xe4587958
20006b18:	4e2c2e28 	.word	0x4e2c2e28
20006b1c:	309f7730 	.word	0x309f7730
20006b20:	28afbab7 	.word	0x28afbab7
20006b24:	db0bbc40 	.word	0xdb0bbc40
20006b28:	e237c104 	.word	0xe237c104
20006b2c:	07a5da95 	.word	0x07a5da95
20006b30:	181b771a 	.word	0x181b771a
20006b34:	eeb4b04f 	.word	0xeeb4b04f
20006b38:	0e1f24ff 	.word	0x0e1f24ff
20006b3c:	9f64e304 	.word	0x9f64e304
20006b40:	a7853710 	.word	0xa7853710
20006b44:	36366fff 	.word	0x36366fff
20006b48:	2e0f2c24 	.word	0x2e0f2c24
20006b4c:	2f7a5837 	.word	0x2f7a5837
20006b50:	bfc71638 	.word	0xbfc71638
20006b54:	1f219770 	.word	0x1f219770
20006b58:	7d0a0493 	.word	0x7d0a0493
20006b5c:	eefc1126 	.word	0xeefc1126
20006b60:	34028181 	.word	0x34028181
20006b64:	27a2d753 	.word	0x27a2d753
20006b68:	19a390a0 	.word	0x19a390a0
20006b6c:	4fc02d05 	.word	0x4fc02d05
20006b70:	0296bfcd 	.word	0x0296bfcd
20006b74:	c99fa2b0 	.word	0xc99fa2b0
20006b78:	9e718405 	.word	0x9e718405
20006b7c:	fb97c513 	.word	0xfb97c513
20006b80:	24022281 	.word	0x24022281
20006b84:	20a717b7 	.word	0x20a717b7
20006b88:	8fc50631 	.word	0x8fc50631
20006b8c:	e4af0676 	.word	0xe4af0676
20006b90:	23920102 	.word	0x23920102
20006b94:	060890a9 	.word	0x060890a9
20006b98:	09a44a25 	.word	0x09a44a25
20006b9c:	0926fe71 	.word	0x0926fe71
20006ba0:	075656af 	.word	0x075656af
20006ba4:	bfab10bf 	.word	0xbfab10bf
20006ba8:	18b8584f 	.word	0x18b8584f
20006bac:	0e0317ca 	.word	0x0e0317ca
20006bb0:	472c118d 	.word	0x472c118d
20006bb4:	21663124 	.word	0x21663124
20006bb8:	36638d4e 	.word	0x36638d4e
20006bbc:	85c43f4a 	.word	0x85c43f4a
20006bc0:	6e0d893f 	.word	0x6e0d893f
20006bc4:	10c4a77b 	.word	0x10c4a77b
20006bc8:	6bae20c6 	.word	0x6bae20c6
20006bcc:	af60aed7 	.word	0xaf60aed7
20006bd0:	02a69db4 	.word	0x02a69db4
20006bd4:	e411b97f 	.word	0xe411b97f
20006bd8:	aba43c28 	.word	0xaba43c28
20006bdc:	a330774e 	.word	0xa330774e
20006be0:	3c8155f7 	.word	0x3c8155f7
20006be4:	f6f02866 	.word	0xf6f02866
20006be8:	6f362408 	.word	0x6f362408
20006bec:	0ed18c4c 	.word	0x0ed18c4c
20006bf0:	0be72c0a 	.word	0x0be72c0a
20006bf4:	598e2206 	.word	0x598e2206
20006bf8:	063ecf78 	.word	0x063ecf78
20006bfc:	3f845bc0 	.word	0x3f845bc0
20006c00:	2b254dce 	.word	0x2b254dce
20006c04:	bb8ca918 	.word	0xbb8ca918
20006c08:	4814606e 	.word	0x4814606e
20006c0c:	64017614 	.word	0x64017614
20006c10:	e125b661 	.word	0xe125b661
20006c14:	a1fe09ff 	.word	0xa1fe09ff
20006c18:	b7673206 	.word	0xb7673206
20006c1c:	0c8eb1a4 	.word	0x0c8eb1a4
20006c20:	0c2eae8a 	.word	0x0c2eae8a
20006c24:	d678b017 	.word	0xd678b017
20006c28:	fc1634d0 	.word	0xfc1634d0
20006c2c:	39808d0a 	.word	0x39808d0a
20006c30:	e6ce0e08 	.word	0xe6ce0e08
20006c34:	aa6b42f0 	.word	0xaa6b42f0
20006c38:	65300bb6 	.word	0x65300bb6
20006c3c:	46168307 	.word	0x46168307
20006c40:	db17085e 	.word	0xdb17085e
20006c44:	6eac680e 	.word	0x6eac680e
20006c48:	2824e360 	.word	0x2824e360
20006c4c:	edb6766c 	.word	0xedb6766c
20006c50:	60810b25 	.word	0x60810b25
20006c54:	cb60477a 	.word	0xcb60477a
20006c58:	a060ff9f 	.word	0xa060ff9f
20006c5c:	c7813821 	.word	0xc7813821
20006c60:	008c1a0e 	.word	0x008c1a0e
20006c64:	43614f85 	.word	0x43614f85
20006c68:	2409e8af 	.word	0x2409e8af
20006c6c:	40c00e27 	.word	0x40c00e27
20006c70:	24ce4600 	.word	0x24ce4600
20006c74:	2508b6fe 	.word	0x2508b6fe
20006c78:	b09f03ef 	.word	0xb09f03ef
20006c7c:	a6ada06b 	.word	0xa6ada06b
20006c80:	bbefe108 	.word	0xbbefe108
20006c84:	01abf8d6 	.word	0x01abf8d6
20006c88:	c692d678 	.word	0xc692d678
20006c8c:	989e9d0e 	.word	0x989e9d0e
20006c90:	81a73119 	.word	0x81a73119
20006c94:	1fc09e63 	.word	0x1fc09e63
20006c98:	26b5c6be 	.word	0x26b5c6be
20006c9c:	10d6acf4 	.word	0x10d6acf4
20006ca0:	a605e7e1 	.word	0xa605e7e1
20006ca4:	9c8e8c27 	.word	0x9c8e8c27
20006ca8:	dbaf2206 	.word	0xdbaf2206
20006cac:	f02685ae 	.word	0xf02685ae
20006cb0:	1a80008b 	.word	0x1a80008b
20006cb4:	28c3df2b 	.word	0x28c3df2b
20006cb8:	f34ecfac 	.word	0xf34ecfac
20006cbc:	67e000d9 	.word	0x67e000d9
20006cc0:	38572cc2 	.word	0x38572cc2
20006cc4:	1e630587 	.word	0x1e630587
20006cc8:	f642c74a 	.word	0xf642c74a
20006ccc:	dc8010b7 	.word	0xdc8010b7
20006cd0:	e484404f 	.word	0xe484404f
20006cd4:	10090001 	.word	0x10090001
20006cd8:	23d48715 	.word	0x23d48715
20006cdc:	4500b0dc 	.word	0x4500b0dc
20006ce0:	b01906b2 	.word	0xb01906b2
20006ce4:	6cb791a7 	.word	0x6cb791a7
20006ce8:	c5210d8f 	.word	0xc5210d8f
20006cec:	02624e46 	.word	0x02624e46
20006cf0:	daff2a02 	.word	0xdaff2a02
20006cf4:	1f3550fe 	.word	0x1f3550fe
20006cf8:	c420700c 	.word	0xc420700c
20006cfc:	6e31dfef 	.word	0x6e31dfef
20006d00:	14c2102a 	.word	0x14c2102a
20006d04:	f18f2202 	.word	0xf18f2202
20006d08:	dfd3ac40 	.word	0xdfd3ac40
20006d0c:	d819ad80 	.word	0xd819ad80
20006d10:	86a3383e 	.word	0x86a3383e
20006d14:	1e02027f 	.word	0x1e02027f
20006d18:	10c08cf1 	.word	0x10c08cf1
20006d1c:	e4067c85 	.word	0xe4067c85
20006d20:	d024c28c 	.word	0xd024c28c
20006d24:	e114c23a 	.word	0xe114c23a
20006d28:	8e30a6c6 	.word	0x8e30a6c6
20006d2c:	02c00e03 	.word	0x02c00e03
20006d30:	a3a11f5e 	.word	0xa3a11f5e
20006d34:	3613b7e4 	.word	0x3613b7e4
20006d38:	68c997b0 	.word	0x68c997b0
20006d3c:	e7b72e6e 	.word	0xe7b72e6e
20006d40:	36b67f9c 	.word	0x36b67f9c
20006d44:	f40028bf 	.word	0xf40028bf
20006d48:	44365b7f 	.word	0x44365b7f
20006d4c:	c247c614 	.word	0xc247c614
20006d50:	28ceb046 	.word	0x28ceb046
20006d54:	c7bf669e 	.word	0xc7bf669e
20006d58:	0aa60037 	.word	0x0aa60037
20006d5c:	8cd08f81 	.word	0x8cd08f81
20006d60:	d07f63ac 	.word	0xd07f63ac
20006d64:	dfe3acb8 	.word	0xdfe3acb8
20006d68:	04837f06 	.word	0x04837f06
20006d6c:	0213fc8f 	.word	0x0213fc8f
20006d70:	50509821 	.word	0x50509821
20006d74:	f89c92ae 	.word	0xf89c92ae
20006d78:	57638417 	.word	0x57638417
20006d7c:	232613fc 	.word	0x232613fc
20006d80:	420272a0 	.word	0x420272a0
20006d84:	7980f18f 	.word	0x7980f18f
20006d88:	786dc631 	.word	0x786dc631
20006d8c:	1cc04eaf 	.word	0x1cc04eaf
20006d90:	196eab30 	.word	0x196eab30
20006d94:	03567c24 	.word	0x03567c24
20006d98:	e538ed35 	.word	0xe538ed35
20006d9c:	047f2587 	.word	0x047f2587
20006da0:	023aff13 	.word	0x023aff13
20006da4:	afa45242 	.word	0xafa45242
20006da8:	5e23d750 	.word	0x5e23d750
20006dac:	e723178f 	.word	0xe723178f
20006db0:	53ad04b0 	.word	0x53ad04b0
20006db4:	ad881c27 	.word	0xad881c27
20006db8:	246e0747 	.word	0x246e0747
20006dbc:	437e9cac 	.word	0x437e9cac
20006dc0:	b60e0206 	.word	0xb60e0206
20006dc4:	405f90a3 	.word	0x405f90a3
20006dc8:	86f50bc4 	.word	0x86f50bc4
20006dcc:	5f48a728 	.word	0x5f48a728
20006dd0:	6cd496d5 	.word	0x6cd496d5
20006dd4:	0d5627b7 	.word	0x0d5627b7
20006dd8:	0f632a4f 	.word	0x0f632a4f
20006ddc:	8c165ca5 	.word	0x8c165ca5
20006de0:	3f67c7b9 	.word	0x3f67c7b9
20006de4:	91ffc6e2 	.word	0x91ffc6e2
20006de8:	059f0357 	.word	0x059f0357
20006dec:	c0071f69 	.word	0xc0071f69
20006df0:	188e4d02 	.word	0x188e4d02
20006df4:	be8c168d 	.word	0xbe8c168d
20006df8:	16c0b72a 	.word	0x16c0b72a
20006dfc:	4e8610b6 	.word	0x4e8610b6
20006e00:	3c0827e9 	.word	0x3c0827e9
20006e04:	e68bf1bb 	.word	0xe68bf1bb
20006e08:	438df763 	.word	0x438df763
20006e0c:	39266e8e 	.word	0x39266e8e
20006e10:	af9fb827 	.word	0xaf9fb827
20006e14:	7f3a41ef 	.word	0x7f3a41ef
20006e18:	098f0bbf 	.word	0x098f0bbf
20006e1c:	bbdbff75 	.word	0xbbdbff75
20006e20:	80440c76 	.word	0x80440c76
20006e24:	46efb5ad 	.word	0x46efb5ad
20006e28:	54c947d0 	.word	0x54c947d0
20006e2c:	5c256457 	.word	0x5c256457
20006e30:	84729574 	.word	0x84729574
20006e34:	078c1256 	.word	0x078c1256
20006e38:	06afb47a 	.word	0x06afb47a
20006e3c:	6a7fa756 	.word	0x6a7fa756
20006e40:	ccda767e 	.word	0xccda767e
20006e44:	5218a723 	.word	0x5218a723
20006e48:	377ebfe9 	.word	0x377ebfe9
20006e4c:	1ee8164c 	.word	0x1ee8164c
20006e50:	debf000d 	.word	0xdebf000d
20006e54:	2631ad94 	.word	0x2631ad94
20006e58:	52ffadcc 	.word	0x52ffadcc
20006e5c:	73ae0426 	.word	0x73ae0426
20006e60:	ae08b426 	.word	0xae08b426
20006e64:	a7303f90 	.word	0xa7303f90
20006e68:	ff5169df 	.word	0xff5169df
20006e6c:	47030d70 	.word	0x47030d70
20006e70:	7c20562c 	.word	0x7c20562c
20006e74:	08294517 	.word	0x08294517
20006e78:	1f026fd7 	.word	0x1f026fd7
20006e7c:	81c60301 	.word	0x81c60301
20006e80:	1bcfb93e 	.word	0x1bcfb93e
20006e84:	3aaecf5a 	.word	0x3aaecf5a
20006e88:	f14c70b7 	.word	0xf14c70b7
20006e8c:	0c072fa1 	.word	0x0c072fa1
20006e90:	2ce2676e 	.word	0x2ce2676e
20006e94:	2e6001f6 	.word	0x2e6001f6
20006e98:	fd5bbf03 	.word	0xfd5bbf03
20006e9c:	eb365c36 	.word	0xeb365c36
20006ea0:	1f942604 	.word	0x1f942604
20006ea4:	020088c6 	.word	0x020088c6
20006ea8:	db4f8542 	.word	0xdb4f8542
20006eac:	26262e8e 	.word	0x26262e8e
20006eb0:	09cec052 	.word	0x09cec052
20006eb4:	7802ffb0 	.word	0x7802ffb0
20006eb8:	c04b9e36 	.word	0xc04b9e36
20006ebc:	a6bea2c7 	.word	0xa6bea2c7
20006ec0:	0040dffb 	.word	0x0040dffb
20006ec4:	5648a027 	.word	0x5648a027
20006ec8:	021fc366 	.word	0x021fc366
20006ecc:	c007de5d 	.word	0xc007de5d
20006ed0:	edc93063 	.word	0xedc93063
20006ed4:	eec3865f 	.word	0xeec3865f
20006ed8:	bf00031a 	.word	0xbf00031a
20006edc:	84af08f7 	.word	0x84af08f7
20006ee0:	447b9f24 	.word	0x447b9f24
20006ee4:	4eae0310 	.word	0x4eae0310
20006ee8:	0e8e246d 	.word	0x0e8e246d
20006eec:	5d8ec205 	.word	0x5d8ec205
20006ef0:	1fb94754 	.word	0x1fb94754
20006ef4:	5881ce67 	.word	0x5881ce67
20006ef8:	2eaf06a9 	.word	0x2eaf06a9
20006efc:	549d1704 	.word	0x549d1704
20006f00:	069fbc0d 	.word	0x069fbc0d
20006f04:	02a9274e 	.word	0x02a9274e
20006f08:	f38fc6f0 	.word	0xf38fc6f0
20006f0c:	c0ac8fce 	.word	0xc0ac8fce
20006f10:	07daa96f 	.word	0x07daa96f
20006f14:	1828ff34 	.word	0x1828ff34
20006f18:	1b1f6156 	.word	0x1b1f6156
20006f1c:	3087c60e 	.word	0x3087c60e
20006f20:	81034927 	.word	0x81034927
20006f24:	e7bab75d 	.word	0xe7bab75d
20006f28:	0493344e 	.word	0x0493344e
20006f2c:	035ee959 	.word	0x035ee959
20006f30:	46aff759 	.word	0x46aff759
20006f34:	3c4436b3 	.word	0x3c4436b3
20006f38:	000b9c0c 	.word	0x000b9c0c
20006f3c:	d63187ac 	.word	0xd63187ac
20006f40:	0a8e02ea 	.word	0x0a8e02ea
20006f44:	94a82e27 	.word	0x94a82e27
20006f48:	44aea60f 	.word	0x44aea60f
20006f4c:	8ea5c66f 	.word	0x8ea5c66f
20006f50:	0816f6be 	.word	0x0816f6be
20006f54:	445eda4f 	.word	0x445eda4f
20006f58:	84154ffa 	.word	0x84154ffa
20006f5c:	0016f5e7 	.word	0x0016f5e7
20006f60:	0c9f8143 	.word	0x0c9f8143
20006f64:	ba2f5570 	.word	0xba2f5570
20006f68:	d40002cf 	.word	0xd40002cf
20006f6c:	5b0783c7 	.word	0x5b0783c7
20006f70:	30c05f0e 	.word	0x30c05f0e
20006f74:	378c8300 	.word	0x378c8300
20006f78:	b0ae9e20 	.word	0xb0ae9e20
20006f7c:	ed58cfd8 	.word	0xed58cfd8
20006f80:	a4177c5e 	.word	0xa4177c5e
20006f84:	f4883e0e 	.word	0xf4883e0e
20006f88:	36a0ec16 	.word	0x36a0ec16
20006f8c:	a8ed27ae 	.word	0xa8ed27ae
20006f90:	551070b7 	.word	0x551070b7
20006f94:	47efa967 	.word	0x47efa967
20006f98:	142484ae 	.word	0x142484ae
20006f9c:	dcb93760 	.word	0xdcb93760
20006fa0:	72f018e4 	.word	0x72f018e4
20006fa4:	4b6791ff 	.word	0x4b6791ff
20006fa8:	986c5c2f 	.word	0x986c5c2f
20006fac:	7e4be661 	.word	0x7e4be661
20006fb0:	36e04759 	.word	0x36e04759
20006fb4:	de2f1567 	.word	0xde2f1567
20006fb8:	0bb816df 	.word	0x0bb816df
20006fbc:	aeed5b1f 	.word	0xaeed5b1f
20006fc0:	118117c0 	.word	0x118117c0
20006fc4:	e10687c7 	.word	0xe10687c7
20006fc8:	c624cddd 	.word	0xc624cddd
20006fcc:	62e7386f 	.word	0x62e7386f
20006fd0:	62670664 	.word	0x62670664
20006fd4:	c0cf2686 	.word	0xc0cf2686
20006fd8:	1a483e8f 	.word	0x1a483e8f
20006fdc:	961b0e5a 	.word	0x961b0e5a
20006fe0:	3086aace 	.word	0x3086aace
20006fe4:	346f98c8 	.word	0x346f98c8
20006fe8:	1697fe14 	.word	0x1697fe14
20006fec:	473ec1a4 	.word	0x473ec1a4
20006ff0:	bef004ef 	.word	0xbef004ef
20006ff4:	a6f72d10 	.word	0xa6f72d10
20006ff8:	7f5a8fad 	.word	0x7f5a8fad
20006ffc:	0e01767d 	.word	0x0e01767d
20007000:	b794676e 	.word	0xb794676e
20007004:	511b582f 	.word	0x511b582f
20007008:	464faa1f 	.word	0x464faa1f
2000700c:	57eed5d3 	.word	0x57eed5d3
20007010:	670720a1 	.word	0x670720a1
20007014:	f70f0253 	.word	0xf70f0253
20007018:	82ceeabe 	.word	0x82ceeabe
2000701c:	077426af 	.word	0x077426af
20007020:	1eea219f 	.word	0x1eea219f
20007024:	09f4b602 	.word	0x09f4b602
20007028:	82056100 	.word	0x82056100
2000702c:	8e26afb8 	.word	0x8e26afb8
20007030:	2605ef2e 	.word	0x2605ef2e
20007034:	81406ef2 	.word	0x81406ef2
20007038:	0257c6af 	.word	0x0257c6af
2000703c:	fa889f8d 	.word	0xfa889f8d
20007040:	86516057 	.word	0x86516057
20007044:	46e8780f 	.word	0x46e8780f
20007048:	ae2ba6b0 	.word	0xae2ba6b0
2000704c:	2b14f760 	.word	0x2b14f760
20007050:	6d06ae16 	.word	0x6d06ae16
20007054:	241e8e45 	.word	0x241e8e45
20007058:	d068ef44 	.word	0xd068ef44
2000705c:	f654eabf 	.word	0xf654eabf
20007060:	07c76004 	.word	0x07c76004
20007064:	8f85161f 	.word	0x8f85161f
20007068:	14cf5662 	.word	0x14cf5662
2000706c:	562807f8 	.word	0x562807f8
20007070:	86b40048 	.word	0x86b40048
20007074:	3a928025 	.word	0x3a928025
20007078:	eb0ae04e 	.word	0xeb0ae04e
2000707c:	d556d04f 	.word	0xd556d04f
20007080:	e7556227 	.word	0xe7556227
20007084:	4b2eeb89 	.word	0x4b2eeb89
20007088:	6e5487b6 	.word	0x6e5487b6
2000708c:	8fe054a5 	.word	0x8fe054a5
20007090:	c2f53701 	.word	0xc2f53701
20007094:	4066b7b9 	.word	0x4066b7b9
20007098:	107e4c98 	.word	0x107e4c98
2000709c:	7f00280c 	.word	0x7f00280c
200070a0:	94b0a0fe 	.word	0x94b0a0fe
200070a4:	b0c0f626 	.word	0xb0c0f626
200070a8:	c1e626b5 	.word	0xc1e626b5
200070ac:	638e1657 	.word	0x638e1657
200070b0:	3ee03246 	.word	0x3ee03246
200070b4:	e7d66c92 	.word	0xe7d66c92
200070b8:	65a21ef0 	.word	0x65a21ef0
200070bc:	fe0f67c7 	.word	0xfe0f67c7
200070c0:	8f358f85 	.word	0x8f358f85
200070c4:	28673b6a 	.word	0x28673b6a
200070c8:	12c42060 	.word	0x12c42060
200070cc:	00389e07 	.word	0x00389e07
200070d0:	3e099f52 	.word	0x3e099f52
200070d4:	9400be2e 	.word	0x9400be2e
200070d8:	9476787e 	.word	0x9476787e
200070dc:	3fe00e70 	.word	0x3fe00e70
200070e0:	e22bc738 	.word	0xe22bc738
200070e4:	7df61021 	.word	0x7df61021
200070e8:	0ea090d2 	.word	0x0ea090d2
200070ec:	27e021f3 	.word	0x27e021f3
200070f0:	a68e3126 	.word	0xa68e3126
200070f4:	0082f77c 	.word	0x0082f77c
200070f8:	6b00d79c 	.word	0x6b00d79c
200070fc:	b71e42d7 	.word	0xb71e42d7
20007100:	7826a717 	.word	0x7826a717
20007104:	afc42673 	.word	0xafc42673
20007108:	aff4962c 	.word	0xaff4962c
2000710c:	d6b018df 	.word	0xd6b018df
20007110:	b0e14026 	.word	0xb0e14026
20007114:	3e5c26f7 	.word	0x3e5c26f7
20007118:	ff480118 	.word	0xff480118
2000711c:	9660bf0c 	.word	0x9660bf0c
20007120:	0c2e4e66 	.word	0x0c2e4e66
20007124:	008f1c3f 	.word	0x008f1c3f
20007128:	4738b76c 	.word	0x4738b76c
2000712c:	21edd663 	.word	0x21edd663
20007130:	c9275030 	.word	0xc9275030
20007134:	2220cfa0 	.word	0x2220cfa0
20007138:	ef5a0284 	.word	0xef5a0284
2000713c:	02179a42 	.word	0x02179a42
20007140:	64789f55 	.word	0x64789f55
20007144:	6b6754b0 	.word	0x6b6754b0
20007148:	74bb070e 	.word	0x74bb070e
2000714c:	0f38882e 	.word	0x0f38882e
20007150:	3b09f7b7 	.word	0x3b09f7b7
20007154:	5f5700e7 	.word	0x5f5700e7
20007158:	1fffb4b8 	.word	0x1fffb4b8
2000715c:	00b408cf 	.word	0x00b408cf
20007160:	10c09e4f 	.word	0x10c09e4f
20007164:	064f1602 	.word	0x064f1602
20007168:	cc67757f 	.word	0xcc67757f
2000716c:	5ed33f36 	.word	0x5ed33f36
20007170:	14e2e1e7 	.word	0x14e2e1e7
20007174:	e64e47c2 	.word	0xe64e47c2
20007178:	ef1132c3 	.word	0xef1132c3
2000717c:	64d6de83 	.word	0x64d6de83
20007180:	3d47f734 	.word	0x3d47f734
20007184:	0eaf4aef 	.word	0x0eaf4aef
20007188:	05f769e0 	.word	0x05f769e0
2000718c:	612d1f18 	.word	0x612d1f18
20007190:	30475a9f 	.word	0x30475a9f
20007194:	50d7309f 	.word	0x50d7309f
20007198:	463886d6 	.word	0x463886d6
2000719c:	5718027d 	.word	0x5718027d
200071a0:	b0009630 	.word	0xb0009630
200071a4:	bff8c2cf 	.word	0xbff8c2cf
200071a8:	a5c0741e 	.word	0xa5c0741e
200071ac:	05c0a824 	.word	0x05c0a824
200071b0:	a61f6c96 	.word	0xa61f6c96
200071b4:	64de1f68 	.word	0x64de1f68
200071b8:	5cf3603c 	.word	0x5cf3603c
200071bc:	3c5458cf 	.word	0x3c5458cf
200071c0:	cf4d0050 	.word	0xcf4d0050
200071c4:	764e1c4c 	.word	0x764e1c4c
200071c8:	1c001062 	.word	0x1c001062
200071cc:	06e06fc6 	.word	0x06e06fc6
200071d0:	0072e5c6 	.word	0x0072e5c6
200071d4:	72024040 	.word	0x72024040
200071d8:	155647a7 	.word	0x155647a7
200071dc:	bf0b3c80 	.word	0xbf0b3c80
200071e0:	c6c018fc 	.word	0xc6c018fc
200071e4:	87c04c24 	.word	0x87c04c24
200071e8:	6d122a67 	.word	0x6d122a67
200071ec:	2f628e50 	.word	0x2f628e50
200071f0:	f0001538 	.word	0xf0001538
200071f4:	5713988f 	.word	0x5713988f
200071f8:	bff1431a 	.word	0xbff1431a
200071fc:	2a97170e 	.word	0x2a97170e
20007200:	82f1af0b 	.word	0x82f1af0b
20007204:	7770102a 	.word	0x7770102a
20007208:	07961442 	.word	0x07961442
2000720c:	1c15971e 	.word	0x1c15971e
20007210:	5ff5252d 	.word	0x5ff5252d
20007214:	7db02f2e 	.word	0x7db02f2e
20007218:	4fb43c57 	.word	0x4fb43c57
2000721c:	17d71f1c 	.word	0x17d71f1c
20007220:	a0ce2570 	.word	0xa0ce2570
20007224:	a8474f94 	.word	0xa8474f94
20007228:	6286daae 	.word	0x6286daae
2000722c:	ad2ea816 	.word	0xad2ea816
20007230:	d43a0fc4 	.word	0xd43a0fc4
20007234:	1eaf94b1 	.word	0x1eaf94b1
20007238:	1fcc9204 	.word	0x1fcc9204
2000723c:	b2409e81 	.word	0xb2409e81
20007240:	31624fba 	.word	0x31624fba
20007244:	05bfe7d0 	.word	0x05bfe7d0
20007248:	572e816e 	.word	0x572e816e
2000724c:	808e8e16 	.word	0x808e8e16
20007250:	050e1ef6 	.word	0x050e1ef6
20007254:	c8ad2b46 	.word	0xc8ad2b46
20007258:	7538871f 	.word	0x7538871f
2000725c:	40569c0e 	.word	0x40569c0e
20007260:	0038a7dc 	.word	0x0038a7dc
20007264:	6e3cc753 	.word	0x6e3cc753
20007268:	8e76fc17 	.word	0x8e76fc17
2000726c:	253c08f0 	.word	0x253c08f0
20007270:	0fa610b0 	.word	0x0fa610b0
20007274:	a5de11b8 	.word	0xa5de11b8
20007278:	0f05ae2c 	.word	0x0f05ae2c
2000727c:	8e151787 	.word	0x8e151787
20007280:	5f3c5210 	.word	0x5f3c5210
20007284:	c6be7300 	.word	0xc6be7300
20007288:	4e5ece2b 	.word	0x4e5ece2b
2000728c:	9a768e16 	.word	0x9a768e16
20007290:	f601a8de 	.word	0xf601a8de
20007294:	0e7c5eaa 	.word	0x0e7c5eaa
20007298:	6e781f8f 	.word	0x6e781f8f
2000729c:	59c65803 	.word	0x59c65803
200072a0:	4a62b714 	.word	0x4a62b714
200072a4:	a6b261ef 	.word	0xa6b261ef
200072a8:	8f0a7c07 	.word	0x8f0a7c07
200072ac:	8fcf06c7 	.word	0x8fcf06c7
200072b0:	f38f3c8f 	.word	0xf38f3c8f
200072b4:	8f8fcf8f 	.word	0x8f8fcf8f
200072b8:	8ff88f3c 	.word	0x8ff88f3c
200072bc:	0fa6014c 	.word	0x0fa6014c
200072c0:	2b972370 	.word	0x2b972370
200072c4:	3f2b4fca 	.word	0x3f2b4fca
200072c8:	2db48e3c 	.word	0x2db48e3c
200072cc:	dff21748 	.word	0xdff21748
200072d0:	428b3707 	.word	0x428b3707
200072d4:	0c01c0b7 	.word	0x0c01c0b7
200072d8:	2e74a03f 	.word	0x2e74a03f
200072dc:	186e0a80 	.word	0x186e0a80
200072e0:	a8009f0b 	.word	0xa8009f0b
200072e4:	beb15618 	.word	0xbeb15618
200072e8:	d79ce0a0 	.word	0xd79ce0a0
200072ec:	5f0c7f0c 	.word	0x5f0c7f0c
200072f0:	26f456dc 	.word	0x26f456dc
200072f4:	4fd20038 	.word	0x4fd20038
200072f8:	2570af28 	.word	0x2570af28
200072fc:	ee472328 	.word	0xee472328
20007300:	7600ceb4 	.word	0x7600ceb4
20007304:	cddd8696 	.word	0xcddd8696
20007308:	4a188f02 	.word	0x4a188f02
2000730c:	c0d32f50 	.word	0xc0d32f50
20007310:	ffe81637 	.word	0xffe81637
20007314:	4fa101e2 	.word	0x4fa101e2
20007318:	4d671cbe 	.word	0x4d671cbe
2000731c:	40bf6700 	.word	0x40bf6700
20007320:	4ba74d00 	.word	0x4ba74d00
20007324:	6300526f 	.word	0x6300526f
20007328:	10009257 	.word	0x10009257
2000732c:	e7e80760 	.word	0xe7e80760
20007330:	5c96355e 	.word	0x5c96355e
20007334:	4b0293ae 	.word	0x4b0293ae
20007338:	5b522f42 	.word	0x5b522f42
2000733c:	0502e6a8 	.word	0x0502e6a8
20007340:	fc5a6770 	.word	0xfc5a6770
20007344:	0fb00335 	.word	0x0fb00335
20007348:	e8a74eaa 	.word	0xe8a74eaa
2000734c:	f8011816 	.word	0xf8011816
20007350:	0124566f 	.word	0x0124566f
20007354:	d71167b0 	.word	0xd71167b0
20007358:	77033470 	.word	0x77033470
2000735c:	5fed0052 	.word	0x5fed0052
20007360:	200e8e04 	.word	0x200e8e04
20007364:	283c16f0 	.word	0x283c16f0
20007368:	debf4c46 	.word	0xdebf4c46
2000736c:	73023825 	.word	0x73023825
20007370:	7068306f 	.word	0x7068306f
20007374:	77a40140 	.word	0x77a40140
20007378:	30188f02 	.word	0x30188f02
2000737c:	686fa101 	.word	0x686fa101
20007380:	d2011ef6 	.word	0xd2011ef6
20007384:	e003256f 	.word	0xe003256f
20007388:	2034b292 	.word	0x2034b292
2000738c:	2b28ff2e 	.word	0x2b28ff2e
20007390:	6e0e8047 	.word	0x6e0e8047
20007394:	02004007 	.word	0x02004007
20007398:	5a6f0480 	.word	0x5a6f0480
2000739c:	243e1d00 	.word	0x243e1d00
200073a0:	af6747b1 	.word	0xaf6747b1
200073a4:	1640241f 	.word	0x1640241f
200073a8:	0451ef23 	.word	0x0451ef23
200073ac:	6006b286 	.word	0x6006b286
200073b0:	a396b11e 	.word	0xa396b11e
200073b4:	8f344197 	.word	0x8f344197
200073b8:	83aa9879 	.word	0x83aa9879
200073bc:	02c40c6f 	.word	0x02c40c6f
200073c0:	e70dc0e7 	.word	0xe70dc0e7
200073c4:	1f4c20c0 	.word	0x1f4c20c0
200073c8:	251fbf82 	.word	0x251fbf82
200073cc:	00028030 	.word	0x00028030
200073d0:	1880ef35 	.word	0x1880ef35
200073d4:	f006b1bf 	.word	0xf006b1bf
200073d8:	cf3e016f 	.word	0xcf3e016f
200073dc:	36873d02 	.word	0x36873d02
200073e0:	a1b81775 	.word	0xa1b81775
200073e4:	0f23c066 	.word	0x0f23c066
200073e8:	0746b442 	.word	0x0746b442
200073ec:	c2772f03 	.word	0xc2772f03
200073f0:	b67669b7 	.word	0xb67669b7
200073f4:	3723b5a1 	.word	0x3723b5a1
200073f8:	4d2f9b04 	.word	0x4d2f9b04
200073fc:	9c0080be 	.word	0x9c0080be
20007400:	40a0a087 	.word	0x40a0a087
20007404:	f8043f1c 	.word	0xf8043f1c
20007408:	19c7b84f 	.word	0x19c7b84f
2000740c:	36380f7c 	.word	0x36380f7c
20007410:	78807f3c 	.word	0x78807f3c
20007414:	ee7e4b27 	.word	0xee7e4b27
20007418:	06023c13 	.word	0x06023c13
2000741c:	bab0cf13 	.word	0xbab0cf13
20007420:	b0972113 	.word	0xb0972113
20007424:	b69bb318 	.word	0xb69bb318
20007428:	98091680 	.word	0x98091680
2000742c:	df0c2027 	.word	0xdf0c2027
20007430:	722bc030 	.word	0x722bc030
20007434:	d6a03021 	.word	0xd6a03021
20007438:	0291fe1a 	.word	0x0291fe1a
2000743c:	1330b7c4 	.word	0x1330b7c4
20007440:	ff078fe1 	.word	0xff078fe1
20007444:	84b3503c 	.word	0x84b3503c
20007448:	10072a45 	.word	0x10072a45
2000744c:	b7cffc32 	.word	0xb7cffc32
20007450:	b68f7626 	.word	0xb68f7626
20007454:	d0b5849e 	.word	0xd0b5849e
20007458:	d791b476 	.word	0xd791b476
2000745c:	ee380602 	.word	0xee380602
20007460:	e774191c 	.word	0xe774191c
20007464:	e2060f81 	.word	0xe2060f81
20007468:	1637dcff 	.word	0x1637dcff
2000746c:	0cff15f7 	.word	0x0cff15f7
20007470:	302e1889 	.word	0x302e1889
20007474:	ac276f5e 	.word	0xac276f5e
20007478:	c1269495 	.word	0xc1269495
2000747c:	783e95cc 	.word	0x783e95cc
20007480:	001029c0 	.word	0x001029c0
20007484:	9781af55 	.word	0x9781af55
20007488:	26324106 	.word	0x26324106
2000748c:	c042b646 	.word	0xc042b646
20007490:	b52746d7 	.word	0xb52746d7
20007494:	8ca15621 	.word	0x8ca15621
20007498:	7f3b00be 	.word	0x7f3b00be
2000749c:	fa0acf46 	.word	0xfa0acf46
200074a0:	84957cbe 	.word	0x84957cbe
200074a4:	a770578e 	.word	0xa770578e
200074a8:	0f111646 	.word	0x0f111646
200074ac:	470207f6 	.word	0x470207f6
200074b0:	a56fc414 	.word	0xa56fc414
200074b4:	f1c20eb3 	.word	0xf1c20eb3
200074b8:	5759172a 	.word	0x5759172a
200074bc:	57178d08 	.word	0x57178d08
200074c0:	11102afe 	.word	0x11102afe
200074c4:	be9c028c 	.word	0xbe9c028c
200074c8:	473c3719 	.word	0x473c3719
200074cc:	5e6ade58 	.word	0x5e6ade58
200074d0:	055e7d66 	.word	0x055e7d66
200074d4:	1557323c 	.word	0x1557323c
200074d8:	1e56077e 	.word	0x1e56077e
200074dc:	ff9ef1d7 	.word	0xff9ef1d7
200074e0:	60121602 	.word	0x60121602
200074e4:	77c4d647 	.word	0x77c4d647
200074e8:	9c87b34c 	.word	0x9c87b34c
200074ec:	c8ebaf0d 	.word	0xc8ebaf0d
200074f0:	8937479c 	.word	0x8937479c
200074f4:	f8d87e0e 	.word	0xf8d87e0e
200074f8:	cb5b043f 	.word	0xcb5b043f
200074fc:	fa78867f 	.word	0xfa78867f
20007500:	8580bf8e 	.word	0x8580bf8e
20007504:	bf780dbf 	.word	0xbf780dbf
20007508:	bf871011 	.word	0xbf871011
2000750c:	f0420308 	.word	0xf0420308
20007510:	69061017 	.word	0x69061017
20007514:	b6e05a7f 	.word	0xb6e05a7f
20007518:	8e64a05c 	.word	0x8e64a05c
2000751c:	9b5f7029 	.word	0x9b5f7029
20007520:	80e7b46e 	.word	0x80e7b46e
20007524:	bed04d24 	.word	0xbed04d24
20007528:	37ebb36a 	.word	0x37ebb36a
2000752c:	69476dbe 	.word	0x69476dbe
20007530:	b42cdf5e 	.word	0xb42cdf5e
20007534:	7fc11f83 	.word	0x7fc11f83
20007538:	afe04a90 	.word	0xafe04a90
2000753c:	ec1c7ea0 	.word	0xec1c7ea0
20007540:	ae897f3f 	.word	0xae897f3f
20007544:	0e86ca07 	.word	0x0e86ca07
20007548:	8727839e 	.word	0x8727839e
2000754c:	3c41cf07 	.word	0x3c41cf07
20007550:	8f22292f 	.word	0x8f22292f
20007554:	af712884 	.word	0xaf712884
20007558:	c2583683 	.word	0xc2583683
2000755c:	acfe274e 	.word	0xacfe274e
20007560:	27f61850 	.word	0x27f61850
20007564:	050bf0f6 	.word	0x050bf0f6
20007568:	a7f00c07 	.word	0xa7f00c07
2000756c:	5584b6bb 	.word	0x5584b6bb
20007570:	23be5f5b 	.word	0x23be5f5b
20007574:	7da48c8e 	.word	0x7da48c8e
20007578:	b8f6d731 	.word	0xb8f6d731
2000757c:	4bda1e9b 	.word	0x4bda1e9b
20007580:	90eb167c 	.word	0x90eb167c
20007584:	a77417e5 	.word	0xa77417e5
20007588:	47560020 	.word	0x47560020
2000758c:	183e0600 	.word	0x183e0600
20007590:	b470708f 	.word	0xb470708f
20007594:	d8f42738 	.word	0xd8f42738
20007598:	d9c7d3b4 	.word	0xd9c7d3b4
2000759c:	638c4f55 	.word	0x638c4f55
200075a0:	f006185e 	.word	0xf006185e
200075a4:	507777d7 	.word	0x507777d7
200075a8:	8e879010 	.word	0x8e879010
200075ac:	d651208f 	.word	0xd651208f
200075b0:	621e8c2e 	.word	0x621e8c2e
200075b4:	4f8bb157 	.word	0x4f8bb157
200075b8:	0e8f7952 	.word	0x0e8f7952
200075bc:	11466be6 	.word	0x11466be6
200075c0:	542fe3b7 	.word	0x542fe3b7
200075c4:	864690d6 	.word	0x864690d6
200075c8:	2ea403b4 	.word	0x2ea403b4
200075cc:	0effcb21 	.word	0x0effcb21
200075d0:	afd616c4 	.word	0xafd616c4
200075d4:	0e0b4089 	.word	0x0e0b4089
200075d8:	561fa825 	.word	0x561fa825
200075dc:	13ff0e98 	.word	0x13ff0e98
200075e0:	3e5cff5f 	.word	0x3e5cff5f
200075e4:	5e26d6c0 	.word	0x5e26d6c0
200075e8:	5bdfa7d6 	.word	0x5bdfa7d6
200075ec:	8e8763ee 	.word	0x8e8763ee
200075f0:	064fa7c0 	.word	0x064fa7c0
200075f4:	b5ffd10a 	.word	0xb5ffd10a
200075f8:	ce9616a9 	.word	0xce9616a9
200075fc:	4004cf60 	.word	0x4004cf60
20007600:	508d7f9b 	.word	0x508d7f9b
20007604:	2bebefb9 	.word	0x2bebefb9
20007608:	ee10a220 	.word	0xee10a220
2000760c:	183ea0d9 	.word	0x183ea0d9
20007610:	12180e75 	.word	0x12180e75
20007614:	04f6cf36 	.word	0x04f6cf36
20007618:	9f5f9559 	.word	0x9f5f9559
2000761c:	ab90230e 	.word	0xab90230e
20007620:	40acce43 	.word	0x40acce43
20007624:	7fb9ffd0 	.word	0x7fb9ffd0
20007628:	e400ff66 	.word	0xe400ff66
2000762c:	8f778115 	.word	0x8f778115
20007630:	59158021 	.word	0x59158021
20007634:	dd50ff80 	.word	0xdd50ff80
20007638:	271584b7 	.word	0x271584b7
2000763c:	8f2610f6 	.word	0x8f2610f6
20007640:	21200087 	.word	0x21200087
20007644:	1e6b0530 	.word	0x1e6b0530
20007648:	135c8f50 	.word	0x135c8f50
2000764c:	4c97cc64 	.word	0x4c97cc64
20007650:	4d27cc45 	.word	0x4d27cc45
20007654:	13c6df03 	.word	0x13c6df03
20007658:	3a046fa2 	.word	0x3a046fa2
2000765c:	a7a5a9b7 	.word	0xa7a5a9b7
20007660:	26b82538 	.word	0x26b82538
20007664:	25048007 	.word	0x25048007
20007668:	2b37c387 	.word	0x2b37c387
2000766c:	5ac0e08e 	.word	0x5ac0e08e
20007670:	a48f7084 	.word	0xa48f7084
20007674:	fe4dfff4 	.word	0xfe4dfff4
20007678:	12aae08e 	.word	0x12aae08e
2000767c:	0212ddde 	.word	0x0212ddde
20007680:	a9118117 	.word	0xa9118117
20007684:	5c57c0c6 	.word	0x5c57c0c6
20007688:	e0906023 	.word	0xe0906023
2000768c:	b8608001 	.word	0xb8608001
20007690:	cc602184 	.word	0xcc602184
20007694:	12970607 	.word	0x12970607
20007698:	8d837656 	.word	0x8d837656
2000769c:	e0f45713 	.word	0xe0f45713
200076a0:	bf2d1202 	.word	0xbf2d1202
200076a4:	5959366f 	.word	0x5959366f
200076a8:	50165e2f 	.word	0x50165e2f
200076ac:	df468bb5 	.word	0xdf468bb5
200076b0:	afeb58ea 	.word	0xafeb58ea
200076b4:	01201e7c 	.word	0x01201e7c
200076b8:	17768fb8 	.word	0x17768fb8
200076bc:	e5d3e63c 	.word	0xe5d3e63c
200076c0:	5cbcdf26 	.word	0x5cbcdf26
200076c4:	002484b5 	.word	0x002484b5
200076c8:	6ceb2f45 	.word	0x6ceb2f45
200076cc:	d29771b5 	.word	0xd29771b5
200076d0:	2d3f2c50 	.word	0x2d3f2c50
200076d4:	ce1c9f4e 	.word	0xce1c9f4e
200076d8:	83e45f0d 	.word	0x83e45f0d
200076dc:	f02d3726 	.word	0xf02d3726
200076e0:	21260b1f 	.word	0x21260b1f
200076e4:	3e161488 	.word	0x3e161488
200076e8:	17ea02ee 	.word	0x17ea02ee
200076ec:	3d1fdc7c 	.word	0x3d1fdc7c
200076f0:	18792611 	.word	0x18792611
200076f4:	3516e824 	.word	0x3516e824
200076f8:	2417363e 	.word	0x2417363e
200076fc:	0f5f04c1 	.word	0x0f5f04c1
20007700:	183f1848 	.word	0x183f1848
20007704:	2f3c093f 	.word	0x2f3c093f
20007708:	4e816f93 	.word	0x4e816f93
2000770c:	c1848c4f 	.word	0xc1848c4f
20007710:	c1578400 	.word	0xc1578400
20007714:	a157817f 	.word	0xa157817f
20007718:	d0d7eb12 	.word	0xd0d7eb12
2000771c:	1fbce09f 	.word	0x1fbce09f
20007720:	5734b70c 	.word	0x5734b70c
20007724:	5401083e 	.word	0x5401083e
20007728:	df0dad0f 	.word	0xdf0dad0f
2000772c:	37e74db5 	.word	0x37e74db5
20007730:	2f06c6db 	.word	0x2f06c6db
20007734:	d797bb5a 	.word	0xd797bb5a
20007738:	e5df6e1f 	.word	0xe5df6e1f
2000773c:	b0a5b5e8 	.word	0xb0a5b5e8
20007740:	ce0323c7 	.word	0xce0323c7
20007744:	e5a7b51a 	.word	0xe5a7b51a
20007748:	0457ed47 	.word	0x0457ed47
2000774c:	c84ebd99 	.word	0xc84ebd99
20007750:	740440ff 	.word	0x740440ff
20007754:	c5feb55f 	.word	0xc5feb55f
20007758:	01018fbf 	.word	0x01018fbf
2000775c:	38412c64 	.word	0x38412c64
20007760:	0e3840c6 	.word	0x0e3840c6
20007764:	e17e7a1a 	.word	0xe17e7a1a
20007768:	d01e0c1f 	.word	0xd01e0c1f
2000776c:	0f65ec66 	.word	0x0f65ec66
20007770:	bf2edf05 	.word	0xbf2edf05
20007774:	36d7424b 	.word	0x36d7424b
20007778:	671609ce 	.word	0x671609ce
2000777c:	e96fd520 	.word	0xe96fd520
20007780:	d791b5fc 	.word	0xd791b5fc
20007784:	cf30be8c 	.word	0xcf30be8c
20007788:	841ee288 	.word	0x841ee288
2000778c:	82d71297 	.word	0x82d71297
20007790:	8f3d1f70 	.word	0x8f3d1f70
20007794:	b7ffb4a5 	.word	0xb7ffb4a5
20007798:	1658c766 	.word	0x1658c766
2000779c:	230e02df 	.word	0x230e02df
200077a0:	90161e20 	.word	0x90161e20
200077a4:	2f9647b3 	.word	0x2f9647b3
200077a8:	9e21043f 	.word	0x9e21043f
200077ac:	03e1ce03 	.word	0x03e1ce03
200077b0:	d2254c3c 	.word	0xd2254c3c
200077b4:	ac16f43f 	.word	0xac16f43f
200077b8:	bd4e96ce 	.word	0xbd4e96ce
200077bc:	d05e3446 	.word	0xd05e3446
200077c0:	8e05667e 	.word	0x8e05667e
200077c4:	8ebee892 	.word	0x8ebee892
200077c8:	f44107e4 	.word	0xf44107e4
200077cc:	2527af97 	.word	0x2527af97
200077d0:	aea50623 	.word	0xaea50623
200077d4:	8a541e75 	.word	0x8a541e75
200077d8:	938f5517 	.word	0x938f5517
200077dc:	5daec04e 	.word	0x5daec04e
200077e0:	42802cde 	.word	0x42802cde
200077e4:	20a82f6c 	.word	0x20a82f6c
200077e8:	892415fa 	.word	0x892415fa
200077ec:	0e114ff6 	.word	0x0e114ff6
200077f0:	57f19080 	.word	0x57f19080
200077f4:	ae78a7f8 	.word	0xae78a7f8
200077f8:	f278236a 	.word	0xf278236a
200077fc:	0f78ded8 	.word	0x0f78ded8
20007800:	cff6a602 	.word	0xcff6a602
20007804:	19ffa71e 	.word	0x19ffa71e
20007808:	f7a5583c 	.word	0xf7a5583c
2000780c:	c1682126 	.word	0xc1682126
20007810:	71860312 	.word	0x71860312
20007814:	103401b1 	.word	0x103401b1
20007818:	977037ad 	.word	0x977037ad
2000781c:	022210f8 	.word	0x022210f8
20007820:	078a0361 	.word	0x078a0361
20007824:	809fde54 	.word	0x809fde54
20007828:	50f760b6 	.word	0x50f760b6
2000782c:	f65069e6 	.word	0xf65069e6
20007830:	2e562b12 	.word	0x2e562b12
20007834:	57734358 	.word	0x57734358
20007838:	eb1e7062 	.word	0xeb1e7062
2000783c:	810e5a17 	.word	0x810e5a17
20007840:	20a98f93 	.word	0x20a98f93
20007844:	492e46c3 	.word	0x492e46c3
20007848:	4fa94800 	.word	0x4fa94800
2000784c:	404f4f00 	.word	0x404f4f00
20007850:	c667a3b6 	.word	0xc667a3b6
20007854:	2723b6ac 	.word	0x2723b6ac
20007858:	a709b3a8 	.word	0xa709b3a8
2000785c:	c6ffb2c3 	.word	0xc6ffb2c3
20007860:	21049706 	.word	0x21049706
20007864:	ffac66f8 	.word	0xffac66f8
20007868:	ab377e41 	.word	0xab377e41
2000786c:	35c67432 	.word	0x35c67432
20007870:	42ff0306 	.word	0x42ff0306
20007874:	05c6b143 	.word	0x05c6b143
20007878:	47e3a083 	.word	0x47e3a083
2000787c:	6efd598f 	.word	0x6efd598f
20007880:	02433f2f 	.word	0x02433f2f
20007884:	4722c156 	.word	0x4722c156
20007888:	4d67c862 	.word	0x4d67c862
2000788c:	871d6758 	.word	0x871d6758
20007890:	c68678fe 	.word	0xc68678fe
20007894:	13b51424 	.word	0x13b51424
20007898:	9ed4d2d7 	.word	0x9ed4d2d7
2000789c:	0ec1ef83 	.word	0x0ec1ef83
200078a0:	0daa6a86 	.word	0x0daa6a86
200078a4:	42288ace 	.word	0x42288ace
200078a8:	c2664a02 	.word	0xc2664a02
200078ac:	471d4c8d 	.word	0x471d4c8d
200078b0:	405e0f20 	.word	0x405e0f20
200078b4:	32152e18 	.word	0x32152e18
200078b8:	f395d481 	.word	0xf395d481
200078bc:	c052cfb8 	.word	0xc052cfb8
200078c0:	58a71ca6 	.word	0x58a71ca6
200078c4:	579ec703 	.word	0x579ec703
200078c8:	25efde9b 	.word	0x25efde9b
200078cc:	122e0300 	.word	0x122e0300
200078d0:	9ef8cfc3 	.word	0x9ef8cfc3
200078d4:	02620007 	.word	0x02620007
200078d8:	50e19770 	.word	0x50e19770
200078dc:	f4079fab 	.word	0xf4079fab
200078e0:	842724ac 	.word	0x842724ac
200078e4:	81474ae3 	.word	0x81474ae3
200078e8:	af304ef0 	.word	0xaf304ef0
200078ec:	02a01f4c 	.word	0x02a01f4c
200078f0:	bc6fc157 	.word	0xbc6fc157
200078f4:	1662ffab 	.word	0x1662ffab
200078f8:	81840f50 	.word	0x81840f50
200078fc:	6f80c3ee 	.word	0x6f80c3ee
20007900:	a9b66478 	.word	0xa9b66478
20007904:	7ba3ac47 	.word	0x7ba3ac47
20007908:	471020a6 	.word	0x471020a6
2000790c:	7816faef 	.word	0x7816faef
20007910:	2e10367a 	.word	0x2e10367a
20007914:	a016c0df 	.word	0xa016c0df
20007918:	672e1086 	.word	0x672e1086
2000791c:	982ef68c 	.word	0x982ef68c
20007920:	8f1dc057 	.word	0x8f1dc057
20007924:	61cf01a1 	.word	0x61cf01a1
20007928:	e1ff9f0a 	.word	0xe1ff9f0a
2000792c:	000c0705 	.word	0x000c0705
20007930:	970e0800 	.word	0x970e0800
20007934:	cfb60b23 	.word	0xcfb60b23
20007938:	6708214f 	.word	0x6708214f
2000793c:	621871cf 	.word	0x621871cf
20007940:	c76e8490 	.word	0xc76e8490
20007944:	015623fc 	.word	0x015623fc
20007948:	18b0ff27 	.word	0x18b0ff27
2000794c:	6f60b082 	.word	0x6f60b082
20007950:	bedafb6a 	.word	0xbedafb6a
20007954:	87918326 	.word	0x87918326
20007958:	9d40369c 	.word	0x9d40369c
2000795c:	c2021ff7 	.word	0xc2021ff7
20007960:	66801a26 	.word	0x66801a26
20007964:	051206ce 	.word	0x051206ce
20007968:	34587a8f 	.word	0x34587a8f
2000796c:	57d7f052 	.word	0x57d7f052
20007970:	2a083f39 	.word	0x2a083f39
20007974:	e450bc8f 	.word	0xe450bc8f
20007978:	45c15f43 	.word	0x45c15f43
2000797c:	dd40687f 	.word	0xdd40687f
20007980:	4a044517 	.word	0x4a044517
20007984:	a63b13af 	.word	0xa63b13af
20007988:	a202787e 	.word	0xa202787e
2000798c:	3fa5c845 	.word	0x3fa5c845
20007990:	b0d79809 	.word	0xb0d79809
20007994:	e8e247ed 	.word	0xe8e247ed
20007998:	deb726e1 	.word	0xdeb726e1
2000799c:	4251469e 	.word	0x4251469e
200079a0:	52390cb9 	.word	0x52390cb9
200079a4:	e414e40a 	.word	0xe414e40a
200079a8:	20932b53 	.word	0x20932b53
200079ac:	22b05492 	.word	0x22b05492
200079b0:	24196f2e 	.word	0x24196f2e
200079b4:	f48b6769 	.word	0xf48b6769
200079b8:	e8e2c16e 	.word	0xe8e2c16e
200079bc:	556e6faf 	.word	0x556e6faf
200079c0:	842f6e25 	.word	0x842f6e25
200079c4:	2b471756 	.word	0x2b471756
200079c8:	a03e565b 	.word	0xa03e565b
200079cc:	6e302fbd 	.word	0x6e302fbd
200079d0:	c504b99f 	.word	0xc504b99f
200079d4:	560821ef 	.word	0x560821ef
200079d8:	a7fa02c7 	.word	0xa7fa02c7
200079dc:	b63eba8b 	.word	0xb63eba8b
200079e0:	8b0b2484 	.word	0x8b0b2484
200079e4:	b7d0b787 	.word	0xb7d0b787
200079e8:	06e5c722 	.word	0x06e5c722
200079ec:	4fb04127 	.word	0x4fb04127
200079f0:	e40509c8 	.word	0xe40509c8
200079f4:	4009e4f0 	.word	0x4009e4f0
200079f8:	dafe875a 	.word	0xdafe875a
200079fc:	10239c0e 	.word	0x10239c0e
20007a00:	2101fe14 	.word	0x2101fe14
20007a04:	23a08fff 	.word	0x23a08fff
20007a08:	57108e25 	.word	0x57108e25
20007a0c:	05a0ccef 	.word	0x05a0ccef
20007a10:	8b001e2c 	.word	0x8b001e2c
20007a14:	000211f6 	.word	0x000211f6
20007a18:	12384f1b 	.word	0x12384f1b
20007a1c:	482463ff 	.word	0x482463ff
20007a20:	44afb701 	.word	0x44afb701
20007a24:	afb6fd01 	.word	0xafb6fd01
20007a28:	afb50140 	.word	0xafb50140
20007a2c:	afb49057 	.word	0xafb49057
20007a30:	df01a04c 	.word	0xdf01a04c
20007a34:	afb3016e 	.word	0xafb3016e
20007a38:	02000134 	.word	0x02000134
20007a3c:	46018eee 	.word	0x46018eee
20007a40:	5f870a00 	.word	0x5f870a00
20007a44:	00e8707f 	.word	0x00e8707f
20007a48:	3e238c53 	.word	0x3e238c53
20007a4c:	01ae6e09 	.word	0x01ae6e09
20007a50:	3c15febd 	.word	0x3c15febd
20007a54:	04101182 	.word	0x04101182
20007a58:	24165482 	.word	0x24165482
20007a5c:	763f9821 	.word	0x763f9821
20007a60:	d0570211 	.word	0xd0570211
20007a64:	5246f55a 	.word	0x5246f55a
20007a68:	7d97838c 	.word	0x7d97838c
20007a6c:	43129342 	.word	0x43129342
20007a70:	baa47f9f 	.word	0xbaa47f9f
20007a74:	bb5026b5 	.word	0xbb5026b5
20007a78:	1826ead6 	.word	0x1826ead6
20007a7c:	2af6be01 	.word	0x2af6be01
20007a80:	1a02f210 	.word	0x1a02f210
20007a84:	382e3d04 	.word	0x382e3d04
20007a88:	d7962a40 	.word	0xd7962a40
20007a8c:	fbbe8e70 	.word	0xfbbe8e70
20007a90:	10818292 	.word	0x10818292
20007a94:	8505c09e 	.word	0x8505c09e
20007a98:	afa0a22e 	.word	0xafa0a22e
20007a9c:	66bbafe1 	.word	0x66bbafe1
20007aa0:	fe080120 	.word	0xfe080120
20007aa4:	a5011c1f 	.word	0xa5011c1f
20007aa8:	8f06f7af 	.word	0x8f06f7af
20007aac:	16a3081e 	.word	0x16a3081e
20007ab0:	78cf6e80 	.word	0x78cf6e80
20007ab4:	11a112e0 	.word	0x11a112e0
20007ab8:	0621de58 	.word	0x0621de58
20007abc:	12e4461b 	.word	0x12e4461b
20007ac0:	a216a3bd 	.word	0xa216a3bd
20007ac4:	001b06fa 	.word	0x001b06fa
20007ac8:	840f5446 	.word	0x840f5446
20007acc:	c8f1af85 	.word	0xc8f1af85
20007ad0:	ba3641ba 	.word	0xba3641ba
20007ad4:	798e240e 	.word	0x798e240e
20007ad8:	8c779d09 	.word	0x8c779d09
20007adc:	700f9009 	.word	0x700f9009
20007ae0:	fe738fd6 	.word	0xfe738fd6
20007ae4:	8f8fcf8f 	.word	0x8f8fcf8f
20007ae8:	f61c8f3c 	.word	0xf61c8f3c
20007aec:	fc8ff08f 	.word	0xfc8ff08f
20007af0:	012c8f7e 	.word	0x012c8f7e
20007af4:	8650cf53 	.word	0x8650cf53
20007af8:	eadaa601 	.word	0xeadaa601
20007afc:	4c51d6ff 	.word	0x4c51d6ff
20007b00:	d66b2602 	.word	0xd66b2602
20007b04:	ada01653 	.word	0xada01653
20007b08:	069617ce 	.word	0x069617ce
20007b0c:	a51b8024 	.word	0xa51b8024
20007b10:	ce540067 	.word	0xce540067
20007b14:	df6fe727 	.word	0xdf6fe727
20007b18:	48e6e320 	.word	0x48e6e320
20007b1c:	d6070fd8 	.word	0xd6070fd8
20007b20:	b6380027 	.word	0xb6380027
20007b24:	2aa68628 	.word	0x2aa68628
20007b28:	f75240b6 	.word	0xf75240b6
20007b2c:	168c422e 	.word	0x168c422e
20007b30:	24088fc4 	.word	0x24088fc4
20007b34:	cff0449f 	.word	0xcff0449f
20007b38:	bb10e658 	.word	0xbb10e658
20007b3c:	4c461009 	.word	0x4c461009
20007b40:	2dd2c09f 	.word	0x2dd2c09f
20007b44:	93a6f0b7 	.word	0x93a6f0b7
20007b48:	16e65023 	.word	0x16e65023
20007b4c:	ec64d648 	.word	0xec64d648
20007b50:	b68b06ae 	.word	0xb68b06ae
20007b54:	52bc1482 	.word	0x52bc1482
20007b58:	c66ea10e 	.word	0xc66ea10e
20007b5c:	e7563b0b 	.word	0xe7563b0b
20007b60:	a87b2e83 	.word	0xa87b2e83
20007b64:	bfd567af 	.word	0xbfd567af
20007b68:	70ce2321 	.word	0x70ce2321
20007b6c:	800733b7 	.word	0x800733b7
20007b70:	85ffa95e 	.word	0x85ffa95e
20007b74:	3d0783ee 	.word	0x3d0783ee
20007b78:	df588f4e 	.word	0xdf588f4e
20007b7c:	d5eead20 	.word	0xd5eead20
20007b80:	cf7a1747 	.word	0xcf7a1747
20007b84:	6f738809 	.word	0x6f738809
20007b88:	07928306 	.word	0x07928306
20007b8c:	28deae00 	.word	0x28deae00
20007b90:	ee770e0c 	.word	0xee770e0c
20007b94:	7ba21082 	.word	0x7ba21082
20007b98:	dbd653c6 	.word	0xdbd653c6
20007b9c:	a31416e6 	.word	0xa31416e6
20007ba0:	36dde43d 	.word	0x36dde43d
20007ba4:	3670e1e7 	.word	0x3670e1e7
20007ba8:	06a2176b 	.word	0x06a2176b
20007bac:	1a16dedc 	.word	0x1a16dedc
20007bb0:	0e06a31f 	.word	0x0e06a31f
20007bb4:	5f4e675f 	.word	0x5f4e675f
20007bb8:	044fda5b 	.word	0x044fda5b
20007bbc:	ff340807 	.word	0xff340807
20007bc0:	11061898 	.word	0x11061898
20007bc4:	27329682 	.word	0x27329682
20007bc8:	ef86c152 	.word	0xef86c152
20007bcc:	5eae0ba2 	.word	0x5eae0ba2
20007bd0:	ef06ef90 	.word	0xef06ef90
20007bd4:	2786dd50 	.word	0x2786dd50
20007bd8:	5fd80380 	.word	0x5fd80380
20007bdc:	734b27a2 	.word	0x734b27a2
20007be0:	98b1802f 	.word	0x98b1802f
20007be4:	e71fa117 	.word	0xe71fa117
20007be8:	101e600e 	.word	0x101e600e
20007bec:	c7d17ff2 	.word	0xc7d17ff2
20007bf0:	8fd89ede 	.word	0x8fd89ede
20007bf4:	bb80747f 	.word	0xbb80747f
20007bf8:	86521e48 	.word	0x86521e48
20007bfc:	058ea290 	.word	0x058ea290
20007c00:	a4182f42 	.word	0xa4182f42
20007c04:	e25c9630 	.word	0xe25c9630
20007c08:	4b628e73 	.word	0x4b628e73
20007c0c:	26f7627f 	.word	0x26f7627f
20007c10:	14c496b7 	.word	0x14c496b7
20007c14:	43f554b7 	.word	0x43f554b7
20007c18:	464c3fa9 	.word	0x464c3fa9
20007c1c:	ada7cd04 	.word	0xada7cd04
20007c20:	42124e58 	.word	0x42124e58
20007c24:	86978ea1 	.word	0x86978ea1
20007c28:	009e1c25 	.word	0x009e1c25
20007c2c:	2ed00fae 	.word	0x2ed00fae
20007c30:	b06f310f 	.word	0xb06f310f
20007c34:	427bac82 	.word	0x427bac82
20007c38:	fd0620ac 	.word	0xfd0620ac
20007c3c:	a08005c8 	.word	0xa08005c8
20007c40:	d7390825 	.word	0xd7390825
20007c44:	8485024d 	.word	0x8485024d
20007c48:	ebde85a0 	.word	0xebde85a0
20007c4c:	17a60060 	.word	0x17a60060
20007c50:	974c0403 	.word	0x974c0403
20007c54:	00de1ada 	.word	0x00de1ada
20007c58:	36da1fb3 	.word	0x36da1fb3
20007c5c:	e6b890aa 	.word	0xe6b890aa
20007c60:	b7750028 	.word	0xb7750028
20007c64:	bf0082ee 	.word	0xbf0082ee
20007c68:	86a0566a 	.word	0x86a0566a
20007c6c:	c0777417 	.word	0xc0777417
20007c70:	38408e30 	.word	0x38408e30
20007c74:	0e867636 	.word	0x0e867636
20007c78:	82ffecf0 	.word	0x82ffecf0
20007c7c:	f09f2a24 	.word	0xf09f2a24
20007c80:	3ea011ac 	.word	0x3ea011ac
20007c84:	5811b087 	.word	0x5811b087
20007c88:	086f1650 	.word	0x086f1650
20007c8c:	c2184077 	.word	0xc2184077
20007c90:	504e70e6 	.word	0x504e70e6
20007c94:	6f70a57e 	.word	0x6f70a57e
20007c98:	2843665c 	.word	0x2843665c
20007c9c:	97392813 	.word	0x97392813
20007ca0:	071fe148 	.word	0x071fe148
20007ca4:	be0f8d0f 	.word	0xbe0f8d0f
20007ca8:	4b012630 	.word	0x4b012630
20007cac:	5baf68d7 	.word	0x5baf68d7
20007cb0:	d3a076f0 	.word	0xd3a076f0
20007cb4:	2d1f2d14 	.word	0x2d1f2d14
20007cb8:	a5e0472f 	.word	0xa5e0472f
20007cbc:	1f9fa111 	.word	0x1f9fa111
20007cc0:	1b4311d4 	.word	0x1b4311d4
20007cc4:	27844750 	.word	0x27844750
20007cc8:	16dc8037 	.word	0x16dc8037
20007ccc:	a446de14 	.word	0xa446de14
20007cd0:	f8966ef0 	.word	0xf8966ef0
20007cd4:	32414496 	.word	0x32414496
20007cd8:	63f60a2f 	.word	0x63f60a2f
20007cdc:	04ff74a4 	.word	0x04ff74a4
20007ce0:	03ff8e01 	.word	0x03ff8e01
20007ce4:	40dfa167 	.word	0x40dfa167
20007ce8:	0d162fd2 	.word	0x0d162fd2
20007cec:	c418c287 	.word	0xc418c287
20007cf0:	d61c8ccf 	.word	0xd61c8ccf
20007cf4:	63b66124 	.word	0x63b66124
20007cf8:	11ccc4c6 	.word	0x11ccc4c6
20007cfc:	1c84c7c7 	.word	0x1c84c7c7
20007d00:	c4304fa7 	.word	0xc4304fa7
20007d04:	f0151e68 	.word	0xf0151e68
20007d08:	302eb116 	.word	0x302eb116
20007d0c:	011f43ae 	.word	0x011f43ae
20007d10:	16053f0f 	.word	0x16053f0f
20007d14:	4305e0d4 	.word	0x4305e0d4
20007d18:	27d645ac 	.word	0x27d645ac
20007d1c:	83cf6332 	.word	0x83cf6332
20007d20:	bdacb705 	.word	0xbdacb705
20007d24:	a583d32f 	.word	0xa583d32f
20007d28:	b70f0286 	.word	0xb70f0286
20007d2c:	210975e1 	.word	0x210975e1
20007d30:	b71a7770 	.word	0xb71a7770
20007d34:	6ff886b1 	.word	0x6ff886b1
20007d38:	942f7f11 	.word	0x942f7f11
20007d3c:	a6761c11 	.word	0xa6761c11
20007d40:	23a45eff 	.word	0x23a45eff
20007d44:	2202ac44 	.word	0x2202ac44
20007d48:	f017410f 	.word	0xf017410f
20007d4c:	37cbd404 	.word	0x37cbd404
20007d50:	ae00603e 	.word	0xae00603e
20007d54:	0270ff50 	.word	0x0270ff50
20007d58:	89b49fc7 	.word	0x89b49fc7
20007d5c:	453e1d08 	.word	0x453e1d08
20007d60:	8cf87f0f 	.word	0x8cf87f0f
20007d64:	f796ec08 	.word	0xf796ec08
20007d68:	c266b581 	.word	0xc266b581
20007d6c:	ef971124 	.word	0xef971124
20007d70:	ce473057 	.word	0xce473057
20007d74:	7836e0e4 	.word	0x7836e0e4
20007d78:	ceae01cf 	.word	0xceae01cf
20007d7c:	3cc79320 	.word	0x3cc79320
20007d80:	0682239c 	.word	0x0682239c
20007d84:	afb3d21e 	.word	0xafb3d21e
20007d88:	130ff1da 	.word	0x130ff1da
20007d8c:	6cef7220 	.word	0x6cef7220
20007d90:	348e648e 	.word	0x348e648e
20007d94:	c75102de 	.word	0xc75102de
20007d98:	04de8c81 	.word	0x04de8c81
20007d9c:	26b19ee1 	.word	0x26b19ee1
20007da0:	ee802652 	.word	0xee802652
20007da4:	0e952c5f 	.word	0x0e952c5f
20007da8:	3024284d 	.word	0x3024284d
20007dac:	0067b548 	.word	0x0067b548
20007db0:	080d8f2c 	.word	0x080d8f2c
20007db4:	1edc25de 	.word	0x1edc25de
20007db8:	04a19056 	.word	0x04a19056
20007dbc:	81c3472d 	.word	0x81c3472d
20007dc0:	847e6312 	.word	0x847e6312
20007dc4:	8f0f7017 	.word	0x8f0f7017
20007dc8:	d4347807 	.word	0xd4347807
20007dcc:	ffa22484 	.word	0xffa22484
20007dd0:	ffed3611 	.word	0xffed3611
20007dd4:	9c8fcee7 	.word	0x9c8fcee7
20007dd8:	7f40218f 	.word	0x7f40218f
20007ddc:	01bf8421 	.word	0x01bf8421
20007de0:	003cbe9f 	.word	0x003cbe9f
20007de4:	f0d751ab 	.word	0xf0d751ab
20007de8:	b3118b42 	.word	0xb3118b42
20007dec:	d540e987 	.word	0xd540e987
20007df0:	6e7f17c7 	.word	0x6e7f17c7
20007df4:	d45c263e 	.word	0xd45c263e
20007df8:	d6a002b5 	.word	0xd6a002b5
20007dfc:	18975811 	.word	0x18975811
20007e00:	86ee14bf 	.word	0x86ee14bf
20007e04:	97acb66a 	.word	0x97acb66a
20007e08:	02067ed8 	.word	0x02067ed8
20007e0c:	7c14f620 	.word	0x7c14f620
20007e10:	18006616 	.word	0x18006616
20007e14:	388711e7 	.word	0x388711e7
20007e18:	a05b9047 	.word	0xa05b9047
20007e1c:	e60b1298 	.word	0xe60b1298
20007e20:	c2d0ae45 	.word	0xc2d0ae45
20007e24:	d746a217 	.word	0xd746a217
20007e28:	55028e1c 	.word	0x55028e1c
20007e2c:	7f161108 	.word	0x7f161108
20007e30:	9403a704 	.word	0x9403a704
20007e34:	2c0fb03a 	.word	0x2c0fb03a
20007e38:	0bae229e 	.word	0x0bae229e
20007e3c:	a1cd8436 	.word	0xa1cd8436
20007e40:	096ea69e 	.word	0x096ea69e
20007e44:	a7a96e66 	.word	0xa7a96e66
20007e48:	c1e09705 	.word	0xc1e09705
20007e4c:	bb852f4f 	.word	0xbb852f4f
20007e50:	08db241e 	.word	0x08db241e
20007e54:	dd46d70a 	.word	0xdd46d70a
20007e58:	7ec0777f 	.word	0x7ec0777f
20007e5c:	062ef0be 	.word	0x062ef0be
20007e60:	57041200 	.word	0x57041200
20007e64:	b716376e 	.word	0xb716376e
20007e68:	d4d03f76 	.word	0xd4d03f76
20007e6c:	05616f9a 	.word	0x05616f9a
20007e70:	150a6fab 	.word	0x150a6fab
20007e74:	0c7f6c07 	.word	0x0c7f6c07
20007e78:	250b97dc 	.word	0x250b97dc
20007e7c:	603c061f 	.word	0x603c061f
20007e80:	82c60ac0 	.word	0x82c60ac0
20007e84:	4b25b7e1 	.word	0x4b25b7e1
20007e88:	ecb99f37 	.word	0xecb99f37
20007e8c:	087042d4 	.word	0x087042d4
20007e90:	b65e7406 	.word	0xb65e7406
20007e94:	fe104f64 	.word	0xfe104f64
20007e98:	234eb693 	.word	0x234eb693
20007e9c:	903c1f62 	.word	0x903c1f62
20007ea0:	6fb82128 	.word	0x6fb82128
20007ea4:	66fc1bc2 	.word	0x66fc1bc2
20007ea8:	ac6223ac 	.word	0xac6223ac
20007eac:	b77fa824 	.word	0xb77fa824
20007eb0:	002878e7 	.word	0x002878e7
20007eb4:	1f21ac43 	.word	0x1f21ac43
20007eb8:	07040493 	.word	0x07040493
20007ebc:	d500e400 	.word	0xd500e400
20007ec0:	abd090a9 	.word	0xabd090a9
20007ec4:	1bb10992 	.word	0x1bb10992
20007ec8:	e7465227 	.word	0xe7465227
20007ecc:	4211e0bf 	.word	0x4211e0bf
20007ed0:	8f35438c 	.word	0x8f35438c
20007ed4:	2cfcf2e2 	.word	0x2cfcf2e2
20007ed8:	047e5fdb 	.word	0x047e5fdb
20007edc:	10427615 	.word	0x10427615
20007ee0:	174bf7ab 	.word	0x174bf7ab
20007ee4:	ed902caf 	.word	0xed902caf
20007ee8:	1c26c5c0 	.word	0x1c26c5c0
20007eec:	82772709 	.word	0x82772709
20007ef0:	6f4f123e 	.word	0x6f4f123e
20007ef4:	1200a2f0 	.word	0x1200a2f0
20007ef8:	d9404f2a 	.word	0xd9404f2a
20007efc:	8eac7280 	.word	0x8eac7280
20007f00:	dd6400a6 	.word	0xdd6400a6
20007f04:	3a4033f7 	.word	0x3a4033f7
20007f08:	80674107 	.word	0x80674107
20007f0c:	4f0dd68e 	.word	0x4f0dd68e
20007f10:	070ad286 	.word	0x070ad286
20007f14:	cf0abf9d 	.word	0xcf0abf9d
20007f18:	46082c86 	.word	0x46082c86
20007f1c:	0b447ca7 	.word	0x0b447ca7
20007f20:	0b0c8e67 	.word	0x0b0c8e67
20007f24:	11ee440f 	.word	0x11ee440f
20007f28:	d524f54f 	.word	0xd524f54f
20007f2c:	5520b618 	.word	0x5520b618
20007f30:	879d346e 	.word	0x879d346e
20007f34:	8f2a01b4 	.word	0x8f2a01b4
20007f38:	bebf9f15 	.word	0xbebf9f15
20007f3c:	0f03b734 	.word	0x0f03b734
20007f40:	b6be38d5 	.word	0xb6be38d5
20007f44:	9a8e1466 	.word	0x9a8e1466
20007f48:	3e0f1086 	.word	0x3e0f1086
20007f4c:	966a0290 	.word	0x966a0290
20007f50:	27c9ca73 	.word	0x27c9ca73
20007f54:	725576a0 	.word	0x725576a0
20007f58:	401eef26 	.word	0x401eef26
20007f5c:	5e001588 	.word	0x5e001588
20007f60:	35564d27 	.word	0x35564d27
20007f64:	1e600289 	.word	0x1e600289
20007f68:	441ffa69 	.word	0x441ffa69
20007f6c:	ce8d7778 	.word	0xce8d7778
20007f70:	948e6102 	.word	0x948e6102
20007f74:	2680beab 	.word	0x2680beab
20007f78:	10f62a88 	.word	0x10f62a88
20007f7c:	c03f5ca4 	.word	0xc03f5ca4
20007f80:	42eeef18 	.word	0x42eeef18
20007f84:	4400031b 	.word	0x4400031b
20007f88:	d5500fe7 	.word	0xd5500fe7
20007f8c:	0724a284 	.word	0x0724a284
20007f90:	d7194005 	.word	0xd7194005
20007f94:	be6f9953 	.word	0xbe6f9953
20007f98:	b69ab7a6 	.word	0xb69ab7a6
20007f9c:	bf4c02b5 	.word	0xbf4c02b5
20007fa0:	155f2802 	.word	0x155f2802
20007fa4:	dc24863e 	.word	0xdc24863e
20007fa8:	560e2ad7 	.word	0x560e2ad7
20007fac:	aa607e0d 	.word	0xaa607e0d
20007fb0:	60864f10 	.word	0x60864f10
20007fb4:	ea5bdef8 	.word	0xea5bdef8
20007fb8:	ef589f62 	.word	0xef589f62
20007fbc:	e608e261 	.word	0xe608e261
20007fc0:	21f81e5f 	.word	0x21f81e5f
20007fc4:	18009220 	.word	0x18009220
20007fc8:	05571349 	.word	0x05571349
20007fcc:	106000ec 	.word	0x106000ec
20007fd0:	3fb50a7f 	.word	0x3fb50a7f
20007fd4:	1886fb88 	.word	0x1886fb88
20007fd8:	c5cf0300 	.word	0xc5cf0300
20007fdc:	5e604042 	.word	0x5e604042
20007fe0:	42cf68ff 	.word	0x42cf68ff
20007fe4:	4ecfcf03 	.word	0x4ecfcf03
20007fe8:	06971070 	.word	0x06971070
20007fec:	241e707e 	.word	0x241e707e
20007ff0:	3c2f9344 	.word	0x3c2f9344
20007ff4:	22430060 	.word	0x22430060
20007ff8:	a91f196f 	.word	0xa91f196f
20007ffc:	4e5e32ae 	.word	0x4e5e32ae
20008000:	6e460606 	.word	0x6e460606
20008004:	2617ae0b 	.word	0x2617ae0b
20008008:	51bec20b 	.word	0x51bec20b
2000800c:	6f479fac 	.word	0x6f479fac
20008010:	7644d6d0 	.word	0x7644d6d0
20008014:	168406c2 	.word	0x168406c2
20008018:	9c87beba 	.word	0x9c87beba
2000801c:	89e61f86 	.word	0x89e61f86
20008020:	57320911 	.word	0x57320911
20008024:	9a018e21 	.word	0x9a018e21
20008028:	d6f1f03e 	.word	0xd6f1f03e
2000802c:	27766010 	.word	0x27766010
20008030:	cd3e612e 	.word	0xcd3e612e
20008034:	583196c4 	.word	0x583196c4
20008038:	382167de 	.word	0x382167de
2000803c:	370a0251 	.word	0x370a0251
20008040:	e16e0311 	.word	0xe16e0311
20008044:	2e03d61c 	.word	0x2e03d61c
20008048:	ffd9a66f 	.word	0xffd9a66f
2000804c:	608016de 	.word	0x608016de
20008050:	44e20f45 	.word	0x44e20f45
20008054:	9e2798d6 	.word	0x9e2798d6
20008058:	03d7d8d0 	.word	0x03d7d8d0
2000805c:	628f4d24 	.word	0x628f4d24
20008060:	d0aee69b 	.word	0xd0aee69b
20008064:	8e25c205 	.word	0x8e25c205
20008068:	865d9e70 	.word	0x865d9e70
2000806c:	202b8e30 	.word	0x202b8e30
20008070:	1d2bbe55 	.word	0x1d2bbe55
20008074:	02810567 	.word	0x02810567
20008078:	bb097f8b 	.word	0xbb097f8b
2000807c:	dac750af 	.word	0xdac750af
20008080:	9387237e 	.word	0x9387237e
20008084:	1a2402b0 	.word	0x1a2402b0
20008088:	d66cbc67 	.word	0xd66cbc67
2000808c:	260c0f0e 	.word	0x260c0f0e
20008090:	af11b4d7 	.word	0xaf11b4d7
20008094:	af36075d 	.word	0xaf36075d
20008098:	50546e01 	.word	0x50546e01
2000809c:	b2a217de 	.word	0xb2a217de
200080a0:	22f3e1f7 	.word	0x22f3e1f7
200080a4:	4f1311af 	.word	0x4f1311af
200080a8:	c00f05c0 	.word	0xc00f05c0
200080ac:	b0af8c11 	.word	0xb0af8c11
200080b0:	c601c32f 	.word	0xc601c32f
200080b4:	a2fe1581 	.word	0xa2fe1581
200080b8:	2a0e5c8e 	.word	0x2a0e5c8e
200080bc:	06120236 	.word	0x06120236
200080c0:	30be448f 	.word	0x30be448f
200080c4:	c8a0779c 	.word	0xc8a0779c
200080c8:	57ae26e7 	.word	0x57ae26e7
200080cc:	ad87026d 	.word	0xad87026d
200080d0:	67e50677 	.word	0x67e50677
200080d4:	c0ac50f5 	.word	0xc0ac50f5
200080d8:	a828ff21 	.word	0xa828ff21
200080dc:	c6f005ee 	.word	0xc6f005ee
200080e0:	479a0225 	.word	0x479a0225
200080e4:	96c22ce9 	.word	0x96c22ce9
200080e8:	36d8ce30 	.word	0x36d8ce30
200080ec:	fa1326b5 	.word	0xfa1326b5
200080f0:	b700341e 	.word	0xb700341e
200080f4:	203f8591 	.word	0x203f8591
200080f8:	9d308e0e 	.word	0x9d308e0e
200080fc:	86f00d96 	.word	0x86f00d96
20008100:	1a4f9818 	.word	0x1a4f9818
20008104:	50ce0555 	.word	0x50ce0555
20008108:	4e1e8cd5 	.word	0x4e1e8cd5
2000810c:	aeba64c6 	.word	0xaeba64c6
20008110:	1ffe5ab8 	.word	0x1ffe5ab8
20008114:	266489cc 	.word	0x266489cc
20008118:	9214ced8 	.word	0x9214ced8
2000811c:	451e2028 	.word	0x451e2028
20008120:	8e841646 	.word	0x8e841646
20008124:	87c027a3 	.word	0x87c027a3
20008128:	d8acc027 	.word	0xd8acc027
2000812c:	4773275f 	.word	0x4773275f
20008130:	a25e0652 	.word	0xa25e0652
20008134:	1281463e 	.word	0x1281463e
20008138:	ffafcefe 	.word	0xffafcefe
2000813c:	dc022682 	.word	0xdc022682
20008140:	8714c227 	.word	0x8714c227
20008144:	26055f3e 	.word	0x26055f3e
20008148:	ff031026 	.word	0xff031026
2000814c:	0d2f26b4 	.word	0x0d2f26b4
20008150:	21f0df09 	.word	0x21f0df09
20008154:	53023228 	.word	0x53023228
20008158:	f1c1115e 	.word	0xf1c1115e
2000815c:	fab50176 	.word	0xfab50176
20008160:	66662854 	.word	0x66662854
20008164:	822645ce 	.word	0x822645ce
20008168:	4a1619db 	.word	0x4a1619db
2000816c:	3a591ef3 	.word	0x3a591ef3
20008170:	3e355257 	.word	0x3e355257
20008174:	d5881263 	.word	0xd5881263
20008178:	26b1b17f 	.word	0x26b1b17f
2000817c:	963d0540 	.word	0x963d0540
20008180:	16fb1445 	.word	0x16fb1445
20008184:	2effa202 	.word	0x2effa202
20008188:	a6bb1f39 	.word	0xa6bb1f39
2000818c:	26023129 	.word	0x26023129
20008190:	7e2e53c2 	.word	0x7e2e53c2
20008194:	f308ffa3 	.word	0xf308ffa3
20008198:	08cf0626 	.word	0x08cf0626
2000819c:	5114de46 	.word	0x5114de46
200081a0:	7e3fa13e 	.word	0x7e3fa13e
200081a4:	7edb7021 	.word	0x7edb7021
200081a8:	30a52600 	.word	0x30a52600
200081ac:	2c7fc05a 	.word	0x2c7fc05a
200081b0:	0d0f5f68 	.word	0x0d0f5f68
200081b4:	25b4cbde 	.word	0x25b4cbde
200081b8:	1b050a06 	.word	0x1b050a06
200081bc:	fa2fd806 	.word	0xfa2fd806
200081c0:	00ce102b 	.word	0x00ce102b
200081c4:	d2674c1c 	.word	0xd2674c1c
200081c8:	166e9c0e 	.word	0x166e9c0e
200081cc:	05ad7f47 	.word	0x05ad7f47
200081d0:	d7ccdf6c 	.word	0xd7ccdf6c
200081d4:	268ebf10 	.word	0x268ebf10
200081d8:	c7110788 	.word	0xc7110788
200081dc:	be253870 	.word	0xbe253870
200081e0:	900240f8 	.word	0x900240f8
200081e4:	8df729d6 	.word	0x8df729d6
200081e8:	900f95e2 	.word	0x900f95e2
200081ec:	d75fe1d8 	.word	0xd75fe1d8
200081f0:	b6cf2ed6 	.word	0xb6cf2ed6
200081f4:	6f3148b5 	.word	0x6f3148b5
200081f8:	7f7e400c 	.word	0x7f7e400c
200081fc:	8f840600 	.word	0x8f840600
20008200:	3097b036 	.word	0x3097b036
20008204:	ec0f7c02 	.word	0xec0f7c02
20008208:	11df8d6c 	.word	0x11df8d6c
2000820c:	1e283f78 	.word	0x1e283f78
20008210:	8a2f780d 	.word	0x8a2f780d
20008214:	5343f630 	.word	0x5343f630
20008218:	8643a25f 	.word	0x8643a25f
2000821c:	0fcf3a76 	.word	0x0fcf3a76
20008220:	776bc4c6 	.word	0x776bc4c6
20008224:	d7ffdec2 	.word	0xd7ffdec2
20008228:	17104777 	.word	0x17104777
2000822c:	96bf331a 	.word	0x96bf331a
20008230:	253f0f74 	.word	0x253f0f74
20008234:	66b2d639 	.word	0x66b2d639
20008238:	aa3c03c0 	.word	0xaa3c03c0
2000823c:	d197e8af 	.word	0xd197e8af
20008240:	36fcfe3c 	.word	0x36fcfe3c
20008244:	f481cf00 	.word	0xf481cf00
20008248:	b14a0032 	.word	0xb14a0032
2000824c:	c3cf2c37 	.word	0xc3cf2c37
20008250:	40581714 	.word	0x40581714
20008254:	66fd8eee 	.word	0x66fd8eee
20008258:	1566400b 	.word	0x1566400b
2000825c:	02ff1f4b 	.word	0x02ff1f4b
20008260:	56350b11 	.word	0x56350b11
20008264:	08578401 	.word	0x08578401
20008268:	d740c61e 	.word	0xd740c61e
2000826c:	fa3cb85f 	.word	0xfa3cb85f
20008270:	2f07b6ed 	.word	0x2f07b6ed
20008274:	eac1001b 	.word	0xeac1001b
20008278:	570bf710 	.word	0x570bf710
2000827c:	adb960a4 	.word	0xadb960a4
20008280:	df3af9e3 	.word	0xdf3af9e3
20008284:	20a6f222 	.word	0x20a6f222
20008288:	47ae881d 	.word	0x47ae881d
2000828c:	9ff67ba4 	.word	0x9ff67ba4
20008290:	07f902e5 	.word	0x07f902e5
20008294:	06144a00 	.word	0x06144a00
20008298:	9a4fd7a8 	.word	0x9a4fd7a8
2000829c:	40f6f53c 	.word	0x40f6f53c
200082a0:	858ec40c 	.word	0x858ec40c
200082a4:	7757bf30 	.word	0x7757bf30
200082a8:	d3239cc0 	.word	0xd3239cc0
200082ac:	deb0dfe9 	.word	0xdeb0dfe9
200082b0:	9f9b8c44 	.word	0x9f9b8c44
200082b4:	0f0b88c4 	.word	0x0f0b88c4
200082b8:	ab3f5e7f 	.word	0xab3f5e7f
200082bc:	0e4cb611 	.word	0x0e4cb611
200082c0:	0176ea86 	.word	0x0176ea86
200082c4:	247fbf44 	.word	0x247fbf44
200082c8:	1e260488 	.word	0x1e260488
200082cc:	b607965b 	.word	0xb607965b
200082d0:	6dfe0e02 	.word	0x6dfe0e02
200082d4:	282fc1cf 	.word	0x282fc1cf
200082d8:	87d20ff5 	.word	0x87d20ff5
200082dc:	102527ed 	.word	0x102527ed
200082e0:	0cad6746 	.word	0x0cad6746
200082e4:	8411e6aa 	.word	0x8411e6aa
200082e8:	3168b78c 	.word	0x3168b78c
200082ec:	2775a8e7 	.word	0x2775a8e7
200082f0:	5137e312 	.word	0x5137e312
200082f4:	03100647 	.word	0x03100647
200082f8:	180668c6 	.word	0x180668c6
200082fc:	066f7fce 	.word	0x066f7fce
20008300:	0807091c 	.word	0x0807091c
20008304:	abaec619 	.word	0xabaec619
20008308:	d810c8cf 	.word	0xd810c8cf
2000830c:	0ef6c818 	.word	0x0ef6c818
20008310:	900f0c79 	.word	0x900f0c79
20008314:	0fd1cead 	.word	0x0fd1cead
20008318:	90ffaa02 	.word	0x90ffaa02
2000831c:	50d21758 	.word	0x50d21758
20008320:	5686361f 	.word	0x5686361f
20008324:	072f6a02 	.word	0x072f6a02
20008328:	03871f06 	.word	0x03871f06
2000832c:	0762a0f6 	.word	0x0762a0f6
20008330:	0246314f 	.word	0x0246314f
20008334:	12c62766 	.word	0x12c62766
20008338:	b9a6be05 	.word	0xb9a6be05
2000833c:	ce149714 	.word	0xce149714
20008340:	85362263 	.word	0x85362263
20008344:	0ae7a183 	.word	0x0ae7a183
20008348:	2826c7b7 	.word	0x2826c7b7
2000834c:	a26647a2 	.word	0xa26647a2
20008350:	6f572ca1 	.word	0x6f572ca1
20008354:	4311eb9c 	.word	0x4311eb9c
20008358:	f0f7358c 	.word	0xf0f7358c
2000835c:	87600004 	.word	0x87600004
20008360:	c7860a2f 	.word	0xc7860a2f
20008364:	df9bd8a9 	.word	0xdf9bd8a9
20008368:	562402db 	.word	0x562402db
2000836c:	9f40ae02 	.word	0x9f40ae02
20008370:	34608f2f 	.word	0x34608f2f
20008374:	5fac8240 	.word	0x5fac8240
20008378:	8fd19806 	.word	0x8fd19806
2000837c:	985c4472 	.word	0x985c4472
20008380:	8bf789e1 	.word	0x8bf789e1
20008384:	2b00ee03 	.word	0x2b00ee03
20008388:	ee058bf6 	.word	0xee058bf6
2000838c:	408ca2fa 	.word	0x408ca2fa
20008390:	87160418 	.word	0x87160418
20008394:	3d040615 	.word	0x3d040615
20008398:	3aa70b44 	.word	0x3aa70b44
2000839c:	bee2b08f 	.word	0xbee2b08f
200083a0:	4c8e169a 	.word	0x4c8e169a
200083a4:	888f1614 	.word	0x888f1614
200083a8:	b70e53be 	.word	0xb70e53be
200083ac:	01b5b64d 	.word	0x01b5b64d
200083b0:	afb476be 	.word	0xafb476be
200083b4:	03b30034 	.word	0x03b30034
200083b8:	08300c67 	.word	0x08300c67
200083bc:	53b1479d 	.word	0x53b1479d
200083c0:	969b8719 	.word	0x969b8719
200083c4:	c3007052 	.word	0xc3007052
200083c8:	759f8c72 	.word	0x759f8c72
200083cc:	c2a63116 	.word	0xc2a63116
200083d0:	5ef51128 	.word	0x5ef51128
200083d4:	e60e8290 	.word	0xe60e8290
200083d8:	d626a78e 	.word	0xd626a78e
200083dc:	80b6c542 	.word	0x80b6c542
200083e0:	5e02a1d0 	.word	0x5e02a1d0
200083e4:	c0fe8007 	.word	0xc0fe8007
200083e8:	01e62f46 	.word	0x01e62f46
200083ec:	3b09f63a 	.word	0x3b09f63a
200083f0:	8c55001f 	.word	0x8c55001f
200083f4:	a0e79d8e 	.word	0xa0e79d8e
200083f8:	85274309 	.word	0x85274309
200083fc:	d88c6e9f 	.word	0xd88c6e9f
20008400:	a026d6f8 	.word	0xa026d6f8
20008404:	8653f7d8 	.word	0x8653f7d8
20008408:	0e2b2a77 	.word	0x0e2b2a77
2000840c:	98510f02 	.word	0x98510f02
20008410:	ee05586f 	.word	0xee05586f
20008414:	57c0438e 	.word	0x57c0438e
20008418:	be58e6ee 	.word	0xbe58e6ee
2000841c:	e8b107b7 	.word	0xe8b107b7
20008420:	0b5f2c02 	.word	0x0b5f2c02
20008424:	088e5076 	.word	0x088e5076
20008428:	4e47f7b7 	.word	0x4e47f7b7
2000842c:	eab02dd8 	.word	0xeab02dd8
20008430:	03e67d39 	.word	0x03e67d39
20008434:	a605a646 	.word	0xa605a646
20008438:	10c65f1e 	.word	0x10c65f1e
2000843c:	0e3e26dc 	.word	0x0e3e26dc
20008440:	54a66128 	.word	0x54a66128
20008444:	ee29036e 	.word	0xee29036e
20008448:	6ce05fde 	.word	0x6ce05fde
2000844c:	6ebb44d8 	.word	0x6ebb44d8
20008450:	7f03d1f0 	.word	0x7f03d1f0
20008454:	8036860a 	.word	0x8036860a
20008458:	20ddb7c5 	.word	0x20ddb7c5
2000845c:	392f7956 	.word	0x392f7956
20008460:	11ce4b77 	.word	0x11ce4b77
20008464:	12a06f3e 	.word	0x12a06f3e
20008468:	1853af61 	.word	0x1853af61
2000846c:	d73d4996 	.word	0xd73d4996
20008470:	855fc105 	.word	0x855fc105
20008474:	148e1799 	.word	0x148e1799
20008478:	eeb583e0 	.word	0xeeb583e0
2000847c:	20c61f12 	.word	0x20c61f12
20008480:	84099a02 	.word	0x84099a02
20008484:	e5f61f66 	.word	0xe5f61f66
20008488:	163effe3 	.word	0x163effe3
2000848c:	070df776 	.word	0x070df776
20008490:	77d8a8b0 	.word	0x77d8a8b0
20008494:	be20f76f 	.word	0xbe20f76f
20008498:	a924bfb6 	.word	0xa924bfb6
2000849c:	98277627 	.word	0x98277627
200084a0:	8f3f2fd8 	.word	0x8f3f2fd8
200084a4:	8ff38f3c 	.word	0x8ff38f3c
200084a8:	3c8f8fcf 	.word	0x3c8f8fcf
200084ac:	fe34e08f 	.word	0xfe34e08f
200084b0:	8fb1dcb2 	.word	0x8fb1dcb2
200084b4:	98672a28 	.word	0x98672a28
200084b8:	c79dc050 	.word	0xc79dc050
200084bc:	3f6e0020 	.word	0x3f6e0020
200084c0:	258e23f1 	.word	0x258e23f1
200084c4:	80918126 	.word	0x80918126
200084c8:	73361c85 	.word	0x73361c85
200084cc:	8550640f 	.word	0x8550640f
200084d0:	4f7c49ff 	.word	0x4f7c49ff
200084d4:	af100043 	.word	0xaf100043
200084d8:	400032f4 	.word	0x400032f4
200084dc:	89006713 	.word	0x89006713
200084e0:	69d86f3d 	.word	0x69d86f3d
200084e4:	d914eb17 	.word	0xd914eb17
200084e8:	10076284 	.word	0x10076284
200084ec:	e62b6eac 	.word	0xe62b6eac
200084f0:	100024ef 	.word	0x100024ef
200084f4:	2a02ad27 	.word	0x2a02ad27
200084f8:	27256da7 	.word	0x27256da7
200084fc:	227204c9 	.word	0x227204c9
20008500:	1f030874 	.word	0x1f030874
20008504:	d0ef0cc0 	.word	0xd0ef0cc0
20008508:	244fe700 	.word	0x244fe700
2000850c:	ff81c58e 	.word	0xff81c58e
20008510:	16a3e007 	.word	0x16a3e007
20008514:	d8a3b03e 	.word	0xd8a3b03e
20008518:	daa7a028 	.word	0xdaa7a028
2000851c:	36093fae 	.word	0x36093fae
20008520:	636d37a4 	.word	0x636d37a4
20008524:	dc3f6a4e 	.word	0xdc3f6a4e
20008528:	a7452467 	.word	0xa7452467
2000852c:	3c868ba4 	.word	0x3c868ba4
20008530:	205e7f20 	.word	0x205e7f20
20008534:	133484a1 	.word	0x133484a1
20008538:	c625ff7d 	.word	0xc625ff7d
2000853c:	9ef02497 	.word	0x9ef02497
20008540:	23dfde17 	.word	0x23dfde17
20008544:	a0ff60fe 	.word	0xa0ff60fe
20008548:	0cefb5bd 	.word	0x0cefb5bd
2000854c:	77b90198 	.word	0x77b90198
20008550:	f7199c89 	.word	0xf7199c89
20008554:	e7a81884 	.word	0xe7a81884
20008558:	383e2f47 	.word	0x383e2f47
2000855c:	822484d9 	.word	0x822484d9
20008560:	3970e705 	.word	0x3970e705
20008564:	27df3c32 	.word	0x27df3c32
20008568:	81d7f428 	.word	0x81d7f428
2000856c:	2643d666 	.word	0x2643d666
20008570:	771360df 	.word	0x771360df
20008574:	60197798 	.word	0x60197798
20008578:	b606b7c4 	.word	0xb606b7c4
2000857c:	0f988fc1 	.word	0x0f988fc1
20008580:	b0e9a073 	.word	0xb0e9a073
20008584:	21fee9de 	.word	0x21fee9de
20008588:	4d21cee0 	.word	0x4d21cee0
2000858c:	fe21a656 	.word	0xfe21a656
20008590:	0e214cd5 	.word	0x0e214cd5
20008594:	3c2121cf 	.word	0x3c2121cf
20008598:	ba21f121 	.word	0xba21f121
2000859c:	ee9e214e 	.word	0xee9e214e
200085a0:	8ee82421 	.word	0x8ee82421
200085a4:	a0468598 	.word	0xa0468598
200085a8:	06566a68 	.word	0x06566a68
200085ac:	c080f0e7 	.word	0xc080f0e7
200085b0:	af038300 	.word	0xaf038300
200085b4:	d79cd882 	.word	0xd79cd882
200085b8:	0f638030 	.word	0x0f638030
200085bc:	7684d73a 	.word	0x7684d73a
200085c0:	9e148b32 	.word	0x9e148b32
200085c4:	630054c4 	.word	0x630054c4
200085c8:	4f62bf4f 	.word	0x4f62bf4f
200085cc:	8480d9a4 	.word	0x8480d9a4
200085d0:	0f05efc2 	.word	0x0f05efc2
200085d4:	e1e70b60 	.word	0xe1e70b60
200085d8:	ff988c52 	.word	0xff988c52
200085dc:	99ee8451 	.word	0x99ee8451
200085e0:	888e2bd6 	.word	0x888e2bd6
200085e4:	4f4e4a82 	.word	0x4f4e4a82
200085e8:	2e470a06 	.word	0x2e470a06
200085ec:	b71e5b09 	.word	0xb71e5b09
200085f0:	78b7f082 	.word	0x78b7f082
200085f4:	ff0f4b56 	.word	0xff0f4b56
200085f8:	3adc02a9 	.word	0x3adc02a9
200085fc:	02f02504 	.word	0x02f02504
20008600:	177f4227 	.word	0x177f4227
20008604:	50140280 	.word	0x50140280
20008608:	1f08d732 	.word	0x1f08d732
2000860c:	3fd9c071 	.word	0x3fd9c071
20008610:	d9acf8c7 	.word	0xd9acf8c7
20008614:	2eae8607 	.word	0x2eae8607
20008618:	852118d2 	.word	0x852118d2
2000861c:	c2a6263e 	.word	0xc2a6263e
20008620:	a60e702e 	.word	0xa60e702e
20008624:	73a83f75 	.word	0x73a83f75
20008628:	1e75200f 	.word	0x1e75200f
2000862c:	0291e65d 	.word	0x0291e65d
20008630:	066f3f2b 	.word	0x066f3f2b
20008634:	53008424 	.word	0x53008424
20008638:	20ec181f 	.word	0x20ec181f
2000863c:	0bef27a4 	.word	0x0bef27a4
20008640:	5d4122e7 	.word	0x5d4122e7
20008644:	2442dad6 	.word	0x2442dad6
20008648:	f8b48f86 	.word	0xf8b48f86
2000864c:	5ba82516 	.word	0x5ba82516
20008650:	979e377d 	.word	0x979e377d
20008654:	3d6602b1 	.word	0x3d6602b1
20008658:	068c20af 	.word	0x068c20af
2000865c:	48788f08 	.word	0x48788f08
20008660:	0fcc84db 	.word	0x0fcc84db
20008664:	dba56403 	.word	0xdba56403
20008668:	c18277dc 	.word	0xc18277dc
2000866c:	11bfce68 	.word	0x11bfce68
20008670:	879f0444 	.word	0x879f0444
20008674:	00f60baa 	.word	0x00f60baa
20008678:	8f13a776 	.word	0x8f13a776
2000867c:	512f50ef 	.word	0x512f50ef
20008680:	9ce11e67 	.word	0x9ce11e67
20008684:	66165e23 	.word	0x66165e23
20008688:	4f828ea3 	.word	0x4f828ea3
2000868c:	8246054f 	.word	0x8246054f
20008690:	5f03b1c1 	.word	0x5f03b1c1
20008694:	27d786db 	.word	0x27d786db
20008698:	e136ce04 	.word	0xe136ce04
2000869c:	6f0e0856 	.word	0x6f0e0856
200086a0:	c5860d46 	.word	0xc5860d46
200086a4:	a51026d0 	.word	0xa51026d0
200086a8:	1e36a3b7 	.word	0x1e36a3b7
200086ac:	6abe86e1 	.word	0x6abe86e1
200086b0:	32c6705f 	.word	0x32c6705f
200086b4:	25786707 	.word	0x25786707
200086b8:	1f8c9a20 	.word	0x1f8c9a20
200086bc:	14880e26 	.word	0x14880e26
200086c0:	2834b655 	.word	0x2834b655
200086c4:	48da0677 	.word	0x48da0677
200086c8:	0e0256c1 	.word	0x0e0256c1
200086cc:	3c8f761f 	.word	0x3c8f761f
200086d0:	cf8ff38f 	.word	0xcf8ff38f
200086d4:	b61f8f8f 	.word	0xb61f8f8f
200086d8:	7c8f3c8f 	.word	0x7c8f3c8f
200086dc:	8ffc8f86 	.word	0x8ffc8f86
200086e0:	4d042128 	.word	0x4d042128
200086e4:	377a21d7 	.word	0x377a21d7
200086e8:	0fcc36a3 	.word	0x0fcc36a3
200086ec:	f7ce62c0 	.word	0xf7ce62c0
200086f0:	1f20b70c 	.word	0x1f20b70c
200086f4:	d567a7e6 	.word	0xd567a7e6
200086f8:	a2c71101 	.word	0xa2c71101
200086fc:	1e5a10df 	.word	0x1e5a10df
20008700:	df2232e6 	.word	0xdf2232e6
20008704:	77831246 	.word	0x77831246
20008708:	c69be60e 	.word	0xc69be60e
2000870c:	8ff0a521 	.word	0x8ff0a521
20008710:	7044da54 	.word	0x7044da54
20008714:	4067604f 	.word	0x4067604f
20008718:	a4628a4f 	.word	0xa4628a4f
2000871c:	be1edab5 	.word	0xbe1edab5
20008720:	3fe09b97 	.word	0x3fe09b97
20008724:	ad09ce10 	.word	0xad09ce10
20008728:	4806b697 	.word	0x4806b697
2000872c:	c286268e 	.word	0xc286268e
20008730:	1131857e 	.word	0x1131857e
20008734:	c36c0ae2 	.word	0xc36c0ae2
20008738:	c7771c00 	.word	0xc7771c00
2000873c:	ee2c0002 	.word	0xee2c0002
20008740:	b0362d44 	.word	0xb0362d44
20008744:	e4afb6c0 	.word	0xe4afb6c0
20008748:	a8585067 	.word	0xa8585067
2000874c:	bec56f91 	.word	0xbec56f91
20008750:	ac853f8e 	.word	0xac853f8e
20008754:	ecbe4686 	.word	0xecbe4686
20008758:	02a986fe 	.word	0x02a986fe
2000875c:	eb6a6fdb 	.word	0xeb6a6fdb
20008760:	17fe2d2f 	.word	0x17fe2d2f
20008764:	b7db24a0 	.word	0xb7db24a0
20008768:	6eb0921f 	.word	0x6eb0921f
2000876c:	ae971e5c 	.word	0xae971e5c
20008770:	0f0825fd 	.word	0x0f0825fd
20008774:	8f82b697 	.word	0x8f82b697
20008778:	814018df 	.word	0x814018df
2000877c:	403197f1 	.word	0x403197f1
20008780:	dfc22037 	.word	0xdfc22037
20008784:	8002aee2 	.word	0x8002aee2
20008788:	83c86737 	.word	0x83c86737
2000878c:	bf72be9d 	.word	0xbf72be9d
20008790:	03c13f1c 	.word	0x03c13f1c
20008794:	bc67817f 	.word	0xbc67817f
20008798:	2484dae8 	.word	0x2484dae8
2000879c:	27f18990 	.word	0x27f18990
200087a0:	dba62c16 	.word	0xdba62c16
200087a4:	825f11a5 	.word	0x825f11a5
200087a8:	6e230457 	.word	0x6e230457
200087ac:	2c085f04 	.word	0x2c085f04
200087b0:	1027b71e 	.word	0x1027b71e
200087b4:	f6aca45f 	.word	0xf6aca45f
200087b8:	21a67e05 	.word	0x21a67e05
200087bc:	0202c330 	.word	0x0202c330
200087c0:	ee1cf76c 	.word	0xee1cf76c
200087c4:	58975830 	.word	0x58975830
200087c8:	a24f593f 	.word	0xa24f593f
200087cc:	674fa338 	.word	0x674fa338
200087d0:	0a8f0e3e 	.word	0x0a8f0e3e
200087d4:	1007e402 	.word	0x1007e402
200087d8:	17280d6f 	.word	0x17280d6f
200087dc:	77076eff 	.word	0x77076eff
200087e0:	2e5d074e 	.word	0x2e5d074e
200087e4:	7effd5e9 	.word	0x7effd5e9
200087e8:	1e41850e 	.word	0x1e41850e
200087ec:	690ea6c1 	.word	0x690ea6c1
200087f0:	f7818e52 	.word	0xf7818e52
200087f4:	e987288b 	.word	0xe987288b
200087f8:	8e4726b5 	.word	0x8e4726b5
200087fc:	8536508b 	.word	0x8536508b
20008800:	4456d048 	.word	0x4456d048
20008804:	ac889601 	.word	0xac889601
20008808:	56fea827 	.word	0x56fea827
2000880c:	94afb074 	.word	0x94afb074
20008810:	66aaaf78 	.word	0x66aaaf78
20008814:	03ee3154 	.word	0x03ee3154
20008818:	b24cd0fe 	.word	0xb24cd0fe
2000881c:	56ef174f 	.word	0x56ef174f
20008820:	cec4b847 	.word	0xcec4b847
20008824:	dbcf7a09 	.word	0xdbcf7a09
20008828:	12ffa3b2 	.word	0x12ffa3b2
2000882c:	0a58563f 	.word	0x0a58563f
20008830:	274a0b53 	.word	0x274a0b53
20008834:	3f781269 	.word	0x3f781269
20008838:	f4ff5e25 	.word	0xf4ff5e25
2000883c:	c84ed1ab 	.word	0xc84ed1ab
20008840:	c0ae8edf 	.word	0xc0ae8edf
20008844:	80ae2011 	.word	0x80ae2011
20008848:	453e28bc 	.word	0x453e28bc
2000884c:	5b0aefc8 	.word	0x5b0aefc8
20008850:	41000107 	.word	0x41000107
20008854:	36b44f51 	.word	0x36b44f51
20008858:	8fad0403 	.word	0x8fad0403
2000885c:	0f260a23 	.word	0x0f260a23
20008860:	852f5740 	.word	0x852f5740
20008864:	062f42c2 	.word	0x062f42c2
20008868:	431e7697 	.word	0x431e7697
2000886c:	06c85eaa 	.word	0x06c85eaa
20008870:	3ec640ef 	.word	0x3ec640ef
20008874:	27b87e87 	.word	0x27b87e87
20008878:	4cc75709 	.word	0x4cc75709
2000887c:	26a489f8 	.word	0x26a489f8
20008880:	1353e2f7 	.word	0x1353e2f7
20008884:	26c1116f 	.word	0x26c1116f
20008888:	846d5e96 	.word	0x846d5e96
2000888c:	81a5268e 	.word	0x81a5268e
20008890:	01c70b26 	.word	0x01c70b26
20008894:	66b0570f 	.word	0x66b0570f
20008898:	4feffe9e 	.word	0x4feffe9e
2000889c:	aea211b8 	.word	0xaea211b8
200088a0:	c38e0678 	.word	0xc38e0678
200088a4:	8ac20f35 	.word	0x8ac20f35
200088a8:	d6b6b74c 	.word	0xd6b6b74c
200088ac:	57e1ae40 	.word	0x57e1ae40
200088b0:	0c9ebfcb 	.word	0x0c9ebfcb
200088b4:	e1b4563e 	.word	0xe1b4563e
200088b8:	10163d5e 	.word	0x10163d5e
200088bc:	e81726dc 	.word	0xe81726dc
200088c0:	3f4c8027 	.word	0x3f4c8027
200088c4:	cd2740db 	.word	0xcd2740db
200088c8:	e3fdf14c 	.word	0xe3fdf14c
200088cc:	6e2417ff 	.word	0x6e2417ff
200088d0:	4a2ce20f 	.word	0x4a2ce20f
200088d4:	c78191ef 	.word	0xc78191ef
200088d8:	c784db0e 	.word	0xc784db0e
200088dc:	f1894c3f 	.word	0xf1894c3f
200088e0:	bc381fb8 	.word	0xbc381fb8
200088e4:	24ef3349 	.word	0x24ef3349
200088e8:	33e2b8c4 	.word	0x33e2b8c4
200088ec:	e2527ea7 	.word	0xe2527ea7
200088f0:	9e2ef770 	.word	0x9e2ef770
200088f4:	27b08e25 	.word	0x27b08e25
200088f8:	31c077be 	.word	0x31c077be
200088fc:	1ec78e05 	.word	0x1ec78e05
20008900:	00fc863c 	.word	0x00fc863c
20008904:	8fc311ac 	.word	0x8fc311ac
20008908:	8487c615 	.word	0x8487c615
2000890c:	c037e55e 	.word	0xc037e55e
20008910:	86782d27 	.word	0x86782d27
20008914:	8f53dbc8 	.word	0x8f53dbc8
20008918:	21f14c07 	.word	0x21f14c07
2000891c:	8fc55eb6 	.word	0x8fc55eb6
20008920:	1d0087e8 	.word	0x1d0087e8
20008924:	6310404e 	.word	0x6310404e
20008928:	008360ff 	.word	0x008360ff
2000892c:	82166225 	.word	0x82166225
20008930:	047ec4fe 	.word	0x047ec4fe
20008934:	f014fe20 	.word	0xf014fe20
20008938:	c2de9546 	.word	0xc2de9546
2000893c:	5f4f7318 	.word	0x5f4f7318
20008940:	6637cd22 	.word	0x6637cd22
20008944:	478cfb44 	.word	0x478cfb44
20008948:	6f147700 	.word	0x6f147700
2000894c:	f8905f9c 	.word	0xf8905f9c
20008950:	6f510927 	.word	0x6f510927
20008954:	057e42dc 	.word	0x057e42dc
20008958:	0854563e 	.word	0x0854563e
2000895c:	2766d887 	.word	0x2766d887
20008960:	9e218b76 	.word	0x9e218b76
20008964:	c0cf2a01 	.word	0xc0cf2a01
20008968:	3477b94a 	.word	0x3477b94a
2000896c:	11a4c829 	.word	0x11a4c829
20008970:	32922c1c 	.word	0x32922c1c
20008974:	e288b7a1 	.word	0xe288b7a1
20008978:	ded0c70e 	.word	0xded0c70e
2000897c:	77fe8a1e 	.word	0x77fe8a1e
20008980:	4a8f5602 	.word	0x4a8f5602
20008984:	5a096e18 	.word	0x5a096e18
20008988:	b7e81286 	.word	0xb7e81286
2000898c:	fffaeebd 	.word	0xfffaeebd
20008990:	37c116fe 	.word	0x37c116fe
20008994:	a70cb7a1 	.word	0xa70cb7a1
20008998:	37894531 	.word	0x37894531
2000899c:	44b72700 	.word	0x44b72700
200089a0:	784784db 	.word	0x784784db
200089a4:	fb50a5cc 	.word	0xfb50a5cc
200089a8:	dfdc386f 	.word	0xdfdc386f
200089ac:	84dc684f 	.word	0x84dc684f
200089b0:	16d78610 	.word	0x16d78610
200089b4:	6327e290 	.word	0x6327e290
200089b8:	513f4a4f 	.word	0x513f4a4f
200089bc:	365e90af 	.word	0x365e90af
200089c0:	10ae2e8e 	.word	0x10ae2e8e
200089c4:	3eadd670 	.word	0x3eadd670
200089c8:	a8f5a66b 	.word	0xa8f5a66b
200089cc:	918c6411 	.word	0x918c6411
200089d0:	a68cac1e 	.word	0xa68cac1e
200089d4:	24b75f33 	.word	0x24b75f33
200089d8:	592e0b63 	.word	0x592e0b63
200089dc:	bba8ae1d 	.word	0xbba8ae1d
200089e0:	17c71ea7 	.word	0x17c71ea7
200089e4:	38f3a8e2 	.word	0x38f3a8e2
200089e8:	851f3677 	.word	0x851f3677
200089ec:	4b0b8f06 	.word	0x4b0b8f06
200089f0:	8fbe6f3f 	.word	0x8fbe6f3f
200089f4:	578f8657 	.word	0x578f8657
200089f8:	86568fce 	.word	0x86568fce
200089fc:	b44d0e31 	.word	0xb44d0e31
20008a00:	b2265fb3 	.word	0xb2265fb3
20008a04:	b10ea618 	.word	0xb10ea618
20008a08:	6277304b 	.word	0x6277304b
20008a0c:	00045fd5 	.word	0x00045fd5
20008a10:	4711bf25 	.word	0x4711bf25
20008a14:	533fdcc3 	.word	0x533fdcc3
20008a18:	e8c925c8 	.word	0xe8c925c8
20008a1c:	77451770 	.word	0x77451770
20008a20:	306e1edd 	.word	0x306e1edd
20008a24:	cf8b89ff 	.word	0xcf8b89ff
20008a28:	c4b7ca00 	.word	0xc4b7ca00
20008a2c:	bb1fb016 	.word	0xbb1fb016
20008a30:	6946ae1e 	.word	0x6946ae1e
20008a34:	67633c02 	.word	0x67633c02
20008a38:	89169a85 	.word	0x89169a85
20008a3c:	f1371704 	.word	0xf1371704
20008a40:	2462a3a4 	.word	0x2462a3a4
20008a44:	ca621795 	.word	0xca621795
20008a48:	1020e3d7 	.word	0x1020e3d7
20008a4c:	4761ce78 	.word	0x4761ce78
20008a50:	efc89fa9 	.word	0xefc89fa9
20008a54:	ff849fa1 	.word	0xff849fa1
20008a58:	ed37b705 	.word	0xed37b705
20008a5c:	0b9f702e 	.word	0x0b9f702e
20008a60:	866b4f71 	.word	0x866b4f71
20008a64:	0c26cfaf 	.word	0x0c26cfaf
20008a68:	182fa277 	.word	0x182fa277
20008a6c:	b71419a5 	.word	0xb71419a5
20008a70:	1f5fb780 	.word	0x1f5fb780
20008a74:	d8a43c15 	.word	0xd8a43c15
20008a78:	dcafa211 	.word	0xdcafa211
20008a7c:	5fba0516 	.word	0x5fba0516
20008a80:	011c3f16 	.word	0x011c3f16
20008a84:	0a1f8b00 	.word	0x0a1f8b00
20008a88:	282ea853 	.word	0x282ea853
20008a8c:	1060feb0 	.word	0x1060feb0
20008a90:	8c67ed16 	.word	0x8c67ed16
20008a94:	67ba0577 	.word	0x67ba0577
20008a98:	a0445758 	.word	0xa0445758
20008a9c:	67ea168e 	.word	0x67ea168e
20008aa0:	272d5716 	.word	0x272d5716
20008aa4:	5b704007 	.word	0x5b704007
20008aa8:	47606789 	.word	0x47606789
20008aac:	67e01610 	.word	0x67e01610
20008ab0:	63af11bb 	.word	0x63af11bb
20008ab4:	82d8460e 	.word	0x82d8460e
20008ab8:	50204606 	.word	0x50204606
20008abc:	a91602a8 	.word	0xa91602a8
20008ac0:	7f6390c7 	.word	0x7f6390c7
20008ac4:	304203ff 	.word	0x304203ff
20008ac8:	6b0111c0 	.word	0x6b0111c0
20008acc:	18b0c49f 	.word	0x18b0c49f
20008ad0:	0eacc79b 	.word	0x0eacc79b
20008ad4:	2111678a 	.word	0x2111678a
20008ad8:	014f7877 	.word	0x014f7877
20008adc:	8d81470f 	.word	0x8d81470f
20008ae0:	2eba3e25 	.word	0x2eba3e25
20008ae4:	007f57f7 	.word	0x007f57f7
20008ae8:	153389c3 	.word	0x153389c3
20008aec:	6500ba8f 	.word	0x6500ba8f
20008af0:	47b65b80 	.word	0x47b65b80
20008af4:	27dec646 	.word	0x27dec646
20008af8:	f6f54f8d 	.word	0xf6f54f8d
20008afc:	7f2dc2ff 	.word	0x7f2dc2ff
20008b00:	ac1f6f24 	.word	0xac1f6f24
20008b04:	245ed9a3 	.word	0x245ed9a3
20008b08:	32e3cd6f 	.word	0x32e3cd6f
20008b0c:	78202c43 	.word	0x78202c43
20008b10:	7010a327 	.word	0x7010a327
20008b14:	5c10d04f 	.word	0x5c10d04f
20008b18:	87998c8f 	.word	0x87998c8f
20008b1c:	5b9703b9 	.word	0x5b9703b9
20008b20:	d5fff1cf 	.word	0xd5fff1cf
20008b24:	03bf16e2 	.word	0x03bf16e2
20008b28:	871b5280 	.word	0x871b5280
20008b2c:	070c12e3 	.word	0x070c12e3
20008b30:	2526e2fe 	.word	0x2526e2fe
20008b34:	1202e0f0 	.word	0x1202e0f0
20008b38:	7e8cce34 	.word	0x7e8cce34
20008b3c:	a1970b00 	.word	0xa1970b00
20008b40:	1e474af0 	.word	0x1e474af0
20008b44:	0e0e863e 	.word	0x0e0e863e
20008b48:	2444e63b 	.word	0x2444e63b
20008b4c:	bc1f0e09 	.word	0xbc1f0e09
20008b50:	474bdd20 	.word	0x474bdd20
20008b54:	8d18b8d0 	.word	0x8d18b8d0
20008b58:	070fea6f 	.word	0x070fea6f
20008b5c:	9f06d1df 	.word	0x9f06d1df
20008b60:	f7d78490 	.word	0xf7d78490
20008b64:	26212cc2 	.word	0x26212cc2
20008b68:	d7003fe0 	.word	0xd7003fe0
20008b6c:	c0ae5129 	.word	0xc0ae5129
20008b70:	fcc2e62a 	.word	0xfcc2e62a
20008b74:	40dd348f 	.word	0x40dd348f
20008b78:	6e5d6f47 	.word	0x6e5d6f47
20008b7c:	368c0fd7 	.word	0x368c0fd7
20008b80:	d8f0ff5a 	.word	0xd8f0ff5a
20008b84:	8e1d0047 	.word	0x8e1d0047
20008b88:	534fae40 	.word	0x534fae40
20008b8c:	0479094e 	.word	0x0479094e
20008b90:	8f6239e0 	.word	0x8f6239e0
20008b94:	5cc67b56 	.word	0x5cc67b56
20008b98:	d604da4e 	.word	0xd604da4e
20008b9c:	d7dc0014 	.word	0xd7dc0014
20008ba0:	0770266d 	.word	0x0770266d
20008ba4:	03166047 	.word	0x03166047
20008ba8:	177cdbc6 	.word	0x177cdbc6
20008bac:	0e76c40b 	.word	0x0e76c40b
20008bb0:	e05f7d07 	.word	0xe05f7d07
20008bb4:	e2a6da01 	.word	0xe2a6da01
20008bb8:	1fbe0b26 	.word	0x1fbe0b26
20008bbc:	1084dd98 	.word	0x1084dd98
20008bc0:	4f2ef784 	.word	0x4f2ef784
20008bc4:	a4377754 	.word	0xa4377754
20008bc8:	5234a42e 	.word	0x5234a42e
20008bcc:	e1c6b367 	.word	0xe1c6b367
20008bd0:	d225ddb0 	.word	0xd225ddb0
20008bd4:	be8512df 	.word	0xbe8512df
20008bd8:	56ddaabc 	.word	0x56ddaabc
20008bdc:	c42ed5bc 	.word	0xc42ed5bc
20008be0:	efdc2de0 	.word	0xefdc2de0
20008be4:	17173e94 	.word	0x17173e94
20008be8:	28efdc02 	.word	0x28efdc02
20008bec:	04445f86 	.word	0x04445f86
20008bf0:	ae1e77a6 	.word	0xae1e77a6
20008bf4:	8f1d1697 	.word	0x8f1d1697
20008bf8:	6889c7a2 	.word	0x6889c7a2
20008bfc:	ffff1c67 	.word	0xffff1c67
20008c00:	803ead96 	.word	0x803ead96
20008c04:	cf081b67 	.word	0xcf081b67
20008c08:	13202003 	.word	0x13202003
20008c0c:	c68a26f8 	.word	0xc68a26f8
20008c10:	8db72fe2 	.word	0x8db72fe2
20008c14:	ef150081 	.word	0xef150081
20008c18:	8edb06d3 	.word	0x8edb06d3
20008c1c:	5eaee026 	.word	0x5eaee026
20008c20:	21274c0f 	.word	0x21274c0f
20008c24:	0242277e 	.word	0x0242277e
20008c28:	0936e7dc 	.word	0x0936e7dc
20008c2c:	b457ddbf 	.word	0xb457ddbf
20008c30:	8ea311e9 	.word	0x8ea311e9
20008c34:	5f6087a1 	.word	0x5f6087a1
20008c38:	900b0464 	.word	0x900b0464
20008c3c:	78012e23 	.word	0x78012e23
20008c40:	4f121812 	.word	0x4f121812
20008c44:	c623bf9c 	.word	0xc623bf9c
20008c48:	96ef8f54 	.word	0x96ef8f54
20008c4c:	400a58a2 	.word	0x400a58a2
20008c50:	047facb8 	.word	0x047facb8
20008c54:	801ae7e8 	.word	0x801ae7e8
20008c58:	d105d73e 	.word	0xd105d73e
20008c5c:	6b00a206 	.word	0x6b00a206
20008c60:	1e06b8ef 	.word	0x1e06b8ef
20008c64:	a226b58a 	.word	0xa226b58a
20008c68:	2b27a505 	.word	0x2b27a505
20008c6c:	ac434eb5 	.word	0xac434eb5
20008c70:	0d130fc3 	.word	0x0d130fc3
20008c74:	46586027 	.word	0x46586027
20008c78:	1e341e16 	.word	0x1e341e16
20008c7c:	36f4169e 	.word	0x36f4169e
20008c80:	1da9ee15 	.word	0x1da9ee15
20008c84:	02bf11ff 	.word	0x02bf11ff
20008c88:	d811a03f 	.word	0xd811a03f
20008c8c:	1637a082 	.word	0x1637a082
20008c90:	2484dc1e 	.word	0x2484dc1e
20008c94:	ab3609bf 	.word	0xab3609bf
20008c98:	1faf032e 	.word	0x1faf032e
20008c9c:	a7000002 	.word	0xa7000002
20008ca0:	0111c4c7 	.word	0x0111c4c7
20008ca4:	4f0c5762 	.word	0x4f0c5762
20008ca8:	0aaf045e 	.word	0x0aaf045e
20008cac:	fe9e0fb6 	.word	0xfe9e0fb6
20008cb0:	0c4757cc 	.word	0x0c4757cc
20008cb4:	5b40f72a 	.word	0x5b40f72a
20008cb8:	175007ac 	.word	0x175007ac
20008cbc:	98670181 	.word	0x98670181
20008cc0:	07ba0516 	.word	0x07ba0516
20008cc4:	ff1c3f16 	.word	0xff1c3f16
20008cc8:	dc0296ff 	.word	0xdc0296ff
20008ccc:	f71f8507 	.word	0xf71f8507
20008cd0:	b78c8062 	.word	0xb78c8062
20008cd4:	80b01707 	.word	0x80b01707
20008cd8:	1e3f1511 	.word	0x1e3f1511
20008cdc:	4fc4ff84 	.word	0x4fc4ff84
20008ce0:	3fc0cfb9 	.word	0x3fc0cfb9
20008ce4:	7d06f02d 	.word	0x7d06f02d
20008ce8:	c773bf39 	.word	0xc773bf39
20008cec:	c9604226 	.word	0xc9604226
20008cf0:	cfc18785 	.word	0xcfc18785
20008cf4:	4f73be4f 	.word	0x4f73be4f
20008cf8:	6eea03ff 	.word	0x6eea03ff
20008cfc:	6ee07a37 	.word	0x6ee07a37
20008d00:	8517ee5b 	.word	0x8517ee5b
20008d04:	4672a13f 	.word	0x4672a13f
20008d08:	fe7e76af 	.word	0xfe7e76af
20008d0c:	7c059e2e 	.word	0x7c059e2e
20008d10:	260fd60c 	.word	0x260fd60c
20008d14:	07b79180 	.word	0x07b79180
20008d18:	fe88af13 	.word	0xfe88af13
20008d1c:	830897a9 	.word	0x830897a9
20008d20:	39a0a72e 	.word	0x39a0a72e
20008d24:	d307c42d 	.word	0xd307c42d
20008d28:	a87cdf40 	.word	0xa87cdf40
20008d2c:	af30e211 	.word	0xaf30e211
20008d30:	dd021e6e 	.word	0xdd021e6e
20008d34:	3ead0807 	.word	0x3ead0807
20008d38:	4f8526be 	.word	0x4f8526be
20008d3c:	0386d44d 	.word	0x0386d44d
20008d40:	0820ffc4 	.word	0x0820ffc4
20008d44:	57d59742 	.word	0x57d59742
20008d48:	3716efa6 	.word	0x3716efa6
20008d4c:	06b70e2c 	.word	0x06b70e2c
20008d50:	bf5c940f 	.word	0xbf5c940f
20008d54:	6083c43a 	.word	0x6083c43a
20008d58:	0e4010b7 	.word	0x0e4010b7
20008d5c:	60f7402d 	.word	0x60f7402d
20008d60:	1747d625 	.word	0x1747d625
20008d64:	3804704f 	.word	0x3804704f
20008d68:	000a9caf 	.word	0x000a9caf
20008d6c:	f67827b7 	.word	0xf67827b7
20008d70:	e11000fc 	.word	0xe11000fc
20008d74:	806f166f 	.word	0x806f166f
20008d78:	323fb7be 	.word	0x323fb7be
20008d7c:	86f413c2 	.word	0x86f413c2
20008d80:	ea7687ff 	.word	0xea7687ff
20008d84:	e0602ffc 	.word	0xe0602ffc
20008d88:	19afc861 	.word	0x19afc861
20008d8c:	8825fef0 	.word	0x8825fef0
20008d90:	50afff30 	.word	0x50afff30
20008d94:	2480840a 	.word	0x2480840a
20008d98:	23638f93 	.word	0x23638f93
20008d9c:	66e20d67 	.word	0x66e20d67
20008da0:	d5a0b647 	.word	0xd5a0b647
20008da4:	020e0f2f 	.word	0x020e0f2f
20008da8:	de8bd712 	.word	0xde8bd712
20008dac:	f0029226 	.word	0xf0029226
20008db0:	e196466f 	.word	0xe196466f
20008db4:	3f1b00a7 	.word	0x3f1b00a7
20008db8:	248184dd 	.word	0x248184dd
20008dbc:	1559cf9b 	.word	0x1559cf9b
20008dc0:	6f3585d7 	.word	0x6f3585d7
20008dc4:	08c4476e 	.word	0x08c4476e
20008dc8:	0f9899de 	.word	0x0f9899de
20008dcc:	df779180 	.word	0xdf779180
20008dd0:	5824c110 	.word	0x5824c110
20008dd4:	5d9c7217 	.word	0x5d9c7217
20008dd8:	bade06a0 	.word	0xbade06a0
20008ddc:	e0d15634 	.word	0xe0d15634
20008de0:	ef6aa476 	.word	0xef6aa476
20008de4:	8f8e3456 	.word	0x8f8e3456
20008de8:	ac00106e 	.word	0xac00106e
20008dec:	914f42b2 	.word	0x914f42b2
20008df0:	1920e487 	.word	0x1920e487
20008df4:	2028fb0b 	.word	0x2028fb0b
20008df8:	5c0ddf02 	.word	0x5c0ddf02
20008dfc:	86b486c4 	.word	0x86b486c4
20008e00:	b2573e04 	.word	0xb2573e04
20008e04:	10c6eb8f 	.word	0x10c6eb8f
20008e08:	2fa8c14f 	.word	0x2fa8c14f
20008e0c:	4efa905d 	.word	0x4efa905d
20008e10:	56071226 	.word	0x56071226
20008e14:	b5178067 	.word	0xb5178067
20008e18:	6e1e084f 	.word	0x6e1e084f
20008e1c:	b8ef3fa7 	.word	0xb8ef3fa7
20008e20:	9059803e 	.word	0x9059803e
20008e24:	f876332f 	.word	0xf876332f
20008e28:	260433d8 	.word	0x260433d8
20008e2c:	358c4755 	.word	0x358c4755
20008e30:	07aba51e 	.word	0x07aba51e
20008e34:	093f0b08 	.word	0x093f0b08
20008e38:	26933760 	.word	0x26933760
20008e3c:	e43ebb09 	.word	0xe43ebb09
20008e40:	03848cde 	.word	0x03848cde
20008e44:	1ede0c7f 	.word	0x1ede0c7f
20008e48:	cff702df 	.word	0xcff702df
20008e4c:	2705057f 	.word	0x2705057f
20008e50:	da2157c1 	.word	0xda2157c1
20008e54:	48def427 	.word	0x48def427
20008e58:	df2c2f8f 	.word	0xdf2c2f8f
20008e5c:	4fcfee03 	.word	0x4fcfee03
20008e60:	e7700f16 	.word	0xe7700f16
20008e64:	3fa53eab 	.word	0x3fa53eab
20008e68:	261026db 	.word	0x261026db
20008e6c:	9f4e70a1 	.word	0x9f4e70a1
20008e70:	fd0033e8 	.word	0xfd0033e8
20008e74:	0bae1226 	.word	0x0bae1226
20008e78:	aec878ae 	.word	0xaec878ae
20008e7c:	c8a157a5 	.word	0xc8a157a5
20008e80:	cf786de4 	.word	0xcf786de4
20008e84:	56e101a2 	.word	0x56e101a2
20008e88:	61572a1c 	.word	0x61572a1c
20008e8c:	4ebfb020 	.word	0x4ebfb020
20008e90:	e7afbf77 	.word	0xe7afbf77
20008e94:	3b089757 	.word	0x3b089757
20008e98:	df58c1d7 	.word	0xdf58c1d7
20008e9c:	6e7f3757 	.word	0x6e7f3757
20008ea0:	dd0af704 	.word	0xdd0af704
20008ea4:	28255e3f 	.word	0x28255e3f
20008ea8:	f7c30f95 	.word	0xf7c30f95
20008eac:	6c3f752b 	.word	0x6c3f752b
20008eb0:	df78e477 	.word	0xdf78e477
20008eb4:	5e570540 	.word	0x5e570540
20008eb8:	ef29fe38 	.word	0xef29fe38
20008ebc:	8406484c 	.word	0x8406484c
20008ec0:	5e9c77b7 	.word	0x5e9c77b7
20008ec4:	862ac489 	.word	0x862ac489
20008ec8:	96a524b0 	.word	0x96a524b0
20008ecc:	afb3b0dc 	.word	0xafb3b0dc
20008ed0:	8e5149a8 	.word	0x8e5149a8
20008ed4:	501627a4 	.word	0x501627a4
20008ed8:	7ea2d2c0 	.word	0x7ea2d2c0
20008edc:	99d64abc 	.word	0x99d64abc
20008ee0:	b4afd1b8 	.word	0xb4afd1b8
20008ee4:	1c52de25 	.word	0x1c52de25
20008ee8:	5c006fa4 	.word	0x5c006fa4
20008eec:	673eb41f 	.word	0x673eb41f
20008ef0:	147f1e12 	.word	0x147f1e12
20008ef4:	fe134e30 	.word	0xfe134e30
20008ef8:	05e030e0 	.word	0x05e030e0
20008efc:	73e0fe58 	.word	0x73e0fe58
20008f00:	09df5949 	.word	0x09df5949
20008f04:	98eaaf9a 	.word	0x98eaaf9a
20008f08:	0880ff10 	.word	0x0880ff10
20008f0c:	c036eabf 	.word	0xc036eabf
20008f10:	1ade466e 	.word	0x1ade466e
20008f14:	ce83471e 	.word	0xce83471e
20008f18:	e1878105 	.word	0xe1878105
20008f1c:	bf27b7d4 	.word	0xbf27b7d4
20008f20:	f70c0f40 	.word	0xf70c0f40
20008f24:	264240ed 	.word	0x264240ed
20008f28:	77d6b2eb 	.word	0x77d6b2eb
20008f2c:	6d00a7c2 	.word	0x6d00a7c2
20008f30:	2fa7a567 	.word	0x2fa7a567
20008f34:	3c11e216 	.word	0x3c11e216
20008f38:	46c6c2f9 	.word	0x46c6c2f9
20008f3c:	44b738b6 	.word	0x44b738b6
20008f40:	038287c7 	.word	0x038287c7
20008f44:	7076d367 	.word	0x7076d367
20008f48:	1184e198 	.word	0x1184e198
20008f4c:	2318f047 	.word	0x2318f047
20008f50:	6263be91 	.word	0x6263be91
20008f54:	005784ac 	.word	0x005784ac
20008f58:	8602b77a 	.word	0x8602b77a
20008f5c:	af1b00df 	.word	0xaf1b00df
20008f60:	02dc2288 	.word	0x02dc2288
20008f64:	0a49e62e 	.word	0x0a49e62e
20008f68:	b6d8ae26 	.word	0xb6d8ae26
20008f6c:	4678ae22 	.word	0x4678ae22
20008f70:	8f26798f 	.word	0x8f26798f
20008f74:	8f878fe7 	.word	0x8f878fe7
20008f78:	668f871e 	.word	0x668f871e
20008f7c:	798f8f9e 	.word	0x798f8f9e
20008f80:	a08ff18f 	.word	0xa08ff18f
20008f84:	c833ff25 	.word	0xc833ff25
20008f88:	81499b42 	.word	0x81499b42
20008f8c:	a668e666 	.word	0xa668e666
20008f90:	9ac67d83 	.word	0x9ac67d83
20008f94:	009916fc 	.word	0x009916fc
20008f98:	600083a7 	.word	0x600083a7
20008f9c:	0e3717af 	.word	0x0e3717af
20008fa0:	3ef40240 	.word	0x3ef40240
20008fa4:	0e38828f 	.word	0x0e38828f
20008fa8:	e09e8cb5 	.word	0xe09e8cb5
20008fac:	1257522f 	.word	0x1257522f
20008fb0:	66863fba 	.word	0x66863fba
20008fb4:	f0a0e713 	.word	0xf0a0e713
20008fb8:	03d1e71b 	.word	0x03d1e71b
20008fbc:	3f8dc380 	.word	0x3f8dc380
20008fc0:	38ac8943 	.word	0x38ac8943
20008fc4:	a4011e7f 	.word	0xa4011e7f
20008fc8:	65271827 	.word	0x65271827
20008fcc:	6801563f 	.word	0x6801563f
20008fd0:	56ced6af 	.word	0x56ced6af
20008fd4:	27d75cdf 	.word	0x27d75cdf
20008fd8:	05379821 	.word	0x05379821
20008fdc:	6080a8be 	.word	0x6080a8be
20008fe0:	b618471c 	.word	0xb618471c
20008fe4:	40168820 	.word	0x40168820
20008fe8:	97608656 	.word	0x97608656
20008fec:	fa969fb5 	.word	0xfa969fb5
20008ff0:	ba9684ff 	.word	0xba9684ff
20008ff4:	2814b58e 	.word	0x2814b58e
20008ff8:	16391446 	.word	0x16391446
20008ffc:	3c15ff14 	.word	0x3c15ff14
20009000:	023ef021 	.word	0x023ef021
20009004:	94da2f5e 	.word	0x94da2f5e
20009008:	fc122ee0 	.word	0xfc122ee0
2000900c:	34b02176 	.word	0x34b02176
20009010:	420e5800 	.word	0x420e5800
20009014:	0e0f2126 	.word	0x0e0f2126
20009018:	987f76cf 	.word	0x987f76cf
2000901c:	72bfb501 	.word	0x72bfb501
20009020:	94078146 	.word	0x94078146
20009024:	b745bf2e 	.word	0xb745bf2e
20009028:	00973d0f 	.word	0x00973d0f
2000902c:	a71921a4 	.word	0xa71921a4
20009030:	5f1082dc 	.word	0x5f1082dc
20009034:	28976c20 	.word	0x28976c20
20009038:	d5466f7a 	.word	0xd5466f7a
2000903c:	3f0f4096 	.word	0x3f0f4096
20009040:	84e0bcf7 	.word	0x84e0bcf7
20009044:	8fb93e24 	.word	0x8fb93e24
20009048:	a666b12f 	.word	0xa666b12f
2000904c:	e76e2493 	.word	0xe76e2493
20009050:	0f2ef7e8 	.word	0x0f2ef7e8
20009054:	ce7480ee 	.word	0xce7480ee
20009058:	185a5736 	.word	0x185a5736
2000905c:	9aa65c97 	.word	0x9aa65c97
20009060:	cd8fc825 	.word	0xcd8fc825
20009064:	eff0978e 	.word	0xeff0978e
20009068:	303404ff 	.word	0x303404ff
2000906c:	3c2056b4 	.word	0x3c2056b4
20009070:	890444df 	.word	0x890444df
20009074:	270f1ab7 	.word	0x270f1ab7
20009078:	974dae40 	.word	0x974dae40
2000907c:	1a6e5077 	.word	0x1a6e5077
20009080:	26b176d6 	.word	0x26b176d6
20009084:	c1de30b6 	.word	0xc1de30b6
20009088:	c33250ec 	.word	0xc33250ec
2000908c:	86afd739 	.word	0x86afd739
20009090:	4246c614 	.word	0x4246c614
20009094:	a2702727 	.word	0xa2702727
20009098:	070b2293 	.word	0x070b2293
2000909c:	4f1744a4 	.word	0x4f1744a4
200090a0:	7ff1a2a0 	.word	0x7ff1a2a0
200090a4:	2e8e81af 	.word	0x2e8e81af
200090a8:	2c84c4f6 	.word	0x2c84c4f6
200090ac:	5f96e388 	.word	0x5f96e388
200090b0:	424f4300 	.word	0x424f4300
200090b4:	b7132ca1 	.word	0xb7132ca1
200090b8:	2f374c48 	.word	0x2f374c48
200090bc:	966cae16 	.word	0x966cae16
200090c0:	600197c4 	.word	0x600197c4
200090c4:	02efc30e 	.word	0x02efc30e
200090c8:	572007ff 	.word	0x572007ff
200090cc:	b3bf3901 	.word	0xb3bf3901
200090d0:	0e02240e 	.word	0x0e02240e
200090d4:	11688ce6 	.word	0x11688ce6
200090d8:	006c7a8e 	.word	0x006c7a8e
200090dc:	dee8ac53 	.word	0xdee8ac53
200090e0:	81d707c4 	.word	0x81d707c4
200090e4:	3747813d 	.word	0x3747813d
200090e8:	c2e12770 	.word	0xc2e12770
200090ec:	df560c8f 	.word	0xdf560c8f
200090f0:	e9d31ed0 	.word	0xe9d31ed0
200090f4:	b1de94de 	.word	0xb1de94de
200090f8:	a06649ee 	.word	0xa06649ee
200090fc:	de859ae6 	.word	0xde859ae6
20009100:	27dee876 	.word	0x27dee876
20009104:	b530978e 	.word	0xb530978e
20009108:	000ff8b7 	.word	0x000ff8b7
2000910c:	57960a07 	.word	0x57960a07
20009110:	818f0ebe 	.word	0x818f0ebe
20009114:	33b73344 	.word	0x33b73344
20009118:	86044160 	.word	0x86044160
2000911c:	955326c0 	.word	0x955326c0
20009120:	42b6a3cf 	.word	0x42b6a3cf
20009124:	2b2eb88c 	.word	0x2b2eb88c
20009128:	63023e4d 	.word	0x63023e4d
2000912c:	aca3c227 	.word	0xaca3c227
20009130:	f0f2fe17 	.word	0xf0f2fe17
20009134:	6014c7ff 	.word	0x6014c7ff
20009138:	21b7966c 	.word	0x21b7966c
2000913c:	4f858fc9 	.word	0x4f858fc9
20009140:	4e2646a0 	.word	0x4e2646a0
20009144:	3d258126 	.word	0x3d258126
20009148:	a60f68ef 	.word	0xa60f68ef
2000914c:	00ffc414 	.word	0x00ffc414
20009150:	82214f4d 	.word	0x82214f4d
20009154:	0fd6ffb6 	.word	0x0fd6ffb6
20009158:	8a1222ff 	.word	0x8a1222ff
2000915c:	26aa767c 	.word	0x26aa767c
20009160:	0f2064b7 	.word	0x0f2064b7
20009164:	00d4fef6 	.word	0x00d4fef6
20009168:	26e77b10 	.word	0x26e77b10
2000916c:	36178d54 	.word	0x36178d54
20009170:	573c09e1 	.word	0x573c09e1
20009174:	ace6d82c 	.word	0xace6d82c
20009178:	57729924 	.word	0x57729924
2000917c:	16be0617 	.word	0x16be0617
20009180:	9426dcac 	.word	0x9426dcac
20009184:	8e0f82a7 	.word	0x8e0f82a7
20009188:	965c6110 	.word	0x965c6110
2000918c:	6f0b8c45 	.word	0x6f0b8c45
20009190:	cd7e7466 	.word	0xcd7e7466
20009194:	3e018397 	.word	0x3e018397
20009198:	37361007 	.word	0x37361007
2000919c:	a1962442 	.word	0xa1962442
200091a0:	972f09e7 	.word	0x972f09e7
200091a4:	c0671500 	.word	0xc0671500
200091a8:	04d35fc5 	.word	0x04d35fc5
200091ac:	2d117557 	.word	0x2d117557
200091b0:	70111117 	.word	0x70111117
200091b4:	e1d40e2f 	.word	0xe1d40e2f
200091b8:	d4e1b703 	.word	0xd4e1b703
200091bc:	b48bfe50 	.word	0xb48bfe50
200091c0:	0567b53f 	.word	0x0567b53f
200091c4:	2ef07ac0 	.word	0x2ef07ac0
200091c8:	12c7c61b 	.word	0x12c7c61b
200091cc:	8767b001 	.word	0x8767b001
200091d0:	13e140fe 	.word	0x13e140fe
200091d4:	e60fcfe1 	.word	0xe60fcfe1
200091d8:	ae20766c 	.word	0xae20766c
200091dc:	c457452d 	.word	0xc457452d
200091e0:	32e75d0c 	.word	0x32e75d0c
200091e4:	68ce9ae9 	.word	0x68ce9ae9
200091e8:	0e94760e 	.word	0x0e94760e
200091ec:	760e785e 	.word	0x760e785e
200091f0:	31707874 	.word	0x31707874
200091f4:	be78506e 	.word	0xbe78506e
200091f8:	b7feae24 	.word	0xb7feae24
200091fc:	680088af 	.word	0x680088af
20009200:	9a01845e 	.word	0x9a01845e
20009204:	80b4ca16 	.word	0x80b4ca16
20009208:	007cf777 	.word	0x007cf777
2000920c:	8f535ab3 	.word	0x8f535ab3
20009210:	d03cdf12 	.word	0xd03cdf12
20009214:	3cad100f 	.word	0x3cad100f
20009218:	4e53af2b 	.word	0x4e53af2b
2000921c:	af5810df 	.word	0xaf5810df
20009220:	1777188b 	.word	0x1777188b
20009224:	e28110af 	.word	0xe28110af
20009228:	42be670b 	.word	0x42be670b
2000922c:	6000d8f7 	.word	0x6000d8f7
20009230:	7da69126 	.word	0x7da69126
20009234:	2211dc0c 	.word	0x2211dc0c
20009238:	c79e60a2 	.word	0xc79e60a2
2000923c:	a076b0b6 	.word	0xa076b0b6
20009240:	afa2ce3c 	.word	0xafa2ce3c
20009244:	02e14f2b 	.word	0x02e14f2b
20009248:	3497d03c 	.word	0x3497d03c
2000924c:	ce071e60 	.word	0xce071e60
20009250:	060a90c2 	.word	0x060a90c2
20009254:	c0e6c006 	.word	0xc0e6c006
20009258:	4066b607 	.word	0x4066b607
2000925c:	4444e7ae 	.word	0x4444e7ae
20009260:	21df936e 	.word	0x21df936e
20009264:	2671f6b5 	.word	0x2671f6b5
20009268:	d60bff35 	.word	0xd60bff35
2000926c:	8e2376b6 	.word	0x8e2376b6
20009270:	8e61a603 	.word	0x8e61a603
20009274:	2c7e15da 	.word	0x2c7e15da
20009278:	42dd8eea 	.word	0x42dd8eea
2000927c:	0b509867 	.word	0x0b509867
20009280:	e4edef74 	.word	0xe4edef74
20009284:	91e04e05 	.word	0x91e04e05
20009288:	dd1f7405 	.word	0xdd1f7405
2000928c:	b097d30d 	.word	0xb097d30d
20009290:	f0484f6d 	.word	0xf0484f6d
20009294:	efe1b0b7 	.word	0xefe1b0b7
20009298:	ac301e71 	.word	0xac301e71
2000929c:	7820b0ae 	.word	0x7820b0ae
200092a0:	c8362016 	.word	0xc8362016
200092a4:	01364eec 	.word	0x01364eec
200092a8:	e2f476b8 	.word	0xe2f476b8
200092ac:	15960d52 	.word	0x15960d52
200092b0:	e2d024e0 	.word	0xe2d024e0
200092b4:	ceadbe10 	.word	0xceadbe10
200092b8:	70248ed7 	.word	0x70248ed7
200092bc:	a89e23cf 	.word	0xa89e23cf
200092c0:	80e2ae2e 	.word	0x80e2ae2e
200092c4:	3e50be65 	.word	0x3e50be65
200092c8:	0a36bcce 	.word	0x0a36bcce
200092cc:	d57e1526 	.word	0xd57e1526
200092d0:	1ed4aea4 	.word	0x1ed4aea4
200092d4:	6b278103 	.word	0x6b278103
200092d8:	a79f7044 	.word	0xa79f7044
200092dc:	172e345e 	.word	0x172e345e
200092e0:	26d6a677 	.word	0x26d6a677
200092e4:	07981020 	.word	0x07981020
200092e8:	1f9f5a09 	.word	0x1f9f5a09
200092ec:	24a5e308 	.word	0x24a5e308
200092f0:	0d877609 	.word	0x0d877609
200092f4:	90010f0f 	.word	0x90010f0f
200092f8:	141f0d27 	.word	0x141f0d27
200092fc:	2484e3e1 	.word	0x2484e3e1
20009300:	5dc40722 	.word	0x5dc40722
20009304:	778fd5d7 	.word	0x778fd5d7
20009308:	13d9f378 	.word	0x13d9f378
2000930c:	0c716f10 	.word	0x0c716f10
20009310:	7648a799 	.word	0x7648a799
20009314:	28273daf 	.word	0x28273daf
20009318:	482c7e78 	.word	0x482c7e78
2000931c:	e77a8738 	.word	0xe77a8738
20009320:	3efc0462 	.word	0x3efc0462
20009324:	4f5f0e8f 	.word	0x4f5f0e8f
20009328:	5777ac62 	.word	0x5777ac62
2000932c:	53e311cc 	.word	0x53e311cc
20009330:	9c288fd5 	.word	0x9c288fd5
20009334:	d1262b3f 	.word	0xd1262b3f
20009338:	27f51911 	.word	0x27f51911
2000933c:	4de6282a 	.word	0x4de6282a
20009340:	8e66d77d 	.word	0x8e66d77d
20009344:	a04026b8 	.word	0xa04026b8
20009348:	25867ccc 	.word	0x25867ccc
2000934c:	8da610a0 	.word	0x8da610a0
20009350:	21e01c66 	.word	0x21e01c66
20009354:	fe41c298 	.word	0xfe41c298
20009358:	a023288e 	.word	0xa023288e
2000935c:	c6972606 	.word	0xc6972606
20009360:	df3c0316 	.word	0xdf3c0316
20009364:	155fd740 	.word	0x155fd740
20009368:	979c3c84 	.word	0x979c3c84
2000936c:	44b72792 	.word	0x44b72792
20009370:	26a4f6e3 	.word	0x26a4f6e3
20009374:	953f05dc 	.word	0x953f05dc
20009378:	a0977702 	.word	0xa0977702
2000937c:	376103c0 	.word	0x376103c0
20009380:	70677103 	.word	0x70677103
20009384:	ff667a60 	.word	0xff667a60
20009388:	a6c717ff 	.word	0xa6c717ff
2000938c:	16fdfe7f 	.word	0x16fdfe7f
20009390:	ae5423a0 	.word	0xae5423a0
20009394:	ac06a19c 	.word	0xac06a19c
20009398:	4da10fa1 	.word	0x4da10fa1
2000939c:	8605e729 	.word	0x8605e729
200093a0:	49b77ff3 	.word	0x49b77ff3
200093a4:	16866200 	.word	0x16866200
200093a8:	7761102f 	.word	0x7761102f
200093ac:	16a0d7bb 	.word	0x16a0d7bb
200093b0:	0b447fcf 	.word	0x0b447fcf
200093b4:	968eb442 	.word	0x968eb442
200093b8:	5f0c0865 	.word	0x5f0c0865
200093bc:	fef516e9 	.word	0xfef516e9
200093c0:	0fe62404 	.word	0x0fe62404
200093c4:	24a6e21e 	.word	0x24a6e21e
200093c8:	87486403 	.word	0x87486403
200093cc:	36915e4e 	.word	0x36915e4e
200093d0:	48d603d8 	.word	0x48d603d8
200093d4:	c0bcc7b9 	.word	0xc0bcc7b9
200093d8:	86bf0c27 	.word	0x86bf0c27
200093dc:	e201fff6 	.word	0xe201fff6
200093e0:	775e698f 	.word	0x775e698f
200093e4:	87350b44 	.word	0x87350b44
200093e8:	0502c71b 	.word	0x0502c71b
200093ec:	be6e6267 	.word	0xbe6e6267
200093f0:	c2478cb9 	.word	0xc2478cb9
200093f4:	c47e06c7 	.word	0xc47e06c7
200093f8:	97db0328 	.word	0x97db0328
200093fc:	15099f9f 	.word	0x15099f9f
20009400:	1444f487 	.word	0x1444f487
20009404:	c7ddf708 	.word	0xc7ddf708
20009408:	33269873 	.word	0x33269873
2000940c:	c798579e 	.word	0xc798579e
20009410:	7118a716 	.word	0x7118a716
20009414:	ca765041 	.word	0xca765041
20009418:	3f33fe18 	.word	0x3f33fe18
2000941c:	efb408f7 	.word	0xefb408f7
20009420:	608f7704 	.word	0x608f7704
20009424:	0180e491 	.word	0x0180e491
20009428:	924a3fb5 	.word	0x924a3fb5
2000942c:	6e3737b0 	.word	0x6e3737b0
20009430:	4f4d8e44 	.word	0x4f4d8e44
20009434:	d807dc8c 	.word	0xd807dc8c
20009438:	e25e8f37 	.word	0xe25e8f37
2000943c:	0c184002 	.word	0x0c184002
20009440:	b15b0f5a 	.word	0xb15b0f5a
20009444:	203e564f 	.word	0x203e564f
20009448:	0902a12a 	.word	0x0902a12a
2000944c:	3ed1205e 	.word	0x3ed1205e
20009450:	2de0a978 	.word	0x2de0a978
20009454:	d70666f4 	.word	0xd70666f4
20009458:	b65f2777 	.word	0xb65f2777
2000945c:	6e180168 	.word	0x6e180168
20009460:	4c0466c6 	.word	0x4c0466c6
20009464:	56818477 	.word	0x56818477
20009468:	84e298fd 	.word	0x84e298fd
2000946c:	4f8b0724 	.word	0x4f8b0724
20009470:	243fc0b7 	.word	0x243fc0b7
20009474:	af2eec02 	.word	0xaf2eec02
20009478:	1e21c017 	.word	0x1e21c017
2000947c:	2c2ef1b6 	.word	0x2c2ef1b6
20009480:	121ebf9d 	.word	0x121ebf9d
20009484:	26c05f91 	.word	0x26c05f91
20009488:	c0eaf70b 	.word	0xc0eaf70b
2000948c:	29875603 	.word	0x29875603
20009490:	5c566bee 	.word	0x5c566bee
20009494:	750ed40e 	.word	0x750ed40e
20009498:	2e168e3a 	.word	0x2e168e3a
2000949c:	a892c036 	.word	0xa892c036
200094a0:	c111b6ee 	.word	0xc111b6ee
200094a4:	10efd07f 	.word	0x10efd07f
200094a8:	1269ee23 	.word	0x1269ee23
200094ac:	640795a8 	.word	0x640795a8
200094b0:	b6063d6f 	.word	0xb6063d6f
200094b4:	5e2ec346 	.word	0x5e2ec346
200094b8:	7f8e62e1 	.word	0x7f8e62e1
200094bc:	050286e2 	.word	0x050286e2
200094c0:	801e57cb 	.word	0x801e57cb
200094c4:	11d02f7f 	.word	0x11d02f7f
200094c8:	2f1ca282 	.word	0x2f1ca282
200094cc:	e05f7628 	.word	0xe05f7628
200094d0:	c0c0da57 	.word	0xc0c0da57
200094d4:	b4f74512 	.word	0xb4f74512
200094d8:	d7026057 	.word	0xd7026057
200094dc:	63033696 	.word	0x63033696
200094e0:	16a0d0a6 	.word	0x16a0d0a6
200094e4:	da0c6687 	.word	0xda0c6687
200094e8:	99576200 	.word	0x99576200
200094ec:	2e1d1540 	.word	0x2e1d1540
200094f0:	b6a45798 	.word	0xb6a45798
200094f4:	f4da4e9e 	.word	0xf4da4e9e
200094f8:	6b9157ff 	.word	0x6b9157ff
200094fc:	8456193f 	.word	0x8456193f
20009500:	56a20e63 	.word	0x56a20e63
20009504:	572f6648 	.word	0x572f6648
20009508:	047f275c 	.word	0x047f275c
2000950c:	0e101f5c 	.word	0x0e101f5c
20009510:	229641a7 	.word	0x229641a7
20009514:	0860f5d6 	.word	0x0860f5d6
20009518:	5e1c26b5 	.word	0x5e1c26b5
2000951c:	0a0fad20 	.word	0x0a0fad20
20009520:	a708c68c 	.word	0xa708c68c
20009524:	88268311 	.word	0x88268311
20009528:	bf58fe3d 	.word	0xbf58fe3d
2000952c:	cf7e4f0c 	.word	0xcf7e4f0c
20009530:	020e28bd 	.word	0x020e28bd
20009534:	e6e9d756 	.word	0xe6e9d756
20009538:	a22e771a 	.word	0xa22e771a
2000953c:	deb63fe5 	.word	0xdeb63fe5
20009540:	c4268e46 	.word	0xc4268e46
20009544:	47bca280 	.word	0x47bca280
20009548:	03ae18d4 	.word	0x03ae18d4
2000954c:	3a84a73d 	.word	0x3a84a73d
20009550:	0b45a687 	.word	0x0b45a687
20009554:	af16afc1 	.word	0xaf16afc1
20009558:	71320f0c 	.word	0x71320f0c
2000955c:	e4476a06 	.word	0xe4476a06
20009560:	c37636b6 	.word	0xc37636b6
20009564:	84678e45 	.word	0x84678e45
20009568:	021ea319 	.word	0x021ea319
2000956c:	5a47d805 	.word	0x5a47d805
20009570:	194087b6 	.word	0x194087b6
20009574:	7e163690 	.word	0x7e163690
20009578:	70164504 	.word	0x70164504
2000957c:	06a600c1 	.word	0x06a600c1
20009580:	26dda5c0 	.word	0x26dda5c0
20009584:	6caf5726 	.word	0x6caf5726
20009588:	0c022526 	.word	0x0c022526
2000958c:	6ccfdecf 	.word	0x6ccfdecf
20009590:	14005476 	.word	0x14005476
20009594:	8c47e8c7 	.word	0x8c47e8c7
20009598:	8c468eb8 	.word	0x8c468eb8
2000959c:	ebf64c24 	.word	0xebf64c24
200095a0:	8386284f 	.word	0x8386284f
200095a4:	ce8b051f 	.word	0xce8b051f
200095a8:	0ba5888e 	.word	0x0ba5888e
200095ac:	9c0a0f58 	.word	0x9c0a0f58
200095b0:	7ea5895f 	.word	0x7ea5895f
200095b4:	46f55457 	.word	0x46f55457
200095b8:	68cf19fb 	.word	0x68cf19fb
200095bc:	5b13434e 	.word	0x5b13434e
200095c0:	80fef717 	.word	0x80fef717
200095c4:	a33f3762 	.word	0xa33f3762
200095c8:	fe77b874 	.word	0xfe77b874
200095cc:	23a097af 	.word	0x23a097af
200095d0:	103d2755 	.word	0x103d2755
200095d4:	67bb4300 	.word	0x67bb4300
200095d8:	bcc22f42 	.word	0xbcc22f42
200095dc:	d71243c7 	.word	0xd71243c7
200095e0:	21219e35 	.word	0x21219e35
200095e4:	37866c1f 	.word	0x37866c1f
200095e8:	1ead89ae 	.word	0x1ead89ae
200095ec:	67053ead 	.word	0x67053ead
200095f0:	baae2580 	.word	0xbaae2580
200095f4:	0ffef16f 	.word	0x0ffef16f
200095f8:	4f6bae40 	.word	0x4f6bae40
200095fc:	cf620002 	.word	0xcf620002
20009600:	0faa8747 	.word	0x0faa8747
20009604:	cfd43f52 	.word	0xcfd43f52
20009608:	23806533 	.word	0x23806533
2000960c:	b55fd9ff 	.word	0xb55fd9ff
20009610:	878bc761 	.word	0x878bc761
20009614:	120ffb5b 	.word	0x120ffb5b
20009618:	7642d60b 	.word	0x7642d60b
2000961c:	92022c2a 	.word	0x92022c2a
20009620:	3030a715 	.word	0x3030a715
20009624:	d63b663c 	.word	0xd63b663c
20009628:	16164fb6 	.word	0x16164fb6
2000962c:	cf1f0188 	.word	0xcf1f0188
20009630:	938e8966 	.word	0x938e8966
20009634:	2d2874c7 	.word	0x2d2874c7
20009638:	a60ec586 	.word	0xa60ec586
2000963c:	d0c7a505 	.word	0xd0c7a505
20009640:	d1030757 	.word	0xd1030757
20009644:	b7500137 	.word	0xb7500137
20009648:	3de398e8 	.word	0x3de398e8
2000964c:	a734b167 	.word	0xa734b167
20009650:	66bf4caf 	.word	0x66bf4caf
20009654:	7700b6fb 	.word	0x7700b6fb
20009658:	218a18e7 	.word	0x218a18e7
2000965c:	8f3678be 	.word	0x8f3678be
20009660:	0f837f26 	.word	0x0f837f26
20009664:	00cb7087 	.word	0x00cb7087
20009668:	88921564 	.word	0x88921564
2000966c:	70070a11 	.word	0x70070a11
20009670:	d70d1100 	.word	0xd70d1100
20009674:	5f33185c 	.word	0x5f33185c
20009678:	6818802b 	.word	0x6818802b
2000967c:	52c6f9e2 	.word	0x52c6f9e2
20009680:	41d2e4ff 	.word	0x41d2e4ff
20009684:	f02017e9 	.word	0xf02017e9
20009688:	2094420f 	.word	0x2094420f
2000968c:	4d05cec8 	.word	0x4d05cec8
20009690:	38288037 	.word	0x38288037
20009694:	63e8e347 	.word	0x63e8e347
20009698:	ae02c496 	.word	0xae02c496
2000969c:	29f7d19b 	.word	0x29f7d19b
200096a0:	7b44d61c 	.word	0x7b44d61c
200096a4:	df2ecc1f 	.word	0xdf2ecc1f
200096a8:	eeee162c 	.word	0xeeee162c
200096ac:	940e5208 	.word	0x940e5208
200096b0:	420ed85c 	.word	0x420ed85c
200096b4:	419f2134 	.word	0x419f2134
200096b8:	8718f75c 	.word	0x8718f75c
200096bc:	330fae48 	.word	0x330fae48
200096c0:	4d065c8f 	.word	0x4d065c8f
200096c4:	adc0774d 	.word	0xadc0774d
200096c8:	f6ae63af 	.word	0xf6ae63af
200096cc:	244226e8 	.word	0x244226e8
200096d0:	781086df 	.word	0x781086df
200096d4:	2e738ae4 	.word	0x2e738ae4
200096d8:	8ae31ce7 	.word	0x8ae31ce7
200096dc:	33073ac3 	.word	0x33073ac3
200096e0:	0e807621 	.word	0x0e807621
200096e4:	460e0257 	.word	0x460e0257
200096e8:	5099ef98 	.word	0x5099ef98
200096ec:	dfe91203 	.word	0xdfe91203
200096f0:	e3d4f79c 	.word	0xe3d4f79c
200096f4:	12cff02c 	.word	0x12cff02c
200096f8:	06ba5772 	.word	0x06ba5772
200096fc:	912f2e1e 	.word	0x912f2e1e
20009700:	d13f4c10 	.word	0xd13f4c10
20009704:	44e37e8f 	.word	0x44e37e8f
20009708:	317e900b 	.word	0x317e900b
2000970c:	8a977106 	.word	0x8a977106
20009710:	041203ce 	.word	0x041203ce
20009714:	c71f6017 	.word	0xc71f6017
20009718:	03e80016 	.word	0x03e80016
2000971c:	6f0a1224 	.word	0x6f0a1224
20009720:	04ae3405 	.word	0x04ae3405
20009724:	d78ebe35 	.word	0xd78ebe35
20009728:	684e2027 	.word	0x684e2027
2000972c:	1413aa0c 	.word	0x1413aa0c
20009730:	63d0038e 	.word	0x63d0038e
20009734:	8b4e7116 	.word	0x8b4e7116
20009738:	85240736 	.word	0x85240736
2000973c:	02cfa528 	.word	0x02cfa528
20009740:	52ae3da0 	.word	0x52ae3da0
20009744:	8dc66b26 	.word	0x8dc66b26
20009748:	d6b76ce5 	.word	0xd6b76ce5
2000974c:	563f1826 	.word	0x563f1826
20009750:	8226941e 	.word	0x8226941e
20009754:	04ad8e04 	.word	0x04ad8e04
20009758:	9825a677 	.word	0x9825a677
2000975c:	cf03f8c0 	.word	0xcf03f8c0
20009760:	c326a2fd 	.word	0xc326a2fd
20009764:	30062776 	.word	0x30062776
20009768:	784fb54e 	.word	0x784fb54e
2000976c:	b6d8b900 	.word	0xb6d8b900
20009770:	2e17bcca 	.word	0x2e17bcca
20009774:	b025067c 	.word	0xb025067c
20009778:	ca0e462a 	.word	0xca0e462a
2000977c:	fb826fac 	.word	0xfb826fac
20009780:	a04e404e 	.word	0xa04e404e
20009784:	927c1695 	.word	0x927c1695
20009788:	828405c8 	.word	0x828405c8
2000978c:	0668ee34 	.word	0x0668ee34
20009790:	5c808d1e 	.word	0x5c808d1e
20009794:	af31086c 	.word	0xaf31086c
20009798:	8e05ce66 	.word	0x8e05ce66
2000979c:	ee500163 	.word	0xee500163
200097a0:	1e039e6b 	.word	0x1e039e6b
200097a4:	e0ff2d60 	.word	0xe0ff2d60
200097a8:	f7d8d83e 	.word	0xf7d8d83e
200097ac:	870063aa 	.word	0x870063aa
200097b0:	aa5e4696 	.word	0xaa5e4696
200097b4:	ff54d41e 	.word	0xff54d41e
200097b8:	478da0d0 	.word	0x478da0d0
200097bc:	4f14b964 	.word	0x4f14b964
200097c0:	adce2fd2 	.word	0xadce2fd2
200097c4:	0b387e77 	.word	0x0b387e77
200097c8:	c757374f 	.word	0xc757374f
200097cc:	054e8e06 	.word	0x054e8e06
200097d0:	420be30e 	.word	0x420be30e
200097d4:	9593882e 	.word	0x9593882e
200097d8:	613ca0ff 	.word	0x613ca0ff
200097dc:	239cbf4e 	.word	0x239cbf4e
200097e0:	0ae07f39 	.word	0x0ae07f39
200097e4:	0e869200 	.word	0x0e869200
200097e8:	4624824c 	.word	0x4624824c
200097ec:	363ea496 	.word	0x363ea496
200097f0:	f5063140 	.word	0xf5063140
200097f4:	08e7e417 	.word	0x08e7e417
200097f8:	df4d08fe 	.word	0xdf4d08fe
200097fc:	e104a2e4 	.word	0xe104a2e4
20009800:	6b1e2e97 	.word	0x6b1e2e97
20009804:	586d2444 	.word	0x586d2444
20009808:	07271546 	.word	0x07271546
2000980c:	460bbb26 	.word	0x460bbb26
20009810:	bbbbf33e 	.word	0xbbbbf33e
20009814:	16c334c6 	.word	0x16c334c6
20009818:	09768a66 	.word	0x09768a66
2000981c:	7452460a 	.word	0x7452460a
20009820:	504d5026 	.word	0x504d5026
20009824:	e5b64c46 	.word	0xe5b64c46
20009828:	9edc83b7 	.word	0x9edc83b7
2000982c:	f38f263c 	.word	0xf38f263c
20009830:	1e8fdc8f 	.word	0x1e8fdc8f
20009834:	09dd8e46 	.word	0x09dd8e46
20009838:	c4809724 	.word	0xc4809724
2000983c:	df5a0858 	.word	0xdf5a0858
20009840:	8506090f 	.word	0x8506090f
20009844:	f5008224 	.word	0xf5008224
20009848:	81060af6 	.word	0x81060af6
2000984c:	afa9e3a6 	.word	0xafa9e3a6
20009850:	88edc678 	.word	0x88edc678
20009854:	06b4acc5 	.word	0x06b4acc5
20009858:	ce55acc4 	.word	0xce55acc4
2000985c:	8216f84b 	.word	0x8216f84b
20009860:	2f764330 	.word	0x2f764330
20009864:	40263e24 	.word	0x40263e24
20009868:	36030b40 	.word	0x36030b40
2000986c:	68014b62 	.word	0x68014b62
20009870:	60201ee3 	.word	0x60201ee3
20009874:	e6cd0106 	.word	0xe6cd0106
20009878:	1f325826 	.word	0x1f325826
2000987c:	38c223ce 	.word	0x38c223ce
20009880:	f438a4eb 	.word	0xf438a4eb
20009884:	b0145a8a 	.word	0xb0145a8a
20009888:	3afe35a8 	.word	0x3afe35a8
2000988c:	68681617 	.word	0x68681617
20009890:	a8fe93ca 	.word	0xa8fe93ca
20009894:	c6134630 	.word	0xc6134630
20009898:	037a4ff6 	.word	0x037a4ff6
2000989c:	ce311670 	.word	0xce311670
200098a0:	26cd80d6 	.word	0x26cd80d6
200098a4:	7750c225 	.word	0x7750c225
200098a8:	e27ea282 	.word	0xe27ea282
200098ac:	8b582eb1 	.word	0x8b582eb1
200098b0:	c40a5608 	.word	0xc40a5608
200098b4:	55560e10 	.word	0x55560e10
200098b8:	0f107506 	.word	0x0f107506
200098bc:	4aa63667 	.word	0x4aa63667
200098c0:	8c06d331 	.word	0x8c06d331
200098c4:	60926bce 	.word	0x60926bce
200098c8:	644e70be 	.word	0x644e70be
200098cc:	06a1c663 	.word	0x06a1c663
200098d0:	9a1e46a5 	.word	0x9a1e46a5
200098d4:	be0faaa7 	.word	0xbe0faaa7
200098d8:	ab34afac 	.word	0xab34afac
200098dc:	ed21e71f 	.word	0xed21e71f
200098e0:	0baf0c22 	.word	0x0baf0c22
200098e4:	06acc07e 	.word	0x06acc07e
200098e8:	0ce70e9e 	.word	0x0ce70e9e
200098ec:	8f46f7f7 	.word	0x8f46f7f7
200098f0:	668fbd56 	.word	0x668fbd56
200098f4:	8f76ef8f 	.word	0x8f76ef8f
200098f8:	96788f86 	.word	0x96788f86
200098fc:	8f363c8f 	.word	0x8f363c8f
20009900:	0e9b401b 	.word	0x0e9b401b
20009904:	09862ca0 	.word	0x09862ca0
20009908:	80077726 	.word	0x80077726
2000990c:	23103529 	.word	0x23103529
20009910:	2e95040f 	.word	0x2e95040f
20009914:	acc98636 	.word	0xacc98636
20009918:	006a160b 	.word	0x006a160b
2000991c:	78a46e15 	.word	0x78a46e15
20009920:	361b8117 	.word	0x361b8117
20009924:	acc3620e 	.word	0xacc3620e
20009928:	b8086684 	.word	0xb8086684
2000992c:	0087203e 	.word	0x0087203e
20009930:	01836e2c 	.word	0x01836e2c
20009934:	e8478f40 	.word	0xe8478f40
20009938:	7cc42e78 	.word	0x7cc42e78
2000993c:	33accc66 	.word	0x33accc66
20009940:	0679cb77 	.word	0x0679cb77
20009944:	acc2f8c7 	.word	0xacc2f8c7
20009948:	27331951 	.word	0x27331951
2000994c:	945e17ff 	.word	0x945e17ff
20009950:	5bfe3819 	.word	0x5bfe3819
20009954:	07e7a614 	.word	0x07e7a614
20009958:	cea0b246 	.word	0xcea0b246
2000995c:	93494fb8 	.word	0x93494fb8
20009960:	11a067be 	.word	0x11a067be
20009964:	900e754d 	.word	0x900e754d
20009968:	0b2766b4 	.word	0x0b2766b4
2000996c:	282526d8 	.word	0x282526d8
20009970:	660f3f0f 	.word	0x660f3f0f
20009974:	846f0eaf 	.word	0x846f0eaf
20009978:	bf86210e 	.word	0xbf86210e
2000997c:	48fffc1e 	.word	0x48fffc1e
20009980:	1046d617 	.word	0x1046d617
20009984:	c8815e2a 	.word	0xc8815e2a
20009988:	560e1685 	.word	0x560e1685
2000998c:	84f6748b 	.word	0x84f6748b
20009990:	1527a95e 	.word	0x1527a95e
20009994:	00b4885e 	.word	0x00b4885e
20009998:	1f67439e 	.word	0x1f67439e
2000999c:	5f1c1942 	.word	0x5f1c1942
200099a0:	19570b8c 	.word	0x19570b8c
200099a4:	20869f7d 	.word	0x20869f7d
200099a8:	46c08707 	.word	0x46c08707
200099ac:	c0f77c8c 	.word	0xc0f77c8c
200099b0:	75b7aa61 	.word	0x75b7aa61
200099b4:	5f4800c5 	.word	0x5f4800c5
200099b8:	077e1d9a 	.word	0x077e1d9a
200099bc:	8b4406ea 	.word	0x8b4406ea
200099c0:	7ea68b6f 	.word	0x7ea68b6f
200099c4:	da2706bd 	.word	0xda2706bd
200099c8:	df0032d7 	.word	0xdf0032d7
200099cc:	e474c22f 	.word	0xe474c22f
200099d0:	a18f8d59 	.word	0xa18f8d59
200099d4:	8e1062ce 	.word	0x8e1062ce
200099d8:	1c0b9628 	.word	0x1c0b9628
200099dc:	172180df 	.word	0x172180df
200099e0:	64de38c6 	.word	0x64de38c6
200099e4:	101e3840 	.word	0x101e3840
200099e8:	01c6c681 	.word	0x01c6c681
200099ec:	6628d662 	.word	0x6628d662
200099f0:	96c26f9f 	.word	0x96c26f9f
200099f4:	87260b0f 	.word	0x87260b0f
200099f8:	c407dd46 	.word	0xc407dd46
200099fc:	d4bfa62c 	.word	0xd4bfa62c
20009a00:	3783c646 	.word	0x3783c646
20009a04:	e6df3a23 	.word	0xe6df3a23
20009a08:	fca66edc 	.word	0xfca66edc
20009a0c:	34b76b00 	.word	0x34b76b00
20009a10:	c72a56be 	.word	0xc72a56be
20009a14:	a01e3142 	.word	0xa01e3142
20009a18:	57031f23 	.word	0x57031f23
20009a1c:	c6709427 	.word	0xc6709427
20009a20:	048cffbb 	.word	0x048cffbb
20009a24:	372edf31 	.word	0x372edf31
20009a28:	85b66f03 	.word	0x85b66f03
20009a2c:	844768ac 	.word	0x844768ac
20009a30:	0a6fe91b 	.word	0x0a6fe91b
20009a34:	a70e0417 	.word	0xa70e0417
20009a38:	a09043fa 	.word	0xa09043fa
20009a3c:	e81f7250 	.word	0xe81f7250
20009a40:	5f2bc467 	.word	0x5f2bc467
20009a44:	ef055581 	.word	0xef055581
20009a48:	1f19d130 	.word	0x1f19d130
20009a4c:	6f11c684 	.word	0x6f11c684
20009a50:	77fea020 	.word	0x77fea020
20009a54:	b605ee70 	.word	0xb605ee70
20009a58:	8ef0415c 	.word	0x8ef0415c
20009a5c:	fe7e40a8 	.word	0xfe7e40a8
20009a60:	904002f6 	.word	0x904002f6
20009a64:	0297b510 	.word	0x0297b510
20009a68:	7838b7d4 	.word	0x7838b7d4
20009a6c:	30b01236 	.word	0x30b01236
20009a70:	4c6e215f 	.word	0x4c6e215f
20009a74:	beabc656 	.word	0xbeabc656
20009a78:	ce6c8c86 	.word	0xce6c8c86
20009a7c:	a4349095 	.word	0xa4349095
20009a80:	85a74f45 	.word	0x85a74f45
20009a84:	00dcbed0 	.word	0x00dcbed0
20009a88:	d6c04fde 	.word	0xd6c04fde
20009a8c:	5edd8a8c 	.word	0x5edd8a8c
20009a90:	c2005fdf 	.word	0xc2005fdf
20009a94:	8edbd0be 	.word	0x8edbd0be
20009a98:	4232b5d4 	.word	0x4232b5d4
20009a9c:	24c50f3f 	.word	0x24c50f3f
20009aa0:	db17f082 	.word	0xdb17f082
20009aa4:	7c2eb5b2 	.word	0x7c2eb5b2
20009aa8:	4a338fa6 	.word	0x4a338fa6
20009aac:	b342e99e 	.word	0xb342e99e
20009ab0:	70cf4f16 	.word	0x70cf4f16
20009ab4:	16c69990 	.word	0x16c69990
20009ab8:	04d94f21 	.word	0x04d94f21
20009abc:	28e04fe5 	.word	0x28e04fe5
20009ac0:	1f32a300 	.word	0x1f32a300
20009ac4:	16efce99 	.word	0x16efce99
20009ac8:	9083d78f 	.word	0x9083d78f
20009acc:	1291c326 	.word	0x1291c326
20009ad0:	1eb8417e 	.word	0x1eb8417e
20009ad4:	025790f6 	.word	0x025790f6
20009ad8:	0232fc06 	.word	0x0232fc06
20009adc:	96470046 	.word	0x96470046
20009ae0:	92461e16 	.word	0x92461e16
20009ae4:	00fa6002 	.word	0x00fa6002
20009ae8:	e220a735 	.word	0xe220a735
20009aec:	3f6e687e 	.word	0x3f6e687e
20009af0:	27340563 	.word	0x27340563
20009af4:	010018e2 	.word	0x010018e2
20009af8:	3e50c7fb 	.word	0x3e50c7fb
20009afc:	2605e8f4 	.word	0x2605e8f4
20009b00:	256aee23 	.word	0x256aee23
20009b04:	17870e8e 	.word	0x17870e8e
20009b08:	85060d26 	.word	0x85060d26
20009b0c:	64eee200 	.word	0x64eee200
20009b10:	16b6f710 	.word	0x16b6f710
20009b14:	e6a38e63 	.word	0xe6a38e63
20009b18:	5c274881 	.word	0x5c274881
20009b1c:	34183087 	.word	0x34183087
20009b20:	2b0657a6 	.word	0x2b0657a6
20009b24:	9e7b87bf 	.word	0x9e7b87bf
20009b28:	307e8cb8 	.word	0x307e8cb8
20009b2c:	f88e0f8f 	.word	0xf88e0f8f
20009b30:	6c96e182 	.word	0x6c96e182
20009b34:	2d04a136 	.word	0x2d04a136
20009b38:	78a83f57 	.word	0x78a83f57
20009b3c:	a441733e 	.word	0xa441733e
20009b40:	c6f7403f 	.word	0xc6f7403f
20009b44:	d70f26d0 	.word	0xd70f26d0
20009b48:	1c675249 	.word	0x1c675249
20009b4c:	de0e16d7 	.word	0xde0e16d7
20009b50:	0e8fa380 	.word	0x0e8fa380
20009b54:	54529fd7 	.word	0x54529fd7
20009b58:	13270690 	.word	0x13270690
20009b5c:	27216e78 	.word	0x27216e78
20009b60:	00766e6c 	.word	0x00766e6c
20009b64:	36b0275f 	.word	0x36b0275f
20009b68:	251802d6 	.word	0x251802d6
20009b6c:	475d455f 	.word	0x475d455f
20009b70:	dcb6e783 	.word	0xdcb6e783
20009b74:	11060583 	.word	0x11060583
20009b78:	f0119f22 	.word	0xf0119f22
20009b7c:	5f917ffe 	.word	0x5f917ffe
20009b80:	0626560e 	.word	0x0626560e
20009b84:	02e157cc 	.word	0x02e157cc
20009b88:	43ce2e29 	.word	0x43ce2e29
20009b8c:	1fc2765e 	.word	0x1fc2765e
20009b90:	02eefe07 	.word	0x02eefe07
20009b94:	38020f24 	.word	0x38020f24
20009b98:	1e1d83e6 	.word	0x1e1d83e6
20009b9c:	5606da23 	.word	0x5606da23
20009ba0:	44561552 	.word	0x44561552
20009ba4:	d7c21a04 	.word	0xd7c21a04
20009ba8:	2af4d60b 	.word	0x2af4d60b
20009bac:	b102b210 	.word	0xb102b210
20009bb0:	5527b84e 	.word	0x5527b84e
20009bb4:	3e7e94c6 	.word	0x3e7e94c6
20009bb8:	7edc3294 	.word	0x7edc3294
20009bbc:	60092e94 	.word	0x60092e94
20009bc0:	676abec9 	.word	0x676abec9
20009bc4:	b10896c5 	.word	0xb10896c5
20009bc8:	d7676b47 	.word	0xd7676b47
20009bcc:	60f63cde 	.word	0x60f63cde
20009bd0:	0efdf94e 	.word	0x0efdf94e
20009bd4:	26a5e204 	.word	0x26a5e204
20009bd8:	d80584b7 	.word	0xd80584b7
20009bdc:	572a0127 	.word	0x572a0127
20009be0:	5b2f54c4 	.word	0x5b2f54c4
20009be4:	2f0ea25f 	.word	0x2f0ea25f
20009be8:	335f3387 	.word	0x335f3387
20009bec:	2d4301d6 	.word	0x2d4301d6
20009bf0:	3a8ff0c7 	.word	0x3a8ff0c7
20009bf4:	1007e68a 	.word	0x1007e68a
20009bf8:	865c3f32 	.word	0x865c3f32
20009bfc:	54785613 	.word	0x54785613
20009c00:	412694e6 	.word	0x412694e6
20009c04:	2415971f 	.word	0x2415971f
20009c08:	47cd08a4 	.word	0x47cd08a4
20009c0c:	c7434011 	.word	0xc7434011
20009c10:	b982ad37 	.word	0xb982ad37
20009c14:	df02a577 	.word	0xdf02a577
20009c18:	e0002657 	.word	0xe0002657
20009c1c:	54e74302 	.word	0x54e74302
20009c20:	80c7a702 	.word	0x80c7a702
20009c24:	24a5d4e6 	.word	0x24a5d4e6
20009c28:	0240ffbe 	.word	0x0240ffbe
20009c2c:	d5ff3f95 	.word	0xd5ff3f95
20009c30:	5511d0a2 	.word	0x5511d0a2
20009c34:	479c00a0 	.word	0x479c00a0
20009c38:	26761642 	.word	0x26761642
20009c3c:	87972631 	.word	0x87972631
20009c40:	7c24015d 	.word	0x7c24015d
20009c44:	150c8f87 	.word	0x150c8f87
20009c48:	8416ab47 	.word	0x8416ab47
20009c4c:	f1671b14 	.word	0xf1671b14
20009c50:	8c460b44 	.word	0x8c460b44
20009c54:	da630fa5 	.word	0xda630fa5
20009c58:	1c0dbec7 	.word	0x1c0dbec7
20009c5c:	68247027 	.word	0x68247027
20009c60:	31277686 	.word	0x31277686
20009c64:	fb9bebf6 	.word	0xfb9bebf6
20009c68:	95109e02 	.word	0x95109e02
20009c6c:	96814f6e 	.word	0x96814f6e
20009c70:	28375821 	.word	0x28375821
20009c74:	5340de0e 	.word	0x5340de0e
20009c78:	ae79062f 	.word	0xae79062f
20009c7c:	7a8fdd08 	.word	0x7a8fdd08
20009c80:	8606d5cb 	.word	0x8606d5cb
20009c84:	07efbfe0 	.word	0x07efbfe0
20009c88:	e7630b36 	.word	0xe7630b36
20009c8c:	b31e2e19 	.word	0xb31e2e19
20009c90:	6ed8cf14 	.word	0x6ed8cf14
20009c94:	4432d63f 	.word	0x4432d63f
20009c98:	2377b06f 	.word	0x2377b06f
20009c9c:	024fd824 	.word	0x024fd824
20009ca0:	b0904fb8 	.word	0xb0904fb8
20009ca4:	5876135e 	.word	0x5876135e
20009ca8:	8c524f1a 	.word	0x8c524f1a
20009cac:	64c55c97 	.word	0x64c55c97
20009cb0:	a0e23744 	.word	0xa0e23744
20009cb4:	0f9f66e6 	.word	0x0f9f66e6
20009cb8:	f7583218 	.word	0xf7583218
20009cbc:	012eac37 	.word	0x012eac37
20009cc0:	56f196d2 	.word	0x56f196d2
20009cc4:	70891eb3 	.word	0x70891eb3
20009cc8:	3e730916 	.word	0x3e730916
20009ccc:	a756db06 	.word	0xa756db06
20009cd0:	b1ffbfd4 	.word	0xb1ffbfd4
20009cd4:	59a63576 	.word	0x59a63576
20009cd8:	bb821f08 	.word	0xbb821f08
20009cdc:	4f08bb8f 	.word	0x4f08bb8f
20009ce0:	7f06b55d 	.word	0x7f06b55d
20009ce4:	2f18f561 	.word	0x2f18f561
20009ce8:	43de2f0c 	.word	0x43de2f0c
20009cec:	772e0810 	.word	0x772e0810
20009cf0:	1f6eb1d0 	.word	0x1f6eb1d0
20009cf4:	ebe8d876 	.word	0xebe8d876
20009cf8:	662c26a2 	.word	0x662c26a2
20009cfc:	2fbb958f 	.word	0x2fbb958f
20009d00:	c23f764b 	.word	0xc23f764b
20009d04:	0576282f 	.word	0x0576282f
20009d08:	afa26ebf 	.word	0xafa26ebf
20009d0c:	424f5f02 	.word	0x424f5f02
20009d10:	28bf1c16 	.word	0x28bf1c16
20009d14:	99f61f81 	.word	0x99f61f81
20009d18:	2f1452ff 	.word	0x2f1452ff
20009d1c:	773e9618 	.word	0x773e9618
20009d20:	a71aac40 	.word	0xa71aac40
20009d24:	572e9018 	.word	0x572e9018
20009d28:	614f2be3 	.word	0x614f2be3
20009d2c:	80c89abf 	.word	0x80c89abf
20009d30:	fa9a2fc8 	.word	0xfa9a2fc8
20009d34:	1c32517e 	.word	0x1c32517e
20009d38:	77a14734 	.word	0x77a14734
20009d3c:	118880fa 	.word	0x118880fa
20009d40:	04e700b8 	.word	0x04e700b8
20009d44:	94264ad6 	.word	0x94264ad6
20009d48:	4ec97e1c 	.word	0x4ec97e1c
20009d4c:	a4565705 	.word	0xa4565705
20009d50:	118cd1cc 	.word	0x118cd1cc
20009d54:	a6578038 	.word	0xa6578038
20009d58:	039d1603 	.word	0x039d1603
20009d5c:	25e06663 	.word	0x25e06663
20009d60:	624460b0 	.word	0x624460b0
20009d64:	476169a6 	.word	0x476169a6
20009d68:	8ef52a58 	.word	0x8ef52a58
20009d6c:	0867ae93 	.word	0x0867ae93
20009d70:	4320d731 	.word	0x4320d731
20009d74:	ad028026 	.word	0xad028026
20009d78:	32a9a667 	.word	0x32a9a667
20009d7c:	1809d68c 	.word	0x1809d68c
20009d80:	3c33ba07 	.word	0x3c33ba07
20009d84:	027ff7de 	.word	0x027ff7de
20009d88:	9a5f7026 	.word	0x9a5f7026
20009d8c:	6eaece1a 	.word	0x6eaece1a
20009d90:	e02134c6 	.word	0xe02134c6
20009d94:	286f7d5e 	.word	0x286f7d5e
20009d98:	f86cbee2 	.word	0xf86cbee2
20009d9c:	9e9042a6 	.word	0x9e9042a6
20009da0:	9446c15e 	.word	0x9446c15e
20009da4:	10d78686 	.word	0x10d78686
20009da8:	1617b69c 	.word	0x1617b69c
20009dac:	48a0026a 	.word	0x48a0026a
20009db0:	a0da76c0 	.word	0xa0da76c0
20009db4:	7e2726e6 	.word	0x7e2726e6
20009db8:	c40048e0 	.word	0xc40048e0
20009dbc:	0070a743 	.word	0x0070a743
20009dc0:	f5a41334 	.word	0xf5a41334
20009dc4:	8ec6204f 	.word	0x8ec6204f
20009dc8:	84cfe088 	.word	0x84cfe088
20009dcc:	cec19992 	.word	0xcec19992
20009dd0:	84a45352 	.word	0x84a45352
20009dd4:	e937315c 	.word	0xe937315c
20009dd8:	08720647 	.word	0x08720647
20009ddc:	80b9201c 	.word	0x80b9201c
20009de0:	0f0526d3 	.word	0x0f0526d3
20009de4:	3a0d744f 	.word	0x3a0d744f
20009de8:	1748b7ae 	.word	0x1748b7ae
20009dec:	9c4c3c78 	.word	0x9c4c3c78
20009df0:	7358f27c 	.word	0x7358f27c
20009df4:	005cf280 	.word	0x005cf280
20009df8:	0084fda2 	.word	0x0084fda2
20009dfc:	d869aee2 	.word	0xd869aee2
20009e00:	7e168a77 	.word	0x7e168a77
20009e04:	360d1e02 	.word	0x360d1e02
20009e08:	c48f4e6b 	.word	0xc48f4e6b
20009e0c:	732e05c6 	.word	0x732e05c6
20009e10:	becfc019 	.word	0xbecfc019
20009e14:	b426f706 	.word	0xb426f706
20009e18:	d73362ff 	.word	0xd73362ff
20009e1c:	5a0984a3 	.word	0x5a0984a3
20009e20:	a0464d67 	.word	0xa0464d67
20009e24:	46657dc3 	.word	0x46657dc3
20009e28:	0c76a789 	.word	0x0c76a789
20009e2c:	a8a0da48 	.word	0xa8a0da48
20009e30:	c6fe6ea5 	.word	0xc6fe6ea5
20009e34:	de7410a0 	.word	0xde7410a0
20009e38:	e1d0be11 	.word	0xe1d0be11
20009e3c:	3f7f06eb 	.word	0x3f7f06eb
20009e40:	069e376e 	.word	0x069e376e
20009e44:	e01ef1b1 	.word	0xe01ef1b1
20009e48:	6097e432 	.word	0x6097e432
20009e4c:	30b3f68e 	.word	0x30b3f68e
20009e50:	47ba3f4c 	.word	0x47ba3f4c
20009e54:	860b700a 	.word	0x860b700a
20009e58:	6f7214a0 	.word	0x6f7214a0
20009e5c:	fc77bed9 	.word	0xfc77bed9
20009e60:	afa745e8 	.word	0xafa745e8
20009e64:	5292c082 	.word	0x5292c082
20009e68:	23df9c1a 	.word	0x23df9c1a
20009e6c:	ffab4d15 	.word	0xffab4d15
20009e70:	3f582c80 	.word	0x3f582c80
20009e74:	71ef6601 	.word	0x71ef6601
20009e78:	6782ec90 	.word	0x6782ec90
20009e7c:	83fff49f 	.word	0x83fff49f
20009e80:	a5880247 	.word	0xa5880247
20009e84:	5c77a7e7 	.word	0x5c77a7e7
20009e88:	75019634 	.word	0x75019634
20009e8c:	e6a8dc06 	.word	0xe6a8dc06
20009e90:	03975824 	.word	0x03975824
20009e94:	0e8f76a0 	.word	0x0e8f76a0
20009e98:	8f8f9a5e 	.word	0x8f8f9a5e
20009e9c:	8fa68f69 	.word	0x8fa68f69
20009ea0:	563a8f80 	.word	0x563a8f80
20009ea4:	a6e9008f 	.word	0xa6e9008f
20009ea8:	118fa68f 	.word	0x118fa68f
20009eac:	98c0ef30 	.word	0x98c0ef30
20009eb0:	97479419 	.word	0x97479419
20009eb4:	e528611f 	.word	0xe528611f
20009eb8:	093eb577 	.word	0x093eb577
20009ebc:	0026f6ba 	.word	0x0026f6ba
20009ec0:	0e1fe6b1 	.word	0x0e1fe6b1
20009ec4:	24e911f0 	.word	0x24e911f0
20009ec8:	4f421c26 	.word	0x4f421c26
20009ecc:	98163844 	.word	0x98163844
20009ed0:	2826762c 	.word	0x2826762c
20009ed4:	8d67ca20 	.word	0x8d67ca20
20009ed8:	86c2362e 	.word	0x86c2362e
20009edc:	07ed13e5 	.word	0x07ed13e5
20009ee0:	2685522e 	.word	0x2685522e
20009ee4:	288667b1 	.word	0x288667b1
20009ee8:	7a8a2826 	.word	0x7a8a2826
20009eec:	1f17c3b7 	.word	0x1f17c3b7
20009ef0:	c7c800c6 	.word	0xc7c800c6
20009ef4:	2584bf90 	.word	0x2584bf90
20009ef8:	8a8f990e 	.word	0x8a8f990e
20009efc:	868bf610 	.word	0x868bf610
20009f00:	474f0bf2 	.word	0x474f0bf2
20009f04:	e66d6354 	.word	0xe66d6354
20009f08:	6eb61465 	.word	0x6eb61465
20009f0c:	76df3c04 	.word	0x76df3c04
20009f10:	70b72625 	.word	0x70b72625
20009f14:	5d022484 	.word	0x5d022484
20009f18:	b009754f 	.word	0xb009754f
20009f1c:	014017a2 	.word	0x014017a2
20009f20:	e6d8efaf 	.word	0xe6d8efaf
20009f24:	0dcf4603 	.word	0x0dcf4603
20009f28:	2a3a2ce0 	.word	0x2a3a2ce0
20009f2c:	8e27b44f 	.word	0x8e27b44f
20009f30:	163f3389 	.word	0x163f3389
20009f34:	bc3fef02 	.word	0xbc3fef02
20009f38:	a71f4107 	.word	0xa71f4107
20009f3c:	5f09c845 	.word	0x5f09c845
20009f40:	04ca8d97 	.word	0x04ca8d97
20009f44:	0ffedecf 	.word	0x0ffedecf
20009f48:	3fc91619 	.word	0x3fc91619
20009f4c:	a242c4b7 	.word	0xa242c4b7
20009f50:	8411493f 	.word	0x8411493f
20009f54:	5d947701 	.word	0x5d947701
20009f58:	ab1a4d47 	.word	0xab1a4d47
20009f5c:	d6c04a3f 	.word	0xd6c04a3f
20009f60:	00887e07 	.word	0x00887e07
20009f64:	40b696c5 	.word	0x40b696c5
20009f68:	d6964944 	.word	0xd6964944
20009f6c:	37aac616 	.word	0x37aac616
20009f70:	046ce443 	.word	0x046ce443
20009f74:	4b2a8726 	.word	0x4b2a8726
20009f78:	fe60a14e 	.word	0xfe60a14e
20009f7c:	a04318ae 	.word	0xa04318ae
20009f80:	d10fda50 	.word	0xd10fda50
20009f84:	0a0e563b 	.word	0x0a0e563b
20009f88:	072658c6 	.word	0x072658c6
20009f8c:	4426162c 	.word	0x4426162c
20009f90:	cfd71682 	.word	0xcfd71682
20009f94:	b6de3353 	.word	0xb6de3353
20009f98:	a308b4f1 	.word	0xa308b4f1
20009f9c:	ac6476fb 	.word	0xac6476fb
20009fa0:	8e2477ce 	.word	0x8e2477ce
20009fa4:	1e6dbe05 	.word	0x1e6dbe05
20009fa8:	4e5eaca0 	.word	0x4e5eaca0
20009fac:	06f308ac 	.word	0x06f308ac
20009fb0:	1410cf0c 	.word	0x1410cf0c
20009fb4:	1cf3183c 	.word	0x1cf3183c
20009fb8:	7d2024cf 	.word	0x7d2024cf
20009fbc:	36228627 	.word	0x36228627
20009fc0:	8e1f0201 	.word	0x8e1f0201
20009fc4:	966082a8 	.word	0x966082a8
20009fc8:	9f545fe0 	.word	0x9f545fe0
20009fcc:	c17f918d 	.word	0xc17f918d
20009fd0:	6e18a987 	.word	0x6e18a987
20009fd4:	167f0686 	.word	0x167f0686
20009fd8:	067c835f 	.word	0x067c835f
20009fdc:	c087cda6 	.word	0xc087cda6
20009fe0:	fed82ede 	.word	0xfed82ede
20009fe4:	e6cfaca7 	.word	0xe6cfaca7
20009fe8:	85ffeee9 	.word	0x85ffeee9
20009fec:	3e6d6714 	.word	0x3e6d6714
20009ff0:	56b08ca5 	.word	0x56b08ca5
20009ff4:	28b69207 	.word	0x28b69207
20009ff8:	e6161476 	.word	0xe6161476
20009ffc:	00397fef 	.word	0x00397fef
2000a000:	177310e6 	.word	0x177310e6
2000a004:	ac666026 	.word	0xac666026
2000a008:	003b67dd 	.word	0x003b67dd
2000a00c:	5857f8a6 	.word	0x5857f8a6
2000a010:	a75ed134 	.word	0xa75ed134
2000a014:	0fa10002 	.word	0x0fa10002
2000a018:	b656c15a 	.word	0xb656c15a
2000a01c:	26b4d739 	.word	0x26b4d739
2000a020:	a6d59086 	.word	0xa6d59086
2000a024:	3e7f1208 	.word	0x3e7f1208
2000a028:	06282b30 	.word	0x06282b30
2000a02c:	02c76f0b 	.word	0x02c76f0b
2000a030:	8b658130 	.word	0x8b658130
2000a034:	6e90856e 	.word	0x6e90856e
2000a038:	9014e81a 	.word	0x9014e81a
2000a03c:	80275696 	.word	0x80275696
2000a040:	abff29a7 	.word	0xabff29a7
2000a044:	06bb82c0 	.word	0x06bb82c0
2000a048:	7e37be3e 	.word	0x7e37be3e
2000a04c:	71028c67 	.word	0x71028c67
2000a050:	e68ed716 	.word	0xe68ed716
2000a054:	2707b9fe 	.word	0x2707b9fe
2000a058:	c757cc21 	.word	0xc757cc21
2000a05c:	46b7cc25 	.word	0x46b7cc25
2000a060:	0cc7c325 	.word	0x0cc7c325
2000a064:	000b1e0e 	.word	0x000b1e0e
2000a068:	8e6c38a2 	.word	0x8e6c38a2
2000a06c:	2e019087 	.word	0x2e019087
2000a070:	f0105366 	.word	0xf0105366
2000a074:	c91646ff 	.word	0xc91646ff
2000a078:	0577d776 	.word	0x0577d776
2000a07c:	2643bc2e 	.word	0x2643bc2e
2000a080:	b7296905 	.word	0xb7296905
2000a084:	b7a906a0 	.word	0xb7a906a0
2000a088:	f6df4a40 	.word	0xf6df4a40
2000a08c:	13322902 	.word	0x13322902
2000a090:	14bbee4f 	.word	0x14bbee4f
2000a094:	65405c66 	.word	0x65405c66
2000a098:	60d78842 	.word	0x60d78842
2000a09c:	0f6a68ca 	.word	0x0f6a68ca
2000a0a0:	57c04204 	.word	0x57c04204
2000a0a4:	14e8af42 	.word	0x14e8af42
2000a0a8:	4751f706 	.word	0x4751f706
2000a0ac:	5f599108 	.word	0x5f599108
2000a0b0:	23a43e1e 	.word	0x23a43e1e
2000a0b4:	07e02721 	.word	0x07e02721
2000a0b8:	94174c44 	.word	0x94174c44
2000a0bc:	3c86d060 	.word	0x3c86d060
2000a0c0:	834b5675 	.word	0x834b5675
2000a0c4:	9a9830f7 	.word	0x9a9830f7
2000a0c8:	96ed0ad6 	.word	0x96ed0ad6
2000a0cc:	8ede234e 	.word	0x8ede234e
2000a0d0:	7d342e0a 	.word	0x7d342e0a
2000a0d4:	47650014 	.word	0x47650014
2000a0d8:	e6ace487 	.word	0xe6ace487
2000a0dc:	a5ec2f19 	.word	0xa5ec2f19
2000a0e0:	227f2484 	.word	0x227f2484
2000a0e4:	60009ffa 	.word	0x60009ffa
2000a0e8:	98301f14 	.word	0x98301f14
2000a0ec:	23849789 	.word	0x23849789
2000a0f0:	252eff4c 	.word	0x252eff4c
2000a0f4:	fff70f70 	.word	0xfff70f70
2000a0f8:	4080ea17 	.word	0x4080ea17
2000a0fc:	b007f004 	.word	0xb007f004
2000a100:	0aff46e8 	.word	0x0aff46e8
2000a104:	afa4d730 	.word	0xafa4d730
2000a108:	11ea901f 	.word	0x11ea901f
2000a10c:	2787ac43 	.word	0x2787ac43
2000a110:	e958e714 	.word	0xe958e714
2000a114:	d77fc847 	.word	0xd77fc847
2000a118:	c5767ccf 	.word	0xc5767ccf
2000a11c:	00769ec4 	.word	0x00769ec4
2000a120:	17859ebd 	.word	0x17859ebd
2000a124:	1e8efef1 	.word	0x1e8efef1
2000a128:	027befb8 	.word	0x027befb8
2000a12c:	6bf7903c 	.word	0x6bf7903c
2000a130:	0d146e3c 	.word	0x0d146e3c
2000a134:	06d03f8c 	.word	0x06d03f8c
2000a138:	067fb998 	.word	0x067fb998
2000a13c:	ac9706a7 	.word	0xac9706a7
2000a140:	60cf2810 	.word	0x60cf2810
2000a144:	049fae10 	.word	0x049fae10
2000a148:	44b6af23 	.word	0x44b6af23
2000a14c:	13041fe7 	.word	0x13041fe7
2000a150:	6e5350bf 	.word	0x6e5350bf
2000a154:	439797ff 	.word	0x439797ff
2000a158:	28743f28 	.word	0x28743f28
2000a15c:	32e726a2 	.word	0x32e726a2
2000a160:	96d83f1e 	.word	0x96d83f1e
2000a164:	560a1198 	.word	0x560a1198
2000a168:	02b719ff 	.word	0x02b719ff
2000a16c:	d705cf7e 	.word	0xd705cf7e
2000a170:	602e44c7 	.word	0x602e44c7
2000a174:	c0449043 	.word	0xc0449043
2000a178:	870c3f9f 	.word	0x870c3f9f
2000a17c:	18c38fb0 	.word	0x18c38fb0
2000a180:	c52d637f 	.word	0xc52d637f
2000a184:	18e78237 	.word	0x18e78237
2000a188:	6e272110 	.word	0x6e272110
2000a18c:	efdf0c5f 	.word	0xefdf0c5f
2000a190:	845033e4 	.word	0x845033e4
2000a194:	483fa18c 	.word	0x483fa18c
2000a198:	55f7d089 	.word	0x55f7d089
2000a19c:	6b4ee400 	.word	0x6b4ee400
2000a1a0:	602ff027 	.word	0x602ff027
2000a1a4:	60328fd2 	.word	0x60328fd2
2000a1a8:	d86b7fd0 	.word	0xd86b7fd0
2000a1ac:	1917347f 	.word	0x1917347f
2000a1b0:	626f4368 	.word	0x626f4368
2000a1b4:	9fba00a0 	.word	0x9fba00a0
2000a1b8:	053f6cd2 	.word	0x053f6cd2
2000a1bc:	ec09a6bd 	.word	0xec09a6bd
2000a1c0:	ee821f5e 	.word	0xee821f5e
2000a1c4:	af174c89 	.word	0xaf174c89
2000a1c8:	56b00cea 	.word	0x56b00cea
2000a1cc:	6e162610 	.word	0x6e162610
2000a1d0:	2694ff07 	.word	0x2694ff07
2000a1d4:	843055b7 	.word	0x843055b7
2000a1d8:	c92f2c87 	.word	0xc92f2c87
2000a1dc:	524fc4fe 	.word	0x524fc4fe
2000a1e0:	2f904f85 	.word	0x2f904f85
2000a1e4:	1e1e66be 	.word	0x1e1e66be
2000a1e8:	7b94205e 	.word	0x7b94205e
2000a1ec:	41fe08b6 	.word	0x41fe08b6
2000a1f0:	2476b747 	.word	0x2476b747
2000a1f4:	2e77e83f 	.word	0x2e77e83f
2000a1f8:	e7b82727 	.word	0xe7b82727
2000a1fc:	80e78487 	.word	0x80e78487
2000a200:	5e2f4e3c 	.word	0x5e2f4e3c
2000a204:	138028c0 	.word	0x138028c0
2000a208:	08e41f7f 	.word	0x08e41f7f
2000a20c:	b3606e15 	.word	0xb3606e15
2000a210:	8d4c0ff1 	.word	0x8d4c0ff1
2000a214:	3b5708f1 	.word	0x3b5708f1
2000a218:	5fb066c8 	.word	0x5fb066c8
2000a21c:	3f6e48c9 	.word	0x3f6e48c9
2000a220:	08f86777 	.word	0x08f86777
2000a224:	46249284 	.word	0x46249284
2000a228:	29ffe981 	.word	0x29ffe981
2000a22c:	11622778 	.word	0x11622778
2000a230:	87991e82 	.word	0x87991e82
2000a234:	1f5c97e6 	.word	0x1f5c97e6
2000a238:	803f390d 	.word	0x803f390d
2000a23c:	2b7f17ad 	.word	0x2b7f17ad
2000a240:	a9e8af06 	.word	0xa9e8af06
2000a244:	c480d717 	.word	0xc480d717
2000a248:	577e2646 	.word	0x577e2646
2000a24c:	ecb62405 	.word	0xecb62405
2000a250:	aed61ce7 	.word	0xaed61ce7
2000a254:	84a7dd29 	.word	0x84a7dd29
2000a258:	3400b716 	.word	0x3400b716
2000a25c:	169f601e 	.word	0x169f601e
2000a260:	1d66a636 	.word	0x1d66a636
2000a264:	725a201e 	.word	0x725a201e
2000a268:	eff314ef 	.word	0xeff314ef
2000a26c:	16036047 	.word	0x16036047
2000a270:	61284f0c 	.word	0x61284f0c
2000a274:	6fb2d758 	.word	0x6fb2d758
2000a278:	5d396fb4 	.word	0x5d396fb4
2000a27c:	9cce576f 	.word	0x9cce576f
2000a280:	8f0c2211 	.word	0x8f0c2211
2000a284:	4f651430 	.word	0x4f651430
2000a288:	96c3cf17 	.word	0x96c3cf17
2000a28c:	8e01970a 	.word	0x8e01970a
2000a290:	8fc54f03 	.word	0x8fc54f03
2000a294:	0f042602 	.word	0x0f042602
2000a298:	0e5f0d62 	.word	0x0e5f0d62
2000a29c:	0c246308 	.word	0x0c246308
2000a2a0:	8c62c500 	.word	0x8c62c500
2000a2a4:	211c038f 	.word	0x211c038f
2000a2a8:	068c62e4 	.word	0x068c62e4
2000a2ac:	47c51216 	.word	0x47c51216
2000a2b0:	5f6cf830 	.word	0x5f6cf830
2000a2b4:	2d690411 	.word	0x2d690411
2000a2b8:	262a985e 	.word	0x262a985e
2000a2bc:	c8ef8d24 	.word	0xc8ef8d24
2000a2c0:	b6b4b606 	.word	0xb6b4b606
2000a2c4:	72011416 	.word	0x72011416
2000a2c8:	16a0db8e 	.word	0x16a0db8e
2000a2cc:	87480d0d 	.word	0x87480d0d
2000a2d0:	099f5750 	.word	0x099f5750
2000a2d4:	3fa30081 	.word	0x3fa30081
2000a2d8:	8670d807 	.word	0x8670d807
2000a2dc:	68ae7004 	.word	0x68ae7004
2000a2e0:	df6b3287 	.word	0xdf6b3287
2000a2e4:	2e30be05 	.word	0x2e30be05
2000a2e8:	0f46321b 	.word	0x0f46321b
2000a2ec:	b05ff808 	.word	0xb05ff808
2000a2f0:	0e36c923 	.word	0x0e36c923
2000a2f4:	9f36a608 	.word	0x9f36a608
2000a2f8:	9e10801f 	.word	0x9e10801f
2000a2fc:	ae8e3247 	.word	0xae8e3247
2000a300:	044e4c12 	.word	0x044e4c12
2000a304:	49a326dd 	.word	0x49a326dd
2000a308:	28433057 	.word	0x28433057
2000a30c:	87524b0c 	.word	0x87524b0c
2000a310:	1edf17ac 	.word	0x1edf17ac
2000a314:	e4842411 	.word	0xe4842411
2000a318:	2326c252 	.word	0x2326c252
2000a31c:	4d04fe5c 	.word	0x4d04fe5c
2000a320:	5f278047 	.word	0x5f278047
2000a324:	0fb67a68 	.word	0x0fb67a68
2000a328:	b70213e7 	.word	0xb70213e7
2000a32c:	1790e861 	.word	0x1790e861
2000a330:	de809e40 	.word	0xde809e40
2000a334:	3880ee74 	.word	0x3880ee74
2000a338:	6ff70cff 	.word	0x6ff70cff
2000a33c:	b001ac2e 	.word	0xb001ac2e
2000a340:	812af0ff 	.word	0x812af0ff
2000a344:	a107e72f 	.word	0xa107e72f
2000a348:	24da9711 	.word	0x24da9711
2000a34c:	1500ae58 	.word	0x1500ae58
2000a350:	1e346e96 	.word	0x1e346e96
2000a354:	032080df 	.word	0x032080df
2000a358:	7787c4df 	.word	0x7787c4df
2000a35c:	16a00165 	.word	0x16a00165
2000a360:	d06e4601 	.word	0xd06e4601
2000a364:	ba43ac24 	.word	0xba43ac24
2000a368:	d8410027 	.word	0xd8410027
2000a36c:	10afa8bf 	.word	0x10afa8bf
2000a370:	071defdd 	.word	0x071defdd
2000a374:	0847870c 	.word	0x0847870c
2000a378:	ac20dde4 	.word	0xac20dde4
2000a37c:	3027180f 	.word	0x3027180f
2000a380:	1c273427 	.word	0x1c273427
2000a384:	e4df3827 	.word	0xe4df3827
2000a388:	d0009725 	.word	0xd0009725
2000a38c:	90da8038 	.word	0x90da8038
2000a390:	32ae25f1 	.word	0x32ae25f1
2000a394:	7fd80afe 	.word	0x7fd80afe
2000a398:	1a407170 	.word	0x1a407170
2000a39c:	26de2a5e 	.word	0x26de2a5e
2000a3a0:	e45f779b 	.word	0xe45f779b
2000a3a4:	802f04be 	.word	0x802f04be
2000a3a8:	8e7e1470 	.word	0x8e7e1470
2000a3ac:	b3c67424 	.word	0xb3c67424
2000a3b0:	00c57636 	.word	0x00c57636
2000a3b4:	0838ef26 	.word	0x0838ef26
2000a3b8:	7c303630 	.word	0x7c303630
2000a3bc:	896c0d0f 	.word	0x896c0d0f
2000a3c0:	1f80dbff 	.word	0x1f80dbff
2000a3c4:	df181426 	.word	0xdf181426
2000a3c8:	28b73508 	.word	0x28b73508
2000a3cc:	6dc788bc 	.word	0x6dc788bc
2000a3d0:	480046af 	.word	0x480046af
2000a3d4:	ea801767 	.word	0xea801767
2000a3d8:	ff3c08d9 	.word	0xff3c08d9
2000a3dc:	de221f66 	.word	0xde221f66
2000a3e0:	00e40097 	.word	0x00e40097
2000a3e4:	76e6c3d0 	.word	0x76e6c3d0
2000a3e8:	d008b603 	.word	0xd008b603
2000a3ec:	57f10857 	.word	0x57f10857
2000a3f0:	be80f619 	.word	0xbe80f619
2000a3f4:	d80016d5 	.word	0xd80016d5
2000a3f8:	2f010001 	.word	0x2f010001
2000a3fc:	b10a0087 	.word	0xb10a0087
2000a400:	1a0f23ff 	.word	0x1a0f23ff
2000a404:	47f8e230 	.word	0x47f8e230
2000a408:	e69a0108 	.word	0xe69a0108
2000a40c:	ce27aab8 	.word	0xce27aab8
2000a410:	ae28ae42 	.word	0xae28ae42
2000a414:	00677fbb 	.word	0x00677fbb
2000a418:	ef780870 	.word	0xef780870
2000a41c:	8d3e74c8 	.word	0x8d3e74c8
2000a420:	27284f33 	.word	0x27284f33
2000a424:	ef2f0f29 	.word	0xef2f0f29
2000a428:	4d045602 	.word	0x4d045602
2000a42c:	8d2607b2 	.word	0x8d2607b2
2000a430:	a707413e 	.word	0xa707413e
2000a434:	151608bc 	.word	0x151608bc
2000a438:	2b205c9c 	.word	0x2b205c9c
2000a43c:	d07e0ed7 	.word	0xd07e0ed7
2000a440:	9ef80e6e 	.word	0x9ef80e6e
2000a444:	78938dce 	.word	0x78938dce
2000a448:	4292db16 	.word	0x4292db16
2000a44c:	04e1e78e 	.word	0x04e1e78e
2000a450:	de220807 	.word	0xde220807
2000a454:	0503fe05 	.word	0x0503fe05
2000a458:	5816782f 	.word	0x5816782f
2000a45c:	1f6676d0 	.word	0x1f6676d0
2000a460:	32ef0e1b 	.word	0x32ef0e1b
2000a464:	0f0f0e1c 	.word	0x0f0f0e1c
2000a468:	dc8f6a3e 	.word	0xdc8f6a3e
2000a46c:	88d6de47 	.word	0x88d6de47
2000a470:	d640c230 	.word	0xd640c230
2000a474:	8226360a 	.word	0x8226360a
2000a478:	35845f11 	.word	0x35845f11
2000a47c:	3eff0a2a 	.word	0x3eff0a2a
2000a480:	0026354a 	.word	0x0026354a
2000a484:	b766112a 	.word	0xb766112a
2000a488:	29fe1e09 	.word	0x29fe1e09
2000a48c:	890c1e5c 	.word	0x890c1e5c
2000a490:	09ce15a7 	.word	0x09ce15a7
2000a494:	7a2a8e0f 	.word	0x7a2a8e0f
2000a498:	fba61c27 	.word	0xfba61c27
2000a49c:	8fad3d26 	.word	0x8fad3d26
2000a4a0:	0934010f 	.word	0x0934010f
2000a4a4:	5eded614 	.word	0x5eded614
2000a4a8:	0afff435 	.word	0x0afff435
2000a4ac:	be383ff6 	.word	0xbe383ff6
2000a4b0:	f6f46749 	.word	0xf6f46749
2000a4b4:	c327f8b6 	.word	0xc327f8b6
2000a4b8:	7740a717 	.word	0x7740a717
2000a4bc:	2ae4440f 	.word	0x2ae4440f
2000a4c0:	6f61270f 	.word	0x6f61270f
2000a4c4:	ffcb3c44 	.word	0xffcb3c44
2000a4c8:	c8ad7367 	.word	0xc8ad7367
2000a4cc:	e4183dad 	.word	0xe4183dad
2000a4d0:	8657e128 	.word	0x8657e128
2000a4d4:	ee96f70f 	.word	0xee96f70f
2000a4d8:	89402416 	.word	0x89402416
2000a4dc:	06175684 	.word	0x06175684
2000a4e0:	34ae07e7 	.word	0x34ae07e7
2000a4e4:	8a23f704 	.word	0x8a23f704
2000a4e8:	9e631147 	.word	0x9e631147
2000a4ec:	8fa92fbc 	.word	0x8fa92fbc
2000a4f0:	f38f9e5c 	.word	0xf38f9e5c
2000a4f4:	0f138c8f 	.word	0x0f138c8f
2000a4f8:	70def722 	.word	0x70def722
2000a4fc:	d1a14f01 	.word	0xd1a14f01
2000a500:	5f4c2462 	.word	0x5f4c2462
2000a504:	42b93a20 	.word	0x42b93a20
2000a508:	1f1e4f09 	.word	0x1f1e4f09
2000a50c:	a9bd5f4e 	.word	0xa9bd5f4e
2000a510:	fff8aa06 	.word	0xfff8aa06
2000a514:	c7a44602 	.word	0xc7a44602
2000a518:	c00aaf5a 	.word	0xc00aaf5a
2000a51c:	015ff006 	.word	0x015ff006
2000a520:	06a0b662 	.word	0x06a0b662
2000a524:	bf4e654a 	.word	0xbf4e654a
2000a528:	7e0a1540 	.word	0x7e0a1540
2000a52c:	8a206d0a 	.word	0x8a206d0a
2000a530:	690f0808 	.word	0x690f0808
2000a534:	8e46de08 	.word	0x8e46de08
2000a538:	e18f798f 	.word	0xe18f798f
2000a53c:	bd873f8f 	.word	0xbd873f8f
2000a540:	ecf70427 	.word	0xecf70427
2000a544:	2cef8c21 	.word	0x2cef8c21
2000a548:	eff83601 	.word	0xeff83601
2000a54c:	068304e7 	.word	0x068304e7
2000a550:	085e05de 	.word	0x085e05de
2000a554:	1f0291f7 	.word	0x1f0291f7
2000a558:	29d30e09 	.word	0x29d30e09
2000a55c:	31717791 	.word	0x31717791
2000a560:	31f6aa82 	.word	0x31f6aa82
2000a564:	40e1ff16 	.word	0x40e1ff16
2000a568:	8f860109 	.word	0x8f860109
2000a56c:	83a06b14 	.word	0x83a06b14
2000a570:	3a04d62d 	.word	0x3a04d62d
2000a574:	63101761 	.word	0x63101761
2000a578:	afa78ddf 	.word	0xafa78ddf
2000a57c:	c020045e 	.word	0xc020045e
2000a580:	7fa18c1f 	.word	0x7fa18c1f
2000a584:	09002a7e 	.word	0x09002a7e
2000a588:	143f9824 	.word	0x143f9824
2000a58c:	049fab02 	.word	0x049fab02
2000a590:	8c83ed67 	.word	0x8c83ed67
2000a594:	8c898216 	.word	0x8c898216
2000a598:	3ea006e3 	.word	0x3ea006e3
2000a59c:	965401a4 	.word	0x965401a4
2000a5a0:	862f1705 	.word	0x862f1705
2000a5a4:	2aeef818 	.word	0x2aeef818
2000a5a8:	0e0d8328 	.word	0x0e0d8328
2000a5ac:	2110f4a0 	.word	0x2110f4a0
2000a5b0:	42bf4430 	.word	0x42bf4430
2000a5b4:	4e8d2280 	.word	0x4e8d2280
2000a5b8:	e5c85e85 	.word	0xe5c85e85
2000a5bc:	0430a5f1 	.word	0x0430a5f1
2000a5c0:	1f433799 	.word	0x1f433799
2000a5c4:	c0fff966 	.word	0xc0fff966
2000a5c8:	70e72e00 	.word	0x70e72e00
2000a5cc:	1f81a0e8 	.word	0x1f81a0e8
2000a5d0:	002484fa 	.word	0x002484fa
2000a5d4:	4d808f1c 	.word	0x4d808f1c
2000a5d8:	8825a37f 	.word	0x8825a37f
2000a5dc:	c2914277 	.word	0xc2914277
2000a5e0:	da9e868e 	.word	0xda9e868e
2000a5e4:	0b24a756 	.word	0x0b24a756
2000a5e8:	6a83bf15 	.word	0x6a83bf15
2000a5ec:	1f87af8d 	.word	0x1f87af8d
2000a5f0:	d6dc6068 	.word	0xd6dc6068
2000a5f4:	6dffef30 	.word	0x6dffef30
2000a5f8:	e8edc7ab 	.word	0xe8edc7ab
2000a5fc:	942e5a90 	.word	0x942e5a90
2000a600:	013fe948 	.word	0x013fe948
2000a604:	3463467b 	.word	0x3463467b
2000a608:	f3a4f61e 	.word	0xf3a4f61e
2000a60c:	224086ff 	.word	0x224086ff
2000a610:	3fa0aebe 	.word	0x3fa0aebe
2000a614:	003c029f 	.word	0x003c029f
2000a618:	37845a00 	.word	0x37845a00
2000a61c:	3c2e9f64 	.word	0x3c2e9f64
2000a620:	3232806d 	.word	0x3232806d
2000a624:	202c4f78 	.word	0x202c4f78
2000a628:	3e0d8c47 	.word	0x3e0d8c47
2000a62c:	b797f82e 	.word	0xb797f82e
2000a630:	0e07c030 	.word	0x0e07c030
2000a634:	e2182171 	.word	0xe2182171
2000a638:	6dc7e4b4 	.word	0x6dc7e4b4
2000a63c:	b6b8b68d 	.word	0xb6b8b68d
2000a640:	8345fffb 	.word	0x8345fffb
2000a644:	ac43d657 	.word	0xac43d657
2000a648:	1777a577 	.word	0x1777a577
2000a64c:	8e466b47 	.word	0x8e466b47
2000a650:	970240c7 	.word	0x970240c7
2000a654:	60168274 	.word	0x60168274
2000a658:	180158c7 	.word	0x180158c7
2000a65c:	88cdae12 	.word	0x88cdae12
2000a660:	a773a609 	.word	0xa773a609
2000a664:	4904bf68 	.word	0x4904bf68
2000a668:	af1c27c2 	.word	0xaf1c27c2
2000a66c:	832f94db 	.word	0x832f94db
2000a670:	6e8cc7fc 	.word	0x6e8cc7fc
2000a674:	cf783c97 	.word	0xcf783c97
2000a678:	f8093e1b 	.word	0xf8093e1b
2000a67c:	b70080d9 	.word	0xb70080d9
2000a680:	00c32f69 	.word	0x00c32f69
2000a684:	84a36fc4 	.word	0x84a36fc4
2000a688:	443f7fb6 	.word	0x443f7fb6
2000a68c:	4e11ced4 	.word	0x4e11ced4
2000a690:	02f2a65f 	.word	0x02f2a65f
2000a694:	0084ebac 	.word	0x0084ebac
2000a698:	d24f5202 	.word	0xd24f5202
2000a69c:	48738816 	.word	0x48738816
2000a6a0:	4ccf8cc9 	.word	0x4ccf8cc9
2000a6a4:	4f52130d 	.word	0x4f52130d
2000a6a8:	4684969a 	.word	0x4684969a
2000a6ac:	eeb4201f 	.word	0xeeb4201f
2000a6b0:	1e485e76 	.word	0x1e485e76
2000a6b4:	222e80d5 	.word	0x222e80d5
2000a6b8:	e80216d0 	.word	0xe80216d0
2000a6bc:	3618a28e 	.word	0x3618a28e
2000a6c0:	431e8652 	.word	0x431e8652
2000a6c4:	24ea0ea3 	.word	0x24ea0ea3
2000a6c8:	0208a7fa 	.word	0x0208a7fa
2000a6cc:	b100df13 	.word	0xb100df13
2000a6d0:	58736f18 	.word	0x58736f18
2000a6d4:	5547e1d9 	.word	0x5547e1d9
2000a6d8:	408a8206 	.word	0x408a8206
2000a6dc:	ac000467 	.word	0xac000467
2000a6e0:	826f2ff7 	.word	0x826f2ff7
2000a6e4:	18df0658 	.word	0x18df0658
2000a6e8:	f7510809 	.word	0xf7510809
2000a6ec:	83c66e8b 	.word	0x83c66e8b
2000a6f0:	534eb194 	.word	0x534eb194
2000a6f4:	a48a836f 	.word	0xa48a836f
2000a6f8:	0ba29a5f 	.word	0x0ba29a5f
2000a6fc:	a2fc6f54 	.word	0xa2fc6f54
2000a700:	00ffeeaf 	.word	0x00ffeeaf
2000a704:	1e0f982c 	.word	0x1e0f982c
2000a708:	07003141 	.word	0x07003141
2000a70c:	210f9c17 	.word	0x210f9c17
2000a710:	300fbea6 	.word	0x300fbea6
2000a714:	c1d7cc80 	.word	0xc1d7cc80
2000a718:	30ed8632 	.word	0x30ed8632
2000a71c:	c5d037c2 	.word	0xc5d037c2
2000a720:	45d7a719 	.word	0x45d7a719
2000a724:	0f624300 	.word	0x0f624300
2000a728:	073766b0 	.word	0x073766b0
2000a72c:	0a8cd759 	.word	0x0a8cd759
2000a730:	0f41972a 	.word	0x0f41972a
2000a734:	08070c42 	.word	0x08070c42
2000a738:	3ef21827 	.word	0x3ef21827
2000a73c:	95afa21f 	.word	0x95afa21f
2000a740:	5d69705f 	.word	0x5d69705f
2000a744:	9ec0101f 	.word	0x9ec0101f
2000a748:	030ec211 	.word	0x030ec211
2000a74c:	53ee9ec1 	.word	0x53ee9ec1
2000a750:	4f631f62 	.word	0x4f631f62
2000a754:	9e4586e6 	.word	0x9e4586e6
2000a758:	cf666000 	.word	0xcf666000
2000a75c:	4e207587 	.word	0x4e207587
2000a760:	d0c6b723 	.word	0xd0c6b723
2000a764:	a0446ff8 	.word	0xa0446ff8
2000a768:	285f3542 	.word	0x285f3542
2000a76c:	d50fd261 	.word	0xd50fd261
2000a770:	ff2becce 	.word	0xff2becce
2000a774:	ff97308d 	.word	0xff97308d
2000a778:	7b0d0fc3 	.word	0x7b0d0fc3
2000a77c:	f7d0eec6 	.word	0xf7d0eec6
2000a780:	b12f0607 	.word	0xb12f0607
2000a784:	4824c81f 	.word	0x4824c81f
2000a788:	06071eda 	.word	0x06071eda
2000a78c:	a7851fe5 	.word	0xa7851fe5
2000a790:	315941b1 	.word	0x315941b1
2000a794:	4f163e96 	.word	0x4f163e96
2000a798:	560e004b 	.word	0x560e004b
2000a79c:	3816ad30 	.word	0x3816ad30
2000a7a0:	bf616880 	.word	0xbf616880
2000a7a4:	1b3f70b4 	.word	0x1b3f70b4
2000a7a8:	5021a4b8 	.word	0x5021a4b8
2000a7ac:	36750385 	.word	0x36750385
2000a7b0:	072821ea 	.word	0x072821ea
2000a7b4:	0c0c565c 	.word	0x0c0c565c
2000a7b8:	27cd2697 	.word	0x27cd2697
2000a7bc:	c71fe41c 	.word	0xc71fe41c
2000a7c0:	24d84821 	.word	0x24d84821
2000a7c4:	8010df01 	.word	0x8010df01
2000a7c8:	7a353e30 	.word	0x7a353e30
2000a7cc:	a1031156 	.word	0xa1031156
2000a7d0:	a78631a6 	.word	0xa78631a6
2000a7d4:	af471b57 	.word	0xaf471b57
2000a7d8:	e7df07e9 	.word	0xe7df07e9
2000a7dc:	4bfc45ef 	.word	0x4bfc45ef
2000a7e0:	21523c0e 	.word	0x21523c0e
2000a7e4:	a2580d0f 	.word	0xa2580d0f
2000a7e8:	07333c0d 	.word	0x07333c0d
2000a7ec:	f06822ff 	.word	0xf06822ff
2000a7f0:	7621362f 	.word	0x7621362f
2000a7f4:	40473c30 	.word	0x40473c30
2000a7f8:	0f5f094c 	.word	0x0f5f094c
2000a7fc:	48fc4302 	.word	0x48fc4302
2000a800:	524525ce 	.word	0x524525ce
2000a804:	a11417ef 	.word	0xa11417ef
2000a808:	cf0e35ad 	.word	0xcf0e35ad
2000a80c:	5c63c60d 	.word	0x5c63c60d
2000a810:	12187427 	.word	0x12187427
2000a814:	582477bc 	.word	0x582477bc
2000a818:	5ebc49ef 	.word	0x5ebc49ef
2000a81c:	68a61c6c 	.word	0x68a61c6c
2000a820:	98680eac 	.word	0x98680eac
2000a824:	f6071956 	.word	0xf6071956
2000a828:	49fa0ee7 	.word	0x49fa0ee7
2000a82c:	9f9c47c0 	.word	0x9f9c47c0
2000a830:	271001c0 	.word	0x271001c0
2000a834:	0b8212d8 	.word	0x0b8212d8
2000a838:	455261b7 	.word	0x455261b7
2000a83c:	4d0c2ffc 	.word	0x4d0c2ffc
2000a840:	5821da4f 	.word	0x5821da4f
2000a844:	c0e67609 	.word	0xc0e67609
2000a848:	00ffc8e0 	.word	0x00ffc8e0
2000a84c:	58d04f32 	.word	0x58d04f32
2000a850:	6897704d 	.word	0x6897704d
2000a854:	e18278cf 	.word	0xe18278cf
2000a858:	d16810ee 	.word	0xd16810ee
2000a85c:	e0b7b32f 	.word	0xe0b7b32f
2000a860:	d7610180 	.word	0xd7610180
2000a864:	d6a6bf20 	.word	0xd6a6bf20
2000a868:	06156cff 	.word	0x06156cff
2000a86c:	ffd3f557 	.word	0xffd3f557
2000a870:	bf3714e9 	.word	0xbf3714e9
2000a874:	88865e63 	.word	0x88865e63
2000a878:	27173400 	.word	0x27173400
2000a87c:	0fff3256 	.word	0x0fff3256
2000a880:	2583bfb3 	.word	0x2583bfb3
2000a884:	630181f8 	.word	0x630181f8
2000a888:	10d9572c 	.word	0x10d9572c
2000a88c:	4742dd3f 	.word	0x4742dd3f
2000a890:	6182c0ac 	.word	0x6182c0ac
2000a894:	c631acc4 	.word	0xc631acc4
2000a898:	8785460e 	.word	0x8785460e
2000a89c:	6a8ebe8a 	.word	0x6a8ebe8a
2000a8a0:	82761d8d 	.word	0x82761d8d
2000a8a4:	8e361186 	.word	0x8e361186
2000a8a8:	250f0f80 	.word	0x250f0f80
2000a8ac:	ce2f0420 	.word	0xce2f0420
2000a8b0:	82070970 	.word	0x82070970
2000a8b4:	0230bf80 	.word	0x0230bf80
2000a8b8:	e6436eb1 	.word	0xe6436eb1
2000a8bc:	34ded685 	.word	0x34ded685
2000a8c0:	d6183da6 	.word	0xd6183da6
2000a8c4:	fed6fc4b 	.word	0xfed6fc4b
2000a8c8:	672582fe 	.word	0x672582fe
2000a8cc:	b82789d6 	.word	0xb82789d6
2000a8d0:	3c97454f 	.word	0x3c97454f
2000a8d4:	1180001d 	.word	0x1180001d
2000a8d8:	0000e1c7 	.word	0x0000e1c7
2000a8dc:	8e6957a9 	.word	0x8e6957a9
2000a8e0:	36d4c403 	.word	0x36d4c403
2000a8e4:	8fa62702 	.word	0x8fa62702
2000a8e8:	7e4a2f39 	.word	0x7e4a2f39
2000a8ec:	9ed8ada5 	.word	0x9ed8ada5
2000a8f0:	4e3005ad 	.word	0x4e3005ad
2000a8f4:	1715361b 	.word	0x1715361b
2000a8f8:	240900ec 	.word	0x240900ec
2000a8fc:	2efe6af7 	.word	0x2efe6af7
2000a900:	01cd2821 	.word	0x01cd2821
2000a904:	a08ffdca 	.word	0xa08ffdca
2000a908:	b037dd01 	.word	0xb037dd01
2000a90c:	60451900 	.word	0x60451900
2000a910:	7f3eb6cf 	.word	0x7f3eb6cf
2000a914:	fdf10320 	.word	0xfdf10320
2000a918:	d8036ef1 	.word	0xd8036ef1
2000a91c:	db57b587 	.word	0xdb57b587
2000a920:	9f1be716 	.word	0x9f1be716
2000a924:	97760f04 	.word	0x97760f04
2000a928:	d606ef8f 	.word	0xd606ef8f
2000a92c:	70ff98da 	.word	0x70ff98da
2000a930:	c2a028b7 	.word	0xc2a028b7
2000a934:	6c27e248 	.word	0x6c27e248
2000a938:	4facee76 	.word	0x4facee76
2000a93c:	813fddc0 	.word	0x813fddc0
2000a940:	0c10debe 	.word	0x0c10debe
2000a944:	10470246 	.word	0x10470246
2000a948:	ce170f60 	.word	0xce170f60
2000a94c:	b5201783 	.word	0xb5201783
2000a950:	fd931a87 	.word	0xfd931a87
2000a954:	6018277f 	.word	0x6018277f
2000a958:	444f0805 	.word	0x444f0805
2000a95c:	284fc840 	.word	0x284fc840
2000a960:	6e1e8748 	.word	0x6e1e8748
2000a964:	8c44782b 	.word	0x8c44782b
2000a968:	984609bc 	.word	0x984609bc
2000a96c:	88827f57 	.word	0x88827f57
2000a970:	e1ff2710 	.word	0xe1ff2710
2000a974:	471ec412 	.word	0x471ec412
2000a978:	32820ac4 	.word	0x32820ac4
2000a97c:	8b825017 	.word	0x8b825017
2000a980:	5ef049af 	.word	0x5ef049af
2000a984:	afb04454 	.word	0xafb04454
2000a988:	ae02c4e6 	.word	0xae02c4e6
2000a98c:	ac4c8948 	.word	0xac4c8948
2000a990:	04d73f7f 	.word	0x04d73f7f
2000a994:	ac40c4ea 	.word	0xac40c4ea
2000a998:	b5f5cf4e 	.word	0xb5f5cf4e
2000a99c:	f53f4c33 	.word	0xf53f4c33
2000a9a0:	925f422d 	.word	0x925f422d
2000a9a4:	db54e61d 	.word	0xdb54e61d
2000a9a8:	45463c03 	.word	0x45463c03
2000a9ac:	4146ea8c 	.word	0x4146ea8c
2000a9b0:	a4aae864 	.word	0xa4aae864
2000a9b4:	b60f426d 	.word	0xb60f426d
2000a9b8:	285ebe38 	.word	0x285ebe38
2000a9bc:	9f21a436 	.word	0x9f21a436
2000a9c0:	04574fef 	.word	0x04574fef
2000a9c4:	b653bd4f 	.word	0xb653bd4f
2000a9c8:	f64fae04 	.word	0xf64fae04
2000a9cc:	1a2a96e0 	.word	0x1a2a96e0
2000a9d0:	21c42668 	.word	0x21c42668
2000a9d4:	a226a76e 	.word	0xa226a76e
2000a9d8:	036385c6 	.word	0x036385c6
2000a9dc:	db980847 	.word	0xdb980847
2000a9e0:	1483a636 	.word	0x1483a636
2000a9e4:	a98e7f58 	.word	0xa98e7f58
2000a9e8:	62580031 	.word	0x62580031
2000a9ec:	4742878f 	.word	0x4742878f
2000a9f0:	5e6ef773 	.word	0x5e6ef773
2000a9f4:	f00a6644 	.word	0xf00a6644
2000a9f8:	166c4c4e 	.word	0x166c4c4e
2000a9fc:	5a68204f 	.word	0x5a68204f
2000aa00:	378bc1a7 	.word	0x378bc1a7
2000aa04:	67be5b1a 	.word	0x67be5b1a
2000aa08:	464148b3 	.word	0x464148b3
2000aa0c:	979cd805 	.word	0x979cd805
2000aa10:	cf12326d 	.word	0xcf12326d
2000aa14:	b6d16f03 	.word	0xb6d16f03
2000aa18:	697e85a5 	.word	0x697e85a5
2000aa1c:	1e10474e 	.word	0x1e10474e
2000aa20:	d650b4dd 	.word	0xd650b4dd
2000aa24:	d8538249 	.word	0xd8538249
2000aa28:	664c4cd7 	.word	0x664c4cd7
2000aa2c:	f69e501f 	.word	0xf69e501f
2000aa30:	034fc7e8 	.word	0x034fc7e8
2000aa34:	ee158ea5 	.word	0xee158ea5
2000aa38:	a20f6429 	.word	0xa20f6429
2000aa3c:	11f71e36 	.word	0x11f71e36
2000aa40:	b718df42 	.word	0xb718df42
2000aa44:	56c0375c 	.word	0x56c0375c
2000aa48:	55d6bb21 	.word	0x55d6bb21
2000aa4c:	0724db43 	.word	0x0724db43
2000aa50:	415768e7 	.word	0x415768e7
2000aa54:	b0a70ba7 	.word	0xb0a70ba7
2000aa58:	ae1d5544 	.word	0xae1d5544
2000aa5c:	f58aa692 	.word	0xf58aa692
2000aa60:	48325676 	.word	0x48325676
2000aa64:	c2160ee7 	.word	0xc2160ee7
2000aa68:	a277d057 	.word	0xa277d057
2000aa6c:	f8d240c7 	.word	0xf8d240c7
2000aa70:	ac8fa4be 	.word	0xac8fa4be
2000aa74:	77b9e71c 	.word	0x77b9e71c
2000aa78:	425397d9 	.word	0x425397d9
2000aa7c:	48c817a7 	.word	0x48c817a7
2000aa80:	3580144b 	.word	0x3580144b
2000aa84:	400fbfbe 	.word	0x400fbfbe
2000aa88:	e43f4d40 	.word	0xe43f4d40
2000aa8c:	e06300e8 	.word	0xe06300e8
2000aa90:	48d96fa3 	.word	0x48d96fa3
2000aa94:	55c3cf4b 	.word	0x55c3cf4b
2000aa98:	52390f4e 	.word	0x52390f4e
2000aa9c:	38251c44 	.word	0x38251c44
2000aaa0:	585f9969 	.word	0x585f9969
2000aaa4:	bd1b86aa 	.word	0xbd1b86aa
2000aaa8:	9a4452ff 	.word	0x9a4452ff
2000aaac:	cebb4857 	.word	0xcebb4857
2000aab0:	57e4560a 	.word	0x57e4560a
2000aab4:	1f479552 	.word	0x1f479552
2000aab8:	6f40bd20 	.word	0x6f40bd20
2000aabc:	467e67c9 	.word	0x467e67c9
2000aac0:	67c45257 	.word	0x67c45257
2000aac4:	095845e4 	.word	0x095845e4
2000aac8:	cf163b00 	.word	0xcf163b00
2000aacc:	5845dedf 	.word	0x5845dedf
2000aad0:	4e726762 	.word	0x4e726762
2000aad4:	76032054 	.word	0x76032054
2000aad8:	6717cf60 	.word	0x6717cf60
2000aadc:	72544e64 	.word	0x72544e64
2000aae0:	4f384f43 	.word	0x4f384f43
2000aae4:	469fa94d 	.word	0x469fa94d
2000aae8:	4e231bcf 	.word	0x4e231bcf
2000aaec:	472117a1 	.word	0x472117a1
2000aaf0:	4d864f13 	.word	0x4d864f13
2000aaf4:	4252f1c7 	.word	0x4252f1c7
2000aaf8:	34a047f4 	.word	0x34a047f4
2000aafc:	c732502f 	.word	0xc732502f
2000ab00:	24841e1b 	.word	0x24841e1b
2000ab04:	3f4558db 	.word	0x3f4558db
2000ab08:	5436459a 	.word	0x5436459a
2000ab0c:	48075444 	.word	0x48075444
2000ab10:	1e0508e8 	.word	0x1e0508e8
2000ab14:	fe5f513f 	.word	0xfe5f513f
2000ab18:	8aa0fffd 	.word	0x8aa0fffd
2000ab1c:	888e2f14 	.word	0x888e2f14
2000ab20:	583f514c 	.word	0x583f514c
2000ab24:	0618d657 	.word	0x0618d657
2000ab28:	60e7154e 	.word	0x60e7154e
2000ab2c:	29125ea5 	.word	0x29125ea5
2000ab30:	c62071af 	.word	0xc62071af
2000ab34:	afc03c04 	.word	0xafc03c04
2000ab38:	be00158f 	.word	0xbe00158f
2000ab3c:	b0f03709 	.word	0xb0f03709
2000ab40:	3a06e733 	.word	0x3a06e733
2000ab44:	26e21417 	.word	0x26e21417
2000ab48:	261bc7a1 	.word	0x261bc7a1
2000ab4c:	c313c66f 	.word	0xc313c66f
2000ab50:	6fcb6427 	.word	0x6fcb6427
2000ab54:	02206236 	.word	0x02206236
2000ab58:	0858a7d2 	.word	0x0858a7d2
2000ab5c:	ff22c63e 	.word	0xff22c63e
2000ab60:	38b78862 	.word	0x38b78862
2000ab64:	b0b7e069 	.word	0xb0b7e069
2000ab68:	b41eb000 	.word	0xb41eb000
2000ab6c:	102b4e3e 	.word	0x102b4e3e
2000ab70:	861102c7 	.word	0x861102c7
2000ab74:	67c569ef 	.word	0x67c569ef
2000ab78:	0b300fb4 	.word	0x0b300fb4
2000ab7c:	c0a7e106 	.word	0xc0a7e106
2000ab80:	07bd80c4 	.word	0x07bd80c4
2000ab84:	27e721c6 	.word	0x27e721c6
2000ab88:	5fae2d87 	.word	0x5fae2d87
2000ab8c:	629f5c10 	.word	0x629f5c10
2000ab90:	6625e618 	.word	0x6625e618
2000ab94:	81859601 	.word	0x81859601
2000ab98:	e640802e 	.word	0xe640802e
2000ab9c:	929ed16d 	.word	0x929ed16d
2000aba0:	df61c72b 	.word	0xdf61c72b
2000aba4:	e3009e14 	.word	0xe3009e14
2000aba8:	c74e0a27 	.word	0xc74e0a27
2000abac:	c4d742ac 	.word	0xc4d742ac
2000abb0:	c71997ac 	.word	0xc71997ac
2000abb4:	036f7b0d 	.word	0x036f7b0d
2000abb8:	c9aeaa17 	.word	0xc9aeaa17
2000abbc:	4e74099f 	.word	0x4e74099f
2000abc0:	2efc2025 	.word	0x2efc2025
2000abc4:	370f0226 	.word	0x370f0226
2000abc8:	2f222f38 	.word	0x2f222f38
2000abcc:	003293f8 	.word	0x003293f8
2000abd0:	43578143 	.word	0x43578143
2000abd4:	058d6727 	.word	0x058d6727
2000abd8:	0401346f 	.word	0x0401346f
2000abdc:	8f9e66f0 	.word	0x8f9e66f0
2000abe0:	feff27ef 	.word	0xfeff27ef
2000abe4:	24bb2404 	.word	0x24bb2404
2000abe8:	acc0168e 	.word	0xacc0168e
2000abec:	60b0c671 	.word	0x60b0c671
2000abf0:	ff01d96f 	.word	0xff01d96f
2000abf4:	6f6c5058 	.word	0x6f6c5058
2000abf8:	20726572 	.word	0x20726572
2000abfc:	73616dff 	.word	0x73616dff
2000ac00:	25203a6b 	.word	0x25203a6b
2000ac04:	0a21de78 	.word	0x0a21de78
2000ac08:	28467026 	.word	0x28467026
2000ac0c:	4d41008b 	.word	0x4d41008b
2000ac10:	66bc298b 	.word	0x66bc298b
2000ac14:	4fff342c 	.word	0x4fff342c
2000ac18:	7620646c 	.word	0x7620646c
2000ac1c:	d96e2073 	.word	0xd96e2073
2000ac20:	af2e7765 	.word	0xaf2e7765
2000ac24:	20262c1e 	.word	0x20262c1e
2000ac28:	3d2029ef 	.word	0x3d2029ef
2000ac2c:	3e660a0c 	.word	0x3e660a0c
2000ac30:	6f4eff01 	.word	0x6f4eff01
2000ac34:	20612074 	.word	0x20612074
2000ac38:	756f64ff 	.word	0x756f64ff
2000ac3c:	2d656c62 	.word	0x2d656c62
2000ac40:	6968ff63 	.word	0x6968ff63
2000ac44:	61632070 	.word	0x61632070
2000ac48:	2ebd7472 	.word	0x2ebd7472
2000ac4c:	478f00a2 	.word	0x478f00a2
2000ac50:	72db6946 	.word	0x72db6946
2000ac54:	72334a73 	.word	0x72334a73
2000ac58:	6567986f 	.word	0x6567986f
2000ac5c:	d361206e 	.word	0xd361206e
2000ac60:	6365586e 	.word	0x6365586e
2000ac64:	4bc4df6b 	.word	0x4bc4df6b
2000ac68:	0a2e2e2e 	.word	0x0a2e2e2e
2000ac6c:	32db5769 	.word	0x32db5769
2000ac70:	45454a6e 	.word	0x45454a6e
2000ac74:	1e5250d3 	.word	0x1e5250d3
2000ac78:	3230cc37 	.word	0x3230cc37
2000ac7c:	0a097d58 	.word	0x0a097d58
2000ac80:	dd5397ae 	.word	0xdd5397ae
2000ac84:	646e6f68 	.word	0x646e6f68
2000ac88:	efd89988 	.word	0xefd89988
2000ac8c:	7465443e 	.word	0x7465443e
2000ac90:	c7042acc 	.word	0xc7042acc
2000ac94:	44e049a1 	.word	0x44e049a1
2000ac98:	8d90203a 	.word	0x8d90203a
2000ac9c:	fd557f53 	.word	0xfd557f53
2000aca0:	6f6e6b6e 	.word	0x6f6e6b6e
2000aca4:	45b86e77 	.word	0x45b86e77
2000aca8:	e0ce3621 	.word	0xe0ce3621
2000acac:	58094467 	.word	0x58094467
2000acb0:	25389729 	.word	0x25389729
2000acb4:	87780c67 	.word	0x87780c67
2000acb8:	25db0f73 	.word	0x25db0f73
2000acbc:	78670c37 	.word	0x78670c37
2000acc0:	2c6e5342 	.word	0x2c6e5342
2000acc4:	136b6425 	.word	0x136b6425
2000acc8:	e061ad17 	.word	0xe061ad17
2000accc:	4120ff6c 	.word	0x4120ff6c
2000acd0:	53472f52 	.word	0x53472f52
2000acd4:	33865620 	.word	0x33865620
2000acd8:	6039db9d 	.word	0x6039db9d
2000acdc:	2932ec37 	.word	0x2932ec37
2000ace0:	4e4547ff 	.word	0x4e4547ff
2000ace4:	43495245 	.word	0x43495245
2000ace8:	56311e6b 	.word	0x56311e6b
2000acec:	3832317d 	.word	0x3832317d
2000acf0:	4fde296b 	.word	0x4fde296b
2000acf4:	4c455441 	.word	0x4c455441
2000acf8:	322843ef 	.word	0x322843ef
2000acfc:	6bd83635 	.word	0x6bd83635
2000ad00:	9a5e1f29 	.word	0x9a5e1f29
2000ad04:	6b44d835 	.word	0x6b44d835
2000ad08:	6d7fa329 	.word	0x6d7fa329
2000ad0c:	9b1fa53d 	.word	0x9b1fa53d
2000ad10:	b08f003d 	.word	0xb08f003d
2000ad14:	3acd4720 	.word	0x3acd4720
2000ad18:	63ac6924 	.word	0x63ac6924
2000ad1c:	4cf61f3c 	.word	0x4cf61f3c
2000ad20:	a858f920 	.word	0xa858f920
2000ad24:	31d63f29 	.word	0x31d63f29
2000ad28:	b01f6332 	.word	0xb01f6332
2000ad2c:	99823f33 	.word	0x99823f33
2000ad30:	6f6f2fed 	.word	0x6f6f2fed
2000ad34:	36c9044f 	.word	0x36c9044f
2000ad38:	468c122f 	.word	0x468c122f
2000ad3c:	010a4656 	.word	0x010a4656
2000ad40:	57f620e4 	.word	0x57f620e4
2000ad44:	20e28e68 	.word	0x20e28e68
2000ad48:	24f1696b 	.word	0x24f1696b
2000ad4c:	f57c666f 	.word	0xf57c666f
2000ad50:	48376920 	.word	0x48376920
2000ad54:	7b3f7469 	.word	0x7b3f7469
2000ad58:	1f490044 	.word	0x1f490044
2000ad5c:	66657355 	.word	0x66657355
2000ad60:	798e3c26 	.word	0x798e3c26
2000ad64:	9427b04a 	.word	0x9427b04a
2000ad68:	64fb9ce1 	.word	0x64fb9ce1
2000ad6c:	45107573 	.word	0x45107573
2000ad70:	2c02af2e 	.word	0x2c02af2e
2000ad74:	6f4a7610 	.word	0x6f4a7610
2000ad78:	74be2b6d 	.word	0x74be2b6d
2000ad7c:	61966b61 	.word	0x61966b61
2000ad80:	6e0802e4 	.word	0x6e0802e4
2000ad84:	796c6ea0 	.word	0x796c6ea0
2000ad88:	c077a608 	.word	0xc077a608
2000ad8c:	15614320 	.word	0x15614320
2000ad90:	618a6c90 	.word	0x618a6c90
2000ad94:	8c30241f 	.word	0x8c30241f
2000ad98:	6552b2ac 	.word	0x6552b2ac
2000ad9c:	79613616 	.word	0x79613616
2000ada0:	61479e2b 	.word	0x61479e2b
2000ada4:	42656df1 	.word	0x42656df1
2000ada8:	9bc4c075 	.word	0x9bc4c075
2000adac:	6d53164a 	.word	0x6d53164a
2000adb0:	76430607 	.word	0x76430607
2000adb4:	50a21406 	.word	0x50a21406
2000adb8:	7773c1bc 	.word	0x7773c1bc
2000adbc:	12645976 	.word	0x12645976
2000adc0:	79637cae 	.word	0x79637cae
2000adc4:	86611f04 	.word	0x86611f04
2000adc8:	e42e2017 	.word	0xe42e2017
2000adcc:	44cff073 	.word	0x44cff073
2000add0:	e87eb017 	.word	0xe87eb017
2000add4:	88206620 	.word	0x88206620
2000add8:	052b2743 	.word	0x052b2743
2000addc:	6247b003 	.word	0x6247b003
2000ade0:	30568c91 	.word	0x30568c91
2000ade4:	45182ff5 	.word	0x45182ff5
2000ade8:	727571c1 	.word	0x727571c1
2000adec:	657a697b 	.word	0x657a697b
2000adf0:	db022f72 	.word	0xdb022f72
2000adf4:	2b42f7f9 	.word	0x2b42f7f9
2000adf8:	86656498 	.word	0x86656498
2000adfc:	65b6cc76 	.word	0x65b6cc76
2000ae00:	d8ffc4fd 	.word	0xd8ffc4fd
2000ae04:	bf1aea50 	.word	0xbf1aea50
2000ae08:	2034d069 	.word	0x2034d069
2000ae0c:	53c3c740 	.word	0x53c3c740
2000ae10:	6b7260d6 	.word	0x6b7260d6
2000ae14:	3e9f9bb6 	.word	0x3e9f9bb6
2000ae18:	28796e41 	.word	0x28796e41
2000ae1c:	2008db47 	.word	0x2008db47
2000ae20:	655e0548 	.word	0x655e0548
2000ae24:	771662b5 	.word	0x771662b5
2000ae28:	202ebdb8 	.word	0x202ebdb8
2000ae2c:	1157d8ef 	.word	0x1157d8ef
2000ae30:	435d984c 	.word	0x435d984c
2000ae34:	7541f400 	.word	0x7541f400
2000ae38:	79d86f74 	.word	0x79d86f74
2000ae3c:	a47ef231 	.word	0xa47ef231
2000ae40:	65707954 	.word	0x65707954
2000ae44:	2c86f617 	.word	0x2c86f617
2000ae48:	33d4c006 	.word	0x33d4c006
2000ae4c:	7f41238e 	.word	0x7f41238e
2000ae50:	3f68544e 	.word	0x3f68544e
2000ae54:	b2697706 	.word	0xb2697706
2000ae58:	56ab546c 	.word	0x56ab546c
2000ae5c:	7455e270 	.word	0x7455e270
2000ae60:	6c206036 	.word	0x6c206036
2000ae64:	da06ead7 	.word	0xda06ead7
2000ae68:	0d73f076 	.word	0x0d73f076
2000ae6c:	66866fab 	.word	0x66866fab
2000ae70:	06a7c5b7 	.word	0x06a7c5b7
2000ae74:	6d61eaf5 	.word	0x6d61eaf5
2000ae78:	72746193 	.word	0x72746193
2000ae7c:	10f82989 	.word	0x10f82989
2000ae80:	2c198629 	.word	0x2c198629
2000ae84:	fe29023d 	.word	0xfe29023d
2000ae88:	395b1be0 	.word	0x395b1be0
2000ae8c:	47a86d33 	.word	0x47a86d33
2000ae90:	d9c0453b 	.word	0xd9c0453b
2000ae94:	1c14de79 	.word	0x1c14de79
2000ae98:	f1ac3b67 	.word	0xf1ac3b67
2000ae9c:	17c125d1 	.word	0x17c125d1
2000aea0:	0e6562f7 	.word	0x0e6562f7
2000aea4:	c3645a05 	.word	0xc3645a05
2000aea8:	03d70a21 	.word	0x03d70a21
2000aeac:	6461b248 	.word	0x6461b248
2000aeb0:	50723134 	.word	0x50723134
2000aeb4:	6f42e8d9 	.word	0x6f42e8d9
2000aeb8:	b0643ca0 	.word	0xb0643ca0
2000aebc:	c820637e 	.word	0xc820637e
2000aec0:	7910bcd8 	.word	0x7910bcd8
2000aec4:	14000a21 	.word	0x14000a21
2000aec8:	b02a1aaf 	.word	0xb02a1aaf
2000aecc:	7ac5e56c 	.word	0x7ac5e56c
2000aed0:	34cc66bf 	.word	0x34cc66bf
2000aed4:	10880822 	.word	0x10880822
2000aed8:	a18860a7 	.word	0xa18860a7
2000aedc:	bf63003a 	.word	0xbf63003a
2000aee0:	012000d8 	.word	0x012000d8
2000aee4:	61696227 	.word	0x61696227
2000aee8:	2f5cd88a 	.word	0x2f5cd88a
2000aeec:	70573f75 	.word	0x70573f75
2000aef0:	20ec7873 	.word	0x20ec7873
2000aef4:	47573e2d 	.word	0x47573e2d
2000aef8:	58318052 	.word	0x58318052
2000aefc:	3c6f7a62 	.word	0x3c6f7a62
2000af00:	185251a4 	.word	0x185251a4
2000af04:	20c0ad60 	.word	0x20c0ad60
2000af08:	a1bfa50a 	.word	0xa1bfa50a
2000af0c:	8a696301 	.word	0x8a696301
2000af10:	5e040647 	.word	0x5e040647
2000af14:	3e6648ae 	.word	0x3e6648ae
2000af18:	5a1a7338 	.word	0x5a1a7338
2000af1c:	706ca863 	.word	0x706ca863
2000af20:	2056e62c 	.word	0x2056e62c
2000af24:	535065f0 	.word	0x535065f0
2000af28:	5135e558 	.word	0x5135e558
2000af2c:	8e586e8e 	.word	0x8e586e8e
2000af30:	7d3f7572 	.word	0x7d3f7572
2000af34:	b1000a73 	.word	0xb1000a73
2000af38:	53307d00 	.word	0x53307d00
2000af3c:	14281dc2 	.word	0x14281dc2
2000af40:	3f68ac0b 	.word	0x3f68ac0b
2000af44:	4c5843e0 	.word	0x4c5843e0
2000af48:	1d7e3bb0 	.word	0x1d7e3bb0
2000af4c:	8f8a2e2e 	.word	0x8f8a2e2e
2000af50:	085736d8 	.word	0x085736d8
2000af54:	b46e646c 	.word	0xb46e646c
2000af58:	7264c227 	.word	0x7264c227
2000af5c:	316905bf 	.word	0x316905bf
2000af60:	3c8b7028 	.word	0x3c8b7028
2000af64:	aea355b0 	.word	0xaea355b0
2000af68:	7b775a17 	.word	0x7b775a17
2000af6c:	a6756c50 	.word	0xa6756c50
2000af70:	9d396941 	.word	0x9d396941
2000af74:	66b2653d 	.word	0x66b2653d
2000af78:	6d74f192 	.word	0x6d74f192
2000af7c:	7d72607e 	.word	0x7d72607e
2000af80:	aa61670e 	.word	0xaa61670e
2000af84:	07812e2e 	.word	0x07812e2e
2000af88:	69b4d563 	.word	0x69b4d563
2000af8c:	92166ed6 	.word	0x92166ed6
2000af90:	553a7966 	.word	0x553a7966
2000af94:	f1726f76 	.word	0xf1726f76
2000af98:	2158e717 	.word	0x2158e717
2000af9c:	3e499bcf 	.word	0x3e499bcf
2000afa0:	5861bc2e 	.word	0x5861bc2e
2000afa4:	008092e2 	.word	0x008092e2
2000afa8:	7070822d 	.word	0x7070822d
2000afac:	9dd75881 	.word	0x9dd75881
2000afb0:	c0be8364 	.word	0xc0be8364
2000afb4:	13ee7258 	.word	0x13ee7258
2000afb8:	4087ec6a 	.word	0x4087ec6a
2000afbc:	212f65ba 	.word	0x212f65ba
2000afc0:	8b300f38 	.word	0x8b300f38
2000afc4:	69e16605 	.word	0x69e16605
2000afc8:	442e3cd5 	.word	0x442e3cd5
2000afcc:	5339bae7 	.word	0x5339bae7
2000afd0:	073a76be 	.word	0x073a76be
2000afd4:	5d2cd82c 	.word	0x5d2cd82c
2000afd8:	0fc12358 	.word	0x0fc12358
2000afdc:	b0e81312 	.word	0xb0e81312
2000afe0:	67882f8e 	.word	0x67882f8e
2000afe4:	16722068 	.word	0x16722068
2000afe8:	76330dc1 	.word	0x76330dc1
2000afec:	542eaf21 	.word	0x542eaf21
2000aff0:	df390018 	.word	0xdf390018
2000aff4:	a006b438 	.word	0xa006b438
2000aff8:	7a5595e0 	.word	0x7a5595e0
2000affc:	df146079 	.word	0xdf146079
2000b000:	6425244a 	.word	0x6425244a
2000b004:	0e3f21ae 	.word	0x0e3f21ae
2000b008:	58841e48 	.word	0x58841e48
2000b00c:	2a5857f4 	.word	0x2a5857f4
2000b010:	b1306873 	.word	0xb1306873
2000b014:	341fa0b7 	.word	0x341fa0b7
2000b018:	1e0a70d6 	.word	0x1e0a70d6
2000b01c:	5ade2c5c 	.word	0x5ade2c5c
2000b020:	72574443 	.word	0x72574443
2000b024:	d8654ad0 	.word	0xd8654ad0
2000b028:	786d6d82 	.word	0x786d6d82
2000b02c:	154e28be 	.word	0x154e28be
2000b030:	604d2668 	.word	0x604d2668
2000b034:	41aa509e 	.word	0x41aa509e
2000b038:	063502a8 	.word	0x063502a8
2000b03c:	30c2b061 	.word	0x30c2b061
2000b040:	5b50b978 	.word	0x5b50b978
2000b044:	785942c4 	.word	0x785942c4
2000b048:	77e56617 	.word	0x77e56617
2000b04c:	ef686ed7 	.word	0xef686ed7
2000b050:	2effe704 	.word	0x2effe704
2000b054:	4cc68709 	.word	0x4cc68709
2000b058:	50976009 	.word	0x50976009
2000b05c:	48606e6e 	.word	0x48606e6e
2000b060:	b890ea99 	.word	0xb890ea99
2000b064:	66667554 	.word	0x66667554
2000b068:	8ad13a06 	.word	0x8ad13a06
2000b06c:	68fef164 	.word	0x68fef164
2000b070:	dded4f60 	.word	0xdded4f60
2000b074:	85cd2d34 	.word	0x85cd2d34
2000b078:	69e16c2a 	.word	0x69e16c2a
2000b07c:	e2d16e67 	.word	0xe2d16e67
2000b080:	41e69b39 	.word	0x41e69b39
2000b084:	b2990b21 	.word	0xb2990b21
2000b088:	00aa98b8 	.word	0x00aa98b8
2000b08c:	7852d733 	.word	0x7852d733
2000b090:	5c284ef8 	.word	0x5c284ef8
2000b094:	515e202f 	.word	0x515e202f
2000b098:	860e642e 	.word	0x860e642e
2000b09c:	45ac1b2b 	.word	0x45ac1b2b
2000b0a0:	5445d853 	.word	0x5445d853
2000b0a4:	80456237 	.word	0x80456237
2000b0a8:	6cbf2644 	.word	0x6cbf2644
2000b0ac:	16794d0d 	.word	0x16794d0d
2000b0b0:	1318a888 	.word	0x1318a888
2000b0b4:	f0339e66 	.word	0xf0339e66
2000b0b8:	7574601e 	.word	0x7574601e
2000b0bc:	c53f07ec 	.word	0xc53f07ec
2000b0c0:	6d43b873 	.word	0x6d43b873
2000b0c4:	4443b66b 	.word	0x4443b66b
2000b0c8:	d7e73747 	.word	0xd7e73747
2000b0cc:	8b613762 	.word	0x8b613762
2000b0d0:	097e04c7 	.word	0x097e04c7
2000b0d4:	455dce06 	.word	0x455dce06
2000b0d8:	6c700f16 	.word	0x6c700f16
2000b0dc:	d0697a55 	.word	0xd0697a55
2000b0e0:	271a21ae 	.word	0x271a21ae
2000b0e4:	63436445 	.word	0x63436445
2000b0e8:	119d99a5 	.word	0x119d99a5
2000b0ec:	841e5e83 	.word	0x841e5e83
2000b0f0:	3e140ee1 	.word	0x3e140ee1
2000b0f4:	4e7d5b6b 	.word	0x4e7d5b6b
2000b0f8:	4353f054 	.word	0x4353f054
2000b0fc:	e2504a2d 	.word	0xe2504a2d
2000b100:	6d643b79 	.word	0x6d643b79
2000b104:	702cb573 	.word	0x702cb573
2000b108:	aa51ee55 	.word	0xaa51ee55
2000b10c:	7e2ed7d8 	.word	0x7e2ed7d8
2000b110:	09766f6d 	.word	0x09766f6d
2000b114:	86470427 	.word	0x86470427
2000b118:	b71b6540 	.word	0xb71b6540
2000b11c:	2471e63f 	.word	0x2471e63f
2000b120:	a72aadc6 	.word	0xa72aadc6
2000b124:	6fe2e841 	.word	0x6fe2e841
2000b128:	5f2fee72 	.word	0x5f2fee72
2000b12c:	33b3e200 	.word	0x33b3e200
2000b130:	0436ca82 	.word	0x0436ca82
2000b134:	ff062173 	.word	0xff062173
2000b138:	33335b1e 	.word	0x33335b1e
2000b13c:	455f606d 	.word	0x455f606d
2000b140:	54d43824 	.word	0x54d43824
2000b144:	21082a9e 	.word	0x21082a9e
2000b148:	fcb427c4 	.word	0xfcb427c4
2000b14c:	70bb1d65 	.word	0x70bb1d65
2000b150:	2c6d3719 	.word	0x2c6d3719
2000b154:	f03cc24e 	.word	0xf03cc24e
2000b158:	8f5aad06 	.word	0x8f5aad06
2000b15c:	a2295986 	.word	0xa2295986
2000b160:	2ede5ac1 	.word	0x2ede5ac1
2000b164:	9d61b54c 	.word	0x9d61b54c
2000b168:	87568f6e 	.word	0x87568f6e
2000b16c:	186c73df 	.word	0x186c73df
2000b170:	ae032132 	.word	0xae032132
2000b174:	161953a7 	.word	0x161953a7
2000b178:	8334de30 	.word	0x8334de30
2000b17c:	2291306e 	.word	0x2291306e
2000b180:	41767770 	.word	0x41767770
2000b184:	b26ca742 	.word	0xb26ca742
2000b188:	001f4560 	.word	0x001f4560
2000b18c:	ff535953 	.word	0xff535953
2000b190:	2e4d4554 	.word	0x2e4d4554
2000b194:	3b464e43 	.word	0x3b464e43
2000b198:	33bf7801 	.word	0x33bf7801
2000b19c:	63fa2ed3 	.word	0x63fa2ed3
2000b1a0:	313b666e 	.word	0x313b666e
2000b1a4:	4c784fa0 	.word	0x4c784fa0
2000b1a8:	8a7b616f 	.word	0x8a7b616f
2000b1ac:	a0485d20 	.word	0xa0485d20
2000b1b0:	732a3eaa 	.word	0x732a3eaa
2000b1b4:	8c3ab6ac 	.word	0x8c3ab6ac
2000b1b8:	de309b32 	.word	0xde309b32
2000b1bc:	98817ec9 	.word	0x98817ec9
2000b1c0:	d8c10112 	.word	0xd8c10112
2000b1c4:	253d88b1 	.word	0x253d88b1
2000b1c8:	99547cf1 	.word	0x99547cf1
2000b1cc:	1711e290 	.word	0x1711e290
2000b1d0:	3d6b637a 	.word	0x3d6b637a
2000b1d4:	46bfae13 	.word	0x46bfae13
2000b1d8:	289d34cb 	.word	0x289d34cb
2000b1dc:	28b0c1a6 	.word	0x28b0c1a6
2000b1e0:	25c04b0f 	.word	0x25c04b0f
2000b1e4:	45006c7f 	.word	0x45006c7f
2000b1e8:	638e6578 	.word	0x638e6578
2000b1ec:	4c530487 	.word	0x4c530487
2000b1f0:	80512b50 	.word	0x80512b50
2000b1f4:	2e2edb5e 	.word	0x2e2edb5e
2000b1f8:	e1068733 	.word	0xe1068733
2000b1fc:	08bb433f 	.word	0x08bb433f
2000b200:	7232ef1c 	.word	0x7232ef1c
2000b204:	645f3723 	.word	0x645f3723
2000b208:	124025a4 	.word	0x124025a4
2000b20c:	ff4747b5 	.word	0xff4747b5
2000b210:	6767c26f 	.word	0x6767c26f
2000b214:	69542a2c 	.word	0x69542a2c
2000b218:	7ebb5452 	.word	0x7ebb5452
2000b21c:	524d9f21 	.word	0x524d9f21
2000b220:	bf5264a0 	.word	0xbf5264a0
2000b224:	53414c3a 	.word	0x53414c3a
2000b228:	a74e4948 	.word	0xa74e4948
2000b22c:	0a159247 	.word	0x0a159247
2000b230:	cad4066c 	.word	0xcad4066c
2000b234:	30ddc00a 	.word	0x30ddc00a
2000b238:	e921c26b 	.word	0xe921c26b
2000b23c:	eca20877 	.word	0xeca20877
2000b240:	59489367 	.word	0x59489367
2000b244:	745c12c1 	.word	0x745c12c1
2000b248:	be7f3cf1 	.word	0xbe7f3cf1
2000b24c:	e158c81b 	.word	0xe158c81b
2000b250:	4e8177a6 	.word	0x4e8177a6
2000b254:	7728ee16 	.word	0x7728ee16
2000b258:	d229ae21 	.word	0xd229ae21
2000b25c:	707865e0 	.word	0x707865e0
2000b260:	1a3d1578 	.word	0x1a3d1578
2000b264:	7470e12c 	.word	0x7470e12c
2000b268:	215f2bec 	.word	0x215f2bec
2000b26c:	6c162683 	.word	0x6c162683
2000b270:	b5657375 	.word	0xb5657375
2000b274:	da748255 	.word	0xda748255
2000b278:	c1593734 	.word	0xc1593734
2000b27c:	523cda47 	.word	0x523cda47
2000b280:	89bba7be 	.word	0x89bba7be
2000b284:	6d831b17 	.word	0x6d831b17
2000b288:	7020d834 	.word	0x7020d834
2000b28c:	67b03712 	.word	0x67b03712
2000b290:	0ade6575 	.word	0x0ade6575
2000b294:	05084100 	.word	0x05084100
2000b298:	a28df5d8 	.word	0xa28df5d8
2000b29c:	82c5c59f 	.word	0x82c5c59f
2000b2a0:	81efa826 	.word	0x81efa826
2000b2a4:	6d0265a2 	.word	0x6d0265a2
2000b2a8:	454796e5 	.word	0x454796e5
2000b2ac:	6c009941 	.word	0x6c009941
2000b2b0:	59060aa7 	.word	0x59060aa7
2000b2b4:	de8fc45e 	.word	0xde8fc45e
2000b2b8:	4d07636c 	.word	0x4d07636c
2000b2bc:	84cc7a06 	.word	0x84cc7a06
2000b2c0:	f0510b18 	.word	0xf0510b18
2000b2c4:	44524143 	.word	0x44524143
2000b2c8:	4152522f 	.word	0x4152522f
2000b2cc:	80765780 	.word	0x80765780
2000b2d0:	46f11641 	.word	0x46f11641
2000b2d4:	d14c4941 	.word	0xd14c4941
2000b2d8:	0cb854b6 	.word	0x0cb854b6
2000b2dc:	8846017e 	.word	0x8846017e
2000b2e0:	b8621012 	.word	0xb8621012
2000b2e4:	fb382503 	.word	0xfb382503
2000b2e8:	40ce309d 	.word	0x40ce309d
2000b2ec:	9d52e173 	.word	0x9d52e173
2000b2f0:	dbd7eaf4 	.word	0xdbd7eaf4
2000b2f4:	0f0021e5 	.word	0x0f0021e5
2000b2f8:	ed772038 	.word	0xed772038
2000b2fc:	c185164b 	.word	0xc185164b
2000b300:	4317f4ae 	.word	0x4317f4ae
2000b304:	a316d5e6 	.word	0xa316d5e6
2000b308:	b9a26b2f 	.word	0xb9a26b2f
2000b30c:	937fdb91 	.word	0x937fdb91
2000b310:	b63ccc85 	.word	0xb63ccc85
2000b314:	d8c02361 	.word	0xd8c02361
2000b318:	36376f74 	.word	0x36376f74
2000b31c:	93ac427f 	.word	0x93ac427f
2000b320:	6226e903 	.word	0x6226e903
2000b324:	738466be 	.word	0x738466be
2000b328:	2581af2c 	.word	0x2581af2c
2000b32c:	74078d00 	.word	0x74078d00
2000b330:	1ab3a2f7 	.word	0x1ab3a2f7
2000b334:	04131e66 	.word	0x04131e66
2000b338:	da77aa13 	.word	0xda77aa13
2000b33c:	68de3547 	.word	0x68de3547
2000b340:	79617764 	.word	0x79617764
2000b344:	aca749c0 	.word	0xaca749c0
2000b348:	702a8003 	.word	0x702a8003
2000b34c:	0c685669 	.word	0x0c685669
2000b350:	d68233f6 	.word	0xd68233f6
2000b354:	27c7aa02 	.word	0x27c7aa02
2000b358:	62a00973 	.word	0x62a00973
2000b35c:	6c9d933d 	.word	0x6c9d933d
2000b360:	64b46591 	.word	0x64b46591
2000b364:	17f182a7 	.word	0x17f182a7
2000b368:	65746da9 	.word	0x65746da9
2000b36c:	530a70ef 	.word	0x530a70ef
2000b370:	8d046337 	.word	0x8d046337
2000b374:	663c1628 	.word	0x663c1628
2000b378:	18c4bc6c 	.word	0x18c4bc6c
2000b37c:	70003cdc 	.word	0x70003cdc
2000b380:	474e236f 	.word	0x474e236f
2000b384:	a5fa0895 	.word	0xa5fa0895
2000b388:	93ec6162 	.word	0x93ec6162
2000b38c:	f33c835c 	.word	0xf33c835c
2000b390:	603ae179 	.word	0x603ae179
2000b394:	796cd0ed 	.word	0x796cd0ed
2000b398:	a43353e0 	.word	0xa43353e0
2000b39c:	68e14875 	.word	0x68e14875
2000b3a0:	a65c67e0 	.word	0xa65c67e0
2000b3a4:	1464656c 	.word	0x1464656c
2000b3a8:	607b2fcf 	.word	0x607b2fcf
2000b3ac:	69022e4a 	.word	0x69022e4a
2000b3b0:	796ce42b 	.word	0x796ce42b
2000b3b4:	68beef63 	.word	0x68beef63
2000b3b8:	18726536 	.word	0x18726536
2000b3bc:	75709e77 	.word	0x75709e77
2000b3c0:	d8870874 	.word	0xd8870874
2000b3c4:	a064604f 	.word	0xa064604f
2000b3c8:	21b061fe 	.word	0x21b061fe
2000b3cc:	e6d837e0 	.word	0xe6d837e0
2000b3d0:	80846d6d 	.word	0x80846d6d
2000b3d4:	1b20c0ae 	.word	0x1b20c0ae
2000b3d8:	a9a112f5 	.word	0xa9a112f5
2000b3dc:	7c3f8c19 	.word	0x7c3f8c19
2000b3e0:	b1af0633 	.word	0xb1af0633
2000b3e4:	78521518 	.word	0x78521518
2000b3e8:	c58d5c83 	.word	0xc58d5c83
2000b3ec:	1102ad64 	.word	0x1102ad64
2000b3f0:	884903d7 	.word	0x884903d7
2000b3f4:	70cef153 	.word	0x70cef153
2000b3f8:	0c67de1a 	.word	0x0c67de1a
2000b3fc:	16341214 	.word	0x16341214
2000b400:	07ae1ad1 	.word	0x07ae1ad1
2000b404:	c10b9563 	.word	0xc10b9563
2000b408:	4d851407 	.word	0x4d851407
2000b40c:	6f8921db 	.word	0x6f8921db
2000b410:	7ec05388 	.word	0x7ec05388
2000b414:	43d28ac7 	.word	0x43d28ac7
2000b418:	6bdc4462 	.word	0x6bdc4462
2000b41c:	5016e3c7 	.word	0x5016e3c7
2000b420:	62cea82e 	.word	0x62cea82e
2000b424:	27110467 	.word	0x27110467
2000b428:	06820a93 	.word	0x06820a93
2000b42c:	0aa40fd9 	.word	0x0aa40fd9
2000b430:	0827831a 	.word	0x0827831a
2000b434:	6b0f0da5 	.word	0x6b0f0da5
2000b438:	dac26384 	.word	0xdac26384
2000b43c:	186832a0 	.word	0x186832a0
2000b440:	61b055c2 	.word	0x61b055c2
2000b444:	987542e0 	.word	0x987542e0
2000b448:	6536dfbe 	.word	0x6536dfbe
2000b44c:	e83034dc 	.word	0xe83034dc
2000b450:	7c1868dc 	.word	0x7c1868dc
2000b454:	20a4ba07 	.word	0x20a4ba07
2000b458:	e20be365 	.word	0xe20be365
2000b45c:	628d6d31 	.word	0x628d6d31
2000b460:	3e9a0752 	.word	0x3e9a0752
2000b464:	612ad165 	.word	0x612ad165
2000b468:	7566767f 	.word	0x7566767f
2000b46c:	092e646e 	.word	0x092e646e
2000b470:	8543a784 	.word	0x8543a784
2000b474:	890a0ae0 	.word	0x890a0ae0
2000b478:	3a20f0f7 	.word	0x3a20f0f7
2000b47c:	1fc40a28 	.word	0x1fc40a28
2000b480:	ea4e49ea 	.word	0xea4e49ea
2000b484:	80bf4c74 	.word	0x80bf4c74
2000b488:	57594e41 	.word	0x57594e41
2000b48c:	a1195941 	.word	0xa1195941
2000b490:	86508f27 	.word	0x86508f27
2000b494:	6c41e26f 	.word	0x6c41e26f
2000b498:	46d02b74 	.word	0x46d02b74
2000b49c:	fd057034 	.word	0xfd057034
2000b4a0:	46706d92 	.word	0x46706d92
2000b4a4:	046eb2aa 	.word	0x046eb2aa
2000b4a8:	da8f1014 	.word	0xda8f1014
2000b4ac:	f6786369 	.word	0xf6786369
2000b4b0:	729e2a70 	.word	0x729e2a70
2000b4b4:	7869f7b7 	.word	0x7869f7b7
2000b4b8:	6966c079 	.word	0x6966c079
2000b4bc:	48439f27 	.word	0x48439f27
2000b4c0:	1e4b45c0 	.word	0x1e4b45c0
2000b4c4:	45b25d27 	.word	0x45b25d27
2000b4c8:	21bfb800 	.word	0x21bfb800
2000b4cc:	430d0754 	.word	0x430d0754
2000b4d0:	65c1d170 	.word	0x65c1d170
2000b4d4:	b43ba261 	.word	0xb43ba261
2000b4d8:	19db0cc7 	.word	0x19db0cc7
2000b4dc:	85604a56 	.word	0x85604a56
2000b4e0:	45354773 	.word	0x45354773
2000b4e4:	1f6db500 	.word	0x1f6db500
2000b4e8:	00432042 	.word	0x00432042
2000b4ec:	40152fee 	.word	0x40152fee
2000b4f0:	812227a5 	.word	0x812227a5
2000b4f4:	235c1815 	.word	0x235c1815
2000b4f8:	c12d46a2 	.word	0xc12d46a2
2000b4fc:	22b8422e 	.word	0x22b8422e
2000b500:	b64758bf 	.word	0xb64758bf
2000b504:	467088e6 	.word	0x467088e6
2000b508:	8d37c577 	.word	0x8d37c577
2000b50c:	6f88bd60 	.word	0x6f88bd60
2000b510:	4e51ffc6 	.word	0x4e51ffc6
2000b514:	87074e4f 	.word	0x87074e4f
2000b518:	4b4e55f7 	.word	0x4b4e55f7
2000b51c:	1e340f4e 	.word	0x1e340f4e
2000b520:	166bb650 	.word	0x166bb650
2000b524:	fede347d 	.word	0xfede347d
2000b528:	73657571 	.word	0x73657571
2000b52c:	949a7ff4 	.word	0x949a7ff4
2000b530:	7cd7b861 	.word	0x7cd7b861
2000b534:	53544946 	.word	0x53544946
2000b538:	f01af710 	.word	0xf01af710
2000b53c:	6e5ed848 	.word	0x6e5ed848
2000b540:	082f8d65 	.word	0x082f8d65
2000b544:	78725455 	.word	0x78725455
2000b548:	4023468b 	.word	0x4023468b
2000b54c:	d7505b90 	.word	0xd7505b90
2000b550:	4558457d 	.word	0x4558457d
2000b554:	2d448b98 	.word	0x2d448b98
2000b558:	4c0cb657 	.word	0x4c0cb657
2000b55c:	36a46759 	.word	0x36a46759
2000b560:	9a746992 	.word	0x9a746992
2000b564:	0462518f 	.word	0x0462518f
2000b568:	096ea6d0 	.word	0x096ea6d0
2000b56c:	153916f1 	.word	0x153916f1
2000b570:	4bb44364 	.word	0x4bb44364
2000b574:	636d5fcf 	.word	0x636d5fcf
2000b578:	02a70c72 	.word	0x02a70c72
2000b57c:	6eb86305 	.word	0x6eb86305
2000b580:	c1dc746f 	.word	0xc1dc746f
2000b584:	0516f71b 	.word	0x0516f71b
2000b588:	6b8d01e3 	.word	0x6b8d01e3
2000b58c:	5737bb18 	.word	0x5737bb18
2000b590:	fe8c0437 	.word	0xfe8c0437
2000b594:	29252562 	.word	0x29252562
2000b598:	d89fc50a 	.word	0xd89fc50a
2000b59c:	82ad9357 	.word	0x82ad9357
2000b5a0:	c12140f7 	.word	0xc12140f7
2000b5a4:	c403f907 	.word	0xc403f907
2000b5a8:	5a7360b8 	.word	0x5a7360b8
2000b5ac:	991b1067 	.word	0x991b1067
2000b5b0:	5505bf60 	.word	0x5505bf60
2000b5b4:	57e96e0a 	.word	0x57e96e0a
2000b5b8:	435044f7 	.word	0x435044f7
2000b5bc:	434df843 	.word	0x434df843
2000b5c0:	0fbf4452 	.word	0x0fbf4452
2000b5c4:	6750474b 	.word	0x6750474b
2000b5c8:	5b4c460f 	.word	0x5b4c460f
2000b5cc:	6177973b 	.word	0x6177973b
2000b5d0:	462070e0 	.word	0x462070e0
2000b5d4:	5767f938 	.word	0x5767f938
2000b5d8:	56d9f4a4 	.word	0x56d9f4a4
2000b5dc:	c27c61fa 	.word	0xc27c61fa
2000b5e0:	95bb6465 	.word	0x95bb6465
2000b5e4:	6f74e1d4 	.word	0x6f74e1d4
2000b5e8:	11551933 	.word	0x11551933
2000b5ec:	be10f3c3 	.word	0xbe10f3c3
2000b5f0:	203c8224 	.word	0x203c8224
2000b5f4:	6561f96f 	.word	0x6561f96f
2000b5f8:	48973f73 	.word	0x48973f73
2000b5fc:	306c8a65 	.word	0x306c8a65
2000b600:	75646567 	.word	0x75646567
2000b604:	a8d0c201 	.word	0xa8d0c201
2000b608:	f7166c66 	.word	0xf7166c66
2000b60c:	096e3aa4 	.word	0x096e3aa4
2000b610:	b74c4f43 	.word	0xb74c4f43
2000b614:	988520a7 	.word	0x988520a7
2000b618:	d1615d36 	.word	0xd1615d36
2000b61c:	f7b6753a 	.word	0xf7b6753a
2000b620:	b0b87486 	.word	0xb0b87486
2000b624:	af08f620 	.word	0xaf08f620
2000b628:	500643ae 	.word	0x500643ae
2000b62c:	5b4441ed 	.word	0x5b4441ed
2000b630:	bd4f5d46 	.word	0xbd4f5d46
2000b634:	200920b3 	.word	0x200920b3
2000b638:	a61320b0 	.word	0xa61320b0
2000b63c:	2d7ec1cf 	.word	0x2d7ec1cf
2000b640:	1e563d60 	.word	0x1e563d60
2000b644:	1e5a0f50 	.word	0x1e5a0f50
2000b648:	44bf3f41 	.word	0x44bf3f41
2000b64c:	f4389200 	.word	0xf4389200
2000b650:	5ae4294c 	.word	0x5ae4294c
2000b654:	371f6469 	.word	0x371f6469
2000b658:	626f824c 	.word	0x626f824c
2000b65c:	57f442a0 	.word	0x57f442a0
2000b660:	7fa7990c 	.word	0x7fa7990c
2000b664:	d2065403 	.word	0xd2065403
2000b668:	2620f68b 	.word	0x2620f68b
2000b66c:	f86720c7 	.word	0xf86720c7
2000b670:	3a7374f4 	.word	0x3a7374f4
2000b674:	21d49fba 	.word	0x21d49fba
2000b678:	62583ecc 	.word	0x62583ecc
2000b67c:	d6539cd5 	.word	0xd6539cd5
2000b680:	4b9c6bae 	.word	0x4b9c6bae
2000b684:	db18d783 	.word	0xdb18d783
2000b688:	064e4f39 	.word	0x064e4f39
2000b68c:	2f4646ec 	.word	0x2f4646ec
2000b690:	4fc8b16a 	.word	0x4fc8b16a
2000b694:	52fcdf53 	.word	0x52fcdf53
2000b698:	3a323343 	.word	0x3a323343
2000b69c:	20773000 	.word	0x20773000
2000b6a0:	03b0ad06 	.word	0x03b0ad06
2000b6a4:	570a606b 	.word	0x570a606b
2000b6a8:	309f2205 	.word	0x309f2205
2000b6ac:	1b7736d6 	.word	0x1b7736d6
2000b6b0:	50af1a10 	.word	0x50af1a10
2000b6b4:	284a22e1 	.word	0x284a22e1
2000b6b8:	337413d7 	.word	0x337413d7
2000b6bc:	81724e02 	.word	0x81724e02
2000b6c0:	ba50468d 	.word	0xba50468d
2000b6c4:	b37c113d 	.word	0xb37c113d
2000b6c8:	29159f53 	.word	0x29159f53
2000b6cc:	c51b6769 	.word	0xc51b6769
2000b6d0:	46c5864e 	.word	0x46c5864e
2000b6d4:	3ff89f21 	.word	0x3ff89f21
2000b6d8:	a1a30f20 	.word	0xa1a30f20
2000b6dc:	5db4eb57 	.word	0x5db4eb57
2000b6e0:	2022a049 	.word	0x2022a049
2000b6e4:	73a67110 	.word	0x73a67110
2000b6e8:	0720443d 	.word	0x0720443d
2000b6ec:	3f70b59d 	.word	0x3f70b59d
2000b6f0:	1b6721ef 	.word	0x1b6721ef
2000b6f4:	b1e3e3c2 	.word	0xb1e3e3c2
2000b6f8:	808d8e99 	.word	0x808d8e99
2000b6fc:	c3df462f 	.word	0xc3df462f
2000b700:	12015873 	.word	0x12015873
2000b704:	ac4620da 	.word	0xac4620da
2000b708:	4f1af3cb 	.word	0x4f1af3cb
2000b70c:	3722bbab 	.word	0x3722bbab
2000b710:	15355234 	.word	0x15355234
2000b714:	3a73b04b 	.word	0x3a73b04b
2000b718:	9f35a788 	.word	0x9f35a788
2000b71c:	79a96c5f 	.word	0x79a96c5f
2000b720:	00204bcc 	.word	0x00204bcc
2000b724:	1a809fc0 	.word	0x1a809fc0
2000b728:	6f38351f 	.word	0x6f38351f
2000b72c:	68780f35 	.word	0x68780f35
2000b730:	2f945a65 	.word	0x2f945a65
2000b734:	462a661c 	.word	0x462a661c
2000b738:	2d6562d4 	.word	0x2d6562d4
2000b73c:	03cc0363 	.word	0x03cc0363
2000b740:	c7ca3b85 	.word	0xc7ca3b85
2000b744:	8fb0b755 	.word	0x8fb0b755
2000b748:	793f0b20 	.word	0x793f0b20
2000b74c:	74726f73 	.word	0x74726f73
2000b750:	67c47834 	.word	0x67c47834
2000b754:	498c0265 	.word	0x498c0265
2000b758:	196b4f30 	.word	0x196b4f30
2000b75c:	74bd39ab 	.word	0x74bd39ab
2000b760:	2a382f84 	.word	0x2a382f84
2000b764:	0d0c8000 	.word	0x0d0c8000
2000b768:	32db538a 	.word	0x32db538a
2000b76c:	6e41142b 	.word	0x6e41142b
2000b770:	4c686c1d 	.word	0x4c686c1d
2000b774:	9296cca0 	.word	0x9296cca0
2000b778:	223325eb 	.word	0x223325eb
2000b77c:	f5f7c1a0 	.word	0xf5f7c1a0
2000b780:	756d654d 	.word	0x756d654d
2000b784:	0c3d9ce5 	.word	0x0c3d9ce5
2000b788:	d148a3a3 	.word	0xd148a3a3
2000b78c:	a0905f73 	.word	0xa0905f73
2000b790:	26464c0e 	.word	0x26464c0e
2000b794:	7e0c7a13 	.word	0x7e0c7a13
2000b798:	2e64656d 	.word	0x2e64656d
2000b79c:	a70057b7 	.word	0xa70057b7
2000b7a0:	7075e1a9 	.word	0x7075e1a9
2000b7a4:	620c3d16 	.word	0x620c3d16
2000b7a8:	1c1db978 	.word	0x1c1db978
2000b7ac:	18b5946d 	.word	0x18b5946d
2000b7b0:	1529351f 	.word	0x1529351f
2000b7b4:	a82a741c 	.word	0xa82a741c
2000b7b8:	59f00020 	.word	0x59f00020
2000b7bc:	ae9c8310 	.word	0xae9c8310
2000b7c0:	7315d785 	.word	0x7315d785
2000b7c4:	2868cf60 	.word	0x2868cf60
2000b7c8:	0d70f377 	.word	0x0d70f377
2000b7cc:	6587736c 	.word	0x6587736c
2000b7d0:	135ab3bd 	.word	0x135ab3bd
2000b7d4:	618bb696 	.word	0x618bb696
2000b7d8:	fa5d056d 	.word	0xfa5d056d
2000b7dc:	dd0a0a29 	.word	0xdd0a0a29
2000b7e0:	046d139f 	.word	0x046d139f
2000b7e4:	a5dc0acf 	.word	0xa5dc0acf
2000b7e8:	37a90918 	.word	0x37a90918
2000b7ec:	01683615 	.word	0x01683615
2000b7f0:	0c6413f1 	.word	0x0c6413f1
2000b7f4:	ee5acc99 	.word	0xee5acc99
2000b7f8:	fb84b121 	.word	0xfb84b121
2000b7fc:	3f5810b3 	.word	0x3f5810b3
2000b800:	4f4ebfdf 	.word	0x4f4ebfdf
2000b804:	3a864554 	.word	0x3a864554
2000b808:	5245bf27 	.word	0x5245bf27
2000b80c:	45815341 	.word	0x45815341
2000b810:	9f9799c2 	.word	0x9f9799c2
2000b814:	1522b75b 	.word	0x1522b75b
2000b818:	f866b8f1 	.word	0xf866b8f1
2000b81c:	0b3a9e61 	.word	0x0b3a9e61
2000b820:	122e3f58 	.word	0x122e3f58
2000b824:	64862f89 	.word	0x64862f89
2000b828:	032f6027 	.word	0x032f6027
2000b82c:	77738a48 	.word	0x77738a48
2000b830:	93650124 	.word	0x93650124
2000b834:	a873582e 	.word	0xa873582e
2000b838:	89626861 	.word	0x89626861
2000b83c:	8de7058f 	.word	0x8de7058f
2000b840:	c03fc7e6 	.word	0xc03fc7e6
2000b844:	a70a870c 	.word	0xa70a870c
2000b848:	6e867cb8 	.word	0x6e867cb8
2000b84c:	692ff6eb 	.word	0x692ff6eb
2000b850:	73c21d16 	.word	0x73c21d16
2000b854:	c2c7e050 	.word	0xc2c7e050
2000b858:	148dc023 	.word	0x148dc023
2000b85c:	25126180 	.word	0x25126180
2000b860:	45dda202 	.word	0x45dda202
2000b864:	a98a8323 	.word	0xa98a8323
2000b868:	b48edfe1 	.word	0xb48edfe1
2000b86c:	2089b369 	.word	0x2089b369
2000b870:	5730150e 	.word	0x5730150e
2000b874:	282a634f 	.word	0x282a634f
2000b878:	2cdb2704 	.word	0x2cdb2704
2000b87c:	87350020 	.word	0x87350020
2000b880:	d80dc123 	.word	0xd80dc123
2000b884:	6e3867ce 	.word	0x6e3867ce
2000b888:	d965c900 	.word	0xd965c900
2000b88c:	8114a946 	.word	0x8114a946
2000b890:	61aca929 	.word	0x61aca929
2000b894:	3783f775 	.word	0x3783f775
2000b898:	379e3a00 	.word	0x379e3a00
2000b89c:	3849e140 	.word	0x3849e140
2000b8a0:	3fc201d5 	.word	0x3fc201d5
2000b8a4:	98ba930c 	.word	0x98ba930c
2000b8a8:	2830f821 	.word	0x2830f821
2000b8ac:	83635464 	.word	0x83635464
2000b8b0:	770c6d7a 	.word	0x770c6d7a
2000b8b4:	20e73529 	.word	0x20e73529
2000b8b8:	51042746 	.word	0x51042746
2000b8bc:	9ed36bfd 	.word	0x9ed36bfd
2000b8c0:	3f65e090 	.word	0x3f65e090
2000b8c4:	69424faf 	.word	0x69424faf
2000b8c8:	b3c8c01a 	.word	0xb3c8c01a
2000b8cc:	53c0406d 	.word	0x53c0406d
2000b8d0:	3ed6925c 	.word	0x3ed6925c
2000b8d4:	74e87c53 	.word	0x74e87c53
2000b8d8:	57fc3437 	.word	0x57fc3437
2000b8dc:	6b4e486b 	.word	0x6b4e486b
2000b8e0:	307f0d24 	.word	0x307f0d24
2000b8e4:	61225163 	.word	0x61225163
2000b8e8:	064033b8 	.word	0x064033b8
2000b8ec:	6c6fe95d 	.word	0x6c6fe95d
2000b8f0:	21831e6c 	.word	0x21831e6c
2000b8f4:	66ef6c00 	.word	0x66ef6c00
2000b8f8:	705b2df3 	.word	0x705b2df3
2000b8fc:	78545600 	.word	0x78545600
2000b900:	30d62c57 	.word	0x30d62c57
2000b904:	9fc0086d 	.word	0x9fc0086d
2000b908:	0a4120d3 	.word	0x0a4120d3
2000b90c:	31073724 	.word	0x31073724
2000b910:	6329a70b 	.word	0x6329a70b
2000b914:	6d095e16 	.word	0x6d095e16
2000b918:	a79e2604 	.word	0xa79e2604
2000b91c:	7f0c62b8 	.word	0x7f0c62b8
2000b920:	5253b22d 	.word	0x5253b22d
2000b924:	000e61cc 	.word	0x000e61cc
2000b928:	5cc0e720 	.word	0x5cc0e720
2000b92c:	078a000f 	.word	0x078a000f
2000b930:	8b0b0ab8 	.word	0x8b0b0ab8
2000b934:	70bd4517 	.word	0x70bd4517
2000b938:	723f682e 	.word	0x723f682e
2000b93c:	13291545 	.word	0x13291545
2000b940:	55010ad9 	.word	0x55010ad9
2000b944:	59a01aff 	.word	0x59a01aff
2000b948:	31ee8a35 	.word	0x31ee8a35
2000b94c:	fd55011d 	.word	0xfd55011d
2000b950:	4f43494e 	.word	0x4f43494e
2000b954:	0fc14e52 	.word	0x0fc14e52
2000b958:	031f8ac3 	.word	0x031f8ac3
2000b95c:	fa00702a 	.word	0xfa00702a
2000b960:	06a0426b 	.word	0x06a0426b
2000b964:	38ff4035 	.word	0x38ff4035
2000b968:	4b2e302e 	.word	0x4b2e302e
2000b96c:	d90f2d20 	.word	0xd90f2d20
2000b970:	06f7397b 	.word	0x06f7397b
2000b974:	535d5fdb 	.word	0x535d5fdb
2000b978:	a64faa42 	.word	0xa64faa42
2000b97c:	363d5f60 	.word	0x363d5f60
2000b980:	dc3c8034 	.word	0xdc3c8034
2000b984:	2dd5a738 	.word	0x2dd5a738
2000b988:	38f6331e 	.word	0x38f6331e
2000b98c:	7b313139 	.word	0x7b313139
2000b990:	245942f6 	.word	0x245942f6
2000b994:	e246ce05 	.word	0xe246ce05
2000b998:	c1454552 	.word	0xc1454552
2000b99c:	4ba7818b 	.word	0x4ba7818b
2000b9a0:	20591ef6 	.word	0x20591ef6
2000b9a4:	782bea27 	.word	0x782bea27
2000b9a8:	29fa1cba 	.word	0x29fa1cba
2000b9ac:	1fbc1362 	.word	0x1fbc1362
2000b9b0:	54544bfd 	.word	0x54544bfd
2000b9b4:	450ffb59 	.word	0x450ffb59
2000b9b8:	4c3d3f48 	.word	0x4c3d3f48
2000b9bc:	0fd85441 	.word	0x0fd85441
2000b9c0:	c4674147 	.word	0xc4674147
2000b9c4:	b44d590f 	.word	0xb44d590f
2000b9c8:	c30e7a53 	.word	0xc30e7a53
2000b9cc:	6e470e4f 	.word	0x6e470e4f
2000b9d0:	736f7de2 	.word	0x736f7de2
2000b9d4:	98782556 	.word	0x98782556
2000b9d8:	ee9b446f 	.word	0xee9b446f
2000b9dc:	38002e30 	.word	0x38002e30
2000b9e0:	00019627 	.word	0x00019627
2000b9e4:	dd654cf0 	.word	0xdd654cf0
2000b9e8:	0a3a6cea 	.word	0x0a3a6cea
2000b9ec:	08306f8a 	.word	0x08306f8a
2000b9f0:	e7624231 	.word	0xe7624231
2000b9f4:	0f150158 	.word	0x0f150158
2000b9f8:	164445f0 	.word	0x164445f0
2000b9fc:	9f3f6063 	.word	0x9f3f6063
2000ba00:	53554150 	.word	0x53554150
2000ba04:	5cebc422 	.word	0x5cebc422
2000ba08:	5e500553 	.word	0x5e500553
2000ba0c:	5c674565 	.word	0x5c674565
2000ba10:	b2946e4c 	.word	0xb2946e4c
2000ba14:	2e066f73 	.word	0x2e066f73
2000ba18:	703a43e7 	.word	0x703a43e7
2000ba1c:	2e480843 	.word	0x2e480843
2000ba20:	4e120534 	.word	0x4e120534
2000ba24:	382044fe 	.word	0x382044fe
2000ba28:	37372038 	.word	0x37372038
2000ba2c:	2036b62b 	.word	0x2036b62b
2000ba30:	203535f5 	.word	0x203535f5
2000ba34:	33765a34 	.word	0x33765a34
2000ba38:	422c6433 	.word	0x422c6433
2000ba3c:	28aec054 	.word	0x28aec054
2000ba40:	ae116e6e 	.word	0xae116e6e
2000ba44:	b8046560 	.word	0xb8046560
2000ba48:	51537e57 	.word	0x51537e57
2000ba4c:	c7524155 	.word	0xc7524155
2000ba50:	446b306f 	.word	0x446b306f
2000ba54:	306c5034 	.word	0x306c5034
2000ba58:	46180530 	.word	0x46180530
2000ba5c:	e863ad71 	.word	0xe863ad71
2000ba60:	0e7b2cdb 	.word	0x0e7b2cdb
2000ba64:	812f152c 	.word	0x812f152c
2000ba68:	0136de10 	.word	0x0136de10
2000ba6c:	0f607fd4 	.word	0x0f607fd4
2000ba70:	6e69dcc4 	.word	0x6e69dcc4
2000ba74:	5222af6b 	.word	0x5222af6b
2000ba78:	98676b49 	.word	0x98676b49
2000ba7c:	34e34738 	.word	0x34e34738
2000ba80:	eb01b159 	.word	0xeb01b159
2000ba84:	6f7d7428 	.word	0x6f7d7428
2000ba88:	705ef943 	.word	0x705ef943
2000ba8c:	c23a7606 	.word	0xc23a7606
2000ba90:	3bf1e073 	.word	0x3bf1e073
2000ba94:	bb50431a 	.word	0xbb50431a
2000ba98:	3252973a 	.word	0x3252973a
2000ba9c:	329d2090 	.word	0x329d2090
2000baa0:	c0938032 	.word	0xc0938032
2000baa4:	6dd46b16 	.word	0x6dd46b16
2000baa8:	7f52a663 	.word	0x7f52a663
2000baac:	2093775c 	.word	0x2093775c
2000bab0:	7754526e 	.word	0x7754526e
2000bab4:	9f7349dc 	.word	0x9f7349dc
2000bab8:	6ed05e95 	.word	0x6ed05e95
2000babc:	123ffdf4 	.word	0x123ffdf4
2000bac0:	4ca4d6b7 	.word	0x4ca4d6b7
2000bac4:	dd6d44b7 	.word	0xdd6d44b7
2000bac8:	5b4226eb 	.word	0x5b4226eb
2000bacc:	1a78650f 	.word	0x1a78650f
2000bad0:	0b3d8db8 	.word	0x0b3d8db8
2000bad4:	b76ecf84 	.word	0xb76ecf84
2000bad8:	233320e3 	.word	0x233320e3
2000badc:	c647113a 	.word	0xc647113a
2000bae0:	470bb306 	.word	0x470bb306
2000bae4:	11601666 	.word	0x11601666
2000bae8:	7369e0f8 	.word	0x7369e0f8
2000baec:	5805c97c 	.word	0x5805c97c
2000baf0:	018819c7 	.word	0x018819c7
2000baf4:	2046bb47 	.word	0x2046bb47
2000baf8:	696136ee 	.word	0x696136ee
2000bafc:	1304c062 	.word	0x1304c062
2000bb00:	64a045b7 	.word	0x64a045b7
2000bb04:	47bb23f1 	.word	0x47bb23f1
2000bb08:	74af8440 	.word	0x74af8440
2000bb0c:	241f3234 	.word	0x241f3234
2000bb10:	144e414d 	.word	0x144e414d
2000bb14:	70d495aa 	.word	0x70d495aa
2000bb18:	fa524444 	.word	0xfa524444
2000bb1c:	c5b53d43 	.word	0xc5b53d43
2000bb20:	2f647c2f 	.word	0x2f647c2f
2000bb24:	2f637303 	.word	0x2f637303
2000bb28:	fb0c7053 	.word	0xfb0c7053
2000bb2c:	5f223188 	.word	0x5f223188
2000bb30:	67503431 	.word	0x67503431
2000bb34:	2f7055ed 	.word	0x2f7055ed
2000bb38:	e05b4408 	.word	0xe05b4408
2000bb3c:	d9ce58e6 	.word	0xd9ce58e6
2000bb40:	04b3acb6 	.word	0x04b3acb6
2000bb44:	546968ab 	.word	0x546968ab
2000bb48:	2472716f 	.word	0x2472716f
2000bb4c:	c56fab47 	.word	0xc56fab47
2000bb50:	74726562 	.word	0x74726562
2000bb54:	bd7e87f9 	.word	0xbd7e87f9
2000bb58:	d03af841 	.word	0xd03af841
2000bb5c:	554270f5 	.word	0x554270f5
2000bb60:	212d17eb 	.word	0x212d17eb
2000bb64:	2573250e 	.word	0x2573250e
2000bb68:	224f2caf 	.word	0x224f2caf
2000bb6c:	d00b3743 	.word	0xd00b3743
2000bb70:	0d630f74 	.word	0x0d630f74
2000bb74:	6f6007d4 	.word	0x6f6007d4
2000bb78:	6172700f 	.word	0x6172700f
2000bb7c:	c2632a62 	.word	0xc2632a62
2000bb80:	44323b0d 	.word	0x44323b0d
2000bb84:	657265bd 	.word	0x657265bd
2000bb88:	5e57700a 	.word	0x5e57700a
2000bb8c:	2c102d3c 	.word	0x2c102d3c
2000bb90:	a0e1014f 	.word	0xa0e1014f
2000bb94:	62f44a02 	.word	0x62f44a02
2000bb98:	c4746f6f 	.word	0xc4746f6f
2000bb9c:	1be161d7 	.word	0x1be161d7
2000bba0:	730f5302 	.word	0x730f5302
2000bba4:	37835320 	.word	0x37835320
2000bba8:	2bc1e000 	.word	0x2bc1e000
2000bbac:	80f40735 	.word	0x80f40735
2000bbb0:	848fc13a 	.word	0x848fc13a
2000bbb4:	b67a6d5a 	.word	0xb67a6d5a
2000bbb8:	b0475664 	.word	0xb0475664
2000bbbc:	de770a2c 	.word	0xde770a2c
2000bbc0:	3682500a 	.word	0x3682500a
2000bbc4:	1c2e1efa 	.word	0x1c2e1efa
2000bbc8:	35b5104c 	.word	0x35b5104c
2000bbcc:	02c50b73 	.word	0x02c50b73
2000bbd0:	fa73060f 	.word	0xfa73060f
2000bbd4:	0eb82fb1 	.word	0x0eb82fb1
2000bbd8:	f81f5f54 	.word	0xf81f5f54
2000bbdc:	2f494454 	.word	0x2f494454
2000bbe0:	f8d84b63 	.word	0xf8d84b63
2000bbe4:	b06e0e7c 	.word	0xb06e0e7c
2000bbe8:	00ccda75 	.word	0x00ccda75
2000bbec:	41f06402 	.word	0x41f06402
2000bbf0:	b0eb2784 	.word	0xb0eb2784
2000bbf4:	28742a77 	.word	0x28742a77
2000bbf8:	0d7c2120 	.word	0x0d7c2120
2000bbfc:	fa6e672e 	.word	0xfa6e672e
2000bc00:	2e6275fb 	.word	0x2e6275fb
2000bc04:	bfdd6f69 	.word	0xbfdd6f69
2000bc08:	70747468 	.word	0x70747468
2000bc0c:	2f832f3a 	.word	0x2f832f3a
2000bc10:	582e8dea 	.word	0x582e8dea
2000bc14:	040a0a76 	.word	0x040a0a76
2000bc18:	c24948b7 	.word	0xc24948b7
2000bc1c:	6795d8e9 	.word	0x6795d8e9
2000bc20:	4be1c66f 	.word	0x4be1c66f
2000bc24:	7d00e7a9 	.word	0x7d00e7a9
2000bc28:	461d8d53 	.word	0x461d8d53
2000bc2c:	1062a67f 	.word	0x1062a67f
2000bc30:	7f0cd820 	.word	0x7f0cd820
2000bc34:	254bb000 	.word	0x254bb000
2000bc38:	a59b9c06 	.word	0xa59b9c06
2000bc3c:	7e820157 	.word	0x7e820157
2000bc40:	60ec2083 	.word	0x60ec2083
2000bc44:	5258375e 	.word	0x5258375e
2000bc48:	c0b7a221 	.word	0xc0b7a221
2000bc4c:	ca880bcd 	.word	0xca880bcd
2000bc50:	60f6743b 	.word	0x60f6743b
2000bc54:	472e98c3 	.word	0x472e98c3
2000bc58:	caaba007 	.word	0xcaaba007
2000bc5c:	06613e20 	.word	0x06613e20
2000bc60:	732596d8 	.word	0x732596d8
2000bc64:	1f1b271c 	.word	0x1f1b271c
2000bc68:	2773253b 	.word	0x2773253b
2000bc6c:	8a708712 	.word	0x8a708712
2000bc70:	8bf0c041 	.word	0x8bf0c041
2000bc74:	5fc59f4f 	.word	0x5fc59f4f
2000bc78:	3bb01753 	.word	0x3bb01753
2000bc7c:	3da7b131 	.word	0x3da7b131
2000bc80:	8532565f 	.word	0x8532565f
2000bc84:	573fbb1f 	.word	0x573fbb1f
2000bc88:	d5840a1f 	.word	0xd5840a1f
2000bc8c:	29b10018 	.word	0x29b10018
2000bc90:	0125c31d 	.word	0x0125c31d
2000bc94:	7e06fb32 	.word	0x7e06fb32
2000bc98:	040a21b5 	.word	0x040a21b5
2000bc9c:	82dd57a2 	.word	0x82dd57a2
2000bca0:	10107a0f 	.word	0x10107a0f
2000bca4:	3a653827 	.word	0x3a653827
2000bca8:	4a93ac53 	.word	0x4a93ac53
2000bcac:	979d4275 	.word	0x979d4275
2000bcb0:	410a2e38 	.word	0x410a2e38
2000bcb4:	61809f8b 	.word	0x61809f8b
2000bcb8:	9a69c56b 	.word	0x9a69c56b
2000bcbc:	20444370 	.word	0x20444370
2000bcc0:	6b208d35 	.word	0x6b208d35
2000bcc4:	21c70787 	.word	0x21c70787
2000bcc8:	b70875f1 	.word	0xb70875f1
2000bccc:	106bae35 	.word	0x106bae35
2000bcd0:	58655975 	.word	0x58655975
2000bcd4:	856f4e2a 	.word	0x856f4e2a
2000bcd8:	bbbde457 	.word	0xbbbde457
2000bcdc:	bd6375fe 	.word	0xbd6375fe
2000bce0:	2b213a63 	.word	0x2b213a63
2000bce4:	6971a977 	.word	0x6971a977
2000bce8:	4521ab1d 	.word	0x4521ab1d
2000bcec:	56417ca7 	.word	0x56417ca7
2000bcf0:	c0cc0345 	.word	0xc0cc0345
2000bcf4:	fa8d5454 	.word	0xfa8d5454
2000bcf8:	3be05453 	.word	0x3be05453
2000bcfc:	80454d24 	.word	0x80454d24
2000bd00:	53eeaf4d 	.word	0x53eeaf4d
2000bd04:	6f831a3f 	.word	0x6f831a3f
2000bd08:	f11d2d81 	.word	0xf11d2d81
2000bd0c:	69360561 	.word	0x69360561
2000bd10:	99e16ca0 	.word	0x99e16ca0
2000bd14:	a121c59c 	.word	0xa121c59c
2000bd18:	6480050a 	.word	0x6480050a
2000bd1c:	83570ab5 	.word	0x83570ab5
2000bd20:	875802c0 	.word	0x875802c0
2000bd24:	152de005 	.word	0x152de005
2000bd28:	8671d184 	.word	0x8671d184
2000bd2c:	63279900 	.word	0x63279900
2000bd30:	afcc4247 	.word	0xafcc4247
2000bd34:	ff5ca083 	.word	0xff5ca083
2000bd38:	271b5327 	.word	0x271b5327
2000bd3c:	e2108141 	.word	0xe2108141
2000bd40:	4830ff34 	.word	0x4830ff34
2000bd44:	9a069e11 	.word	0x9a069e11
2000bd48:	146f48c2 	.word	0x146f48c2
2000bd4c:	0354a912 	.word	0x0354a912
2000bd50:	81cc0379 	.word	0x81cc0379
2000bd54:	84053920 	.word	0x84053920
2000bd58:	84f7c073 	.word	0x84f7c073
2000bd5c:	63257e3f 	.word	0x63257e3f
2000bd60:	6fdb4763 	.word	0x6fdb4763
2000bd64:	3e561b72 	.word	0x3e561b72
2000bd68:	216c201b 	.word	0x216c201b
2000bd6c:	571b6f54 	.word	0x571b6f54
2000bd70:	5798e94b 	.word	0x5798e94b
2000bd74:	8631020c 	.word	0x8631020c
2000bd78:	a6962d44 	.word	0xa6962d44
2000bd7c:	23b32d1b 	.word	0x23b32d1b
2000bd80:	f5ec31a2 	.word	0xf5ec31a2
2000bd84:	b0324c27 	.word	0xb0324c27
2000bd88:	c812c103 	.word	0xc812c103
2000bd8c:	bc57b0bb 	.word	0xbc57b0bb
2000bd90:	da0d472f 	.word	0xda0d472f
2000bd94:	40a906dd 	.word	0x40a906dd
2000bd98:	0027e5ee 	.word	0x0027e5ee
2000bd9c:	dfd65ec0 	.word	0xdfd65ec0
2000bda0:	1c0b2b69 	.word	0x1c0b2b69
2000bda4:	4d0578ee 	.word	0x4d0578ee
2000bda8:	15698660 	.word	0x15698660
2000bdac:	6b1b2201 	.word	0x6b1b2201
2000bdb0:	6db3754e 	.word	0x6db3754e
2000bdb4:	1f653a1d 	.word	0x1f653a1d
2000bdb8:	b48b1f66 	.word	0xb48b1f66
2000bdbc:	54c03921 	.word	0x54c03921
2000bdc0:	822ef61e 	.word	0x822ef61e
2000bdc4:	bab60574 	.word	0xbab60574
2000bdc8:	c7253f37 	.word	0xc7253f37
2000bdcc:	6360675b 	.word	0x6360675b
2000bdd0:	c552a137 	.word	0xc552a137
2000bdd4:	50683fb3 	.word	0x50683fb3
2000bdd8:	20647d77 	.word	0x20647d77
2000bddc:	25996a53 	.word	0x25996a53
2000bde0:	aa119b6a 	.word	0xaa119b6a
2000bde4:	382b5617 	.word	0x382b5617
2000bde8:	ae15516c 	.word	0xae15516c
2000bdec:	64643d2b 	.word	0x64643d2b
2000bdf0:	5315596a 	.word	0x5315596a
2000bdf4:	fb6043bb 	.word	0xfb6043bb
2000bdf8:	509a2150 	.word	0x509a2150
2000bdfc:	6303210e 	.word	0x6303210e
2000be00:	ac072621 	.word	0xac072621
2000be04:	8f385716 	.word	0x8f385716
2000be08:	78fd9834 	.word	0x78fd9834
2000be0c:	d46c6c75 	.word	0xd46c6c75
2000be10:	24026131 	.word	0x24026131
2000be14:	74d72ca1 	.word	0x74d72ca1
2000be18:	6fe21c6b 	.word	0x6fe21c6b
2000be1c:	4c846970 	.word	0x4c846970
2000be20:	71235514 	.word	0x71235514
2000be24:	6e54b40f 	.word	0x6e54b40f
2000be28:	0b3d4825 	.word	0x0b3d4825
2000be2c:	6fbd28d2 	.word	0x6fbd28d2
2000be30:	69711b2d 	.word	0x69711b2d
2000be34:	982e8074 	.word	0x982e8074
2000be38:	b73330f7 	.word	0xb73330f7
2000be3c:	78453281 	.word	0x78453281
2000be40:	f72621b1 	.word	0xf72621b1
2000be44:	10eb0a05 	.word	0x10eb0a05
2000be48:	8361b987 	.word	0x8361b987
2000be4c:	7325e087 	.word	0x7325e087
2000be50:	c5c18820 	.word	0xc5c18820
2000be54:	0a790327 	.word	0x0a790327
2000be58:	51a33531 	.word	0x51a33531
2000be5c:	517472e9 	.word	0x517472e9
2000be60:	fe2a207f 	.word	0xfe2a207f
2000be64:	478a6b82 	.word	0x478a6b82
2000be68:	65806b4e 	.word	0x65806b4e
2000be6c:	47bc7f08 	.word	0x47bc7f08
2000be70:	7b642569 	.word	0x7b642569
2000be74:	ee570a3c 	.word	0xee570a3c
2000be78:	01636573 	.word	0x01636573
2000be7c:	4a61d353 	.word	0x4a61d353
2000be80:	94a08896 	.word	0x94a08896
2000be84:	4162c215 	.word	0x4162c215
2000be88:	793ea16e 	.word	0x793ea16e
2000be8c:	09d42010 	.word	0x09d42010
2000be90:	667788ff 	.word	0x667788ff
2000be94:	22334455 	.word	0x22334455
2000be98:	57451188 	.word	0x57451188
2000be9c:	5d4f4c78 	.word	0x5d4f4c78
2000bea0:	7a05229a 	.word	0x7a05229a
2000bea4:	382cd122 	.word	0x382cd122
2000bea8:	ad5058db 	.word	0xad5058db
2000beac:	4c0a53e4 	.word	0x4c0a53e4
2000beb0:	185941c1 	.word	0x185941c1
2000beb4:	7eec4e45 	.word	0x7eec4e45
2000beb8:	0a455041 	.word	0x0a455041
2000bebc:	bf030000 	.word	0xbf030000
2000bec0:	6572e505 	.word	0x6572e505
2000bec4:	316e6fe0 	.word	0x316e6fe0
2000bec8:	0d6f86bb 	.word	0x0d6f86bb
2000becc:	2073021f 	.word	0x2073021f
2000bed0:	7c3b6569 	.word	0x7c3b6569
2000bed4:	1c6a4642 	.word	0x1c6a4642
2000bed8:	94402e81 	.word	0x94402e81
2000bedc:	25d56e2e 	.word	0x25d56e2e
2000bee0:	5c489778 	.word	0x5c489778
2000bee4:	c089487f 	.word	0xc089487f
2000bee8:	c7c106ab 	.word	0xc7c106ab
2000beec:	c6a707c4 	.word	0xc6a707c4
2000bef0:	3a47a029 	.word	0x3a47a029
2000bef4:	0e97cd2b 	.word	0x0e97cd2b
2000bef8:	f98a6f4c 	.word	0xf98a6f4c
2000befc:	2a2029c1 	.word	0x2a2029c1
2000bf00:	154dc039 	.word	0x154dc039
2000bf04:	24636c38 	.word	0x24636c38
2000bf08:	10ff8e82 	.word	0x10ff8e82
2000bf0c:	4429996c 	.word	0x4429996c
2000bf10:	f5088127 	.word	0xf5088127
2000bf14:	76deaf35 	.word	0x76deaf35
2000bf18:	37500873 	.word	0x37500873
2000bf1c:	05e78989 	.word	0x05e78989
2000bf20:	396571cf 	.word	0x396571cf
2000bf24:	a679b03d 	.word	0xa679b03d
2000bf28:	0a2152ed 	.word	0x0a2152ed
2000bf2c:	70888fab 	.word	0x70888fab
2000bf30:	73b19ab9 	.word	0x73b19ab9
2000bf34:	3ab0ef08 	.word	0x3ab0ef08
2000bf38:	030dc4f7 	.word	0x030dc4f7
2000bf3c:	e7943ac4 	.word	0xe7943ac4
2000bf40:	aeb02d86 	.word	0xaeb02d86
2000bf44:	dd5a47ec 	.word	0xdd5a47ec
2000bf48:	ff9c84b7 	.word	0xff9c84b7
2000bf4c:	5ff7bc00 	.word	0x5ff7bc00
2000bf50:	38536a3c 	.word	0x38536a3c
2000bf54:	1f7b28b7 	.word	0x1f7b28b7
2000bf58:	43171f44 	.word	0x43171f44
2000bf5c:	19ad6221 	.word	0x19ad6221
2000bf60:	3f5821f6 	.word	0x3f5821f6
2000bf64:	2355712c 	.word	0x2355712c
2000bf68:	ea245398 	.word	0xea245398
2000bf6c:	9f411551 	.word	0x9f411551
2000bf70:	1a243061 	.word	0x1a243061
2000bf74:	f2cd30c4 	.word	0xf2cd30c4
2000bf78:	23e91b6d 	.word	0x23e91b6d
2000bf7c:	662610a1 	.word	0x662610a1
2000bf80:	efc51031 	.word	0xefc51031
2000bf84:	7339e889 	.word	0x7339e889
2000bf88:	2ba3e002 	.word	0x2ba3e002
2000bf8c:	fc5d0d17 	.word	0xfc5d0d17
2000bf90:	1e705520 	.word	0x1e705520
2000bf94:	16134ca9 	.word	0x16134ca9
2000bf98:	6e90ba05 	.word	0x6e90ba05
2000bf9c:	a63319e0 	.word	0xa63319e0
2000bfa0:	8732bfba 	.word	0x8732bfba
2000bfa4:	06ee22e7 	.word	0x06ee22e7
2000bfa8:	37057464 	.word	0x37057464
2000bfac:	147541b6 	.word	0x147541b6
2000bfb0:	2beb6fbb 	.word	0x2beb6fbb
2000bfb4:	6f4de120 	.word	0x6f4de120
2000bfb8:	691a4764 	.word	0x691a4764
2000bfbc:	3f390127 	.word	0x3f390127
2000bfc0:	260df480 	.word	0x260df480
2000bfc4:	d81d166e 	.word	0xd81d166e
2000bfc8:	de134c00 	.word	0xde134c00
2000bfcc:	57bb162f 	.word	0x57bb162f
2000bfd0:	afd7c417 	.word	0xafd7c417
2000bfd4:	3e9c4c84 	.word	0x3e9c4c84
2000bfd8:	20c3eb01 	.word	0x20c3eb01
2000bfdc:	9e506087 	.word	0x9e506087
2000bfe0:	3118f689 	.word	0x3118f689
2000bfe4:	32660f20 	.word	0x32660f20
2000bfe8:	77075761 	.word	0x77075761
2000bfec:	cfd71212 	.word	0xcfd71212
2000bff0:	bd495bf4 	.word	0xbd495bf4
2000bff4:	45435336 	.word	0x45435336
2000bff8:	74462745 	.word	0x74462745
2000bffc:	53579dd2 	.word	0x53579dd2
2000c000:	516275e3 	.word	0x516275e3
2000c004:	0147b97e 	.word	0x0147b97e
2000c008:	2c52462c 	.word	0x2c52462c
2000c00c:	306e49b2 	.word	0x306e49b2
2000c010:	82893848 	.word	0x82893848
2000c014:	3c7418e0 	.word	0x3c7418e0
2000c018:	44230ec5 	.word	0x44230ec5
2000c01c:	8e18b606 	.word	0x8e18b606
2000c020:	5035d32d 	.word	0x5035d32d
2000c024:	0a4456e0 	.word	0x0a4456e0
2000c028:	b65ae3e9 	.word	0xb65ae3e9
2000c02c:	3a97ec86 	.word	0x3a97ec86
2000c030:	c00b372a 	.word	0xc00b372a
2000c034:	051c6966 	.word	0x051c6966
2000c038:	327325eb 	.word	0x327325eb
2000c03c:	aa0e072f 	.word	0xaa0e072f
2000c040:	59f10553 	.word	0x59f10553
2000c044:	564d7a6e 	.word	0x564d7a6e
2000c048:	2a332260 	.word	0x2a332260
2000c04c:	42bb080c 	.word	0x42bb080c
2000c050:	23301728 	.word	0x23301728
2000c054:	53c356db 	.word	0x53c356db
2000c058:	24b01956 	.word	0x24b01956
2000c05c:	75917966 	.word	0x75917966
2000c060:	7461203d 	.word	0x7461203d
2000c064:	142c59a6 	.word	0x142c59a6
2000c068:	af301370 	.word	0xaf301370
2000c06c:	522f815a 	.word	0x522f815a
2000c070:	65632ab0 	.word	0x65632ab0
2000c074:	20b4e135 	.word	0x20b4e135
2000c078:	74232f3a 	.word	0x74232f3a
2000c07c:	07886f85 	.word	0x07886f85
2000c080:	47d8a796 	.word	0x47d8a796
2000c084:	245f4e05 	.word	0x245f4e05
2000c088:	c45baa0a 	.word	0xc45baa0a
2000c08c:	88cb4d78 	.word	0x88cb4d78
2000c090:	7075a89f 	.word	0x7075a89f
2000c094:	0a0a74e1 	.word	0x0a0a74e1
2000c098:	4a2cbf0e 	.word	0x4a2cbf0e
2000c09c:	3b422cd7 	.word	0x3b422cd7
2000c0a0:	0c522b71 	.word	0x0c522b71
2000c0a4:	fab01041 	.word	0xfab01041
2000c0a8:	1e96ce41 	.word	0x1e96ce41
2000c0ac:	92777e3b 	.word	0x92777e3b
2000c0b0:	cb9c0040 	.word	0xcb9c0040
2000c0b4:	e7200612 	.word	0xe7200612
2000c0b8:	de5b4890 	.word	0xde5b4890
2000c0bc:	4d1003d1 	.word	0x4d1003d1
2000c0c0:	8f600006 	.word	0x8f600006
2000c0c4:	52870dc0 	.word	0x52870dc0
2000c0c8:	08856900 	.word	0x08856900
2000c0cc:	45b107ad 	.word	0x45b107ad
2000c0d0:	89c76d28 	.word	0x89c76d28
2000c0d4:	ea4f20c0 	.word	0xea4f20c0
2000c0d8:	21671174 	.word	0x21671174
2000c0dc:	5a6aab37 	.word	0x5a6aab37
2000c0e0:	9bb63484 	.word	0x9bb63484
2000c0e4:	b3136e6f 	.word	0xb3136e6f
2000c0e8:	ce503a21 	.word	0xce503a21
2000c0ec:	d05f60eb 	.word	0xd05f60eb
2000c0f0:	af15c830 	.word	0xaf15c830
2000c0f4:	93c10a18 	.word	0x93c10a18
2000c0f8:	c40be538 	.word	0xc40be538
2000c0fc:	7718a110 	.word	0x7718a110
2000c100:	2ec45402 	.word	0x2ec45402
2000c104:	0aff9c20 	.word	0x0aff9c20
2000c108:	276087d4 	.word	0x276087d4
2000c10c:	2b3144d5 	.word	0x2b3144d5
2000c110:	d32c861f 	.word	0xd32c861f
2000c114:	829a3f38 	.word	0x829a3f38
2000c118:	25675fff 	.word	0x25675fff
2000c11c:	2ba86480 	.word	0x2ba86480
2000c120:	50846b16 	.word	0x50846b16
2000c124:	41437db7 	.word	0x41437db7
2000c128:	4cdc344e 	.word	0x4cdc344e
2000c12c:	857f4400 	.word	0x857f4400
2000c130:	6f989d28 	.word	0x6f989d28
2000c134:	47dfac83 	.word	0x47dfac83
2000c138:	b1781190 	.word	0xb1781190
2000c13c:	85119b46 	.word	0x85119b46
2000c140:	e274a909 	.word	0xe274a909
2000c144:	bf307252 	.word	0xbf307252
2000c148:	6962ba8c 	.word	0x6962ba8c
2000c14c:	6105ff06 	.word	0x6105ff06
2000c150:	3f806472 	.word	0x3f806472
2000c154:	ab365728 	.word	0xab365728
2000c158:	24d31891 	.word	0x24d31891
2000c15c:	03623f10 	.word	0x03623f10
2000c160:	c9d2857d 	.word	0xc9d2857d
2000c164:	5b937117 	.word	0x5b937117
2000c168:	670fe260 	.word	0x670fe260
2000c16c:	61ff22d3 	.word	0x61ff22d3
2000c170:	0ab1100a 	.word	0x0ab1100a
2000c174:	22420b28 	.word	0x22420b28
2000c178:	000075d1 	.word	0x000075d1
2000c17c:	59211fd0 	.word	0x59211fd0
2000c180:	0d1b0661 	.word	0x0d1b0661
2000c184:	8423d754 	.word	0x8423d754
2000c188:	d9551592 	.word	0xd9551592
2000c18c:	74013721 	.word	0x74013721
2000c190:	8859a7bd 	.word	0x8859a7bd
2000c194:	b3b0e398 	.word	0xb3b0e398
2000c198:	1577c07e 	.word	0x1577c07e
2000c19c:	fb27229d 	.word	0xfb27229d
2000c1a0:	885f54a5 	.word	0x885f54a5
2000c1a4:	6d1879aa 	.word	0x6d1879aa
2000c1a8:	3a11a453 	.word	0x3a11a453
2000c1ac:	49c61f82 	.word	0x49c61f82
2000c1b0:	30d73201 	.word	0x30d73201
2000c1b4:	9b6486f0 	.word	0x9b6486f0
2000c1b8:	1144fa9a 	.word	0x1144fa9a
2000c1bc:	7025e822 	.word	0x7025e822
2000c1c0:	45536f7f 	.word	0x45536f7f
2000c1c4:	4f5443fd 	.word	0x4f5443fd
2000c1c8:	223d2052 	.word	0x223d2052
2000c1cc:	dd05035f 	.word	0xdd05035f
2000c1d0:	21ae1e0a 	.word	0x21ae1e0a
2000c1d4:	df0a423d 	.word	0xdf0a423d
2000c1d8:	21ad6830 	.word	0x21ad6830
2000c1dc:	4f77e3d5 	.word	0x4f77e3d5
2000c1e0:	2e3c055f 	.word	0x2e3c055f
2000c1e4:	386c165c 	.word	0x386c165c
2000c1e8:	8edc18cd 	.word	0x8edc18cd
2000c1ec:	841e01f5 	.word	0x841e01f5
2000c1f0:	7b0c6820 	.word	0x7b0c6820
2000c1f4:	f66f8c0a 	.word	0xf66f8c0a
2000c1f8:	316572a4 	.word	0x316572a4
2000c1fc:	2e07f517 	.word	0x2e07f517
2000c200:	4977d808 	.word	0x4977d808
2000c204:	5fdd3b74 	.word	0x5fdd3b74
2000c208:	31af0e60 	.word	0x31af0e60
2000c20c:	430af33d 	.word	0x430af33d
2000c210:	b14413a9 	.word	0xb14413a9
2000c214:	3ceee020 	.word	0x3ceee020
2000c218:	203e6457 	.word	0x203e6457
2000c21c:	47881100 	.word	0x47881100
2000c220:	2118466a 	.word	0x2118466a
2000c224:	21a54946 	.word	0x21a54946
2000c228:	2d5366fb 	.word	0x2d5366fb
2000c22c:	9248289c 	.word	0x9248289c
2000c230:	2c0b2f43 	.word	0x2c0b2f43
2000c234:	8257390a 	.word	0x8257390a
2000c238:	e0cff01c 	.word	0xe0cff01c
2000c23c:	35a130a5 	.word	0x35a130a5
2000c240:	4c000a78 	.word	0x4c000a78
2000c244:	c00b611f 	.word	0xc00b611f
2000c248:	08c21c04 	.word	0x08c21c04
2000c24c:	70d3526a 	.word	0x70d3526a
2000c250:	45b70b75 	.word	0x45b70b75
2000c254:	3a0b0a6e 	.word	0x3a0b0a6e
2000c258:	21ce202a 	.word	0x21ce202a
2000c25c:	c44e0a0a 	.word	0xc44e0a0a
2000c260:	2fe82e63 	.word	0x2fe82e63
2000c264:	84cdd091 	.word	0x84cdd091
2000c268:	2e42de98 	.word	0x2e42de98
2000c26c:	c0486f87 	.word	0xc0486f87
2000c270:	ed572061 	.word	0xed572061
2000c274:	77410a89 	.word	0x77410a89
2000c278:	13b78d28 	.word	0x13b78d28
2000c27c:	1b7473d7 	.word	0x1b7473d7
2000c280:	46c92675 	.word	0x46c92675
2000c284:	a209494f 	.word	0xa209494f
2000c288:	8f352ec8 	.word	0x8f352ec8
2000c28c:	8c732538 	.word	0x8c732538
2000c290:	4efc0697 	.word	0x4efc0697
2000c294:	1a726150 	.word	0x1a726150
2000c298:	1313446f 	.word	0x1313446f
2000c29c:	433fdd68 	.word	0x433fdd68
2000c2a0:	29a17275 	.word	0x29a17275
2000c2a4:	47f3b101 	.word	0x47f3b101
2000c2a8:	74c2613b 	.word	0x74c2613b
2000c2ac:	04e51768 	.word	0x04e51768
2000c2b0:	b728805f 	.word	0xb728805f
2000c2b4:	a43f4aa4 	.word	0xa43f4aa4
2000c2b8:	d63ada10 	.word	0xd63ada10
2000c2bc:	ec69dd74 	.word	0xec69dd74
2000c2c0:	21de4528 	.word	0x21de4528
2000c2c4:	44ae0d7e 	.word	0x44ae0d7e
2000c2c8:	41a20e00 	.word	0x41a20e00
2000c2cc:	d06c9018 	.word	0xd06c9018
2000c2d0:	e7c16150 	.word	0xe7c16150
2000c2d4:	c11200ca 	.word	0xc11200ca
2000c2d8:	bcedb55f 	.word	0xbcedb55f
2000c2dc:	11f31867 	.word	0x11f31867
2000c2e0:	97b3370c 	.word	0x97b3370c
2000c2e4:	1c565480 	.word	0x1c565480
2000c2e8:	a9b52bd0 	.word	0xa9b52bd0
2000c2ec:	d41e0b46 	.word	0xd41e0b46
2000c2f0:	6e5ad44b 	.word	0x6e5ad44b
2000c2f4:	78456e7b 	.word	0x78456e7b
2000c2f8:	3c7040ac 	.word	0x3c7040ac
2000c2fc:	9a0a486d 	.word	0x9a0a486d
2000c300:	4972346b 	.word	0x4972346b
2000c304:	cd3f8c06 	.word	0xcd3f8c06
2000c308:	c247708e 	.word	0xc247708e
2000c30c:	0f2d5550 	.word	0x0f2d5550
2000c310:	e0b51fe0 	.word	0xe0b51fe0
2000c314:	8fd27364 	.word	0x8fd27364
2000c318:	75f8dd38 	.word	0x75f8dd38
2000c31c:	280f6b63 	.word	0x280f6b63
2000c320:	4c0e7466 	.word	0x4c0e7466
2000c324:	4007e6b8 	.word	0x4007e6b8
2000c328:	9a04442e 	.word	0x9a04442e
2000c32c:	0018229c 	.word	0x0018229c
2000c330:	2e6df050 	.word	0x2e6df050
2000c334:	ec10e118 	.word	0xec10e118
2000c338:	016441e7 	.word	0x016441e7
2000c33c:	b32d0c50 	.word	0xb32d0c50
2000c340:	c6b585cd 	.word	0xc6b585cd
2000c344:	5319d347 	.word	0x5319d347
2000c348:	c1018cfc 	.word	0xc1018cfc
2000c34c:	28aca066 	.word	0x28aca066
2000c350:	0a29cd1b 	.word	0x0a29cd1b
2000c354:	83534f74 	.word	0x83534f74
2000c358:	b01b0353 	.word	0xb01b0353
2000c35c:	18da0a32 	.word	0x18da0a32
2000c360:	b13f5753 	.word	0xb13f5753
2000c364:	3e824d29 	.word	0x3e824d29
2000c368:	8f4542c0 	.word	0x8f4542c0
2000c36c:	73817520 	.word	0x73817520
2000c370:	6e6fa34e 	.word	0x6e6fa34e
2000c374:	9a639dc0 	.word	0x9a639dc0
2000c378:	81904fc6 	.word	0x81904fc6
2000c37c:	1afd94ab 	.word	0x1afd94ab
2000c380:	c196732f 	.word	0xc196732f
2000c384:	59531d57 	.word	0x59531d57
2000c388:	a280f5c1 	.word	0xa280f5c1
2000c38c:	f048c7a1 	.word	0xf048c7a1
2000c390:	937379ca 	.word	0x937379ca
2000c394:	ee49b126 	.word	0xee49b126
2000c398:	109d5042 	.word	0x109d5042
2000c39c:	8c21ae7d 	.word	0x8c21ae7d
2000c3a0:	10c00427 	.word	0x10c00427
2000c3a4:	1613944a 	.word	0x1613944a
2000c3a8:	2e767292 	.word	0x2e767292
2000c3ac:	23344970 	.word	0x23344970
2000c3b0:	15b569a9 	.word	0x15b569a9
2000c3b4:	55a57086 	.word	0x55a57086
2000c3b8:	e481a2e2 	.word	0xe481a2e2
2000c3bc:	9e602908 	.word	0x9e602908
2000c3c0:	6e7512f5 	.word	0x6e7512f5
2000c3c4:	4fda1328 	.word	0x4fda1328
2000c3c8:	2c764f75 	.word	0x2c764f75
2000c3cc:	86320e4c 	.word	0x86320e4c
2000c3d0:	5a109a68 	.word	0x5a109a68
2000c3d4:	66ccdf58 	.word	0x66ccdf58
2000c3d8:	452a7303 	.word	0x452a7303
2000c3dc:	641efc58 	.word	0x641efc58
2000c3e0:	44ed6e65 	.word	0x44ed6e65
2000c3e4:	55304ee8 	.word	0x55304ee8
2000c3e8:	2c8470b4 	.word	0x2c8470b4
2000c3ec:	de74caaa 	.word	0xde74caaa
2000c3f0:	41307611 	.word	0x41307611
2000c3f4:	2f133194 	.word	0x2f133194
2000c3f8:	3b4f6136 	.word	0x3b4f6136
2000c3fc:	320c1131 	.word	0x320c1131
2000c400:	4f6b3383 	.word	0x4f6b3383
2000c404:	74647490 	.word	0x74647490
2000c408:	74067419 	.word	0x74067419
2000c40c:	2b34ec40 	.word	0x2b34ec40
2000c410:	19113536 	.word	0x19113536
2000c414:	d7370636 	.word	0xd7370636
2000c418:	9f61734f 	.word	0x9f61734f
2000c41c:	73647390 	.word	0x73647390
2000c420:	90017319 	.word	0x90017319
2000c424:	19736473 	.word	0x19736473
2000c428:	40730673 	.word	0x40730673
2000c42c:	cb387476 	.word	0xcb387476
2000c430:	7911391b 	.word	0x7911391b
2000c434:	1004306b 	.word	0x1004306b
2000c438:	70673bdf 	.word	0x70673bdf
2000c43c:	0c110b7b 	.word	0x0c110b7b
2000c440:	b5728366 	.word	0xb5728366
2000c444:	20aa4f61 	.word	0x20aa4f61
2000c448:	c8332b6c 	.word	0xc8332b6c
2000c44c:	63707b11 	.word	0x63707b11
2000c450:	af720d73 	.word	0xaf720d73
2000c454:	de41424f 	.word	0xde41424f
2000c458:	201a5644 	.word	0x201a5644
2000c45c:	6f441cf8 	.word	0x6f441cf8
2000c460:	4b5d8c99 	.word	0x4b5d8c99
2000c464:	682fc0f5 	.word	0x682fc0f5
2000c468:	13072cde 	.word	0x13072cde
2000c46c:	2d3f7713 	.word	0x2d3f7713
2000c470:	420a016f 	.word	0x420a016f
2000c474:	111a4d61 	.word	0x111a4d61
2000c478:	0f4fb903 	.word	0x0f4fb903
2000c47c:	1038088a 	.word	0x1038088a
2000c480:	e3f3c21b 	.word	0xe3f3c21b
2000c484:	272273e4 	.word	0x272273e4
2000c488:	2d58a845 	.word	0x2d58a845
2000c48c:	c6dfd575 	.word	0xc6dfd575
2000c490:	6660db60 	.word	0x6660db60
2000c494:	656d74b1 	.word	0x656d74b1
2000c498:	84182f35 	.word	0x84182f35
2000c49c:	b82f2d8f 	.word	0xb82f2d8f
2000c4a0:	416f5ec8 	.word	0x416f5ec8
2000c4a4:	0aad66dd 	.word	0x0aad66dd
2000c4a8:	c04f00b0 	.word	0xc04f00b0
2000c4ac:	76527868 	.word	0x76527868
2000c4b0:	5fb41bc5 	.word	0x5fb41bc5
2000c4b4:	75e15db1 	.word	0x75e15db1
2000c4b8:	4d8b3e73 	.word	0x4d8b3e73
2000c4bc:	2673200a 	.word	0x2673200a
2000c4c0:	53732972 	.word	0x53732972
2000c4c4:	ed9c1b4d 	.word	0xed9c1b4d
2000c4c8:	e0436f70 	.word	0xe0436f70
2000c4cc:	a36f0000 	.word	0xa36f0000
2000c4d0:	5aec57d1 	.word	0x5aec57d1
2000c4d4:	f64e0e54 	.word	0xf64e0e54
2000c4d8:	d02f2b28 	.word	0xd02f2b28
2000c4dc:	9a0ad716 	.word	0x9a0ad716
2000c4e0:	8d020069 	.word	0x8d020069
2000c4e4:	20238cc7 	.word	0x20238cc7
2000c4e8:	534b427e 	.word	0x534b427e
2000c4ec:	cf344745 	.word	0xcf344745
2000c4f0:	41e04894 	.word	0x41e04894
2000c4f4:	9e43464c 	.word	0x9e43464c
2000c4f8:	7885c707 	.word	0x7885c707
2000c4fc:	08003f2d 	.word	0x08003f2d
2000c500:	4f52215b 	.word	0x4f52215b
2000c504:	d0102778 	.word	0xd0102778
2000c508:	6c2f8dba 	.word	0x6c2f8dba
2000c50c:	ee3b2034 	.word	0xee3b2034
2000c510:	0ddb0f52 	.word	0x0ddb0f52
2000c514:	524e1d1a 	.word	0x524e1d1a
2000c518:	af539aac 	.word	0xaf539aac
2000c51c:	00b055de 	.word	0x00b055de
2000c520:	7531c7d3 	.word	0x7531c7d3
2000c524:	84944eaf 	.word	0x84944eaf
2000c528:	1836088f 	.word	0x1836088f
2000c52c:	232d670f 	.word	0x232d670f
2000c530:	a59fb4d6 	.word	0xa59fb4d6
2000c534:	7703aee3 	.word	0x7703aee3
2000c538:	94862d80 	.word	0x94862d80
2000c53c:	d99d131d 	.word	0xd99d131d
2000c540:	744fec33 	.word	0x744fec33
2000c544:	587a4b68 	.word	0x587a4b68
2000c548:	434f9646 	.word	0x434f9646
2000c54c:	954961d0 	.word	0x954961d0
2000c550:	01431dff 	.word	0x01431dff
2000c554:	59431968 	.word	0x59431968
2000c558:	aea30fb1 	.word	0xaea30fb1
2000c55c:	315aa1ae 	.word	0x315aa1ae
2000c560:	1a116716 	.word	0x1a116716
2000c564:	17c4c259 	.word	0x17c4c259
2000c568:	d7110070 	.word	0xd7110070
2000c56c:	419d7086 	.word	0x419d7086
2000c570:	1d42fb98 	.word	0x1d42fb98
2000c574:	1d43756a 	.word	0x1d43756a
2000c578:	284faff9 	.word	0x284faff9
2000c57c:	0029da73 	.word	0x0029da73
2000c580:	b5395ec7 	.word	0xb5395ec7
2000c584:	3c3d6da9 	.word	0x3c3d6da9
2000c588:	0e747400 	.word	0x0e747400
2000c58c:	5f3a0d6e 	.word	0x5f3a0d6e
2000c590:	b8785808 	.word	0xb8785808
2000c594:	0516961f 	.word	0x0516961f
2000c598:	f3b90500 	.word	0xf3b90500
2000c59c:	000e3661 	.word	0x000e3661
2000c5a0:	fbb50426 	.word	0xfbb50426
2000c5a4:	7209e100 	.word	0x7209e100
2000c5a8:	2dba0f2f 	.word	0x2dba0f2f
2000c5ac:	2fbf053e 	.word	0x2fbf053e
2000c5b0:	aec00b17 	.word	0xaec00b17
2000c5b4:	f8c0d635 	.word	0xf8c0d635
2000c5b8:	a321b21b 	.word	0xa321b21b
2000c5bc:	63a91c4d 	.word	0x63a91c4d
2000c5c0:	1f73bb4c 	.word	0x1f73bb4c
2000c5c4:	78816548 	.word	0x78816548
2000c5c8:	c03fcf3c 	.word	0xc03fcf3c
2000c5cc:	32b45228 	.word	0x32b45228
2000c5d0:	8f7353fc 	.word	0x8f7353fc
2000c5d4:	87101026 	.word	0x87101026
2000c5d8:	81ae1580 	.word	0x81ae1580
2000c5dc:	25d0fe39 	.word	0x25d0fe39
2000c5e0:	743a8e43 	.word	0x743a8e43
2000c5e4:	0e9e22c0 	.word	0x0e9e22c0
2000c5e8:	9bb406db 	.word	0x9bb406db
2000c5ec:	50621f4f 	.word	0x50621f4f
2000c5f0:	7982616c 	.word	0x7982616c
2000c5f4:	73b13107 	.word	0x73b13107
2000c5f8:	ccad3ea2 	.word	0xccad3ea2
2000c5fc:	12bb1f4c 	.word	0x12bb1f4c
2000c600:	00293a1c 	.word	0x00293a1c
2000c604:	706fb6fa 	.word	0x706fb6fa
2000c608:	288ea94f 	.word	0x288ea94f
2000c60c:	3356c4ad 	.word	0x3356c4ad
2000c610:	db892f8d 	.word	0xdb892f8d
2000c614:	3f05f707 	.word	0x3f05f707
2000c618:	1f31207b 	.word	0x1f31207b
2000c61c:	d7173217 	.word	0xd7173217
2000c620:	5e1c7a00 	.word	0x5e1c7a00
2000c624:	b80d153e 	.word	0xb80d153e
2000c628:	a3444300 	.word	0xa3444300
2000c62c:	323b03ff 	.word	0x323b03ff
2000c630:	acdc1a17 	.word	0xacdc1a17
2000c634:	666fc6af 	.word	0x666fc6af
2000c638:	79093106 	.word	0x79093106
2000c63c:	c012070b 	.word	0xc012070b
2000c640:	1d947461 	.word	0x1d947461
2000c644:	9e00004e 	.word	0x9e00004e
2000c648:	bc86613a 	.word	0xbc86613a
2000c64c:	aa266e4f 	.word	0xaa266e4f
2000c650:	8d187383 	.word	0x8d187383
2000c654:	575ac147 	.word	0x575ac147
2000c658:	7269473e 	.word	0x7269473e
2000c65c:	c2f86c83 	.word	0xc2f86c83
2000c660:	908d694e 	.word	0x908d694e
2000c664:	de2e6661 	.word	0xde2e6661
2000c668:	a7c69102 	.word	0xa7c69102
2000c66c:	2a139582 	.word	0x2a139582
2000c670:	ec694f1c 	.word	0xec694f1c
2000c674:	19333cb7 	.word	0x19333cb7
2000c678:	6498a0ff 	.word	0x6498a0ff
2000c67c:	0088be6e 	.word	0x0088be6e
2000c680:	ed6fdc9e 	.word	0xed6fdc9e
2000c684:	32423895 	.word	0x32423895
2000c688:	662d000f 	.word	0x662d000f
2000c68c:	36026f64 	.word	0x36026f64
2000c690:	37df675e 	.word	0x37df675e
2000c694:	0078d639 	.word	0x0078d639
2000c698:	48694ada 	.word	0x48694ada
2000c69c:	2244e064 	.word	0x2244e064
2000c6a0:	0a9c0bec 	.word	0x0a9c0bec
2000c6a4:	704e5546 	.word	0x704e5546
2000c6a8:	25654cac 	.word	0x25654cac
2000c6ac:	ae91ca08 	.word	0xae91ca08
2000c6b0:	deabc241 	.word	0xdeabc241
2000c6b4:	56851d6f 	.word	0x56851d6f
2000c6b8:	316272ee 	.word	0x316272ee
2000c6bc:	0ac04aaa 	.word	0x0ac04aaa
2000c6c0:	9e72e8ad 	.word	0x9e72e8ad
2000c6c4:	3e334369 	.word	0x3e334369
2000c6c8:	9e18a460 	.word	0x9e18a460
2000c6cc:	146c3274 	.word	0x146c3274
2000c6d0:	1e3041d2 	.word	0x1e3041d2
2000c6d4:	634d74bd 	.word	0x634d74bd
2000c6d8:	ce661ead 	.word	0xce661ead
2000c6dc:	0049b058 	.word	0x0049b058
2000c6e0:	cad0769e 	.word	0xcad0769e
2000c6e4:	54c16875 	.word	0x54c16875
2000c6e8:	e2c00e84 	.word	0xe2c00e84
2000c6ec:	5c036e22 	.word	0x5c036e22
2000c6f0:	56182100 	.word	0x56182100
2000c6f4:	405ca824 	.word	0x405ca824
2000c6f8:	1c676162 	.word	0x1c676162
2000c6fc:	ab085087 	.word	0xab085087
2000c700:	81576d16 	.word	0x81576d16
2000c704:	786fee80 	.word	0x786fee80
2000c708:	ae13c8a2 	.word	0xae13c8a2
2000c70c:	703a20f8 	.word	0x703a20f8
2000c710:	b93fe990 	.word	0xb93fe990
2000c714:	1ef47750 	.word	0x1ef47750
2000c718:	dc052d4b 	.word	0xdc052d4b
2000c71c:	c11f73d8 	.word	0xc11f73d8
2000c720:	18a60ad8 	.word	0x18a60ad8
2000c724:	3a0c7438 	.word	0x3a0c7438
2000c728:	77d88831 	.word	0x77d88831
2000c72c:	ecd8030c 	.word	0xecd8030c
2000c730:	18637963 	.word	0x18637963
2000c734:	08d999a5 	.word	0x08d999a5
2000c738:	a6678218 	.word	0xa6678218
2000c73c:	682ca436 	.word	0x682ca436
2000c740:	ef5f6221 	.word	0xef5f6221
2000c744:	00357702 	.word	0x00357702
2000c748:	412f0a77 	.word	0x412f0a77
2000c74c:	72601c00 	.word	0x72601c00
2000c750:	4c21dc6f 	.word	0x4c21dc6f
2000c754:	51477330 	.word	0x51477330
2000c758:	64628437 	.word	0x64628437
2000c75c:	20de0679 	.word	0x20de0679
2000c760:	170e44a0 	.word	0x170e44a0
2000c764:	6e1cdec3 	.word	0x6e1cdec3
2000c768:	28227b4c 	.word	0x28227b4c
2000c76c:	9c099c05 	.word	0x9c099c05
2000c770:	38ef7d74 	.word	0x38ef7d74
2000c774:	4d486be2 	.word	0x4d486be2
2000c778:	0000027a 	.word	0x0000027a
2000c77c:	fe1a47e0 	.word	0xfe1a47e0
2000c780:	5a488a26 	.word	0x5a488a26
2000c784:	4f6c74af 	.word	0x4f6c74af
2000c788:	e76e1f6e 	.word	0xe76e1f6e
2000c78c:	0e3fe321 	.word	0x0e3fe321
2000c790:	706f6769 	.word	0x706f6769
2000c794:	dc83019f 	.word	0xdc83019f
2000c798:	87b88216 	.word	0x87b88216
2000c79c:	7685c169 	.word	0x7685c169
2000c7a0:	1f606d26 	.word	0x1f606d26
2000c7a4:	9e567486 	.word	0x9e567486
2000c7a8:	3942e03a 	.word	0x3942e03a
2000c7ac:	7e570213 	.word	0x7e570213
2000c7b0:	b8536672 	.word	0xb8536672
2000c7b4:	97b3086d 	.word	0x97b3086d
2000c7b8:	5c6e4362 	.word	0x5c6e4362
2000c7bc:	c0df7051 	.word	0xc0df7051
2000c7c0:	3052342f 	.word	0x3052342f
2000c7c4:	26713830 	.word	0x26713830
2000c7c8:	2a629419 	.word	0x2a629419
2000c7cc:	41c54717 	.word	0x41c54717
2000c7d0:	7255446c 	.word	0x7255446c
2000c7d4:	486bed22 	.word	0x486bed22
2000c7d8:	30b2721c 	.word	0x30b2721c
2000c7dc:	5f385202 	.word	0x5f385202
2000c7e0:	d84d020a 	.word	0xd84d020a
2000c7e4:	696e4d46 	.word	0x696e4d46
2000c7e8:	3ef1dd78 	.word	0x3ef1dd78
2000c7ec:	1f533c71 	.word	0x1f533c71
2000c7f0:	54af20cb 	.word	0x54af20cb
2000c7f4:	7265ef18 	.word	0x7265ef18
2000c7f8:	0e042f73 	.word	0x0e042f73
2000c7fc:	bea350ea 	.word	0xbea350ea
2000c800:	858c124d 	.word	0x858c124d
2000c804:	c81d4de0 	.word	0xc81d4de0
2000c808:	9c120666 	.word	0x9c120666
2000c80c:	61bc1efe 	.word	0x61bc1efe
2000c810:	79663869 	.word	0x79663869
2000c814:	f7768017 	.word	0xf7768017
2000c818:	ee1ce68e 	.word	0xee1ce68e
2000c81c:	e338748e 	.word	0xe338748e
2000c820:	5e2eda00 	.word	0x5e2eda00
2000c824:	41c72d64 	.word	0x41c72d64
2000c828:	54016416 	.word	0x54016416
2000c82c:	da1d5740 	.word	0xda1d5740
2000c830:	18104250 	.word	0x18104250
2000c834:	4dd8d79f 	.word	0x4dd8d79f
2000c838:	d436fa43 	.word	0xd436fa43
2000c83c:	3f8d3231 	.word	0x3f8d3231
2000c840:	d381422b 	.word	0xd381422b
2000c844:	dec11e0e 	.word	0xdec11e0e
2000c848:	726f7c17 	.word	0x726f7c17
2000c84c:	c83f1d73 	.word	0xc83f1d73
2000c850:	4f1f2e48 	.word	0x4f1f2e48
2000c854:	79db658c 	.word	0x79db658c
2000c858:	752e4a2e 	.word	0x752e4a2e
2000c85c:	4c8f1a49 	.word	0x4c8f1a49
2000c860:	ba76860c 	.word	0xba76860c
2000c864:	e98c3679 	.word	0xe98c3679
2000c868:	c1600c08 	.word	0xc1600c08
2000c86c:	7ad29b88 	.word	0x7ad29b88
2000c870:	f75f6867 	.word	0xf75f6867
2000c874:	f64b4fde 	.word	0xf64b4fde
2000c878:	e0ef804d 	.word	0xe0ef804d
2000c87c:	4639324d 	.word	0x4639324d
2000c880:	e73130c1 	.word	0xe73130c1
2000c884:	085e47ee 	.word	0x085e47ee
2000c888:	4bd0632e 	.word	0x4bd0632e
2000c88c:	543ea1cd 	.word	0x543ea1cd
2000c890:	78cd4d89 	.word	0x78cd4d89
2000c894:	413c433e 	.word	0x413c433e
2000c898:	2007464d 	.word	0x2007464d
2000c89c:	00b159a9 	.word	0x00b159a9
2000c8a0:	564cec47 	.word	0x564cec47
2000c8a4:	de67b449 	.word	0xde67b449
2000c8a8:	1fc3a732 	.word	0x1fc3a732
2000c8ac:	2156b242 	.word	0x2156b242
2000c8b0:	c0343fd3 	.word	0xc0343fd3
2000c8b4:	2fe94130 	.word	0x2fe94130
2000c8b8:	205846f6 	.word	0x205846f6
2000c8bc:	78065f32 	.word	0x78065f32
2000c8c0:	09884167 	.word	0x09884167
2000c8c4:	451af0d8 	.word	0x451af0d8
2000c8c8:	87456445 	.word	0x87456445
2000c8cc:	bfa3802f 	.word	0xbfa3802f
2000c8d0:	00003fec 	.word	0x00003fec
2000c8d4:	2d78323f 	.word	0x2d78323f
2000c8d8:	37413657 	.word	0x37413657
2000c8dc:	f01fad2d 	.word	0xf01fad2d
2000c8e0:	3f30323e 	.word	0x3f30323e
2000c8e4:	935156e7 	.word	0x935156e7
2000c8e8:	9a24507c 	.word	0x9a24507c
2000c8ec:	0ed1315a 	.word	0x0ed1315a
2000c8f0:	69525b32 	.word	0x69525b32
2000c8f4:	6fb01a70 	.word	0x6fb01a70
2000c8f8:	6730323b 	.word	0x6730323b
2000c8fc:	7887d302 	.word	0x7887d302
2000c900:	38f81f62 	.word	0x38f81f62
2000c904:	5a3a4653 	.word	0x5a3a4653
2000c908:	2bea4b00 	.word	0x2bea4b00
2000c90c:	66df3252 	.word	0x66df3252
2000c910:	424ef849 	.word	0x424ef849
2000c914:	2c444e4f 	.word	0x2c444e4f
2000c918:	500e771f 	.word	0x500e771f
2000c91c:	64837773 	.word	0x64837773
2000c920:	607ea975 	.word	0x607ea975
2000c924:	0079654b 	.word	0x0079654b
2000c928:	5b8647c1 	.word	0x5b8647c1
2000c92c:	83bd6550 	.word	0x83bd6550
2000c930:	34349c2f 	.word	0x34349c2f
2000c934:	da218c47 	.word	0xda218c47
2000c938:	15495361 	.word	0x15495361
2000c93c:	e4a07406 	.word	0xe4a07406
2000c940:	6eaae266 	.word	0x6eaae266
2000c944:	2fb86781 	.word	0x2fb86781
2000c948:	d01e10c5 	.word	0xd01e10c5
2000c94c:	ad4f42a9 	.word	0xad4f42a9
2000c950:	434045de 	.word	0x434045de
2000c954:	60443e66 	.word	0x60443e66
2000c958:	5b4e37ee 	.word	0x5b4e37ee
2000c95c:	7265a850 	.word	0x7265a850
2000c960:	3fc16d15 	.word	0x3fc16d15
2000c964:	39337967 	.word	0x39337967
2000c968:	4b0a0fc3 	.word	0x4b0a0fc3
2000c96c:	f62f85ee 	.word	0xf62f85ee
2000c970:	5f46425f 	.word	0x5f46425f
2000c974:	9d568334 	.word	0x9d568334
2000c978:	7248668e 	.word	0x7248668e
2000c97c:	4567eeb1 	.word	0x4567eeb1
2000c980:	68c24944 	.word	0x68c24944
2000c984:	bfb23480 	.word	0xbfb23480
2000c988:	b4006e76 	.word	0xb4006e76
2000c98c:	718b2770 	.word	0x718b2770
2000c990:	005ad600 	.word	0x005ad600
2000c994:	154c0701 	.word	0x154c0701
2000c998:	7c801bef 	.word	0x7c801bef
2000c99c:	dc3cac06 	.word	0xdc3cac06
2000c9a0:	a7160cf9 	.word	0xa7160cf9
2000c9a4:	772b014c 	.word	0x772b014c
2000c9a8:	801c837b 	.word	0x801c837b
2000c9ac:	a0731784 	.word	0xa0731784
2000c9b0:	b0cfbcc9 	.word	0xb0cfbcc9
2000c9b4:	3ec027f4 	.word	0x3ec027f4
2000c9b8:	d846172c 	.word	0xd846172c
2000c9bc:	be00ff7b 	.word	0xbe00ff7b
2000c9c0:	16d79977 	.word	0x16d79977
2000c9c4:	34da2efc 	.word	0x34da2efc
2000c9c8:	796c0618 	.word	0x796c0618
2000c9cc:	d9cce7a4 	.word	0xd9cce7a4
2000c9d0:	da571b8c 	.word	0xda571b8c
2000c9d4:	5c3e85d0 	.word	0x5c3e85d0
2000c9d8:	ece817dc 	.word	0xece817dc
2000c9dc:	64630e6f 	.word	0x64630e6f
2000c9e0:	9d3af8be 	.word	0x9d3af8be
2000c9e4:	01d62798 	.word	0x01d62798
2000c9e8:	0100c53f 	.word	0x0100c53f
2000c9ec:	b701b805 	.word	0xb701b805
2000c9f0:	b5e84900 	.word	0xb5e84900
2000c9f4:	e7f06eb5 	.word	0xe7f06eb5
2000c9f8:	04c1fc06 	.word	0x04c1fc06
2000c9fc:	06bc66b6 	.word	0x06bc66b6
2000ca00:	cf20f314 	.word	0xcf20f314
2000ca04:	783c6c2c 	.word	0x783c6c2c
2000ca08:	88cf80f3 	.word	0x88cf80f3
2000ca0c:	f3983c90 	.word	0xf3983c90
2000ca10:	4301fba4 	.word	0x4301fba4
2000ca14:	b3000100 	.word	0xb3000100
2000ca18:	00d844a7 	.word	0x00d844a7
2000ca1c:	01701901 	.word	0x01701901
2000ca20:	7827d343 	.word	0x7827d343
2000ca24:	04be03bc 	.word	0x04be03bc
2000ca28:	a705361d 	.word	0xa705361d
2000ca2c:	209e1006 	.word	0x209e1006
2000ca30:	e7407930 	.word	0xe7407930
2000ca34:	1760bb50 	.word	0x1760bb50
2000ca38:	77071c16 	.word	0x77071c16
2000ca3c:	0ebbbcdb 	.word	0x0ebbbcdb
2000ca40:	17661ec8 	.word	0x17661ec8
2000ca44:	8f4070cc 	.word	0x8f4070cc
2000ca48:	00959cac 	.word	0x00959cac
2000ca4c:	c1ebba4c 	.word	0xc1ebba4c
2000ca50:	138936dc 	.word	0x138936dc
2000ca54:	cb1fb0dc 	.word	0xcb1fb0dc
2000ca58:	342b00e8 	.word	0x342b00e8
2000ca5c:	d30680ba 	.word	0xd30680ba
2000ca60:	c01f4e9f 	.word	0xc01f4e9f
2000ca64:	ee09bfad 	.word	0xee09bfad
2000ca68:	765406d6 	.word	0x765406d6
2000ca6c:	d9361ff6 	.word	0xd9361ff6
2000ca70:	db060fa0 	.word	0xdb060fa0
2000ca74:	1fbc085f 	.word	0x1fbc085f
2000ca78:	085606af 	.word	0x085606af
2000ca7c:	b9101f7c 	.word	0xb9101f7c
2000ca80:	cb06e504 	.word	0xcb06e504
2000ca84:	04029e1c 	.word	0x04029e1c
2000ca88:	18ab245c 	.word	0x18ab245c
2000ca8c:	18036c76 	.word	0x18036c76
2000ca90:	3f2cde7f 	.word	0x3f2cde7f
2000ca94:	1f633bb6 	.word	0x1f633bb6
2000ca98:	a06734a4 	.word	0xa06734a4
2000ca9c:	3d40a095 	.word	0x3d40a095
2000caa0:	f701b1ff 	.word	0xf701b1ff
2000caa4:	48c51e2f 	.word	0x48c51e2f
2000caa8:	283b3f9f 	.word	0x283b3f9f
2000caac:	3c4c17c4 	.word	0x3c4c17c4
2000cab0:	c1929497 	.word	0xc1929497
2000cab4:	50bbdc64 	.word	0x50bbdc64
2000cab8:	ae545d77 	.word	0xae545d77
2000cabc:	c34b5817 	.word	0xc34b5817
2000cac0:	4e57bc5c 	.word	0x4e57bc5c
2000cac4:	16d8a55c 	.word	0x16d8a55c
2000cac8:	3f26084c 	.word	0x3f26084c
2000cacc:	042ef660 	.word	0x042ef660
2000cad0:	c870e717 	.word	0xc870e717
2000cad4:	7ccf07e0 	.word	0x7ccf07e0
2000cad8:	3d8827bc 	.word	0x3d8827bc
2000cadc:	7700d8ee 	.word	0x7700d8ee
2000cae0:	e15f286d 	.word	0xe15f286d
2000cae4:	ff89bc94 	.word	0xff89bc94
2000cae8:	77f624d1 	.word	0x77f624d1
2000caec:	b32c2e6f 	.word	0xb32c2e6f
2000caf0:	62bc17f5 	.word	0x62bc17f5
2000caf4:	2f9ced77 	.word	0x2f9ced77
2000caf8:	905ed4c8 	.word	0x905ed4c8
2000cafc:	42f446e7 	.word	0x42f446e7
2000cb00:	d70f50f6 	.word	0xd70f50f6
2000cb04:	0ebd0476 	.word	0x0ebd0476
2000cb08:	47fa68d9 	.word	0x47fa68d9
2000cb0c:	efbd20d8 	.word	0xefbd20d8
2000cb10:	241d3098 	.word	0x241d3098
2000cb14:	3635ff34 	.word	0x3635ff34
2000cb18:	41393837 	.word	0x41393837
2000cb1c:	44ea4342 	.word	0x44ea4342
2000cb20:	5f234645 	.word	0x5f234645
2000cb24:	80d717ac 	.word	0x80d717ac
2000cb28:	0086f60b 	.word	0x0086f60b
2000cb2c:	0bea1f0a 	.word	0x0bea1f0a
2000cb30:	b500b76f 	.word	0xb500b76f
2000cb34:	1c003f9e 	.word	0x1c003f9e
2000cb38:	060d1d08 	.word	0x060d1d08
2000cb3c:	07d769bd 	.word	0x07d769bd
2000cb40:	6f9c8627 	.word	0x6f9c8627
2000cb44:	60bc2fd8 	.word	0x60bc2fd8
2000cb48:	f6608cf8 	.word	0xf6608cf8
2000cb4c:	6ce047e8 	.word	0x6ce047e8
2000cb50:	a8d9078b 	.word	0xa8d9078b
2000cb54:	749f2ff2 	.word	0x749f2ff2
2000cb58:	1766f4bc 	.word	0x1766f4bc
2000cb5c:	2e987a80 	.word	0x2e987a80
2000cb60:	16f98c57 	.word	0x16f98c57
2000cb64:	9c1b50d0 	.word	0x9c1b50d0
2000cb68:	e0e45ebf 	.word	0xe0e45ebf
2000cb6c:	5fe446f6 	.word	0x5fe446f6
2000cb70:	082eac6f 	.word	0x082eac6f
2000cb74:	fabc776e 	.word	0xfabc776e
2000cb78:	add0ec16 	.word	0xadd0ec16
2000cb7c:	135fad77 	.word	0x135fad77
2000cb80:	6747c0cf 	.word	0x6747c0cf
2000cb84:	4127e087 	.word	0x4127e087
2000cb88:	ec041f92 	.word	0xec041f92
2000cb8c:	e12fa85c 	.word	0xe12fa85c
2000cb90:	9f89bdf0 	.word	0x9f89bdf0
2000cb94:	f82f3cb7 	.word	0xf82f3cb7
2000cb98:	17bd1c3d 	.word	0x17bd1c3d
2000cb9c:	4789be08 	.word	0x4789be08
2000cba0:	2f21dcd9 	.word	0x2f21dcd9
2000cba4:	e0dd189e 	.word	0xe0dd189e
2000cba8:	044f8700 	.word	0x044f8700
2000cbac:	ef7f0421 	.word	0xef7f0421
2000cbb0:	2046c968 	.word	0x2046c968
2000cbb4:	79541766 	.word	0x79541766
2000cbb8:	c13c39b4 	.word	0xc13c39b4
2000cbbc:	7f310207 	.word	0x7f310207
2000cbc0:	c21c2831 	.word	0xc21c2831
2000cbc4:	6e02d805 	.word	0x6e02d805
2000cbc8:	182bce75 	.word	0x182bce75
2000cbcc:	3428c786 	.word	0x3428c786
2000cbd0:	2129477b 	.word	0x2129477b
2000cbd4:	e66f8f58 	.word	0xe66f8f58
2000cbd8:	fa003966 	.word	0xfa003966
2000cbdc:	076c9dff 	.word	0x076c9dff
2000cbe0:	b8040e1d 	.word	0xb8040e1d
2000cbe4:	57224c17 	.word	0x57224c17
2000cbe8:	1fbdf0e2 	.word	0x1fbdf0e2
2000cbec:	f789be5c 	.word	0xf789be5c
2000cbf0:	010003d8 	.word	0x010003d8
2000cbf4:	07d6ff06 	.word	0x07d6ff06
2000cbf8:	01b027c0 	.word	0x01b027c0
2000cbfc:	4780034d 	.word	0x4780034d
2000cc00:	5b67ffed 	.word	0x5b67ffed
2000cc04:	ff3b4487 	.word	0xff3b4487
2000cc08:	36000100 	.word	0x36000100
2000cc0c:	0523cf03 	.word	0x0523cf03
2000cc10:	0d820097 	.word	0x0d820097
2000cc14:	0fff820b 	.word	0x0fff820b
2000cc18:	50fdc10a 	.word	0x50fdc10a
2000cc1c:	20581fb1 	.word	0x20581fb1
2000cc20:	ee7ba00f 	.word	0xee7ba00f
2000cc24:	1b072222 	.word	0x1b072222
2000cc28:	a718422f 	.word	0xa718422f
2000cc2c:	0000da23 	.word	0x0000da23
2000cc30:	bfa10d7f 	.word	0xbfa10d7f
2000cc34:	167f03b0 	.word	0x167f03b0
2000cc38:	10042f08 	.word	0x10042f08
2000cc3c:	27080297 	.word	0x27080297
2000cc40:	36876201 	.word	0x36876201
2000cc44:	141fb603 	.word	0x141fb603
2000cc48:	874b4f40 	.word	0x874b4f40
2000cc4c:	b127d052 	.word	0xb127d052
2000cc50:	8a030d1f 	.word	0x8a030d1f
2000cc54:	020fc1bf 	.word	0x020fc1bf
2000cc58:	a820afc0 	.word	0xa820afc0
2000cc5c:	841f5a0f 	.word	0x841f5a0f
2000cc60:	ee070f10 	.word	0xee070f10
2000cc64:	d007eeb2 	.word	0xd007eeb2
2000cc68:	083f8e17 	.word	0x083f8e17
2000cc6c:	9feeee76 	.word	0x9feeee76
2000cc70:	c1476a29 	.word	0xc1476a29
2000cc74:	ee03050f 	.word	0xee03050f
2000cc78:	128deeb0 	.word	0x128deeb0
2000cc7c:	ee8e5f9a 	.word	0xee8e5f9a
2000cc80:	ee387fc5 	.word	0xee387fc5
2000cc84:	b0b7aaee 	.word	0xb0b7aaee
2000cc88:	07560f51 	.word	0x07560f51
2000cc8c:	ee07b0c6 	.word	0xee07b0c6
2000cc90:	f30ebe88 	.word	0xf30ebe88
2000cc94:	b4cfac06 	.word	0xb4cfac06
2000cc98:	f3dc3ccc 	.word	0xf3dc3ccc
2000cc9c:	00f8cfec 	.word	0x00f8cfec
2000cca0:	2287bfa0 	.word	0x2287bfa0
2000cca4:	f318063c 	.word	0xf318063c
2000cca8:	3424cf20 	.word	0x3424cf20
2000ccac:	58f3483c 	.word	0x58f3483c
2000ccb0:	3c6860cf 	.word	0x3c6860cf
2000ccb4:	cf8cf378 	.word	0xcf8cf378
2000ccb8:	b03ca494 	.word	0xb03ca494
2000ccbc:	d0cfb8f3 	.word	0xd0cfb8f3
2000ccc0:	d1f03de0 	.word	0xd1f03de0
2000ccc4:	de09c08f 	.word	0xde09c08f
2000ccc8:	9e3806e7 	.word	0x9e3806e7
2000cccc:	50794840 	.word	0x50794840
2000ccd0:	649e58e7 	.word	0x649e58e7
2000ccd4:	e7807970 	.word	0xe7807970
2000ccd8:	a8a09e8c 	.word	0xa8a09e8c
2000ccdc:	b8e7b079 	.word	0xb8e7b079
2000cce0:	79c4c09e 	.word	0x79c4c09e
2000cce4:	9edce7d0 	.word	0x9edce7d0
2000cce8:	fc79f0e8 	.word	0xfc79f0e8
2000ccec:	9e7504e2 	.word	0x9e7504e2
2000ccf0:	1006e708 	.word	0x1006e708
2000ccf4:	7920189e 	.word	0x7920189e
2000ccf8:	9e40e738 	.word	0x9e40e738
2000ccfc:	64795850 	.word	0x64795850
2000cd00:	789e70e7 	.word	0x789e70e7
2000cd04:	e798798c 	.word	0xe798798c
2000cd08:	d4c49eb4 	.word	0xd4c49eb4
2000cd0c:	01e0e079 	.word	0x01e0e079
2000cd10:	0240bb6f 	.word	0x0240bb6f
2000cd14:	18b3d118 	.word	0x18b3d118
2000cd18:	26f69e2d 	.word	0x26f69e2d
2000cd1c:	da06c204 	.word	0xda06c204
2000cd20:	402fd51f 	.word	0x402fd51f
2000cd24:	262fcf49 	.word	0x262fcf49
2000cd28:	352f7424 	.word	0x352f7424
2000cd2c:	c238e184 	.word	0xc238e184
2000cd30:	da1fa79c 	.word	0xda1fa79c
2000cd34:	b38bb920 	.word	0xb38bb920
2000cd38:	20482f01 	.word	0x20482f01
2000cd3c:	584cbac8 	.word	0x584cbac8
2000cd40:	7d59a483 	.word	0x7d59a483
2000cd44:	0d2fc01b 	.word	0x0d2fc01b
2000cd48:	2e682a77 	.word	0x2e682a77
2000cd4c:	c4bf78ba 	.word	0xc4bf78ba
2000cd50:	97312fd2 	.word	0x97312fd2
2000cd54:	bfd85f9b 	.word	0xbfd85f9b
2000cd58:	989bef07 	.word	0x989bef07
2000cd5c:	c2a4e72e 	.word	0xc2a4e72e
2000cd60:	b89b0890 	.word	0xb89b0890
2000cd64:	89220d5f 	.word	0x89220d5f
2000cd68:	64c4902f 	.word	0x64c4902f
2000cd6c:	41d42623 	.word	0x41d42623
2000cd70:	58fb2a00 	.word	0x58fb2a00
2000cd74:	bae4672f 	.word	0xbae4672f
2000cd78:	c412bff0 	.word	0xc412bff0
2000cd7c:	c30ce42f 	.word	0xc30ce42f
2000cd80:	182624e4 	.word	0x182624e4
2000cd84:	25d88f77 	.word	0x25d88f77
2000cd88:	0628992f 	.word	0x0628992f
2000cd8c:	61af0a04 	.word	0x61af0a04
2000cd90:	2e6fcf02 	.word	0x2e6fcf02
2000cd94:	da067c44 	.word	0xda067c44
2000cd98:	371f11c1 	.word	0x371f11c1
2000cd9c:	60ba2650 	.word	0x60ba2650
2000cda0:	8fc4452f 	.word	0x8fc4452f
2000cda4:	842674de 	.word	0x842674de
2000cda8:	62462fe8 	.word	0x62462fe8
2000cdac:	268c6f6f 	.word	0x268c6f6f
2000cdb0:	d0067d9c 	.word	0xd0067d9c
2000cdb4:	bd8f8901 	.word	0xbd8f8901
2000cdb8:	d2b826a8 	.word	0xd2b826a8
2000cdbc:	c813042f 	.word	0xc813042f
2000cdc0:	06d8267b 	.word	0x06d8267b
2000cdc4:	a4b6bfe2 	.word	0xa4b6bfe2
2000cdc8:	ecef5a2f 	.word	0xecef5a2f
2000cdcc:	2ff826f7 	.word	0x2ff826f7
2000cdd0:	5dbfd75a 	.word	0x5dbfd75a
2000cdd4:	af40042f 	.word	0xaf40042f
2000cdd8:	2206149e 	.word	0x2206149e
2000cddc:	264f228e 	.word	0x264f228e
2000cde0:	2c26f720 	.word	0x2c26f720
2000cde4:	3333d806 	.word	0x3333d806
2000cde8:	2f349b8f 	.word	0x2f349b8f
2000cdec:	bb57a16a 	.word	0xbb57a16a
2000cdf0:	82072640 	.word	0x82072640
2000cdf4:	cc4aa94c 	.word	0xcc4aa94c
2000cdf8:	c0f89276 	.word	0xc0f89276
2000cdfc:	1be11179 	.word	0x1be11179
2000ce00:	0f408f46 	.word	0x0f408f46
2000ce04:	1c4953e0 	.word	0x1c4953e0
2000ce08:	b54a4d57 	.word	0xb54a4d57
2000ce0c:	032b9181 	.word	0x032b9181
2000ce10:	aedf8275 	.word	0xaedf8275
2000ce14:	ee781864 	.word	0xee781864
2000ce18:	3dddf55a 	.word	0x3dddf55a
2000ce1c:	43ec8711 	.word	0x43ec8711
2000ce20:	5056df7e 	.word	0x5056df7e
2000ce24:	7075706f 	.word	0x7075706f
2000ce28:	12c71208 	.word	0x12c71208
2000ce2c:	727411f7 	.word	0x727411f7
2000ce30:	9584746f 	.word	0x9584746f
2000ce34:	636e7648 	.word	0x636e7648
2000ce38:	64187d65 	.word	0x64187d65
2000ce3c:	e133ad10 	.word	0xe133ad10
2000ce40:	a5b70bdf 	.word	0xa5b70bdf
2000ce44:	974029ba 	.word	0x974029ba
2000ce48:	666fdb35 	.word	0x666fdb35
2000ce4c:	096c8c25 	.word	0x096c8c25
2000ce50:	2f1c4a0f 	.word	0x2f1c4a0f
2000ce54:	04774609 	.word	0x04774609
2000ce58:	6e6f0faf 	.word	0x6e6f0faf
2000ce5c:	a0995002 	.word	0xa0995002
2000ce60:	f6943b8e 	.word	0xf6943b8e
2000ce64:	0ae0393c 	.word	0x0ae0393c
2000ce68:	68f40f26 	.word	0x68f40f26
2000ce6c:	c043b761 	.word	0xc043b761
2000ce70:	f0165ed4 	.word	0xf0165ed4
2000ce74:	6bb6609e 	.word	0x6bb6609e
2000ce78:	59534b34 	.word	0x59534b34
2000ce7c:	e5784a0a 	.word	0xe5784a0a
2000ce80:	55207c0d 	.word	0x55207c0d
2000ce84:	1a1c446e 	.word	0x1a1c446e
2000ce88:	3f420074 	.word	0x3f420074
2000ce8c:	18a81bc0 	.word	0x18a81bc0
2000ce90:	c14fc2d7 	.word	0xc14fc2d7
2000ce94:	d66552d0 	.word	0xd66552d0
2000ce98:	65457ca3 	.word	0x65457ca3
2000ce9c:	03574a61 	.word	0x03574a61
2000cea0:	485797dc 	.word	0x485797dc
2000cea4:	0aca6d4f 	.word	0x0aca6d4f
2000cea8:	5769750b 	.word	0x5769750b
2000ceac:	dfda4a49 	.word	0xdfda4a49
2000ceb0:	500e4542 	.word	0x500e4542
2000ceb4:	3b44a145 	.word	0x3b44a145
2000ceb8:	ec538637 	.word	0xec538637
2000cebc:	8b005808 	.word	0x8b005808
2000cec0:	913a9fd0 	.word	0x913a9fd0
2000cec4:	0c3d0cb5 	.word	0x0c3d0cb5
2000cec8:	8a850f65 	.word	0x8a850f65
2000cecc:	7286bb28 	.word	0x7286bb28
2000ced0:	1ea46767 	.word	0x1ea46767
2000ced4:	20e70ab1 	.word	0x20e70ab1
2000ced8:	a829e70f 	.word	0xa829e70f
2000cedc:	8e8c50dd 	.word	0x8e8c50dd
2000cee0:	4a44aa1d 	.word	0x4a44aa1d
2000cee4:	bcab034a 	.word	0xbcab034a
2000cee8:	1dc22c67 	.word	0x1dc22c67
2000ceec:	2817a420 	.word	0x2817a420
2000cef0:	03b39564 	.word	0x03b39564
2000cef4:	60dbb008 	.word	0x60dbb008
2000cef8:	0e54c186 	.word	0x0e54c186
2000cefc:	202de034 	.word	0x202de034
2000cf00:	426de964 	.word	0x426de964
2000cf04:	ed31411b 	.word	0xed31411b
2000cf08:	672c8554 	.word	0x672c8554
2000cf0c:	40b78711 	.word	0x40b78711
2000cf10:	a0c6066e 	.word	0xa0c6066e
2000cf14:	053a15bc 	.word	0x053a15bc
2000cf18:	914c5b60 	.word	0x914c5b60
2000cf1c:	27327427 	.word	0x27327427
2000cf20:	11f7e72d 	.word	0x11f7e72d
2000cf24:	1241573a 	.word	0x1241573a
2000cf28:	c118e1b8 	.word	0xc118e1b8
2000cf2c:	3b274b67 	.word	0x3b274b67
2000cf30:	19610a71 	.word	0x19610a71
2000cf34:	a630f772 	.word	0xa630f772
2000cf38:	73b9a81c 	.word	0x73b9a81c
2000cf3c:	f6e00dab 	.word	0xf6e00dab
2000cf40:	17cee185 	.word	0x17cee185
2000cf44:	8e3a85c7 	.word	0x8e3a85c7
2000cf48:	09bc843d 	.word	0x09bc843d
2000cf4c:	a5f84d65 	.word	0xa5f84d65
2000cf50:	66c4094e 	.word	0x66c4094e
2000cf54:	6fd083ce 	.word	0x6fd083ce
2000cf58:	85a5c76e 	.word	0x85a5c76e
2000cf5c:	90f31e0a 	.word	0x90f31e0a
2000cf60:	3f247530 	.word	0x3f247530
2000cf64:	127d420d 	.word	0x127d420d
2000cf68:	2f7ae7ec 	.word	0x2f7ae7ec
2000cf6c:	55a1362c 	.word	0x55a1362c
2000cf70:	1d063f69 	.word	0x1d063f69
2000cf74:	93707201 	.word	0x93707201
2000cf78:	62293fcc 	.word	0x62293fcc
2000cf7c:	dc11494e 	.word	0xdc11494e
2000cf80:	b57d2c9b 	.word	0xb57d2c9b
2000cf84:	184775cc 	.word	0x184775cc
2000cf88:	914594c3 	.word	0x914594c3
2000cf8c:	313e745e 	.word	0x313e745e
2000cf90:	a3037129 	.word	0xa3037129
2000cf94:	1aba00d8 	.word	0x1aba00d8
2000cf98:	6001896b 	.word	0x6001896b
2000cf9c:	3d3dbd57 	.word	0x3d3dbd57
2000cfa0:	015359b7 	.word	0x015359b7
2000cfa4:	9d21eeba 	.word	0x9d21eeba
2000cfa8:	57604591 	.word	0x57604591
2000cfac:	3f36edda 	.word	0x3f36edda
2000cfb0:	dc412c9b 	.word	0xdc412c9b
2000cfb4:	6dd89e75 	.word	0x6dd89e75
2000cfb8:	ed46a00e 	.word	0xed46a00e
2000cfbc:	4d365100 	.word	0x4d365100
2000cfc0:	3f628b8f 	.word	0x3f628b8f
2000cfc4:	73d35741 	.word	0x73d35741
2000cfc8:	0a30950b 	.word	0x0a30950b
2000cfcc:	0ca237c4 	.word	0x0ca237c4
2000cfd0:	b2097081 	.word	0xb2097081
2000cfd4:	2e63c728 	.word	0x2e63c728
2000cfd8:	10033f61 	.word	0x10033f61
2000cfdc:	45898a6e 	.word	0x45898a6e
2000cfe0:	2110f00c 	.word	0x2110f00c
2000cfe4:	80eb9368 	.word	0x80eb9368
2000cfe8:	621ddfc7 	.word	0x621ddfc7
2000cfec:	5c5f0254 	.word	0x5c5f0254
2000cff0:	5c490073 	.word	0x5c490073
2000cff4:	d55b481f 	.word	0xd55b481f
2000cff8:	9d1573cb 	.word	0x9d1573cb
2000cffc:	51d15786 	.word	0x51d15786
2000d000:	4fc54136 	.word	0x4fc54136
2000d004:	c4579e88 	.word	0xc4579e88
2000d008:	c728ac4f 	.word	0xc728ac4f
2000d00c:	70931542 	.word	0x70931542
2000d010:	48cda72c 	.word	0x48cda72c
2000d014:	a6908fba 	.word	0xa6908fba
2000d018:	d8dd57cb 	.word	0xd8dd57cb
2000d01c:	a60a7370 	.word	0xa60a7370
2000d020:	fa966467 	.word	0xfa966467
2000d024:	487e355f 	.word	0x487e355f
2000d028:	30dd6f14 	.word	0x30dd6f14
2000d02c:	005f8b89 	.word	0x005f8b89
2000d030:	6007e958 	.word	0x6007e958
2000d034:	ea851563 	.word	0xea851563
2000d038:	8b034a00 	.word	0x8b034a00
2000d03c:	32552c8c 	.word	0x32552c8c
2000d040:	a7212c71 	.word	0xa7212c71
2000d044:	6b94005a 	.word	0x6b94005a
2000d048:	472385a1 	.word	0x472385a1
2000d04c:	328fa0a7 	.word	0x328fa0a7
2000d050:	6c88656e 	.word	0x6c88656e
2000d054:	4c1d6738 	.word	0x4c1d6738
2000d058:	324ea432 	.word	0x324ea432
2000d05c:	3d766484 	.word	0x3d766484
2000d060:	0cb710e7 	.word	0x0cb710e7
2000d064:	414142b5 	.word	0x414142b5
2000d068:	77b3ed74 	.word	0x77b3ed74
2000d06c:	5b40770d 	.word	0x5b40770d
2000d070:	04164f2d 	.word	0x04164f2d
2000d074:	0f61ca68 	.word	0x0f61ca68
2000d078:	7d1a73d0 	.word	0x7d1a73d0
2000d07c:	d56068c9 	.word	0xd56068c9
2000d080:	81a60eb5 	.word	0x81a60eb5
2000d084:	745e17d5 	.word	0x745e17d5
2000d088:	13a9326f 	.word	0x13a9326f
2000d08c:	397320d7 	.word	0x397320d7
2000d090:	3df47dc5 	.word	0x3df47dc5
2000d094:	9131b523 	.word	0x9131b523
2000d098:	373dd926 	.word	0x373dd926
2000d09c:	5d6e7761 	.word	0x5d6e7761
2000d0a0:	4d61122f 	.word	0x4d61122f
2000d0a4:	276f74da 	.word	0x276f74da
2000d0a8:	48712e3b 	.word	0x48712e3b
2000d0ac:	312f8691 	.word	0x312f8691
2000d0b0:	7da92c22 	.word	0x7da92c22
2000d0b4:	2f538651 	.word	0x2f538651
2000d0b8:	dd2529e1 	.word	0xdd2529e1
2000d0bc:	0a071f0b 	.word	0x0a071f0b
2000d0c0:	6a1f3152 	.word	0x6a1f3152
2000d0c4:	fd81f743 	.word	0xfd81f743
2000d0c8:	490a2145 	.word	0x490a2145
2000d0cc:	60748757 	.word	0x60748757
2000d0d0:	90f7363d 	.word	0x90f7363d
2000d0d4:	fb4bcbb7 	.word	0xfb4bcbb7
2000d0d8:	637f2d05 	.word	0x637f2d05
2000d0dc:	a40a078e 	.word	0xa40a078e
2000d0e0:	9ec26fe2 	.word	0x9ec26fe2
2000d0e4:	88e56be7 	.word	0x88e56be7
2000d0e8:	5a59b800 	.word	0x5a59b800
2000d0ec:	6f74f6e7 	.word	0x6f74f6e7
2000d0f0:	000aafe3 	.word	0x000aafe3
2000d0f4:	b55500b0 	.word	0xb55500b0
2000d0f8:	85e782bd 	.word	0x85e782bd
2000d0fc:	1853bfab 	.word	0x1853bfab
2000d100:	c89311fa 	.word	0xc89311fa
2000d104:	068686b1 	.word	0x068686b1
2000d108:	83cb7282 	.word	0x83cb7282
2000d10c:	6e6fe79d 	.word	0x6e6fe79d
2000d110:	a3c24de3 	.word	0xa3c24de3
2000d114:	4fe84e03 	.word	0x4fe84e03
2000d118:	c12e4f54 	.word	0xc12e4f54
2000d11c:	4957537f 	.word	0x4957537f
2000d120:	03484354 	.word	0x03484354
2000d124:	b52ef3e8 	.word	0xb52ef3e8
2000d128:	2000e801 	.word	0x2000e801
2000d12c:	14bb2e20 	.word	0x14bb2e20
2000d130:	ea15b317 	.word	0xea15b317
2000d134:	136e2000 	.word	0x136e2000
2000d138:	086b7a96 	.word	0x086b7a96
2000d13c:	33ab0130 	.word	0x33ab0130
2000d140:	2d9d2c86 	.word	0x2d9d2c86
2000d144:	eba77031 	.word	0xeba77031
2000d148:	e7a9d848 	.word	0xe7a9d848
2000d14c:	017241c0 	.word	0x017241c0
2000d150:	9d6399c9 	.word	0x9d6399c9
2000d154:	1be38824 	.word	0x1be38824
2000d158:	d481f965 	.word	0xd481f965
2000d15c:	9b0f7756 	.word	0x9b0f7756
2000d160:	07283f89 	.word	0x07283f89
2000d164:	182d9735 	.word	0x182d9735
2000d168:	b8c13261 	.word	0xb8c13261
2000d16c:	ae5fba30 	.word	0xae5fba30
2000d170:	fa380920 	.word	0xfa380920
2000d174:	e335c1db 	.word	0xe335c1db
2000d178:	b1cf6e4f 	.word	0xb1cf6e4f
2000d17c:	52f6e313 	.word	0x52f6e313
2000d180:	6f3cb131 	.word	0x6f3cb131
2000d184:	3f464572 	.word	0x3f464572
2000d188:	6573fe9b 	.word	0x6573fe9b
2000d18c:	ea8f711b 	.word	0xea8f711b
2000d190:	e70e002e 	.word	0xe70e002e
2000d194:	a6a66cae 	.word	0xa6a66cae
2000d198:	e6a06565 	.word	0xe6a06565
2000d19c:	1f0a7327 	.word	0x1f0a7327
2000d1a0:	f1705418 	.word	0xf1705418
2000d1a4:	a5e88018 	.word	0xa5e88018
2000d1a8:	74e425a4 	.word	0x74e425a4
2000d1ac:	050a216f 	.word	0x050a216f
2000d1b0:	ffcb52f7 	.word	0xffcb52f7
2000d1b4:	01a2208d 	.word	0x01a2208d
2000d1b8:	892e0a63 	.word	0x892e0a63
2000d1bc:	d0652715 	.word	0xd0652715
2000d1c0:	aa90aa56 	.word	0xaa90aa56
2000d1c4:	a9384812 	.word	0xa9384812
2000d1c8:	ad4f0657 	.word	0xad4f0657
2000d1cc:	16bd3e43 	.word	0x16bd3e43
2000d1d0:	4f643b21 	.word	0x4f643b21
2000d1d4:	8577f525 	.word	0x8577f525
2000d1d8:	76ce800b 	.word	0x76ce800b
2000d1dc:	9e1ae53b 	.word	0x9e1ae53b
2000d1e0:	10650ace 	.word	0x10650ace
2000d1e4:	770e96a1 	.word	0x770e96a1
2000d1e8:	3706f680 	.word	0x3706f680
2000d1ec:	06b72bc2 	.word	0x06b72bc2
2000d1f0:	c05c025f 	.word	0xc05c025f
2000d1f4:	3c6f6420 	.word	0x3c6f6420
2000d1f8:	63ba4916 	.word	0x63ba4916
2000d1fc:	35f0b084 	.word	0x35f0b084
2000d200:	abe22157 	.word	0xabe22157
2000d204:	9239771a 	.word	0x9239771a
2000d208:	bada0f70 	.word	0xbada0f70
2000d20c:	544e41c6 	.word	0x544e41c6
2000d210:	c2dde3c3 	.word	0xc2dde3c3
2000d214:	a80f2b95 	.word	0xa80f2b95
2000d218:	4456b108 	.word	0x4456b108
2000d21c:	40826867 	.word	0x40826867
2000d220:	5589d79c 	.word	0x5589d79c
2000d224:	d3113d32 	.word	0xd3113d32
2000d228:	0e6341f1 	.word	0x0e6341f1
2000d22c:	8c5fc16f 	.word	0x8c5fc16f
2000d230:	68188d8a 	.word	0x68188d8a
2000d234:	a2006b2b 	.word	0xa2006b2b
2000d238:	8643d3f7 	.word	0x8643d3f7
2000d23c:	1120af5c 	.word	0x1120af5c
2000d240:	434222fb 	.word	0x434222fb
2000d244:	35c27306 	.word	0x35c27306
2000d248:	b559e1b0 	.word	0xb559e1b0
2000d24c:	43766721 	.word	0x43766721
2000d250:	671b10a5 	.word	0x671b10a5
2000d254:	56ba4f60 	.word	0x56ba4f60
2000d258:	a7ffcc0a 	.word	0xa7ffcc0a
2000d25c:	0d7d0460 	.word	0x0d7d0460
2000d260:	5b946465 	.word	0x5b946465
2000d264:	7406b661 	.word	0x7406b661
2000d268:	dc6f62c6 	.word	0xdc6f62c6
2000d26c:	1f776c77 	.word	0x1f776c77
2000d270:	b0206f4e 	.word	0xb0206f4e
2000d274:	2c7d7d76 	.word	0x2c7d7d76
2000d278:	fd457520 	.word	0xfd457520
2000d27c:	016874ab 	.word	0x016874ab
2000d280:	b059c34a 	.word	0xb059c34a
2000d284:	833744e7 	.word	0x833744e7
2000d288:	c332522e 	.word	0xc332522e
2000d28c:	e6cc2bd8 	.word	0xe6cc2bd8
2000d290:	59fd24bd 	.word	0x59fd24bd
2000d294:	81766153 	.word	0x81766153
2000d298:	6c380935 	.word	0x6c380935
2000d29c:	f2420934 	.word	0xf2420934
2000d2a0:	3593983d 	.word	0x3593983d
2000d2a4:	7460fc97 	.word	0x7460fc97
2000d2a8:	632b7165 	.word	0x632b7165
2000d2ac:	9d02f7c3 	.word	0x9d02f7c3
2000d2b0:	23d34456 	.word	0x23d34456
2000d2b4:	e7b3dac0 	.word	0xe7b3dac0
2000d2b8:	a3a0422f 	.word	0xa3a0422f
2000d2bc:	1f78193d 	.word	0x1f78193d
2000d2c0:	8b17c149 	.word	0x8b17c149
2000d2c4:	09588181 	.word	0x09588181
2000d2c8:	2c818f58 	.word	0x2c818f58
2000d2cc:	07748020 	.word	0x07748020
2000d2d0:	5932c0bf 	.word	0x5932c0bf
2000d2d4:	23ffcb81 	.word	0x23ffcb81
2000d2d8:	0351060e 	.word	0x0351060e
2000d2dc:	8603c2c0 	.word	0x8603c2c0
2000d2e0:	1c002b19 	.word	0x1c002b19
2000d2e4:	000a7b0b 	.word	0x000a7b0b
2000d2e8:	22a35bf7 	.word	0x22a35bf7
2000d2ec:	63dd600a 	.word	0x63dd600a
2000d2f0:	3b78052c 	.word	0x3b78052c
2000d2f4:	0621063f 	.word	0x0621063f
2000d2f8:	8e6e7560 	.word	0x8e6e7560
2000d2fc:	5fd82c2f 	.word	0x5fd82c2f
2000d300:	3d457e00 	.word	0x3d457e00
2000d304:	3e6057ca 	.word	0x3e6057ca
2000d308:	602c034d 	.word	0x602c034d
2000d30c:	00236fc3 	.word	0x00236fc3
2000d310:	23052f91 	.word	0x23052f91
2000d314:	ff4c430d 	.word	0xff4c430d
2000d318:	4d5553e4 	.word	0x4d5553e4
2000d31c:	49f04d20 	.word	0x49f04d20
2000d320:	18414d53 	.word	0x18414d53
2000d324:	5b404154 	.word	0x5b404154
2000d328:	c0bdaa8c 	.word	0xc0bdaa8c
2000d32c:	e01bcbeb 	.word	0xe01bcbeb
2000d330:	867956af 	.word	0x867956af
2000d334:	cc1011ba 	.word	0xcc1011ba
2000d338:	d20a476d 	.word	0xd20a476d
2000d33c:	6c6391a7 	.word	0x6c6391a7
2000d340:	0773762f 	.word	0x0773762f
2000d344:	413b07ed 	.word	0x413b07ed
2000d348:	bfa18f50 	.word	0xbfa18f50
2000d34c:	120b6ef9 	.word	0x120b6ef9
2000d350:	98c731cb 	.word	0x98c731cb
2000d354:	5c322637 	.word	0x5c322637
2000d358:	bc25120a 	.word	0xbc25120a
2000d35c:	2cc91c2d 	.word	0x2cc91c2d
2000d360:	97f86cd6 	.word	0x97f86cd6
2000d364:	61d62b4d 	.word	0x61d62b4d
2000d368:	c02d2112 	.word	0xc02d2112
2000d36c:	6ca0cb5d 	.word	0x6ca0cb5d
2000d370:	6f4be23d 	.word	0x6f4be23d
2000d374:	756762eb 	.word	0x756762eb
2000d378:	027d5e82 	.word	0x027d5e82
2000d37c:	2be26565 	.word	0x2be26565
2000d380:	6148f7fd 	.word	0x6148f7fd
2000d384:	772b1173 	.word	0x772b1173
2000d388:	d5bd353f 	.word	0xd5bd353f
2000d38c:	c09bd868 	.word	0xc09bd868
2000d390:	9002bbc9 	.word	0x9002bbc9
2000d394:	37154760 	.word	0x37154760
2000d398:	8a0003db 	.word	0x8a0003db
2000d39c:	68401300 	.word	0x68401300
2000d3a0:	605e6e36 	.word	0x605e6e36
2000d3a4:	447fce93 	.word	0x447fce93
2000d3a8:	54454c45 	.word	0x54454c45
2000d3ac:	29da4445 	.word	0x29da4445
2000d3b0:	52c11700 	.word	0x52c11700
2000d3b4:	2b7453e3 	.word	0x2b7453e3
2000d3b8:	a57e19f6 	.word	0xa57e19f6
2000d3bc:	42769a61 	.word	0x42769a61
2000d3c0:	82b1aba2 	.word	0x82b1aba2
2000d3c4:	a8444270 	.word	0xa8444270
2000d3c8:	b405550c 	.word	0xb405550c
2000d3cc:	970d73d0 	.word	0x970d73d0
2000d3d0:	11370f18 	.word	0x11370f18
2000d3d4:	462b4ab0 	.word	0x462b4ab0
2000d3d8:	066973a1 	.word	0x066973a1
2000d3dc:	7b1e110f 	.word	0x7b1e110f
2000d3e0:	988d5bd0 	.word	0x988d5bd0
2000d3e4:	0c2f1697 	.word	0x0c2f1697
2000d3e8:	315a2527 	.word	0x315a2527
2000d3ec:	25bf965f 	.word	0x25bf965f
2000d3f0:	105f1fb6 	.word	0x105f1fb6
2000d3f4:	78082091 	.word	0x78082091
2000d3f8:	237078e5 	.word	0x237078e5
2000d3fc:	74f2f8d9 	.word	0x74f2f8d9
2000d400:	0b632c79 	.word	0x0b632c79
2000d404:	b0711019 	.word	0xb0711019
2000d408:	0972c047 	.word	0x0972c047
2000d40c:	2e6431dd 	.word	0x2e6431dd
2000d410:	4327ba00 	.word	0x4327ba00
2000d414:	003bf050 	.word	0x003bf050
2000d418:	13d32b06 	.word	0x13d32b06
2000d41c:	97232159 	.word	0x97232159
2000d420:	91e16950 	.word	0x91e16950
2000d424:	128d4a8c 	.word	0x128d4a8c
2000d428:	58218f03 	.word	0x58218f03
2000d42c:	7015e5c7 	.word	0x7015e5c7
2000d430:	871aa16f 	.word	0x871aa16f
2000d434:	1c7797d0 	.word	0x1c7797d0
2000d438:	303b6153 	.word	0x303b6153
2000d43c:	c903c0ab 	.word	0xc903c0ab
2000d440:	527b3ce5 	.word	0x527b3ce5
2000d444:	0feda2cd 	.word	0x0feda2cd
2000d448:	1004c726 	.word	0x1004c726
2000d44c:	0097b018 	.word	0x0097b018
2000d450:	21841739 	.word	0x21841739
2000d454:	23b90b4f 	.word	0x23b90b4f
2000d458:	235413f1 	.word	0x235413f1
2000d45c:	1d014807 	.word	0x1d014807
2000d460:	44a8752e 	.word	0x44a8752e
2000d464:	6af59000 	.word	0x6af59000
2000d468:	e0106c15 	.word	0xe0106c15
2000d46c:	d3422097 	.word	0xd3422097
2000d470:	6f0e4b11 	.word	0x6f0e4b11
2000d474:	cba3b06e 	.word	0xcba3b06e
2000d478:	a68574b0 	.word	0xa68574b0
2000d47c:	a04f062a 	.word	0xa04f062a
2000d480:	0b121d2f 	.word	0x0b121d2f
2000d484:	cd3d54f1 	.word	0xcd3d54f1
2000d488:	814634af 	.word	0x814634af
2000d48c:	773d4835 	.word	0x773d4835
2000d490:	c1f80f6c 	.word	0xc1f80f6c
2000d494:	2a8f7473 	.word	0x2a8f7473
2000d498:	2763cd84 	.word	0x2763cd84
2000d49c:	3f196881 	.word	0x3f196881
2000d4a0:	5567f8c2 	.word	0x5567f8c2
2000d4a4:	65584570 	.word	0x65584570
2000d4a8:	e143c050 	.word	0xe143c050
2000d4ac:	b47a6b09 	.word	0xb47a6b09
2000d4b0:	2e2b010a 	.word	0x2e2b010a
2000d4b4:	8721b457 	.word	0x8721b457
2000d4b8:	6160b202 	.word	0x6160b202
2000d4bc:	e5162fd8 	.word	0xe5162fd8
2000d4c0:	4da78734 	.word	0x4da78734
2000d4c4:	30334645 	.word	0x30334645
2000d4c8:	52872216 	.word	0x52872216
2000d4cc:	73251e3d 	.word	0x73251e3d
2000d4d0:	82d74004 	.word	0x82d74004
2000d4d4:	2763b476 	.word	0x2763b476
2000d4d8:	72941621 	.word	0x72941621
2000d4dc:	16ad193a 	.word	0x16ad193a
2000d4e0:	3770413f 	.word	0x3770413f
2000d4e4:	4742443e 	.word	0x4742443e
2000d4e8:	84f49520 	.word	0x84f49520
2000d4ec:	203e5cc0 	.word	0x203e5cc0
2000d4f0:	f11e202c 	.word	0xf11e202c
2000d4f4:	4ca83703 	.word	0x4ca83703
2000d4f8:	78301c7e 	.word	0x78301c7e
2000d4fc:	d96f20b0 	.word	0xd96f20b0
2000d500:	da35605f 	.word	0xda35605f
2000d504:	67533597 	.word	0x67533597
2000d508:	b730582c 	.word	0xb730582c
2000d50c:	a5278129 	.word	0xa5278129
2000d510:	00977845 	.word	0x00977845
2000d514:	6d9f81d9 	.word	0x6d9f81d9
2000d518:	766e4978 	.word	0x766e4978
2000d51c:	0e12ad39 	.word	0x0e12ad39
2000d520:	7272c6b2 	.word	0x7272c6b2
2000d524:	835adfc4 	.word	0x835adfc4
2000d528:	b9581788 	.word	0xb9581788
2000d52c:	6b578005 	.word	0x6b578005
2000d530:	d4c44750 	.word	0xd4c44750
2000d534:	5b656c61 	.word	0x5b656c61
2000d538:	d24e4e20 	.word	0xd24e4e20
2000d53c:	6f7be611 	.word	0x6f7be611
2000d540:	d73a6564 	.word	0xd73a6564
2000d544:	e3e2ca08 	.word	0xe3e2ca08
2000d548:	3c612e2a 	.word	0x3c612e2a
2000d54c:	c7693c39 	.word	0xc7693c39
2000d550:	3c185067 	.word	0x3c185067
2000d554:	2c4f67e7 	.word	0x2c4f67e7
2000d558:	ac25051f 	.word	0xac25051f
2000d55c:	d283ab78 	.word	0xd283ab78
2000d560:	25ed202e 	.word	0x25ed202e
2000d564:	de4f6b13 	.word	0xde4f6b13
2000d568:	9845446e 	.word	0x9845446e
2000d56c:	7f7a54f7 	.word	0x7f7a54f7
2000d570:	cbcad991 	.word	0xcbcad991
2000d574:	4b157c59 	.word	0x4b157c59
2000d578:	771380c7 	.word	0x771380c7
2000d57c:	2dfa664d 	.word	0x2dfa664d
2000d580:	af1c0a21 	.word	0xaf1c0a21
2000d584:	9a06690c 	.word	0x9a06690c
2000d588:	98895d55 	.word	0x98895d55
2000d58c:	c3ce4216 	.word	0xc3ce4216
2000d590:	06af7365 	.word	0x06af7365
2000d594:	50b46624 	.word	0x50b46624
2000d598:	736163e3 	.word	0x736163e3
2000d59c:	0cd0696e 	.word	0x0cd0696e
2000d5a0:	44313d9b 	.word	0x44313d9b
2000d5a4:	0ec02969 	.word	0x0ec02969
2000d5a8:	1f8cd890 	.word	0x1f8cd890
2000d5ac:	591b5f4b 	.word	0x591b5f4b
2000d5b0:	57d12f1d 	.word	0x57d12f1d
2000d5b4:	00893c2e 	.word	0x00893c2e
2000d5b8:	bfb07f9c 	.word	0xbfb07f9c
2000d5bc:	a3154d34 	.word	0xa3154d34
2000d5c0:	5153576f 	.word	0x5153576f
2000d5c4:	d604204f 	.word	0xd604204f
2000d5c8:	4a2b17e7 	.word	0x4a2b17e7
2000d5cc:	73f4cf8e 	.word	0x73f4cf8e
2000d5d0:	23636e79 	.word	0x23636e79
2000d5d4:	fae18166 	.word	0xfae18166
2000d5d8:	4527bbb6 	.word	0x4527bbb6
2000d5dc:	ee5cd0c9 	.word	0xee5cd0c9
2000d5e0:	7cf91602 	.word	0x7cf91602
2000d5e4:	c96c75e8 	.word	0xc96c75e8
2000d5e8:	490eff02 	.word	0x490eff02
2000d5ec:	203a6ad8 	.word	0x203a6ad8
2000d5f0:	56ec672b 	.word	0x56ec672b
2000d5f4:	1a1f4c4f 	.word	0x1a1f4c4f
2000d5f8:	043dac51 	.word	0x043dac51
2000d5fc:	8302fd0b 	.word	0x8302fd0b
2000d600:	4b121b6f 	.word	0x4b121b6f
2000d604:	97b4f708 	.word	0x97b4f708
2000d608:	472effab 	.word	0x472effab
2000d60c:	55485449 	.word	0x55485449
2000d610:	492e42f1 	.word	0x492e42f1
2000d614:	5605a84f 	.word	0x5605a84f
2000d618:	3343f747 	.word	0x3343f747
2000d61c:	9783a0a4 	.word	0x9783a0a4
2000d620:	2c8f9f25 	.word	0x2c8f9f25
2000d624:	31cd0a00 	.word	0x31cd0a00
2000d628:	3e669050 	.word	0x3e669050
2000d62c:	70b62ae5 	.word	0x70b62ae5
2000d630:	5bd35f02 	.word	0x5bd35f02
2000d634:	eb78dfc0 	.word	0xeb78dfc0
2000d638:	b487464c 	.word	0xb487464c
2000d63c:	3f65b7a3 	.word	0x3f65b7a3
2000d640:	c7530184 	.word	0xc7530184
2000d644:	08008500 	.word	0x08008500
2000d648:	2713dae7 	.word	0x2713dae7
2000d64c:	ec586e55 	.word	0xec586e55
2000d650:	44367fc7 	.word	0x44367fc7
2000d654:	2120ff1b 	.word	0x2120ff1b
2000d658:	25242322 	.word	0x25242322
2000d65c:	282226ff 	.word	0x282226ff
2000d660:	2c2b2a29 	.word	0x2c2b2a29
2000d664:	2f2eff2d 	.word	0x2f2eff2d
2000d668:	3d3c3b3a 	.word	0x3d3c3b3a
2000d66c:	40ff3f3e 	.word	0x40ff3f3e
2000d670:	5e5d5c5b 	.word	0x5e5d5c5b
2000d674:	e07b605f 	.word	0xe07b605f
2000d678:	077e7d7c 	.word	0x077e7d7c
2000d67c:	4981ffc6 	.word	0x4981ffc6
2000d680:	94816881 	.word	0x94816881
2000d684:	81ff9081 	.word	0x81ff9081
2000d688:	81958193 	.word	0x81958193
2000d68c:	ff698166 	.word	0xff698166
2000d690:	96816a81 	.word	0x96816a81
2000d694:	43817b81 	.word	0x43817b81
2000d698:	817c81ff 	.word	0x817c81ff
2000d69c:	815e8144 	.word	0x815e8144
2000d6a0:	4781fb46 	.word	0x4781fb46
2000d6a4:	00817181 	.word	0x00817181
2000d6a8:	4881727f 	.word	0x4881727f
2000d6ac:	6d819781 	.word	0x6d819781
2000d6b0:	818f81ff 	.word	0x818f81ff
2000d6b4:	814f816e 	.word	0x814f816e
2000d6b8:	6581ff51 	.word	0x6581ff51
2000d6bc:	62816f81 	.word	0x62816f81
2000d6c0:	81e07081 	.word	0x81e07081
2000d6c4:	f06d8150 	.word	0xf06d8150
2000d6c8:	e106a521 	.word	0xe106a521
2000d6cc:	5808020c 	.word	0x5808020c
2000d6d0:	b0ff03c1 	.word	0xb0ff03c1
2000d6d4:	953dcec7 	.word	0x953dcec7
2000d6d8:	84ffeeb4 	.word	0x84ffeeb4
2000d6dc:	7bffff90 	.word	0x7bffff90
2000d6e0:	b598c6e2 	.word	0xb598c6e2
2000d6e4:	5e440100 	.word	0x5e440100
2000d6e8:	a7021c0c 	.word	0xa7021c0c
2000d6ec:	6b380087 	.word	0x6b380087
2000d6f0:	0505d82b 	.word	0x0505d82b
2000d6f4:	d1052e5d 	.word	0xd1052e5d
2000d6f8:	05007b1f 	.word	0x05007b1f
2000d6fc:	01b5052f 	.word	0x01b5052f
2000d700:	d500051e 	.word	0xd500051e
2000d704:	2f05daff 	.word	0x2f05daff
2000d708:	1b59053b 	.word	0x1b59053b
2000d70c:	0505fb07 	.word	0x0505fb07
2000d710:	82048b05 	.word	0x82048b05
2000d714:	c0052e0f 	.word	0xc0052e0f
2000d718:	db0507ff 	.word	0xdb0507ff
2000d71c:	6eed0500 	.word	0x6eed0500
2000d720:	5f1a052f 	.word	0x5f1a052f
2000d724:	8525ff16 	.word	0x8525ff16
2000d728:	f2ffaa5f 	.word	0xf2ffaa5f
2000d72c:	b4000005 	.word	0xb4000005
2000d730:	58d16c4b 	.word	0x58d16c4b
2000d734:	ff601f63 	.word	0xff601f63
2000d738:	05183f96 	.word	0x05183f96
2000d73c:	6f434f68 	.word	0x6f434f68
2000d740:	a3ff8a14 	.word	0xa3ff8a14
2000d744:	03cd058a 	.word	0x03cd058a
2000d748:	e305ff04 	.word	0xe305ff04
2000d74c:	ad800505 	.word	0xad800505
2000d750:	0c2bfb96 	.word	0x0c2bfb96
2000d754:	050538ef 	.word	0x050538ef
2000d758:	ffc53fea 	.word	0xffc53fea
2000d75c:	cf05c150 	.word	0xcf05c150
2000d760:	a48ba204 	.word	0xa48ba204
2000d764:	054cff34 	.word	0x054cff34
2000d768:	05f4c111 	.word	0x05f4c111
2000d76c:	ff440505 	.word	0xff440505
2000d770:	7a01ff1b 	.word	0x7a01ff1b
2000d774:	ff680000 	.word	0xff680000
2000d778:	1801a085 	.word	0x1801a085
2000d77c:	ec2fea05 	.word	0xec2fea05
2000d780:	051c1f05 	.word	0x051c1f05
2000d784:	053bf171 	.word	0x053bf171
2000d788:	1f5b3105 	.word	0x1f5b3105
2000d78c:	825fd502 	.word	0x825fd502
2000d790:	afc30001 	.word	0xafc30001
2000d794:	60b16158 	.word	0x60b16158
2000d798:	8105601f 	.word	0x8105601f
2000d79c:	02ed1c23 	.word	0x02ed1c23
2000d7a0:	8fb44fc5 	.word	0x8fb44fc5
2000d7a4:	8aa18122 	.word	0x8aa18122
2000d7a8:	15095b05 	.word	0x15095b05
2000d7ac:	560534af 	.word	0x560534af
2000d7b0:	0da388cd 	.word	0x0da388cd
2000d7b4:	fdb19f34 	.word	0xfdb19f34
2000d7b8:	e800ff6c 	.word	0xe800ff6c
2000d7bc:	5f8a0005 	.word	0x5f8a0005
2000d7c0:	c1a305e9 	.word	0xc1a305e9
2000d7c4:	f10500c7 	.word	0xf10500c7
2000d7c8:	c563c042 	.word	0xc563c042
2000d7cc:	c5405f05 	.word	0xc5405f05
2000d7d0:	b515d505 	.word	0xb515d505
2000d7d4:	bb8e606f 	.word	0xbb8e606f
2000d7d8:	2e8f8805 	.word	0x2e8f8805
2000d7dc:	10ef2805 	.word	0x10ef2805
2000d7e0:	00d8cf51 	.word	0x00d8cf51
2000d7e4:	3544b415 	.word	0x3544b415
2000d7e8:	c5ff8220 	.word	0xc5ff8220
2000d7ec:	0b0a46b9 	.word	0x0b0a46b9
2000d7f0:	cf680598 	.word	0xcf680598
2000d7f4:	14034f36 	.word	0x14034f36
2000d7f8:	e13846ff 	.word	0xe13846ff
2000d7fc:	2c114034 	.word	0x2c114034
2000d800:	8dafa211 	.word	0x8dafa211
2000d804:	05e17fa3 	.word	0x05e17fa3
2000d808:	af800505 	.word	0xaf800505
2000d80c:	efa80562 	.word	0xefa80562
2000d810:	8f88006a 	.word	0x8f88006a
2000d814:	52117505 	.word	0x52117505
2000d818:	1fb6af08 	.word	0x1fb6af08
2000d81c:	340f6221 	.word	0x340f6221
2000d820:	00ec2f54 	.word	0x00ec2f54
2000d824:	a05a0705 	.word	0xa05a0705
2000d828:	b17f36af 	.word	0xb17f36af
2000d82c:	0f2cbf40 	.word	0x0f2cbf40
2000d830:	e39fc506 	.word	0xe39fc506
2000d834:	1fa90005 	.word	0x1fa90005
2000d838:	053bff62 	.word	0x053bff62
2000d83c:	13af4b07 	.word	0x13af4b07
2000d840:	0505ed05 	.word	0x0505ed05
2000d844:	c116df00 	.word	0xc116df00
2000d848:	440072ff 	.word	0x440072ff
2000d84c:	052f35a6 	.word	0x052f35a6
2000d850:	6cd95405 	.word	0x6cd95405
2000d854:	bf0c48ff 	.word	0xbf0c48ff
2000d858:	43cfe80a 	.word	0x43cfe80a
2000d85c:	6f0c58bf 	.word	0x6f0c58bf
2000d860:	1b0f1458 	.word	0x1b0f1458
2000d864:	e10543ff 	.word	0xe10543ff
2000d868:	82000505 	.word	0x82000505
2000d86c:	800560ff 	.word	0x800560ff
2000d870:	420586ff 	.word	0x420586ff
2000d874:	47ff880d 	.word	0x47ff880d
2000d878:	ff8a043f 	.word	0xff8a043f
2000d87c:	07056c88 	.word	0x07056c88
2000d880:	058fc356 	.word	0x058fc356
2000d884:	a56f05a2 	.word	0xa56f05a2
2000d888:	a0688f14 	.word	0xa0688f14
2000d88c:	15ff51df 	.word	0x15ff51df
2000d890:	43af05d1 	.word	0x43af05d1
2000d894:	12bf0c05 	.word	0x12bf0c05
2000d898:	6a115f13 	.word	0x6a115f13
2000d89c:	508cffaa 	.word	0x508cffaa
2000d8a0:	5f07023f 	.word	0x5f07023f
2000d8a4:	80190503 	.word	0x80190503
2000d8a8:	7baac45d 	.word	0x7baac45d
2000d8ac:	0aac9fd8 	.word	0x0aac9fd8
2000d8b0:	5faa2dcf 	.word	0x5faa2dcf
2000d8b4:	11b66f5a 	.word	0x11b66f5a
2000d8b8:	9baf6a09 	.word	0x9baf6a09
2000d8bc:	e854ff00 	.word	0xe854ff00
2000d8c0:	0fa10500 	.word	0x0fa10500
2000d8c4:	589d8209 	.word	0x589d8209
2000d8c8:	ff7484ff 	.word	0xff7484ff
2000d8cc:	f151ff5b 	.word	0xf151ff5b
2000d8d0:	50050500 	.word	0x50050500
2000d8d4:	0fc08c91 	.word	0x0fc08c91
2000d8d8:	eaff8a60 	.word	0xeaff8a60
2000d8dc:	862fa900 	.word	0x862fa900
2000d8e0:	852bff00 	.word	0x852bff00
2000d8e4:	056fd705 	.word	0x056fd705
2000d8e8:	e1c3b562 	.word	0xe1c3b562
2000d8ec:	4effb510 	.word	0x4effb510
2000d8f0:	ff2a0500 	.word	0xff2a0500
2000d8f4:	3c1d6eac 	.word	0x3c1d6eac
2000d8f8:	6f500505 	.word	0x6f500505
2000d8fc:	523d0102 	.word	0x523d0102
2000d900:	8a057b37 	.word	0x8a057b37
2000d904:	cf2a240f 	.word	0xcf2a240f
2000d908:	0500c021 	.word	0x0500c021
2000d90c:	22c29fe0 	.word	0x22c29fe0
2000d910:	460fc59f 	.word	0x460fc59f
2000d914:	9448c727 	.word	0x9448c727
2000d918:	05054e6d 	.word	0x05054e6d
2000d91c:	14002ba1 	.word	0x14002ba1
2000d920:	17ffd085 	.word	0x17ffd085
2000d924:	1ebf1505 	.word	0x1ebf1505
2000d928:	ff150005 	.word	0xff150005
2000d92c:	5fe35815 	.word	0x5fe35815
2000d930:	097f05ae 	.word	0x097f05ae
2000d934:	87ff8a0a 	.word	0x87ff8a0a
2000d938:	ab090505 	.word	0xab090505
2000d93c:	0500f0ff 	.word	0x0500f0ff
2000d940:	ffaa0000 	.word	0xffaa0000
2000d944:	41ffc38a 	.word	0x41ffc38a
2000d948:	53ff4585 	.word	0x53ff4585
2000d94c:	48cf0d00 	.word	0x48cf0d00
2000d950:	0a44ff55 	.word	0x0a44ff55
2000d954:	592bc1a8 	.word	0x592bc1a8
2000d958:	e242ed82 	.word	0xe242ed82
2000d95c:	ff600bff 	.word	0xff600bff
2000d960:	22ff2a2c 	.word	0x22ff2a2c
2000d964:	c2a1ff16 	.word	0xc2a1ff16
2000d968:	ffa20505 	.word	0xffa20505
2000d96c:	0a016389 	.word	0x0a016389
2000d970:	05e11f82 	.word	0x05e11f82
2000d974:	8215ff54 	.word	0x8215ff54
2000d978:	ffa9851f 	.word	0xffa9851f
2000d97c:	2dff880a 	.word	0x2dff880a
2000d980:	0a21b16a 	.word	0x0a21b16a
2000d984:	2a25ff8a 	.word	0x2a25ff8a
2000d988:	ff96a8d1 	.word	0xff96a8d1
2000d98c:	01046f02 	.word	0x01046f02
2000d990:	01960f62 	.word	0x01960f62
2000d994:	0304bd28 	.word	0x0304bd28
2000d998:	bb09cdce 	.word	0xbb09cdce
2000d99c:	f7e70002 	.word	0xf7e70002
2000d9a0:	5e0b0101 	.word	0x5e0b0101
2000d9a4:	01080106 	.word	0x01080106
2000d9a8:	fbf7dea8 	.word	0xfbf7dea8
2000d9ac:	770904fd 	.word	0x770904fd
2000d9b0:	feb00501 	.word	0xfeb00501
2000d9b4:	3504093c 	.word	0x3504093c
2000d9b8:	201f8647 	.word	0x201f8647
2000d9bc:	03f96d30 	.word	0x03f96d30
2000d9c0:	59ffa204 	.word	0x59ffa204
2000d9c4:	ec71300e 	.word	0xec71300e
2000d9c8:	54ff0404 	.word	0x54ff0404
2000d9cc:	01f9f661 	.word	0x01f9f661
2000d9d0:	c5b082ff 	.word	0xc5b082ff
2000d9d4:	50ffb4ff 	.word	0x50ffb4ff
2000d9d8:	0186ff8e 	.word	0x0186ff8e
2000d9dc:	ffc401f1 	.word	0xffc401f1
2000d9e0:	b422ff8a 	.word	0xb422ff8a
2000d9e4:	07dedfd1 	.word	0x07dedfd1
2000d9e8:	08ff9a01 	.word	0x08ff9a01
2000d9ec:	f3461dc1 	.word	0xf3461dc1
2000d9f0:	03cf1406 	.word	0x03cf1406
2000d9f4:	554eff47 	.word	0x554eff47
2000d9f8:	e984dc00 	.word	0xe984dc00
2000d9fc:	99ff9212 	.word	0x99ff9212
2000da00:	8f78519a 	.word	0x8f78519a
2000da04:	fe45a980 	.word	0xfe45a980
2000da08:	44ed02a8 	.word	0x44ed02a8
2000da0c:	c0af603a 	.word	0xc0af603a
2000da10:	214fb85f 	.word	0x214fb85f
2000da14:	062da2f7 	.word	0x062da2f7
2000da18:	3a40329c 	.word	0x3a40329c
2000da1c:	00806f77 	.word	0x00806f77
2000da20:	bd40f600 	.word	0xbd40f600
2000da24:	1a47801c 	.word	0x1a47801c
2000da28:	beee4944 	.word	0xbeee4944
2000da2c:	06f610c0 	.word	0x06f610c0
2000da30:	07dd0f10 	.word	0x07dd0f10
2000da34:	01572008 	.word	0x01572008
2000da38:	d821976d 	.word	0xd821976d
2000da3c:	645f36d7 	.word	0x645f36d7
2000da40:	6caed7be 	.word	0x6caed7be
2000da44:	7c709e06 	.word	0x7c709e06
2000da48:	fd26427b 	.word	0xfd26427b
2000da4c:	22448877 	.word	0x22448877
2000da50:	4700dcbb 	.word	0x4700dcbb
2000da54:	6c5ebd80 	.word	0x6c5ebd80
2000da58:	1f4d259e 	.word	0x1f4d259e
2000da5c:	67502cc1 	.word	0x67502cc1
2000da60:	e64601b0 	.word	0xe64601b0
2000da64:	c901a76f 	.word	0xc901a76f
2000da68:	0153a55c 	.word	0x0153a55c
2000da6c:	3f405914 	.word	0x3f405914
2000da70:	803f9cfe 	.word	0x803f9cfe
2000da74:	5031ff41 	.word	0x5031ff41
2000da78:	6b8b2e40 	.word	0x6b8b2e40
2000da7c:	41ff17a0 	.word	0x41ff17a0
2000da80:	a50bd0b5 	.word	0xa50bd0b5
2000da84:	d104e86a 	.word	0xd104e86a
2000da88:	769c7511 	.word	0x769c7511
2000da8c:	e2feaafa 	.word	0xe2feaafa
2000da90:	dad63751 	.word	0xdad63751
2000da94:	80ffa072 	.word	0x80ffa072
2000da98:	80af2728 	.word	0x80af2728
2000da9c:	ff6f8c2a 	.word	0xff6f8c2a
2000daa0:	4daf1920 	.word	0x4daf1920
2000daa4:	972507f0 	.word	0x972507f0
2000daa8:	8e0708ff 	.word	0x8e0708ff
2000daac:	1d03482c 	.word	0x1d03482c
2000dab0:	017efff5 	.word	0x017efff5
2000dab4:	0015a672 	.word	0x0015a672
2000dab8:	fb85a4b2 	.word	0xfb85a4b2
2000dabc:	8044168b 	.word	0x8044168b
2000dac0:	ab9c3fff 	.word	0xab9c3fff
2000dac4:	914d1020 	.word	0x914d1020
2000dac8:	ae0bff20 	.word	0xae0bff20
2000dacc:	d605d8bf 	.word	0xd605d8bf
2000dad0:	02ff2c2f 	.word	0x02ff2c2f
2000dad4:	016eafe9 	.word	0x016eafe9
2000dad8:	6c378205 	.word	0x6c378205
2000dadc:	10e48ec4 	.word	0x10e48ec4
2000dae0:	10211c9f 	.word	0x10211c9f
2000dae4:	bfa81e1f 	.word	0xbfa81e1f
2000dae8:	b9f33c69 	.word	0xb9f33c69
2000daec:	e55d668b 	.word	0xe55d668b
2000daf0:	a59aa9cf 	.word	0xa59aa9cf
2000daf4:	c0c52422 	.word	0xc0c52422
2000daf8:	baf2ff00 	.word	0xbaf2ff00
2000dafc:	550a804e 	.word	0x550a804e
2000db00:	2dff8068 	.word	0x2dff8068
2000db04:	050086ff 	.word	0x050086ff
2000db08:	ffc0e33c 	.word	0xffc0e33c
2000db0c:	b8f2ae01 	.word	0xb8f2ae01
2000db10:	c4ef2802 	.word	0xc4ef2802
2000db14:	d18a01fe 	.word	0xd18a01fe
2000db18:	617a01ec 	.word	0x617a01ec
2000db1c:	85808d80 	.word	0x85808d80
2000db20:	2293ffa9 	.word	0x2293ffa9
2000db24:	3f40447f 	.word	0x3f40447f
2000db28:	10e02b83 	.word	0x10e02b83
2000db2c:	005147f4 	.word	0x005147f4
2000db30:	e22f040b 	.word	0xe22f040b
2000db34:	5ca3d505 	.word	0x5ca3d505
2000db38:	73ea02f0 	.word	0x73ea02f0
2000db3c:	fe1e5bfc 	.word	0xfe1e5bfc
2000db40:	be60c4d4 	.word	0xbe60c4d4
2000db44:	e11f883f 	.word	0xe11f883f
2000db48:	18cfab01 	.word	0x18cfab01
2000db4c:	89b5920f 	.word	0x89b5920f
2000db50:	53bb890f 	.word	0x53bb890f
2000db54:	81224f44 	.word	0x81224f44
2000db58:	4744909f 	.word	0x4744909f
2000db5c:	5f1cc786 	.word	0x5f1cc786
2000db60:	ef5fb005 	.word	0xef5fb005
2000db64:	2d46e85c 	.word	0x2d46e85c
2000db68:	f91f524a 	.word	0xf91f524a
2000db6c:	19291016 	.word	0x19291016
2000db70:	579dd2d0 	.word	0x579dd2d0
2000db74:	e72f9476 	.word	0xe72f9476
2000db78:	3bb8d290 	.word	0x3bb8d290
2000db7c:	47b1cfd4 	.word	0x47b1cfd4
2000db80:	1c26307d 	.word	0x1c26307d
2000db84:	2c87c028 	.word	0x2c87c028
2000db88:	e87c3bd7 	.word	0xe87c3bd7
2000db8c:	172c518f 	.word	0x172c518f
2000db90:	4011012c 	.word	0x4011012c
2000db94:	49922421 	.word	0x49922421
2000db98:	00ff4025 	.word	0x00ff4025
2000db9c:	03e0c825 	.word	0x03e0c825
2000dba0:	00004025 	.word	0x00004025
2000dba4:	240a0001 	.word	0x240a0001
2000dba8:	3c0e00ff 	.word	0x3c0e00ff
2000dbac:	04110046 	.word	0x04110046
2000dbb0:	00000000 	.word	0x00000000
2000dbb4:	10400006 	.word	0x10400006
2000dbb8:	240b0001 	.word	0x240b0001
2000dbbc:	90890000 	.word	0x90890000
2000dbc0:	24840001 	.word	0x24840001
2000dbc4:	a0a90000 	.word	0xa0a90000
2000dbc8:	1000fff8 	.word	0x1000fff8
2000dbcc:	24a50001 	.word	0x24a50001
2000dbd0:	0411003d 	.word	0x0411003d
2000dbd4:	000b5840 	.word	0x000b5840
2000dbd8:	0411003b 	.word	0x0411003b
2000dbdc:	01625821 	.word	0x01625821
2000dbe0:	14400005 	.word	0x14400005
2000dbe4:	256bffff 	.word	0x256bffff
2000dbe8:	04110037 	.word	0x04110037
2000dbec:	000b5840 	.word	0x000b5840
2000dbf0:	1000fff7 	.word	0x1000fff7
2000dbf4:	01625821 	.word	0x01625821
2000dbf8:	256bffff 	.word	0x256bffff
2000dbfc:	15600005 	.word	0x15600005
2000dc00:	00000000 	.word	0x00000000
2000dc04:	04110030 	.word	0x04110030
2000dc08:	01405825 	.word	0x01405825
2000dc0c:	1000000e 	.word	0x1000000e
2000dc10:	00406025 	.word	0x00406025
2000dc14:	256bffff 	.word	0x256bffff
2000dc18:	90890000 	.word	0x90890000
2000dc1c:	000b5a00 	.word	0x000b5a00
2000dc20:	24840001 	.word	0x24840001
2000dc24:	01695821 	.word	0x01695821
2000dc28:	25690001 	.word	0x25690001
2000dc2c:	15200002 	.word	0x15200002
2000dc30:	00000000 	.word	0x00000000
2000dc34:	03200008 	.word	0x03200008
2000dc38:	312c0001 	.word	0x312c0001
2000dc3c:	000b5842 	.word	0x000b5842
2000dc40:	256b0001 	.word	0x256b0001
2000dc44:	01605025 	.word	0x01605025
2000dc48:	0411001f 	.word	0x0411001f
2000dc4c:	00000000 	.word	0x00000000
2000dc50:	11800003 	.word	0x11800003
2000dc54:	00000000 	.word	0x00000000
2000dc58:	1000000f 	.word	0x1000000f
2000dc5c:	244c0003 	.word	0x244c0003
2000dc60:	1440000a 	.word	0x1440000a
2000dc64:	00000000 	.word	0x00000000
2000dc68:	258c0001 	.word	0x258c0001
2000dc6c:	04110016 	.word	0x04110016
2000dc70:	000c6040 	.word	0x000c6040
2000dc74:	04110014 	.word	0x04110014
2000dc78:	01826021 	.word	0x01826021
2000dc7c:	1040fffb 	.word	0x1040fffb
2000dc80:	00000000 	.word	0x00000000
2000dc84:	10000004 	.word	0x10000004
2000dc88:	258c0005 	.word	0x258c0005
2000dc8c:	0411000e 	.word	0x0411000e
2000dc90:	00000000 	.word	0x00000000
2000dc94:	244c0005 	.word	0x244c0005
2000dc98:	2d690501 	.word	0x2d690501
2000dc9c:	01896023 	.word	0x01896023
2000dca0:	00ab6823 	.word	0x00ab6823
2000dca4:	91a90000 	.word	0x91a90000
2000dca8:	25ad0001 	.word	0x25ad0001
2000dcac:	a0a90000 	.word	0xa0a90000
2000dcb0:	00000000 	.word	0x00000000
2000dcb4:	258cffff 	.word	0x258cffff
2000dcb8:	1580fffa 	.word	0x1580fffa
2000dcbc:	24a50001 	.word	0x24a50001
2000dcc0:	1000ffba 	.word	0x1000ffba
2000dcc4:	00000000 	.word	0x00000000
2000dcc8:	010e4824 	.word	0x010e4824
2000dccc:	15200004 	.word	0x15200004
2000dcd0:	00000000 	.word	0x00000000
2000dcd4:	90890000 	.word	0x90890000
2000dcd8:	24840001 	.word	0x24840001
2000dcdc:	012e4025 	.word	0x012e4025
2000dce0:	000811c2 	.word	0x000811c2
2000dce4:	00084040 	.word	0x00084040
2000dce8:	03e00008 	.word	0x03e00008
2000dcec:	30420001 	.word	0x30420001
2000dcf0:	3c031f80 	.word	0x3c031f80
2000dcf4:	ac601074 	.word	0xac601074
2000dcf8:	3c04801c 	.word	0x3c04801c
2000dcfc:	24843e78 	.word	0x24843e78
2000dd00:	3c05801b 	.word	0x3c05801b
2000dd04:	0411ffa5 	.word	0x0411ffa5
2000dd08:	24a50000 	.word	0x24a50000
2000dd0c:	240800a0 	.word	0x240800a0
2000dd10:	3c1f801b 	.word	0x3c1f801b
2000dd14:	27ff0000 	.word	0x27ff0000
2000dd18:	01000008 	.word	0x01000008
2000dd1c:	24090044 	.word	0x24090044

2000dd20 <striped_spin_lock_num>:
2000dd20:	00000010                                ....

2000dd24 <irq_handler_chain_slots>:
2000dd24:	00000000 	.word	0x00000000
2000dd28:	00010000 	.word	0x00010000
	...
2000dd34:	00020000 	.word	0x00020000
	...
2000dd40:	00030000 	.word	0x00030000
	...
2000dd4c:	00ff0000 	.word	0x00ff0000
2000dd50:	00000000 	.word	0x00000000

2000dd54 <irq_handler_chain_first_slot>:
2000dd54:	b501      	push	{r0, lr}
2000dd56:	6848      	ldr	r0, [r1, #4]
2000dd58:	3101      	adds	r1, #1
2000dd5a:	468e      	mov	lr, r1
2000dd5c:	4700      	bx	r0

2000dd5e <irq_handler_chain_remove_tail>:
2000dd5e:	4670      	mov	r0, lr
2000dd60:	3809      	subs	r0, #9
2000dd62:	4901      	ldr	r1, [pc, #4]	@ (2000dd68 <irq_handler_chain_remove_tail+0xa>)
2000dd64:	4788      	blx	r1
2000dd66:	bd01      	pop	{r0, pc}
2000dd68:	10000eed 	.word	0x10000eed

2000dd6c <default_alarm_pool>:
	...
2000dd80:	2000ddc8                                ... 

2000dd84 <stdio_usb>:
2000dd84:	10002259 10001fcd 100021d5 10001f45     Y".......!..E...
2000dd94:	00000000 00000100                       ........

2000dd9c <_usbd_qdef>:
2000dd9c:	2000e928 000c0010 00000000 00000000     (.. ............
	...

2000ddb8 <_usbd_rhport>:
2000ddb8:	000000ff                                ....

2000ddbc <print_mutex>:
	...
