:020000041000EA
:10000000002008205D0100101B0100101D010010E0
:100010001101001011010010110100101101001058
:100020001901001019010010190100101F01001022
:10003000110100101901001021010010230100100E
:100040001101001011010010110100101101001028
:100050001101001011010010110100101101001018
:100060001101001011010010110100101101001008
:1000700011010010110100101101001011010010F8
:1000800011010010110100101101001011010010E8
:1000900011010010110100101101001011010010D8
:1000A00011010010110100101101001011010010C8
:1000B00011010010110100101101001011010010B8
:1000C00011010010110100101101001011010010A8
:1000D0001101001011010010110100101101001098
:1000E0001101001011010010110100101101001088
:1000F0001101001011010010110100101101001078
:100100001101001011010010110100101101001067
:10011000EFF30580103800BE00BE00BE00BE00BE7A
:1001200000BE00BEF2EB8871E446001008470010E4
:10013000A001001090A31AE7D3DEFFFF42012110B7
:10014000FF01000084220100793512AB4FF000005E
:100150001E49086006C881F3088810474FF05040D8
:10016000006810B14FF00000F2E70DA40ECC00299A
:1001700002D000F012F8F9E71549164A002000E015
:1001800001C19142FCD11449884714498847144958
:10019000884700BEFDE701C901C29A42FBD3704700
:1001A0000847001010010020C4DD0020BC2301100E
:1001B0000000082000000820BC23011000100820C7
:1001C00000100820000000007047000008ED00E06B
:1001D000C4DD00200CEA0020691C0010A9030010F7
:1001E000611C0010F8B500BF064B0749C91A8910F9
:1001F00048BF0131491003D0044B0BB101481847E7
:10020000704700BFC4DD0020C4DD002000000000F6
:1002100008B5054B1BB105490548AFF30080BDE8A3
:100220000840FFF7E1BF00BF0000000030E80020F9
:100230002043001010B511F001040FD0124B012122
:100240009A6A124B1A600022104600F0CBFB012282
:100250000221BDE81040002000F0C4BB8B070FD581
:1002600022460221204600F0BDFB074B074A9B6A4D
:1002700012689B1AB3F5FA7F03D30122044B1A705C
:1002800010BD01221146E4E700000B4020E80020E9
:10029000AEE8002038B5054601200C4600F01AF9FA
:1002A000064A074902EA4032830103F1A04342F0C3
:1002B00011021D6059609C60DA6038BDF1E001FCFC
:1002C000100020504FF480332DE9F04186B01646DF
:1002D00002934FF0004300F12F44059306F1080309
:1002E00002321B0304F5600443EAC213240D43F0F9
:1002F000C04306340393E4B2294B05460F46012060
:100300002146049300F034FB21460C2000F030FB22
:100310000121084600F0AAFB01210C2000F0A6FBF9
:10032000039B4FF0030823F0F85343F0406303931B
:1003300000230322009339460823284600F037FAA9
:10034000059A184B134043F0A45343F063030593FD
:100350004046214600F00CFB4046012100F024FB02
:100360004046012108F1010800F02CFBB8F10B0F09
:10037000EED1039B324643F0C0430393059B3946BD
:1003800023F0604323F4F84343F0004343F4005365
:100390000593284602AB00F047FA06B0BDE8F081AD
:1003A0000000045000FC0FE02DE9F04101F03EFD9B
:1003B000002000F069FB002444EC444039493A48ED
:1003C00000F0DCF92146C2B23748FFF77BFF374F18
:1003D000374B384EFF1A39463548FFF75BFF041E8E
:1003E00059DB00254FF0010343EC445045EC4050ED
:1003F0002D4AFA20136843F00103136001F03BF922
:1004000045EC44504FF050456B68D80737D5012272
:1004100000201146284B00F015FB284D2B7893B394
:100420004FF05048D8F80430D90730D5244801F0AF
:100430000DFD00232B7001234FF0A042A340C2F812
:10044000643402EB8413DA685201FCD4204600F0D5
:100450003BF8154B10211A6822F001021A604FF088
:100460000042C6F8D020C6F8D020A2F13F52A2F533
:10047000FF1211601A6842F001021A60ABE7012016
:1004800001F0F9F8C0E7012001F0F5F8C6E7012016
:1004900001F0F1F8C6E70B4801F0D8FC0120BDE8F7
:1004A000F08100BFAC4400100000205020DD00208F
:1004B000000900200010205035020010AEE8002096
:1004C00039430010204300100146014800F095B860
:1004D00084E8002007B5054B0146009300220F2356
:1004E000034800F061F803B000BD00BF48430010AE
:1004F00084E800200FB407B5049C074801F0A6FC6F
:100500003CB105A92046019101F092FB034801F09E
:100510009DFC012001F0A2FB664300107443001013
:10052000EFF3108072B6064BD3E8CF1F01220029EB
:10053000FAD1C3E8412F0029F6D1BFF35F8F70478E
:10054000BDE800200023034AC2E88F3F80F31088F3
:10055000704700BFBDE80020CB08C25C012301F05A
:1005600007018B401A4214BF012000207047F8B5E4
:1005700005460C461746FFF7D3FF21460646284698
:10058000FFF7EAFF18B121463846FFF7B3FF012312
:10059000E208A95C04F00704A3400B43AB543046C7
:1005A000BDE8F840FFF7CEBF2DE9F04105460E4605
:1005B00014469846FFF7B4FF0746444502D94FF06A
:1005C000FF340CE021462846FFF7C6FF80B901231F
:1005D000E20804F007018B40A95C0B43AB5438469A
:1005E000FFF7B0FF002C05DA26B10698FFF782FF6F
:1005F0000134E2E72046BDE8F08138B50C460546F7
:10060000FFF78EFF0122E1086B5C04F00704A240B3
:1006100023EA02036B54BDE83840FFF793BF0000A4
:10062000044A1078431CDBB2182B28BF1023137028
:10063000704700BF20DD002007B5054B0146009341
:1006400018221F230348FFF7AFFF03B000BD00BF10
:1006500076430010E8E300204FF0E022936843F077
:10066000005393607047000000231A46034819188E
:10067000C1E88F2F0133202BF9D17047B2E8002059
:1006800010B5D0F86841CB79DCB113F0010F1BD164
:1006900091F90530002B01DB934215D10123097933
:1006A00000F12F408B40013B934000F56000084A69
:1006B000000D52F8202013420CBF00206FF00800FC
:1006C00010BD13F0040FE2E76FF00A00F8E700BF77
:1006D00000E10020F8B504460F461546FFF7D0FFAD
:1006E00090B93E79B04210D3012304F12F400D4A56
:1006F00000F56000000DB34052F82010013BAB4004
:100700000B4342F820302846F8BD3B682A1833F8DE
:1007100010301232B3F5005F38BF5B1944F8223055
:100720000130DFE700E1002000F12F40124B00F51F
:100730006000000D10B553F820400123002A03FA91
:1007400001F303F1FF33C1F120000DDB824210DC25
:10075000934023420CBF10464FF0FF3010BD03FA08
:1007600000F22242FAD001380028F8DA6FF00800CF
:10077000F4E74FF0FF30F1E700E10020F8B50D4657
:100780000646FFF7CDFE95F9052007462979304644
:10079000FFF7CAFF041E05DB224629463046FFF755
:1007A00099FF04463846FFF7CDFE2046F8BDF0B568
:1007B000D0F86841121B1F2A33D84FF0180C4FF4A1
:1007C00000350CFB010E0EF54354DEF8DC70DEF84C
:1007D000CC60E5609DF81440002C14BF1F24002459
:1007E00044F4604444F08004052B4FEA42150DD8D0
:1007F0000CFB010045EA8365C0F8DC50C0F8D84026
:10080000C0F8DC70C0F8CC600020F0BD45F0A05509
:100810000532CEF8DC50053BCEF8D84002F01F027E
:10082000E2E76FF00400F0E770B5012504688D4041
:1008300024EA05040460182463B304FB01041D6862
:10084000C4F8C8509D68C4F8D0505D68DB68C4F82F
:10085000CC50C4F8DC3018244FF0004501FB0403F1
:1008600003F586531D611D614FF001338B4083609A
:10087000012300F5005601FB04000D1D083103FAA9
:1008800005F502F01F028B4035603360C0F8D820B8
:10089000002070BD4FF4803504FB0104C4F8C8503B
:1008A0004FF44025C4F8D0504FF4F835C4F8CC507C
:1008B000CFE7000030B5C40800F007008000814099
:1008C000074804F18C0540F8251003EB84031AB1A6
:1008D00003F50053196030BD03F54053FAE700BF3C
:1008E000008002402DE9F84F4FF05043D3F80080CC
:1008F0001A4B1B4F53F828901A4B0825B8F1000FDC
:1009000018BF1F46DFF860A0DFF860B0EB080B33BC
:1009100057F82360A5F108040EB1AC4204D30835A2
:10092000282DF3D1BDE8F88F16F00F0112D05AF838
:100930002830E340DB070DD404F00702E3089200FF
:1009400001FA02F28C334BF82320B9F1000F01D0E9
:100950002046C84736090134DEE700BFD8E300204F
:10096000488202409082024070E8002000800240ED
:100970000C4B10B503EB800253F8203002F5805485
:1009800083F0400303F0C00323604FF48073C00082
:1009900000F1804000F5203002F5405241601360C4
:1009A00010BD00BF04800340054A02EB800352F8EB
:1009B000202003F58053514001F001011960704778
:1009C00004800340064B03EB800253F8203002F50D
:1009D000805283EA011303F030031360704700BFB5
:1009E000048003404FF0504330B41C68034D044B67
:1009F000002C08BF2B4630BCFFF75CBF488202408A
:100A0000908202404FF0504370B51E680B4D044673
:100A100055F826203AB118B91520094900F0AEF969
:100A200045F8264070BD0028FCD045F82600044952
:100A30001520BDE8704000F0BFB800BFD8E300202B
:100A4000E508001070B5144605460E461846FFF737
:100A5000D9FF224631462846FFF7C4FF2CB1BDE836
:100A600070400121152000F03BB870BD054B03EB31
:100A70008000402319B100F500500360704700F575
:100A80004050FAE7048003404FF0000343EC440079
:100A900043EC40000521FFF76BBF0000064B103010
:100AA0009B6843F82010BFF35F8F00230349C1E820
:100AB0008F3F82F31088704700ED00E0BBE8002014
:100AC0004FF08030044B054A1946043393420860C6
:100AD000FAD162B6704700BF00E400E034E400E001
:100AE0000122430900F01F00824041B19B0003F145
:100AF000604303F56143C3F880211A6070470249DF
:100B0000203341F82320704700E100E0064B420902
:100B100053F82220012300F01F008340134214BF2A
:100B200001200020704700BF00E100E001224309DE
:100B3000034900F01F008240403341F823207047F2
:100B400000E100E0024B10309B6853F82000704732
:100B500000ED00E008B5FFF7F5FF034BC01A2F28A2
:100B60008CBF0020012008BD24DD002070B50546A3
:100B70000C46EFF3108672B60D4BD3E8CF1F01225F
:100B80000029FAD1C3E8412F0029F6D1BFF35F8FC6
:100B9000FFF7D8FF074B984203D0A04201D000F0E6
:100BA0004BFF324621462846BDE87040FFF776BF2E
:100BB000BBE80020110100102DE9F74F804689465F
:100BC0009246EFF3108372B60193644BD3E8CF1FC4
:100BD00001220029FAD1C3E8412F0029F6D1BFF341
:100BE0005F8FDFF894B19BF90030002B01DA00F041
:100BF00023FF0C229BF90060594D08F1100102FB04
:100C000006539B7906EB46048BF80030554BA70042
:100C10009B6805EB840453F821104B1B2F2B22D922
:100C2000514B994201D000F007FF0C234FF42141B2
:100C30007343EA18E9524D4B02372F44043BDB1B48
:100C4000C3F34A036FEAC3436FEAD34353804BF6BF
:100C500001539380FF2382F807A09371C2F8089094
:100C600044F001013AE021F0010C6346002093F8C2
:100C700007E0D64539D83E4A002841D090F906E031
:100C800000F1040BBEF1000F38DB6FF0070C838816
:100C9000ACEB070C43F30A0302330BEB4303ACEB5F
:100CA000050C6344C3F34A036FEAC3436FEAD343BB
:100CB000043CA4EB0B04C4F34A046FEAC4446FEA97
:100CC000D44484800C247443867128192A5183806B
:100CD00080F806E080F807A0C0F808904046019A26
:100CE00003B0BDE8F04FFFF7D9BE93F906E0184610
:100CF000BEF1000FBFDB02FB0E53B8E71D4BD7E779
:100D00004AF6AA2163465B1B5B415943090D0C233C
:100D10005E434FF42143AB53144BA819BE1C2E4421
:100D2000043B9B1BC3F34A036FEAC3436FEAD343FD
:100D300043806FF00703DB1B5B1B6344C3F34A0371
:100D40006FEAC3436FEAD3438171838080F807A0C1
:100D5000C0F80890CCF8002082E700BFBBE8002074
:100D600024DD002000ED00E01101001054DD002022
:100D70000148804701BDFFFFEBE900202DE9F84F56
:100D800004468946EFF3108572B6504BD3E8CF1F67
:100D900001220029FAD1C3E8412F0029F6D1BFF37F
:100DA0005F8F4B4B00F1100B9B6853F82B70494B36
:100DB0009F426FD04F4500F08780DFF82C81A7EB72
:100DC00008032F2B66D8FFF7A1FE00210646204618
:100DD000FFF786FEBFF35F8FEFF30583DBB29A4622
:100DE0001BB19B4501D000F027FE00214FF00C0CF9
:100DF00027F00102936892F90600994517D100285F
:100E00001BDABAF1000F50D100294CD0FF238B71AF
:100E10004BF601538B80304940460B7893714AF66C
:100E2000AA23121A524153431B0D0B702EE00028C7
:100E30002CDB11460CFB0082DCE70C23434308EB60
:100E4000030CDCF8081091609CF80710D1719CF934
:100E500006100029917124DBBCF8041041F30A014B
:100E600003EB41036FF0070108334344891A0B4435
:100E7000C3F34A036FEAC3436FEAD34393800C235F
:100E8000154A03FB00831178107099713146204692
:100E9000FFF726FE2A4639462046BDE8F84FFFF701
:100EA000FDBD0E4BEAE70B4FB5E70D4B9B1A083B18
:100EB000C3F30A316FEA01516FEA11519180094978
:100EC00041EA5303D380E1E71F46E3E7BBE8002094
:100ED00000ED00E011010010EBE9002001BDFFFF73
:100EE0005EDD002000F8FFFF24DD0020F0B5EFF309
:100EF0000585EDB2EFF3108672B6204CD4E8CF2F03
:100F00000123002AFAD1C4E8423F002AF6D1BFF3F8
:100F10005F8F4AF6AA230146194A891A49414B4371
:100F20001B0D59B2174B40F00107D3F808C05CF80D
:100F300025C0BC450DD19B68134A43F82520134BAF
:100F40001A78197082710023C4E88F3F86F31088E5
:100F5000F0BD1546002395F906708F4208D10C2587
:100F600005FB0323FF229A714BF601529A80E6E7B4
:100F70000133042B05F10C05EDD1E0E7BBE80020BF
:100F800024DD002000ED00E011010010EBE900205D
:100F900007B5074B01460093002205230548FFF7DC
:100FA00003FB0028A8BFC0F1330003B000BD00BFA1
:100FB0009143001008EA0020014B0B440360704786
:100FC000B2E8002010B50446FFF72AFB0146204690
:100FD000FFF7F2FFFF232371BFF35F8F10BD10B542
:100FE0000446FFF71DFB01462046FFF7E5FFFF2300
:100FF000A380BFF35F8F10BD38B50848084DA842E5
:1010000000D338BD044654F8083B1BB1FFF7E7FF97
:101010002046F4E7FFF7D6FFFAE700BFBCDD00206B
:10102000C4DD002010B504460120FFF705FB034B8B
:1010300003442360BFF35F8F10BD00BFB2E8002000
:10104000024B0B440360BFF35F8F7047B2E8002090
:101050000D4B10B51A68EFF3108172B6D2E8CF4F7E
:101060000120002CFAD1C2E8440F002CF6D1BFF3C6
:101070005F8F1A680023C2E88F3F81F3108840BF5A
:101080000020002110BD00BF78E800200000000013
:101090002DE9F04F2DED028B85B0EFF30582D2B232
:1010A000A34B103A9108A34D18BF1D46E81A4342BE
:1010B00002F00302434102EB830301929E4A9FED3B
:1010C0009A8B52F823400123019A93400293029A8B
:1010D00005F541535A60029BEB63B4F90830002BCD
:1010E000009352DB18265E436769284607EB060823
:1010F000D8E902A900F01AFB504571EB090144DB65
:10110000B9F1000F6FDBD8E9043B8C4A934255D10B
:101110005846DBF810309847002864D0DBE9003BE4
:1011200053EA0B025FD0BBF1000F53DABAEB0300B6
:1011300069EB0B0137F906C0C8E90201BCF1000FE9
:1011400023DB4FF0180BD4F814900BFB0C93D3E96E
:101150000223904271EB030317DBA6462EF808CF5B
:101160000BFB0CFA09EB0A08D8E90223904271EB59
:10117000030305DB39F90AC0C646BCF1000FEFDAFC
:10118000009B27F806C0AEF80030A388190446D5A6
:10119000A37943B10023A371B4F9083004F1080620
:1011A0005A1C40F08180B4F90820002A80F2978010
:1011B00040BF05B0BDEC028BBDE8F08FB8F802204F
:1011C000B4F9080092B2594642EA004098470346F3
:1011D0008B46A5E72846039300F0A8FA039BC018A6
:1011E0004BEB0101A6E7BB5B23812369EFF3108280
:1011F00072B6D3E8CF0F01210028FAD1C3E8401F0F
:101200000028F6D1BFF35F8F63880021BB53009B9A
:1012100063802369C3E88F1F82F31088B5E72369D1
:10122000EFF3108172B6D3E8CF0F01220028FAD174
:10123000C3E8402F0028F6D1BFF35F8F4FF6FF724F
:10124000A3880020A2801BB22269C2E88F0F81F31D
:1012500010884FF01809002B9ADB09FB03F0626934
:10126000B4F908C0111804F1080ED1E902B7BCF1B5
:10127000000F0FDBBEF9001001EB410102EBC108CA
:10128000D8F80C600096D8F80860B345009E77EB5C
:10129000060605DAAEF80030135E22F800C0DAE781
:1012A000C64632F931C0E2E7616903EB430001EB66
:1012B000C002B2F802C031F930701CF4004F0CD0FB
:1012C00082ED028BB4F908209A4204D0378022893B
:1012D00021F8302023813B4662E71646FBE71821C0
:1012E000636901FB0233D3E90267B7F1FF3F08BF2F
:1012F000B6F1FF3F0FD0019BA96A05EB830213698A
:10130000701A5B1A984205D301230198296A834019
:101310000B4200D11661284600F008FAB042B941EC
:10132000BFF6D9AE44E700BFFFFFFFFFFFFFFFFF9F
:1013300000800B4000000B4050E80020911000108E
:10134000F8B5C16004461E4617460D46FFF768F91A
:101350001A4B2770034423614FF050431B6800224F
:1013600063704FF6FF732381A380731E638018237D
:101370006681B24218D1124E1249AB1B5E425E41E9
:10138000114B07EB860643F82640012404FA07F7C1
:1013900030462F62FFF7EAFB05F50155214630463E
:1013A000FFF79EFB2F60F8BD03FB02F1606902F1BD
:1013B000FF3C20F801C00132DBE700BFB2E80020AB
:1013C00000800B409110001050E8002010B5094C2F
:1013D00023694BB90321084800F096F91023032232
:1013E00020460549FFF7ACFFBDE810400A2103483D
:1013F000FFF7E2BD6CDD002000000B4078E8002024
:10140000074A536A994206D8926A824205D2C81A9C
:1014100018BF01207047002070470120704700BFAF
:1014200000000B40004870476CDD00202DE9F043C0
:101430000146994690460369EFF3108072B6D3E8EF
:10144000CF4F0122002CFAD1C3E8442F002CF6D153
:10145000BFF35F8FB1F902304C6903EB4305002BFA
:10146000A8BF34F835204FF00006A8BF4A8004EB2F
:10147000C5070A69C2E88F6F80F31088B34233DB77
:101480007888079A0130C0F30E00012838BF012088
:101490003A61089A78807A61C7E9028940EA034094
:1014A0000A69EFF3108772B6D2E8CFEF5FF0010C54
:1014B000BEF1000FF8D1C2E84ECFBEF1000FF3D15C
:1014C000BFF35F8F8A8824F835208B800B69C3E8CF
:1014D0008F6F87F3108801220B789A40CB6803F551
:1014E00001535A60BDE8F0834FF0FF30FAE72DE971
:1014F000F0479DF828400746DDE9088916461D4655
:1015000044B132462B463846CDE90889BDE8F0475C
:10151000FFF78CBF00F01EF9864265EB0101A14286
:10152000EFDA2046BDE8F0870346408970B5B0EB9E
:10153000214F4FEA214201DC002070BD1824586978
:1015400004FB02001A69EFF3108472B6D2E8CF6F81
:101550000125002EFAD1C2E8465F002EF6D1BFF376
:101560005F8F428889B292B28A4216D16FEA4242B4
:101570006FEA524242800120987100221969C1E845
:101580008F2F84F310880028D6D001221978DB68C9
:101590008A4003F501535A60CFE70020EDE7407819
:1015A000704700002DE9FF41841F61F10006A04251
:1015B00071EB060338BF0024054638BF26460F46A8
:1015C00000F0C8F8201A66EB0101012871F1000152
:1015D00006DA2846394604B0BDE8F04100F0C0B84C
:1015E0000023CDE90133154B2246009314483346BE
:1015F000FFF77DFF0130ECD0DFF848802046314610
:10160000FFF7FEFE0028E4D1D8F80030EFF3108297
:1016100072B6D3E8CFCF0121BCF1000FF9D1C3E8F6
:101620004C1FBCF1000FF4D1BFF35F8FD8F800302E
:10163000C3E88F0F82F3108820BFDFE7511000103E
:101640006CDD002078E8002038B504460D4600F037
:1016500081F84FF0FF326FF00043201845EB010195
:10166000824273EB010438BF1946BDE8384038BFE9
:101670001046FFF797BF4FF47A71A0FB0101FFF707
:10168000E3BF00002DE9F04304460D4685B0EFF3BB
:101690000587FFB227B105B0BDE8F043FFF7B0BE44
:1016A000174ED6F80C9096F80080484600F03EF8A9
:1016B00008F1040859F82830221AA3EB000365EB5F
:1016C00001019A4271F1000103DB20BF2046294647
:1016D000E1E70C4B3046009322462B46CDE90177DB
:1016E000FFF705FF061E29462046D4DDFFF788FEDA
:1016F00000B920BF31460248FFF716FFE6E700BFFA
:101700006CDD00205110001010B4054B054C064A4A
:10171000A04214BF1846581C10BCFEF728BF00BFDB
:10172000E9E9002000800B40AC4300100346416A09
:101730000A46986A596A8A42FAD17047416A9942C0
:10174000FCD3994202D1816A914200D37047416A29
:10175000F7E700000148FFF7E9BF00BF00000B40BA
:1017600002460B460148FFF7E9BF00BF00000B40EF
:10177000F0B50C24444304F1804404F580346568DA
:10178000059E071FB542FFB238BF6660012F04F502
:10179000405528D8012926D14FF0030CC5F800C0C8
:1017A000A568ED07FCD5256804F5805C85EA42153F
:1017B00005F0E005012FCCF800500AD822684A4015
:1017C00002F00302CCF8002001228A40A1681142F5
:1017D000FCD04FF4006104F5005211600B4A6660C2
:1017E00042F82030F0BD4FF4006CC5F800C0074D42
:1017F00055F820C0BCF1000FD5D06D69B5FBFCF5E4
:10180000013505EB4505033DFDD2CCE7ECE30020B7
:1018100013B54FF480340094FFF7AAFF02B010BD57
:10182000014B53F820007047ECE3002070B51D4CCD
:10183000B4FBF1F4B2FBF4F2049C240344EA034346
:101840000468002C0EDA046804F03F048C4209D1CD
:101850008468C4F30B04944204D1C46804F4EE24F5
:101860009C421DD0104D0124A84214BF0E250F2507
:10187000AC400E4D0E4E2C6005F580552C60B568C1
:1018800034EA0505FBD101602121826000F5405258
:101890000432116001680029FCDAC3600823136078
:1018A00070BD00BF001BB700008005400020024053
:1018B00000000240024B1A68024B5A60704700BF9A
:1018C00028E8002000800D404FF08043114A10B5F9
:1018D000114C136003F5D0339C604FF0E06403F5C6
:1018E000402329B11C6028B94FF000421A6010BD96
:1018F0001460F8E74FF47A736FF07F425843074B58
:10190000904294BF18601A60FFF7D4FF4FF08042F6
:10191000034BEBE700B00D40F3FFFF0128E8002088
:1019200000A00D4030B403464FF080440A480460E4
:1019300004F558246BB1094D43F0010308485D409C
:10194000E06125626162A362002130BC1046FFF7AE
:10195000BBBFE361F8E700BF00B00D402D3FF84F7B
:10196000D3C007B00C235843012300F1804000F599
:101970008410416003607047002370B5DB8A054620
:101980000E46002242E800F2520254BF1021042108
:1019900044F252209847044633462A46A446BDE8FE
:1019A00070400A214FF4817060470023DB8A0022D7
:1019B00042E800F2520254BF10210421184708B532
:1019C0000B46011E02DB22B943F020031846FFF745
:1019D000D3FF43F03003F9E7034AD2F82838002B4D
:1019E000FBD0BFF35F8F704700000E400021044B17
:1019F000044ABFF35F8F43F8041B9342F9D1704749
:101A00000C080E402C080E40FFF7F0BF4FF42A627E
:101A1000054B06491A604FF48D72DA60044A116072
:101A20005A68002AFCDA70470080044000B0FA00CF
:101A300000A004407047000008B50148FEF75AFDB9
:101A4000CE43001038B5044C044DAC4200D338BD31
:101A500054F8043B9847F8E7D842001018430010A8
:101A6000054B064A06491A60064B074A13608A6806
:101A700033EA0202FBD17047002002407F3BEFEFC8
:101A800000000240F6FFF30300300240044BDB6C21
:101A9000B3F5004F02BF4FF48022024BDA64704767
:101AA00000001150002011504FF0E022044BD2F8FA
:101AB000881D0B43C2F8883D10EE3004704700BF0C
:101AC000030330006FF06042044B1A60044A9368CD
:101AD000DB4333F06043FAD1704700BF003002406F
:101AE0000000024010B545F25320FFF75EFFBDE84D
:101AF000104003460420184710B545F25320FFF765
:101B000054FFBDE81040034601201847FEF7ACBD66
:101B100010B50B490B4C0C48641AA410442C2246F7
:101B200028BF4422920002F00DFB074B074A432CCA
:101B300002D9074A936010BD43F824200134F6E728
:101B40000000001010010010000000201101001022
:101B500000ED00E0002373B5294DC5F88430FFF790
:101B600055FF0122274BDA636A6C012AFCD103225C
:101B70001A63AC6B012CFCD10226052521460523F6
:101B8000214A22480096FFF751FE2B462146204A63
:101B900020480095FFF74AFE0022314604201E4BE4
:101BA000FFF736FE2146284600221C4BFFF730FE89
:101BB0000022082011461A4BFFF72AFE00220920B6
:101BC0001146174BFFF724FE002206201146134B47
:101BD000FFF71EFE002207201146104BFFF718FEEC
:101BE0000420FFF71DFE0F4D0024B0FBF5F5E0B219
:101BF00029460134FFF7B6FE062CF8D102B070BDBD
:101C00000000014000300140002F685900000540ED
:101C1000008C864700800540001BB70080D1F0088B
:101C2000006CDC0240420F0008B100F001B97047BF
:101C30001FB5084A0346146844B100914FF0FF32C3
:101C4000054803A9A047012004B010BD00F0FEF82C
:101C50002046F9E724E80020291C001000BEFDE71B
:101C600008B5FFF7FBFF000038B5FFF7EBFE044CAB
:101C7000044DAC4200D338BD54F8043B9847F8E714
:101C80001843001020430010034608461B68114605
:101C900018470000437D2DE9F04104460D461646E5
:101CA000A3B101F1FF38002108468E4214DC8642C0
:101CB0002EDD311A236828449847354415F8013C35
:101CC000A3F10D0253425341237523E003681146EB
:101CD0002846BDE8F0411847C1B198F80030A3F19B
:101CE0000D077B427B4118F8012F4F1C0A2A0BD1AC
:101CF00053B9814203DD091A2368284498470648EE
:101D000002212368984738463946CEE7237DEAE723
:101D1000002ED2DCBDE8F0812645001010B5FFF79B
:101D200019FD0A4A82184FF0FF3041F100036FF0AD
:101D30000041904271EB030438BF0246BDE81040F9
:101D400038BF0B46024802F0BBBA00BF40420F004A
:101D5000BCDD0020014802F0A7BA00BFBCDD0020B6
:101D60002DE9F74F0C461D4607469346FFF7D6FF71
:101D7000631C804603D1384602F05AFA04464FF0FD
:101D80000A0A154B154EDFF85C90002D18BF1E4651
:101D9000134B1D6845B9B8F1000F01D0FFF7DAFF0A
:101DA000204603B0BDE8F08F2B6893B1D9F800301E
:101DB0000BB1AB420DD1224639462846B047BBF1A4
:101DC000000F06D0012228460DF107018DF807A06B
:101DD000B0472D69DEE700BF951C0010891C00107C
:101DE00014E400201CE40020094B1A6812B901B168
:101DF000186070471A68824205D10029F9D102693A
:101E00001A600161704702F110031269EEE700BF2A
:101E100014E40020044B10B51C6804B910BD6368BD
:101E200003B198472469F8E714E4002000F060B992
:101E3000012313B504468DF80700002219460DF161
:101E40000700FFF78DFF204602B010BD38B50546EC
:101E500002F0EEF90123044601461A462846FFF730
:101E60007FFFFFF7D7FF204638BD70470022014BA8
:101E70001A707047ECE900204B79FF2B0BD1887961
:101E800048B9CB79012B07D1082A05D98A78034BA9
:101E900009201A7070470020704700BFECE900204D
:101EA00001207047012908B51BD1104B91881B7880
:101EB000994218D15378012B0CD15188CB0548BFDA
:101EC000480AC1F3402258BF4FF0FF3001F07F01B4
:101ED000FFF775FD022B06D1002164220846FFF7AB
:101EE00021FD012008BD0020FCE700BFECE9002037
:101EF00000487047EE4500100129114609D153787A
:101F0000012B08D19388072B05D1A623034A01F0A2
:101F10001DB9012070470020704700BF48450010E0
:101F200001230370004870472845001008B50B686E
:101F3000B3F5966F05D100224FF0FF301146FFF741
:101F40003EFD08BD024B1860024B1960704700BF90
:101F5000E0E30020E4E30020164B70B51A681AB3E2
:101F6000EFF3108172B6D2E8CF4F0120002CFAD1E6
:101F7000C2E8440F002CF6D1BFF35F8F00220E4859
:101F8000596002701B68C3E88F2F81F3108800240A
:101F90000A4E00253078FEF7B9FD40B13078FEF7E3
:101FA000C5FD2046294670BD4FF47A74F0E7002441
:101FB0000025F6E748E80020EEE90020EDE90020E2
:101FC000014B1878FEF7B2BDEDE9002010B5FFF720
:101FD000C1FB114A82184FF0FF3041F100036FF04E
:101FE0000041904271EB03043CBF02460B460B4894
:101FF00002F066F970B14FF0FF30002100F02AFDC9
:10200000002001F0ABF90028F5D1BDE810400348ED
:1020100002F04AB910BD00BF40420F007CE800202A
:1020200030B5002185B02C4802F052F9B8B100213A
:102030004FF0FF3000F00EFD002001F06FF9044674
:10204000254802F031F9002C43D0244B1B68002BAB
:102050003FD0234A106805B0BDE830401847214AF8
:102060001368002B35D0EFF3108172B6D3E8CF5F41
:102070000124002DFAD1C3E8454F002DF6D1BFF35E
:102080005F8F0125184C516023781268DBB22570F0
:10209000C2E88F0F81F31088DBB9FFF7C3F904465C
:1020A000FFF758FB10F57A724FF0FF3041F1000353
:1020B0006FF00041904271EB03053CBF02460B46B6
:1020C00001200021CDE90110084920460091FFF7C9
:1020D0000EFA05B030BD00BF7CE80020E0E3002030
:1020E000E4E3002048E80020EEE90020591F00103A
:1020F0004FF0504330B585B01C68FFF793F9FFF7F8
:102100004EFAA04202D0002005B030BD0021274B7E
:1021100008461B7801F01EFC254803680BB9FEF742
:1021200051FF0120FEF734FF224C23492070C0B23A
:10213000FEF71CFD20780121FEF7D2FC0E20FEF7F1
:1021400009FD88B10120FEF777FA01461B48FEF72A
:1021500077FF00220E201A49FEF72EFD19480121B3
:10216000FFF742FE0120CFE7144BC3E90000FFF761
:1021700059F90446FFF7EEFA10F57A724FF0FF3086
:1021800041F100036FF00041904271EB03053CBF49
:1021900002460B4601200021CDE901100A492046E4
:1021A0000091FFF7A4F90028ADDBD7E70447001042
:1021B0007CE80020EDE900202120001048E8002004
:1021C000C11F001084DD0020591F0010002001F005
:1021D0008FB8000070B504460D46FFF7F7FF18B939
:1021E0006FF00204204670BD002001F097F800282F
:1021F000F6D0FFF7AFFA164A82184FF0FF3041F1E0
:1022000000036FF00041904271EB03063CBF0246B1
:102210000B46104802F054F80028E1D0FFF7D6FF33
:1022200080B1002001F07AF860B121462A460020F2
:1022300001F07EF8044608B96FF00204054802F088
:1022400033F8CFE701464FF0FF3000F003FCF3E72F
:1022500040420F007CE800202DE9F84380460F46FD
:10226000FFF778FA304A82184FF0FF3041F100034F
:102270006FF00041904271EB03043CBF02460B46F5
:102280002A4802F01DF800284BD0FFF79FFF0028D6
:1022900042D100200021264BC3E9000137E0002095
:1022A00001F0B8F87C1B8442A8BF0446ACB12246BA
:1022B00008EB0501002001F091F8002105444FF0E2
:1022C000FF3000F0C7FB002001F048F8FFF742FAAA
:1022D000C9E90001AF42E2DC19E021464FF0FF30CE
:1022E00000F0B8FB204601F039F8FFF76FFF70B13E
:1022F000204601F08FF80028ECD1FFF72BFAD9E93E
:1023000000329B1942F1000283428A41E2D207481F
:10231000BDE8F84301F0C8BF0025DFF81490054E72
:10232000D8E7BDE8F88300BF40420F007CE80020FA
:1023300048DF002020A107000048704788460010B1
:10234000004870473446001010B504461248037820
:1023500013B9112100F03EF864B940F209420F4B65
:102360005A8001230133DBB20C485B0043F4407315
:10237000038010BD052C0DD8094B084953F82400E3
:102380000023C25C002AEDD00133132B21F8022F69
:10239000F7D1E7E70020ECE7F7E9002086E8002026
:1023A0001C46001000B545F247308BB0FFF7FDFA30
:1023B00001220346092101A898470823044A05A9D8
:1023C00011F8010D013B02F8010BF9D10BB000BD72
:1023D000EFE90020002230B50C4D0139914201D9BE
:1023E000102A02D10023835430BDD4435308EB5C40
:1023F00004F00104A400234103F00F03092BD4BF10
:102400003033373383540132E8E700BFEFE900206F
:10241000F0B500F07F041A4B660006EBD01503EB15
:102420004515C709A87087F001006870002029834E
:10243000E870EA761349E20003EB841077B10A44AE
:10244000826200213E4403EB4616B26811604CB92B
:102450000D4A03EB47135C60DA60F0BD04320A44B6
:102460008260EEE7621E0949D20003EB841317B1C4
:102470000A445A62F1E704320A445A60EDE700BFA9
:1024800020E400208000105000011050080010507F
:10249000038BC27E08493F339B09022A0A6814BF96
:1024A0009B01DB01C2601A44044B0A609A4201D9C5
:1024B000FFF7C2BA704700BF2CE80020FF0F105092
:1024C00010B500F0C3F80C23124CFF22A3670E20B6
:1024D0001149FEF771FB40220021104801F0EEFD8A
:1024E000002240211046FFF793FF00224021802068
:1024F000FFF78EFF01F0CCFE01204FF000534FF4A8
:1025000080322064E364064BC4F89030054BDA64F3
:1025100010BD00BF000011501D03002020E400206A
:1025200010D001000020115001210E20FEF7D8BA72
:1025300000220248114600F0A9B800BF40E4002084
:10254000044B197021B14FF40032034BC3F89020B3
:10255000704700BFB1E80020002011500B785B06E7
:1025600006D14B78052B01BF4B88024ADBB21360C2
:10257000704700BF00001150CA7838B502F003025E
:10258000012A20D08D78898805F07F042846C1F380
:102590000A01FFF73DFFA4B1640004EBD5100B4C1A
:1025A00004EB40142046FFF773FFE368E27E83F0FC
:1025B000A04383F4801343EA8263626843F00043DC
:1025C0001360012038BD0020FCE700BF20E400209C
:1025D00001F05EBE084608B5114600F07F02C00952
:1025E00000EB42001A46034B03EB401000F04EF89C
:1025F000012008BD20E4002011F07F0305D100294F
:102600000CBF02200120064A9066C90901EB430075
:10261000044B4FF40062002103EB401001F04CBE6C
:102620000020115020E4002011F07F030BD0002285
:1026300005485B0003EBD11300EB43106FF400611E
:10264000C27001F039BE704720E4002008B54FF099
:1026500080530A4A136002F580521360084B996850
:10266000C94311F08051FAD14FF48052054801F06E
:1026700025FD0922044B5A6708BD00BF0020024017
:10268000000002400000105000001150002310B55F
:10269000C3820123828283760161044601F014FE25
:1026A00020B14FF40032074BC3F89020204601F0D0
:1026B000FFFD10B10123237710BD2046BDE8104077
:1026C00001F0EEBD002011502DE9F0410646002436
:1026D000184D194FDFF870802A78E3B2511C9942E7
:1026E00010DA54220021154801F0E8FC1022FF21E5
:1026F000134801F0E3FCBDE8F0412022FF2111481E
:1027000001F0DCBC9A420DD9D8F8002012EB43133B
:102710000BD14FF0E023D3F8F03DDB0700D500BE2E
:10272000BDE8F0819B1A07EB43133046DB689847FE
:102730000134D1E7AFE800209C460010D4E8002027
:10274000D8E80020E8E8002050DF002070B50C46F3
:1027500005461646486900F02BFD32462846636957
:102760000121BDE87040184770477047002070474E
:10277000002070477047704770477047024B587889
:10278000003818BF01207047D4E80020024B1878A9
:10279000C0F38000704700BFD4E800202DE9F04767
:1027A0002C4F04463B780E46FF2B3FD149B94FF0E2
:1027B000E023D3F8F03DDB0700D500BE0020BDE8E4
:1027C000F08700215422244801F078FC0022234D98
:1027D000234B28461A70FEF7F5FB224B22481D605A
:1027E000224DFEF71FFC284601F02FFC204B1D60F8
:1027F000204B23B12048FFF793FB204B18600025A6
:10280000DFF87480DFF87890DFF870A098F8002087
:10281000EBB2511C99420BDA314620463C70FFF76F
:102820004FFE0028C3D02046FFF77EFE0120C6E7FA
:102830009A420AD9DAF8002012EB4313B7D05B684A
:10284000002BB4D001359847E0E79B1A09EB4313FE
:10285000F5E700BFB8DD0020D4E80020F0E000205C
:10286000E8E90020F8E00020B0DD00209CDD002039
:10287000FCE00020211F0010AFE8002050DF002006
:102880009C46001038B58B780C4603F0700343B1BA
:102890004FF0E023D3F8F03DDB0700D500BE002069
:1028A00038BD074B20461D78064B997801F0C2F8D9
:1028B0000028EDD021462846BDE83840FFF75CBE31
:1028C000B8DD0020D4E800202DE9F0478146DDE99D
:1028D00008670C4690469A460025A84501DC012071
:1028E0000AE06378052B09D04FF0E023D3F8F03DE0
:1028F000DB0700D500BE0020BDE8F087E17801F0DD
:1029000003015145F0D121464846FFF7BBFF00289F
:10291000EAD0A1780135CB0914BF39703170237822
:102920001C44DAE7CB0901F07F02343303EB4203A6
:102930000248034A1844116801F03CB8D4E800206A
:10294000F8E00020CB0901F07F02343303EB4203AF
:102950000248034A1844116801F051B8D4E8002035
:10296000F8E0002010B5144C01F07F0004EB4004A7
:1029700004EBD11494F834003034C00708D54FF07C
:10298000E023D3F8F03DDB0700D500BE002010BDEA
:10299000207940F00100207108480078FFF71AFE06
:1029A0000028F4D1237960F300032371237960F3C5
:1029B00082032371E3E700BFD4E80020B8DD0020E4
:1029C00010B50C460B4B1878FFF716FE0A4B04F0B7
:1029D0007F0203EB420303EBD41191F8343043F050
:1029E000020381F8343091F8343043F0010381F868
:1029F000343010BDB8DD0020D4E8002010B50C46FE
:102A00000B4B1878FFF710FE0A4B04F07F0203EB24
:102A1000420303EBD41191F8343023F0020381F820
:102A2000343091F8343023F0010381F8343010BD94
:102A3000B8DD0020D4E80020054B01F07F0203EB55
:102A4000420303EBD11393F83400C0F34000704706
:102A5000D4E800202DE9F04FA34B87B01B78FF2B63
:102A60004DD0DFF89092A14B1C686369EFF31082A0
:102A700072B6D3E8CF0F01210028FAD1C3E8401F76
:102A80000028F6D1BFF35F8FA261204603A901F0B1
:102A9000E5F900236269C2E88F3FA36983F31088D8
:102AA00068B39DF80D30013B072B00F2F682DFE89A
:102AB00013F008001300EB02D002DC021C009702A6
:102AC000E4029DF80C00FFF7FFFD00F069FB9DF8A4
:102AD000103089F80230C6E79DF80C00FFF7F4FDCE
:102AE00000F05EFBFFF747FEBDE7814B1A784AB95D
:102AF0004FF0E023D3F8F03DDC0700D500BE07B06F
:102B0000BDE8F08F1A78013A1A701B7803F0FF00C5
:102B1000002BA8D1774C9DF80C50237843F001038B
:102B2000237094F8343060F3000384F8343094F860
:102B3000343060F3820384F8343094F8353060F335
:102B4000000384F8353094F8353060F3820384F85C
:102B5000353000F02DFB9DF8102002F06003602B53
:102B600007D14FF0E023D3F8F03DDD072AD500BEB2
:102B700028E0402B0BD1604800F01AFB01212846C9
:102B800004AAFFF7B9F900287FF46DAF1AE002F04C
:102B90001F02012A00F09181022A00F0C581002A5B
:102BA000DFD1202B25D19DF814300F2B0AD8534AA2
:102BB00023441B79127893420FD2514A116811EBCA
:102BC000431111D19DF80C000021FFF715FD802164
:102BD0009DF80C00FFF710FD45E7511C9942F1DB11
:102BE00048499B1A01EB431104AA2846FFF7AEFDA2
:102BF000C9E7002BB5D19DF81130092BB1D801A23E
:102C000052F823F0992E0010872E0010632B00102D
:102C1000732E0010632B00102D2C0010CB2D0010F4
:102C2000632B0010472C0010512C001004A800F05A
:102C3000C5FA28469DF81210FFF77AFC237843F076
:102C4000020323700FE763788DF80A3001232DE12A
:102C50009DF8126063789E4241D063785BB1002199
:102C60002846FFF76DFC2846FFF7B2FCA7782846F8
:102C7000FFF72AFDA7706670002E00F0A380701E7B
:102C8000C0B2FFF75DFB10B14378022B10D04FF0BC
:102C9000E023D3F8F03DDB0700F192804FF0E02312
:102CA000D3F8F03DDF0700D500BE0023637089E74D
:102CB000C37900F10906C3F38012C3F340131B016B
:102CC00043EA4213227822F03002134323704388F0
:102CD000C3180093009BB34216D8FFF74BFD28465C
:102CE00004A900F021FABEE6B8DD0020FCE00020D7
:102CF000E8E90020D4E80020F91E0010AFE8002029
:102D000050DF00209C46001073780B2B02BF3378F5
:102D100096F803A0F618737818BF4FF0010A042B39
:102D2000B5D14FF0000B009B9B1B9BB2A74A5FFAEB
:102D30008BF817787A1C9045A9DC47452BD9A44A13
:102D4000176817EB4817A2D01A46019331463B6922
:102D50002846984708280246019B2ED983422CD347
:102D6000BAF1010F05D139699A4B994208BF4FF06A
:102D7000020A0021CBB29A4513D843463146964801
:102D8000019200F086FE914B019A1B7816440133A4
:102D900098459FDD7BE7914AA8EB070702EB4717B1
:102DA000D2E7B078034454FA83F31879FF287FF40C
:102DB0006EAF013183F80480DCE70BF1010BB5E75E
:102DC00000BE6BE7FFF7D7FC89E7BDF81200030AE6
:102DD0005A1EC0B20E2A3FF6F5AE01A151F822F0FC
:102DE0001D2E00103F2E0010592E0010C52B001074
:102DF000C52B00106D2E00103F2E0010C52B0010AB
:102E0000C52B0010C52B0010C52B0010C52B0010C2
:102E1000C52B0010C52B0010352E0010FFF78CFAC3
:102E2000024600283FF49DAE1223284604A900F074
:102E30008DF9A8E6FFF75CF8024640B9C2E6022B1E
:102E400007D1FFF77DFA024600283FF48AAE538887
:102E5000EBE7FFF78DFCEFE7BDF81410FFF774FA0E
:102E6000024600283FF4AEAE0378DEE7FFF77EFCB3
:102E7000F6E7BDF81230012B7FF4A4AE237843F0BF
:102E8000080323702BE7BDF81230012B7FF49AAEB4
:102E9000237823F00803F4E72378C3F340129B0858
:102EA00003F002031343ADF80A30022328460DF164
:102EB0000A0204A900F04AF9D5E59DF814300F2B59
:102EC0003FF680AE414A23441B791278934222D2C6
:102ED0003F4A116811EB43113FF474AE284604AA2F
:102EE000FFF734FC00287FF4BEAD9DF8103013F0DE
:102EF00060047FF467AE9DF811300A3B012B3FF66A
:102F000061AE00F055F99DF811300A2B7FF4E7AE61
:102F10008DF80A409AE6511C9942FFF653AE2F49AC
:102F20009B1A01EB4311D9E79DF8141011F0700FB3
:102F30007FF417AE01F07F02244804EB420202EB5B
:102F4000D112127D0078824213D22148066806EB26
:102F50004216DBB99DF8113003F0FD02012A19D0A9
:102F6000002B7FF4FEAD2846FFF766FDADF80A00A2
:102F70009BE7461C9642C0F29980184E121A06EB47
:102F80004216002BE6D0314604AA2EE6002E3FF46E
:102F900019AEF8E7BDF8122022B9012B284612D14C
:102FA000FFF72CFD002E3FF45EAD314604AA284603
:102FB000FFF7CCFB002000F0FBF894F83530DE077B
:102FC0003FF551AD8BE6FFF7FBFCEBE7AFE80020E8
:102FD00050DF0020F9340010E8E800209C46001083
:102FE0009DF8101001F07F0409EB440202EBD112AE
:102FF00092F8343023F0010382F8343092F8343000
:1030000023F0040382F834303CB9059B9DF811206D
:103010009DF80C0000F0DEF825E5274B127D1B78AB
:103020009A420DD2254B1B6813EB42133FF460AD5F
:103030009C699DF81120059B9DF80C00A04712E5A6
:10304000581C9042FFF654ADD21A1D4B03EB4213AD
:10305000EEE799F80030D8077FF505AD99F8000044
:10306000C0F3C000FFF788FBFDE499F80030D907F2
:103070007FF5F9ACFFF781FBF5E4049B002B3FF4EF
:10308000F2AC05989847EEE499F80330DA077FF53B
:10309000EAAC0498FFF769FBE5E44FF0E023D3F8CE
:1030A000F03DDB077FF5DFAC00BEDCE4002B7FF4F6
:1030B00089AD1E464EE700BFAFE8002050DF00207C
:1030C0009C460010124B70B59989DA8905468C1A16
:1030D000A4B293F90000402C28BF402400280EDA47
:1030E000914212D0996822460A4801F02BF88021BB
:1030F000084A23462846BDE87040FFF733BC91429A
:103100004FF00001F4D10A46F3E780210022F0E7F6
:10311000DCE000209CE00020C943002301F0800196
:103120001A46FFF71FBC000030B4074C0546234683
:1031300008680A46496803C300232846C4E90233E5
:1031400030BC1178FFF7E8BFDCE00020F8B5134D84
:103150000C462E46074608684968AA6003C6002147
:10316000E981E1888B4228BF0B46AB8189B14BB125
:1031700042B94FF0E023D3F8F03DDB0700D500BEA5
:10318000002005E03846FFF79DFF0028F1D0012020
:10319000F8BD38462178FFF7BFFFF6E7DCE00020F6
:1031A00014220021014800F089BF00BFDCE00020AC
:1031B000014B1861704700BFDCE000200146044A63
:1031C00000681346496803C30023C2E9023370470D
:1031D000DCE0002070B5294C1E4623780546C3F379
:1031E000C013B3EBD11F13D03EB14FF0E023D3F89F
:1031F000F03DDB073FD4002070BD2146FFF7AEF95C
:1032000023691BB122460321284698470120F3E792
:1032100094F90030002B06DBA0680028EBD0324682
:10322000174900F08FFFA368E18933443144A3605C
:10323000E38889B28B42E18101D03F2E17D8236900
:1032400033B928462178FFF767FF0028DED1CCE7A5
:1032500002212846094A984701460028F1D128460C
:10326000FFF7CAF980212846FFF7C6F9CEE72846BE
:10327000FFF728FFE9E700BEBDE700BFDCE0002064
:103280009CE000202DE9F0410746FFF777FA48B3AC
:10329000FFF77CFA054628BBC8247C43124B1E1955
:1032A000F278FAB110341C44204600F0C5FD3F28E6
:1032B00018D92846F178FFF735FB98B1204600F081
:1032C000BBFD3F28F17808D9084A284602EBC7120F
:1032D0004023BDE8F041FFF745BB2846BDE8F0417B
:1032E000FFF730BBBDE8F081D4DF002054DF0020C1
:1032F00010B50446FFF742FA08B9002010BDFFF7E9
:1033000045FA0028F9D1C823034803FB04000079DB
:1033100000F00100F2E700BFD4DF0020C82208B5AA
:10332000024B02FB003000F05DFD08BDE4DF002031
:1033300038B54FF6FF739A4228BF1A460446C82094
:10334000054B92B200FB043000F0A7FD0546204675
:10335000FFF798FF284638BDE4DF00202DE9F04153
:103360008046FFF70BFA60B3FFF710FA074640BB41
:10337000C82606FB08F6174D06F124042C44204607
:1033800000F030FDE8B135443846A978FFF7CAFAB5
:10339000B8B1114E204606EBC811402200F07DFD69
:1033A000A978044690B1034606EBC8123846FFF7E9
:1033B000D9FA48B94FF0E023D3F8F03DDB0700D548
:1033C00000BE0020BDE8F0812046FBE7FFF7BAFA17
:1033D000F7E700BFD4DF002094DF0020C82370B5DA
:1033E0000B4C054603FB00444FF6FF739A4228BF7F
:1033F0001A46204692B200F0A4FD0646204600F090
:10340000F1FC3F2802D92846FFF7A8FF304670BDDF
:10341000F8DF0020C82208B5024B02FB003000F0A4
:103420000BFD08BDF8DF0020F7B50024C8220021FD
:10343000174800F043FE174B154F1C70FF237B719C
:103440004FF4E133BB60082307F13801BB7340221E
:103450000123009407F1100000F097FC01234022A3
:10346000009307F1780107F1B80607F1240000F096
:103470008CFC07F1C0053046FDF7A4FD2846FDF79A
:10348000A1FDC7E90746C7E90C5403B0F0BD00BF72
:10349000D4DF0020B0E80020074B1A6A196B12B184
:1034A0000022DA61012211B10021C3E90C110AB135
:1034B00000221A6201207047D4DF0020002310B5DB
:1034C0000A480B4C036003712378DA0702D41030EA
:1034D00000F0BBFD23789B0702D4064800F0B5FD41
:1034E000BDE810400121034800F0CABDD4DF002030
:1034F000B0E80020F8DF0020F7B54B790746022B33
:103500003BD18B79022B38D1214EB37873BB09257F
:103510008B7833700B78CC186378242B1FD19542AD
:1035200018D96378042B11D163790A2B0ED1194B6A
:103530002678019301330093022338461A46A119D5
:10354000FFF7C2F990B10E352E44B5B20020FFF757
:1035500099FE13E023781D44ADB21C44DCE7052B33
:10356000DFD121463846FFF78DF950B94FF0E023FF
:10357000D3F8F03DDB0700D500BE0025284603B098
:10358000F0BDA378737023781D44ADB21C44C8E726
:10359000D4DF0020D6DF00200B461146127870B52C
:1035A00002F06002202A47D1244E8A88347894425F
:1035B00042D14A78203A032A3ED8DFE802F00214CA
:1035C0001731012B05D107231D4AFFF7BFFD01204D
:1035D00070BD032BFBD11B4B002BF8D000201849EA
:1035E000FEF7A4FCF3E7012BF1D1ECE7012B02D1AC
:1035F000FFF79AFDEBE7032BE9D14C88124804F062
:10360000010585F00101347100F03AFD0F4B002BEC
:10361000DDD029460020C4F34002AFF30080D6E796
:10362000012BE5D0032BD2D1094B002BCFD00020AA
:103630004988AFF30080CAE70020C9E7D4DF002043
:10364000DCDF00202D1F0010F8DF0020000000004C
:10365000000000002DE9F843324C1D46E378804617
:103660008B420F460CD0A3788B4239D04FF0E02329
:10367000D3F8F03DDB0700D500BE0020BDE8F8839D
:103680002949AAB204F1100000F05BFC274B4BB9AA
:10369000274BEBB90020FFF7F5FDA378BB421FD005
:1036A0000120EBE76379FF2BF2D01F4E06EB0509F3
:1036B000B145EDD016F8013B62799A42F8D11D4828
:1036C00000F0A1FB0028F3D16179AFF30080EFE7B0
:1036D000184800F098FB0028DCD1AFF30080D9E750
:1036E000154B13B10020AFF300800020FFF736FE2A
:1036F0000028D5D1114800F075FB0028D0D1002D4D
:10370000CED015F03F05CBD14046A178FFF70AF99E
:103710000028C5D02B462A464046A178FFF722F95B
:10372000BEE700BFD4DF002054DF0020000000000F
:1037300000000000E4DF002000000000F8DF0020AF
:1037400010B9024900F012BA0020704790E1002041
:10375000F0B5144F85B04FF413720021114800F0FA
:10376000ADFC07F5A67340264FF480750093002347
:103770000D4C1A46194602940396019507F594706C
:1037800000F099F907F12803009300233444012243
:103790001946CDE901540396381D00F08CF905B0A7
:1037A000F0BD00BF8CE100200CE1002008B504480A
:1037B00000F0A6F9034800F0A3F9012008BD00BFFE
:1037C000B4E2002090E1002038B50025064C04F555
:1037D0009870257000F039FC04F10C0000F035FC05
:1037E00084F82951657138BD8CE100202DE9F8433A
:1037F0004B798046FF2B0F462AD1314D95F8296130
:103800006B791E4316F0FF0622D10C788B780C449E
:1038100004EB02092B703A79F3B29A4202D806E01F
:1038200023781C446378052B04D04C45F8D3E01B67
:1038300080B20EE04C45FAD221464046FFF722F80E
:1038400048B94FF0E023D3F8F03DD80700D500BECB
:103850000020BDE8F883A378DB0916D0194800F0F2
:10386000F4FBA3782A796B71A3880020C3F30A03C1
:10387000A3F500714B424B4163F341022A71FFF7FC
:103880005FFF237801361C44C5E70F4800F0DDFBDD
:10389000A378404685F82931A3880C49C3F30A036D
:1038A000A3F500725342534195F8282163F3410276
:1038B00085F8282100F091F90028E2D1C1E700BF86
:1038C0008CE1002098E10020BCE20020B4E200205E
:1038D00038B5054619481C4690F829318B4204D06A
:1038E00043798B4218D0002038BDB0F8343133B161
:1038F000D0F82C11A2B200F5987000F022FB104B0A
:1039000023B100200F49A2B2AFF3008028460E4930
:1039100000F063F90120E7E70C4B1BB10020A1B2D6
:10392000AFF3008028460A4900F020F90028F1D1C1
:1039300022462846064900F0E5F8EBE78CE1002036
:10394000000000000CE10020B4E2002000000000B4
:1039500090E1002013B599B90124084601A9ADF8FA
:103960000440FEF71BFF40B94FF0E023D3F8F03DD1
:10397000DA0700D500BE02B010BD0D4B1C70FAE78F
:10398000012801D80B7843B94FF0E023D3F8F03D7C
:10399000DB0700D500BE0020EDE7054C012B2354CA
:1039A00001D00120E7E7FEF7F9FE0028F9D1EBE7A7
:1039B000D2E80020F8B50478054614F001040E465C
:1039C0001BD107787A0713D44FF0FF31304600F04F
:1039D00063FC2C7814F001040CD12B785B0704D421
:1039E00001242B7843F004032B70304600F05CFC7C
:1039F0002046F8BDC7F38004F7E70024F8E770B568
:103A00000E4604464FF0FF31304600F045FC237867
:103A1000C3F380055B0708D5237813F0010211BFBB
:103A20000025237862F382032370304600F03CFCCB
:103A3000284670BD8388C078C3F30A0300F00300F2
:103A4000022814D003281CD001280ED1022940F2EC
:103A5000FF3208BF4FF480629A420ED24FF0E0234B
:103A6000D3F8F03DDB0700D500BE002070470229E7
:103A700004D1B3F5007FF1D101207047402BFBD971
:103A8000ECE7022914BF40224FF480629A42F3D23D
:103A9000E4E730B50A44914200D330BD4C78052CA0
:103AA00006D18C7804F07F0500EB4505E4092B5521
:103AB0000C782144EFE7F7B515460278089FBDF86A
:103AC000246061F300020446394600F8082B009395
:103AD0003246012300F059F957B14EB104F11C06EA
:103AE0003046FDF76FFA0DB135460026C4E905569C
:103AF00001200A9B6360BDF82C30638003B0F0BDE9
:103B000001207047F8B50646084610F8083B0C46F9
:103B100013F0020F0CBF40254FF40075174600F05C
:103B200061F908B10020F8BD002FFBD0013D3D42F6
:103B3000F8D12378DA07F5D430466178FEF7F2FE43
:103B40000028EFD0237813F0010307D04FF0E023D3
:103B5000D3F8F03DDB07E5D500BEE3E71A46304673
:103B60006178FEF7FFFE0028DDD1EFE770B506466D
:103B700001F108000C4600F035F9C8B12378DA07E6
:103B800016D430466178FEF7CDFE88B16288616850
:103B900004F1080000F081F92378054603F00103E1
:103BA000A0B13BB14FF0E023D3F8F03DDB070BD4DD
:103BB000002070BD0346626830466178FEF7D2FE91
:103BC0000028EFD02846F4E700BEF1E7002BEFD144
:103BD00030466178FEF7B6FEEAE78A89F8B5064610
:103BE0000C460B78F2B9DD070DD44978FEF79AFE42
:103BF00048B12378D90708D54FF0E023D3F8F03D3A
:103C0000DB0700D500BE0020F8BD638861783BB1BA
:103C100062683046FEF7A6FE0028EDD06088F3E724
:103C20001A46F6E701F1080713F0020F38460CBFF9
:103C300040254FF4007500F0FFF88542E3D8237863
:103C4000DA07E0D430466178FEF76CFE0028DAD05F
:103C5000384600F0F1F82378854203F0010315D8C7
:103C6000002BC9D16D4263880540ADB29D4228BF8B
:103C70001D46617845B162682B463046FEF772FEFC
:103C80000028B9D02846BFE72A46F5E7002BBAD16D
:103C900030466178FEF756FEB5E70A4492B291428B
:103CA00002D8B2EB400F02DBA2EB400292B2104608
:103CB000704770B50546AC88D61A0846B1B206EB17
:103CC0004406B6B29A4238BF3146B1B18C4205D2F1
:103CD000944294BF121B121993B26B819C4209D972
:103CE000EA882968C2F30E0202FB031100F02AFAE7
:103CF000012070BD1B1B9BB2F0E70846F9E72DE9D8
:103D0000F047BDF8204085888846191B8EB201EB2C
:103D1000450189B2A34238BF0E460746FEB1B542FF
:103D200006D22E469D4294BF5B1B5B199CB2448118
:103D3000B24228BF324696B2A54213D9FA88A5EB03
:103D4000040939681FFA89F9C2F30E0A4E450AFBC5
:103D500004110AD8404606FB0AF200F0F3F9304697
:103D6000BDE8F087641BA4B2E6E719FB0AF94046F8
:103D70001FFA89F2751B00F0E5F9621912FB0AF2CD
:103D8000396892B218FA89F0E7E7B2F5004FF8B552
:103D900004460F4616461D4622D8C06818B14FF09B
:103DA000FF3100F079FA206918B14FF0FF3100F0CF
:103DB00073FA9DF81830C5F30E0545EAC3350023A4
:103DC000E06863812760A680E580238108B100F068
:103DD0006BFA206908B90120F8BD00F065FAFAE72E
:103DE0000020F9E7024613895289808892B29BB27B
:103DF000934236BFC2EB40029B1A9B189BB298427B
:103E000028BF184670470289438992B29BB2D31AE1
:103E100058425841704703894289818892B29BB2C7
:103E2000934236BFC2EB41029B1A9B189BB2994248
:103E30008CBF00200120704703894189828889B2A4
:103E40009BB28B4236BFC1EB42015B1A5B189BB23F
:103E50009A4286BFD01A80B20020704738B5044617
:103E600000690D4618B14FF0FF3100F015FA2289B4
:103E70006389294692B220469BB2FFF71AFF6189F7
:103E80000246054689B2A088FFF707FF60812069D6
:103E900008B100F009FA284638BD73B50446006938
:103EA0000D46164618B14FF0FF3100F0F5F92389A1
:103EB0006189324689B20091204629469BB2FFF7BC
:103EC0001EFF61890246054689B2A088FFF7E5FE1C
:103ED0006081206908B100F0E7F9284602B070BDA2
:103EE000F8B50446C0680F4618B14FF0FF3100F036
:103EF000D3F925892046ADB2FFF78DFF20B1E379D4
:103F0000C3F3C0161B0613D52846A388834215D9D0
:103F1000E2882368C2F30E02394602FB003000F04B
:103F200011F901222946A088FFF7B7FE012620815A
:103F3000E06808B100F0B8F93046F8BDC01A80B2A8
:103F4000E4E72DE9F84F05460E469046002A3FD09B
:103F5000C06818B14FF0FF3100F09EF9EB792F895E
:103F600069891B06AC88BFB289B234D48F4235BF91
:103F7000C1EB4403791ADB198BB238BF9BB2A34261
:103F800061D2E31A9BB2434528BF43461FFA83F828
:103F9000B946A14540D2EA88A4EB090A28681FFA6D
:103FA0008AFAC2F30E0BC2450BFB090039D3314626
:103FB0000BFB08F200F0C6F842463946A888FFF726
:103FC0006CFE44462881E86808B100F06DF9A0460F
:103FD0004046BDE8F88FA0450BD3002CF3D0EB880A
:103FE000A8EB0408C3F30E0303FB08660F46A046C4
:103FF000CEE78F424FEA440236BF531A7B1ADB19D1
:104000009BB243449342C3DBA4EB0802204692B226
:10401000FFF743FE0746BBE7A9EB04091FFA89F93E
:10402000B7E71AFB0BFA31461FFA8AF2A8EB040431
:1040300000F088F809EB040212FB0BF2286892B238
:1040400016FA8AF1B6E70024BDE710B50446C06849
:1040500018B14FF0FF3100F01FF9206918B14FF08F
:10406000FF3100F019F90023E0686381238108B172
:1040700000F01AF9206908B100F016F9012010BD0E
:1040800038B50446C0680D4618B14FF0FF3100F056
:1040900003F9206918B14FF0FF3100F0FDF8E37922
:1040A000E06865F3C713E37108B100F0FDF820691B
:1040B00008B100F0F9F8012038BD000030B58407E0
:1040C0008646034606D0A2B303F8011B980702F107
:1040D000FF32F8D1032A26D95FFA81FC0F2A0CEBB4
:1040E0000C2C0CEB0C402AD922F00F0C9C44C3E999
:1040F0000000C3E9020010336345F8D112F00C0F41
:1041000002F00F0517D04FEA950C1A460CF1FF3458
:1041100003EB8C0C42F8040B6245FBD1043305F031
:10412000030203EB840322B11A4403F8011B9A42F1
:10413000FBD1704630BD2A46002AF5D1F9E7154675
:10414000E1E700BF844641EA000313F0030349D1CD
:10415000403A23D30B6803604B6843608B688360ED
:10416000CB68C3600B6903614B6943618B698361F1
:10417000CB69C3610B6A03624B6A43628B6A8362D9
:10418000CB6AC3620B6B03634B6B43638B6B8363C1
:10419000CB6BC36340304031403ADBD230320BD37B
:1041A0000B6803604B6843608B688360CB68C360B7
:1041B00010301031103AF3D20C3205D351F8043BD1
:1041C00040F8043B043AF9D2043208D0D2071CBFAD
:1041D00011F8013B00F8013B01D30B8803806046D6
:1041E000704700BF082A13D38B07B1D010F0030328
:1041F000AED0C3F10403D21ADB071CBF11F8013B98
:1042000000F8013BA4D331F8023B20F8023B9FE7C2
:10421000043AD9D3013A11F8013B00F8013BF9D235
:104220000B7803704B7843708B78837060467047CF
:1042300020F0030110F00300C0F1000051F8043B2E
:1042400000F1040C4FEACC0C6FF000021CBF22FA04
:104250000CF213434FF0010C4CEA0C2C4CEA0C4CC2
:10426000A3EB0C0222EA030212EACC1204BF51F8BB
:10427000043B0430F4D0C2F1000102EA0102B2FAB8
:1042800082F2C2F11F0200EBD2007047F8B500BF06
:104290005FF800F0610200205FF800F0F7010020F5
:1042A0005FF800F0310600205FF800F02B020020DC
:1042B0005FF800F0410500205FF800F0ED050020F8
:1042C0005FF800F0C30100205FF800F01D0500203A
:1042D0005FF800F011010020E51A0010611A0010CB
:1042E0008D1A0010551B0010C51A0010091A001075
:1042F0000D1B0010D9190010F90F0010111B001030
:10430000CD130010351A0010F91A0010A91A001068
:1043100059060010C10A0010A52300101102001058
:104320004661696C656420746F20696E69746961A7
:104330006C697A6520444D410050494E5F52535498
:1043400074696E672E2E2E004E6F20444D412063FF
:1043500068616E6E656C732061726520617661695B
:104360006C61626C65000A2A2A2A2050414E49433A
:10437000202A2A2A0A004E6F207370696E6C6F63C0
:104380006B732061726520617661696C61626C6536
:10439000004E6F207573657220495251732061720F
:1043A0006520617661696C61626C65004861726468
:1043B0007761726520616C61726D20256420616C8B
:1043C000726561647920636C61696D656400486140
:1043D000726420617373657274004D696E53697AFB
:1043E0006552656C00626F6F74325F773235713081
:1043F000383000302E3100322E322E30007069639A
:104400006F32007069636F5F626F6F74790041751E
:1044100067203136203230323600555342207374D3
:1044200064696E202F207374646F75740052617319
:10443000706265727279205069005069636F004242
:104440006F61726420434443005265736574005584
:104450006E68616E646C6564204952512030782525
:10446000780A00657020253032582077617320610A
:104470006C726561647920617661696C61626C65FA
:104480000043616E277420636F6E74696E756520DA
:1044900078666572206F6E20696E616374697665F7
:1044A000206570202530325800000000B444001010
:1044B00009FF01012BA0802080F00120C300808033
:1044C00008609FFE8C2006005250D3F07542DA43FC
:1044D000001006005250E182887FE543001006007C
:1044E00052503ABCA911F343001006005250ABB32E
:1044F0006053F743001006005250BBFF3CB6FD432B
:10450000001006005250861C0302034400100600EF
:1045100052505422A29D0E44001005005250DE65F8
:10452000F468D02301100D0A000000006B1E00107B
:10453000000000006D1E0010791E0010A51E001066
:10454000A11E0010000000000A0000000000030689
:10455000A6000800020002009C0014000300574956
:104560004E55534200000000000000000000800093
:104570000400010028004400650076006900630023
:10458000650049006E0074006500720066006100FD
:1045900063006500470055004900440000004E00DC
:1045A0007B0062006300370033003900380063008D
:1045B00031002D0037003300630064002D0034000B
:1045C0006300620037002D003900380062003800B7
:1045D0002D003900310033006100380066006300AF
:1045E000610037006200660036007D000000050FA4
:1045F0002100011C100500DF60DDD88945C74C9CF7
:10460000D2659D9E648A9F00000306A600010006F5
:1046100000525053B4F4A11A4400100000000000EE
:104620002D4400103A440010F7E900203F440010E8
:104630004944001009025400030100807D080B006A
:104640000202020000090400000102020004052425
:1046500000200105240100010424020605240600AF
:10466000010705810308001009040100020A000087
:104670000007050202400000070582024000000911
:1046800004020000FF00010512011002EF020140C8
:104690008A2E090000010102030100000000000051
:1046A0002934001099340010BD340010F934001082
:1046B0009935001055360010000000000000000081
:1046C00051370010AD370010C9370010ED3700101A
:0C46D000F91E0010D1380010000000009E
:0846DC0068FAFF7F01000000F5
:1046E400C6440010D2440010DE440010EA44001016
:1046F400F6440010024500100E4500101A45001043
:044704000F4600104C
:10470800034630B50268EFF3108472B6D2E8CF5F83
:104718000120002DFAD1C2E8450F002DF6D1BFF3D4
:104728005F8F93F90420002A0BDA4FF050420120E2
:1047380012681A711A680023C2E88F3F84F3108840
:1047480030BD09B90020F5E70A60FBE72DE9F04123
:104758001F464FF05043044616460025D3F8008004
:104768002268EFF3108372B6D2E8CF0F0121002838
:10477800FAD1C2E8401F0028F6D1BFF35F8F94F941
:1047880004102268002908DA84F80480C2E88F5FE0
:1047980083F310880120BDE8F081C2E88F5F83F3BE
:1047A80010883046394600F08BFB0028D8D000200E
:1047B800F1E7D3B501A9044616461F46FFF7A0FF47
:1047C80078B94FF050439DF9042093F900309A428C
:1047D80007D032463B46204602B0BDE8D040FFF73E
:1047E800B5BF02B0D0BD70B50C46054600F074FBED
:1047F80002460B464FF47A70E4FB00234FF0FF307B
:104808006FF00041904271EB03043CBF02460B4637
:104818002846BDE87040FFF799BF10B50368EFF36D
:10482800108272B6D3E8CF4F0121002CFAD1C3E829
:10483800441F002CF6D1BFF35F8FFF23016803717B
:104848000023C1E88F3F82F3108840BF10BD0000ED
:104858000022114608B5D30003F1A043013203F545
:1048680080130F2A9960D960F5D14FF47072002136
:10487800034800F035FB034B034A1A6008BD00BF2C
:1048880060E400202CE80020800110502DE9FF474B
:10489800002501264FF4E069194B1A4FD3F858A0A8
:1048A800DFF86480BAF1000F01D0202D02D104B0E6
:1048B800BDE8F0871AEA060F1FD0EB4305F0FE04A7
:1048C80003F001031C4408EB44142046BE6500F0C5
:1048D800D9F980B1E38AA2780393002301A80121C2
:1048E800ADF804908DF808208DF8093000F0E6F94D
:1048F800204600F06DF92AEA060A76000135D1E76C
:10490800000011500030115020E400202DE9FF4133
:104918005D4BD3F8985015F4003430D000265B4B2B
:104928005B4C9A6A5B4B1A60334694F83B20022A28
:1049380008D194F83A702FB194F83C30002B40F02D
:1049480095803B460136102E04F14004EDD13BB969
:10495800514B1B7823B94FF40032504BC3F89020C9
:104968004FF44072484B01219B6C01A8C3F30A0322
:10497800ADF8042002934FF4003400F09FF9EE06DE
:1049880003D544F01004FFF781FFE80331D5022670
:104998004FF001083E4F44F48034BB7E93B1404B46
:1049A800394A1E66536E36EA0303FBD14FF4405270
:1049B8000021384600F012F9384600F009F9374B63
:1049C8005E661E66012E87F8038007F1200755D121
:1049D8004FF4C063ADF80430324B93E80300CDE9DF
:1049E8000201314601A800F069F94FF400322B4B5F
:1049F8001A65E90414D50026234B44F480541E603C
:104A0800FFF726FF4FF48073012101A8ADF80430A9
:104A18008DF8086000F052F94FF400221F4B1A6518
:104A28006A040CD54FF48063012101A8ADF8043065
:104A380000F044F91022194B44F480441A652B0401
:104A48000DD54FF4A063012101A8ADF8043000F0A2
:104A580035F94FF40062114B44F400441A65AC4236
:104A68000ED0114884EA050100F032FA002304F15F
:104A7800200084F83C3000F0D3F862E701268CE788
:104A880004B0BDE8F08100BF0000115000000B40E9
:104A980020E4002018E40020B1E800200030115084
:104AA80000201150000010504F4400100346F0B58C
:104AB800808A1A8BDC78824228BF0246251E18BFDE
:104AC800012584F00104801ADC705C78988242F435
:104AD800806040EA453064B9D3E9034504EB8114AA
:104AE800013CAE18B5420BD11C6940F40040144497
:104AF8001C619B8A0BB940F4804001B10004F0BDF1
:104B080015F8017B04F8017FECE70000074B1B6CEC
:104B180013F0020307D18278D20904D0C07E831E25
:104B28005842584170470020704700BF000011509C
:104B380008B5FFF7EBFF50B1054B986A054BA0F598
:104B480048701B68C01AC6288CBF0020012008BD09
:104B580000000B4018E400208268034630B5106856
:104B680001B1000C5A78C0F3090042B9DA8A02444C
:104B7800DA821A8B824284BF00229A8230BDDA68B8
:104B880002EB81111A690C18013AA14206D1DA8A9E
:104B98000244DA821A6902441A61EAE711F8015BF1
:104BA80002F8015FF1E710B50446836800211B682D
:104BB800FFF7D2FF63681B685B0008D5238B83422D
:104BC80005D12046BDE810400121FFF7C5BF10BD43
:104BD8000023C0E9043383767047000010B583686A
:104BE80009B11C682140A2B1540541EA020110D55F
:104BF8001A68520503D58178074800F069F921F44D
:104C080080621A60054B1B6C9B0702D40C23033B84
:104C1800FDD28368196010BD634400100000115074
:104C2800436870B5002105461C68FFF73FFF144B29
:104C380040F480561A6CAB78920718D513F07F03AE
:104C480018BF0123AA8AB2B1ABB901212846FFF7E0
:104C58002DFF24F00054064344F0A0446B6832460C
:104C680028461C600021BDE87040FFF7B7BFDB098C
:104C780083F00103E6E724F0A04444F00054EDE794
:104C88000000115038B5857E04461DB981780A4860
:104C980000F01EF9FFF787FFA38A33B12046FFF71C
:104CA80047FF20B1012323770025284638BD204639
:104CB800FFF7B6FFF8E700BF814400102DE9F04385
:104CC80043780446023B0E4685B0042B15D8DFE82E
:104CD80013F00500CD0038004100E4000021714BBD
:104CE8001A7822F001021A701A7822F002021A7059
:104CF80059701A7861F382021A706B4B1D686B69E0
:104D0800EFF3108272B6D3E8CF0F01210028FAD151
:104D1800C3E8401F0028F6D1BFF35F8FAA61214680
:104D2800284600F0D1F800236A69C2E88F3FAB69D2
:104D380083F31088002800F0858032466178207857
:104D4800A8E0584B1A78D70740F183801A7842F0C8
:104D58000402D1E7534A1378DD077AD5137823F094
:104D680004031370C9E79A4276D9D9F8002012EBE8
:104D7800431374D101353A78EBB2511C9942F2DAF7
:104D8800484F3B78580734D54FF000083B78CDE9B9
:104D9800018823F004033B70CDF80C8023788DF84C
:104DA800043005238DF805303F4B1D686B69EFF320
:104DB800108272B6D3E8CF0F01210028FAD1C3E8D8
:104DC800401F0028F6D1BFF35F8F2846AA6101A9CA
:104DD80000F07AF86B69C3E88F8FAB6983F31088AA
:104DE80000284AD14FF0E023D3F8F03DD90700D589
:104DF80000BEFB78DA072CD523788DF8043003231E
:104E08008DF8053063680293274B1C686369EFF3DC
:104E1800108272B6D3E8CF0F01210028FAD1C3E877
:104E2800401F0028F6D1BFF35F8FA261204601A979
:104E380000F04AF800236269C2E88F3FA36983F350
:104E4800108810BB4FF0E023D3F8F03DDB0700D506
:104E580000BE05B0BDE8F0839B1A08EB4313DB697D
:104E6800002B87D061682078984783E700250F4F8B
:104E7800DFF84080DFF840907DE732469DF8051066
:104E88009DF8040000F030F8B3E732469DF80510AD
:104E98009DF8040000F028F8DBE7054A1378013391
:104EA8005FE700BFD4E80020FCE00020AFE8002066
:104EB800E8E900209C46001050DF002000000000B8
:104EC8005FF800F0851600105FF800F0E13E001072
:104ED8005FF800F0F50400105FF800F055170010B7
:104EE8005FF800F0BD4000105FF800F0692700107F
:104EF8004C6963656E73656420627920536F6E79BF
:104F080020436F6D707574657220456E7465727498
:104F180061696E6D656E7420496E632E0000001F16
:104F280000388040FFFF0A240380093C80EB083CDE
:104F380000588A4000488A40002889400018894063
:104F480000388840A78C083C240008ACC624083CDC
:104F5800FFFF0835280008AC87AC083C2C0008ACDB
:104F6800C014083CFCFF0835300008AC8424083C19
:104F780004000835340008AC0008083C280008354F
:104F8800380008AC0924083C440008353C0008AC4B
:104F98008040083C00380835400008AC043C083C18
:104FA8001C800835440008AC8434083C783E083539
:104FB800480008AC1F3C083C1D8008354C0008AC74
:104FC800FF37083C64110835500008AC053C083C24
:104FD80000BF0835540008AC0008083C0900083533
:104FE800580008AC0634083CC73408350800E0030C
:104FF8005C0008ACFF1D80083C00100825FF1E80DF
:10500800093C308A2925F905000911001EAD040064
:10501800DE2EFDFF0915CE1D0424DF0605240EC073
:1050280006BB081BD0FFFFBD2748BE02342C00FD7D
:10503800BFAF2800B3AFBF38B2AF2000B1AFF61C86
:1050480000B0AF3AFF438C2EF1023C75E1DB4234ED
:10505800586214BB4C4E27B35BEC7F71004424A408
:105068000064FF14720042243AE406BA0C978CDDFF
:105078000F18BFF624B000022409DFF840E3BEB3DE
:10508800E62F58B3EE0F473C01180E26668E6F0EBA
:105098000324D007FF070C8D1043A01FE7653FD6F8
:1050A8002F8E1EBB80172500F6601425988EBBC670
:1050B800862E6E103C0FDA25881E250B480066BC2C
:1050C800E51690DB66E59F3FC007048E4AB3E58787
:1050D80003ED0040160A06B03CF7F71C8005D6EC35
:1050E800043CDC920B3674A5EF2428EB2EC0EE842A
:1050F800243B5EF76E26775F75160200C8052433D9
:10510800018676D820160E13968F0B1781366062AB
:10511800A29B169694C16E2630B7840F8F8F055FB9
:10512800CA15914077FF2548407067A836C2604E7F
:1051380042070B3802AC836C0EC98C75EEC284CF63
:10514800173E02045F6E176D0640ACCDDFB602B0A5
:10515800A1DFCB50661778785A789608762E2719EB
:1051680088F6F2D8877377770A6EF1038E888853AA
:105178007E3F5B1046113CBE1D5712FF06133CB81C
:10518800C731DA2694B68EE6574EED4228CDDE14A6
:10519800ED86000C8E10DC00AE470B001124D933CD
:1051A800EA97C5F3D98704ECE3F01FEC2EF90FF763
:1051B800A423429FB6845110E70FBF430286DB1A2F
:1051C8001E000DD900072EEF2A28D60834101BB769
:1051D8001400DBA2AF24A0AF6D1E0724B806062476
:1051E8006C7DE654F3AE9654B60837584E3676586A
:1051F800FACF261EAEEFD00040AFEFB20C07DFD9D2
:1052080095DAEFD9D7FC0FF25EFF6214A845BF17F5
:105218005AFF0010046F28F8E0AEE2F3E1C70D5E14
:1052280045B4EF16983D5E989FE6CF82A6286AFEA1
:105238000F00A530FCFFA2897614CE2C371660101B
:1052480080D118021FF064C55106214FC64A428614
:105258008C5F7640008F18043B66D88EB89F541632
:105268000DB7177084E48464BF5DB400A78DB6E8F9
:10527800A68D66DCA58D37C01E9DE63F309AB92401
:105288007920E71C9018B958E7349E302C79280B00
:105298009E80447940E73C9038B9A8E7549E504C2A
:1052A80079480B9ED0647960E75C9058B9F8E77448
:1052B8009E706C79680BCD20BA843C80F37CC878EA
:1052C8005C48F394DE8C2E88F34690B03F3370DB55
:1052D800046717177C1ED0F371DF31D860BE87BE14
:1052E8001674FBFF40787F50BA9E1D2EDF051EEE18
:1052F800A22DBFB84C27DE061E9E79283907E79AEB
:1053080093509E0896797C3909E79293A09E0A8E5D
:1053180079B4390BE78A93D89E0C86EBDFB91F372F
:1053280083169E24251B7000DEFD7A8C251008420A
:10533800175F43B6241643AEFA0E3003F01FED8A0A
:1053480001325E9EFA323B869010C16A8EFF87AEAC
:1053580037DA2118717B5A6D707E2860012538A0D4
:105368009D1C16FE7FF101A6DD20874A82257EE876
:10537800422912FDDE21586D01F56EAEF0588629DE
:10538800E66D0E14B03B565A33564C021E87B95E72
:10539800E13000048F6F20E17A1E7562776006D3D2
:1053A8004E77AEEF0EDE8E60AEB21A99776167A6C1
:1053B8000647D8011EA0000AAF1E4001813F5E9635
:1053C80000681A4007686D08021E13DB442202F8C1
:1053D800FFE05A27EAAD0E17241A040608C00F8FFB
:1053E80057A2F66D080D77B620E00307AE81FFA738
:1053F800BEAF25F0E9A00306D186C678C2AF06BFC6
:1054080017E64203B88E40A0861457B7F8C0AFFE1F
:1054180006960DEFA155AF86F6AB408FD8FF2FB992
:10542800053666C1C28FBF7734167B7FEE02EE6009
:105438007F162F05A17F66807F5D4F04215E1000D7
:10544800499005AE204B9006AE404FE8D803BEAF5A
:1054580042300A01B76036C7DA18C58FF7F7B0814E
:10546800445FB708DD8FFA060C818FB70467257C87
:105478000A7A00538F040EC6014EDD9017096EEFAD
:1054880006D7270426E9676D31402F70275B7E20F9
:10549800E1EF6EDE2BFE063C6CB6053C501E2F7A03
:1054A80028EB060C606F6150508E5C36C077605FE9
:1054B800CFC2A38B18CEB612DFDC16C38F1C17879A
:1054C80021DF10620A43806C26C48F1977A01E82E0
:1054D80038CE4E9F6BE6625FDA7EC07147E7247B69
:1054E80016AF87993EAF5E2A7EEBE0FF4014808FAF
:1054F80010700E83C0078337412C27615ADF1FAB1A
:10550800AE82C24D97836604BF04B16F3221582220
:105518000F1920390C3B211F7108589FB3EF067DE6
:10552800033CC4816376961043170FA002B14F6FF6
:105538006F25E8C0034FBE8F3D8F52FE64D6E0E76B
:105548001C5F9EEE247920363EB0C40E05C2006072
:105558005654262842E73B0F8FFFE6B0182F180451
:105568006EEE27271803F816633020EF58870619C0
:10557800782C2E7F150B9F448722EDA6833EC58B82
:105588008356DB8319478B265E0F362C70770E16F1
:1055980001F6829EF4308000285CDFD495B47F3019
:1055A8002B099EFBF700160E5C03063A1F24792090
:1055B800E428B00A0F161464BEE1EFE8CF14FC87A4
:1055C800C03B56064F1C140DBFAEB790298E86EE11
:1055D8007D0E80148C2713361668C4AF863F034CA3
:1055E800583F5EA6AF1C8A47EF1C1F4447C12B6675
:1055F800D1E947762047E108B05769E7F42C5ABF4C
:105608005A0B17763718824902B0676C7F55557662
:10561800BEAAFF892F761FAA2A6C550092E93F90EF
:10562800318C065788443420B4E17F8287164015B0
:105638007E04445F6C27C925B0C703F0205BAEDB4E
:10564800938EC3937E9F3060D80628403C9F449534
:10565800DE244EBF1F86070012EE7F6FBC121E03AA
:105668009872BFB3E74F00C9105AE157A6079FBB0E
:1056780064EF56E44FC49731E8F37614C910BB873A
:10568800021044EFE025189B97031F0E30400EBE12
:1056980060FB2790CF5BB7A7149E10184B9EE01CA9
:1056A80079182F041013F1B710D62FC0DF0CB49758
:1056B800141D6F7514D76E8C0F2E7EBE440F0CC24E
:1056C800772B0FB6001FA80716A718DC2287E71C40
:1056D8009E182042B8001DC729F186A300D2A7F959
:1056E800271131C0A7C8005D00146F5A1E67F41057
:1056F80040A000567F015F83573D43A000118F6C87
:10570800373303B4972082171442BF2A1F18100595
:105718001FF1090062475F036B3F92116210A19F5E
:1057280000E076381087C5406760821F1D80FF89BA
:105738001F6A5F1C60003097486A87A10C0708E061
:10574800C7844F564C57EE40AC0F9D08D42764567B
:10575800EFD710C48E66DE060DFC30F8D142241255
:10576800185CC73690FF060E2A6FDC67D75643666B
:105778005E7FF682001210676401E403F807006296
:105788001C474C42CBA0DE447177218667017050DC
:10579800272095CE4720B08E43AC500F36044FE4F7
:1057A800048B820C5FED0CEF6C4F030D2700053F57
:1057B80017106EEF1448BB144F7310C50C17006117
:1057C8009C9F93FF02D79008FF6408B8FFFD6E689E
:1057D8001196F70E6B3E76B77EA4C1060C032F58C0
:1057E80004B73104E797BE813452EF8E6E90079666
:1057F800F6060062270E107816EE07C625773612D1
:105808006FB69660F6C38F03469F6C17104FD24051
:10581800E4375027B85F1A574B0AFFD857788212D7
:105828000216677727F8824553DF67643444246A91
:1058380080EB52AF25DEB02697DF61E7749F379E75
:10584800D1193797E01CAC4710EFB2BA61C6C3E76D
:105858000C044F5BF7030C90830993028218970C92
:1058680050C626C60EF01300621450BF3628C70271
:10587800E401C5B70AE20710A80FB13BA6AF9DB374
:10588800C3AF36B4C4BF8DEE1E17046FAA0F6205EE
:1058980074CE45365FC227A5A77950C4E462A41325
:1058A800573C86831F0C51CFC1806EAB5F432F37A7
:1058B8005B5FA450B9042B9023B9602E084B5CA8F9
:1058C800CC5F1785DA70BF2E0BC55FDA80BF2C421C
:1058D800370B0DDF0A4FFE378CC54637C16F0ADE1E
:1058E8003ED06F0C02905C03905C0490587697EC65
:1058F80083234F18FCA7874AF7A3449F02885F19A0
:105908004702E4AC2BC118840F133C621FE46CB44B
:10591800406FD8A84FBBC81F17EC25DA216FF224B7
:105928008544DA483FED136F727415DA094FE4A025
:105938002B143F40EC00868F4D088B1F9040BC789D
:105948008602776C802F5DB48B1F9204C11F50367E
:10595800E01F2F1487041F04E3508774C7074C62A5
:10596800BFEC541F5C8096B36EC0D84CBFD62B22B8
:1059780037762EF9679C280A0F2F00AD9706790E07
:1059880010E0280246809CA89E6E9FF69C09AEDA1D
:1059980018F36774AC872A173DF3D9A9EF851ACD98
:1059A8001740AE27154E204B9310C7D7FF874E9848
:1059B800090A2E024E034E8C7C6A01930C2581C184
:1059C800FF70F8F08E04D687116EC21865C6C257EC
:1059D800FB368F085F05B1470A842F580384462F8A
:1059E80066C5AF3800E8C6AF30324EBAA705CE302C
:1059F8001B9887056EFF1B3DF7195D0E03D8000045
:105A08001FE79448DDE61714A51AF6EF965987BEE6
:105A18004FAD9F1E04109AEF34ED9FD657383FF2D2
:105A280004994C389D1C428F90E6675EE2C78F024E
:105A3800E1979CAFC0C43666B3FAB18F0EAF20F8B9
:105A480096FFFF6DBED4FF978F1F4FFE040B974F35
:105A58001754222B9FE2104280158F836F71AC1769
:105A680042773F177B64174724DF0364205CF18586
:105A78007206585EB6B3776E6F598077B169272C76
:105A8800E730AC28FB4F8316DE8F268F007C06ECB0
:105A9800C6014317A353A04E83A1078D4DC227CE3D
:105AA80036EFE90F0062838719FA5F428C55277435
:105AB800FCD72F0E05E7F63900006F8F1C886A4F58
:105AC800446D2763AEB45517D28FE2A7F53C88C55D
:105AD800C7D5881752B3EF60D66F1BFFC46CD77A4F
:105AE8007F6CDCBF1857171013A627A8C5BFC9E0DD
:105AF800170314575AD49716019F42D53EC4381E2F
:105B0800523E16FE8997D14624E730451767B051B3
:105B1800C7D31F14054FC0051C9F238967C32510D1
:105B2800CF487CBF891467C324877C821A0262E746
:105B3800015C97383C891C474B4EC62426272B0608
:105B4800E87613D56F366857AD4AAFE024060F7272
:105B58009489460D4F0F25DAC047B77F0736E88F7F
:105B680045CF8E3FAF02E3A7C0C28F22CF074911AE
:105B78001BF8974811041601D750B067C948C8499F
:105B880005B25E0787005597B5670C499563148F72
:105B98002AE09E1833B760EB34438C7C560856FFD6
:105BA800F52E93400FC3ECAED094E6C780A34EC049
:105BB800185797741701F01801AF2A18A654FF0553
:105BC800E8BC075C7F634ED9DEE8B7BE191645C846
:105BD800178F1076655FF12BCA8867A313C1D60F9C
:105BE800089DBFA8E0FF0C9E1027C81255B0A7DA81
:105BF80001772B920A2B92152B921B2B92062B9036
:105C080009AB167F801C7CE62000C6558F1D1C82C0
:105C18002FE4200B82021FAB0275BF604E27EB9664
:105C2800331616B81E05E694A611B69B1A00020391
:105C380090EFA5F7781210041FB4470B87AF103EFA
:105C48000A9000241967A03F5DC70068B6001BEDE5
:105C58008E14D7D84B5786183CEFC2367DD782D7DB
:105C68005D7FEEB502D74C18916B185628A71677AA
:105C7800884107022577E2C6F066C58F314E628FEC
:105C8800F6AC9F26A7AD743F030E1D4F57F07BAEB1
:105C98000CA760317F780318088C874A2FDB00C077
:105CA800AF694F0371B7DF4006F8FFD84010D75FE0
:105CB800A68F1060CFB8101ACD2F8F300111073082
:105CC800110537130D0A980F001AA6CF0068105453
:105CD80057306293AF085E66C27F0877413F03077B
:105CE8007E06E9FF40D03F6D96C2C2AF0464EF1450
:105CF8007F2210A75848C4DE30AEABD7C418CA21DB
:105D080097C1A3206F5C20F0148A1740442F586075
:105D1800A71B2006E1EBFF460F24268F90BA37B168
:105D2800409F2184BF2627D8C710F7B6A3068283D1
:105D3800E70153ABBFC0BEC9149F1D546B86B1CADF
:105D480027334CB0F70875E71FB61F4F75428C18FC
:105D5800F7834C4EC0FF1089D04604BAE7B4C06739
:105D68008207A10BD01E22DFD2EA3FBA200DE73FFF
:105D7800181244247B82EAFFC53F0585BDFE86577D
:105D8800EED83F0EDE23BF5C0B6E2F9666189BC7BE
:105D980038863AD71431CF38008A8DD71868BF169D
:105DA800B7192934EA4F201DBF7E1243241014E08E
:105DB800B74244A7E82040301F862ED54224DF0C86
:105DC800051547F484E442081F1D5CA5861EBDC75F
:105DD80080F01F3456579AD7179F30BFDE2AEEDC63
:105DE8000429B70526428E80978614351705315445
:105DF800D8A7CD2F174C604FB5C0CF3AC6E6447F21
:105E080061D9CF18108047CE43C40963D6CE8FD747
:105E1800207F262C130324611F45270B170A2857B8
:105E28001BF486800B674286170004B6B62EEC2456
:105E38001062277388DB251F616F8A1447D8FF6FAC
:105E4800F09714FEC717800557C41F0C4EF61E2086
:105E58005F05E726B41E960A3E02D34FB8756F1148
:105E6800DE261E1035EF300399A7D4BEE6E81738B2
:105E7800C8798E34E430E7386C90C5AF4D49E21AE2
:105E88000F0A14E60F14EA16379FC043854F638E36
:105E980054D698AF563CCE8EC96A970E3CDA673511
:105EA800571A8B370B112F7020885F268D8A7FD564
:105EB8004ED68C3DF6E9FF3457C6D8E27F584F1FBF
:105EC8000D0062106AD7191739FBE472DA97156B5F
:105ED8003F109755E4DCFF67FA855FC217D500D6F7
:105EE800A98F86A407C2D74E4AB10027331CC8160B
:105EF80058F42F022217074430B514FFCF14402658
:105F0800BF371E0234921E59B510565AA377099FFF
:105F180037084228E75597C207E91762CF78423019
:105F2800284CDF122186DBF37F8504449FC224A21C
:105F3800479BF66770380867F143242B270B76EFE9
:105F480018EF444D371B1E5238E9F7B7B297E714DC
:105F5800F75B0F08041728E7B68FC08F380457522D
:105F6800C83E80E60557A2E715BEA7B77F470311CD
:105F7800CA0711EFC040697F8AFBC7E930AB4F926F
:105F880038F03101F53E2D66B7AE08D316674334B5
:105F9800205718205C83805827174434A64A77AFC7
:105FA8004400C2621028D752E69F880AEFD8676774
:105FB80005A527C6FF0F2F42E1100200172F1C6C02
:105FC800376A1FE31C34EF82BF1013DE703C801A5F
:105FD800A51F1D8075A761A03F404E4F0537770963
:105FE8009EC2C027CCDF1E84E411E7561A9F9DB6D7
:105FF800FF742F813BC701ED0E1D17AC76266AEFA3
:10600800E21113CF1414F70E184088D7C64ED60DD8
:106018005F0880CB088F3460BF3E3E082A5FE0A44B
:10602800AC7F007617F71666A63007B9DF22D10FC6
:106038000600E04790B11F560DC731E3E7060C751F
:10604800B788564F17BF5CB01557BA37510B57D999
:1060580050E42784484D0F30B81F4402A56F809F35
:1060680064D02E3D262197C40624C62EA51EC1F64F
:10607800DF16A1EF56886710E1BF50CFC60B9566B3
:10608800211251B720629FAFF88A691F821287E1F7
:106098000AAF272C0AC04280859F6007D7588B8794
:1060A8009C84E40451B78C71A60646AF29A63BDF51
:1060B800C6FF1151E788C08F5BFE6B40A07557582B
:1060C80019DCC71142805407231B2E2E0D5407627A
:1060D8003157588FA625239C14375B1F43AB0AA959
:1060E800570C8732075C54E3870FD007B10757DA9C
:1060F800642FF600CE87A6034FDACC6937B57467EC
:10610800E2F3CDAD2FAC2F6EA708D23C9F280E56D8
:10611800F11C02070C83F75AB5571A7537E0BEEA27
:10612800225F3191BF4D1C86570F4D4EDFE0056E43
:106138000F1676939F93286CE6C68F07F6BE28360F
:1061480017CC06A0BF8D81265E42086EDF07972E0A
:1061580058F8EE63461C6700A7D7448662B79131AA
:10616800477A2BCAD4E741C6549506A041349FB05C
:106178006F2E67737767435621569116DD366E2367
:106188001EB1B07756002E2F51EF860E8F7B1E8FD3
:1061980097A4A08AE4A522C7FF40D3C0F6E3A008CD
:1061A80047EFB0178DEC9662D916D8FF820D0FBA5B
:1061B8003790D84FF39776C08F8DA7B0F723809785
:1061C8006FC0FE3C3C389C40E07747181873CF20DE
:1061D800790624FA2800C06327AE0AC7BC948B0945
:1061E80051A7A3FF40C5E25742745E98C7BE7886A0
:1061F800469527BBBC8B450FEDC497760F7FAE0243
:106208001C9FC57F780C8C159F1AE0EF6D5C3F7062
:1062180005AA2770808C2A8730AC57EA2E86CF2CA7
:106228001EBE2C06A32F040776B447BC00A04E66FA
:106238008AB916BB305617B370B85A346FE229B70B
:1062480067961D0680D5063CE7950F95E70D2C2E21
:10625800C760C4AB1F8D34A817D2B5C730DB5686CC
:10626800043CC242CEE01FC48EF6C217071A31178B
:10627800EA0800119F8C1A77F0F08C184FFD0A007D
:10628800001089D709E19E06F8B7E4C440E34E60E0
:10629800669710411F89CE6F148D0A6F2E2825AF7F
:1062A800F67CD637A42BFE60377050CD44AF5A84A5
:1062B800EF834740ED14F7D0400C1F68025F1E0AB9
:1062C8001D07C137A00C96500FEC1C1C374D08AAAF
:1062D8006FC6B6C66F151DE78D0D9F3BBBEC0F2A29
:1062E800DA470800A9179E3C387A40555752AE1E27
:1062F800A3246B77062712AF6F3C8D09145F7ABB16
:10630800D02987B55C3FA7FF0C8BAFA014D3071823
:106318002BC0AF12514731300BEFB8065E242E5513
:1063280096038AAF44C5877D04004001502FE12BB6
:10633800C810C7EDA33817CF29D21DC7C12AAE8D03
:106348003EDE64851FA9627B971218B10001C01B4D
:106358005C771233A6AA171017C705DE2ACE2A16AD
:10636800261713822397C6832C66BF0E1261AFD3FC
:10637800C68FE70D7015776C0F312CC68FD2AE29FA
:1063880070141A0771681188D742ADE7F0470BD827
:106398002F9F06020F36071A51EF8D8ABF1001177B
:1063A8006181FFB50F7FB8470677C51F0C0164C52B
:1063B800572D9F0C0485C8065C01F22005C904818D
:1063C800F1164288AF423DC71D37D7386CB73A0F30
:1063D800240A97BE070040C16FE89DD1BC47000062
:1063E8004DD03F83570C0AB7C60596905298DF14D4
:1063F800601F50B18E83FF6CAF325860D0070645DE
:1064080057EDE2D03721464FC22097618D4287036E
:10641800895242EF85AF185AE2B7460F1F28BBFFD3
:106428004086142F014C37341170DE1957D7080AEB
:106438003586144AB791425FE92F182E184B921CE3
:10644800D0155FAD580774172A160734AC9710B7E4
:1064580032AC05C31BFF56AAF7A11B5927ACDF02B4
:10646800FF854A6FAC47AF88C6A7143ADF02B1AEC2
:1064780000C027DF08D28DC7634F812C6E4DDBEF3C
:106488004710C00996B7E0C393090677680406F772
:106498009B13776C373700DF8AC7903317C2A8760B
:1064A8000702E1FFC1C7862F08DC67E136E714233E
:1064B800AF19A03FC6CC6F4176101FEA0FF27640A5
:1064C800424E251012623F0F2C0084C59847601079
:1064D8003BCFC28F0235578AF7109CA668586F9F2A
:1064E80056221B712F13A06F3F0A004271CFA9D803
:1064F8009768F66210C847428F8F6380037677C02B
:106508006FA19AD7B4C267983762D9BD4FF401A476
:106518006F12B6AD4E85D08417147F12136EC41057
:106528004C7760827F3423F7560A6719EB22C24CF6
:106538004F1628AFA1167F0C67032C15BFA118B7FB
:106548000B0C27321841600E2FAD6F4FF04228ED2B
:10655800D117740137DF6866B702401D2FC3302793
:106568005C3497146BB7D618D2A3AF09B747176432
:10657800D0FF1657B075F60DAAA7405597680BA619
:10658800027696244100628F516F40C1EEEF608120
:10659800371EE7A127A8FF85533F200938F702EEE9
:1065A80074DF1442DF165682107FB8204AA41710F1
:1065B800873414836F52C357150A84070041C7A252
:1065C8009F0060D4B8970511A67702D7170EA2D2FC
:1065D800AF90019F569DF723861886BC200622F9A6
:1065E8001804A71B9F190A040456C04F0C1A969545
:1065F80097574A4BA0A79A4B8B898F60670655A17E
:10660800EF4130AB5B477740355C1A6729A85DD509
:10661800DF4D4E464725A897194F002E32E08E8051
:106628001F0634400B92428B8A434F82E8508A8778
:10663800B7DF4BAD0B5137295296283F06AF88B7C5
:106648000B1A106F2002DFA638F73EC4B6B7C04752
:10665800C878B6CC7DB62510BE222518E000D00A31
:106668005EA7D016600926F00EFDED2877E0D74228
:10667800271F0424C3E2612F0A71D7E41C35359E15
:106688002ED8270F2856D7D8AEC39761171AE34ECE
:10669800C826FF7530D738EF364F844876171F5213
:1066A800C5FF700225BE7B2D00C2A3570EC0110482
:1066B800FCF7CC933049F81F932D2E1726373FC08F
:1066C800A0FE543E0E0A7761CC0E97B08A161CD1F4
:1066D8005FA040BF613CFEEF0A77438EE18FDB325B
:1066E800FF977E612706B03760C7C32F81589FD6B2
:1066F80036A3571786394B3CDF0FCF839661D0FC02
:106708003E1C03001057EE00141EFD062510628C77
:106718001766D6C5303C2E843B2627256D08000613
:10672800620743F62C7D079EE20A8FB48B9600021F
:106738001A702FBA0178326B3785358FDE438C4259
:10674800BEDF211862C02FD8AC176602E1945A5DEB
:106758002EA7362F9D42944EBFD83E2DFA87FC9522
:10676800C7365DD7E140D416DF360F1B5466803D2F
:10677800276B460D565004575C80F54CBA7F413F55
:1067880050DE34AE041AC7B14277F83EA3347B4ECC
:1067980001EEC3044F722205DE04F63040AD8617C1
:1067A800093E5647F0760AC537E909004A470F2CD3
:1067B8008E0D2F382BE2D437069EDE9791BF616F7E
:1067C800EE92255CA7A1A6D814F730B8570D85BF5F
:1067D800854F79075CDE8FFA8FC8EA0F2D4971C79C
:1067E800399F5A97BE0F00C934721C05C81005B0EE
:1067F8004F2981EFAA2427B5EB0F251EA6FF055EBA
:10680800EE270A98FF2E30F156527766310EA624ED
:10681800FFAE2548B1FAAEA7306EFF0A3BAF903401
:10682800B12BCFA80A0EC73837E358AE0FBAAA174C
:10683800E334B9DF1C0B9234DD170657165C216C64
:106848002FAA17995C3B80D75C9F6627240657AC14
:1068580007CE5FB62786806FADC02FCEDF378A2878
:106868005FC1D743802176A8FFB87F20D7AE2CF030
:10687800D6025507D52C977002DCE73E8170024599
:106888000FC9D0705DC5E75D0B57C70C0CE75D0BF2
:1068980051C776F4CFB84381B59FC7CFC3C09325FE
:1068A800E9A753378F0E52A6472811071314685FBC
:1068B800D0E2073AEFEB5706379C0A4DD89F028D76
:1068C800A7981E3F1507FF1724828F7F9E1300008D
:1068D80096603F100D471025ECFEFEEF4804470B6D
:1068E800CF2C8FC0C81C97E0508F340F6C572011E5
:1068F8004F08C3A937D2A304698F58E12E108977AE
:10690800D480009DC72236EFB18701B31F7F49A508
:106918008FE34E930AC702D0163F89D518FFE020AF
:106928009B1793A73843A08B88FF60DF42A69A2065
:10693800204620A10EA2EE0091C8EF52CA26989FC9
:10694800706B77D64D4306DE010E0AB6680EABEEC5
:10695800971BB5DF120CC7ACCF07A643272FB1A0F2
:10696800FF7837A08D5F6C3733FFCD9CA4200B6F69
:10697800B5130108078E0F1E76E24D4CD6FF84E34F
:10698800F7DA4224D711E8471C200FBC1C08C22A9A
:10699800870BBC14D6E998705F1E2627D6DB2DE737
:1069A8000D8EC2A08FAB576C9663302FEE5E675387
:1069B8001C6E20026FF019D397C71D28A6AF8C0450
:1069C8006B275258FF35DF859B574157A798A08FF3
:1069D800AA5FB6977E231002000F02622F628073AF
:1069E8006F2405AF6026D7B84039AED030B30F63F7
:1069F800E73E8F828FA61B506F060CB711FF788178
:106A0800528AD097A783B6877680A7D72E271E01EC
:106A1800857F58E70A87B565B7461FBBEF5155AF65
:106A2800AFFF53142F6A70871781EB200224328737
:106A3800080F6EAF0F8420E07FA857C137A414E475
:106A4800060B755F2B8C1F63AFC40CA55F47FEA0B8
:106A580027BA076A2152B7022B9F5935E7A90B4F6E
:106A680010702F0DFE5CC601F2017001508EFF8977
:106A7800170E7F542F0A73F74E062E133E47A23F78
:106A8800CF3F77564F81CF26768F1CD72BF30F0138
:106A9800CF010169DF87586E9EA4A04EA87EAC0086
:106AA800C530A0A7507CDE82DA44DBDF1E3E468F6D
:106AB800710B0753B1C70EAE9CF0362177169D0EA9
:106AC800809ED4461438EF9B9F2EDE0396B61B8F0C
:106AD8008AAC07B918E49CE404AC7077C214D41FDC
:106AE80083075A9E8FC5370D1169442F89E0468662
:106AF8007710D837C2AB470F068F3E8FA805EF1423
:106B0800845817DDEE2C8D1AA8F740E30F52174F63
:106B18001422313A6F8F12FE21B618168018DAA4A3
:106B28004C3559BEEF40AC00AA0FDF16AF005DBF71
:106B380060760F33A7581D1F58A07718A82B4793C6
:106B4800320E57D2C3D6638F8125444F89E0A63BC6
:106B5800460F9196C02729670AEE377FF11BD406A6
:106B68000C35271601670D1BBACF20DCAFB25E03C8
:106B7800E16604C1063A25F45E127B762120167080
:106B8800802004DA07DAF02E43AC289F2C3A07D885
:106B980000281F914467212A570B8838380FC60CE4
:106BA800173039184778C0AF30AB87923CE42023C0
:106BB800D0428CAB7F61BFEB1A00624A370624844F
:106BC80026973807D7488DCFECC0199EDBC6A3AFF0
:106BD8001F0D14D5168F9A56C701BEA2CE813C4C04
:106BE800D7B40E0F901ED60B1028E790E87FCDC2C1
:106BF800A4E70D41AF7B50FD1661AC02B256A80266
:106C080039B002990699E7F42F24008EC227B13FC4
:106C1800DFB08E02279D14004CD1DFE218902AC7FE
:106C280090705AB05E672401D39700E402062400EE
:106C3800643C2E9D43E3C32724705FAE5F63DF4649
:106C48002711337F4B7F5E01003423AF4E1792111B
:106C5800C2EF070C01081C4F1050F8E21E07761E01
:106C6800B7033FC43A2C768C0108D01F382CEC6E41
:106C7800F7A408D72F19D3214C9085C8623002C5D4
:106C88006F4DB4AC9723EEB14F9782CEC3A4016F7A
:106C980004AABF04308736EC972E3C346C5F7137FA
:106CA80057248291C726293A372C345F0D548B9785
:106CB80082162F31C5372981578009467789EFC158
:106CC8007C91CF12B8E7446D273C5E8FF08F432E3E
:106CD800552F1E7BD726200F1B14B70C0D0D520FF6
:106CE80094EBA7611F0BA67F3C080F4003D60684D0
:106CF800C705820F818C1D28079D2EF945D157EABB
:106D080090914277258B1F92E4E8802A877004923D
:106D1800A19701C14BD745C942F895DA060C2A2F2D
:106D28001D14924C4447B11F727417AC2580331759
:106D380078D8922A7776009327998239142DD21F12
:106D4800305E95DAA2E0DFC40527A8BAC7C019AE3D
:106D5800AF0A1807DA3F72C5FF380200EAD746457E
:106D68000F575CE411429402DB5640A4740F5AFAA0
:106D7800E6E04AAA3FC6A8C7E202185F2C581709DE
:106D88008E1703D72F0301354788BFB618407427DD
:106D98009306A7D0D7AFD862A077112787D847A581
:106DA800BAEF944C3FC0A7138F7F439087235E8E22
:106DB8001F7FC614A760A61F0493EFDFB7A1028642
:106DC8003E15DFBC8E97041B8760A76D0677730599
:106DD800C80557802160D51F63ADB762604FD015D5
:106DE800F630FA0800C2AF08E2EFC4EE4697FFF7A4
:106DF80030FB378F985FFB1042341F02167B5E0C06
:106E08007EC90C5EBFFF4AE4402501EA0E81FF609F
:106E18007F64DFAC10AF0C12F24F1B6E49FC589127
:106E2800D806B71BF74757408200372604C567C8FE
:106E3800FB56081F620498478049B1EF45EFBE2F03
:106E4800181429A78821C226A1770C28CBA7470E9A
:106E5800E0FF58230F0C08AC0E160F15BF76F84745
:106E68000C51572C473609D70186409FA696AEE7A6
:106E7800189F60C0E9D71DBF22B70D4DC10F82B45E
:106E8800A80839F7A9084ECFA4075AE80752A2570D
:106E9800F53EDB5CE73838424C2E8636863ED045D8
:106EA800347D4604E3A9379D480BF6613711C39733
:106EB8006AB714C21662D7B5C0B7B04F2143F66798
:106EC8001F43AC0026B7BD5C1152978E1EA7CE1F7C
:106ED8004394CE7F43A4092FE044340233AF1270A9
:106EE800464B1F274C14EC2E2A46141BBF164FF690
:106EF800FFFF433097F8A460DB2967C65811C447E1
:106F08001E6FE930E98FB307373D14A730F000B0A2
:106F1800965327166EBF245A254E0B1F5156FF0C49
:106F28008F11863E4727A2E2076123AF3F28100C46
:106F38001F4D286CCB870ED38CAF84CDA75D17B0BF
:106F48001F710687881F405C4786870405DC372445
:106F580005C04F86179581875BDE6840AC318F6A24
:106F6800359F6915F78FE74110DF7558235F6D1F4F
:106F7800ADDBD72E6943A04A4F02ED03FF84D86FDB
:106F8800209762FA2A67C6C4A704ED95DA87325AB1
:106F980068892FC44294E267D15702028D1F5BEFC4
:106FA800008DA8B7B6DF04237602B8AF240974A70A
:106FB800A4987F0B044F0B97A420B04097D85A474A
:106FC8002C058A07C1970205DF5B8F0D200DC707C7
:106FD8003060A7D37F5AB6079EE8A6AACF30459758
:106FE8005C14957210543226156881DF52E9A61395
:106FF8008F47C38F009D1F42340F36065F18C45E4B
:10700800363637194800D4A0BF38221D36EA45C79E
:1070180069A8574216775A13CF5F0D7FBAE728132E
:107028001F97766888886E26818883AFAC103732C0
:107038004C17540874AF811E3E2C0094AFE96C9332
:10704800352FF0072443382725D2374405C46495E3
:10705800D7207C76440EAF29B5438758280F40EBDC
:10706800FF050F0B3703E882030F29604F410F42DA
:10707800C03781D72F605D36ACF53EDB060C8A073A
:107088002D70570AD52F5A18D8A7C4431E078890C1
:10709800B916D016ABBE631FE5948E4E8908CCE7AF
:1070A8009806B604463A8E910070D709A3B7809027
:1070B800191783058E01A0FE2706572EA800691F01
:1070C800B74D8F93C000C01E4FB594A75742268D69
:1070D800D7936D0FA8AF6406AB1C0F0C43156FF068
:1070E8009400C055671ADC5F45A5AB0F4136DF94A5
:1070F8002B278D20A91F8F644680DA398780575D3A
:1071080027E6B01F973EBA672424A98FAE3827B761
:107118001678BF4AC6FE5CA758928B7F5070D7FB83
:1071280007423006CF713897BF4D3855BFE3300A54
:1071380063DFDA0A27C14E34261821C4C7BE26AC3D
:1071480029172F4B6F923A06240AAD877D3EE33705
:1071580027FA81E68A67D9F6869F11D75F8025B41A
:10716800EF086097524DFF76887FB81C23B7183D0B
:107178000744D547D4076F1620A142345B35F7C2C0
:1071880011D4E76F5FC097FF82A46F62264B5767E1
:1071980091E1FF6214A18FA48C380F91A317118875
:1071A800982F36B710919F7418B9C7D490936A175F
:1071B800576705DE48AEB479B00D097BC73806CFEE
:1071C8003C403C44F348CF4C504253FF544517DBF6
:1071D8006CFFC0E803FC47DE575FE76D1F102FD038
:1071E8005816CED317834CA730C6D8EF0E2E31468B
:1071F8005C340F30ABFF751F02B12FA797D83799B2
:1072080003390200D926A5D6C3B82720EC5EBF8E65
:107218003EDB53540E4641683E0519A45704F8A6B0
:107228000CE7291F764F4F57DB0E534C4F531F2146
:107238006E9FDA52454E0942D24F5E5A42A34E40E3
:1072480007C7F6A48AE9BF2E42B7965AF43E06C588
:107258006F847B4E62CE571358854550E6455417C8
:10726800EC26F94F4E4C4CD00E4376B60F4F2FF903
:10727800EA4CA74C3C2C74EF7B075C16D05CEC8F77
:1072880048CBC79F0E4D50DB0E4A559E490E578C72
:10729800A8E4B80F3D08008997C3494E9EDA429684
:1072A8003142FDA000C0AF29572FE0A0939AF730D4
:1072B80037376DEF0D40D87E176444B950D3EFA22D
:1072C8004406979BA026B42EC60A1E4C56A43C968C
:1072D8003CDC0DA9EF702E352F7BD2E6271B6FE81B
:1072E80037BB97505EC9C8F8330300106847674436
:1072F80090472C10B7390494290467304C4597D22D
:10730800200CCFC04CE00F425CCF1A9D67A7C72660
:10731800B7017C2693200AD79A20856F3501B1E7FB
:107328000814D76356AF080F639C2A97A64C18AF6A
:107338001C18621117A80C4E6CD8AF03E006F3BCFA
:1073480007E702315F3A58442697273AA72C341F9B
:1073580021810F900F8B048740C9EA825F1C424746
:1073680058BE395E0702F51AEC45AFD14DCEDA5258
:107378005E7642E8608BCFC920945308517AEE209C
:10738800C7AF600080C2B7BF00A18F26FFFF026EA3
:10739800F7303034979422F73C8AE9012A9F3A075C
:1073A8000D77364C572BA8448A4F52D4AF0B6756EB
:1073B80000D5B7E96CC3540FD2944CDF07846B7FB8
:1073C8008164E5FF5276601768257068B84F4117E9
:1073D8004E8C9402A23F5AE7BA4449908704EDF7CD
:1073E8004287D5F70334459708152E531F36631483
:1073F800D75C6C85C9CC5613FEF107000028A7108E
:1074080035E705A9AFAEF6FFC04014A207C06A2F42
:10741800B07877022A663CC389DFBC04264085CF52
:10742800084421730CC95068A107806CCCCF6C51FB
:107438005777702EB7704F0E1537E1BEE60CC1FFB7
:1074480081E2760F178447175AA5EE081F3150DFDF
:107458008A3F07CC0121215C365494A50CD73ABF4A
:10746800F0C6FF988F976EC2484128EFF5D2E644E0
:10747800E7819F4EB4C91536A8F000C2AFA8988717
:10748800264EFA96434FEA7F50B03F2B07615F8044
:1074980052F63E4B5F0A72575211394558089656B4
:1074A80041559E4E825F984F3CDE534342578F763C
:1074B800E8624F604EE1CE4CE2C603316F6D3FC2C9
:1074C800556BAE4D8ED8AF3FBE750C07A6285F70C2
:1074D80000955C0EF2020762EF05438F41953F4E1F
:1074E800450126690F6B5F01ABE7A68467BA88621E
:1074F80097BA8422F7E48CE78C9284E090154FDBEE
:10750800905FC20C00E8B7C1674238DF6016BA77EF
:107518008845273E08D6060C054F17587D7602FE8B
:107528009A2F5B6C5F103FF5C21102016F981F69BB
:107538007F0AAF9A2CEBCF7447300316D645004428
:10754800C748C1997F842694F556948157488B8BF8
:10755800FF093E9E880043BC985E982D4497841589
:10756800CF6DEEC6C28F304D27828FB829220FE02B
:107578000FC06E81BAB73053A7671218058F294E0E
:107588005F0B501BDECF03AC3AC51FB02F31CCD7F1
:107598003F300D377230DA1E2C11E74CB70A0F78DE
:1075A800980C07A067F0A90008179D444E139F7414
:1075B8002005DB91BF198237D9CE6E06B404C67890
:1075C80075F7C534AED43414AF48A1AF46EF46873B
:1075D800A17C8AF744174F105137B036683E748241
:1075E800A63780AC5F289FB003E758205F5BA6C62C
:1075F8008F8674BFE2F8AEBF2A081FB164BF43A7E5
:10760800787966343C2C963427C534275C34175F68
:1076180078152772C8615607124C7769EA469606AC
:10762800478D2FF7419657485E0E317F7B02001732
:1076380048A8C764302F50536C0E47410EDF3A1EDE
:10764800C8A64780D6BF01D7434148ED264C6F32C4
:10765800115C8895D424DC8F6125C0A7C1C43F176D
:10766800085BA5776EA72B4BA60E8FC08FB81D2F72
:10767800132D4953DF2B5871AF2C2EA7D640E1A309
:10768800BFA44A52EFE91F4EE488B948E40DD25529
:10769800776C77360237819020A442F2EDA4DC059E
:1076A8002F200677AB010A0FAC336FC001308780FB
:1076B8009A9FC04CBF7CC38F10011A6760F426C71D
:1076C80025D4BF1021AF53144235AF4812ADF72F60
:1076D8008E8370B7EC448C17317F87660048E81EAC
:1076E800CC43AC04AAE7C49C8F160D6F0AC00000F7
:1076F800438187CBFFFF0906B7B809007457C070EC
:1077080011A407255E4630F1FF4014E0674048AAFF
:10771800AFF80D000009146F4E4300C0FFD30AAF45
:107728005D4498FF94041F23167630ED0A072C0950
:10773800C54F81BD9E60F0962037873D7011404F40
:107748004F404011F5EF93384FC263BF1DB7482132
:1077580007D84330275BE6633408D1E61FAD455FA1
:10776800C6500E37C0C2AF4A8B77D6FFFFC51FE998
:10777800401C8177817007E738909683830F860EC7
:10778800072B80029577582D8F25563F04E0E7B1E7
:107798009397562DC77400623740162F08704E1DF8
:1077A800A7890B1711DD671043A081576117C080A7
:1077B8000018E93F778F40E01302000E8704355F19
:1077C800C9027511567F3B500224B018677D4430BA
:1077D80018AB7FA325E6617F0CCF32070585D0AEB5
:1077E80018C47F30010438AF4CDF3E711140A02827
:1077F8001F7C351043A00538E70B0C5FA637910BAB
:10780800970D4F32441AA06740205F52C587619C8C
:10781800CF428061C1676B626F22F82C00C70AD122
:10782800E737357F42028FFF1E67026E27E095B06B
:107838000780AE17718B2F847099FF1075AFC32A1C
:10784800E75D244EBF9036B6766ED363909F0C28C2
:1078580050276B762F11C7EA302A0716AF5C5736C8
:107868006F8F00060D2674D6E106CCE70B7FA80CB7
:107878000A4709A0103A975797A0C55317280871C7
:107888009712186F41C674E0002C815748C1E24630
:10789800193206D1AF9F50E25B51370616647F0557
:1078A800FEC71043AC226A87B015D7713CD8C75AB7
:1078B800BCC7FDED0D8AAF3A3893A55705566FCE74
:1078C8002FC68F82AE67A0BACFF50040136F5B76E4
:1078D80000E09E221FD1885404D4E762862F30C06E
:1078E8005F860692B6C28487058607193C02C52FB3
:1078F80010A1AB47587A861AE0462C5397745577EF
:10790800DB730F9E7224A0A98F8120AA8F94BCC616
:1079180021680E80E76010152FE85000A60FA58A91
:107928004F6893225FD87F06249AC7E7244D270D16
:107938000A82BFE39054FFD373E768CCBFB73573AF
:107948005D1F71B1379D4E8637724E724E06253FC8
:107958004A88DC463F062BEF614F6DE202008887BC
:107968006D02F76E378514119F20A0E7190902E40C
:107978005608F843905A43310F21860F480AD7C159
:1079880077088AB6562C2CB7C240B8BF2CAA6F2CE1
:10799800108720815F01662FD8F7405AE03E15B066
:1079A8004F40D7C82105CE73C09FA89F56D0FF1956
:1079B80083DFBC74560E62B79B0B1758D5E7568603
:1079C8002B0FB674CF82EC0F21F5FE0B179F04EA3C
:1079D800FFFF2E5F30875F5614F8D6F22B5761B73A
:1079E8008207F70B10310F600840C71EC48FB86FAD
:1079F800117626084F86C713E66152FF25C70F4A3E
:107A08004150AE50566F04051716D077C8451585F6
:107A18002D8F070202DF00C58FBD401043A080579D
:107A2800190202B13A1690C1FF0D4180A7B9412A47
:107A3800E20014A638259A67505507C3267F0563C8
:107A480071DFE240AC3187B216CBAD67805F16CFED
:107A5800A18B104F0356A2EE9EE33C44221D7F816A
:107A6800C708E00771FFE34D32E1264F2BEE42C411
:107A7800EE639F40BD9F401C18920990AF947A37DF
:107A880081A75F100211505F2B3C6E0C61522F834F
:107A9800B7612EC7E8040AAF0911B70F6F501DCCA4
:107AA800D75BC747628100116F17208120D016204D
:107AB80004E357A0142AAF441C7716126D8E28C60B
:107AC8006844A7C41C688F909FAEA5E41A54FF6051
:107AD80004D877D1BC1FC096052A3730C2FF1D973E
:107AE800D0E2014234891F69C7900202E4842B90D6
:107AF8000302D944A4C74ABFAE47A6688FA648D098
:107B0800775D494950B7480835C716A668B7AE44E7
:107B1800B0623FA65708CFAB86563782E4098AED94
:107B28000B7715C90C15D60D158750AC185700D70B
:107B3800E840C7661E96A124890F60A7844CC087B9
:107B4800E002021077702C0BFF4B15E78115A6C2D7
:107B580001221F54E277B80F815A66FA174507B019
:107B6800040E0F0724258848FAA80224E0375EE6A9
:107B78002403EF6ECF11AC37049AFFB7E700D7970D
:107B880036DF0080BF00FD110500212845AC1A280A
:107B98000EBBC60B3CED2120856E6040E06FBE96A3
:107BA800CE24D47B6BFF4C0F24404007664E066BF7
:107BB800D44182021EBFC016680125C05080ACB6F1
:107BC800ED286606A98D0A07C40AB04E0508A0FE6E
:107BD8002E002329DE60632C4019C0E4B00EE104B6
:107BE8004EAF6334D1A0659A1E451E3E290BE4FFB3
:107BF800C9B615304A25D7068CCEFD8424E5FF8FFB
:107C080015BE2EE724C21005F556A33BFE6010866C
:107C180001977724201E9F03400096A31CAFE11F05
:107C280088BFC288C1AE9602C71F0A00A011770F8D
:107C3800E3FF608214DA8409585602016167022260
:107C4800CE06FE0B0EDCFF60CC023BE6DA0EB0AED1
:107C580024368D8F08D2438C8E0604B0AE25BE81A3
:107C68002CAE71A7BBDB19020A58970C193E430FBB
:107C780078B8C963248BBE072C1144F6BF328180C3
:107C88003ED722E72627390F04CBF217EE053CC270
:107C9800BE377E30C2351A37CA2330067B6F0A6E6C
:107CA800C62497E1F01046686F8FF410A4ACF7EC87
:107CB8001062AC5F3B2FF810EEA0ACE81E04773ED4
:107CC8001F0B3F474366DCE4266961F644DCB724B2
:107CD8000C9D67BF03943748776C4402403747349C
:107CE8000CF0FD06608240843F7D518F3F0424EFF5
:107CF8002720801E032D556064E516838D2D3EC216
:107D08005FDB1780BFFE5A5AEE949269BFBD341EDE
:107D1800A4849F473ED65410C7DFBD025F951FBBA2
:107D280067BA429633679F0870B730A770BF8AB5A5
:107D3800B78BBF0176BFE98750C1B79C8708B76C7E
:107D4800D4EE98077124F06F861EAC145736E67788
:107D5800DC0F8516BE0F280C9C69DD86002A051DE0
:107D6800C6A2BC37A4003D6765F87E1044636F73F4
:107D7800E75A4305DFFCD810648C17C645A4047B7A
:107D88001E5E0ECFCE583C05EC2FC58007C577A2E6
:107D9800D8E36F1CEF402DCF10D843AC97061240A4
:107DA800AD9B8F4017FC5834428030D7B0CFDDC828
:107DB800C6DC27251000564FCE7637A3FEB6DA1854
:107DC8000837425285378B27691E400C046086C2EB
:107DD8004F87B61E7F1300441060086302817666E1
:107DE8002EE0F060ACC22F4B3A835E5F9A1E43BF11
:107DF8006623285D5E2076161EB16537C91C6205AC
:107E0800F7061C36BD1876AC87AE47EE281696F6F0
:107E180057FF0826AB9609AC60010A1D968328CD4A
:107E2800DF68542E301A878BBA2018010F3D21388D
:107E3800665E6EE780B9C7ABE0DFF50F00E958EF83
:107E48002F362A38A300B6022F30764E264D96F3E9
:107E5800EEFFCA146FFA2B18450002EC472DAEC688
:107E6800E53E460CBECEF6FE0E25180000188F1112
:107E7800EC6FAC23041C3E70760D878F2F06A7117C
:107E8800E6274F19A800BC40119530A0050E06DF63
:107E98006148800E4472ACE719ECBF42EEEE093C33
:107EA800DDDDFC0A3CCCCC073C37766284B0F710A9
:107EB800AB8C032EE0033406EDCF3E29B635660CB5
:107EC80024D9464A35B4E734A7F7900C4782A8F876
:107ED80041042A1846CF9601700F8238C6535B16A4
:107EE800F79C0F015F9296E6DC0E630100654F5721
:107EF800EFFF690F4FEFEDFF6C0FE5EBFF6AFAE953
:107F0800FF6710E15F050EA254CF618177D18C1015
:107F1800270306BB3CCFACC5140E093E2457DE2907
:107F2800DEDE28A632A303373B67147F0B4F854656
:107F38005483E88E601952F7CB4727A405C6F25739
:107F4800B836EDB56627D7EC82D74C1896052606C5
:107F58000E04DE939A37D7A72128C026E62ED7E449
:107F6800455E2605605EC74280002BFF1EBF81006C
:107F78000A2EE9EDF71E0330B761854AB60168FF9E
:107F880007707E84F5B7433F6F7810671E4F321F26
:107F980016466FB88CF74DC08E8317453EA203B4C2
:107FA8000E82004CB7C6054C17E6013EDFE0DECC7A
:107FB800EFDF0A7717C05A474F5E064379A7A0BE7E
:107FC800E5FF3EA524FDFFA6140122FFE04C80F644
:107FD800F7C700590614D7D95A3E930CC66E2140EC
:107FE800CFDA0A810E4B157643A8A7FBFAFF496E34
:107FF800F90AA1726FB56364278E575AD6696D3A2C
:108008002B36EBE2A45C3A07E2F5A7AF16C75A662F
:108018003E26545E3B96C4008A112FF0001938E2C0
:108028002AA41D86A309FDFFFF47A0A01C67FE8F99
:10803800FBFFE014AF3718C28600AD476682BAA0CE
:108048004FEE0FB7842C106FE95C366EF6DF2044D4
:108058008E83900D9282EE90001A34B2F03E9DCE3F
:10806800DB1F000017E403F80016026C8F05FB17EE
:108078008D0E6090F0185E157FB81E507CF77D3627
:10808800C828E14E326E20062326C1A53FE206B17C
:10809800DFDB16482CD2C311F73A661420AF63020F
:1080A800B0773BB7069F6D5E85107B8F2318BCA405
:1080B8005E052E461D961A0082BEF7471218005C10
:1080C800D762A93683833F74174468DDA6B8ED05E7
:1080D8001F5F20838CA539A653AEB8410866C260DD
:1080E80000CDCFBE4610A0DEC013573060C69C4EF0
:1080F80030A66F4EF9FF8014A326A6D18020B6E8DB
:1081080020E4FC27F2FF681E3682AC06BD7EC01F45
:1081180099A696350EC8D89EB65A04B89E04FE2E67
:1081280026206213DE6A84302336616E416E6AAAA5
:10813800AD8C2D9EBC9602010222CD3E82204C4081
:10814800F314E11048595F2BE6059EC20223FF771E
:108158000242086E08220AB81E3E5C3E2086F6B926
:108168008FBCC33E62D62296F8DEFFA71426AC0F5A
:108178002F6E036F0FE144A0713F8407AEC0829C4D
:10818800F70B370BDF98565476F777479C42D11791
:1081980019F05620DE97043C15BF693F16DC96841B
:1081A8008024C5A7DEC03E3022D44E22977EF8E94F
:1081B80010788EB060B0AF24FCDFB529507EB431A2
:1081C8005640B28DF6B183AF324746108627866493
:1081D8000670C40600284E2A331F6E43148E5D8035
:1081E800D714114E0F7F153CEC10878E12A2368ED5
:1081F800542E8E47EE57160206171167CEBD10BED5
:1082080025B1B8030F617E78BE342FFCE3B1262078
:1082180016D82A22322C0670AE089FF7B5BC8FFEFE
:108228008F1C368F1C068FF08F6336583708AE26A2
:10823800E3BDC700AC10ADCFF3E0FF431485DFDA30
:108248009F1C97735F96296D37161163DF371041AE
:1082580004207626471CC49FC0C047C057C14F386A
:108268000E215711D89E571C2097A112AD1715BE85
:10827800D6DEF61EAED0BF849DCF10BD589FC1AFCD
:10828800B75606279F531C365CAFB7A46B0EAF06D4
:10829800DE8F1E8F28976FC397EE46AEFE56C3FF3C
:1082A800FAA8FF5F973132BCEEFF201217689E983C
:1082B8007BA7FE6E1827BF0E87615FA9B3CD17B0E5
:1082C800DE964EAE8356840D96075E844C3926A200
:1082D8004447141E4626B6A8A35836428C8A3667E9
:1082E80084BE4745940DC7243C1C66179A201D3749
:1082F80038A0E513B0B7AD3F8FF13C01422428EF19
:108308007AE406088D87752129371BB11E103C7C3D
:108318003632000377E76021B0570B4FAE2A06903C
:1083280036371144F6CF2A4ED69C3608F01E230B5A
:1083380077F0E01062ACB86FBCD47B0A1E0C1AEA66
:10834800CFAFDECE92F826FDF52627F68D60FFA783
:108358006AC67BECEE28625D7FA13644E15EA00E22
:10836800B718245A7367208911FB671C0F7089F7A7
:10837800BE28160617C197E9CE0277147A878016A9
:108388009E12A066178E440A839CF7D410006BDEF9
:1083980090BE470E54D210A39C6FAAE645AE66174E
:1083A8009F643E15EFFE204E642C089E9F082624ED
:1083B800D16E24AF5F50A4A0F98FB0040BF67B6692
:1083C800ACE70BDF9CEF151A5982B75727B4266F15
:1083D8002326BFE1F504C81F2067402810043B6F1F
:1083E80047AE031601065E1027C71F24212EB76665
:1083F8000E2674BFC63507B8876CE01E6B2E5DA7C6
:108408000B3F0311245F252000900087491296072F
:10841800E80F016FC7E4330A3C1F64EB9E4A3E8CA9
:10842800AC9B9FD2A1E85D1FB096B4E7CC714F70AA
:10843800D885572987EFDEDCC00608609746A1F685
:10844800AD96BE3883142560A0889FF063E768471F
:10845800C01CD2853A6F20024F1C8891DEF4831528
:10846800237C3664000C7FC7B023158E2070E6D4B9
:108478007C6C3AA71656BDA3E7A157733F5F82F5F8
:108488006F68BDC63C08462410A7F75C34462FD554
:10849800403E389F0942C629FCEEC4AC3C45D89EF4
:1084A800FFFF671760080BD08ED48E14B5CF4DA38D
:1084B800EF11DD6F188200015F0F03006003817FF9
:1084C80088F8C86F37EF2130860AA1FE8054AF289C
:1084D800D747FA4E68CE656E28048324111769625F
:1084E800AF3BA6B7615F1704008083882F5261678E
:1084F80071461FF6F0FF84C2614F16A7BA66BF83A4
:108508006F2A18A3434E042E045F97605EAC462D75
:10851800BFDF074F264AF08C5C3EE7573E40977E08
:108528000A152548E000C247DD5E082506DA260E52
:10853800E516B3272785670B27B085EA18DFC41E21
:108548000601B6308E26427AE9234048AD6A400ECD
:1085580021F640280118E6868D67858AF7191020CC
:10856800B914C7179A2E622A6F316017D4CFC5A3E2
:1085780087086ECF864AE4A3E46202C2E33F121C76
:1085880096480E0668DE083FFE093CA92A04C60183
:108598002E620A3C3FEE509729A82550269124ECDC
:1085A800EF4CEB264B366D96E2809EEFE2A002DCA4
:1085B8001701F303A5EF5626A050DE261EA0B4BE71
:1085C800972001A676F6A612271604AE91A6402596
:1085D800CD8FE0300A5B062E030F4E581A271ADF9C
:1085E8002B06153FB0F7FF81371BAE514657068A59
:1085F800D6A2FA0A678026E767232F304272CE0D8B
:10860800FB9008ADDFF02578495493BE5FEBAF636C
:108618007EE025C0A074B60E0E168346468180A360
:108628007FBC947FC4252C2DF6AF0ECE6603373061
:10863800A001D3C4A3DFAF0506040F86AEABAD1708
:108648002A3E147EFE8720E001CB7F0E397F7D66AF
:10865800015047AA3E9C580F8FB96F4ED714A98F67
:108668008B0CA656070647686EA038C00646977C4E
:108678008F284766C380A01F4206DD3F63A8AAA2D1
:10868800C56E6E44258984C6B6761E85A651EEA7AA
:108698002B7EA2AFFC69000B24A4C730CEE41701DF
:1086A8009CFE2FB7F16C004AFD16A92401BE2F12BB
:1086B800004B01C2B51E6A769628300E1E752C270F
:1086C800ED060E43DE103126053BEFB2566E44DF51
:1086D800E20010D79F63469E5464F00EE699E6CEFA
:1086E80027EE069D1F8018EF5B7E41046E2EA3AF18
:1086F8002D24F78783A02358D7AF84C6D4A0A336E8
:108708008604E0A5270A01EA27E0DD8E471BC1475A
:1087180090CEA81E18B4AF68038704A9E7C2A3A027
:1087280090F877632CC3F076F3FF01E6E0C6246C7B
:108738005CE7D91E2E21209A7E5E0E26760E6E12DA
:1087480078788ADC9E061E8E1073F00EBC414F604E
:10875800C03F0974672986E0AF09F08E840BFF05D6
:1087680066C27C6EFCFF53366FA21C4567BF6F4B19
:108778004740FA4E0610A70EEFB806E653F00E2152
:10878800101118EE4290876C7E82A02FD6607E541E
:10879800A6F68906D557AE741E30B1BF0B3E202B06
:1087A80022A0A91A909740373BF8FF4F2E37464F23
:1087B80060FF412FAE1CBEDBAE6700F702D52E630B
:1087C800EF0FA0F9FF6616DED7F69186B808BE450A
:1087D8002680AD321D062051D60377EE031E9E7803
:1087E800897904DDC702EC008424FF0F0219027D99
:1087F800B66330E2BFD926C7162F68CEFE783E7A18
:108808007E4F82A0087710CBA77E5C86365AD73C6D
:108818008A8FE14004C8BFDAC35E7C40B16A761132
:10882800D9BFE420AE04C440AC7227DE2789C44A0D
:10883800273CAE6C1148F80714997B97063C132225
:10884800FFF1B00B58FEF87526B6768F840F804D71
:1088580070B2811198070C377FC423AE096B66C3C9
:108868000CC41799861310AE460206E6E026A00E41
:1088780063C1C750169676D01E740346C086D8F7D3
:108888008842341680AC2E7603E21E63C740081770
:1088980077122277C6AEE0161D80264CC762657532
:1088A8006F17C7582587C3E73AB6DC9F2810963C50
:1088B800868F8C450FFF2419B0DF043A76201417F1
:1088C800B75EB2AF5CEB367226A06EB54A0EC3B483
:1088D800AF3F81EFA22C730721C788A4D642A8C74F
:1088E8007E54C3260B6E5B16566626BB2CC656DE18
:1088F8008F868FF67E8FCF14AA0602E28E783F000D
:10890800BCC66F66C417CCD09CC74015222EE31591
:108918000180D72A87B55C3ED4562188A608F58EF3
:1089280011E276ABC63215E64A3CF7002ABE1112B0
:108938003EBF4390E8771E9A505E06578421B9B728
:108948008415435703E0A166E85EFE242511CE5D39
:10895800AD170A38431FFEC317034319A74BDEA4FC
:10896800C3DC7E21482A2B0EB6AD1E49029957E179
:10897800B526E23867150EC93F17102653D2168759
:1089880026EA47FFDF02A1E728C58902D7810EC67C
:1089980025376A2F433BB6879F2AFE021E768480BE
:1089A800211F6A3DDFA806EF7967933E8E6E4B1450
:1089B80047096E27C78FB120B3CC7E0E38A630107A
:1089C800EC9EECB3C004604E5D1E2378961517F438
:1089D8002330C5616E1FE525080933F718413C2F80
:1089E800406A87305BE0AF620FF72550069E5860FB
:1089F8007968E7709E78C079C8E7809E88907998F2
:108A0800E7A09EA8B079B8E7F09EE0F88C1C0BBEF2
:108A1800A8488C260178FE0AAD24B73446FC4DA838
:108A28000F4210D3B616F6B884340E059E48C2B964
:108A3800A58D7EA50183F656741F801DC0AEB49621
:108A48003751BC3F26170FB5000181C5B7A1D436F1
:108A580087E61716BFE2C80A3C1454D60047C7EC8D
:108A6800400A01DE3E2C0108160A3605DA34A9064A
:108A7800EEEF433807DE0C186AAC251D3EC056459C
:108A88005E470616D7461016690666D38E08A5AF48
:108A9800F444001F3E2B188C82501784E016A09EC9
:108AA8008456DEA3AC01CF9C47D056045B6E04030A
:108AB800FEC882EA10436A77118A87C187E0080CEA
:108AC80070DE8601C7B1B023587E00E1D2A1460608
:108AD8005EF6053C0D97BCD707A08EE8073CCCC7CF
:108AE800060BA624C5C04A250ADB9F30C498E0C9F6
:108AF8008CC847A216C90AAE6F068810E0ACB684C7
:108B0800AAADB48C9E547EC01547D1C3CFE11E32A6
:108B180017DA4EE28CC89C272C060C61FFCDB66E86
:108B280002B88D7F79E7EE16AD27858D3A660AED96
:108B38000E26C4DF905B0E5A00818250EE0D0D06A2
:108B4800961E8D1E90E00E008D5606CC24011F95B2
:108B5800B47763348B96045E190E0A0A76660606A5
:108B68002784E0017708A257633377A622008C7E1A
:108B780037D0FF06B8AF8B76062C3B0B47112B6F0F
:108B880004DCD604C5634428D706E61C7E3A374081
:108B98000E2EE3FE17A2ACFD1DA740681EFB1ADED1
:108BA800CE0EF906B0DF12DA2606F6F617CE7517DE
:108BB800F3ED4F16653CF0F96565A039E71E1F0413
:108BC800173307C918ACFC374201140737207E9CBD
:108BD800E02CD80E24DE1BC1C616DDDCB780EE0201
:108BE80034DA1F7B0ED82F373C075ED517CE5617C1
:108BF800BFD24F42347517CFEC5717B80F18975993
:108C08001F21FFD7442CACFF8080098FD5642C4CE2
:108C18006D8014E66D8A2456FFEE8C0C08638DC0B7
:108C280070150A21FD70C30110086C96160FBE74EA
:108C38007D1E604C8406D5A60374166117D846803D
:108C4800ACB02E507674A4FBAE43F081E88EBD8E96
:108C58001A00A30104649F514EAC55400CF72E4EE8
:108C6800178050D60DA917B04D5208B7E6C012AEFE
:108C7800C4024235A7C06E0E01385609DD4E972052
:108C8800D90003A7716EA14761056DF6820282249F
:108C98009F8470BFC178DE8FC74476BE16308001CE
:108CA8009B1662100F9624A8C2097F443F2E57BB1B
:108CB8006D461ED1AC870F4AFF604B86374DE036B4
:108CC80018C76E17E0C66E8F109F1E648C6C066501
:108CD8008C58972E7EBF3416AC7010B665AF300630
:108CE800B600FB3727800CFEEC473870EF6EACD12E
:108CF8000400674EBEE69777D068DFD53EF010A235
:108D08008C81AFD5765C24661A07F00CEFDF2EACA9
:108D18007C10C0AC8C2119AF6B16C2EE51059E8732
:108D28008E0536060F5F5D36C2633F768F00E3C857
:108D38003F65978B3784E4386608FD3E02632481DB
:108D4800477D37E50A166B27064FC121ED6720944A
:108D580017D146DD36BBD61036C40888E957569772
:108D6800CBC097F697C0448E09B04EFE74069DF7A7
:108D780028BC4406653CFF324E0756A00050AFEDB4
:108D880047EEB625852008AFC2ED876627C0704E2E
:108D980050B6A0747F15C6EA000307DF5A2426A23E
:108DA80008A7D05D8E3CA437CEEE27820026DD3C96
:108DB8000A3ECE371FCDC7067EE4E242341804418E
:108DC800363E2B6CC87F0E36D0BE071C3F0AD6E253
:108DD800C79F1A82EE07D8BF5DE607E6BA1446DFDA
:108DE800466042902EFE3640E92911CC00A37E2D24
:108DF8009C2C4DBCF6052997DEFFEC6E0202B0CE26
:108E080014380F20E01794400213EC1F3723054550
:108E1800DF88FC2F043C4CC287E2C63B16DEC6083E
:108E280012C186171839BE022EC67D6002A61F031E
:108E38000EBEC82F3E10FC1052AE0E8E1465DE2EEC
:108E48008EF4235EE148C05A27C8F7BE25E618B05D
:108E58006E010031771C10366E2529062EA753C1E6
:108E680046389F16062019041F5FA8A3EE8F80209E
:108E78000202F09F5DAE8C115D1F17BE2A2049804B
:108E880000BDDE4D587E24960A52370296260BDC2A
:108E9800A4276D262929A076A6615C9EA78FD06697
:108EA8001EB5429E110A9687012F6C6AEB478327ED
:108EB80025ED9616A28D274D5F80685BF72650AA90
:108EC800EC3E4381236687089E1DCEE7014FCF0500
:108ED800E3AEB8FF014FA7B5E282086FAFB2E6076D
:108EE8006609DB24041F6D3043ACA157C000087825
:108EF800F752CDBF162C5647684604A32F73175E4A
:108F0800608401C8E7F0A7285FE62A00481421ED2D
:108F180018420136053D85A096606B1EBEEC96E3AF
:108F28008CD8F6E9AC9696D4E6E36306AA4EF4AE7E
:108F3800BFF8B1F7A0444E2F476644A1B09F26DE84
:108F480072C3A38F0FA32C7736E800A37D5F28E7B1
:108F580016E40E2FBD2416E0BB2F2016C9DCCF1C4B
:108F6800D827183CD4E1C09723AE80ADE0067B9D9E
:108F780066806DC4AB8C2F066906E3EE6B27D2A022
:108F8800CEE51730DFB4C6A5085CAEA6AF7C623666
:108F9800050EA788AF834FE8A7101628C6AF7B1623
:108FA800102680981FB677A116FF62771467C77FCF
:108FB8000D5B8F8F90C7DE4C8C8735DFE9186E16F6
:108FC8008564988F91843E2F113C16788E5A4D8E69
:108FD800231657FF1103AE101122824618D0D7422C
:108FE80039FFA443189F5E36A2DA062D820707E0F0
:108FF800A2291C4B4755048FF88897849951AFC60E
:10900800110AF09F16B31F97D6A2FEA1199D1F68DB
:109018006D9218D03EAE68A29F46A58D103C276F72
:109028008FBA87C046080CA700C67614DF3EDB104F
:109038009837E1941785F0A6A42366BF0E5CA5A512
:10904800A02479AFB0819E7884E40426105E3FB2F4
:109058000FFF240E1EA53EC0C03FDEF8ACA4257647
:10906800272C01D666C71FBE32FFA516F7D7CC102E
:10907800458C8C25B770D85B979FB4061F3F7E47F9
:10908800806C065190C1AFF6021FBE431652802471
:10909800D7378946854F37450E6B7EF0777E258812
:1090A8002302A07B5FAF821FF6467CBF822C5BDE6B
:1090B80010984721B10831321423375596290310E7
:1090C8004E8FAF053ED4D697A57087ABFE20B4026D
:1090D8009FF03098522F14CDE7DD6F0E847658F646
:1090E800EEA58F5F475E3B47649814F7FD583445FB
:1090F8008050C346D60EAEB16557AE76B01C5FC879
:1091080038DA98B7C083F867B28F7C7E8F205737DC
:10911800D091988430C8AF8F66D007470180365CFD
:10912800F7E10C0051EFB226C627E3AF1FEA20464D
:109138008711EEDCF48E23EE73972F0DFCDC962F4F
:10914800B7675836178C99CB2717A71081144E9FED
:109158004C9909170AECC7674D88AE4F9442B6B7C9
:1091680006C0D767FC215E008649DA349A17646C1A
:10917800B99CD997A7052FE87886EC469AA7530893
:10918800EC9B84245738409BA507C067871F5087EE
:1091980062775D1784B1E4DFFC088C998424104F52
:1091A8000B7F0E6C9B49F025688000C00F2C57225E
:1091B80030BE00D8879C9BA947F0140845ACC10F66
:1091C8002885B712A7EC2FB89B8C9C9CD8169FE6D5
:1091D8003FC71CF89B31174C8014AFAA4EB49C179C
:1091E800C9607294F0063CC367D07E1EC89CC61A3C
:1091F8006F3D04868ACF764C879F9D089DA6173CB5
:109208004B966CC5CF0E0D3CC2D7F64625DF1B9496
:10921800971B366CB49D86E7372F4EBC31674638AE
:10922800E7A7109E0CBFC05C2B57F14C9E8424C04E
:10923800D7878FB527C1B43F3C0CB49E303752B89E
:10924800B76054587F2960A7BD77F0F00F42304DC2
:109258002CE7E6B706C0C49E2747CC9E028CF75180
:109268007FC19F6F4E649F47D010118C2F08F6174F
:109278003F6478E48E0B938858ADFF86379070A0D2
:10928800EDBF812F9E982B4AE7A08250BFEE042E97
:10929800847B473733A8E10FE649C16FE024E6A590
:1092A800AFCE574F9FB0D6E70146F70D7197EA9FAB
:1092B800848077E9B518FE705EC097A0A867C39749
:1092C800485FD6FC157FDBFB670B4B174423E12E69
:1092D80018F664AEEE2114E19E2A0EAC2076270023
:1092E8008535EFFB0843AC4F02250FAC284F0CA483
:1092F80081C4D0A45701AFFE2000AE879F38C83480
:109308007EA7AA0A0FE08023FF6956F16EDF74FF7B
:10931800E6B84F05865F064C7A9FF285EF3EF8FF68
:10932800E414149EDE8137626E96E28F214803169C
:10933800F1810425409B8E30208801EDB61EA1C026
:10934800042147C6381007A7FB0002292926542004
:10935800F8FF10554E23469641A1BE2806C7DA16D7
:1093680007D82638E540168EC018FB4514BC80394E
:10937800D2BEEC093C242089927A279C26CA105731
:10938800CEFF8434133A860EFE22B89E000A32C2FB
:109398009EBFC23C07CE7F115997E726039403A7C7
:1093A8007EDE626E60D706FF2209378E342410B243
:1093B800436FE93E1B76B7814E41A85EEAE6005B43
:1093C800BE064F656740C2DE14F70EC217C2A62755
:1093D8000E0B7E1E4328B19E2549FE2B26E2214016
:1093E800444A2F572E3346A67CF87FC5AC243A5FF3
:1093F8007F14E85648C2B0C63847FA56C48CC6FE31
:109408000ACE67002C96230174D6C801DC96C9AC35
:10941800914E361520C70998BE3E3856C283FE665F
:109428003A2710DBDAAC1827E62091609E141C5D01
:10943800E06E5E6627187EFAFF0DB27B2EACB66032
:1094480062014F0FD6ADC50E400270CE7ED6708A2F
:1094580001174EC57FEEC41CF6DFA78F17BEB347B2
:1094680080B9012FCC4F277D30C001CC772F8A2EB1
:10947800722783EC7F2E10A8B625CA7D4FA33E2401
:10948800AE6F287A229637780E22933C9F636E41FE
:10949800DAB758A00DBEC0BE006F680A6E33FB4E27
:1094A8003333473CFCFFA700582E8625668AAF4613
:1094B800E80625CD1F1A41B17E114F1DEF38D21194
:1094C8004E87C7DF11470F34EE11468CE704E609D3
:1094D80036D8DF02F219E3BF0F67D3582778001395
:1094E80040F81FCA2501FAB66600EE056419F12492
:1094F80080580D5F0E580B03160080EC3B2E628DD2
:109508004333EF108309E78236841225EFC30FC374
:109518004F83F606ECF6F5FFCC1556BF6B5EAD250E
:10952800EFFCFFB9150B004A105F5C4485C1424F40
:10953800FC2170C201106F8DBBFE252070D6666FAE
:10954800B683A677B526A4C217FB0EA48F403EB9F2
:1095580027CC4727327058044730043AA760D033E5
:10956800B7288111F0A60D9F27A085A4E80F243104
:109578000691968DC00654E60E0B1F6044A054D782
:109588007B84A0873320B07F85FDB7C4258647BC80
:109598004E1C4B4ABC3F84E46AEF3B03DEE6E7FF20
:1095A8006177AFE48EBE647625182177FC0C1184B0
:1095B8008C4560EE4F7EAF401A1A3D4EC0D80F283A
:1095C800A3AD122805E01F3F760811A5F78C403897
:1095D800024E80A5AA9EA7CE46169AA6E2F74EA7E7
:1095E8003E8307B687E7BFF4FDFFE70ACEE7029D93
:1095F800CEE08710AF77F6FF471F82EE81E0A81E06
:10960800449FBE422C00461FC1E861632C2647C018
:109618001A83F6166244C6C5EE0E0BFF0BE70BFF66
:109628000AB7018B04760A27770BC646E792C8D497
:1096380096F74537C30836C0286C7EECFF0D6046A8
:1096480009E25E2746A0B3649F0D96C8C71AD6697B
:109658001E0BC7A600BD07688F60CE8F0CEFA99BB5
:10966800FE018D85F22E87CC1FA0B80C90C3A7BD34
:10967800EEF7FF4C15C32F48F8B71207B613F83C9E
:10968800D47B31260BFC56C07B522644EDCE767334
:109698008536A9480B7F5421A8FE0C9187B705028F
:1096A8002861F80E104511FA9E80102017C749E866
:1096B8007FB50E8CE9EFB7A5AFC337181FEEC330DF
:1096C800FC11104EC0F8BE8318030EA7E81B00E378
:1096D8007997B102C630A3EEB04265B2E7877680CB
:1096E8008F0F6E2B18BCC34F0860D75D96028DF2A2
:1096F80048DE071026B34EF8D9FF0216A02E405EAA
:1097080008FC67B48F3A36044F0874E738EEA606AB
:10971800D65705BE198D3C373F7744469C4069BBF8
:109728006F031AD770A58FF525782A86C0BBCE128D
:10973800900234AFDD68EF130257B639372AE010CC
:109748005201296DB6AE70A001FB37B3E6CEB2D692
:10975800A61CEFE730A9C342DA4A3E48BBB643909D
:10976800271689039FB41053332F08805A3718A13E
:10977800F734202715D228FE0172A756368A36B844
:10978800F83E20034C46242D8E20027C8F214C88E5
:10979800A02BD62B10C26C012DF7971E96034704F9
:1097A8008C1E58AF27DE6C84A2831636AD8FD12469
:1097B8004A04A84E4989143E4C04F0462DAD06C013
:1097C800B77BFE1E610A241B1F304608AD1606062D
:1097D8004084066E07214004060C2A02689A581F26
:1097E800EE870378D70FEEE93C3646B87658630122
:1097F8001EFED81645AC1FFFE3CBAC1F6A9E03C202
:10980800FE383E91818437231784410FE1600111AE
:10981800076076FF07F6B2688BB0EA620C8CCF80DF
:10982800A4FEB16655C7B6C24CCAE22E8C0B6FE0D7
:109838004A00E1AEAF58CE56FE1E1E0804FC87C58E
:1098480022F6B8C8C62116118EB476C743A7544469
:1098580021CEDA2C023485CF75648A662314E6EEAD
:1098680090D50825DFA11065D2C7DD14690012ADB7
:109878001F816F45166858797F191F7B2F2310FCAD
:109888002201D8FF42245097B4FEA70D1C8F34D76D
:10989800FE08EA000724559F6D0EA452869F2CA54A
:1098A8006FE3AF36B7F71E8F2EBD8F3E8FC74E863C
:1098B800A68EAF7036EB5A7402E197321FC1A781AA
:1098C8001F56DE70027FEE033CACC0076246AF5203
:1098D800DE4E16ACE02743FE6B07843ABE24E91639
:1098E8003BFF2CED113D0F2DD87F77AF1AEE068880
:1098F8000807FF5821275A183E063FC077442737E4
:10990800E001032647E1005F17200082002786F563
:109918007D222262F7366E04DEC9B696DE0EFE1090
:10992800F596AEF61D34DDCF38F4A01CF776FC179B
:10993800BC34A193742C22E6E30845905037B53F18
:10994800DAEC17E4F4BC2CA293303A879F84A44342
:1099580007506B2702946E38FF48905E3347775D57
:1099680088F6170F360837A6801F18FA3C94A2EF1E
:1099780025E806D0651A6E47100E03C287B17FD559
:10998800FE61D0F31F776C00045EA5F782EA9EF3B0
:10999800BC37CE278F42F228A60493980FDE4ADB05
:1099A800661744FA14260617E8412B4E6E177A7983
:1099B80034392EE3B8078E6D1F531A1E503C479654
:1099C8000081B2E8771898D1AF1241F6C6F60EA614
:1099D800307BDE383E8051D6B783D64AB61838C6B3
:1099E800C1E0F6A9543ED40ACEC5E5D997212F1671
:1099F800F1D0FF54264F47113CF3ACD9987731A4E6
:109A0800AFDF38088164EC1FC2294C56FA1806EDFE
:109A1800261865162B133D7FCD1706627F4663AE69
:109A28002411C2238E4F465A85012FEE02241B06AD
:109A38001FF1900116666FE802BA2FD5B7B02F2034
:109A4800CE1F2F9E10736B14FF082C2E163C28E097
:109A5800E66A0EDC308A5E61F0068CA3FF3CBC101F
:109A6800D81C2F013B361307C00003045F0C126C8F
:109A7800CABFAE8E78001315672A9CBF0203005A2E
:109A88009FD0AD6FA806192AE6F0268FEC10AF1705
:109A9800F84986C61DC7FAFFFFC624D3B7B74618CC
:109AA800B7B61827F6FCAE00200232671E27164309
:109AB80092B802F2010053B82A4065E817432E2FE6
:109AC800E482A62F1AD857214F7747B410644A1258
:109AD8000F862406018E410E5F420336308AAE920D
:109AE8002B104406D44F215E8F8300FD2718941F46
:109AF8003387B810C0AE5BDBB6A6A4AC1594108053
:109B08003271301227DF84CC378257174F01A12FCB
:109B180094850E0E4AD02F19253F81C678388FF0CC
:109B2800108F4F069704D708C8C21E2EF7970D7ED0
:109B3800EF56AF879A08020E43B46E461122AEDA8A
:109B4800B6C28E82BA1F69529E421EAEE05FE60F11
:109B5800C776D08EAE9F59B88E67CF172673E7BEEB
:109B680068E002356603F3D72041FAD7B721190A0E
:109B78007D0C20991CCE5020BDAF80C230061FCF6F
:109B88006816034C86D06640EE770A248027B7A271
:109B9800E605F0FFE22602C605E7FD20112158E39D
:109BA800F01269AD258EF0F9FF6A259E61A524475C
:109BB800B604780B46F1FFD00315CFD6898AE6277D
:109BC800904A570A8056AF96C07BD62600539ECE41
:109BD80042B8979F485CEE9C0336BB14E6F642C039
:109BE8009F2F81386B738DDF3880114191772ADE82
:109BF800E7F3DEE9B4D6C8141E1426F681020CC6B3
:109C08000143F6745EA2696167BD76E2268F3BBEAA
:109C1800DE40659DF60B5D4C86BC107F6F76704EFE
:109C28000EBEA605DE77CBA2032E7846AC3307FF1F
:109C38009B46F72660065F3EDDFFEA16304616941F
:109C48007B76CB060BE6A1058BFE042AA5ADE617AD
:109C5800269DBC000C4FC3062FD777AA00040FC45B
:109C6800B4702BA86EBB94C78A268BB5778EF28FFB
:109C7800A06F8A4E8F56178A3EBE500FEC2C6E2C62
:109C88006DB6A623A62776C31724DE268611D036FE
:109C9800A68E06E220A002C2773A6E8EA7DC1116C5
:109CA8004E72865FD6F6EEFF1717577027A88E56A6
:109CB800A77F50A21017660F3C21084638C62568B2
:109CC800604E2BCE2828A1EF50461570EE16DBB655
:109CD80060A02645588FB5828DB3E75BDE61E00151
:109CE800E3E603182EE8060B962F6ABE7515BE8CA0
:109CF8007D76CE25DFE7F0FFD6151012963F26DEDB
:109D08000E24BF063DA678792A7EBEA69F0436EFAC
:109D1800B728E0B301970C3B8677F7FF8E96BBAD6B
:109D28008EAE0E36BC6E8E4A709C6E3F5483E736FC
:109D3800441FC074D660EF00F0B621F6868F165F18
:109D48002108B8B7B4F47EC377654002AF5377B83B
:109D5800FC1000167FBD041E99404B0FA750815878
:109D6800BF59BD6FA9E9A62F1079873DE5D9009B9A
:109D7800871B1EE7E00C06225E1AB01EB78F8846C6
:109D88006D441F226EFFE0484E1F6F08866E096AF9
:109D9800175B0E001061D7B5042F77980EAFBCD6AD
:109DA800BCBB0EB8E101E0B721265FD81EE410EF76
:109DB80060ACDE0EE8781E22D8DCAFD7AE4B09EDDA
:109DC800BFC0A2D4971C5A8F2CDE638C6B866D069D
:109DD8006330496B267A263267B64F28119023DF05
:109DE8007B16AC2FA34C6CE1C6DC9677AAF2A4FADA
:109DF8003F0AB4BE235EBD1EAC852F6BAEBB1E2EC4
:109E080017A7F8933C11EE9664162C0FE89F9A5109
:109E180098D7FCDB343F8B273C1EAE51270B5703EA
:109E28008C91E96B060327D64F4E8680FF2EA73606
:109E38003166662768AA0B9FC0072F8315C61B3695
:109E480037C92693105FAB23166E8048E9063FBEDC
:109E5800308902AF303E5CEFFCCC8C2140C56E7E71
:109E6800D70901DF80300E0ECEC6BEEEEB937670BA
:109E7800C0ACF42A0EF01294DF20B8AEE6FF8AD800
:109E8800C32F85E71E0F013A7F9002A34710704E3B
:109E98006BCFC0D5FDE0E4E2D6381E0FD6241A7287
:109EA800EF3DAFEC1EA621E7680EAFE8440ED79150
:109EB8001C2E79F701FE8F173C0F0A06320836026E
:109EC8002E8A2426FA02781042AE4F27FF163CF459
:109ED800ABE226B807E030AE1C3746B007D0812683
:109EE800A57FA0A3256C161E233EF0A00015919F08
:109EF800088D3FA025E6B81716887332131E561230
:109F08009E2E0B521524810287CF0C1562FF1C046C
:109F1800A3154E13066774F5E7931FC0453F7844B1
:109F2800A3C70FC650A338579646251F7F74106FD6
:109F38008EFD08036F70E201C60CCE410D87E80D57
:109F4800573070A99EC20F85200A44AC16260020FF
:109F5800E65A96268E846E02F05F2D76C7246BD75C
:109F6800D0A308EEA7C60AF6541317BF6C10588C76
:109F780040C8155421C2C83460D60B8E00C10142B6
:109F88003AC0C819EDE60527A00607E3FE06AAF6BB
:109F9800F1DD0724279B56261512FE2EC02014003B
:109FA800808D2F7202283E2684010D8F19B43C2E15
:109FB80018060643762EA339051E5B171670A08275
:109FC8000126E0348EDAC0F624EE43CC438E19C263
:109FD80067256D07CE25371E0E1721E0A08D025B81
:109FE80026470DDF69C89643BEA85AD1FEAD919E9B
:109FF80080A90F0D7620B90367346ED701EA4F4C5C
:10A008000E6FD4AD251F66E5EFFFA215F627C74CE6
:10A01800F1A713A10576110C97C6633457B0D20285
:10A028002B43FE017FF7143CE16410827097BA1647
:10A03800265720603B17613FC80100B01FFA900106
:10A048004104031F3E070002696F4D9E24B1086F4B
:10A05800614646A502E94E02B71583C608DD2F0AF8
:10A068008257553FFC7C0160180419EF7B67470055
:10A07800DA109E28252F686BAE02BB4F27AF68B059
:10A08800AEC282B31E45821C0487F6A42C4E0C195E
:10A0980012C31E266360AE99901FB9033F4BB133BC
:10A0A8001F0420C81BC805321A32060C198C079CDD
:10A0B80021444097C443E16FB8232EE00E1C56019B
:10A0C800A90EB016AE6C2C36184ECB3C4E456E2FF2
:10A0D8006023301E302710189F6CB82E1406397C68
:10A0E800E60484625B5637BC61FFE21509C20F8D36
:10A0F800C6B856AFAF0459522FB93657E68C00048C
:10A108007B5F7F8099CEAFB6C91612D67B6E10469C
:10A11800CE248DD754D1008477DABE0E16A8AE0DA2
:10A128007E5845901C8B5F4067F652FD0EFAFFAED5
:10A1380015C337C8CFC8DF94074EE60F7477421AA5
:10A148008636F756F109B7A154C82F04F7310F5ACC
:10A1580027B08F0BE016FC01E8660D4A7749819F0E
:10A16800D22903547781FFAFB4008714F02B204421
:10A1780000AB97B5078F81E60F8FD285DFC2C6A6E1
:10A1880027B18BBF442F36096F2D1027622E8751B8
:10A198003702C45F39FFFF2B4E9EC45F32F000D8F0
:10A1A80020BFA610081FBA6C2DEF126069DE0AC71F
:10A1B80096DB8E2680AE65AE581EB8071FB7D5044D
:10A1C800005F4B3F8290FB6F55003F0C0895E521DF
:10A1D800A84B3509E23E2032470C1F32AF66AE026B
:10A1E800170207374F86A253C40E9606E71F466923
:10A1F8001E152602541493032A134995041224CADF
:10A20800059211670601272FB00E1C5F5C141667B4
:10A21800A8AF63108387E0083CDA76AFD79F604128
:10A228002A2E612F73271E600825E066A118F719EA
:10A23800AFD39702C20F14E7F07010623C67A7BF54
:10A24800A9C59E0E1EAC947DB7441C3701E0C6B06C
:10A25800864414E897000178668CA618AF51CFB5EC
:10A26800A7FE15AEE2000055CF5895C7D40654573F
:10A27800D104C768DDBF9200802940FFC83DA21FF6
:10A2880011437F6C02A61F6C03EF4B3F43FF92FF05
:10A29800D13EA66F1E781042C73F12132ADF42F440
:10A2A8002E432F63B1FF4F2267473C3E107CF65C7C
:10A2B80042C75CC7DB2640AE37A057DD4ECF0FDE66
:10A2C80000024FC0FFDBEA37BD566E09DC3E173D82
:10A2D800FF51117BC676C67226977031465164A627
:10A2E800DD850EB48E03244327B96C3F2386167F81
:10A2F800F1D9FD6214C21F0DA73955C7C368275A83
:10A308008ADEBE1EAE1C27E54F1C8E23261D0EB707
:10A31800B0264F88A88603C6AA44FFC21F0E44541D
:10A32800EF61167FC05739FFFF16372C221762845A
:10A338007C7A14157E048D9F18674637C0B6BED642
:10A34800D1E482C708281EA31C8F28B6568300674D
:10A358001920E409F09AFD3E2F28374012C0F7F182
:10A36800AEC9FFB827C34FB2F5FF378F5E43C0971A
:10A378000D6A1F4338FF97E71826BEF00723AEAED5
:10A38800E0BE78FE51B00F42170232077D5E90F6AC
:10A3980020413789581F48E206304A3775B9F38E8D
:10A3A80087D027EBD001C087068F364F17B7302FDD
:10A3B800C0D0E8DE30B5AFF390CF2176F01C00B105
:10A3C80021479A64B4B5766DB3AF56B20039AF94ED
:10A3D8004EAD56888002EF182CBED7123C22AD9F96
:10A3E800A926136E5EFF14249C091026AC87C2317F
:10A3F80026588BC7F1280A458EA621DF1855A014C8
:10A40800E1B6183B17B4AF119AA7020A15AF70044A
:10A41800CDFF1470EF36051FB920E9E4B047234794
:10A42800EAB4E0B6B3D5C6CE4F1C1802344F80D874
:10A43800F7346F251C7F1177330CE4B0A3A7980974
:10A448002412ECD7DAFF117739D6FF0263D0B1872F
:10A45800F1B012A6A21FC2C5278786C18C8C0EC276
:10A46800344E06E1DEB6D6842457106147A6A27F93
:10A47800DC470BA604268DB935DF085983E7085554
:10A488001FED5487173380A207541562F9103567FA
:10A498001B7703FCB4A317DA8447F628A4A7533F15
:10A4A800B448F944AF85031F4704883C0807BC58E3
:10A4B800A405524FD717B025C9EC7A20A50B314F08
:10A4C80086D71805EA8F6A104A27AC5087C6F1C1AB
:10A4D800A64F8D16E407021F10427708675D87D0E4
:10A4E8004D8F8083C716140C971682D47F5D0B0698
:10A4F800B7415F080AF0EE251019BF569E025E8E1E
:10A50800001D7761661F2C2CB84FEAB0E96EA519BB
:10A5180047796767F6422EAF8C334F403ACED6E282
:10A528005ED1DF028D3627C6BE1C6694C1107BAF94
:10A538001685290F78362010FA6F253861DF4DBE51
:10A548001CE5FA060809B817B4884F60800C7E6FBE
:10A55800981051B5D662032E4EFEA72E374426C456
:10A56800560CB7DA2E50AC5517E062CE2A273015B4
:10A578006775102AD7709AE4D367026B2FC290F6DA
:10A5880034073C0558C743C43E2CD63229414EA750
:10A59800D6E7364C07181836AF16BAEE015A964762
:10A5A80030D0E010961E064C9F604B4EA1E068E745
:10A5B80060704E246E3F20BA6E322DC06F9F0137F7
:10A5C800D7604B26421D2F70169BC0B6C54FB0975B
:10A5D80021433751A5474DA8E316EAB1C71147589B
:10A5E80000589D1B5ECFABE5852FB91FE138A078D9
:10A5F800D67001A14E40FADE2588C08426AAEE5CFA
:10A60800A0703705264800E03E44566E25A000E8B5
:10A618002E9043A0CE98AA8658144654D550082E9A
:10A6280008AE863C2C4608AB870D4E22C0329819DE
:10A63800A46F4D29AE7EAE821639B7C73136670B87
:10A648001662868E2ABFFEC89CA524360E86DC7448
:10A65800A79FD87059CFAAA0941A77B026A43737E5
:10A668004E74102800BC87AC10250E361625B66827
:10A67800523248F566A8993E091867B87A200EF450
:10A68800AF2470665ED43132839882A134DD2A32D9
:10A69800140809F0C6432777BEB02373262026F294
:10A6A8009F211E04F446047C5F731D58454CE8CF77
:10A6B8006DA462231635561C1A5F90068C2FD2A5FE
:10A6C8004666090F0476103E96173C30FB1E40186C
:10A6D800DC752118728317F0A883BB7EA48E086BE3
:10A6E800E7E3821002CFD28567FBDDDD023C3F9BAA
:10A6F8000E4234B78C3F3025E4CCCC590EA43E84AE
:10A70800C1E661ED869904C693F67E36C24D168081
:10A7180078EE304BC2F7833EEE44A2356F624A0FA3
:10A7280098E4709E588E6F8E6DD6A98E08DBF77AE6
:10A7380070082447A72E02C6C426012CBF12BA02ED
:10A74800E2EF2647C0972EF6C6FFC8258F96AF00C2
:10A75800DA59804ECD373A6D3827264DD1803A7276
:10A76800431BE66EC2AED7D4D4A5BFCF80C0186352
:10A778005FE021C058D0938F81C70B468616FAAD8B
:10A78800252A682DA068D49615438F4C85E2A81712
:10A79800C1344470E4BF173823800F810256F72F65
:10A7A800CE260082967A8CA6EE760E035680BF9E41
:10A7B80078FF11FE2F09F860022DC787711E61CF3F
:10A7C800506664F0FE9278BF09EC0F35AE461D0F57
:10A7D8004B5E13B43FB10EC68684F7C288560F1479
:10A7E800CE91CF77BD2F85BFE7C770166757175033
:10A7F800D390C1469E83DF068E06CF131197DEECF9
:10A808002ED20E278487FEA6C38E0D66A7270B9728
:10A818002060265F2EA410644A3327C000B69F77B5
:10A8280067F8BCC6E712D690B5C7CB6F4E273F6D09
:10A8380000AD3EBE269D0E41648FDD3654AC01FC52
:10A84800BEA01072A0037F2246A260FE80FA53AF1A
:10A8580000921070A5E7B3AFC66D1F812F562781F0
:10A86800A839F7B8852F6A06C2D8DACB8347683E7D
:10A87800C3EE1762066E1F103716BC1EAC628FEC53
:10A888000A5772C4C05CFEFB56838C4F801EFEE5DF
:10A89800673F5783AFACCEA28FA6D2E486B0BE8006
:10A8A800284426754F8AE83EC0C61CC5AE8F1B5D7E
:10A8B800374874AE0FA74E40EE853ED0DDAD180682
:10A8C8007C8E326D6C5F9862063E6F861008658ECE
:10A8D800103A36D0B0F6820C85CE75FCFFA3FDBECB
:10A8E800C3AD1CD0060F262201065EF4F8FF8624AD
:10A8F800216EE82222231EC2C7AD95BEAD0A564678
:10A90800AD20F31624B5BEE6F126A3AF03BE812C15
:10A918002625E05663CE8466BB9666662DF6568D70
:10A9280018661A55E6C540DB2EC48D47A8F0EF56C9
:10A93800444644EE4442242FB520E68DD257246C79
:10A948004F220BB6A10E91B7879E5E204E1C7B143A
:10A95800EE578D5E5565AEF4E586040CBFD0DEC0BB
:10A96800113E7042201074071336D495F327C25D48
:10A978002C5E1377608504AA860094FB9E088EB728
:10A9880076E2860870A66BB71286E112304E17B0D1
:10A9980081CED6C3355F0CE8DF81B60F81D641E39F
:10A9A80046B0161AC09E0ADD5E6743EA2006007E9E
:10A9B800FF6421C70C355F16FEFF04184E6711C2ED
:10A9C8001F386F18FBE19F902098054CDF88781698
:10A9D80085FF4F6F84A4198F52B09F831E8B22D19D
:10A9E800327DD763C01774EE8F0EBE9A8F8F688F33
:10A9F80045068F348FC11A3E5506B0DB8F4ABE0814
:10AA08006009A01E1C6BB70E4E0E5FC021A8203A2D
:10AA1800D87615005A33BF0216770E7761762877F5
:10AA2800D06DB7C3C74FAF34CF5F880840593827B8
:10AA380027FE72DF09363F0007DE1C4EF62346F17B
:10AA4800509F637A9EB2AF07D618D000B020DF704F
:10AA580025889A5E90027536236608CD7E6610C5F5
:10AA68003CFC50502603B60F2ED2221686971BBFE9
:10AA78006E38C131267CC9DA7326BE14224E56239D
:10AA8800764EB1066AA606005817410DAF08A744CE
:10AA9800A78200054AF6D4FF740E2740A24FC1478B
:10AAA80084740634E2DFC043C4461EA6A356D01CF5
:10AAB80074F705045ECE442468C91B6E59EB78DE32
:10AAC80040062F6B26541F63EE1E251F933C9D30B6
:10AAD800C06FC87718F6209E082630162E86B8C88C
:10AAE800107A13785EB282C3FF24D82F388795DE98
:10AAF800F9D4FF5370A7888A07C16790D9AD2F8111
:10AB0800CF0687069761DF92282C34C65362CF059B
:10AB18000C2B17A8F4614F716E80357FF1049921D1
:10AB2800971F5C3444B28C2E8AB1AE9FE70470C77D
:10AB38009EFE280742DC7758305795E780136E86CB
:10AB4800CF87E2F322212686CF6304C1863E4333B2
:10AB580086E808A669D776FC2F02B601C4FE06CEA1
:10AB68000CC78D5F4C82BEBE1B7EEECCBF0BC6D41D
:10AB7800C72520C11781A710ACEF30B70A05278673
:10AB8800BF087600E7FEDA08C2F62C42C400F87760
:10AB98000000A09FA174DF70F9D8C62A943506FA80
:10ABA8005C10228D048762A51F09609ECB07061FD3
:10ABB800DE4EAD081F183C3C0E1CC3D988C52A9D23
:10ABC8001C80417107CEBFC6243B9EA5244352A7D3
:10ABD800BD56A0AE14D01E09D6661EF637C642046E
:10ABE800B89E681B98571954978FB73516432EBFD0
:10ABF8005B0634A6042E0086A77CAEA2CD121704ED
:10AC08004D061CF12588400007175E44A637C71873
:10AC180082E0C7A73E148E1017B135B7D9A648777A
:10AC28005614AE00232EB8240E4814DF6DAF3370CF
:10AC3800F86811428E0B55B78838E768A6221F9B23
:10AC480089FF4858982E76240A3E08F036DC2907F2
:10AC5800C6443043D30676D343EF3E303102240353
:10AC6800876A1406A768E0DE68E04F186E078E0E44
:10AC78006F6C4E05240CBE0F197641613EB066A27A
:10AC8800A36B970737F1A327354ED821AE4AEED2EA
:10AC98006590558F863689A368B70A4DF625829048
:10ACA8009726B80A5FF2ECA648CAC0C66D8FB0BE38
:10ACB80040021CAE655DDFE668CE36D789F66A0FBE
:10ACC8001219A15F123A46B00F91C46E8F267C1BF1
:10ACD8006E0716164338076899DF43300F8A47B561
:10ACE800D0AFA88BB7511CE61C7F5FB0AF598E4F11
:10ACF80013EB066FA6E3153C2CF49FB1BF378615FE
:10AD08007E2CA2A786FF54A7732680A79426FCA4AE
:10AD1800A7B526F3D94038570D4FDFA54E07204079
:10AD2800DC0F609C809EA002326AE7F1D4A78956A6
:10AD380066A747F7A0811D262F1866807C4769D82B
:10AD4800EEA88441145F21771F280B9A4F3513848E
:10AD58005764D5A608A16FE801D6048586AC45C41A
:10AD68002084127A6E9E0D0111CFB917CBD7071E1A
:10AD78006DD623123A3730E80E0A97F41CA7CEBED8
:10AD880037A72D5E75372E3E6F06F33606C1C62FE0
:10AD9800D25617082A86E958A88408C21F06DE6E0C
:10ADA8000576B83F6B76EA2CA884306FC6B0D9BA5E
:10ADB8001780A1D7A8B5BA87147A060214ABEF8F0B
:10ADC800CB37F81124A0122977C8A012DCD1361984
:10ADD800470CE53F27D6836675E710C10E4FAFD6FF
:10ADE800270556D47B270E2F7F30064887EE1EEDA9
:10ADF80044C1465082C1364AD236AB074AAD4F2BC2
:10AE080086817DC9A65C266E05C80702F4FE4DD86A
:10AE180084BA7710E0D7A002B4F0FF11B197BC9CB8
:10AE28001022AE025710084F40302F346F5D032FA9
:10AE3800855DBE10058E08DB4F67AEC87EDB261029
:10AE48008E765E252F3279BE1B271280BE004FE01A
:10AE5800F4CF258670C685249DD645E01F042A1E9A
:10AE68004809304EADFE701491268661401007DF08
:10AE7800801737622DE4B76ABE4F2ED178C1866835
:10AE8800B0C19A967E90877E080CB617D625386092
:10AE980002A91FEF5510FE6E3117E76F761408658B
:10AEA8008E0B5757F806060B4E308E6C26748E4460
:10AEB800600EB00414020B16163CEAC281102FBFB4
:10AEC800D3A0FF837E0DE1A64746D0C2A91BE9EFB8
:10AED80056C798A6219D869C17D8A9212D76A1161C
:10AEE8000B86CEB297C69601B70C1209082F529C52
:10AEF8009E191E0464672E9E0C223517A06C5846B6
:10AF0800863282F4D61BD4C8DF4276F7A78EEB14BC
:10AF1800002FDFA3377808A98424CD0F56058F6347
:10AF28001A36CD0E26125E0F222E071BFCD626C619
:10AF38001010BB57360686F5D3FF141642F7D01EFD
:10AF4800F3112FAA6426C607C68F005E074403FEC6
:10AF580021F0A604F1764F91EE87C6D2E0010BC02E
:10AF6800AFC11ECE408D10E247235F0610C61238CF
:10AF7800EBCFDA0016EEF0247DDF3873AF748AA9C0
:10AF8800EF5A6E2DEB8E8086F6066726A079F503BC
:10AF9800939C0E47741FC4EB8677A30F7E2B10E09B
:10AFA8006F023A4E2F42D8AE9FFC2E26202B3FC46C
:10AFB8001CAA82D95E179E54287C2EF902FF2630DF
:10AFC8001224FF07EF82E6149E22EC4E084714E68F
:10AFD8003002F77E7886852620D8472E4EE526242F
:10AFE800D75F286B17C508D68F300EF8C7450CCF2A
:10AFF80020DA877CAA8C27E80005300F81AB4F4404
:10B0080006D4CE6FA51ED2A019A62FAA0AD760D340
:10B0180026C79011F75892A0C601C047C13F1A7FB2
:10B02800AAC12F32DC6EF7075784AB77B7EF4951C7
:10B03800845A6FDCA75D18C0561DA7D41E4FAE8476
:10B04800D542341F92B87E050872E7115716157E4F
:10B05800883D06D747A8AEE05400BF142760181FE4
:10B0680003570CE31E6A77D57FA0F54E977F54AB44
:10B07800338E40C50B5C8E106143870B81DB7007F4
:10B08800875770B09625DFA956227656428CEB6F0B
:10B0980010C681B33E810E6E800205766C12786F01
:10B0A80028F09FB231BE270676272BE2C77DDC1039
:10B0B8000492D0DF08EE2EB79E80414B687E1505BE
:10B0C80016C5BC42B643049BE64290031CC7453EE6
:10B0D800D6B4F5C7F736A3B7520941DB6FA526BF2B
:10B0E80010CF09207E5E60EA0494B72F4CC543B2A6
:10B0F8008C065E3ECC96B70F2000A37CAF2484CA92
:10B1080036921CAE587958E4282E2C4E30779F3052
:10B11800B7BAAF2840BC0BDB04C137E295DAA50704
:10B128001A771B184FB0B4EEFF241F0E04E3649F78
:10B13800103785A7FF6F3636242C0F2E37587A2FF5
:10B148003816C7BF7097211F93040A7D2611FCEE9D
:10B158008181023453D7A227A090A319052DC04F8F
:10B16800CDBF9602B0A29FC90584719E13C597FBF7
:10B1780081220224B717A7203106C58F7606AFE4CF
:10B1880002019223A9900806254AA40971FE2609FE
:10B19800AF565607BF10ABBF4F58B818CA17030EA3
:10B1A8008D112C47243166214E8D63364A3FC48564
:10B1B8003F890D6E7BA7C410C620AE6BD7AE60AFBB
:10B1C800B49DA6027FB911E4283CA4AB4E7730A306
:10B1D800F755813C6628F0F60824366F4C8CD10E62
:10B1E8000A2CE70B06228E5978CF3E06C05B843FB7
:10B1F800CE4D252B18A98CBB6E60144814760164BB
:10B2080061B625E1FF09FEA1063267B7A4B18E0C2D
:10B218008AAE2E0C17B078D6D03416FC0A8D803939
:10B22800080ECEE6F0426BAAB60B306507831646C9
:10B238005E0817DB0E68AC6E60E324286C76B6ED0A
:10B24800250B81607A4760CB9FFF60A0213881C7BA
:10B258000E1A8C00854F6143AFE80924270EC040C1
:10B268000046CE24FEB60825EF039FB06BA0ADA61E
:10B2780008E1EFBBD6F8AB0178D692C60E9D9E9832
:10B288001931A781639EC01FBEC6B526F4ACD6107F
:10B29800E1E705A6278C8E9C0622AFDBAE8526F05B
:10B2A8008B00801A2BDFC328ACCF4EF3D900E067A0
:10B2B800C22C57388705631E4AC742F6B71080DC90
:10B2C8004F4084E4010009101587D423DCB0004501
:10B2D800B20619B0A791B76C8F0D21C5464E620210
:10B2E800022AFFDAFE50351F0C7020C4EFDF316EE2
:10B2F8002A10C21402228FF140ACD3DF80AD19D8D6
:10B308003E38A3867F02021EF18CC010857C06E4BD
:10B318008CC224D03AC214E1C6A6308E030EC002F5
:10B328005E1FA1A3E4B71336B097C9686E2EB7E7BE
:10B338009C7FB636BF2800F47F5B364414C647C2EC
:10B3480046B0CE289E66BFC73700A60A818FD08C2C
:10B35800AC637FD0B8ACE3DF067F83048FFC1302B5
:10B3680021985050AE929CF817846357FC132623FB
:10B37800A07202428FF1807931C66D78AF4EC01C41
:10B3880030AB6E19247C560335ED38E587257F04EC
:10B3980013FF3A024252A4AF50D7235E8F1723E718
:10B3A800B004AD53271C88AD47076E24AC9C7E4380
:10B3B80006020EB6A3905F40C40BF58628A7485F27
:10B3C800D596D46CB727560D4F2A630FA55C168CFB
:10B3D800B9C7673FE2C6FF9157039F05691F07C0BA
:10B3E800024D8E188D168CBE2AB7C016B610864E22
:10B3F800E927083CBBF18BE663F78D438E6E26394F
:10B4080027B89FAFEF413A7FBF0B8F0975FFDBBBB2
:10B41800760C4480ADB5EF46D047C9545764255CD7
:10B428007495728456128C077AB4AF0656A77F6A51
:10B438007E76DACC23A71852E9BF7E374C16E81E71
:10B448000D00BFDE94AD3126CCADFF522604AE739D
:10B4580026B408AE903F30A7DF6951FF700D03474F
:10B468002C56207C17452908D76F021F0103C68177
:10B478003EB9CF1B5ACFAE3AB7704CF1A12F070C8B
:10B488006E67E22CF601602E03BF5BFD365C36EB7F
:10B498000426941FC688000242854FDB8E2E26267E
:10B4A80052C0CE09B0FF0278369E4BC0C7A2BEA6D6
:10B4B800FBDF400027A0485666C31F025DDE07C0B9
:10B4C8006330C9ED5F86C3EE1A0300BFF708AF8487
:10B4D800249F7B441003AE4E6D248E0E05C28E5DF4
:10B4E8005447B91F67CE8158A906AF2E04179D543B
:10B4F8000DBC9F064E27A902F0C68FF3CE8FACC0B5
:10B508006FA9DA0734FF281856611F1B0EC687304B
:10B51800274903815DB7BAE74E34930459E95E03BE
:10B5280059F7AF46B336443C0C9C0B00AC8731D678
:10B53800EA028E0A272EA8940FA6AE446FC6A58EDF
:10B54800BEF616084FDA5E44FA4F1584E7F5160082
:10B5580043819F0C70552FBACF0200D4C783075B75
:10B568000E5FC03000838C37209EAEB0D8CF58ED28
:10B578005E7C17A40E3E88F416ECA036AE27EDA824
:10B58800B770105567A9EF47AE8424146037B9DC4B
:10B59800E418F072FF91674B2F5C6C9861E64B7E64
:10B5A8005947E03667152FDEDF16B80B1F5BEDAE87
:10B5B800C0178111C78706E1DDCD24C66F38E76261
:10B5C800640667628626CFC08F3E481A5A0E1B96BD
:10B5D800CEAA8630C8986F3414FE9716A4C13E4789
:10B5E800EF04F0BE102DF7A6AD8F5A7F7D76010EC1
:10B5F8006E6794B72F581B511FAA4F46D3D5EE57E5
:10B60800A120076753020FF7BEEACE82AF26740760
:10B618009F21EA1E02B6F40900610582B8AF268EA2
:10B628002EEF0526F26E4081AFC657028D9F88FA2D
:10B63800576051860F78E846B0A62BAE60F7142BFA
:10B6480016AE066D458E1E2444EF68D0BFEA54F648
:10B658000460C7071F16858F6256CF14F80728564F
:10B668004800B4862580923A4EE00AEB4FD056D572
:10B67800276255E789EB2E4BB687546EA554E08FA9
:10B688000137F5C2B9B76640984C7E100C28007F88
:10B69800FEA0B09426F6C0B0B526E6C157168E6354
:10B6A8004632E03E926CD6E7F01EA265C7670FFEF1
:10B6B800858F358F6A3B67286020C412079E380043
:10B6C800529F093E2EBE00947E787694700EE03F1D
:10B6D80038C72BE22110F67DD290A00EF321E02787
:10B6E80026318EA67CF782009CD7006BD7421EB706
:10B6F80017A726787326C4AF2C96F4AFDF18B0D6F8
:10B708002640E1B0F7265C3E180148FF0CBF609662
:10B71800664E2E0C3F1C8F006CB7384763D6ED2160
:10B72800305027C9A0CF202284025AEF429A17022C
:10B73800559F7864B054676B0E07BB742E88380F1A
:10B74800B7F7093BE700575FB8B4FF1FCF08B4004D
:10B758004F9EC01002164F067F7567CC363FD35EEA
:10B76800E7E1E214C2474EE6C33211EF83DED66446
:10B7780034F7473DEF4AAF0EE069F705181F2D6112
:10B788009F5A47309F30D750D68638467D02185783
:10B79800309600B0CFC2F8BF1E74C0A524A8C0055B
:10B7A800966C1FA6681FDE643C60F35CCF58543C5F
:10B7B80050004DCF4C1C4E766210001CC66FE00640
:10B7C800C6E5720040400272A7475615803C0BBF81
:10B7D800FC18C0C6244CC087672A126D508E622F91
:10B7E800381500F08F9813571A43F1BF0E17972A90
:10B7F8000BAFF1822A107077421496071E97151C1A
:10B808002D25F55F2E2FB07D573CB44F1C1FD71741
:10B818007025CEA0944F47A8AEDA866216A82EAD42
:10B82800C40F3AD4B194AF1E0492CC1F819E40B28B
:10B83800BA4F6231D0E7BF056E812E57168E8E80C3
:10B84800F61E0E05462BADC81F8738750E9C564050
:10B85800DCA7380053C73C6E17FC768EF0083C25F1
:10B86800B010A60FB811DEA52CAE050F8717158EE0
:10B8780010523C5F0073BEC62BCE5E4E168E769A73
:10B88800DEA801F6AA5E7C0E8F1F786E0358C65993
:10B8980014B7624AEF61B2A6077C0A8FC706CF8F3A
:10B8A8008F3C8FF38FCF8F8F3C8FF88F4C01A60F73
:10B8B8007023972BCA4F2B3F3C8EB42D4817F2DFCD
:10B8C80007378B42B7C0010C3FA0742E800A6E1850
:10B8D8000B9F00A81856B1BEA0E09CD70C7F0C5F48
:10B8E800DC56F4263800D24F28AF7025282347EEBF
:10B8F800B4CE00769686DDCD028F184A502FD3C07D
:10B908003716E8FFE201A14FBE1C674D0067BF4034
:10B91800004DA74B6F520063579200106007E8E78D
:10B928005E35965CAE93024B422F525BA8E6020549
:10B9380070675AFC3503B00FAA4EA7E8161801F82D
:10B948006F562401B06711D7703403775200ED5F4A
:10B95800048E0E20F0163C28464CBFDE25380273B4
:10B968006F3068704001A477028F183001A16F68AA
:10B97800F61E01D26F2503E092B234202EFF282B49
:10B9880047800E6E0740000280046F5A001D3E2457
:10B99800B14767AF1F24401623EF510486B20660F3
:10B9A8001EB196A39741348F7998AA836F0CC4026D
:10B9B800E7C00DE7C0204C1F82BF1F253080020062
:10B9C80035EF8018BFB106F06F013ECF023D8736D4
:10B9D8007517B8A166C0230F42B44607032F77C274
:10B9E800B76976B6A1B52337049B2F4DBE80009C5E
:10B9F80087A0A0401C3F04F84FB8C7197C0F383601
:10BA08003C7F8078274B7EEE133C020613CFB0BAFA
:10BA1800132197B018B39BB68016099827200CDF1E
:10BA280030C02B722130A0D61AFE9102C4B7301351
:10BA3800E18F07FF3C50B384452A071032FCCFB78B
:10BA480026768FB69E84B5D076B491D7020638EEA6
:10BA58001C1974E7810F06E2FFDC3716F715FF0C97
:10BA680089182E305E6F27AC959426C1CC953E7808
:10BA7800C029100055AF81970641322646B642C00C
:10BA8800D74627B52156A18CBE003B7F46CF0AFA80
:10BA9800BE7C95848E5770A74616110FF60702478D
:10BAA80014C46FA5B30EC2F12A175957088D17573A
:10BAB800FE2A10118C029CBE19373C4758DE6A5E7C
:10BAC800667D5E053C3257157E07561ED7F19EFFF0
:10BAD8000216126047D6C4774CB3879C0DAFEBC8EB
:10BAE8009C4737890E7ED8F83F045BCB7F8678FA6F
:10BAF8008EBF8085BF0D78BF111087BF080342F045
:10BB0800171006697F5AE0B65CA0648E29705F9BA7
:10BB18006EB4E780244DD0BE6AB3EB37BE6D47697B
:10BB28005EDF2CB4831FC17F904AE0AFA07E1CEC7F
:10BB38003F7F89AE07CA860E9E83278707CF413C81
:10BB48002F29228F842871AF833658C24E27FEAC26
:10BB58005018F627F6F00B05070CF0A7BBB684556E
:10BB68005B5FBE238E8CA47D31D7F6B89B1EDA4B63
:10BB78007C16EB90E51774A72000564700063E1880
:10BB88008F7070B43827F4D8B4D3C7D9554F8C63A5
:10BB98005E1806F0D77777501090878E8F2051D691
:10BBA8002E8C1E6257B18B4F52798F0EE66B461161
:10BBB800B7E32F54D6904686B403A42E21CBFF0EAC
:10BBC800C416D6AF89400B0E25A81F56980EFF1332
:10BBD8005FFF5C3EC0D6265ED6A7DF5BEE63878E2E
:10BBE800C0A74F060AD1FFB5A91696CE60CF04406C
:10BBF8009B7F8D50B9EFEB2B20A210EED9A03E18F9
:10BC0800750E181236CFF60459955F9F0E2390AB28
:10BC180043CEAC40D0FFB97F66FF00E41581778F33
:10BC28002180155980FF50DDB7841527F610268F1F
:10BC38008700202130056B1E508F5C1364CC974C15
:10BC480045CC274D03DFC613A26F043AB7A9A5A7B1
:10BC58003825B8260780042587C3372B8EE0C05ABD
:10BC680084708FA4F4FF4DFE8EE0AA12DEDD12026E
:10BC7800178111A9C6C0575C236090E0018060B8A5
:10BC8800842160CC070697125676838D1357F4E00B
:10BC980002122DBF6F3659592F5E1650B58B46DFED
:10BCA800EA58EBAF7C1E2001B88F76173CE6D3E547
:10BCB80026DFBC5CB5842400452FEB6CB57197D2A8
:10BCC800502C3F2D4E9F1CCE0D5FE48326372DF060
:10BCD8001F0B26218814163EEE02EA177CDC1F3D56
:10BCE8001126791824E816353E361724C1045F0F4B
:10BCF80048183F183F093C2F936F814E4F8C84C1E1
:10BD0800008457C17F8157A112EBD7D09FE0BC1F99
:10BD18000CB734573E0801540FAD0DDFB54DE7376A
:10BD2800DBC6062F5ABB97D71F6EDFE5E8B5A5B06F
:10BD3800C72303CE1AB5A7E547ED570499BD4EC8EA
:10BD4800FF4004745FB5FEC5BF8F0101642C413804
:10BD5800C640380E1A7A7EE11F0C1ED066EC650FBD
:10BD680005DF2EBF4B42D736CE09166720D56FE9BF
:10BD7800FCB591D78CBE30CF88E21E849712D7824B
:10BD8800701F3D8FA5B4FFB766C75816DF020E2394
:10BD9800201E1690B347962F3F04219E03CEE10341
:10BDA8003C4C25D23FF416ACCE964EBD46345ED000
:10BDB8007E66058E92E8BE8EE40741F497AF27258C
:10BDC8002306A5AE751E548A17558F934EC0AE5DD7
:10BDD800DE2C80426C2FA820FA152489F64F110E0C
:10BDE8008090F157F8A778AE6A2378F2D8DE780FFA
:10BDF80002A6F6CF1EA7FF193C58A5F7262168C151
:10BE080012038671B1013410AD377097F810220211
:10BE180061038A0754DE9F80B660F750E66950F6E2
:10BE2800122B562E5843735762701EEB175A0E8109
:10BE3800938FA920C3462E490048A94F004F4F4071
:10BE4800B6A367C6ACB62327A8B309A7C3B2FFC673
:10BE580006970421F866ACFF417E37AB3274C635CD
:10BE68000603FF4243B1C60583A0E3478F59FD6E21
:10BE78002F3F430256C1224762C8674D58671D8746
:10BE8800FE7886C62414B513D7D2D49E83EFC10E8C
:10BE9800866AAA0DCE8A2842024A66C28D4C1D4780
:10BEA800200F5E40182E153281D495F3B8CF52C0BA
:10BEB800A61CA75803C79E579BDEEF2500032E122A
:10BEC800C3CFF89E070062027097E150AB9F07F45A
:10BED800AC242784E34A4781F04E30AF4C1FA002C0
:10BEE80057C16FBCABFF6216500F8481EEC3806FE1
:10BEF8007864B6A947ACA37BA6201047EFFA16785A
:10BF08007A36102EDFC016A086102E678CF62E9873
:10BF180057C01D8FA101CF610A9FFFE105070C00E3
:10BF280000080E97230BB6CF4F210867CF71186210
:10BF380090846EC7FC23560127FFB01882B0606F4B
:10BF48006AFBDABE268391879C36409DF71F02C2A2
:10BF5800261A8066CE0612058F7A583452F0D757C3
:10BF6800393F082A8FBC50E4435FC1457F6840DDF4
:10BF78001745044AAF133BA67E7802A245C8A53FE1
:10BF88000998D7B0ED47E2E8E126B7DE9E46514270
:10BF9800B90C39520AE414E4532B93209254B0227A
:10BFA8002E6F192469678BF46EC1E2E8AF6F6E5586
:10BFB800256E2F845617472B5B563EA0BD2F306E3B
:10BFC8009FB904C5EF210856C702FAA78BBA3EB637
:10BFD80084240B8B87B7D0B722C7E5062741B04F1B
:10BFE800C80905E4F0E409405A87FEDA0E9C2310DC
:10BFF80014FE0121FF8FA023258E1057EFCCA0053A
:10C008002C1E008BF61102001B4F3812FF632448C8
:10C0180001B7AF4401FDB6AF4001B5AF5790B4AF1B
:10C028004CA001DF6E01B3AF34010002EE8E014671
:10C03800000A875F7F70E800538C233E096EAE01CB
:10C04800BDFE153C821110048254162421983F76B7
:10C05800110257D05AF546528C83977D429312436A
:10C068009F7FA4BAB52650BBD6EA261801BEF62A89
:10C0780010F2021A043D2E38402A96D7708EBEFB65
:10C08800928281109EC005852EA2A0AFE1AFBB664B
:10C09800200108FE1F1C01A5AFF7068F1E08A31676
:10C0A800806ECF78E012A11158DE21061B46E412FB
:10C0B800BDA316A2FA061B0046540F8485AFF1C82B
:10C0C800BA4136BA0E248E79099D778C09900F7083
:10C0D800D68F73FE8FCF8F8F3C8F1CF68FF08FFC1F
:10C0E8007E8F2C0153CF508601A6DAEAFFD6514C39
:10C0F80002266BD65316A0ADCE17960624801BA534
:10C10800670054CE27E76FDF20E3E648D80F07D64D
:10C11800270038B62886A62AB64052F72E428C1633
:10C12800C48F08249F44F0CF58E610BB0910464C32
:10C138009FC0D22DB7F0A6932350E61648D664ECDC
:10C14800AE068BB68214BC520EA16EC60B3B56E7E8
:10C15800832E7BA8AF67D5BF2123CE70B733078066
:10C168005EA9FF85EE83073D4E8F58DF20ADEED5E3
:10C1780047177ACF0988736F0683920700AEDE28C7
:10C188000C0E77EE8210A27BC653D6DBE61614A3FC
:10C198003DE4DD36E7E170366B17A206DCDE161AE1
:10C1A8001FA3060E5F674E5F5BDA4F04070834FF74
:10C1B800981806118296322752C186EFA20BAE5EFE
:10C1C80090EF06EF50DD86278003D85FA2274B73D8
:10C1D8002F80B19817A11FE70E601E10F27FD1C7FC
:10C1E800DE9ED88F7F7480BB481E528690A28E0533
:10C1F800422F18A430965CE2738E624B7F62F7265A
:10C20800B796C414B754F543A93F4C4604CDA7AD1F
:10C21800584E1242A18E9786251C9E00AE0FD02E36
:10C228000F316FB082AC7B42AC2006FDC80580A000
:10C23800250839D74D028584A085DEEB6000A61756
:10C2480003044C97DA1ADE00B31FDA36AA90B8E670
:10C25800280075B7EE8200BF6A56A086177477C0AB
:10C26800308E40383676860EF0ECFF82242A9FF016
:10C27800AC11A03E87B0115850166F08774018C20D
:10C28800E6704E507EA5706F5C6643281328399778
:10C2980048E11F070F8D0FBE3026014BD768AF5BF3
:10C2A800F076A0D3142D1F2D2F47E0A511A19F1FB5
:10C2B800D411431B504784273780DC1614DE46A46C
:10C2C800F06E96F8964441322F0AF663A474FF0480
:10C2D800018EFF0367A1DF40D22F160D87C218C455
:10C2E800CF8C1CD62461B663C6C4CC11C7C7841CC6
:10C2F800A74F30C4681E15F016B12E30AE431F018B
:10C308000F3F0516D4E00543AC45D6273263CF83EB
:10C3180005B7ACBD2FD383A586020FB7E1750921F8
:10C3280070771AB7B186F86F117F2F94111C76A613
:10C33800FF5EA42344AC02220F4117F004D4CB378C
:10C348003E6000AE50FF7002C79FB489081D3E458D
:10C358000F7FF88C08EC96F781B566C2241197EF29
:10C36800573047CEE4E03678CF01AECE2093C73CB5
:10C378009C2382061ED2B3AFDAF10F132072EF6C42
:10C388008E648E34DE0251C7818CDE04E19EB126B4
:10C39800522680EE5F2C950E4D28243048B5670054
:10C3A8002C8F0D08DE25DC1E5690A1042D47C38175
:10C3B80012637E8417700F8F077834D48424A2FF09
:10C3C8001136EDFFE7CE8F9C8F21407F2184BF017E
:10C3D8009FBE3C00AB51D7F0428B11B387E940D5E3
:10C3E800C7177F6E3E265CD4B502A0D611589718A1
:10C3F800BF14EE866AB6AC97D87E060220F6147C87
:10C4080016660018E711873847905BA098120BE66C
:10C4180045AED0C217A246D71C8E02550811167F0A
:10C4280004A703943AB00F2C9E22AE0B3684CDA1FC
:10C438009EA66E09666EA9A70597E0C14F2F85BB1A
:10C448001E24DB080AD746DD7F77C07EBEF02E06A5
:10C45800001204576E3716B7763FD0D49A6F61052D
:10C46800AB6F0A15076C7F0CDC970B251F063C6029
:10C47800C00AC682E1B7254B379FB9ECD442700891
:10C4880006745EB6644F10FE93B64E23621F3C904E
:10C498002821B86FC21BFC66AC2362AC24A87FB706
:10C4A800E778280043AC211F9304040700E400D573
:10C4B800A990D0AB9209B11B275246E7BFE01142C1
:10C4C8008C43358FE2F2FC2CDB5F7E04157642103C
:10C4D800ABF74B17AF2C90EDC0C5261C0927778208
:10C4E8003E124F6FF0A200122A4F40D98072AC8ED4
:10C4F800A60064DDF733403A074167808ED60D4FBA
:10C5080086D20A079DBF0ACF862C0846A77C440B13
:10C51800678E0C0B0F44EE114FF524D518B6205535
:10C528006E349D87B4012A8F159FBFBE34B7030FA1
:10C53800D538BEB666148E9A86100F3E90026A965B
:10C5480073CAC927A076557226EF1E408815005E6B
:10C55800274D56358902601E69FA1F4478778DCEBB
:10C5680002618E94ABBE8026882AF610A45C3FC078
:10C5780018EFEE421B030044E70F50D584A22407AE
:10C58800054019D753996FBEA6B79AB6B5024CBFE6
:10C5980002285F153E8624DCD72A0E560D7E60AA37
:10C5A800104F8660F8DE5BEA629F58EF61E208E6AA
:10C5B8005F1EF8212092001849135705EC006010FF
:10C5C8007F0AB53F88FB86180003CFC54240605EEE
:10C5D800FF68CF4203CFCF4E701097067E701E249F
:10C5E80044932F3C600043226F191FA9AE325E4E60
:10C5F8000606466E0BAE17260BC2BE51AC9F476FA0
:10C60800D0D64476C2068416BABE879C861FE689B1
:10C6180011093257218E019A3EF0F1D61060762723
:10C628002E613ECDC4963158DE67213851020A3753
:10C6380011036EE11CD6032E6FA6D9FFDE168060AB
:10C64800450FE244D698279ED0D8D703244D8F6251
:10C658009BE6AED005C2258E709E5D86308E2B205F
:10C6680055BE2B1D670581028B7F09BBAF50C7DA0A
:10C678007E238793B002241A67BC6CD60E0F0C2653
:10C68800D7B411AF5D0736AF016E5450DE17A2B2B2
:10C69800F7E1F322AF11134FC0050FC0118CAFB0F3
:10C6A8002FC301C68115FEA28E5C0E2A3602120621
:10C6B8008F44BE309C77A0C8E726AE576D0287AD81
:10C6C8007706E567F550ACC021FF28A8EE05F0C64F
:10C6D80025029A47E92CC29630CED836B52613FAE9
:10C6E8001E3400B791853F200E8E309D960DF08642
:10C6F80018984F1A5505CE50D58C1E4EC664BAAE42
:10C70800B85AFE1FCC896426D8CE149228201E451C
:10C718004616848EA327C08727C0ACD85F277347E7
:10C7280052065EA23E468112FECEAFFF822602DC92
:10C7380027C214873E5F0526261003FFB4262F0D57
:10C7480009DFF021283202535E11C1F17601B5FAF2
:10C7580054286666CE452682DB19164AF31E593AD6
:10C768005752353E631288D57FB1B12640053D96B4
:10C778004514FB1602A2FF2E391FBBA6293102263B
:10C78800C2532E7EA3FF08F32606CF0846DE1451B7
:10C798003EA13F7E2170DB7E0026A5305AC07F2C4B
:10C7A800685F0F0DDECBB425060A051B06D82FFAE5
:10C7B8002B10CE001C4C67D20E9C6E16477FAD0521
:10C7C8006CDFCCD710BF8E26880711C7703825BEFE
:10C7D800F8400290D629F78DE2950F90D8E15FD7FF
:10C7E800D62ECFB6B548316F0C407E7F0006848FB9
:10C7F80036B09730027C0FEC6C8DDF11783F281E25
:10C808000D782F8A30F643535FA24386763ACF0FCE
:10C81800C6C46B77C2DEFFD7774710171A33BF96A7
:10C82800740F3F2539D6B266C0033CAAAFE897D14A
:10C838003CFEFC3600CF81F432004AB1372CCFC31E
:10C8480014175840EE8EFD660B4066154B1FFF020D
:10C85800110B3556018457081EC640D75FB83CFAFD
:10C86800EDB6072F1B00C1EA10F70B57A460B9AD4E
:10C87800E3F93ADF22F2A6201D88AE47A47BF69F93
:10C88800E502F907004A1406A8D74F9A3CF5F64086
:10C898000CC48E8530BF5777C09C23D3E9DFB0DE48
:10C8A800448C9B9FC4880B0F7F5E3FAB11B64C0E28
:10C8B80086EA760144BF7F248804261E5B9607B665
:10C8C800020EFE6DCFC12F28F50FD287ED27251058
:10C8D8004667AD0CAAE611848CB76831E7A87527BE
:10C8E80012E3375147061003C6680618CE7F6F0655
:10C8F8001C09070819C6AEABCFC810D818C8F60E61
:10C90800790C0F90ADCED10F02AAFF905817D250D4
:10C918001F368656026A2F07061F8703F6A062078E
:10C928004F3146026627C61205BEA6B9149714CE23
:10C938006322368583A1E70AB7C72628A24766A2DD
:10C94800A12C576F9CEB11438C35F7F004006087DE
:10C958002F0A86C7A9D89BDFDB02245602AE409F68
:10C968002F8F60344082AC5F0698D18F72445C98F8
:10C97800E189F78B03EE002BF68B05EEFAA28C40CB
:10C98800180416871506043D440BA73A8FB0E2BE7B
:10C998009A168E4C14168F88BE530EB74DB6B50135
:10C9A800BE76B4AF3400B303670C30089D47B1536B
:10C9B80019879B96527000C3728C9F751631A6C258
:10C9C8002811F55E90820EE68EA726D642C5B6805F
:10C9D800D0A1025E0780FEC0462FE6013AF6093B69
:10C9E8001F00558C8E9DE7A0094327859F6E8CD824
:10C9F800F8D626A0D8F75386772A2B0E020F51981F
:10CA08006F5805EE8E43C057EEE658BEB707B1E83B
:10CA1800022C5F0B76508E08B7F7474ED82DB0EA38
:10CA2800397DE60346A605A61E5FC610DC263E0E27
:10CA38002861A6546E0329EEDE5FE06CD844BB6E15
:10CA4800F0D1037F0A863680C5B7DD2056792F39A5
:10CA5800774BCE113E6FA01261AF531896493DD760
:10CA680005C15F8599178E14E083B5EE121FC620A5
:10CA7800029A0984661FF6E5E3FF3E1676F70D076E
:10CA8800B0A8D8776FF720BEB6BF24A92776279815
:10CA9800D82F3F8F3C8FF38FCF8F8F3C8FE034FEA2
:10CAA800B2DCB18F282A679850C09DC720006E3F1E
:10CAB800F1238E2526819180851C36730F6450855D
:10CAC800FF497C4F430010AFF432004013670089E0
:10CAD8003D6FD86917EB14D984620710AC6E2BE64A
:10CAE800EF24001027AD022AA76D2527C90472225A
:10CAF8007408031FC00CEFD000E74F248EC581FFD8
:10CB080007E0A3163EB0A3D828A0A7DAAE3F09369F
:10CB1800A4376D634E6A3FDC672445A7A48B863C27
:10CB2800207F5E20A18434137DFF25C69724F09EC4
:10CB380017DEDF23FE60FFA0BDB5EF0C9801B977C3
:10CB4800899C19F78418A8E7472F3E38D98424828E
:10CB580005E77039323CDF2728F4D78166D64326AB
:10CB6800DF60137798771960C4B706B6C18F980F3E
:10CB780073A0E9B0DEE9FE21E0CE214D56A621FEE4
:10CB8800D54C210ECF21213C21F121BA4E219EEE18
:10CB98002124E88E988546A0686A5606E7F080C08A
:10CBA800008303AF82D89CD73080630F3AD784764E
:10CBB800328B149EC45400634FBF624FA4D9808443
:10CBC800C2EF050F600BE7E1528C98FF5184EE9994
:10CBD800D62B8E88824A4E4F060A472E095B1EB70F
:10CBE80082F0B778564B0FFFA902DC3A0425F00211
:10CBF80027427F178002145032D7081F71C0D93FCF
:10CC0800C7F8ACD90786AE2ED21821853E26A6C213
:10CC18002E700EA6753FA8730F20751E5DE6910253
:10CC28002B3F6F06248400531F18EC20A427EF0B1A
:10CC3800E722415DD6DA4224868FB4F81625A85B30
:10CC48007D379E97B102663DAF208C06088F7848E5
:10CC5800DB84CC0F0364A5DBDC7782C168CEBF110F
:10CC680044049F87AA0BF60076A7138FEF502F5125
:10CC7800671EE19C235E1666A38E824F4F0546828F
:10CC8800C1B1035FDB86D72704CE36E156080E6FA5
:10CC9800460D86C5D02610A5B7A3361EE186BE6A06
:10CCA8005F70C63207677825209A8C1F260E881475
:10CCB80055B634287706DA48C156020E1F768F3CDF
:10CCC8008FF38FCF8F8F1FB68F3C8F7C868FFC8F13
:10CCD8002821044DD7217A37A336CC0FC062CEF76E
:10CCE8000CB7201FE6A767D50111C7A2DF105A1E8F
:10CCF800E63222DF461283770EE69BC621A5F08F27
:10CD080054DA44704F6067404F8A62A4B5DA1EBE99
:10CD1800979BE03F10CE09AD97B606488E2686C28F
:10CD28007E853111E20A6CC3001C77C702002CEE25
:10CD3800442D36B0C0B6AFE4675058A8916FC5BE51
:10CD48008E3F85AC8646BEECFE86A902DB6F6AEB99
:10CD58002F2DFE17A024DBB71F92B06E5C1E97AE76
:10CD6800FD25080F97B6828FDF184081F197314073
:10CD78003720C2DFE2AE02803767C8839DBE72BF2C
:10CD88001C3FC1037F8167BCE8DA84249089F127BE
:10CD9800162CA6DBA5115F825704236E045F082CAE
:10CDA8001EB727105FA4ACF6057EA62130C3020289
:10CDB8006CF71CEE305897583F594FA238A34F676D
:10CDC8003E0E8F0A02E407106F0D2817FF6E0777D3
:10CDD8004E075D2EE9D5FF7E0E85411EC1A60E6960
:10CDE800528E81F78B2887E9B526478E8B5036857A
:10CDF80048D05644019688AC27A8FE5674B0AF9424
:10CE080078AFAA665431EE03FED04CB24F17EF56F6
:10CE180047B8C4CE097ACFDBB2A3FF123F56580AEF
:10CE2800530B4A276912783F255EFFF4ABD14EC8F1
:10CE3800DF8EAEC01120AE80BC283E45C8EF0A5B2D
:10CE480007010041514FB4360304AD8F230A260F62
:10CE580040572F85C2422F0697761E43AA5EC80602
:10CE6800EF40C63E877EB8270957C74CF889A426E5
:10CE7800F7E253136F11C126965E6D848E26A58145
:10CE8800260BC7010F57B0669EFEEF4FB811A2AE32
:10CE980078068EC3350FC28A4CB7B6D640AEE15776
:10CEA800CBBF9E0C3E56B4E15E3D1610DC2617E85B
:10CEB80027804C3FDB4027CD4CF1FDE3FF17246E64
:10CEC8000FE22C4AEF9181C70EDB84C73F4C89F1F2
:10CED800B81F38BC4933EF24C4B8E233A77E52E206
:10CEE80070F72E9E258EB027BE77C031058EC71EDF
:10CEF8003C86FC00AC11C38F15C687845EE537C03D
:10CF0800272D7886C8DB538F074CF121B65EC58F75
:10CF1800E887001D4E401063FF608300256216827B
:10CF2800FEC47E0420FE14F04695DEC218734F5FDF
:10CF380022CD376644FB8C470077146F9C5F90F8CE
:10CF48002709516FDC427E053E56540887D866276C
:10CF5800768B219E012ACFC04AB9773429C8A411FB
:10CF68001C2C9232A1B788E20EC7D0DE1E8AFE774B
:10CF780002568F4A186E095A8612E8B7BDEEFAFFB4
:10CF8800FE16C137A1B70CA7314589370027B7442A
:10CF9800DB844778CCA550FB6F38DCDF4F68DC8436
:10CFA8001086D71690E227634F4A3F51AF905E36FE
:10CFB8008E2EAE1070D6AD3E6BA6F5A811648C917E
:10CFC8001EAC8CA6335FB724630B2E591DAEA8BBCD
:10CFD800A71EC717E2A8F33877361F85068F0B4BB5
:10CFE8003F6FBE8F57868F57CE8F5686310E4DB402
:10CFF800B35F26B218A60EB14B307762D55F040036
:10D0080025BF1147C3DC3F53C825C9E870174577CA
:10D01800DD1E6E30FF898BCF00CAB7C416B01FBBA8
:10D028001EAE4669023C6367859A1689041737F174
:10D03800A4A36224951762CAD7E3201078CE61476B
:10D04800A99FC8EFA19F84FF05B737ED2E709F0BEE
:10D05800714F6B86AFCF260C77A22F18A51914B77E
:10D0680080B75F1F153CA4D811A2AFDC1605BA5FC4
:10D07800163F1C01008B1F0A53A82E28B0FE601013
:10D0880016ED678C7705BA67585744A08E16EA677D
:10D0980016572D270740705B896760471016E067B1
:10D0A800BB11AF630E46D88206462050A80216A9C7
:10D0B800C790637FFF034230C011016B9FC4B01853
:10D0C8009BC7AC0E8A67112177784F010F47818D76
:10D0D800253EBA2EF7577F00C38933158FBA0065EE
:10D0E800805BB64746C6DE278D4FF5F6FFC22D7F1B
:10D0F800246F1FACA3D95E246FCDE332432C207874
:10D1080027A310704FD0105C8F8C9987B903975B59
:10D11800CFF1FFD5E216BF0380521B87E3120C073D
:10D12800FEE22625F0E0021234CE8C7E000B97A199
:10D13800F04A471E3E860E0E3BE64424090E1FBCED
:10D1480020DD4B47D0B8188D6FEA0F07DFD1069F57
:10D158009084D7F7C22C2126E03F00D72951AEC0D2
:10D168002AE6C2FC8F34DD40476F5D6ED70F8C36E0
:10D178005AFFF0D847001D8E40AE4F534E09790430
:10D18800E039628F567BC65C4EDA04D61400DCD7D1
:10D198006D26700747601603C6DB7C170BC4760E36
:10D1A800077D5FE001DAA6E2260BBE1F98DD84103A
:10D1B80084F72E4F547737A42EA4345267B3C6E1B0
:10D1C800B0DD25D2DF1285BEBCAADD56BCD52EC483
:10D1D800E02DDCEF943E171702DCEF28865F44044D
:10D1E800A6771EAE97161D8FA2C78968671CFFFF1A
:10D1F80096AD3E80671B08CF03202013F8268AC609
:10D20800E22FB78D810015EFD306DB8E26E0AE5EE8
:10D218000F4C27217E274202DCE73609BFDD57B4D1
:10D22800E911A38EA187605F64040B90232E017817
:10D238001218124F9CBF23C6548FEF96A2580A406B
:10D24800B8AC7F04E8E71A803ED705D106A2006B88
:10D25800EFB8061E8AB526A205A5272BB54E43AC06
:10D26800C30F130D27605846161E341E9E16F4363B
:10D2780015EEA91DFF11BF023FA011D882A03716D5
:10D288001EDC8424BF0936AB2E03AF1F020000A7A3
:10D29800C7C4110162570C4F5E04AF0AB60F9EFE59
:10D2A800CC57470C2AF7405BAC07501781016798A9
:10D2B8001605BA07163F1CFFFF9602DC07851FF705
:10D2C80062808CB70717B08011153F1E84FFC44FCA
:10D2D800B9CFC03F2DF0067D39BF73C7264260C95C
:10D2E8008587C1CF4FBE734FFF03EA6E377AE06E72
:10D2F8005BEE17853FA17246AF767EFE2E9E057CBB
:10D308000CD60F268091B70713AF88FEA99708831C
:10D318002EA7A0392DC407D340DF7CA811E230AF77
:10D328006E1E02DD0708AD3EBE26854F4DD486032E
:10D33800C4FF20084297D557A6EF16372C0EB7061C
:10D348000F945CBF3AC48360B710400E2D40F7605D
:10D3580025D647174F700438AF9C0A00B72778F6D0
:10D36800FC0010E16F166F80BEB73F32C213F4861F
:10D37800FF8776EAFC2F60E061C8AF19F0FE2588C8
:10D3880030FFAF500A848024938F6323670DE266D1
:10D3980047B6A0D52F0F0E0212D78BDE269202F0C9
:10D3A8006F4696E1A7001B3FDD8481249BCF59156A
:10D3B800D785356F6E47C408DE99980F809177DF5F
:10D3C80010C1245817729C5DA006DEBA3456D1E00D
:10D3D80076A46AEF56348E8F6E1000ACB2424F912D
:10D3E80087E420190BFB282002DF0D5CC486B48675
:10D3F800043E57B28FEBC6104FC1A82F5D90FA4E6E
:10D4080026120756678017B54F081E6EA73FEFB85C
:10D418003E8059902F3376F8D833042655478C35FB
:10D428001EA5AB07080B3F096037932609BB3EE4EE
:10D43800DE8C84037F0CDE1EDF02F7CF7F05052715
:10D44800C15721DA27F4DE488F2F2CDF03EECF4FA8
:10D45800160F70E7AB3EA53FDB261026A1704E9F46
:10D46800E83300FD2612AE0BAE78C8AEA557A1C8AA
:10D47800E46D78CFA201E1561C2A576120B0BF4E57
:10D4880077BFAFE75797083BD7C158DF57377F6E4D
:10D4980004F70ADD3F5E2528950FC3F72B753F6C0F
:10D4A80077E478DF4005575E38FE29EF4C4806845C
:10D4B800B7779C5E89C42A86B024A596DCB0B3AF42
:10D4C800A849518EA4271650C0D2A27EBC4AD6992C
:10D4D800B8D1AFB425DE521CA46F005C1FB43E6700
:10D4E800121E7F14304E13FEE030E00558FEE07344
:10D4F8004959DF099AAFEA9810FF8008BFEA36C099
:10D508006E46DE1A1E4783CE058187E1D4B727BF52
:10D51800400F0CF7ED404226EBB2D677C2A7006D5C
:10D5280067A5A72F16E2113CF9C2C646B638B7441C
:10D53800C787820367D3767098E1841147F0182370
:10D5480091BE6362AC8457007AB70286DF001BAFD6
:10D558008822DC022EE6490A26AED8B622AE7846E4
:10D568008F79268FE78F878F1E878F669E8F8F799B
:10D578008FF18FA025FF33C8429B498166E668A6D4
:10D58800837DC69AFC169900A7830060AF17370EF3
:10D598004002F43E8F82380EB58C9EE02F5257120F
:10D5A800BA3F866613E7A0F01BE7D10380C38D3F1F
:10D5B8004389AC387F1E01A4271827653F560168A8
:10D5C800AFD6CE56DF5CD72721983705BEA8806036
:10D5D8001C4718B62088164056866097B59F96FA5D
:10D5E800FF8496BA8EB514284614391614FF153CD4
:10D5F80021F03E025E2FDA94E02E12FC7621B03440
:10D6080000580E4226210F0ECF767F9801B5BF72C3
:10D61800468107942EBF45B70F3D9700A42119A74F
:10D62800DC82105F206C97287A6F46D596400F3FB2
:10D63800F7BCE084243EB98F2FB166A693246EE729
:10D64800E8F72E0FEE8074CE36575A18975CA69AD4
:10D6580025C88FCD8E97F0EFFF043430B456203CA8
:10D66800DF440489B71A0F2740AE4D9777506E1ADA
:10D67800D676B126B630DEC1EC5032C339D7AF8684
:10D6880014C64642272770A293220B07A444174FBB
:10D69800A0A2F17FAF818E2EF6C4842C88E3965F1A
:10D6A80000434F42A12C13B7484C372F16AE6C9647
:10D6B800C49701600EC3EF02FF0720570139BFB3BB
:10D6C8000E24020EE68C68118E7A6C0053ACE8DEEC
:10D6D800C407D7813D8147377027E1C28F0C56DFD9
:10D6E800D01ED3E9DE94DEB1EE4966A0E69A85DE67
:10D6F80076E8DE278E9730B5B7F80F00070A9657F9
:10D70800BE0E8F814433B73360410486C0265395DB
:10D71800CFA3B6428CB82E2B4D3E026327C2A3ACD2
:10D7280017FEF2F0FFC714606C96B721C98F854FBA
:10D73800A046264E2681253DEF680FA614C4FF009B
:10D748004D4F2182B6FFD60FFF22128A7C76AA2679
:10D75800B764200FF6FED400107BE726548D1736E9
:10D76800E1093C572CD8E6AC249972571706BE1627
:10D77800ACDC2694A7820F8E10615C96458C0B6FEB
:10D7880066747ECD9783013E07103637422496A1F2
:10D79800E7092F97001567C0C55FD3045775112D8A
:10D7A800171111702F0ED4E103B7E1D450FE8BB4DA
:10D7B8003FB56705C07AF02E1BC6C71201B0678750
:10D7C800FE40E113E1CF0FE66C7620AE2D4557C43D
:10D7D8000C5DE732E99ACE680E76940E5E780E7686
:10D7E800747870316E5078BE24AEFEB7AF8800688A
:10D7F8005E84019A16CAB48077F77C00B35A538FB7
:10D8080012DF3CD00F10AD3C2BAF534EDF1058AF9A
:10D818008B187717AF1081E20B67BE42F7D800600C
:10D828002691A67D0CDC1122A2609EC7B6B076A018
:10D838003CCEA2AF2B4FE1023CD09734601E07CEFE
:10D84800C2900A0606C0E6C007B66640AEE7444482
:10D858006E93DF21B5F6712635FF0BD6B676238E8B
:10D8680003A6618EDA157E2CEA8EDD426798500B8E
:10D8780074EFEDE4054EE09105741FDD0DD397B00C
:10D888006D4F48F0B7B0E1EF711E30ACAEB0207804
:10D89800162036C8EC4E3601B876F4E2520D9615CD
:10D8A800E024D0E210BEADCED78E2470CF239EA840
:10D8B8002EAEE28065BE503ECEBC360A26157ED519
:10D8C800A4AED41E0381276B44709FA75E342E1725
:10D8D80077A6D62620109807095A9F1F08E3A52483
:10D8E8000976870D0F0F0190270D1F14E1E384249B
:10D8F8002207C45DD7D58F7778F3D913106F710CD1
:10D9080099A74876AF3D2728787E2C4838877AE74C
:10D918006204FC3E8F0E5F4F62AC7757CC11E35325
:10D92800D58F289C3F2B26D11119F5272A28E64D9B
:10D938007DD7668EB82640A0CC7C8625A010A68D03
:10D94800661CE02198C241FE8E2823A0062697C6B1
:10D9580016033CDF40D75F15843C9C979227B74459
:10D96800E3F6A426DC053F95027797A0C00361374C
:10D9780003716770607A66FFFF17C7A67FFEFD1602
:10D98800A02354AE9CA106ACA10FA14D29E70586A2
:10D99800F37FB749006286162F106177BBD7A016B0
:10D9A800CF7F440B42B48E9665080C5FE916F5FEEE
:10D9B8000424E60F1EE2A624036448874E5E9136CF
:10D9C800D803D648B9C7BCC0270CBF86F6FF01E20A
:10D9D8008F695E77440B35871BC7020567626EBE89
:10D9E800B98C47C2C7067EC42803DB979F9F0915D9
:10D9F80087F4441408F7DDC7739826339E5798C7F1
:10DA080016A71871415076CA18FE333FF708B4EFCD
:10DA180004778F6091E48001B53F4A92B037376E42
:10DA2800448E4D4F8CDC07D8378F5EE20240180CCD
:10DA38005A0F5BB14F563E202AA102095E20D13E03
:10DA480078A9E02DF46606D777275FB66801186EC7
:10DA5800C666044C77848156FD98E28424078B4F70
:10DA6800B7C03F2402EC2EAF17C0211EB6F12E2CF2
:10DA78009DBF1E12915FC0260BF7EAC00356872987
:10DA8800EE6B565C0ED40E753A8E162E36C092A8E2
:10DA9800EEB611C17FD0EF1023EE6912A895076486
:10DAA8006F3D06B646C32E5EE1628E7FE2860205B2
:10DAB800CB571E807F2FD01182A21C2F28765FE0C3
:10DAC80057DAC0C01245F7B4576002D796360363D9
:10DAD800A6D0A01687660CDA0062579940151D2E4D
:10DAE8009857A4B69E4EDAF4FF57916B3F195684A7
:10DAF800630EA25648662F575C277F045C1F100EE2
:10DB0800A7419622D6F56008B5261C5E20AD0F0AFF
:10DB18008CC608A7118326883DFE58BF0C4F7ECFC0
:10DB2800BD280E0256D7E9E61A772EA2E53FB6DEE3
:10DB3800468E26C480A2BC47D418AE033DA7843ABB
:10DB480087A6450BC1AF16AF0C0F3271066A47E4C2
:10DB5800B63676C3458E678419A31E0205D8475A80
:10DB6800B68740199036167E04451670C100A60681
:10DB7800C0A5DD262657AF6C2625020CCFDECF6C5C
:10DB880076540014C7E8478CB88E468C244CF6EBC4
:10DB98004F2886831F058BCE8E88A50B580F0A9CAD
:10DBA8005F89A57E5754F546FB19CF684E43135B32
:10DBB80017F7FE8062373FA374B877FEAF97A023AC
:10DBC80055273D100043BB67422FC2BCC74312D73D
:10DBD800359E21211F6C8637AE89AD1EAD3E056787
:10DBE8008025AEBA6FF1FE0F40AE6B4F020062CFD8
:10DBF8004787AA0F523FD4CF33658023FFD95FB53B
:10DC080061C78B875BFB0F120BD642762A2C0292D8
:10DC180015A730303C663BD6B64F161688011FCF85
:10DC280066898E93C774282D86C50EA605A5C7D00C
:10DC3800570703D1370150B7E898E33D67B134A7D8
:10DC4800AF4CBF66FBB60077E7188A21BE78368FDF
:10DC5800267F830F8770CB0064159288110A07709E
:10DC680000110DD75C18335F2B801868E2F9C65293
:10DC7800FFE4D241E91720F00F429420C8CE054DA9
:10DC88003780283847E3E86396C402AE9BD1F7296A
:10DC98001CD6447B1FCC2EDF2C16EEEE08520E94B9
:10DCA8005CD80E4234219F415CF7188748AE0F3389
:10DCB8008F5C064D4D77C0ADAF63AEF6E8264224C3
:10DCC800DF861078E48A732EE71CE38AC33A0733A9
:10DCD8002176800E57020E4698EF99500312E9DF1D
:10DCE8009CF7D4E32CF0CF127257BA061E2E2F9150
:10DCF800104C3FD18F7EE3440B907E310671978A9A
:10DD0800CE03120417601FC71600E80324120A6F17
:10DD18000534AE0435BE8ED727204E680CAA1314DE
:10DD28008E03D06316714E8B3607248528A5CF0243
:10DD3800A03DAE52266BC68DE56CB7D626183F5669
:10DD48001E942682048EAD0477A62598C0F803CFCA
:10DD5800FDA226C3762706304EB54F7800B9D8B64F
:10DD6800CABC172E7C0625B02A460ECAAC6F82FBA9
:10DD78004E404EA095167C92C805848234EE680603
:10DD88001E8D805C6C0831AF66CE058E630150EE47
:10DD98006B9E031E602DFFE03ED8D8F7AA6300876C
:10DDA80096465EAA1ED454FFD0A08D4764B9144F7E
:10DDB800D22FCEAD777E380B4F3757C7068E4E051C
:10DDC8000EE30B422E889395FFA03C614EBF9C2327
:10DDD800397FE00A0092860E4C82244696A43E368D
:10DDE800403106F517E4E708FE084DDFE4A204E138
:10DDF800972E1E6B44246D584615270726BB0B46E5
:10DE08003EF3BBBBC634C316668A76090A4652740B
:10DE180026504D50464CB6E5B783DC9E3C268FF322
:10DE28008FDC8F1E468EDD09249780C458085ADF80
:10DE38000F090685248200F5F60A0681A6E3A9AF34
:10DE480078C6ED88C5ACB406C4AC55CE4BF816827E
:10DE58003043762F243E2640400B0336624B016840
:10DE6800E31E20600601CDE62658321FCE23C238B5
:10DE7800EBA438F48A5A14B0A835FE3A1716686825
:10DE8800CA93FEA8304613C6F64F7A03701631CEF1
:10DE9800D680CD2625C2507782A27EE2B12E588B3D
:10DEA80008560AC4100E56550675100F6736A64A4E
:10DEB80031D3068CCE6B9260BE704E6463C6A106E9
:10DEC800A5461E9AA7AA0FBEACAF34AB1FE721ED3B
:10DED800220CAF0B7EC0AC069E0EE70CF7F7468F00
:10DEE80056BD8F668FEF768F868F78968F3C368FEC
:10DEF8001B409B0EA02C8609267707802935102306
:10DF08000F04952E3686C9AC0B166A00156EA478D8
:10DF180017811B360E62C3AC846608B83E208700A2
:10DF28002C6E8301408F47E8782EC47C66CCAC33D6
:10DF380077CB7906C7F8C2AC51193327FF175E941F
:10DF48001938FE5B14A6E70746B2A0CEB84F49932E
:10DF5800BE67A0114D750E90B466270BD8262528EC
:10DF68000F3F0F66AF0E6F840E2186BF1EFCFF4861
:10DF780017D646102A5E81C885160E568B74F6840D
:10DF88005EA927155E88B4009E43671F42191C5F6F
:10DF98008C0B57197D9F86200787C0468C7CF7C05D
:10DFA80061AAB775C500485F9A1D7E07EA06448BCB
:10DFB8006F8BA67EBD0627DAD73200DF2FC274E446
:10DFC800598D8FA1CE62108E28960B1CDF802117E9
:10DFD800C638DE6440381E1081C6C60162D628667F
:10DFE8009F6FC2960F0B268746DD07C42CA6BFD4A9
:10DFF80046C68337233ADFE6DC6EA6FC006BB734EF
:10E00800BE562AC742311EA0231F0357279470C645
:10E01800BBFF8C0431DF2E37036FB685AC684784AD
:10E028001BE96F0A17040EA7FA4390A050721FE865
:10E0380067C42B5F815505EF30D1191F84C6116F56
:10E0480020A0FE7770EE05B65C41F08EA8407EFEFB
:10E05800F602409010B59702D4B738783612B0302F
:10E068005F216E4C56C6ABBE868C6CCE959034A4A0
:10E07800454FA785D0BEDC00DE4FC0D68C8ADD5E5A
:10E08800DF5F00C2BED0DB8ED4B532423F0FC5245D
:10E0980082F017DBB2B52E7CA68F334A9EE942B3D5
:10E0A800164FCF709099C616214FD904E54FE02836
:10E0B80000A3321F99CEEF168FD7839026C39112F3
:10E0C8007E41B81EF690570206FC3202460047967B
:10E0D800161E46920260FA0035A720E27E686E3F5F
:10E0E80063053427E2180001FBC7503EF4E8052613
:10E0F80023EE6A258E0E8717260D068500E2EE644C
:10E1080010F7B616638EA3E68148275C873018346B
:10E11800A657062BBF877B9EB88C7E308F0F8EF854
:10E1280082E1966C36A1042D573FA8783E7341A42E
:10E138003F40F7C6D0260FD74952671CD7160EDEC8
:10E1480080A38F0ED79F525490062713786E2127ED
:10E158006C6E76005F27B036D60218255F455D479E
:10E1680083E7B6DC83050611229F11F0FE7F915FDD
:10E178000E562606CC57E102292ECE435E76C21FE4
:10E1880007FEEE02240F0238E6831D1E23DA065628
:10E1980052155644041AC2D70BD6F42A10B202B14B
:10E1A8004EB82755C6947E3E9432DC7E942E096084
:10E1B800C9BE6A67C59608B1476B67D7DE3CF6608B
:10E1C8004EF9FD0E04E2A526B78405D827012A5783
:10E1D800C4542F5B5FA20E2F87335F33D601432DC4
:10E1E800C7F08F3A8AE60710323F5C861356785498
:10E1F800E69426411F971524A408CD47114043C72C
:10E2080037AD82B977A502DF572600E00243E7540D
:10E2180002A7C780E6D4A524BEFF4002953FFFD5DC
:10E22800A2D01155A0009C47421676263126978722
:10E238005D01247C878F0C1547AB1684141B67F18E
:10E24800440B468CA50F63DAC7BE0D1C27702468E3
:10E2580086762731F6EB9BFB029E10956E4F8196D2
:10E26800215837280EDE40532F0679AE08DD8F7A05
:10E27800CBD50686E0BFEF07360B63E7192E1EB332
:10E2880014CFD86E3FD632446FB0772324D84F02CC
:10E29800B84F90B05E1376581A4F528C975CC5648D
:10E2A8004437E2A0E6669F0F183258F737AC2E01C4
:10E2B800D296F156B31E89701609733E06DB56A72F
:10E2C800D4BFFFB17635A659081F82BB8FBB084F54
:10E2D8005DB5067F61F5182F0C2FDE4310082E77E9
:10E2E800D0B16E1F76D8E8EBA2262C668F95BB2F8F
:10E2F8004B763FC22F287605BF6EA2AF025F4F4212
:10E30800161CBF28811FF699FF52142F18963E77C6
:10E3180040AC1AA718902E57E32B4F61BF9AC880BC
:10E32800C82F9AFA7E51321C3447A177FA80881197
:10E33800B800E704D64A26941C7EC94E055756A451
:10E34800CCD18C11388057A603169D036366E0254F
:10E35800B0604462A6696147582AF58E93AE670893
:10E3680031D72043268002AD67A6A9328CD609187A
:10E3780007BA333CDEF77F0226705F9A1ACEAE6E7C
:10E38800C63421E05E7D6F28E2BE6CF8A642909EFE
:10E398005EC146948686D7109CB617166A02A048B6
:10E3A800C076DAA0E626277EE04800C443A77000BE
:10E3B8003413A4F54F20C68E88E0CF849299C1CE3D
:10E3C8005253A4845C3137E9470672081C20B9808F
:10E3D800D326050F4F740D3AAEB74817783C4C9CBE
:10E3E8007CF2587380F25C00A2FD8400E2AE69D82A
:10E3F800778A167E021E0D366B4E8FC4C6052E73A5
:10E4080019C0CFBE06F726B4FF6233D7A384095AD2
:10E41800674D46A0C37D654689A7760C48DAA0A853
:10E42800A56EFEC6A01074DE11BED0E1EB067F3FDC
:10E438006E379E06B1F11EE032E497608EF6B33077
:10E448004C3FBA470A700B86A014726FD9BE77FC8E
:10E45800E845A7AF82C092521A9CDF23154DABFF47
:10E46800802C583F0166EF7190EC82679FF4FF8320
:10E47800470288A5E7A7775C3496017506DCA8E60D
:10E4880024589703A0768F0E5E9A8F8F698FA68F78
:10E49800808F3A568F00E9A68FA68F1130EFC0986B
:10E4A800199447971F6128E577B53E09BAF6260003
:10E4B800B1E61F0EF011E924261C424F4438169885
:10E4C8002C76262820CA678D2E36C286E513ED07DE
:10E4D8002E528526B167862826288A7AB7C3171F41
:10E4E800C600C8C790BF84250E998F8A10F68B8600
:10E4F800F20B4F4754636DE66514B66E043CDF7645
:10E508002526B7708424025D4F7509B0A217400113
:10E51800AFEFD8E60346CF0DE02C3A2A4FB4278E4A
:10E5280089333F1602EF3FBC07411FA745C8095F63
:10E53800978DCA04CFDEFE0F1916C93FB7C442A291
:10E548003F4911840177945D474D1AAB3F4AC0D6C5
:10E55800077E8800C596B640444996D616C6AA379F
:10E5680043E46C0426872A4B4EA160FEAE1843A0F4
:10E5780050DA0FD13B560E0AC65826072C162644E9
:10E588008216D7CF5333DEB6F1B408A3FB7664AC5A
:10E59800CE77248E05BE6D1EA0AC5E4EAC08F30689
:10E5A8000CCF10143C18F31CCF24207D278622366C
:10E5B80001021F8EA8826096E05F549F8D917FC1F3
:10E5C80087A9186E86067F165F837C06A6CD87C04E
:10E5D800DE2ED8FEA7ACCFE6E9EEFF8514676D3EC8
:10E5E800A58CB0560792B628761416E6EF7F390048
:10E5F800E6107317266066ACDD673B00A6F857582F
:10E6080034D15EA70200A10F5AC156B639D7B42635
:10E618008690D5A608127F3E302B28060B6FC702BE
:10E628003081658B6E85906E1AE814909656278017
:10E63800A729FFABC082BB063EBE377E678C02713E
:10E6480016D78EE6FEB9072721CC57C725CCB74683
:10E6580025C3C70C0E1E0B00A2386C8E8790012EA6
:10E66800665310F0FF4616C976D777052EBC4326A9
:10E67800056929B7A006A9B7404ADFF6022932136F
:10E688004FEEBB14665C40654288D760CA686A0F63
:10E698000442C05742AFE81406F751470891595F42
:10E6A8001E3EA4232127E007444C179460D0863CE3
:10E6B80075564B83F730989AD60AED964E23DE8E20
:10E6C8000A2E347D1400654787E4ACE6192FECA5C3
:10E6D80084247F22FA9F0060141F3098899784232E
:10E6E8004CFF2E25700FF7FF17EA804004F007B0A3
:10E6F800E846FF0A30D7A4AF1F90EA1143AC87273A
:10E7080014E758E947C87FD7CF7C76C5C49E760002
:10E71800BD9E8517F1FE8E1EB8EF7B023C90F76B0D
:10E728003C6E140D8C3FD00698B97F06A70697ACAF
:10E738001028CF6010AE9F0423AFB644E71F041320
:10E74800BF50536EFF979743283F7428A226E7329D
:10E758001E3FD89698110A56FF19B7027ECF05D7E3
:10E76800C7442E60439044C09F3F0C87B08FC318A6
:10E778007F632DC53782E7181021276E5F0CDFEF06
:10E78800E43350848CA13F4889D0F75500E44E6BA0
:10E7980027F02F60D28F3260D07F6BD87F34171963
:10E7A80068436F62A000BA9FD26C3F05BDA609EC12
:10E7B8005E1F82EE894C17AFEA0CB0561026166E13
:10E7C80007FF9426B7553084872C2FC9FEC44F52B3
:10E7D800854F902FBE661E1E5E20947BB608FE41B4
:10E7E80047B776243FE8772E2727B8E78784E7805E
:10E7F8003C4E2F5EC02880137F1FE408156E60B35F
:10E80800F10F4C8DF108573BC866B05FC9486E3FA1
:10E818007767F8088492244681E9FF2978276211EE
:10E82800821E9987E6975C1F0D393F80AD177F2BB5
:10E8380006AFE8A917D780C446267E570524B6EC4C
:10E84800E71CD6AE29DDA78416B700341E609F16D4
:10E8580036A6661D1E205A72EF14F3EF47600316A2
:10E868000C4F286158D7B26FB46F395D6F57CE9C83
:10E8780011220C8F3014654F17CFC3960A97018E5B
:10E88800034FC58F0226040F620D5F0E0863240C28
:10E8980000C5628C8F031C21E4628C061612C547E2
:10E8A80030F86C5F1104692D5E982A26248DEFC814
:10E8B80006B6B4B6161401728EDBA0160D0D488785
:10E8C80050579F098100A33F07D870860470AE682F
:10E8D80087326BDF05BE302E1B32460F08F85FB05B
:10E8E80023C9360E08A6369F1F80109E47328EAE6B
:10E8F800124C4E04DD26A349573043280C4B52874F
:10E90800AC17DF1E112484E452C226235CFE044D9A
:10E918004780275F687AB60FE71302B761E8901758
:10E92800409E80DE74EE8038FF0CF76F2EAC01B08D
:10E93800FFF02A812FE707A11197DA2458AE0015B6
:10E94800966E341EDF802003DFC487776501A0162A
:10E9580001466ED024AC43BA270041D8BFA8AF10F7
:10E96800DDEF1D070C874708E4DD20AC0F182730C2
:10E978002734271C2738DFE4259700D03880DA9021
:10E98800F125AE32FE0AD87F7071401A5E2ADE2663
:10E998009B775FE4BE042F8070147E8E2474C6B308
:10E9A8003676C50026EF38083036307C0F0D6C8976
:10E9B800FFDB801F261418DF0835B728BC88C76D11
:10E9C800AF460048671780EAD9083CFF661F22DE79
:10E9D8009700E400D0C3E67603B608D05708F1578D
:10E9E80019F680BED51600D80100012F87000AB19C
:10E9F800FF230F1A30E2F84708019AE6B8AA27CE93
:10EA080042AE28AEBB7F6700700878EFC8743E8DB1
:10EA1800334F2827290F2FEF0256044DB207268DB2
:10EA28003E4107A7BC0816159C5C202BD70E7ED04C
:10EA38006E0EF89ECE8D937816DB92428EE7E10437
:10EA4800070822DE05FE03052F781658D076661FC4
:10EA58001B0EEF321C0E0F0F3E6A8FDC47DED68886
:10EA680030C240D60A362682115F84352A0AFF3E14
:10EA78004A3526002A1166B7091EFE295C1E0C8934
:10EA8800A715CE090F8E2A7A271CA6FB263DAD8F27
:10EA98000F01340914D6DE5E35F4FF0AF63F38BE9E
:10EAA8004967F4F6B6F827C317A740770F44E42A56
:10EAB8000F27616F443CCBFF6773ADC8AD3D18E4C9
:10EAC80028E157860FF796EE1624408984561706D4
:10EAD800E707AE3404F7238A4711639EBC2FA98F3A
:10EAE8005C9E8FF38F8C130F22F7DE70014FA1D13C
:10EAF80062244C5F203AB942094F1E1F4E5FBDA9E0
:10EB080006AAF8FF0246A4C75AAF0AC006F05F017A
:10EB180062B6A0064A654EBF40150A7E0A6D208A75
:10EB280008080F6908DE468E8F798FE18F3F87BD11
:10EB38002704F7EC218CEF2C0136F8EFE704830665
:10EB4800DE055E08F791021F090ED329917771310E
:10EB580082AAF63116FFE1400901868F146BA08363
:10EB68002DD6043A61171063DF8DA7AF5E0420C06D
:10EB78001F8CA17F7E2A000924983F1402AB9F04B2
:10EB880067ED838C1682898CE306A03EA401549617
:10EB980005172F8618F8EE2A28830D0EA0F41021E9
:10EBA8003044BF4280228D4E855EC8E5F1A5300411
:10EBB8009937431F66F9FFC0002EE770E8A0811F50
:10EBC800FA8424001C8F804D7FA32588774291C248
:10EBD8008E869EDA56A7240B15BF836A8DAF871FD2
:10EBE8006860DCD630EFFF6DABC7EDE8905A2E9425
:10EBF80048E93F017B4663341EF6A4F3FF864022B2
:10EC0800BEAEA03F9F023C00005A8437649F2E3C52
:10EC18006D803232784F2C20478C0D3E2EF897B7F6
:10EC280030C0070E712118E2B4E4C76D8DB6B8B6CE
:10EC3800FBFF458357D643AC77A57717476B468EBE
:10EC4800C740029774821660C758011812AECD8863
:10EC580009A673A768BF0449C2271CAFDB942F839A
:10EC6800FCC78C6E973C78CF1B3E09F8D98000B75B
:10EC7800692FC300C46FA384B67F3F44D4CE114E1E
:10EC88005FA6F202ACEB840002524FD2168873489A
:10EC9800C98CCF4C0D13524F9A9684461F20B4EE60
:10ECA800765E481ED5802E22D01602E88EA218362F
:10ECB80052861E43A30EEA24FAA7080213DF00B106
:10ECC800186F7358D9E1475506828A40670400AC2B
:10ECD800F72F6F825806DF18090851F78B6EC68325
:10ECE80094B14E536F838AA45F9AA20B546FFCA20F
:10ECF800AFEEFF002C980F1E41310007179C0F2123
:10ED0800A6BE0F3080CCD7C13286ED30C237D0C511
:10ED180019A7D7450043620FB066370759D78C0A41
:10ED28002A97410F420C07082718F23E1FA2AF95F9
:10ED38005F70695D1F10C09E11C20E03C19EEE5325
:10ED4800621F634FE686459E006066CF8775204E3A
:10ED580023B7C6D0F86F44A042355F2861D20FD5DB
:10ED6800CEEC2BFF8D3097FFC30F0D7BC6EED0F78F
:10ED780007062FB11FC82448DA1E0706E51F85A716
:10ED8800B1415931963E164F4B000E5630AD1638EC
:10ED9800806861BFB4703F1BB8A4215085037536E5
:10EDA800EA2128075C560C0C9726CD271CE41FC7C0
:10EDB8002148D82401DF1080303E357A561103A14E
:10EDC800A63186A7571B47AFE907DFE7EF45FC4B9E
:10EDD8000E3C52210F0D58A20D3C3307FF2268F05C
:10EDE8002F362176303C47404C095F0F0243FC48E0
:10EDF800CE254552EF1714A1AD350ECF0DC6635C75
:10EE080027741812BC772458EF49BC5E6C1CA6689E
:10EE1800AC0E6898561907F6E70EFA49C0479C9F4A
:10EE2800C0011027D812820BB7615245FC2F0C4D38
:10EE38004FDA21580976E6C0E0C8FF00324FD058B3
:10EE48004D709768CF7882E1EE1068D12FB3B7E0A4
:10EE5800800161D720BFA6D6FF6C150657F5D3FFF2
:10EE6800E91437BF635E8688003417275632FF0FD0
:10EE7800B3BF8325F88101632C57D9103FDD424782
:10EE8800ACC08261C4AC31C60E4685878ABE8E6A24
:10EE98008D1D76828611368E800F0F2520042FCE89
:10EEA8007009078280BF3002B16E43E685D6DE3432
:10EEB800A63D18D64BFCD6FEFE822567D68927B814
:10EEC8004F45973C1D008011C7E10000A957698E86
:10EED80003C4D4360227A68F392F4A7EA5ADD89E03
:10EEE800AD05304E1B361517EC000924F76AFE2EC7
:10EEF8002128CD01CAFD8FA001DD37B0001945607A
:10EF0800CFB63E7F2003F1FDF16E03D887B557DBFE
:10EF180016E71B9F040F76978FEF06D6DA98FF70D7
:10EF2800B728A0C248E2276C76EEAC4FC0DD3F811F
:10EF3800BEDE100C46024710600F17CE831720B5AF
:10EF4800871A93FD7F27186005084F4440C84F284B
:10EF580048871E6E2B78448CBC094698577F828858
:10EF68001027FFE112C41E47C40A82321750828B51
:10EF7800AF49F05E5444B0AFE6C402AE48894CAC29
:10EF88007F3FD704EAC440AC4ECFF5B5334C3FF5CC
:10EF98002D425F921DE654DB033C46458CEA464110
:10EFA80064E8AAA46D420FB638BE5E2836A4219F35
:10EFB800EF4F57044FBD53B604AE4FF6E0962A1AEA
:10EFC8006826C4216EA726A2C6856303470898DB76
:10EFD80036A68314587F8EA9310058628F8742471E
:10EFE80073F76E5E44660AF04E4C6C164F20685AF2
:10EFF800A7C18B371A5BBE67B348414605D89C97B3
:10F008006D3212CF036FD1B6A5857E694E47101EAB
:10F01800DDB450D6498253D8D74C4C661F509EF663
:10F02800E8C74F03A58E15EE29640FA2361EF71107
:10F0380042DF18B75C37C05621BBD65543DB2407DF
:10F04800E7685741A70BA7B044551DAE92A68AF5AD
:10F0580076563248E70E16C257D077A2C740D2F884
:10F06800BEA48FAC1CE7B977D9975342A717C848F5
:10F078004B148035BEBF0F40404D3FE4E80063E0CD
:10F08800A36FD9484BCFC3554E0F3952441C25386E
:10F0980069995F58AA861BBDFF52449A5748BBCE50
:10F0A8000A56E4575295471F20BD406FC9677E46F0
:10F0B8005752C467E4455809003B16CFDFDE455870
:10F0C8006267724E5420037660CF1767644E54729D
:10F0D800434F384F4DA99F46CF1B234EA1172147B9
:10F0E800134F864DC7F15242F447A0342F5032C710
:10F0F8001B1E8424DB58453F9A4536544454074820
:10F10800E808051E3F515FFEFDFFA08A142F8E8878
:10F118004C513F5857D618064E15E760A55E122980
:10F12800AF7120C6043CC0AF8F1500BE0937F0B0E0
:10F1380033E7063A1714E226A1C71B266FC613C386
:10F148002764CB6F36622002D2A758083EC622FF3A
:10F158006288B73869E0B7B000B01EB43E4E2B10D5
:10F16800C7021186EF69C567B40F300B06E1A7C067
:10F17800C480BD07C621E727872DAE5F105C9F625C
:10F1880018E62566019685812E8040E66DD19E920F
:10F198002BC761DF149E00E3270A4EC7AC42D7C4D1
:10F1A800AC9719C70D7B6F0317AAAEC99F09744E98
:10F1B8002520FC2E26020F37382F222FF8933200F5
:10F1C8004381574327678D056F340104F0669E8F8E
:10F1D800EF27FFFE0424BB248E16C0AC71C6B060B6
:10F1E8006FD901FF58506C6F72657220FF6D6173A3
:10F1F8006B3A202578DE210A267046288B00414D7F
:10F208008B29BC662C34FF4F6C64207673206ED932
:10F2180065772EAF1E2C2620EF29203D0C0A663E6E
:10F2280001FF4E6F74206120FF646F75626C652D5D
:10F2380063FF6869702063617274BD2EA2008F47F6
:10F248004669DB72734A33726F9867656E2061D3C3
:10F258006E5865636BDFC44B2E2E2E0A6957DB325E
:10F268006E4A4545D350521E37CC3032587D090A74
:10F27800AE9753DD686F6E648899D8EF3E44657425
:10F28800CC2A04C7A149E0443A20908D537F55FD0C
:10F298006E6B6E6F776EB8452136CEE067440958BD
:10F2A80029973825670C7887730FDB25370C677823
:10F2B80042536E2C25646B1317AD61E06CFF20413F
:10F2C800522F4753205686339DDB396037EC32295D
:10F2D800FF47454E455249436B1E31567D31323802
:10F2E8006B29DE4F4154454CEF4328323536D86BF5
:10F2F800291F5E9A35D8446B29A37F6D3DA51F9BB6
:10F308003D008FB02047CD3A2469AC633C1FF64CD2
:10F3180020F958A8293FD63132631FB0333F82996C
:10F32800ED2F6F6F4F04C9362F128C4656460A01CF
:10F33800E420F657688EE2206B69F1246F667CF54D
:10F348002069374869743F7B4400491F55736566D7
:10F35800263C8E794AB02794E19CFB64737510456E
:10F368002EAF022C10764A6F6D2BBE74616B9661BE
:10F37800E402086EA06E6C7908A677C02043611578
:10F38800906C8A611F24308CACB252651636617954
:10F398002B9E4761F16D654275C0C49B4A16536D3B
:10F3A800070643760614A250BCC1737776596412D7
:10F3B800AE7C6379041F618617202EE473F0CF4476
:10F3C80017B07EE82066208843272B0503B04762E4
:10F3D800918C5630F52F1845C17175727B697A6525
:10F3E800722F02DBF9F7422B9864658676CCB665F6
:10F3F800FDC4FFD850EA1ABF69D0342040C7C353B0
:10F40800D660726BB69B9F3E416E792847DB082019
:10F4180048055E65B5621677B8BD2E20EFD857113E
:10F428004C985D4300F44175746FD87931F27EA42D
:10F438005479706517F6862C06C0D4338E23417F25
:10F448004E54683F067769B26C54AB5670E25574F7
:10F458003660206CD7EA06DA76F0730DAB6F8666F5
:10F46800B7C5A706F5EA616D936174728929F8102A
:10F478002986192C3D0229FEE01B5B39336DA8470C
:10F488003B45C0D979DE141C673BACF1D125C117C7
:10F49800F762650E055A64C3210AD70348B261644E
:10F4A80034317250D9E8426FA03C64B07E6320C802
:10F4B800D8BC1079210A0014AF1A2AB06CE5C57AB5
:10F4C800BF66CC3422088810A76088A13A0063BFC1
:10F4D800D8002001276269618AD85C2F753F577070
:10F4E8007378EC202D3E574752803158627A6F3C32
:10F4F800A451521860ADC0200AA5BFA10163698A52
:10F508004706045EAE48663E38731A5A63A86C70A4
:10F518002CE65620F065505358E535518E6E588EBE
:10F5280072753F7D730A00B1007D3053C21D2814E7
:10F538000BAC683FE043584CB03B7E1D2E2E8A8FA3
:10F54800D83657086C646EB427C26472BF05693137
:10F5580028708B3CB055A3AE175A777B506C75A6B4
:10F568004169399D3D65B26692F1746D7E60727D28
:10F578000E6761AA2E2E810763D5B469D66E1692DE
:10F5880066793A55766F72F117E75821CF9B493E55
:10F598002EBC6158E29280002D8270708158D79DF0
:10F5A8006483BEC05872EE136AEC8740BA652F2197
:10F5B800380F308B0566E169D53C2E44E7BA3953DC
:10F5C800BE763A072CD82C5D5823C10F1213E8B029
:10F5D8008E2F886768207216C10D337621AF2E549E
:10F5E800180039DF38B406A0E095557A796014DF41
:10F5F8004A242564AE213F0E481E8458F457582AE1
:10F60800736830B1B7A01F34D6700A1E5C2CDE5A5E
:10F6180043445772D04A65D8826D6D78BE284E151E
:10F6280068264D609E50AA41A802350661B0C230D6
:10F6380078B9505BC44259781766E577D76E68EF9A
:10F6480004E7FF2E0987C64C096097506E6E604824
:10F6580099EA90B854756666063AD18A64F1FE68EC
:10F66800604FEDDD342DCD852A6CE169676ED1E2FE
:10F67800399BE641210B99B2B898AA0033D7527842
:10F68800F84E285C2F205E512E640E862B1BAC454D
:10F6980053D84554376245804426BF6C0D4D7916C2
:10F6A80088A81813669E33F01E607475EC073FC572
:10F6B80073B8436D6BB643444737E7D76237618BFE
:10F6C800C7047E0906CE5D45160F706C557A69D061
:10F6D800AE211A2745644363A5999D11835E1E8454
:10F6E800E10E143E6B5B7D4E54F053432D4A50E2BD
:10F6F800793B646D73B52C7055EE51AAD8D72E7E20
:10F708006D6F76092704478640651BB73FE671246D
:10F71800C6AD2AA741E8E26F72EE2F5F00E2B3336D
:10F7280082CA3604732106FF1E5B33336D605F4562
:10F738002438D4549E2A0821C427B4FC651DBB7004
:10F7480019376D2C4EC23CF006AD5A8F865929A246
:10F75800C15ADE2E4CB5619D6E8F5687DF736C18CB
:10F76800322103AEA753191630DE34836E3091224E
:10F778007077764142A76CB260451F00535953FF1A
:10F7880054454D2E434E463B0178BF33D32EFA6382
:10F798006E663B31A04F784C6F617B8A205D48A034
:10F7A800AA3E2A73ACB63A8C329B30DEC97E819869
:10F7B8001201C1D8B1883D25F17C549990E2111706
:10F7C8007A636B3D13AEBF46CB349D28A6C1B028E3
:10F7D8000F4BC0257F6C004578658E638704534CBA
:10F7E800502B51805EDB2E2E338706E13F43BB084A
:10F7F8001CEF327223375F64A4254012B54747FFD8
:10F808006FC267672C2A54695254BB7E219F4D52A0
:10F81800A06452BF3A4C415348494EA74792150A33
:10F828006C06D4CA0AC0DD306BC221E97708A2ECA5
:10F8380067934859C1125C74F13C7FBE1BC858E1FC
:10F84800A677814E16EE287721AE29D2E06578702A
:10F8580078153D1A2CE17074EC2B5F218326166C09
:10F86800757365B5558274DA343759C147DA3C5235
:10F87800BEA7BB89171B836D34D820701237B067B9
:10F888007565DE0A00410805D8F58DA29FC5C582B9
:10F8980026A8EF81A265026DE59647454199006C5F
:10F8A800A70A06595EC48FDE6C63074D067ACC84BE
:10F8B800180B51F0434152442F52524180577680E1
:10F8C8004116F14641494CD1B654B80C7E014688E0
:10F8D800121062B8032538FB9D30CE4073E1529D6B
:10F8E800F4EAD7DBE521000F382077ED4B1685C108
:10F8F800AEF41743E6D516A32F6BA2B991DB7F931D
:10F9080085CC3CB66123C0D8746F37367F42AC9340
:10F9180003E92662BE6684732CAF8125008D0774C7
:10F92800F7A2B31A661E130413AA77DA4735DE68FE
:10F9380064776179C049A7AC03802A706956680C5E
:10F94800F63382D602AAC7277309A0623D939D6C3D
:10F958009165B464A782F117A96D7465EF700A53B5
:10F968003763048D28163C666CBCC418DC3C0070F8
:10F978006F234E479508FAA56261EC935C833CF3CC
:10F9880079E13A60EDD06C79E05333A47548E168C9
:10F99800E0675CA66C656414CF2F7B604A2E026911
:10F9A8002BE46C7963EFBE6836657218779E7075C4
:10F9B800740887D84F6064A0FE61B021E037D8E6AC
:10F9C8006D6D8480AEC0201BF512A1A9198C3F7CF7
:10F9D8003306AFB118155278835C8DC564AD02113A
:10F9E800D703498853F1CE701ADE670C1412341607
:10F9F800D11AAE0763950BC10714854DDB21896FBA
:10FA08008853C07EC78AD2436244DC6BC7E3165072
:10FA18002EA8CE6267041127930A8206D90FA40A7A
:10FA28001A832708A50D0F6B8463C2DAA032681801
:10FA3800C255B061E0427598BEDF3665DC3430E807
:10FA4800DC68187C07BAA42065E30BE2316D8D628F
:10FA580052079A3E65D12A617F7666756E642E09D3
:10FA680084A74385E00A0A89F7F0203A280AC41FC8
:10FA7800EA494EEA744CBF80414E5957415919A181
:10FA8800278F50866FE2416C742BD046347005FD89
:10FA9800926D7046AAB26E0414108FDA696378F614
:10FAA800702A9E72B7F7697879C06669279F4348BC
:10FAB800C0454B1E275DB24500B8BF2154070D4312
:10FAC80070D1C16561A23BB4C70CDB19564A608589
:10FAD8007347354500B56D1F42204300EE2F154092
:10FAE800A527228115185C23A2462DC12E42B822D3
:10FAF800BF5847B6E688704677C5378D60BD886FB2
:10FB0800C6FF514E4F4E0787F7554E4B4E0F341ECA
:10FB180050B66B167D34DEFE71756573F47F9A946A
:10FB280061B8D77C4649545310F71AF048D85E6E2E
:10FB3800658D2F08555472788B462340905B50D7BB
:10FB48007D455845988B442D57B60C4C5967A436BB
:10FB58009269749A8F516204D0A66E09F11639150C
:10FB68006443B44BCF5F6D63720CA7020563B86E34
:10FB78006F74DCC11BF71605E3018D6B18BB375793
:10FB880037048CFE622525290AC59FD85793AD8274
:10FB9800F74021C107F903C4B860735A67101B996D
:10FBA80060BF05550A6EE957F744504343F84D4383
:10FBB8005244BF0F4B4750670F464C5B3B977761EA
:10FBC800E070204638F96757A4F4D956FA617CC228
:10FBD8006564BB95D4E1746F33195511C3F310BE36
:10FBE80024823C206FF96165733F9748658A6C30C1
:10FBF8006765647501C2D0A8666C16F7A43A6E09E9
:10FC0800434F4CB7A7208598365D61D13A75B6F752
:10FC18008674B8B020F608AFAE430650ED41445B99
:10FC2800465D4FBDB3200920B02013A6CFC17E2D5D
:10FC3800603D561E500F5A1E413FBF44009238F493
:10FC48004C29E45A69641F374C826F62A042F4570A
:10FC58000C99A77F035406D28BF62026C72067F895
:10FC6800F474733ABA9FD421CC3E5862D59C53D6CB
:10FC7800AE6B9C4B83D718DB394F4E06EC46462FAC
:10FC88006AB1C84F53DFFC524333323A0030772011
:10FC980006ADB0036B600A5705229F30D636771B36
:10FCA800101AAF50E1224A28D7137433024E7281DA
:10FCB8008D4650BA3D117CB3539F152969671BC502
:10FCC8004E86C546219FF83F200FA3A157EBB45D90
:10FCD80049A022201071A6733D4420079DB5703FAE
:10FCE800EF21671BC2E3E3B1998E8D802F46DFC3F6
:10FCF80073580112DA2046ACCBF31A4FABBB22374C
:10FD0800345235154BB0733A88A7359F5F6CA97983
:10FD1800CC4B2000C09F801A1F35386F350F78688C
:10FD2800655A942F1C662A46D462652D6303CC035A
:10FD3800853BCAC755B7B08F200B3F79736F727474
:10FD48003478C46765028C49304F6B19AB39BD7480
:10FD5800842F382A00800C0D8A53DB322B14416E15
:10FD68001D6C684CA0CC9692EB253322A0C1F7F508
:10FD78004D656D75E59C3D0CA3A348D1735F90A0BC
:10FD88000E4C4626137A0C7E6D65642EB75700A775
:10FD9800A9E17570163D0C6278B91D1C6D94B518F3
:10FDA8001F3529151C742AA82000F05910839CAE11
:10FDB80085D7157360CF682877F3700D6C738765E6
:10FDC800BDB35A1396B68B616D055DFA290A0ADD33
:10FDD8009F136D04CF0ADCA51809A93715366801E9
:10FDE800F113640C99CC5AEE21B184FBB310583F3F
:10FDF800DFBF4E4F5445863A27BF45524153814590
:10FE0800C299979F5BB72215F1B866F8619E3A0BC5
:10FE1800583F2E12892F866427602F03488A7377EC
:10FE2800240165932E5873A8616862898F05E78D50
:10FE3800E6C73FC00C870AA7B87C866EEBF62F6929
:10FE4800161DC27350E0C7C223C08D1480611225ED
:10FE580002A2DD4523838AA9E1DF8EB469B3892034
:10FE68000E1530574F632A280427DB2C20003587CE
:10FE780023C10DD8CE67386E00C965D946A914814B
:10FE880029A9AC6175F78337003A9E3740E14938B4
:10FE9800D501C23F0C93BA9821F830286454638383
:10FEA8007A6D0C772935E72046270451FD6BD39EE0
:10FEB80090E0653FAF4F42691AC0C8B36D40C05368
:10FEC8005C92D63E537CE8743734FC576B484E6BD3
:10FED800240D7F3063512261B83340065DE96F6CB1
:10FEE8006C1E8321006CEF66F32D5B70005654780E
:10FEF800572CD6306D08C09FD320410A24370731CC
:10FF08000BA72963165E096D04269EA7B8620C7FAD
:10FF18002DB25352CC610E0020E7C05C0F008A0757
:10FF2800B80A0B8B1745BD702E683F72451529130B
:10FF3800D90A0155FF1AA059358AEE311D0155FD20
:10FF48004E49434F524EC10FC38A1F032A7000FA0D
:10FF58006B42A0063540FF382E302E4B202D0FD98E
:10FF68007B39F706DB5F5D5342AA4FA6605F3D36DB
:10FF780034803CDC38A7D52D1E33F6383931317B37
:10FF8800F642592405CE46E2524545C18B81A74B1E
:10FF9800F61E592027EA2B78BA1CFA296213BC1FCF
:10FFA800FD4B545459FB0F45483F3D4C4154D80F25
:10FFB800474167C40F594DB4537A0EC34F0E476E6D
:10FFC800E27D6F73562578986F449BEE302E00388B
:10FFD80027960100F04C65DDEA6C3A0A8A6F300812
:10FFE800314262E75801150FF045441663603F9FA0
:08FFF8005041555322C4EB5C9B
:020000041001E9
:100000005305505E6545675C4C6E94B2736F062E67
:10001000E7433A704308482E3405124EFE44203818
:10002000382037372BB63620F5353520345A76331D
:1000300033642C4254C0AE286E6E11AE606504B8B5
:10004000577E5351554152C76F306B4434506C301A
:100050003005184671AD63E8DB2C7B0E2C152F8123
:1000600010DE3601D47F600FC4DC696E6BAF2252A4
:10007000496B67983847E33459B101EB28747D6FB9
:1000800043F95E7006763AC273E0F13B1A4350BB07
:100090003A97523290209D32328093C0166BD46DC5
:1000A00063A6527F5C7793206E525477DC49739F2E
:1000B000955ED06EF4FD3F12B7D6A44CB7446DDD0B
:1000C000EB26425B0F65781AB88D3D0B84CF6EB777
:1000D000E32033233A1147C606B30B476616601177
:1000E000F8E069737CC90558C719880147BB4620E9
:1000F000EE36616962C00413B745A064F123BB47C3
:100100004084AF7434321F244D414E14AA95D470EC
:10011000444452FA433DB5C52F7C642F0373632FCB
:1001200053700CFB8831225F31345067ED55702FCE
:1001300008445BE0E658CED9B6ACB304AB6869546A
:100140006F71722447AB6FC562657274F9877EBDAB
:1001500041F83AD0F5704255EB172D210E25732545
:10016000AF2C4F2243370BD0740F630DD407606F51
:100170000F707261622A63C20D3B3244BD657265C5
:100180000A70575E3C2D102C4F01E1A0024AF46228
:100190006F6F74C4D761E11B02530F732053833711
:1001A00000E0C12B3507F4803AC18F845A6D7AB6CE
:1001B000645647B02C0A77DE0A508236FA1E2E1C8F
:1001C0004C10B535730BC5020F0673FAB12FB80E7C
:1001D000545F1FF85444492F634BD8F87C0E6EB01F
:1001E00075DACC000264F0418427EBB0772A7428DA
:1001F00020217C0D2E676EFAFB75622E696FDDBFC4
:10020000687474703A2F832FEA8D2E58760A0A0488
:10021000B74849C2E9D895676FC6E14BA9E7007DA9
:10022000538D1D467FA6621020D80C7F00B04B2551
:10023000069C9BA55701827E8320EC605E37585256
:1002400021A2B7C0CD0B88CA3B74F660C3982E4775
:1002500007A0ABCA203E6106D89625731C271B1F3A
:100260003B2573271287708A41C0F08B4F9FC55F73
:100270005317B03B31B1A73D5F5632851FBB3F5787
:100280001F0A84D51800B1291DC3250132FB067E43
:10029000B5210A04A257DD820F7A10102738653A7B
:1002A00053AC934A75429D97382E0A418B9F8061CB
:1002B0006BC5699A70434420358D206B8707C72131
:1002C000F17508B735AE6B10755965582A4E6F85B4
:1002D00057E4BDBBFE7563BD633A212B77A97169F5
:1002E0001DAB2145A77C41564503CCC054548DFA23
:1002F0005354E03B244D45804DAFEE533F1A836F7E
:10030000812D1DF161053669A06CE1999CC521A183
:100310000A058064B50A5783C002588705E02D1589
:1003200084D17186009927634742CCAF83A05CFFDC
:1003300027531B27418110E234FF3048119E069A53
:10034000C2486F1412A954037903CC812039058463
:1003500073C0F7843F7E25636347DB6F721B563E95
:100360001B206C21546F1B574BE998570C023186A8
:10037000442D96A61B2DB323A231ECF5274C32B0A9
:1003800003C112C8BBB057BC2F470DDADD06A94028
:10039000EEE52700C05ED6DF692B0B1CEE78054D1D
:1003A0006086691501221B6B4E75B36D1D3A651F82
:1003B000661F8BB42139C0541EF62E827405B6BA5E
:1003C000373F25C75B67606337A152C5B33F6850AD
:1003D000777D6420536A99256A9B11AA17562B389A
:1003E0006C5115AE2B3D64646A591553BB4360FBD9
:1003F00050219A500E210363212607AC1657388FDF
:100400003498FD78756C6CD431610224A12CD774BA
:100410006B1CE26F7069844C145523710FB4546ED9
:1004200025483D0BD228BD6F2D1B716974802E9815
:10043000F73033B781324578B12126F7050AEB1042
:1004400087B9618387E025732088C1C52703790AAE
:100450003135A351E97274517F202AFE826B8A479D
:100460004E6B8065087FBC476925647B3C0A57EE6C
:100470007365630153D3614A9688A09415C26241A3
:100480006EA13E791020D409FF8877665544332247
:1004900088114557784C4F5D9A22057A22D12C3825
:1004A000DB5850ADE4530A4CC1415918454EEC7E1F
:1004B0004150450A000003BF05E57265E06F6E31EB
:1004C000BB866F0D1F02732069653B7C42466A1C28
:1004D000812E40942E6ED5257897485C7F4889C040
:1004E000AB06C1C7C407A7C629A0473A2BCD970EB4
:1004F0004C6F8AF9C129202A39C04D15386C632404
:10050000828EFF106C992944278108F535AFDE767D
:10051000730850378989E705CF7165393DB079A6F1
:10052000ED52210AAB8F8870B99AB17308EFB03AD7
:10053000F7C40D03C43A94E7862DB0AEEC475ADDFC
:10054000B7849CFF00BCF75F3C6A5338B7287B1F19
:10055000441F17432162AD19F621583F2C715523D2
:10056000985324EA5115419F6130241AC430CDF2CA
:100570006D1BE923A11026663110C5EF89E8397398
:1005800002E0A32B170D5DFC2055701EA94C13161D
:1005900005BA906EE01933A6BABF3287E722EE069D
:1005A00064740537B6417514BB6FEB2B20E14D6FBA
:1005B00064471A692701393F80F40D266E161DD84D
:1005C000004C13DE2F16BB5717C4D7AF844C9C3E8C
:1005D00001EBC3208760509E89F61831200F6632E8
:1005E000615707771212D7CFF45B49BD36534345A5
:1005F00045274674D29D5753E37562517EB9470132
:100600002C46522CB2496E3048388982E018743C2E
:10061000C50E234406B6188E2DD33550E056440A35
:10062000E9E35AB686EC973A2A370BC066691C058F
:10063000EB2573322F070EAA5305F1596E7A4D56EA
:100640006022332A0C08BB4228173023DB56C353E1
:100650005619B024667991753D206174A6592C1401
:10066000701330AF5A812F52B02A636535E1B42040
:100670003A2F2374856F880796A7D847054E5F24C5
:100680000AAA5BC4784DCB889FA87570E1740A0AEA
:100690000EBF2C4AD72C423B712B520C4110B0FAA2
:1006A00041CE961E3B7E779240009CCB120620E7FF
:1006B00090485BDED103104D0600608FC00D87525D
:1006C00000698508AD07B145286DC789C0204FEA8C
:1006D0007411672137AB6A5A8434B69B6F6E13B3BB
:1006E000213A50CEEB605FD030C815AF180AC193E5
:1006F00038E50BC410A118770254C42E209CFF0AC1
:10070000D4876027D544312B1F862CD3383F9A825B
:10071000FF5F67258064A82B166B8450B77D43412B
:100720004E34DC4C00447F85289D986F83ACDF47B6
:10073000901178B1469B118509A974E2527230BFBD
:100740008CBA626906FF05617264803F285736AB38
:100750009118D324103F62037D85D2C91771935B32
:1007600060E20F67D322FF610A10B10A280B422210
:10077000D1750000D01F215961061B0D54D7238469
:10078000921555D921370174BDA7598898E3B0B3A4
:100790007EC077159D2227FBA5545F88AA79186D26
:1007A00053A4113A821FC6490132D730F086649BA8
:1007B0009AFA441122E825707F6F5345FD43544F48
:1007C00052203D225F0305DD0A1EAE213D420ADFB5
:1007D0003068AD21D5E3774F5F053C2E5C166C3851
:1007E000CD18DC8EF5011E8420680C7B0A8C6FF618
:1007F000A472653117F5072E08D87749743BDD5F81
:10080000600EAF313DF30A43A91344B120E0EE3C42
:1008100057643E20001188476A4618214649A521A1
:10082000FB66532D9C284892432F0B2C0A39578284
:100830001CF0CFE0A530A135780A004C1F610BC039
:10084000041CC2086A52D370750BB7456E0A0B3A86
:100850002A20CE210A0A4EC4632EE82F91D0CD84DF
:1008600098DE422E876F48C0612057ED890A417794
:10087000288DB713D773741B7526C9464F4909A233
:10088000C82E358F3825738C9706FC4E5061721A2E
:100890006F44131368DD3F437572A12901B1F3471B
:1008A0003B61C2746817E5045F8028B7A44A3FA47F
:1008B00010DA3AD674DD69EC2845DE217E0DAE44AF
:1008C000000EA24118906CD05061C1E7CA0012C15D
:1008D0005FB5EDBC6718F3110C37B3978054561C05
:1008E000D02BB5A9460B1ED44BD45A6E7B6E4578DF
:1008F000AC40703C6D480A9A6B347249068C3FCD0F
:100900008E7047C250552D0FE01FB5E06473D28F33
:1009100038DDF875636B0F2866740E4CB8E6074037
:100920002E44049A9C22180050F06D2E18E110EC11
:10093000E7416401500C2DB3CD85B5C647D319539B
:10094000FC8C01C166A0AC281BCD290A744F5383CF
:1009500053031BB0320ADA1853573FB1294D823E78
:10096000C042458F207581734EA36F6EC09D639A00
:10097000C64F9081AB94FD1A2F7396C1571D5359E2
:10098000C1F580A2A1C748F0CA79739326B149EE98
:1009900042509D107DAE218C2704C0104A9413163E
:1009A0009272762E70493423A969B5158670A555C3
:1009B000E2A281E40829609EF512756E2813DA4FD1
:1009C000754F762C4C0E3286689A105A58DFCC66DA
:1009D00003732A4558FC1E64656EED44E84E30559D
:1009E000B470842CAACA74DE117630419431132F6E
:1009F00036614F3B31110C3283336B4F907464740A
:100A00001974067440EC342B36351119360637D775
:100A10004F73619F907364731973019073647319BA
:100A200073067340767438CB1B3911796B30041020
:100A3000DF3B67707B0B110C668372B5614FAA2098
:100A40006C2B33C8117B7063730D72AF4F4241DE64
:100A500044561A20F81C446F998C5D4BF5C02F68E2
:100A6000DE2C071313773F2D6F010A42614D1A11D7
:100A700003B94F0F8A0838101BC2F3E3E47322272F
:100A800045A8582D75D5DFC660DB6066B1746D650D
:100A9000352F18848F2D2FB8C85E6F41DD66AD0AE3
:100AA000B0004FC068785276C51BB45FB15DE17588
:100AB000733E8B4D0A207326722973534D1B9CED98
:100AC000706F43E000006FA3D157EC5A540E4EF6FE
:100AD000282B2FD016D70A9A6900028DC78C2320A5
:100AE0007E424B53454734CF9448E0414C46439EA9
:100AF00007C785782D3F00085B21524F782710D01B
:100B0000BA8D2F6C34203BEE520FDB0D1A1D4E5266
:100B1000AC9A53AFDE55B000D3C73175AF4E948455
:100B20008F0836180F672D23D6B49FA5E3AE037741
:100B3000802D86941D139DD933EC4F74684B7A58E1
:100B400046964F43D0614995FF1D430168194359AB
:100B5000B10FA3AEAEA15A311667111A59C2C4170C
:100B6000700011D786709D4198FB421D6A75431D28
:100B7000F9AF4F2873DA2900C75E39B5A96D3D3C3E
:100B80000074740E6E0D3A5F085878B81F961605FB
:100B90000005B9F361360E002604B5FB00E10972C9
:100BA0002F0FBA2D3E05BF2F170BC0AE35D6C0F89C
:100BB0001BB221A34D1CA9634CBB731F48658178F0
:100BC0003CCF3FC02852B432FC53738F261010879D
:100BD0008015AE8139FED025438E3A74C0229E0E18
:100BE000DB06B49B4F1F62506C6182790731B17391
:100BF000A23EADCC4C1FBB121C3A2900FAB66F7056
:100C00004FA98E28ADC456338D2F89DB07F7053FDA
:100C10007B20311F173217D7007A1C5E3E150DB8A6
:100C2000004344A3FF033B32171ADCACAFC66F6628
:100C3000063109790B0712C06174941D4E00009EA5
:100C40003A6186BC4F6E26AA8373188D47C15A57E6
:100C50003E476972836CF8C24E698D9061662EDEE4
:100C60000291C6A78295132A1C4F69ECB73C331931
:100C7000FFA098646EBE88009EDC6FED953842320E
:100C80000F002D66646F02365E67DF3739D6780055
:100C9000DA4A694864E04422EC0B9C0A46554E70DF
:100CA000AC4C652508CA91AE41C2ABDE6F1D8556BE
:100CB000EE726231AA4AC00AADE8729E6943333EC1
:100CC00060A4189E74326C14D241301EBD744D6302
:100CD000AD1E66CE58B049009E76D0CA7568C15424
:100CE000840EC0E2226E035C0021185624A85C40EA
:100CF0006261671C875008AB166D578180EE6F7874
:100D0000A2C813AEF8203A7090E93FB95077F41EAC
:100D10004B2D05DCD8731FC1D80AA61838740C3ABD
:100D20003188D8770C03D8EC63796318A599D90872
:100D3000188267A636A42C6821625FEF027735001F
:100D4000770A2F41001C60726FDC214C30734751D1
:100D5000378462647906DE20A0440E17C3DE1C6E61
:100D60004C7B2228059C099C747DEF38E26B484D32
:100D70007A020000E0471AFE268A485AAF746C4F88
:100D80006E1F6EE721E33F0E69676F709F0183DC82
:100D90001682B88769C18576266D601F8674569E57
:100DA0003AE042391302577E726653B86D08B39722
:100DB00062436E5C5170DFC02F3452303038712680
:100DC0001994622A1747C5416C44557222ED6B484D
:100DD0001C72B2300252385F0A024DD8464D6E691D
:100DE00078DDF13E713C531FCB20AF5418EF657294
:100DF000732F040EEA50A3BE4D128C85E04D1DC822
:100E00006606129CFE1EBC6169386679178076F70B
:100E10008EE61CEE8E7438E300DA2E5E642DC74138
:100E20001664015440571DDA504210189FD7D84D10
:100E300043FA36D431328D3F2B4281D30E1EC1DEB0
:100E4000177C6F72731D3FC8482E1F4F8C65DB796E
:100E50002E4A2E75491A8F4C0C8676BA79368CE953
:100E6000080C60C1889BD27A67685FF7DE4F4BF64B
:100E70004D80EFE04D323946C13031E7EE475E0834
:100E80002E63D04BCDA13E54894DCD783E433C419D
:100E90004D460720A959B10047EC4C5649B467DECE
:100EA00032A7C31F42B25621D33F34C03041E92F8D
:100EB000F6465820325F067867418809D8F01A450F
:100EC000456445872F80A3BFEC3F00003F32782D5B
:100ED000573641372DAD1FF03E32303FE756519324
:100EE0007C50249A5A31D10E325B5269701AB06F1D
:100EF0003B32306702D38778621FF83853463A5A3C
:100F0000004BEA2B5232DF6649F84E424F4E442CDA
:100F10001F770E507377836475A97E604B657900E7
:100F2000C147865B5065BD832F9C3434478C21DAE2
:100F3000615349150674A0E466E2AA6E8167B82F72
:100F4000C5101ED0A9424FADDE454043663E446009
:100F5000EE374E5B50A86572156DC13F6779333926
:100F6000C30F0A4BEE852FF65F42465F3483569DD2
:100F70008E664872B1EE67454449C2688034B2BF9C
:100F8000766E00B470278B7100D65A0001074C159D
:100F9000EF1B807C06AC3CDCF90C16A74C012B77D0
:100FA0007B831C80841773A0C9BCCFB0F427C03EDC
:100FB0002C1746D87BFF00BE7799D716FC2EDA3463
:100FC00018066C79A4E7CCD98C1B57DAD0853E5C27
:100FD000DC17E8EC6F0E6364BEF83A9D9827D601E3
:100FE0003FC5000105B801B70049E8B5B56EF0E7A7
:100FF00006FCC104B666BC0614F320CF2C6C3C780A
:10100000F380CF88903C98F3A4FB0143000100B328
:10101000A744D8000119700143D32778BC03BE044C
:101020001D3605A706109E20307940E750BB60179B
:10103000161C0777DBBCBB0EC81E6617CC70408F32
:10104000AC9C95004CBAEBC1DC368913DCB01FCBED
:10105000E8002B34BA8006D39F4E1FC0ADBF09EE07
:10106000D6065476F61F36D9A00F06DB5F08BC1FE4
:10107000AF0656087C1F10B904E506CB1C9E02047F
:101080005C24AB18766C03187FDE2C3FB63B631FE5
:10109000A43467A095A0403DFFB101F72F1EC548BD
:1010A0009F3F3B28C4174C3C979492C164DCBB50D3
:1010B000775D54AE17584BC35CBC574E5CA5D81631
:1010C0004C08263F60F62E0417E770C8E007CF7C77
:1010D000BC27883DEED800776D285FE194BC89FF7E
:1010E000D124F6776F2E2CB3F517BC6277ED9C2FC9
:1010F000C8D45E90E746F442F6500FD77604BD0E92
:10110000D968FA47D820BDEF98301D2434FF353612
:10111000373839414243EA444546235FAC17D7800C
:101120000BF686000A1FEA0B6FB700B59E3F001C46
:10113000081D0D06BD69D70727869C6FD82FBC6098
:10114000F88C60F6E847E06C8B07D9A8F22F9F7403
:10115000BCF46617807A982E578CF916D0501B9CD9
:10116000BF5EE4E0F646E45F6FAC2E086E77BCFA33
:1011700016ECD0AD77AD5F13CFC0476787E027414E
:10118000921F04EC5CA82FE1F0BD899FB73C2FF8BB
:101190003D1CBD1708BE8947D9DC212F9E18DDE014
:1011A00000874F0421047FEF68C9462066175479F1
:1011B000B4393CC10702317F31281CC205D8026E08
:1011C00075CE2B1886C728347B472921588F6FE6A8
:1011D000663900FAFF9D6C071D0E04B8174C2257A4
:1011E000E2F0BD1F5CBE89F7D803000106FFD607F9
:1011F000C027B0014D038047EDFF675B87443BFF8D
:101200000001003603CF23059700820D0B82FF0FEC
:101210000AC1FD50B11F58200FA07BEE2222071BF0
:101220002F4218A723DA00007F0DA1BFB0037F165D
:10123000082F0410970208270162873603B61F148F
:10124000404F4B8752D027B11F0D038ABFC10F02F9
:10125000C0AF20A80F5A1F84100F07EEB2EE07D0C0
:10126000178E3F0876EEEE9F296A47C10F0503EE01
:10127000B0EE8D129A5F8EEEC57F38EEEEAAB7B053
:10128000510F5607C6B007EE88BE0EF306ACCFB4BA
:10129000CC3CDCF3ECCFF800A0BF87223C0618F36F
:1012A00020CF24343C48F358CF60683C78F38CCF8F
:1012B00094A43CB0F3B8CFD0E03DF0D18FC009DEAC
:1012C000E706389E40487950E7589E64707980E779
:1012D0008C9EA0A879B0E7B89EC0C479D0E7DC9E08
:1012E000E8F079FCE204759E08E706109E18207964
:1012F00038E7409E50587964E7709E788C7998E77B
:10130000B49EC4D479E0E0016FBB400218D1B31899
:101310002D9EF62604C206DA1FD52F4049CF2F2670
:1013200024742F3584E138C29CA71FDA20B98BB30F
:10133000012F4820C8BA4C5883A4597D1BC02F0DDB
:10134000772A682EBA78BFC4D22F31979B5FD8BF57
:1013500007EF9B982EE7A4C290089BB85F0D2289E7
:101360002F90C4642326D441002AFB582F67E4BA87
:10137000F0BF12C42FE40CC3E4242618778FD825BD
:101380002F992806040AAF6102CF6F2E447C06DA3B
:10139000C1111F375026BA602F45C48FDE742684D2
:1013A000E82F46626F6F8C269C7D06D001898FBD29
:1013B000A826B8D22F0413C87B26D806E2BFB6A44D
:1013C0002F5AEFECF726F82F5AD7BF5D2F0440AF06
:1013D0009E1406228E224F2620F7262C06D8333361
:1013E0008F9B342F6AA157BB402607824CA94ACC59
:1013F0007692F8C07911E11B468F400FE053491CEB
:10140000574D4AB581912B037582DFAE641878EE93
:101410005AF5DD3D1187EC437EDF56506F707570D5
:101420000812C712F71174726F74849548766E6350
:10143000657D186410AD33E1DF0BB7A5BA2940977D
:1014400035DB6F66258C6C090F4A1C2F0946770423
:10145000AF0F6F6E025099A08E3B94F63C39E00AB4
:10146000260FF46861B743C0D45E16F09E60B66B79
:10147000344B53590A4A78E50D7C20556E441C1AAA
:101480007400423FC01BA818D7C24FC1D05265D6C6
:10149000A37C4565614A5703DC9757484F6DCA0ADC
:1014A0000B756957494ADADF42450E5045A1443B66
:1014B000378653EC0858008BD09F3A91B50C3D0C01
:1014C000650F858A28BB86726767A41EB10AE7206C
:1014D0000FE729A8DD508C8E1DAA444A4A03ABBCF5
:1014E000672CC21D20A417286495B30308B0DB60E5
:1014F00086C1540E34E02D2064E96D421B4131ED6C
:1015000054852C671187B7406E06C6A0BC153A05F6
:10151000605B4C91277432272DE7F7113A5741123F
:10152000B8E118C1674B273B710A611972F730A601
:101530001CA8B973AB0DE0F685E1CE17C7853A8ECE
:101540003D84BC09654DF8A54E09C466CE83D06FB5
:101550006EC7A5850A1EF3903075243F0D427D129B
:10156000ECE77A2F2C36A155693F061D0172709366
:10157000CC3F29624E4911DC9B2C7DB5CC754718B8
:10158000C39445915E743E31297103A3D800BA1A01
:101590006B89016057BD3D3DB7595301BAEE219D9E
:1015A00091456057DAED363F9B2C41DC759ED86D36
:1015B0000EA046ED0051364D8F8B623F4157D373DD
:1015C0000B95300AC437A20C817009B228C7632E6C
:1015D000613F03106E8A89450CF010216893EB80FF
:1015E000C7DF1D6254025F5C7300495C1F485BD516
:1015F000CB73159D8657D1513641C54F889E57C430
:101600004FAC28C7421593702CA7CD48BA8F90A62F
:10161000CB57DDD870730AA6676496FA5F357E48AB
:10162000146FDD30898B5F0058E90760631585EA28
:10163000004A038B8C2C5532712C21A75A00946BD5
:10164000A1852347A7A08F326E65886C38671D4C33
:1016500032A44E328464763DE710B70CB542414166
:1016600074EDB3770D77405B2D4F160468CA610F98
:10167000D0731A7DC96860D5B50EA681D5175E7482
:101680006F32A913D7207339C57DF43D23B531914D
:1016900026D93D3761776E5D2F12614DDA746F2761
:1016A0003B2E714891862F31222CA97D5186532FD4
:1016B000E12925DD0B1F070A52311F6A43F781FD1F
:1016C00045210A49578774603D36F790B7CB4BFBED
:1016D000052D7F638E070AA4E26FC29EE76BE58843
:1016E00000B8595AE7F6746FE3AF0A00B00055B579
:1016F000BD82E785ABBF5318FA1193C8B186860641
:101700008272CB839DE76F6EE34DC2A3034EE84F19
:10171000544F2EC17F53574954434803E8F32EB525
:1017200001E80020202EBB1417B315EA00206E1329
:10173000967A6B083001AB33862C9D2D3170A7EB68
:1017400048D8A9E7C0417201C999639D2488E31B69
:1017500065F981D456770F9B893F280735972D1857
:101760006132C1B830BA5FAE200938FADBC135E367
:101770004F6ECFB113E3F65231B13C6F7245463F25
:101780009BFE73651B718FEA2E000EE7AE6CA6A65A
:101790006565A0E627730A1F185470F11880E8A544
:1017A000A425E4746F210A05F752CBFF8D20A20116
:1017B000630A2E89152765D056AA90AA124838A91F
:1017C00057064FAD433EBD16213B644F25F5778547
:1017D0000B80CE763BE51A9ECE0A6510A1960E7759
:1017E00080F60637C22BB7065F025CC020646F3CF0
:1017F0001649BA6384B0F0355721E2AB1A773992B3
:10180000700FDABAC6414E54C3E3DDC2952B0FA860
:1018100008B15644676882409CD78955323D11D340
:10182000F141630E6FC15F8C8A8D18682B6B00A22B
:10183000F7D343865CAF2011FB2242430673C235C7
:10184000B0E159B521677643A5101B67604FBA56C2
:101850000ACCFFA760047D0D6564945B61B60674D5
:10186000C6626FDC776C771F4E6F20B0767D7D2C63
:10187000207545FDAB7468014AC359B0E74437830E
:101880002E5232C3D82BCCE6BD24FD59536176814C
:101890003509386C340942F23D98933597FC6074F1
:1018A00065712B63C3F7029D5644D323C0DAB3E7B7
:1018B0002F42A0A33D19781F49C1178B8181580978
:1018C000588F812C20807407BFC0325981CBFF23F1
:1018D0000E065103C0C20386192B001C0B7B0A00A5
:1018E000F75BA3220A60DD632C05783B3F062106E7
:1018F00060756E8E2F2CD85F007E453DCA57603EC6
:101900004D032C60C36F2300912F05230D434CFF23
:10191000E453554D204DF049534D41185441405B1F
:101920008CAABDC0EBCB1BE0AF567986BA1110CCA8
:101930006D470AD2A791636C2F767307ED073B4181
:10194000508FA1BFF96E0B12CB31C7983726325C8E
:101950000A1225BC2D1CC92CD66CF8974D2BD661CC
:1019600012212DC05DCBA06C3DE24B6FEB62677521
:10197000825E7D026565E22BFDF7486173112B776E
:101980003F35BDD568D89BC0C9BB029060471537AD
:10199000DB03008A00134068366E5E6093CE7F449E
:1019A000454C45544544DA290017C152E353742B82
:1019B000F6197EA5619A7642A2ABB182704244A824
:1019C0000C5505B4D0730D97180F3711B04A2B463C
:1019D000A17369060F111E7BD05B8D9897162F0C93
:1019E00027255A315F96BF25B61F5F1091200878D2
:1019F000E5787023D9F8F274792C630B191071B063
:101A000047C07209DD31642E00BA274350F03B0015
:101A1000062BD313592123975069E1918C4A8D12DB
:101A2000038F2158C7E515706FA11A87D097771CCF
:101A300053613B30ABC003C9E53C7B52CDA2ED0FF7
:101A400026C7041018B09700391784214F0BB9230B
:101A5000F11354230748011D2E75A8440090F56A20
:101A6000156C10E0972042D3114B0E6F6EB0A3CBD4
:101A7000B07485A62A064FA02F1D120BF1543DCD40
:101A8000AF34468135483D776C0FF8C173748F2AA7
:101A900084CD63278168193FC2F867557045586542
:101AA00050C043E1096B7AB40A012B2E57B4218749
:101AB00002B26061D82F16E53487A74D4546333012
:101AC000162287523D1E25730440D78276B46327C1
:101AD000211694723A19AD163F4170373E44424781
:101AE0002095F484C05C3E202C201EF10337A84CC6
:101AF0007E1C3078B0206FD95F6035DA9735536738
:101B00002C5830B7298127A545789700D9819F6D3A
:101B100078496E7639AD120EB2C67272C4DF5A833E
:101B2000881758B90580576B5047C4D4616C655B02
:101B3000204E4ED211E67B6F64653AD708CAE2E3C5
:101B40002A2E613C393C69C76750183CE7674F2C27
:101B50001F0525AC78AB83D22E20ED25136B4FDE0D
:101B60006E444598F7547A7F91D9CACB597C154B6E
:101B7000C78013774D66FA2D210A1CAF0C69069AAF
:101B8000555D89981642CEC36573AF062466B4507E
:101B9000E36361736E69D00C9B3D31446929C00ECB
:101BA00090D88C1F4B5F1B591D2FD1572E3C89009D
:101BB0009C7FB0BF344D15A36F5753514F2004D6AF
:101BC000E7172B4A8ECFF473796E63236681E1FAAF
:101BD000B6BB2745C9D05CEE0216F97CE8756CC926
:101BE00002FF0E49D86A3A202B67EC564F4C1F1A59
:101BF00051AC3D040BFD02836F1B124B08F7B497E9
:101C0000ABFF2E4749544855F1422E494FA805567F
:101C100047F74333A4A08397259F8F2C000ACD312B
:101C20005090663EE52AB670025FD35BC0DF78EB6A
:101C30004C4687B4A3B7653F840153C700850008AD
:101C4000E7DA1327556E58ECC77F36441BFF202177
:101C500022232425FF262228292A2B2C2DFF2E2F54
:101C60003A3B3C3D3E3FFF405B5C5D5E5F607BE03E
:101C70007C7D7E07C6FF8149816881948190FF81C8
:101C800093819581668169FF816A8196817B814319
:101C9000FF817C8144815E8146FB814781718100A7
:101CA0007F7281488197816DFF818F816E814F8125
:101CB00051FF8165816F81628170E08150816DF09B
:101CC00021A506E10C020858C103FFB0C7CE3D951F
:101CD000B4EEFF8490FFFF7BE2C698B50001445E3E
:101CE0000C1C02A78700386B2BD805055D2E05D18B
:101CF0001F7B00052F05B5011E0500D5FFDA052F56
:101D00003B05591B07FB0505058B04820F2E05C0FB
:101D1000FF0705DB0005ED6E2F051A5F16FF258511
:101D20005FAAFFF2050000B44B6CD158631F60FF3F
:101D3000963F1805684F436F148AFFA38A05CD03A9
:101D400004FF05E3050580AD96FB2B0CEF38050578
:101D5000EA3FC5FF50C105CF04A28BA434FF4C0558
:101D600011C1F405050544FF1BFF017A000068FF5F
:101D700085A0011805EA2FEC051F1C0571F13B0534
:101D800005315B1F02D55F820100C3AF5861B160AE
:101D90001F600581231CED02C54FB48F2281A18AEB
:101DA000055B0915AF340556CD88A30D349FB1FDF1
:101DB0006CFF00E805008A5FE905A3C1C70005F1D3
:101DC00042C063C5055F40C505D515B56F608EBBC4
:101DD00005888F2E0528EF1051CFD80015B4443553
:101DE0002082FFC5B9460A0B980568CF364F031409
:101DF000FF4638E13440112C11A2AF8DA37FE105DD
:101E0000050580AF6205A8EF6A00888F057511523D
:101E100008AFB61F21620F34542FEC0005075AA0FB
:101E2000AF367FB140BF2C0F06C59FE30500A91F49
:101E300062FF3B05074BAF1305ED050500DF16C13B
:101E4000FF720044A6352F050554D96CFF480CBF1E
:101E50000AE8CF43BF580C6F58140F1BFF4305E12E
:101E600005050082FF600580FF8605420D88FF475B
:101E70003F048AFF886C050756C38F05A2056FA52E
:101E8000148F68A0DF51FF15D105AF43050CBF12B9
:101E9000135F116AAAFF8C503F02075F0305198088
:101EA0005DC4AA7BD89FAC0ACF2DAA5F5A6FB6112A
:101EB000096AAF9B00FF54E80005A10F09829D58F5
:101EC000FF8474FF5BFF51F100050550918CC00F3A
:101ED000608AFFEA00A92F8600FF2B8505D76F05D2
:101EE00062B5C3E110B5FF4E00052AFFAC6E1D3C84
:101EF0000505506F02013D52377B058A0F242ACF1A
:101F000021C00005E09FC2229FC50F4627C7489405
:101F10006D4E0505A12B001485D0FF170515BF1EBA
:101F2000050015FF1558E35FAE057F090A8AFF8794
:101F3000050509ABFFF000050000AAFF8AC3FF41B9
:101F40008545FF53000DCF4855FF440AA8C12B59C2
:101F500082ED42E2FF0B60FF2C2AFF2216FFA1C296
:101F60000505A2FF8963010A821FE10554FF15825E
:101F70001F85A9FF0A88FF2D6AB1210A8AFF252A39
:101F8000D1A896FF026F0401620F960128BD0403D9
:101F9000CECD09BB0200E7F701010B5E0601080187
:101FA000A8DEF7FBFD0409770105B0FE3C09043506
:101FB00047861F20306DF90304A2FF590E3071ECE3
:101FC0000404FF5461F6F901FF82B0C5FFB4FF506D
:101FD0008EFF8601F101C4FF8AFF22B4D1DFDE0744
:101FE000019AFF08C11D46F30614CF0347FF4E5563
:101FF00000DC84E91292FF999A51788F80A945FEFE
:10200000A802ED443A60AFC05FB84F21F7A22D0699
:102010009C32403A776F800000F640BD1C80471A22
:102020004449EEBEC010F606100FDD070820570128
:102030006D9721D8D7365F64BED7AE6C069E707C94
:102040007B4226FD77884422BBDC004780BD5E6C66
:102050009E254D1FC12C5067B00146E66FA701C9F0
:102060005CA553011459403FFE9C3F8041FF315015
:10207000402E8B6BA017FF41B5D00BA56AE804D1A9
:1020800011759C76FAAAFEE25137D6DA72A0FF806B
:102090002827AF802A8C6FFF2019AF4DF0072597B6
:1020A000FF08078E2C48031DF5FF7E0172A6150060
:1020B000B2A485FB8B164480FF3F9CAB20104D9152
:1020C00020FF0BAEBFD805D62F2CFF02E9AF6E0163
:1020D0000582376CC48EE4109F1C21101F1EA8BF00
:1020E000693CF3B98B665DE5CFA99AA52224C5C0EA
:1020F00000FFF2BA4E800A556880FF2DFF8600056A
:102100003CE3C0FF01AEF2B80228EFC4FE018AD161
:10211000EC017A61808D8085A9FF93227F44403F46
:10212000832BE010F44751000B042FE205D5A35C8C
:10213000F002EA73FC5B1EFED4C460BE3F881FE160
:1021400001ABCF180F92B5890F89BB53444F228141
:102150009F90444786C71C5F05B05FEF5CE8462D43
:102160004A521FF916102919D0D29D5776942FE79D
:1021700090D2B83BD4CFB1477D30261C28C0872CE5
:10218000D73B7CE88F512C172C0111402124924918
:102190002540FF0025C8E0032540000001000A2477
:1021A000FF000E3C46001104000000000600401035
:1021B00001000B2400008990010084240000A9A0E4
:1021C000F8FF00100100A5243D00110440580B0049
:1021D0003B0011042158620105004014FFFF6B25EC
:1021E0003700110440580B00F7FF0010215862011E
:1021F000FFFF6B2505006015000000003000110492
:10220000255840010E00001025604000FFFF6B259F
:1022100000008990005A0B000100842421586901B4
:1022200001006925020020150000000008002003BD
:1022300001002C3142580B0001006B252550600134
:102240001F001104000000000300801100000000C6
:102250000F00001003004C240A004014000000008E
:1022600001008C251600110440600C0014001104BC
:1022700021608201FBFF40100000000004000010FC
:1022800005008C250E0011040000000005004C2400
:102290000105692D236089012368AB000000A99125
:1022A0000100AD250000A9A000000000FFFF8C2563
:1022B000FAFF80150100A524BAFF001000000000FD
:1022C00024480E0104002015000000000000899041
:1022D0000100842425402E01C2110800404008005E
:1022E0000800E00301004230801F033C741060AC22
:1022F0001C80043C783E84241B80053CA5FF11040F
:102300000000A524A00008241B801F3C0000FF271C
:102310000800000144000924100000000000000033
:1023200000000100000000000000000000000200AA
:10233000000000000000000000000300000000009A
:10234000000000000000FF000000000001B5486828
:1023500001318E460047704609380149884701BD62
:10236000ED0E001000000000000000000000000062
:102370000000000000000000C8DD0020592200100D
:10238000CD1F0010D5210010451F001000000000D7
:102390000001000028E9002010000C0000000000EF
:1023A000000000000000000000000000000000002D
:0C23B000FF000000000000000000000022
:1023BC00D3DEFFFFFE010000FF0100007CDDFEFF0D
:0423CC00793512ABA2
:040000051000014D99
:00000001FF
