:020000041000EA
:10000000002008205D0100101B0100101D010010E0
:100010001101001011010010110100101101001058
:100020001901001019010010190100101F01001022
:10003000110100101901001021010010230100100E
:100040001101001011010010110100101101001028
:100050001101001011010010110100101101001018
:100060001101001011010010110100101101001008
:1000700011010010110100101101001011010010F8
:1000800011010010110100101101001011010010E8
:1000900011010010110100101101001011010010D8
:1000A00011010010110100101101001011010010C8
:1000B00011010010110100101101001011010010B8
:1000C00011010010110100101101001011010010A8
:1000D0001101001011010010110100101101001098
:1000E0001101001011010010110100101101001088
:1000F0001101001011010010110100101101001078
:100100001101001011010010110100101101001067
:10011000EFF30580103800BE00BE00BE00BE00BE7A
:1001200000BE00BEF2EB8871E85200100C530010C4
:10013000A001001090A31AE7D3DEFFFF42012110B7
:10014000FF010000B09D0000793512AB4FF00000B8
:100150001E49086006C881F3088810474FF05040D8
:10016000006810B14FF00000F2E70DA40ECC00299A
:1001700002D000F012F8F9E71549164A002000E015
:1001800001C19142FCD11449884714498847144958
:10019000884700BEFDE701C901C29A42FBD3704700
:1001A0000C53001010010020EC4C0020E89E0010C1
:1001B0000000082000000820E89E00100010082021
:1001C00000100820000000007047000008ED00E06B
:1001D000EC4C00203C590020611F001079030010F6
:1001E000591F0010F8B500BF064B0749C91A8910FE
:1001F00048BF0131491003D0044B0BB101481847E7
:10020000704700BFEC4C0020EC4C002000000000C8
:1002100008B5054B1BB105490548AFF30080BDE8A3
:100220000840FFF7E1BF00BF00000000C0580020F9
:10023000004F001011F0010208B513D18B0700D454
:1002400008BD02210A2000F06DFA124B124A9B6A87
:1002500012689B1AB3F5FA7F4FF0010214D30F4BCB
:100260001A7008BD0B4A0C4BD2F828C0012100229D
:100270000A20C3F800C000F055FABDE8084001228A
:1002800002210A2000F04EBA0A20BDE808401146BB
:1002900000F048BA00000B40B05800203759002049
:1002A0002DE9F0410646174608204FF000434FF471
:1002B00080328846002406F12F4586B005F560059A
:1002C00005932D0D3B182A4902920635BA1C1B03D3
:1002D00043EAC213EDB243F0C043049129460393AD
:1002E00000F0E4F92946092000F0E0F90121082096
:1002F00000F090FA0121092000F08CFA039A0823FB
:1003000022F0F85242F010620392414622463046F3
:10031000009404F029FC059A164B134043F0A453B3
:1003200005932046294600F0C1F92046012100F03E
:10033000DBF920460121013400F0E4F9082CF0D16A
:10034000059B039A23F0604323F4F84343F00043F2
:1003500043F4A05342F0C04405933A464146304628
:1003600002AB039404F046FC06B0BDE8F08100BF88
:100370000000045000FC0FE02DE9F84F01F0F0FE02
:100380000A2000F057FA0A234FF0000242EC4430F2
:100390004449454804F064FB0021C2B24248FFF7DB
:1003A0007FFFDFF828A1414BDFF824B1404FA3EBDA
:1003B0000A09012004F042FB3E4B840103EA40336A
:1003C00004F1A04243F011030028C2F800A08046C7
:1003D000C2F804B0C2F80890D3605DDB0A254FF084
:1003E000010343EC44504FF0000646EC40502E4AC7
:1003F000FA20136843F00103136001F0D9F946ECC9
:1004000044504FF050456B685E0505D4012001F063
:10041000CFF96B685805F9D50122274D274B0A20E3
:10042000114600F0A3F92B782BB9012001F0C0F997
:100430002B78002BF9D04FF050467368590505D43E
:10044000012001F0B5F973685A05F9D51C4801F08F
:10045000CBFE01234FF0A042002103FA08F32970DC
:100460001444C2F86434E3685B01FCD4404604F0F1
:10047000DFFA4FF0004110200B4B1A6822F0010206
:100480001A60104AC7F8D010C7F8D01010601A6868
:1004900042F001021A608CE70B4801F0A5FE012032
:1004A000BDE8F88FA850001000002050484C0020F4
:1004B00000102050FFFF01FC3759002035020010CA
:1004C0001C4F001000202050004F0010E00D0020B5
:1004D000100020504FF050422DE9F84F6E4BD2F8EB
:1004E00000A053F82A70BAF1000F2BD0DFF8B481C6
:1004F00067B30026DFF8A4B1DFF8A491F3080C334A
:1005000058F8235034460836C5B105F00F012D09BF
:1005100089B15BF82A2004F00703E240E0089B0061
:10052000D20701FA03F300F18C0C03D4204649F8FA
:100530002C30B84715B10134B442E6D3202EDDD1BA
:10054000BDE8F88FDFF86081002FD2D1534DFC0851
:1005500004F10C0358F8233007F10800002B7CD07D
:1005600013F00F064FEA13120AD055F82A10F9407B
:10057000C90703D44A498C3441F82460002A6CD05E
:1005800012F00F024FEA13210DD055F82A407E1CBD
:10059000F440E40705D4F408414E12018C3446F8C7
:1005A0002420002959D011F00F014FEA133407D04D
:1005B00055F82A20BE1CF240D20758D5002C4CD04A
:1005C00014F00F044FEA134107D055F82A20FE1CFF
:1005D000F240D20752D500293FD011F00F014FEA67
:1005E000135207D02D4C54F82A603C1DE640F60704
:1005F0004BD592B312F00F024FEA13610DD0274C86
:1006000054F82A607C1DE640F60705D4244EE40821
:1006100012058C3446F82420F9B111F00F014FEA8D
:1006200013731FD01D4CBE1D54F82A20F240D20770
:1006300005D4F2081A4E09068C3246F82210073704
:100640005BB154F82A20FA40D10706D41449FF08B8
:100650001B0707F18C0241F8223020283FF470AFCD
:10066000074674E7002BF8D00C4C0737E9E7F2088F
:100670000B4E09028C3246F822109FE7F208084E12
:1006800024038C3246F82240A5E7054EE40809040D
:100690008C3446F82410ACE73C540020005900206C
:1006A0000080024090820240488202404FF4807CE9
:1006B0000C4B00B553F8202003EB8003C00082F000
:1006C000400200F1804003F5805E02F0C00200F5B8
:1006D000203003F54053CEF800204160C3F800C03D
:1006E00000BD00BF04800340054B53F8202003EBFE
:1006F0008003514001F0010103F5805319607047F8
:1007000004800340064B53F8202003EB800382EA69
:10071000011202F0300203F580531A60704700BFE7
:10072000048003404FF050431B6893B10C4B4FEAD9
:10073000D00C00F00700800081400A4803EB8C03D6
:100740000CF18C0C40F82C102AB103F50053196001
:100750007047054BEBE703F540531960704700BF46
:100760009082024000800240488202402DE9F04120
:100770004FF0504690461D463268214B0F4653F8C5
:100780002210044682B031B38DB3114643F8225093
:10079000C9B11C4BE10804F007041B48A40007FA88
:1007A00004F403EB81038C3140F82140B8F1000FD1
:1007B0000BD00121152003F500531C6002B0BDE8E9
:1007C000F04100F079B9114BE4E703F540531C60A8
:1007D00002B0BDE8F08145B143F8225015200A4629
:1007E0000B4900F0E3F93168D2E71146D0E7084938
:1007F0001520019200F0D4FA3168019A004BC5E748
:100800003C54002090820240008002404882024016
:10081000D5040010064B402203EB800319B103F509
:1008200000531A60704703F540531A60704700BFC9
:10083000048003404FF0000300B543EC440043EC58
:1008400040004FF0050E4FF4807C0C4BC20053F873
:10085000201003EB800081F0400102F1804303F59A
:10086000203301F0C00200F5805100F540500A60CD
:10087000C3F804E0C0F800C000BD00BF048003401E
:100880000FB400B5084883B001F0AEFC049B3BB147
:1008900005A91846019101F045FB044801F0A4FCAC
:1008A000012001F057FB00BF2C4F00103C4F0010FF
:1008B000EFF3108072B6064BD3E8CF1F0122002958
:1008C000FAD1C3E8412F0029F6D1BFF35F8F7047FB
:1008D000275000200023034AC2E88F3F80F310888E
:1008E000704700BF2750002070B51646EFF3108404
:1008F00072B6DFF848E0DEE8CF2F0123002AFAD1F4
:10090000CEE8423F002AF6D1BFF35F8F012301F00A
:10091000070CCA0803FA0CF310F802C01CEA03051E
:1009200008D14CEA030C00F802C0CEE88F5F84F3D4
:10093000108870BD3046FFF7A3FF00BF275000208E
:10094000F8B50F461946EFF3108672B61C4DD5E880
:10095000CF4F0123002CFAD1C5E8443F002CF6D13B
:10096000BFF35F8F8A421BD8012402E0013291421B
:1009700022D3D30810F803E002F0070C04FA0CFCB1
:100980001EEA0C0FF2D14EEA0C0E00F803E01046FE
:100990000023C5E88F3F86F31088984207DBF8BD37
:1009A0000023C5E88F3F86F310884FF0FF30002FFB
:1009B000F5D00698FFF764FF4FF0FF30E8E700BF7F
:1009C0002750002000B5EFF3108E72B6104BD3E81D
:1009D000CFCF0122BCF1000FF9D1C3E84C2FBCF1FD
:1009E000000FF4D1BFF35F8F01224FEAD10C01F069
:1009F000070102FA01F110F80C2022EA010200F8C6
:100A00000C200022C3E88F2F8EF3108800BD00BF9A
:100A100027500020044A1078431CDBB2182B28BF53
:100A200010231370704700BF484C002000B5DFF85A
:100A30001CC083B001461F231822CDF800C0024815
:100A4000FFF77EFF03B000BD4C540020404F001064
:100A50004FF0E022936843F000539360704700BF6B
:100A60000021044B03F12002C3E88F1F013393429E
:100A7000FAD170471C5000204FF0E0234FF0803235
:100A8000C3F80024C3F80424C3F80824C3F80C24D2
:100A9000C3F81024C3F81424C3F81824C3F81C2482
:100AA000C3F82024C3F82424C3F82824C3F82C2432
:100AB000C3F8302462B67047012300F01F02934050
:100AC000400941B1800000F1604000F56140C0F88C
:100AD000803103607047024A203042F8203070476E
:100AE00000E100E00123064A410952F8212000F00C
:100AF0001F008340134214BF01200020704700BF35
:100B000000E100E001224309034900F01F00824098
:100B1000403341F82320704700E100E0054A1030DF
:100B20009268054B52F82000C01A2F288CBF002075
:100B30000120704700ED00E04C4C002010B582B061
:100B4000EFF3108472B6164BD3E8CFCF0122BCF17D
:100B5000000FF9D1C3E84C2FBCF1000FF4D1BFF363
:100B60005F8F104A10309268DFF83CC052F82020A6
:100B7000624508D0914206D0CDE9000101F0BCF8F1
:100B80000199074B0098074A926842F82010BFF37A
:100B90005F8F0022C3E88F2F84F3108802B010BD4E
:100BA0002550002000ED00E0110100102DE9F04F6C
:100BB00006468A46154683B0EFF3108872B6714F29
:100BC000D7E8CF2F0123002AFAD1C7E8423F002AF5
:100BD000F6D1BFF35F8F6C4991F90020002A7BDBCF
:100BE0006A4802EB420400EB840393F806C0103617
:100BF00081F800C06649A40089684FEA420B51F8A9
:100C000026E0AEEB00012F292ED962498E4540F037
:100C1000848043F0010E604B02340444043B1B1BF0
:100C2000C3F34A036FEAC3434FF421416FEAD3434E
:100C30005A4420F8221000EB820253804BF60153F5
:100C40009380FF23D571C2F808A09371504B9B6825
:100C500043F826E0BFF35F8F0023C7E88F3F88F398
:100C6000108803B0BDE8F08F2EF0010C9CF807103F
:100C7000A9425AD9B14601941E4603E0CB79AB4252
:100C800030D98C469CF9064004EB4401002C00EB63
:100C90008101F3DA00944BF6015433464E460CF1D1
:100CA0000409043BA3EB0903C3F34A036FEAC343FC
:100CB0006FEAD343ACF80430384B0BEB02018CF8ED
:100CC000062040F82130009B00EB81029480937154
:100CD000D571C2F808A0B9E701F00EF82A4991F9D8
:100CE00000207DE76FF007010094019C33460C1B48
:100CF0006146241A019431F8044F4E4644F30A0425
:100D0000023401EB4404894601990C44C4F34A04BB
:100D10006FEAC4446FEAD444C3E7CDE9002300F08E
:100D2000EBFFDDE90023194873E71B4AA11CDD71C5
:100D30000144043A251D521A0544ACF10401491B33
:100D4000C1F34A016FEAC141C2F34A026FEAC242EB
:100D50006FEAD1414FF4214E6FEAD24299800F4998
:100D600020F804E05A804AF6AA256246121A524137
:100D700055432D0DC3F808A09D7143F0010ECCF82A
:100D8000001063E725500020335900204C4C002010
:100D900000ED00E0110100107C4C0020014880476C
:100DA0002DE9F04F034685B0EFF3108772B6764C0D
:100DB000D4E8CF0F01220028FAD1C4E8402F002840
:100DC000F6D1BFF35F8F714A03F110069268DFF826
:100DD000D48152F8260040454BD0884257D06C4D04
:100DE000A0EB050CBCF12F0F43D84FF0010E4FEADA
:100DF000531C4FEA8C0C0CF1604202F56142D2F8B0
:100E000000C003F01F030EFA03F300920193C2F82F
:100E1000803003EA0C09BFF35F8FEFF30583DBB289
:100E20009A46002B35D09E4205D0CDE9020100F054
:100E300063FFDDE9020120F0010EDEF808C0614524
:100E400005D18CE0D3F808C0614532D09E469EF9AA
:100E5000062002EB4203002A05EB8303F2DA614528
:100E600060D0DDE90032B9F1000F1FD0C3F8802156
:100E70001A60464B9B6843F82600BFF35F8F002340
:100E8000C4E88F3F87F3108805B0BDE8F08F404677
:100E9000EFE720F0010EDEF808C06145D7D19EF9DA
:100EA00006B09B45734609DA404646E0C3F8802009
:100EB000DFE793F906B0BBF1000F34DB0BEB4B0C13
:100EC00005EB8C0292F807E04FEA8C0102919168E1
:100ED00083F807E092F906C09960BCF1000F83F82F
:100EE00006C04FEA4B0E38DB6FF0070C9288029970
:100EF00042F30A0201EB420208322A44ACEB030C33
:100F00006244C2F34A026FEAC2426FEAD2429A8056
:100F1000204BDE441A7805EB8E0E83F800B08EF875
:100F200006209EE77346BAF1000F1ED1FF228EF80D
:100F300006204BF60152AEF80420DFF858C04AF6FE
:100F4000AA229CF800E01946491B49414A43120D68
:100F500083F806E08CF8002083E70F4AD7E79EF974
:100F600006B07346BBF1000FA8DA0C4A0C4DD21A3A
:100F7000083AC2F30A316FEA01516FEA115145EAAA
:100F80005202DA8099806CE72550002000ED00E0E5
:100F90004C4C00203359002001BDFFFF864C00203F
:100FA00000F8FFFF110100102DE9F041EFF3058378
:100FB000DBB29E46EFF3108572B62949D1E8CF2FF8
:100FC0000123002AFAD1C1E8423F002AF6D1BFF33B
:100FD0005F8FDFF89C8040F00106D8F808704AF671
:100FE000AA2357F82E7004461E4AA41A644163438C
:100FF0001B0DB7425BB21ED092F906409C4220D036
:1010000092F912409C4227D092F91E409C4225D072
:1010100092F92A409C4208BF032413D0124A0024AC
:1010200092F800C0137080F806C0C1E88F4F85F3B6
:101030001088BDE8F081D8F808200C4C42F82E400A
:10104000ECE7002404EB440402EB8402FF249471D7
:101050004BF601549480E1E70124F3E70224F1E721
:10106000255000204C4C0020335900201101001065
:1010700000ED00E000B5DFF824C083B00146052391
:101080000022CDF800C00448FFF75AFC0028A8BF92
:10109000C0F1330003B000BD385900205C4F001090
:1010A000014B0B44036070471C50002070B5104C7E
:1010B000104DAC420ED2FF26236863B1FFF7AAFCA5
:1010C00001462046FFF7ECFFA680BFF35F8F083490
:1010D000AC42F1D370BDFFF79DFC01462046FFF7FF
:1010E000DFFF2671BFF35F8F0834AC42E4D370BDDD
:1010F000E44C0020EC4C002010B50446FFF78AFCBD
:1011000001462046FFF7CCFFFF232371BFF35F8F1B
:1011100010BD00BF10B504460120FFF787FC034B4C
:1011200003442360BFF35F8F10BD00BF1C5000203D
:10113000024B0B440360BFF35F8F70471C500020CD
:101140000D4B1A68EFF3108172B6D2E8CFCF0120B1
:10115000BCF1000FF9D1C2E84C0FBCF1000FF4D183
:10116000BFF35F8F00221B68C3E88F2F81F31088C5
:1011700040BF0020002170471059002000000000EF
:101180002DE9F04F2DED028B85B0EFF30583DBB237
:10119000103B9A0818BF01224FF0010103F0030B26
:1011A00018BFA94CA94B08BFA94C0BEB820253F8FE
:1011B000225001FA0BF204F541539FEDA18B0292EC
:1011C0005A602FE0AB88190440F19480AB79002B72
:1011D00040F0DE80B5F90860002EC0F21C816B691A
:1011E00006EB460603EBC603D3E90267B7F1FF3F00
:1011F00008BFB6F1FF3F0ED004EB8B01A36A0A696A
:10120000D21AF31A934205D30123226A03FA0BF38D
:10121000134200D10E61204600F0C6FBB042B94136
:10122000C0F2F980B5F90860029B002EE363C9DBC8
:10123000D5F8149006EB460A09EBCA07BB682046AE
:10124000D7F80C80019300F0AFFB019B984271EB43
:101250000801B7DBB8F1000FC0F2C080D7E9043154
:101260007C4A934200F0F8807A88B5F9080092B27F
:1012700042EA0040984702460B4652EA030100F05A
:10128000AD80002B80F2CD800199B1EB020E68EBAE
:10129000030839F93A30C7E902E8002B92DB6869A4
:1012A00003EB430200EBC202D2E90271BE4578EBC8
:1012B000010C4FEA430285DBAC462CF8083F06E000
:1012C00003EB430100EBC1015A00D1E90271BE45B5
:1012D00078EB01011A4405DB30F9323000EBC20C27
:1012E000002BEDDA29F83A30ACF80060AB8819042D
:1012F0003FF56CAF2B69EFF3108272B6D3E8CF0FD6
:1013000001210028FAD1C3E8401F0028F6D1BFF31D
:101310005F8F4FF6FF76A8880023296900B2AE8060
:10132000C1E88F3F82F310889842FFF64FAF07461F
:10133000A1466E6905F10808B5F9083007EB470EBC
:10134000002BC44606EBCE0215DBD2E90240AA46CA
:10135000019704E036F935309446002B09DB03EBA6
:10136000430506EBC502D2E90271BC4270EB0101F4
:10137000F0DA5546019FACF8007036F93E7026F859
:101380003E30002FD8DAAB794C46002B3FF422AF29
:101390000023AB71B5F90860721C33463BD0686915
:1013A00005F1080E03E08E465A1C3FF415AF03EB1F
:1013B000430200EBC2014F889C463F0430F93230B3
:1013C000F1D5664581ED028BEED0AEF8003029896B
:1013D000664620F83210A5F808C0E5E739F83A303B
:1013E0002B812B69EFF3108272B6D3E8CF0F012166
:1013F0000028FAD1C3E8401F0028F6D1BFF35F8F61
:101400006B88296929F83A3000236E80C1E88F3F44
:1014100082F31088D6E640BF05B0BDEC028BBDE874
:10142000F08F20460393019200F0BEFA019A039BCD
:1014300010EB020E43EB01082BE700BFAFF3008077
:10144000FFFFFFFFFFFFFFFF00800B40E058002081
:1014500000000B408111001008460B69039198476A
:101460000028BBD00399D1E9002306E738B5384BF3
:101470001C692CB1BDE838400A213648FFF710BE80
:101480000321354800F07EFA334D314BDD60FFF724
:10149000C1FA324A4FF0504E024403202C4B4FF019
:1014A0000F0C18701A61DEF800204FF6FF715A70A9
:1014B0005A69A3F802C014834FF00204A2F848400E
:1014C0004FF00404A2F878404FF00504A2F89040D1
:1014D0004FF00604A2F8A8404FF00704A2F8C0405D
:1014E0004FF00904A2F8F0404FF00A04A2F80841B6
:1014F0004FF00B04A2F820414FF00C04A2F8384141
:101500004FF0010414864FF00804A2F8D840144CA0
:101510004FF00D0E4FF00E0C9C6008249980A2F83D
:1015200050E1A2F868C1A2F8600011800D4A2C6257
:101530000D49D360FFF702FB01210320FFF7BCFA3E
:101540000A4B0A211C640348BDE83840FFF7A8BDD8
:10155000944C00201059002000000B401C5000202B
:10156000FFFF1000E05800208111001000200B4008
:1015700000487047944C0020F0B583B09DF8284097
:101580001D46034654B9CDE9000200F015FA019A50
:10159000009B824265EB0101A1425BDB1969EFF31D
:1015A000108072B6D1E8CF6F0124002EFAD1C1E8C5
:1015B000464F002EF6D1BFF35F8FB3F902401F698B
:1015C000002C3EDBD3F814C004EB440E3CF83E1074
:1015D000002659800CEBCE01C7E88F6F80F310888E
:1015E0004888C1E902250130C0F30E00012838BF48
:1015F0000120089A48800A61099A40EA04404A6139
:101600001A69EFF3108172B6D2E8CF7F0125002F5F
:10161000FAD1C2E8475F002FF6D1BFF35F8F9A88F7
:101620002CF83E201A699C80C2E88F6F81F31088E5
:1016300001211C78DA68A14002F50153596003B01A
:10164000F0BD0023C7E88F3F80F310884FF0FF30D4
:1016500003B0F0BD204603B0F0BD00BFF0B51646A4
:101660001F4602690346EFF3108072B6D2E8CF4FEF
:101670000121002CFAD1C2E8441F002CF6D1BFF39F
:101680005F8FB3F902101D69002945DBD3F814E020
:1016900001EB41023EF832400EEBC20C5C800024AC
:1016A000C5E88F4F80F3108805983546CCF81000B8
:1016B00006983E46CCF81400BCF80200CCE902566D
:1016C0000130C0F30E00012838BF0120ACF8020041
:1016D00040EA0140D3F810C0EFF3108572B6DCE8A1
:1016E000CF7F0126002FFAD1CCE8476F002FF6D12B
:1016F000BFF35F8FB3F804C02EF832C099801A6927
:10170000C2E88F4F85F3108801211C78DA68A14068
:1017100002F501535960F0BD0023C5E88F3F80F307
:1017200010884FF0FF30F0BD03464089B0EB214FE9
:101730003ADD58690A1402EB420210B5D3F810C022
:1017400000EBC200EFF3108E72B6DCE8CF4F01223F
:10175000002CFAD1CCE8442F002CF6D1BFF35F8FD8
:10176000428889B292B28A4207D000221B69C3E83C
:101770008F2F8EF31088002010BD6FEA42426FEA6F
:10178000524242800121002218699971C0E88F2FCE
:101790008EF3108893F800C0DA68084602F501530A
:1017A00001FA0CF1596010BD002070474078704775
:1017B0002DE9F04182B0064600F0FEF84FF47A734E
:1017C00004464FF0FF306FF00042E6FB0341A042B9
:1017D00072EB01033ABF044615460D46A61F45F1BC
:1017E000FF37B44275EB07033CBF0026374600F0D5
:1017F000E3F8301A67EB0101012871F1000106DA04
:101800002046294602B0BDE8F04100F0DFB800F004
:10181000D3F8864267EB010100290ADB0021174B50
:101820003246009316483B460191FFF717FF0130FF
:10183000E6D04FF0000C134A1349536A9F4204D874
:10184000906AB042DCD29F42DAD10B68EFF310808D
:1018500072B6D3E8CF8F5FF0010EB8F1000FF8D168
:10186000C3E848EFB8F1000FF3D1BFF35F8F0B6807
:10187000C3E88FCF80F3108820BFDEE7411100104E
:10188000944C002000000B4010590020EFF305821B
:10189000D2B282B1384B5A6A8A4202D20022104632
:1018A000704714BF012200229B6A834228BF42F086
:1018B00001021046704770B584B003922F4A064665
:1018C000D368157818460C46029300F06DF8029B19
:1018D00005F1040C53F82CC0039AACEB000C301A41
:1018E00064EB0101604571F100010FDB20BF224B69
:1018F000596AA14207D314BF012200229B6AB34256
:1019000028BF42F00102104604B070BD029200F000
:1019100053F8864264EB01010029029A1BDB184947
:101920002346CDE9001215483246FFF797FE011E07
:1019300011DD114B5A6AA2421CD39B6AB34217D3E2
:101940000E48FFF7F1FE0C4B5A6AA242D3D2002296
:10195000104604B070BD084B5A6AA242F7D3121B5E
:1019600018BF01229B6AB34228BF42F00102CAE7B6
:10197000A242E5D120BFE3E700000B40944C0020D9
:101980004111001010B4054B054C064AA04214BF8B
:101990001846581C10BCFEF7A7BF00BF50540020CB
:1019A00000800B40784F00100346416A0A46986A4F
:1019B000596A8A42FAD17047034B596A0A46986AB3
:1019C000596A9142FAD1704700000B40074A536AA6
:1019D0009942FCD8994207D1044B02E05A6A9142DD
:1019E00002D19A6A9042F9D8704700BF00000B40BC
:1019F00000EB400C4FEA8C0C0CF1804C0CF5803C59
:101A000070B51E46DCF80430041FB3F5803F38BFC4
:101A10004FF48033E4B238BFCCF80430012C2ED917
:101A20004FF40065284B0CF5405ECEF8005053F89B
:101A300020E0BEF1000F17D1DCF800E0012C8EEAA7
:101A4000421202F0E0020CF5805ECEF800202BD9A5
:101A50004FF4006143F820604FF480330CF50052DE
:101A60001160CCF8043070BD5D69B5FBFEFE0EF16F
:101A7000010E0EEB4E0EBEF1030EFCD2DCE7012987
:101A8000CED103240CF540531C60DCF80830DB0792
:101A9000FBD5DCF800300CF5805E83EA421303F0DE
:101AA000E003CEF80030084B0122DCF800404C4047
:101AB00004F00304CEF8004002FA01F1DCF808203B
:101AC0000A42FBD0C4E700BF54540020014B53F836
:101AD000200070475454002010B5029C8E464FEAF7
:101AE000043C4CEA034C1C4BB3FBF1F30168B2FB22
:101AF000F3F4002920DB194A194B904214BF4FF42C
:101B000080424FF4004217491A6003F580531A606F
:101B10008B6832EA0303FBD1212200F540530433E2
:101B2000C0F800E084601A600268002AFCDA08222B
:101B3000C0F80CC01A6010BD036803F03F03734582
:101B4000D9D18368C3F30B03A342D4D1C36803F490
:101B5000EE236345CFD110BD001BB70000800540C8
:101B600000200240000002404FF0804C214B00B5A5
:101B7000C3F800C0002839D0DFF888C0A3F540536F
:101B8000C3F81CC0DFF880C040F0010080EA0C0CF4
:101B9000C3F820C0596298624FF0804E4FF0E06168
:101BA000144B1548DFF864C0C3F800E0C0F808C063
:101BB00019602AB94FF00042A3F580531A6000BDA6
:101BC0004FF47A7303FB02F2B2F1807F2ABF6FF009
:101BD0007F4313461A464FF08041DFF834C0074870
:101BE000CCF80030064B4260196000BD034BD86151
:101BF000D2E700BF00B00D4000A0014000800D40C2
:101C000000A00D40D3C007B02D3FF84FF3FFFF01F8
:101C1000B8580020012300EB4000800000F1804014
:101C200000F5841041600360704700BF10B50024C8
:101C300082B00B46E48A002141E800F1CDE90003BF
:101C40004B0254BF1021042144F25220A047DDE989
:101C5000002386460A214FF48170F44602B0BDE8A5
:101C6000104060470023DB8A002242E800F2520263
:101C700001D4102118470421184700BF08B50346B6
:101C80000846191E02DB1AB140F03000FFF7CEFF04
:101C900040F02000FAE700BF034AD2F82838002BB2
:101CA000FBD0BFF35F8F704700000E400021044B54
:101CB000044ABFF35F8F43F8041B9342F9D1704786
:101CC0000C080E402C080E404FF42A6C4FF48D7017
:101CD000054A064B0649C2F800C0D0601960536837
:101CE000002BFCDA704700BF0080044000A00440D5
:101CF00000B0FA00704700BF08B50148FEF7C0FD0C
:101D00009C4F001038B5054C054DAC4204D254F838
:101D1000043B9847AC42FAD338BD00BFB84E001020
:101D2000F84E00100648DFF828C0064B064A07495F
:101D3000C0F800C01A608B6832EA0303FBD1704719
:101D40000020024000300240F6FFF3030000024092
:101D50007F3BEFEF044BDB6CB3F5004F03D14FF447
:101D60008022024BDA6470470000115000201150AD
:101D70004FF0E022044BD2F8881D0B43C2F8883D97
:101D800010EE3004704700BF030330006FF0604175
:101D9000044B054A19609368DB4333F06043FAD182
:101DA000704700BF003002400000024010B545F20D
:101DB0005320FFF757FFBDE81040034604201847A3
:101DC00010B545F25320FFF74DFFBDE81040034624
:101DD00001201847FEF744BE1449154B70B55C1A34
:101DE000A610442E324628BF4422124D92002846A7
:101DF00002F098FFB4F5867F13D80F4A14D0C6F1CD
:101E000044002B19410803EBC101C3E90022083348
:101E10009942FAD1C30704D520F00100304445F8B7
:101E20002020064B9D6070BD4320F8E700000010A5
:101E300010010010000000201101001000ED00E072
:101E4000002370B52B4C82B0C4F88430FFF73CFF00
:101E50000122294BDA63636C012BFCD10321264A52
:101E6000244B11639C6B012CFCD1022605252146D5
:101E70000523224A22480096FFF72EFE21462B46D4
:101E8000204A21480095FFF727FE00220420314612
:101E90001E4BFFF7ADFD2146284600221C4BFFF7E5
:101EA000A7FD0022082011461A4BFFF7A1FD0022D2
:101EB00009201146174BFFF79BFD00220620114613
:101EC000134BFFF795FD0022114B07201146FFF73A
:101ED0008FFD0420FFF7FAFD00240F4BA3FB003514
:101EE000AD0CE0B229460134FFF794FE062CF8D180
:101EF00002B070BD0000014000300140002F685961
:101F000000000540008C864700800540001BB7009C
:101F100080D1F008006CDC0283DE1B4300B97047FF
:101F200000F020B910B5094A84B014684CB10346DA
:101F300000914FF0FF3203A90548A047012004B0EB
:101F400010BD00F051F9204604B010BDB458002077
:101F50001D1F001000BEFDE708B5FFF7FBFF00BF27
:101F600038B5064C064DFFF7CDFEAC4204D254F80E
:101F7000043B9847AC42FAD338BD00BFF84E00107E
:101F8000004F0010036808461146184770B5054613
:101F90000846697D82B000294FD0002A25DD0378EC
:101FA00014460A2B064622D0012C4FF0000E0DD00D
:101FB0003246012312F801CF1946BCF10A0F03F192
:101FC000010320D09C42F5D1744505DD2B68A4EBBC
:101FD0000E0106EB0E009847311911F8013CA3F1F0
:101FE0000D03B3FA83F35B092B7502B070BD2B7D33
:101FF000002BD9D102212B6813489847012CEBD034
:102000004FF0010ED4E712F8010C0D28DAD08E45FE
:1020100006EB0E00A1EB0E0105DACDE900322B68CC
:102020009847DDE90032CDE9003202212B680648ED
:102030009847009B019A9E46C4E711462B6802B060
:10204000BDE87040184700BF245100102DE9F0474B
:1020500082B090461C460D460746FFF7ADFC4FF098
:10206000FF3C6FF000462E4A821841F10003944570
:1020700076EB03013CBF624633462A4802F014FF68
:102080006B1C824640D00CB3274E284B1C68B4B161
:10209000B8F1000F1CD1DFF89C8001E0246974B115
:1020A0002368002BFAD0D8F800300BB19C42F5D150
:1020B00020462A463946B0472469002CF0D1BAF1AF
:1020C000000F26D1284602B0BDE8F087184EDCE7A5
:1020D0004FF00A09DFF85C8002E02469002CEED0A2
:1020E0002368002BF9D0D8F800300BB1A342F4D10B
:1020F0002A4639462046B047012220460DF1070105
:102100008DF80790B047E8E7384602F081FE0546B3
:10211000B9E7044802F0BCFE284602B0BDE8F087EB
:1021200040420F00E44C00208D1F0010A4540020FA
:10213000851F0010AC540020084A136823B90AE038
:1021400003F110021B6933B18342F9D129B918692F
:1021500010601961704701B110607047A4540020ED
:1021600000F074BAF0B583B006468DF80700FFF7AB
:1021700023FC4FF0FF356FF00044174A821841F1FD
:102180000003954274EB03013CBF23462A461348E3
:1021900002F08AFE124B07461C689CB1114D01E00B
:1021A00024697CB12368002BFAD02B680BB19C42C8
:1021B000F6D1204601220DF10701FFF7E7FE246961
:1021C000002CEFD117B9304603B0F0BD034802F040
:1021D0005FFE304603B0F0BD40420F00E44C0020EB
:1021E000A4540020AC54002038B5044602F010FE80
:1021F000012305461A4620462946FFF727FF084BCC
:102200001C682CB163682BB198472469002CF9D164
:10221000284638BD2469002CF4D1284638BD00BFBB
:10222000A4540020704700BF0022014B1A70704771
:10223000345900204B79FF2B0BD1887948B9CB79E1
:10224000012B07D1082A05D9034B8A7809201A7077
:1022500070470020704700BF3459002001207047AC
:10226000012901D00120704708B5104B91881B78D7
:10227000994201D0002008BD5378012B08D0022BD1
:10228000F8D1002164220846FFF76EFC012008BD4A
:102290005188CB0548BF480AC1F3402258BF4FF0D0
:1022A000FF3001F07F01FFF7E9FC00BF3459002047
:1022B00000487047F0510010012907D15378012BD5
:1022C00002D19388072B03D000207047012070476C
:1022D0001146A623014A01F08DBA00BF48510010F3
:1022E0000346012201481A70704700BF28510010B0
:1022F00008B50B68B3F5966F00D008BD00224FF00B
:10230000FF301146FFF7BAFC024A034B1060196018
:10231000704700BF4454002048540020184B70B54B
:102320001A68002A28D0EFF3108172B6D2E8CF4F96
:102330000120002CFAD1C2E8440F002CF6D1BFF3E3
:102340005F8F00220F4C186859602270C0E88F2FF1
:1023500081F31088002400250B4E3078FEF7C2FB75
:1023600020B9002400252046294670BD3078FEF7AC
:10237000C9FB2046294670BD4FF47A740025EBE76F
:10238000D85800203659002035590020014B1878C4
:10239000FEF7B8BB3559002038B5044600200D467D
:1023A00001F062FBA8B3002001F074FB88B3FFF7D3
:1023B00003FB4FF0FF3E6FF0004C174A821841F1CB
:1023C000000396457CEB03013CBF7246634613480D
:1023D00002F06AFDE8B1002001F046FB58B9014661
:1023E0004FF0FF3000F02AFD6FF002040B4802F0BE
:1023F0004FFD204638BD002001F04CFB0028EED0F8
:1024000021462A46002001F04FFB04460028EDD16A
:10241000EAE76FF00204ECE740420F001459002095
:1024200008B5FFF7C9FA4FF0FF3E6FF0004C0F4AB6
:10243000821841F1000396457CEB03013CBF7246D4
:1024400063460B4802F030FD70B14FF0FF300021C1
:1024500000F0F4FC002001F06DFB0028F5D1BDE890
:102460000840034802F014BD08BD00BF40420F0001
:10247000145900202DE9F04107460E46FFF79CFA5B
:102480004FF0FF356FF00044324A821841F10003EB
:10249000954274EB03013CBF2A4623462E4802F0C6
:1024A00003FD08B9BDE8F081002001F0DDFA002845
:1024B00045D0002E3EDD0025DFF8A48012E0224644
:1024C000002001F081FB002105444FF0FF3000F0B7
:1024D000B5FC002001F02EFBFFF76EFAC8E9000101
:1024E000AE4227DD002001F08DFB741B8442A8BFA3
:1024F00004467919002CE2D121464FF0FF3000F05C
:102500009DFC204601F016FB204601F0ADFA88B193
:10251000204601F077FB0028E2D1FFF74DFA0F4A81
:10252000D8F800309B18D8F8042042F1000283420A
:102530008A41D5D20848BDE8F04102F0A9BC00208C
:10254000BDE8F0410021064BC3E90001024802F05A
:102550009FBC00BF40420F001459002020A107007B
:10256000384F002010B5002184B0324802F0A0FCA2
:1025700028BB314B1A6802B3EFF3108172B6D2E870
:10258000CFEF5FF0010CBEF1000FF8D1C2E84ECFE3
:10259000BEF1000FF3D1BFF35F8FDFF8A8C0D3F80F
:1025A00000E09CF800205960D3B201228CF8002092
:1025B000CEE88F0F81F31088CBB104B010BD00219D
:1025C0004FF0FF3000F03AFC002001F063FA0446BF
:1025D000184802F05DFC002CEFD0184B1B68002B54
:1025E000EBD0174A106804B0BDE810401847FEF75A
:1025F000BFFF0446FFF7E0F94FF0FF3E6FF0004CDD
:1026000010F57A7241F1000396457CEB030138BF67
:1026100063464FF000014FF0010C38BF7246DFF8FF
:1026200028E02046CDE9011CCDF800E0FEF7A4FF2C
:1026300004B010BD14590020D85800204454002084
:1026400048540020365900201D2300104FF05043FD
:1026500030B585B01C68FEF78BFFFFF7A7F8A042E6
:1026600002D0002005B030BD00212C4B08461B785D
:1026700001F0ACFD2A480368002B4BD00120FEF787
:10268000F9FC0346274C2849C0B22370FEF756FADE
:1026900020780121FEF710FA0E20FEF73FFA60BB0A
:1026A000224B6FF00044C3E90000FEF761FF0546CE
:1026B000FFF782F94FF0FF3C10F57A7241F1000309
:1026C000944574EB030138BF23464FF000014FF0EF
:1026D000010438BF6246DFF860C02846CDE9011426
:1026E000CDF800C0FEF748FF0028BADB01211048F2
:1026F000FFF722FD012005B030BD0120FEF796F95D
:1027000001460A48FEF714FD00220E200949FEF793
:102710004DFAEBE7FEF7F0FCB0E700BF08530010FE
:10272000145900203559002065250010D858002084
:10273000AC4C00208D2300101D2300100048704772
:102740008C520010004870473852001000B51C4AE7
:102750000346117883B031B363B940F209424FF4B4
:102760004173DFF860C0ACF802201648ACF80030C6
:1027700003B000BD052B20D8134ADFF848C052F83B
:10278000231060460023013903E0132B20F8022FA9
:1027900010D011F8012F0133DBB2002AF5D15B0014
:1027A00043F44073E1E701901121104600F024F852
:1027B000019BD1E74FF44A73D7E70020D8E700BF69
:1027C0001C5900207C5400202052001000B545F216
:1027D00047308BB0FFF746FA01220346092101A8D2
:1027E0009847DDE90332034912BA1BBAC1E9002355
:1027F0000BB000BD08590020012900F0BB80614AE0
:10280000013913784FEA231CBCF1090FCCBF0CF13E
:10281000370C0CF1300C012980F800C000F0AD80BD
:1028200003F00F03092B8CBF373330330229437079
:1028300000F0A38053784FEA231CBCF1090FCCBFF2
:102840000CF1370C0CF1300C032980F802C000F0B9
:10285000948003F00F03092B8CBF373330330429E6
:10286000C37000F08A8093784FEA231CBCF1090FF3
:10287000CCBF0CF1370C0CF1300C052980F804C0EA
:102880007BD003F00F03092B8CBF3733303306297D
:10289000437172D0D3784FEA231CBCF1090FCCBF2F
:1028A0000CF1370C0CF1300C072980F806C064D00D
:1028B00003F00F03092B8CBF373330330829C37162
:1028C0005BD013794FEA231CBCF1090FCCBF0CF18C
:1028D000370C0CF1300C092980F808C04DD003F0FA
:1028E0000F03092B8CBF373330330A29437244D08E
:1028F00053794FEA231CBCF1090FCCBF0CF1370C04
:102900000CF1300C0B2980F80AC036D003F00F030D
:10291000092B8CBF373330330C29C3722DD09379F8
:102920004FEA231CBCF1090FCCBF0CF1370C0CF1A2
:10293000300C0D2980F80CC01FD003F00F03092BB9
:102940008CBF373330330E29437316D0D3791A1125
:10295000092ACCBF373230320F2982730DD003F0F1
:102960000F03092B94BF303337331029C37318BFBB
:10297000103002D000230370704700230844037016
:10298000704700BF0859002010B500F039F90C233A
:102990001C4CFF22A3670E201B49FEF707F94022BB
:1029A00000211A4802F07AF94FF0800C0120174AF2
:1029B0000023A2F822C0507010464022144902831E
:1029C0000287144A81604360C2F88430C2F88030C4
:1029D00080F8213080F83B3043620F4BC360C36204
:1029E000803B836202F058FA4FF0005C4FF4803273
:1029F00001200A490A4B2064C4F84CC0C4F8901066
:102A0000DA6410BD0000115099030020B05400207A
:102A100084001050000010500001105010D0010030
:102A20000020115001210E20FEF746B80022024876
:102A3000114600F005B900BFD0540020044B1970B6
:102A400021B14FF40032034BC3F89020704700BF10
:102A500031590020002011500B785B0600D07047E0
:102A60004B78052BFBD14B88014ADBB21360F6E7AC
:102A700000001150CB7803F0030CBCF1010FC3F33D
:102A8000010062D02DE9F041002691F802E0364CB9
:102A90000EF07F0253008988984603EBDE1304EBA7
:102AA00043134FEADE15D876C1F30A0185F0010021
:102AB00083F802E019835870DE70D300002D32D104
:102AC0002A48043304EB821E1F18CEF808701E50EB
:102AD00092B3274B03EBC203CEF804303F31890990
:102AE000BCF1020F14BF8B01CB01224908EB050694
:102AF0000A6804EB461613440B601F49F2608B42D0
:102B00002DD808EB050304EB4314E17E82F0A042CC
:102B100082F48012636842EA816242F0004201203E
:102B20001A60BDE8F081114804EB821E0344CEF820
:102B3000283040F8326052B91346104A04EB45146D
:102B40000120E2606360BDE8F08100207047D200A0
:102B500002F1A04202F58012CEF82420BEE7FFF772
:102B6000CBF8F268CDE700BFB054002080001050D1
:102B700004001050BC580020FF0F105000011050EE
:102B800002F08AB908B59646DFF81CC001F07F0252
:102B9000C80900EB42000CEB40101A46714600F0E9
:102BA0004FF8012008BD00BFB054002011F07F0293
:102BB00005D100290CBF02200120064B9866C909E7
:102BC000054B01EB420003EB40104FF40062002183
:102BD00002F066B900201150B054002011F07F03BC
:102BE00000D17047002205485B0003EBD11300EBD6
:102BF00043106FF40061C27002F052B9B05400206B
:102C00004FF0805209480A4908B50A4B02600A6031
:102C10009968C94311F08051FAD14FF480520648A7
:102C200002F03CF80922054B5A6708BD002002401B
:102C3000003002400000024000001050000011501F
:102C400000234FF0010C10B5016180F81AC0828298
:102C5000C382044602F014F920B14FF40032074B4E
:102C6000C3F89020204602F003F910B10123237726
:102C700010BD2046BDE8104002F006B900201150FA
:102C80002DE9F04100241C4D064623462A78DFF842
:102C900078801A4F0DE03B6813EB441323D0DB68B8
:102CA000304698472A780134E4B2511CA1422346A9
:102CB00006DBA242A3EB0203EDD808EB4313EEE7D9
:102CC000542200210E4801F0E9FF4FF0FF330C4C75
:102CD0002022C4E90133C4E90333FF21BDE8F041F8
:102CE000084801F0DBBF4FF0E023D3F8F03DDB07ED
:102CF00000D500BEBDE8F08130590020404F0020D3
:102D0000485000205C500020A0520010704700BFC7
:102D1000704700BF0020704700207047704700BF19
:102D2000704700BF704700BF704700BF024B587824
:102D3000003818BF0120704748500020024B187817
:102D4000C0F38000704700BF485000202DE9F047D5
:102D5000DFF8E48098F80030FF2B53D100293CD0F5
:102D600054228A4681460021284801F097FF00221C
:102D7000274C284B20461A70FEF7BEF9264B2748F1
:102D80001C60274CFEF7C6F9204601F017FE254AC5
:102D9000254B146023B12548FFF7A2FA244B186095
:102DA0000024224D23462A78224F214E0DE033681D
:102DB00013EB441311D05B687BB198472A78013438
:102DC000E4B2511CA142234611DBA242EFD89B1A68
:102DD00007EB43135B68002BEFD14FF0E023D3F8F0
:102DE000F03DDB0700D500BE0020BDE8F08751466E
:102DF000484688F80090FFF7C7FD0028EDD0484608
:102E0000FFF710FE0120BDE8F08700BF485000200A
:102E100040500020325900209C500020D84C002007
:102E2000C44C0020A0500020E122001030590020A6
:102E3000404F0020A0520010E04C0020954B1B7822
:102E4000FF2B00F019812DE9F04F934C934DDFF8E3
:102E50006082934F8BB026687369EFF3108272B66D
:102E6000D3E8CF0F01210028FAD1C3E8401F002882
:102E7000F6D1BFF35F8FB261304607A901F0E4FBE2
:102E800000237269C2E88F3FB36983F3108800287A
:102E900000F0CA809DF81D30013B072B00F29E8395
:102EA000DFE803F0A5AF939B8C350A04089B002B49
:102EB000D1D009989847CEE79DF8201001F07F0601
:102EC00005EB460000EBD11090F8343023F00103FD
:102ED00080F8343090F8343023F0040380F8343034
:102EE000002E00F0A480037D98F80020934280F02B
:102EF00091806C4A126812EB431300F08E809E6939
:102F00009DF82120099B9DF81C00B047A3E73B7862
:102F1000002B00F082803B78013B3B703B7803F054
:102F2000FF00002B97D1DFF874A19DF81CB09AF830
:102F3000003043F001038AF800309AF8343060F32F
:102F400000038AF834309AF8343060F382038AF848
:102F500034309AF8353060F300038AF835309AF847
:102F6000353060F382038AF8353000F0A7FC9DF815
:102F7000203003F06002602A6CD0402A7DD003F03C
:102F80001F03012B00F0C380022B00F09380002B65
:102F900060D1202A00F00282002A5BD19DF8213006
:102FA000092B57D8DFE813F0BF01AF015600D1015C
:102FB0005600A001760156006A01F9002B78D90766
:102FC0007FF549AFFFF7B0FE45E7EB78DA077FF50D
:102FD00042AF0898FFF79CFE3DE72B78D8077FF5B6
:102FE0003AAF2878C0F3C000FFF79CFE33E79DF8A6
:102FF0001C00FFF745FE00F057FC9DF82030AB7039
:1030000029E79DF81C00FFF73BFE00F04DFCFFF7A1
:1030100087FE20E7501C984211DA4FF0E023D3F8E6
:10302000F03DDC0700D500BE0BB0BDE8F08F099B7A
:103030009DF821209DF81C0000F054FC0BE79B1A22
:10304000194A02EB43135AE7FFF77CFB02460028BC
:1030500040F094814FF0E023D3F8F03DDE0700D537
:1030600000BE9DF81C000021FFF7A0FD80219DF807
:103070001C00FFF79BFDEEE670470C4800F01EFCBD
:103080000121584608AAFFF717F900287FF4E3AE9C
:10309000E7E700BFE04C0020A0500020485000208F
:1030A00032590020404F0020A0520010B9220010D9
:1030B000305900209DF8241011F0700FCAD1B44887
:1030C00001F07F0390F800C00AEB430000EBD11041
:1030D000007D60454DD30CF1010E8645C0F2708134
:1030E000A0EB0C00DFF8ACC20CEB40100090002A03
:1030F00000F06A81009E706900F0E0FB01215846F3
:10310000736908AA984700287FF4A5AEA9E79DF83F
:1031100024300F2BA5D89E4A53441B791278934232
:1031200035D3511C99429CDB9A4E9B1A06EB4316F1
:10313000706900F0C3FB01215846736908AA9847DB
:1031400000287FF488AE9DF8203013F0600688D107
:103150009DF821300A3B012B83D800F0AFFB9DF88E
:1031600021300A2B00F01382584608A900F026FBF4
:1031700071E6DFF824C2DCF800C00CEB40100090D0
:10318000002A00F0218100283FF46BAFB2E7824AA9
:10319000166816EB4316CBD163E79AF801209DF829
:1031A0002230934200F064819AF80120002A40F016
:1031B000D8818AF80130002B00F05881013BD8B249
:1031C000FFF7C0FA002800F074814378022B40F02A
:1031D0007081C2799AF80010C2F340131B01C2F348
:1031E000801221F0300143EA42130B438AF8003089
:1031F000438800F10901C3180293029B8B4240F2FD
:10320000C3814B780B2B00F0CC810120042B40F0C4
:1032100050810022029B00925B1A1FFA83F95C4BDB
:1032200001921B7803901FE05B4B1B6813EB42136A
:1032300000F03F814A461E69584605910493B04705
:103240000246009B082A059903F1010003D9914524
:10325000049B80F012814E4BC0B21B7800905A1C28
:103260009042019000F32581009A01989342A0EBCF
:103270000303D9D8474A02EB4313DBE79AF801303E
:1032800058468DF81A300DF11A02012308A900F0F2
:10329000B1FAE0E5BDF82200030A5A1EC0B20E2AB8
:1032A0003FF6DFAE01A151F822F000BFE534001077
:1032B0006B330010213500106330001063300010B4
:1032C000033500106B3300106330001063300010C2
:1032D0006330001063300010633000106330001062
:1032E00063300010D734001008A800F0EDFA5846FB
:1032F0009DF82210FFF79AFB9AF8003043F0020382
:103300008AF80030A7E5BDF82230012B7FF4A9AE82
:103310009AF80030584623F0080308A98AF80030CC
:1033200000F04CFA97E558469AF800309A0802F0F7
:103330000202C3F340131343ADF81A300DF11A0221
:10334000022308A900F056FA85E5BDF82230012BCA
:103350007FF487AE9AF80030584643F0080308A976
:103360008AF8003000F02AFA75E5022B3FF46CAEC3
:10337000FFF7D2FC024600283FF473AE584653884C
:1033800008A900F037FA00287FF465AD69E600BFB0
:1033900030590020A0520010404F00209DF82430EA
:1033A0000F2B3FF65EAE924A53441B79127893423C
:1033B0001ED2904A166816EB43167FF49CAE50E678
:1033C000002A7FF44EAE00929DF821C00CF0FD0261
:1033D000012A16D0BCF1000F7FF43CAE0AEB430388
:1033E00003EBD11393F834305846C3F34003A3E7FB
:1033F000511C9942FFF635AE7F4E9B1A06EB4316E1
:1034000079E6BDF82220DAB97C48BCF1010F0078DA
:1034100000F08E80CDE90113FFF7C8FB029B0199F4
:103420000AEB430303EBD11393F8342042F002027A
:1034300083F8342093F8342042F0010283F83420DA
:10344000009B002B3FF407AD1E46586900F036FA8A
:103450007369012108AA58469847002000F02EFA07
:103460009AF83530DB073FF5F6AC7DE6FFF758FC00
:10347000584608A900F0A2F9EDE40398012800F0ED
:10348000A680002800F09280002391F802E007E077
:10349000009E8CF804605FFA83FC604540F28680F1
:1034A0000EEB030C5AFA8CFC9CF804600133FF2EDF
:1034B000EED04FF0E023D3F8F03DD90700D500BEA1
:1034C0004FF0E023D3F8F03DDA0700D500BE00232B
:1034D0008AF80130C5E5FEF7EBFE024600287FF4CE
:1034E0004DAFBEE5FFF72AF9024600283FF4B2AD22
:1034F0005846122308A900F07DF900287FF4ABACF0
:10350000AFE5FFF707FC024600283FF4AAAD584696
:10351000137808A900F06EF900287FF49CACA0E5B0
:10352000BDF82410FFF712F902460028EFD198E504
:10353000CDE902320191FFF751FB029B01990AEBA1
:10354000430303EBD11393F83410039A62F3410160
:1035500083F8341093F8341062F3000183F83410C8
:103560006EE7002158460193FFF768FA5846FFF7C7
:1035700007FB9AF8022058460092FFF781FB009A59
:10358000019B8AF8022014E6FFF7C8FB70E7584653
:10359000012308A90DF11A028DF81A6000F02AF92A
:1035A00059E40B78C87819444B782FE6009B1448EF
:1035B0000392009100F0BCFE0D4B039A00991B781A
:1035C0001144019A01339342BFF617AE71E7D3F865
:1035D00010C00C4B9C4508BF022055E74FF0E0237C
:1035E000D3F8F03DDB077FF536AC00BE33E400BF17
:1035F00030590020404F0020A0520010E04C002025
:103600005C5000200D3D00102DE9F84F0A9F002A64
:1036100040D00C461E4615464FF0000BDFF8809058
:10362000DFF8808016E0204698F8021099F800A094
:1036300000F04EFED0B121465046FFF71BFAE0B134
:10364000A3780BF1010BDA0920D1AB453B7021D0F7
:1036500023781C446378052B0FD1E17801F0030136
:10366000B1420AD1A37813F0700FDCD04FF0E02301
:10367000D3F8F03DDA0700D500BE4FF0E023D3F8D1
:10368000F03DDB0709D40020BDE8F88F0B9AAB456D
:103690001370DDD10120BDE8F88F00BEF3E700BF55
:1036A000E04C0020485000208B7813F0700F08D0B9
:1036B0004FF0E023D3F8F03DDA0700D500BE00203C
:1036C000704710B582B0084601910C490C4A8978C0
:1036D000147800F0FDFD48B94FF0E023D3F8F03D39
:1036E000DB0700D500BE002002B010BD20460199C6
:1036F00002B0BDE81040FFF7BDB900BF4850002040
:10370000E04C00200A46064B06481968D3093433BA
:1037100002F07F0203EB4203184400F08DBD00BFAE
:103720009C500020485000200A46064B0648196865
:10373000D309343302F07F0203EB4203184400F054
:10374000ABBD00BF9C5000204850002010B5194868
:1037500001F07F0400EB440000EBD11090F834C07E
:103760001CF0010F08D04FF0E023D3F8F03DDA074A
:1037700000D500BE002010BD00F1300494F804C054
:103780000D484CF0010C007884F804C0FFF7FAF9FA
:103790000028F0D14FF0E021227960F3000222717D
:1037A000227960F382022271D1F8F03DDB07E1D586
:1037B00000BEDFE748500020E04C0020DFF830C0BA
:1037C0000023624610B58E46044608684968CCF866
:1037D0000C3003C29EF800102046BDE8104081F076
:1037E000FF011A4601F08001CCF80830FFF7AEBFA8
:1037F00008500020DFF8ACC070B5154662460024C2
:103800008E4606460868496882B003C2CCF8085064
:10381000ACF80E40BEF80620934228BF1346ACF821
:103820000C308AB133B3DDB19CF90020402B28BFA6
:103830004023002A29DB21463046194AFFF786FF3C
:1038400070B1012002B070BD9EF80010134681F0E7
:10385000FF01304601F08001FFF778FF0028F0D12A
:103860004FF0E023D3F8F03DDB0700D500BE002089
:1038700002B070BD1A469CF8001001F0800130467D
:10388000FFF764FF0028DCD1EAE71A46294604481E
:10389000019301F047FA8021014A019BEFE700BF45
:1038A000C84F0020085000200022034BC3E900222B
:1038B000C3E902221A61704708500020014B1861C9
:1038C000704700BF085000200146054A4FF0000C29
:1038D000134600684968C2E902CC03C3704700BFC1
:1038E0000850002030B53E4CC90922780546B1EB9E
:1038F000D21F83B017D053B14FF0E023D3F8F03D7F
:10390000DB0702D4002003B030BD00BEFAE7214639
:10391000FFF7A2F823691BB12246032128469847E6
:10392000012003B030BD94F90020002A08DBA06814
:103930000028E7D01A462B49019301F0F3F9019BC7
:10394000E089A168E288184480B219448242E0818B
:10395000A16016D03F2B14D9A28994F90040131A04
:103960009BB2402B28BF4023002C28DB90424FF015
:10397000000132D01B4A2846FFF7E8FE0028CFD1CD
:10398000BAE7236923B102212846154A984768B14E
:1039900000232178284681F0FF011A4601F08001BA
:1039A000FFF7D4FE0028A7D00120BAE70146284639
:1039B000FFF7FCF880212846FFF7F8F8B0E79042BF
:1039C00008D01A460748019301F0ACF98021054A56
:1039D000019BD0E780210022CDE70A46CBE700BF5C
:1039E00008500020C84F002070B582B00446FFF791
:1039F0009DF908B902B070BDFFF7A0F90246002892
:103A0000F8D1C82304FB03F315492546CC18E07808
:103A10000028EFD010335E183046019200F002FE0D
:103A20003F28E7D9E1780198FFF76CFE0028E1D044
:103A3000304600F0F7FD3F28E1780AD94023DFF84F
:103A400024C001980CEBC51202B0BDE87040FFF72E
:103A50007DBE019802B0BDE87040FFF765BE00BFB3
:103A6000F04C0020444F002010B50446FFF75EF9EB
:103A700008B9002010BDFFF761F90028F9D1C8226C
:103A8000034B02FB0433187900F0010010BD00BFA6
:103A9000F04C0020C82208B5024B02FB003000F0B9
:103AA000A7FD08BD004D00204FF6FF732DE9F04142
:103AB000C8249A4228BF1A4600FB04F41B4D04F1A7
:103AC000100382B0804692B258195F1900F00AFEC6
:103AD0000646FFF72BF918B9304602B0BDE8F08171
:103AE000FFF72CF90028F7D12544EA78002AF3D013
:103AF0000190384600F096FD3F28EDD90198E9780D
:103B0000FFF700FE0028E7D0384600F08BFD3F2885
:103B1000E97807D9064A4023019802EBC812FFF75B
:103B200015FED9E70198FFF7FFFDD5E7F04C00201F
:103B3000444F0020F0B583B00546FFF7F7F810B901
:103B4000002003B0F0BDFFF7F9F804460028F7D1D4
:103B5000C82305FB03F31A4A03F124018F183846E2
:103B6000009300F045FD0028EAD0154A009B20464E
:103B7000D618B178FFF7C6FD0028E1D011493846C4
:103B800001EBC5114022009100F0ACFD96F802C097
:103B9000034670B1019061462046009AFFF7D6FDBA
:103BA00058B94FF0E023D3F8F03DDB07C8D500BE8D
:103BB000C6E76146FFF7B8FDC2E70198C1E700BF5D
:103BC000F04C0020844F002070B505464FF6FF7082
:103BD000C823824228BF0246094C92B203FB054427
:103BE000204600F043FE0646204600F001FD3F2837
:103BF00001D8304670BD2846FFF79CFF304670BDA7
:103C0000144D0020C82208B5024B02FB003000F022
:103C100009FD08BD144D002070B5002482B0C822F3
:103C20000021184801F03AF8FF234FF4E13108224F
:103C300015480470134800940646437181608273EE
:103C400000F1380101234022103000F0A1FC0123D3
:103C5000402206F17801009306F1B80506F1240030
:103C600000F096FC2846FDF747FA06F1C000FDF784
:103C700043FA06F1C000C6E90745C6E90C0402B0E4
:103C800070BD00BFF04C0020C44F00200A4B196BE0
:103C90001A6A61B13AB10022C3E90C22DA6100224A
:103CA0001A62012070470120C3E90C227047002AE4
:103CB000F7D0D961F3E700BFF04C00200022104993
:103CC00008B510480B7802600271DA0707D59B0728
:103CD0000CD5BDE8084001210B4800F08BBE103028
:103CE00000F06CFE06490B789B07F2D4064800F002
:103CF00065FEBDE808400121034800F07BBE00BF1F
:103D0000C44F0020F04C0020144D002070B54B79BA
:103D100084B0022B02D18B79022B03D000242046E1
:103D200004B070BD2B4B9B783BB14FF0E023D3F830
:103D3000F03DDB07F2D500BEF0E78B78054625485D
:103D400003700B78194491F801C0BCF1240F08BF2F
:103D5000092409D03BE00B78194491F801C02344B1
:103D6000BCF1240F9CB207D19442F4D90020FFF794
:103D70003BFE204604B070BD6346BCF1050F16D073
:103D8000042BF3D14B790A2BF0D1134B0A78019312
:103D90000133009302231646114428461A46FFF7C2
:103DA00033FC0028C1D00E3433199CB2DEE728461C
:103DB0000391FFF779FC03990028B6D08B78054A68
:103DC00053700B781A1919444B7894B2D8E76346AC
:103DD0000924D2E7F04C0020F24C0020137803F0C5
:103DE0006003202B0BD100B5DFF8BCC093889CF892
:103DF00000E083B09E4504D0002003B000BD002049
:103E000070475378203B032BF6D8DFE803F02C27CC
:103E10000D02012933D0032922D11E4B03B3002008
:103E20005188AFF300801BE0012928D0032917D166
:103E30005288194802F0010383F0010101938CF8C4
:103E40000420009200F0D6FD144949B1009A0020E8
:103E50000199C2F34002AFF3008001E0012912D0C2
:103E6000012003B000BD01290DD00329F8D10C4B6E
:103E7000002BF5D000200B49FEF73AFAF0E7114687
:103E8000FFF79CFCECE711460723064AFFF7B2FC5C
:103E9000E6E700BF00000000144D00200000000015
:103EA000F1220010F84C0020F04C00202DE9F041E8
:103EB000354C0D46E27807468A421E4682B02FD026
:103EC000A3788B4209D04FF0E023D3F8F03DDB0715
:103ED00024D4002002B0BDE8F0812C4B13B10020A7
:103EE000AFF300800020FFF725FE002847D12848C7
:103EF00000F07EFB002842D1002E40D016F03F0596
:103F00003DD13846A178FFF7FDFB002837D02B467E
:103F10002A463846A178FFF719FC30E000BED8E702
:103F20009AB21C4904F1100000F0A0FC1A4BD3B166
:103F30006279FF2A17D0B6B1164B03EB060802E0F0
:103F4000434510D0627913F8011B9142F8D1134810
:103F5000019300F05DFB019B0028F1D16179AFF383
:103F60000080019BECE70E4B1BB10C4800F050FBAE
:103F700038B10020FFF738FDA378AB42ADD0012067
:103F8000A8E7AFF30080F4E7F04C00200000000049
:103F9000144D0020444F002000000000004D002080
:103FA00000000000F0B54FF4137285B000211248F4
:103FB00000F074FE402600234FF480750E4F0F4C26
:103FC00007F5A6721946CDE90246009201951A46F8
:103FD00007F5947000F0D6F9002307F12801344466
:103FE000009101221946CDE902460195381D00F0E5
:103FF000C9F905B0F0BD00BFF0510020705100209C
:1040000008B5044800F0EAF9034800F0E7F9012098
:1040100008BD00BF18530020F451002038B500251A
:10402000064C04F59870257000F0C8FC04F10C00F3
:1040300000F0C4FC84F82951657138BDF0510020AE
:104040002DE9F8434B79FF2B05D1354F7E7997F851
:1040500029311E4302D00020BDE8F8838B780C780C
:104060003B700B79814688460C44002B34D0A51850
:1040700003E0AC4230D223781C446378052BF8D19E
:10408000AC4229D221464846FFF70EFB00283ED01D
:10409000A378DB0925D1234800F090FCA37897F89A
:1040A000282187F82931A3884846C3F30A03A3F5DA
:1040B0000073B3FA83F35B0963F341021A4987F88B
:1040C000282100F0FDF910B3237898F80420013678
:1040D0001C44F3B29A42D0D8A4EB080080B2BDE8E9
:1040E000F883124800F06AFCA3783A797B71A388C0
:1040F0000F49C3F30A03A3F50073B3FA83F35B0913
:1041000063F3410200203A7100F0A0F9DCE74FF0C0
:10411000E023D3F8F03DDB079DD500BE9BE700BF51
:10412000F05100202053002018530020FC510020A3
:10413000F451002010B5DFF890C004469CF8292106
:1041400082B08A421AD09CF805208A4202D0002010
:1041500002B010BD174A2AB199B200200193AFF303
:104160000080019B20461449019300F06FF998B933
:104170002046019A104900F033F90DE0BCF83421D3
:104180006AB90E4A22B100200D499AB2AFF30080FD
:1041900020460C4900F094F9012002B010BD9AB2FB
:1041A000DCF82C110CF59870019300F05FFB019B7B
:1041B000E7E700BF00000000F4510020000000000D
:1041C0007051002018530020F051002000B583B03A
:1041D000D9B101280ED80B7863B1DFF858C0012B94
:1041E0000CF8003002D0012003B000BDFEF7AEFD98
:1041F0000028F8D14FF0E023D3F8F03DDB0702D4DC
:10420000002003B000BD00BEFAE70122084601A964
:10421000ADF80420FEF79AFD012238B94FF0E023F3
:10422000D3F8F03DDA07ECD500BEEAE7014B1A708F
:10423000E7E700BF3C500020037813F001031ED1D4
:1042400030B50246007883B00446400702D51846D0
:1042500003B030BD08460D464FF0FF31019200F02B
:104260000BFE019A137813F001030BD11178490763
:104270000AD41178012341F00401117004E00023F5
:1042800018467047C4F380032846019300F000FEEF
:10429000019B184603B030BD70B50D4604464FF083
:1042A000FF31284600F0E8FD2378C3F380065B0762
:1042B00008D5237813F0010311BF0026227863F399
:1042C00082022270284600F0E3FD304670BD00BF38
:1042D000C378828803F003000228C2F30A0215D0D3
:1042E00003280AD001281CD1022940F2FF3308BF5D
:1042F0004FF4806393420DD37047022914BF4023CB
:104300004FF48063934205D30120704702290AD0FD
:10431000402AF9D94FF0E023D3F8F03DDB0700D570
:1043200000BE00207047B2F5007FEDD0F2E700BF7D
:104330000A44914225D291F801C0BCF1050F05D085
:1043400091F800C061448A42F5D8704700B591F8F1
:1043500002C00CF07F0E00EB4E0E4FEADC1C0EF894
:104360000C3091F800C061448A4209D991F801C02B
:10437000BCF1050FEBD091F800C061448A42F5D83A
:1043800000BD704770B584B0009390F800C0164629
:1043900061F3000CBDF8242004460123089900F8BD
:1043A00008CBBDF82C50039200F0F2F8089B0BB13B
:1043B000039A2AB901200A9B6580636004B070BD2E
:1043C00004F11C000390FCF797FE03981EB93346D6
:1043D000C4E90530EEE703460020F9E70120704705
:1043E00070B50646084640F2FF130C4610F8081B4D
:1043F00082B011F0020F01920CBF3F251D4600F064
:10440000F7F8019A28B922B1154202D12378DA07C8
:1044100002D5002002B070BD30466178FFF772F916
:104420000028F6D0237813F0010307D04FF0E023E3
:10443000D3F8F03DDB07ECD500BEEAE71A4630467C
:104440006178FFF783F90028E4D1EFE770B50546FE
:1044500082B001F108000C4600F0CAF810B12378D0
:10446000DA0702D5002002B070BD28466178FFF758
:1044700049F90028F6D06288616804F1080000F06C
:1044800031F92278034602F0010240B172B14FF0D7
:10449000E023D3F8F03DDB07E4D500BEE2E7002AD5
:1044A000E0D128466178FFF73FF9DBE701906268C9
:1044B00028466178FFF74AF90028E8D00198D2E74A
:1044C0002DE9F0418A890C4605460B7882B02AB95D
:1044D000DE0737D5002002B0BDE8F081990704F16E
:1044E000080047BF4FF47E484FF400764FF6C0787F
:1044F000402600F097F8864204F10807EAD82378AE
:10450000DA07E7D428466178FFF7FCF80028E1D005
:10451000384600F087F82378864203F001032ED84E
:10452000C3B9638808EA0002934228BF1346617842
:10453000002B2BD0626828460193FFF707F948B19A
:104540000198C8E74978FFF7DDF80028C2D0237842
:10455000D80707D54FF0E023D3F8F03DDB07B9D5F6
:1045600000BEB7E7638861783BB162682846FFF711
:10457000EDF80028EED06088ADE71A46F6E7002B8C
:10458000A8D128466178FFF7CFF8A3E71A46D2E70B
:104590002DE9F041B2F5004F9DF8185024D804469B
:1045A000C06898460F46164618B14FF0FF3100F02C
:1045B00063FC206918B14FF0FF3100F05DFC002270
:1045C000C8F30E03E06843EAC53362812760A68022
:1045D000E380228108B100F05BFC206908B100F0A3
:1045E00057FC0120BDE8F0810020BDE8F08100BF4C
:1045F000038942899BB292B28088934236BFC2EB54
:1046000040029B1A9B189BB2984228BF18467047DD
:104610000289438990B29BB2C01AB0FA80F0400977
:10462000704700BF038942899BB2808892B293424F
:1046300036BFC2EB40029B1A9B189BB2984286BFC2
:10464000C01A80B20020704730B5044600690D469C
:1046500083B018B14FF0FF3100F00EFC2289618960
:1046600092B289B2A3888A4236BFC1EB4300501A86
:10467000801880B268B3834209D29A422CBFD21A02
:10468000D21891B28B42618103D8C91A89B28B4288
:10469000FBD9E2882368C2F30E0202FB01312846EF
:1046A00000F040FB6289A38892B2511C89B28A4211
:1046B0004FF0010210D9002103FA02F0091A206913
:1046C000618118B1019200F0E3FB019A104603B03A
:1046D00030BD0246618989B2B1EB430F4FEA430016
:1046E000EDDBEBE72DE9F04105460069884682B035
:1046F00028B14FF0FF31009200F0BEFB009A2989EB
:104700006B8989B29BB2AC88994236BFC3EB440631
:10471000CE1A7618B6B2002E4BD0B44241D3B24274
:1047200028BF32469C4296B203D81B1B9BB29C42C8
:10473000FBD9B5F806C0E01A296880B2CCF30E02A6
:104740008642174602FB031125D910FB02F24046B0
:1047500092B20193009200F0E5FA019B009A341B9B
:10476000234408EB020013FB07F2296892B200F021
:10477000D9FA6A89AC8892B293199BB29A421AD933
:1047800062009B1A28696B8108B100F081FB3046FA
:1047900002B0BDE8F081404606FB02F200F0C2FA2A
:1047A000E7E7A1422CBF091B09198BB226466B8192
:1047B000B5E76B899BB2B3EB440F4FEA4402E1DBF0
:1047C000DFE700BF70B50446C0680E4682B018B17E
:1047D0004FF0FF3100F050FB2589238961899BB29E
:1047E00089B2A2888B4236BFC1EB42015B1A5B18CB
:1047F0009BB29A42ADB20BD8E179C90908D1E06801
:1048000018B1019100F044FB0199084602B070BD57
:10481000954228BF2B4617D39B1A9BB29342FBD2DB
:10482000E2882068C2F30E0202FB0300314600F06A
:1048300079FA6B1C9BB29D42A28811D900235100CA
:104840005B1A01212381DAE7E2882068C2F30E02B5
:1048500005FB0200314600F065FA0135A288ABB2D3
:10486000B3EB420F4FEA4201EBDBE9E72DE9F047FA
:10487000154682B0002A4AD00446C068884618B15E
:104880004FF0FF3100F0F8FAE17926896389C90910
:10489000A288B6B29BB23ED19E4236BFC3EB420362
:1048A000F31A9B199BB2934253D2D31A9BB2AB42D9
:1048B00028BF2B469DB27319B4F806C01FFA83F9BE
:1048C000A5EB020A9642334603D39B1A9BB293424E
:1048D000FBD2D21A91B22068CCF30E02A94217463D
:1048E00002FB030052D3414605FB02F200F01AFA24
:1048F000A3884E454FEA430202D8B9EB430F01DBD0
:10490000A9EB0209E0682A46A4F8089028BB1046E3
:1049100002B0BDE8F087954227D29E4236BFC3EB76
:104920004201F11A891989B250002944AF1A814213
:10493000BA4608DB991889B24E1BB6B2B342894613
:1049400038D9301A86B2AB191FFA83F9B4F806C009
:10495000B8E70022E0680028D9D0009200F098FA69
:10496000009A104602B0BDE8F087002AF2D0B4F8F1
:1049700006C0AD1A99181E46CCF30E0303FB05883A
:104980004FF0000A15461FFA81F99BE711FB02F26E
:10499000414692B20193009200F0C4F9019B009A43
:1049A000534413FB07F308EB020120689AB200F0AE
:1049B000B9F99DE7B042C4DDC8E700BF10B50446B1
:1049C000C06818B14FF0FF3100F056FA206918B1F5
:1049D0004FF0FF3100F050FA0023E068638123813B
:1049E00008B100F055FA206908B100F051FA012031
:1049F00010BD00BF38B50446C0680D4618B14FF071
:104A0000FF3100F039FA206918B14FF0FF3100F0A2
:104A100033FAE379E06865F3C713E37108B100F096
:104A200037FA206908B100F033FA012038BD00BF21
:104A300001460148FBF7C6BF2E59002000B5DFF83C
:104A40001CC083B001460F230022CDF800C00248ED
:104A5000FBF776FF03B000BD2E59002088500010F0
:104A60002DE9F04788460546FBF722FF012298F81A
:104A700004E0814698F905C005F12F40394F00F553
:104A8000600002FA0EF2000DBCF1000F57F8206032
:104A900002F1FF32CEF120043BDBA44503DC02FA35
:104AA0000CF3334207D04FF0FF344846FBF712FFB8
:104AB0002046BDE8F087D5F8683198F80740002B0C
:104AC00049D1630737D4644602FA0CF31E429A4672
:104AD00039D1BEF1000F12D0D8F8001001EB4E080A
:104AE000E64631F8023B0EF11202B3F5005F38BF23
:104AF000634441450EF1010E45F82230F1D146EAFA
:104B00000A0647F820604846FBF7E4FE2046BDE869
:104B1000F087BEF1200F02DD15E0013C13D302FA4D
:104B200004F33342A446F8D1D5F8681198F8073059
:104B3000A1B95B07C8D56FF00A044846FBF7CAFE67
:104B40002046BDE8F0876FF008044846FBF7C2FE38
:104B50002046BDE8F087E107B5D5ECE7D907B3D526
:104B6000E9E700BF64510020F0B59E46D0F86831F7
:104B70009DF81450D21A1F2A39D80C464EF28003E1
:104B80004EF29F014FF4003704EB440C002D08BF98
:104B9000194600EBCC0303F5435300EBCC0CBEF1FC
:104BA000050FDCF8DC60DCF8CC50DF600ED9530177
:104BB000AEF1050E43F0A0530532BEF1050FCCF85F
:104BC000DC3002F01F02CCF8D810F0D8520104EB10
:104BD000440442EA8E6300EBC402C2F8DC300020D9
:104BE000C2F8D810C2F8DC60C2F8CC50F0BD6FF04B
:104BF0000400F0BDF0B5012404FA01F5046824EACC
:104C000005040460A3B3D3E901561F68DC6801EB17
:104C1000410300EBC303C3F8C8704FEA410CC3F86B
:104C2000D060C3F8CC50C3F8DC400CEB01034FF06C
:104C3000013500EBC30C4FF0004600EBC30E01231F
:104C40000EF5865E0C1D01F108078D40CEF8106050
:104C500003FA04F4CEF8106002F01F028560BB4036
:104C600000F50050046003600020CCF8D820F0BDAF
:104C70004FF480374FF440264FF4F83501EB4104F0
:104C800000EBC404C4F8C8704FEA410CC4F8D0600B
:104C9000C4F8CC50C4F8DC30C7E700BF30B5840797
:104CA0008646034606D0A2B303F8011B980702F11B
:104CB000FF32F8D1032A26D95FFA81FC0F2A0CEBC8
:104CC0000C2C0CEB0C402AD922F00F0C9C44C3E9AD
:104CD0000000C3E9020010336345F8D112F00C0F55
:104CE00002F00F0517D04FEA950C1A460CF1FF346D
:104CF00003EB8C0C42F8040B6245FBD1043305F046
:104D0000030203EB840322B11A4403F8011B9A4205
:104D1000FBD1704630BD2A46002AF5D1F9E7154689
:104D2000E1E700BF844641EA000313F0030349D1E1
:104D3000403A23D30B6803604B6843608B68836001
:104D4000CB68C3600B6903614B6943618B69836105
:104D5000CB69C3610B6A03624B6A43628B6A8362ED
:104D6000CB6AC3620B6B03634B6B43638B6B8363D5
:104D7000CB6BC36340304031403ADBD230320BD38F
:104D80000B6803604B6843608B688360CB68C360CB
:104D900010301031103AF3D20C3205D351F8043BE5
:104DA00040F8043B043AF9D2043208D0D2071CBFC1
:104DB00011F8013B00F8013B01D30B8803806046EA
:104DC000704700BF082A13D38B07B1D010F003033C
:104DD000AED0C3F10403D21ADB071CBF11F8013BAC
:104DE00000F8013BA4D331F8023B20F8023B9FE7D7
:104DF000043AD9D3013A11F8013B00F8013BF9D24A
:104E00000B7803704B7843708B78837060467047E3
:104E100020F0030110F00300C0F1000051F8043B42
:104E200000F1040C4FEACC0C6FF000021CBF22FA18
:104E30000CF213434FF0010C4CEA0C2C4CEA0C4CD6
:104E4000A3EB0C0222EA030212EACC1204BF51F8CF
:104E5000043B0430F4D0C2F1000102EA0102B2FACC
:104E600082F2C2F11F0200EBD2007047F8B500BF1A
:104E70005FF800F07D0A00205FF800F035020020A6
:104E80005FF800F0550A00205FF800F0F90A0020F2
:104E90005FF800F06D0200205FF800F0A90200202A
:104EA0005FF800F0B10A00205FF800F0CD010020AB
:104EB0005FF800F011010020AD1D0010251D00104D
:104EC000551D0010411E00108D1D0010AD1C00105E
:104ED000D51D0010991C0010AD100010D91D001038
:104EE0006D140010F51C0010C11D0010711D001084
:104EF000510A0010790A0010CD270010110200108D
:104F00004661696C656420746F20696E69746961BB
:104F10006C697A6520444D4100000000526573655C
:104F20007474696E672E2E2E000000000A2A2A2A49
:104F30002050414E4943202A2A2A0A000A00000034
:104F40004E6F207370696E6C6F636B732061726556
:104F500020617661696C61626C6500004E6F20753E
:104F600073657220495251732061726520617661C8
:104F7000696C61626C65000048617264776172659A
:104F800020616C61726D20256420616C72656164C2
:104F90007920636C61696D6564000000486172642A
:104FA000206173736572740052656C65617365008E
:104FB000626F6F74325F77323571303830000000C5
:104FC000302E3100322E322E300000007069636FB7
:104FD000320000007069636F5F626F6F7479000068
:104FE000417567203135203230323600555342202A
:104FF000737464696E202F207374646F757400007D
:10500000526173706265727279205069000000000D
:105010005069636F00000000426F61726420434476
:10502000430000005265736574000000556E6861AE
:105030006E646C65642049525120307825780A00EE
:10504000657020253032582077617320616C72655D
:1050500061647920617661696C61626C6500000051
:1050600043616E277420636F6E74696E7565207876
:10507000666572206F6E20696E6163746976652063
:1050800065702025303258004E6F20444D4120631A
:1050900068616E6E656C732061726520617661690E
:1050A0006C61626C65000000B050001009FF0101E6
:1050B0002BA08A2080F00820C300808008609FFE1B
:1050C0008920000006005250D3F07542A84F00100E
:1050D00006005250E182887FB04F00100600525007
:1050E0003ABCA911C04F001006005250ABB3605338
:1050F000C44F001006005250BBFF3CB6CC4F00100E
:1051000006005250861C0302D44F00100600525075
:105110005422A29DE04F001005005250DE65F46855
:10512000FC9E00100D0A0000000000002522001067
:10513000000000002922001035220010612200101A
:105140005D220010000000000A00000000000306BD
:10515000A6000800020002009C001400030057494A
:105160004E55534200000000000000000000800087
:105170000400010028004400650076006900630017
:10518000650049006E0074006500720066006100F1
:1051900063006500470055004900440000004E00D0
:1051A0007B00620063003700330039003800630081
:1051B00031002D0037003300630064002D003400FF
:1051C0006300620037002D003900380062003800AB
:1051D0002D003900310033006100380066006300A3
:1051E000610037006200660036007D0000000000AC
:1051F000050F2100011C100500DF60DDD88945C7BF
:105200004C9CD2659D9E648A9F00000306A6000107
:10521000000000000600525053B4F4A1EC4F0010FF
:105220000000000000500010105000101C59002019
:10523000185000102450001009025400030100808F
:105240007D080B00020202000009040000010202B6
:1052500000040524002001052401000104240206A5
:105260000524060001070581030800100904010058
:10527000020A000000070502024000000705820242
:105280004000000904020000FF00010512011002A5
:10529000EF0201408A2E0900000101020301000013
:1052A00000000000193C00108D3C0010BD3C0010B7
:1052B0000D3D0010DD3D0010AD3E0010000000006F
:1052C00000000000A53F0010014000101D4000102C
:1052D00041400010B92200103541001000000000CC
:0852E00044FAFF7F0100000009
:1052E800C4500010D0500010DC500010E8500010DE
:1052F800F4500010005100100C510010185100100B
:04530800145200102B
:10530C00034600B50268EFF3108C72B6D2E8CFEF0B
:10531C000120BEF1000FF9D1C2E84E0FBEF1000F13
:10532C00F4D1BFF35F8F93F90420002A09DB01B19C
:10533C000A60002000221B68C3E88F2F8CF31088B2
:10534C0000BD4FF05042126801201A71F2E700BF05
:10535C004FF050412DE9F0411F460B6804461646AC
:10536C000025984608E0C3E88F5F82F3108830462A
:10537C00394600F029FEE8B92368EFF3108272B6C3
:10538C00D3E8CF0F01210028FAD1C3E8401F002831
:10539C00F6D1BFF35F8F94F9041023680029E2DA89
:1053AC00002184F80480C3E88F1F82F31088012049
:1053BC00BDE8F0810020BDE8F08100BF10B50168A8
:1053CC00EFF3108E72B6D1E8CFCF0124BCF1000FF1
:1053DC00F9D1C1E84C4FBCF1000FF4D1BFF35F8F92
:1053EC0090F904C00468BCF1000F10DB0021C4E884
:1053FC008F1F8EF310884FF0504494F90040644591
:10540C0001D1084610BDBDE81040FFF7A1BF4FF019
:10541C005042126800230271C4E88F3F8EF310884B
:10542C00012010BD70B505460C4600F0B9FD0246D2
:10543C000B464FF47A704FF0FF3E6FF0004CE4FBDC
:10544C00002396457CEB030138BF72462846BDE825
:10545C00704038BF6346FFF77BBF00BF0368EFF3B4
:10546C00108272B6D3E8CFCF0121BCF1000FF9D175
:10547C00C3E84C1FBCF1000FF4D1BFF35F8F4FF0AA
:10548C00FF0C0023016880F804C0C1E88F3F82F351
:10549C00108840BF704700BF002108B5134B4FF474
:1054AC00707299601248D960196159619961D9611A
:1054BC00196259629962D962196359639963D96304
:1054CC00196459649964D964196559659965D965E4
:1054DC00196659669966D966196759679967D967C4
:1054EC0000F06EFD034B044A1A6008BD000010501A
:1054FC00F0540020BC580020800110502DE9F047DA
:10550C001E4B84B0D3F858A0BAF1000F21D0002460
:10551C0001254FF4E069DFF86C80194F05E0013488
:10552C00E4B2202C4FEA450513D01AEA050FF6D049
:10553C00E34304F0FE0603F001031E4407EB46169A
:10554C003046C8F8585000F001FC28B93AEA050A70
:10555C00E5D104B0BDE8F087B378F28A8DF8083055
:10556C00002301A80121ADF8049003928DF80930B5
:10557C0000F00AFC304600F08DFBE7E7000011500C
:10558C00B05400200030115070B5B24B86B0D3F837
:10559C00984014F4003574D0AF4AB04B906A93F82D
:1055AC003B20AF49022A086000F0E680002593F802
:1055BC007B20022A00F0B28193F8BB20022A00F073
:1055CC00A28193F8FB20022A00F0928193F83B21F0
:1055DC00022A00F0818193F87B21022A00F071816C
:1055EC0093F8BB21022A00F0618193F8FB21022A77
:1055FC0000F0508193F83B22022A00F03F8193F88F
:10560C007B22022A00F01A8193F8BB22022A00F0B6
:10561C00098193F8FB22022A00F0F88093F83B23CF
:10562C00022A00F0E78093F87B23022A00F0B7806F
:10563C0093F8BB23022A00F07C8193F8FB23022A07
:10564C0000F0C7803DB9874B1B7823B94FF400326B
:10565C00854BC3F890204FF440727E4B01219B6C1C
:10566C0003A8C3F30A030493ADF80C2000F08CFBE1
:10567C00E3064FF400357D4E07D5FFF73FFF354667
:10568C0003E0E3064FF01006F7D4E0031DD5734892
:10569C000226837E45F4803533BB4FF00103012E87
:1056AC00C37000F120001BD14FF4C062704BADF8F9
:1056BC000C2093E80300CDE90401314603A800F067
:1056CC0063FB4FF40032684B1A65E1043ED462046C
:1056DC002ED423041DD4A54240F0BB8106B070BD6E
:1056EC00837E0126002BD8D0624B5A4A1E66536E1D
:1056FC0036EA0303FBD14FF440520021019000F035
:10570C00CFFA019800F0C6FA574B01985E661E66F8
:10571C00C3E74FF4A063012103A8ADF80C3000F0EF
:10572C0033FB4FF40062504B45F400451A65D2E749
:10573C004FF48063012103A8ADF80C3000F024FB7A
:10574C001022494B45F480451A65C2E70026414BAF
:10575C0045F480551E60FFF79FFE4FF480730121C6
:10576C0003A8ADF80C308DF8106000F00DFB4FF471
:10577C0000223D4B1A65AAE793F83A50002D3FF4EE
:10578C0016AF93F83C20002A3FF411AF002203F12E
:10579C00200083F83C2000F0A7FA304B07E793F881
:1057AC007A63002E3FF444AF93F87C23002A40F038
:1057BC00408193F8BB23022A40F0C48093F8BA23AB
:1057CC00002A40F0BB8093F8FB23022A7FF443AFFE
:1057DC00354693F8FA23002A3FF434AF93F8FC23B0
:1057EC00002A3FF438AF0022234883F8FC2300F052
:1057FC007BFA30E793F83A63002E3FF414AF93F83A
:10580C003C23002A40F0A98035460CE793F8FA6255
:10581C00002E3FF403AF93F8FC22002A40F0AF8037
:10582C003546FBE693F8BA62002E3FF4F2AE93F8DD
:10583C00BC22002A40F09A803546EAE693F87A6258
:10584C00002E3FF4E1AE93F87C22002A40F0CD808C
:10585C003546D9E60000115000000B40B054002032
:10586C00A8540020315900200030115010000200C3
:10587C0000001050002011509058002093F83A620C
:10588C00002E3FF4BCAE93F83C22002A40F0A480DA
:10589C003546B4E693F8FA61002E3FF4ABAE93F8BC
:1058AC00FC21002A40F08F803546A3E693F8BA61BC
:1058BC00002E3FF49AAE93F8BC21002A7AD13546DB
:1058CC0093E693F87A61002E3FF48AAE93F87C212C
:1058DC00002A66D1354683E693F83A61002E3FF4F0
:1058EC007AAE93F83C21002A40F09180354672E65E
:1058FC0093F8FA60002E3FF469AE93F8FC20002A6E
:10590C007CD1354662E693F8BA60002E3FF459AE6E
:10591C0093F8BC20002A3BD1354652E693F87A60C6
:10592C00002E3FF449AE93F87C20002A78D13546FE
:10593C0042E693F8BA23002A3FF47FAE93F8BC23D7
:10594C00002A7ED193F8FB23022A7FF484AE93F8CD
:10595C00FA23002A3FF47FAE40E700223F4883F849
:10596C003C23354600F0C0F93D4B5CE600223D4837
:10597C0083F8BC22354600F0B7F9394B49E60022D2
:10598C00394883F8FC22354600F0AEF9344B45E635
:10599C000022364883F8BC20354600F0A5F9304B80
:1059AC000FE60022324883F87C21354600F09CF942
:1059BC002B4B15E600222F4883F8BC21354600F00E
:1059CC0093F9274B11E600222B4883F8FC2135462E
:1059DC0000F08AF9224B0DE60022284883F83C227D
:1059EC00354600F081F91E4B09E60022244883F865
:1059FC007C22354600F078F9194B05E60022214847
:105A0C0083F8FC20354600F06FF9154BDEE50022DB
:105A1C001D4883F83C21354600F066F9104BDAE559
:105A2C0000221A4883F87C20354600F05DF90C4BB7
:105A3C00C2E50022164883F87C2300F055F9084B88
:105A4C00B7E60022134883F8BC2300F04DF9044B51
:105A5C0078E7114885EA040100F0AAFAD057002033
:105A6C00B054002050570020905700205055002073
:105A7C00105600205056002090560020D056002082
:105A8C001057002090550020D055002010550020B4
:105A9C0010580020505800202C5000102DE9F043D5
:105AAC00828AB0F818E003469645C07828BF96461F
:105ABC00041E18BF012480F001000D46A2EB0E025B
:105ACC005978D87092B24EF480609A8240EA443091
:105ADC00A1BB1969BEF1000F2CD00EF1FF34DA68AE
:105AEC00052CA14602EB85182FD9A8EB0104013C2B
:105AFC00022CC4460A4628D94FEA9E0701EB8706BA
:105B0C0052F8044B96424CF8044BF9D1BEEB870F7C
:105B1C000ED011F82720B9EB870108F8272008EBE5
:105B2C00870205D074780129547001D0B178917036
:105B3C0019699A8A7144196140F400400AB940F419
:105B4C00804005B10004BDE8F08308F1FF3201EBA1
:105B5C000E0611F8014BB14202F8014FF9D1E7E7FB
:105B6C0083682DE9F0410546186801B1000C6A788C
:105B7C00C0F309004AB9EB8A0344EB822B8B8342B6
:105B8C0084BF0023AB82BDE8F081D5F810C088B388
:105B9C00421EEB68052A164603EB811E31D989019A
:105BAC004C1C1C44ACEB0404022C624629D900F4B6
:105BBC007F7173460F464FEA90085C1853F8041B2C
:105BCC00A34242F8041BF9D1B84211D01EF8283078
:105BDC00BE440CF82830F31BBC4409D09EF80120BD
:105BEC00012B8CF8012003D09EF802308CF8023087
:105BFC00D5F810C0EA8A0CEB00030244EA822B6150
:105C0C00BCE70CF1FF3C0EEB00021EF8013B7245A9
:105C1C000CF8013FF9D1EBE710B50446836800217D
:105C2C001B68FFF79DFF63681B685B0002D5238B25
:105C3C00834200D010BD2046BDE810400121FFF783
:105C4C008FBF00BF084B1B6C13F0020302D182788C
:105C5C00D20901D100207047C07EA0F10200B0FA39
:105C6C0080F04009704700BF0000115008B5FFF7E5
:105C7C00E9FF50B1054A064B906A1B68A0F54870C5
:105C8C00C01AC6288CBF0020012008BD00000B40A4
:105C9C00A85400200023C0E904338376704700BF6A
:105CAC0008B5836819B1D3F800C001EA0C018AB1B8
:105CBC00114352050ED51A6852050DD4084A21F429
:105CCC00806CC3F800C0126C920703D40C23033B06
:105CDC00FDD28368196008BD8178024800F068F92C
:105CEC00000011504050001030B54368002183B0C3
:105CFC0005461C68FFF7D2FE134B40F48052196C1A
:105D0C00AB7889070ED55B060ED024F0A04444F086
:105D1C000054002128466B681C6003B0BDE830407D
:105D2C00FFF7BEBFDB09F0D0AB8A002BEDD0012111
:105D3C0028460192FFF7B2FE019A24F00054024368
:105D4C0044F0A044E5E700BF0000115038B5857E53
:105D5C00044695B1FFF760FFA38A0BB9284638BDFE
:105D6C002046FFF783FF20B1012323770025284627
:105D7C0038BD2046FFF7B8FFF8E78178014800F0FE
:105D8C0017F900BF6050001070B543780446023B11
:105D9C000E4686B0042B13D8DFE803F00349697272
:105DAC0044000021784B1A7822F001021A701A78FC
:105DBC0022F002021A7059701A7861F382021A707A
:105DCC00724B1B685A69EFF3108072B6D2E8CFCFD2
:105DDC000121BCF1000FF9D1C2E84C1FBCF1000F3E
:105DEC00F4D1BFF35F8F214698611846019300F000
:105DFC00E3F8019B00225969C1E88F2F9B6983F35B
:105E0C00108840B94FF0E023D3F8F03DDB0707D5FD
:105E1C0000BE06B070BD32466178207800F0C4F840
:105E2C0006B070BD5A4A137801331370C8E70023CB
:105E3C00584A10781A4613E0574A126812EB43126C
:105E4C0008D0D26932B12078616801939047514BE8
:105E5C001878019B0133DBB2411C99421A4618DBBE
:105E6C009842E9D84D49121A01EB4212E9E7464B28
:105E7C001A78D207D4D51A7842F004021A709FE728
:105E8C00414B1A78D507CBD51A7822F004021A7038
:105E9C0096E73D4B1A78500733D4DB78DA07BFD539
:105EAC0003223A4B207861681B688DF80C008DF842
:105EBC000D205A690491EFF3108172B6D2E8CF4FDE
:105ECC000120002CFAD1C2E8440F002CF6D1BFF30C
:105EDC005F8F9961184603A9019300F06DF8019B3F
:105EEC0000225969C1E88F2F9B6983F31088002821
:105EFC0088D032469DF80D109DF80C0000F054F837
:105F0C008EE7002505201978CDE9045521F0040110
:105F1C00039519708DF80D001C4A217812688DF8C4
:105F2C000C105169EFF3108072B6D1E8CFEF5FF02F
:105F3C00010CBEF1000FF8D1C1E84ECFBEF1000F3D
:105F4C00F3D1BFF35F8F906103A91046019200F06B
:105F5C0033F8019A5169C1E88F5F926982F3108816
:105F6C00094B38B94FF0E022D2F8F02DD10794D577
:105F7C0000BE92E732469DF80D109DF80C0000F023
:105F8C0013F8014B89E700BF48500020A0500020B7
:105F9C003259002030590020404F0020A0520010F0
:105FAC005FF800F0B91900105FF800F00D2D00102B
:105FBC005FF800F0810800105FF800F0C547001092
:105FCC005FF800F09D4C00105FF800F08D18001089
:105FDC004C6963656E73656420627920536F6E79CA
:105FEC0020436F6D707574657220456E74657274A4
:105FFC0061696E6D656E7420496E632E0000001F22
:10600C0000388040FFFF0A240380093C80EB083CE9
:10601C0000588A4000488A4000288940001889406E
:10602C0000388840A78C083C240008ACC624083CE7
:10603C00FFFF0835280008AC87AC083C2C0008ACE6
:10604C00C014083CFCFF0835300008AC8424083C24
:10605C0004000835340008AC0008083C280008355A
:10606C00380008AC0924083C440008353C0008AC56
:10607C008040083C00380835400008AC043C083C23
:10608C0001800835440008AC8434083C3C7C08355D
:10609C00480008AC1F3C083C018008354C0008AC9B
:1060AC00FF37083C64B90835500008AC053C083C87
:1060BC0000BF0835540008AC0008083C090008353E
:1060CC00580008AC0634083C590F08350800E003AA
:1060DC005C0008ACFF0280083C00B808256F0E0974
:1060EC003CC4C4FE29250500091100CF01AD0400F4
:1060FC006F2EFDFF0915671D04246F0605240E4045
:10610C0067281B7FD0FFBD272C00BFFFAF2000B23C
:10611C00AF1C00B1FFAF1800B0AF2800B4FBAF3616
:10612C005F000C507BB3AFA4600E36A6103CDD06AE
:10613C00043C9CBF660C3CAC8424CC7C2711874C63
:10614C003E8D6657123C8DB3670EAFBF1000022414
:10615C001400F6A2AF40020EBF014E20B905DD2699
:10616C00101EBF0E1026010007246F2E0624B569E1
:10617C006D56D00D9B7660028E73675F9E6E8E0B94
:10618C0030038EFF4010020021104300777744B992
:10619C00252DBB0E312602775E10466666DA238EFD
:1061AC007E225B5F9D8708771E6F7260BC45ED0396
:1061BC006779F01F814E7F023C30BA42242504D807
:1061CC00C1D2C1161E5B0A26000BB6245E52261BDA
:1061DC00480924861E34DD242866AF96062EA0FDC1
:1061EC00141A0065000D811EA60648FB003B008AB0
:1061FC0010D79A0E8B5B086C50AC8CC1B0B0C648F3
:10620C00ACCD7EA6127F46E4FF44ACE02320E3BD78
:10621C0076006324F0FE16EEFF6614ECE10ED75FF9
:10622C00C8A6B725B80068B9060F871486BC130634
:10623C0012E1B09E5342CFD75CAC94FE2698AC735F
:10624C0026B4AC0B1ED4AC05E6EC86AC66C39E66DD
:10625C00AF3B14600F39F15F194236A61510267C3E
:10626C0036252013B80F3260724078200237EF7455
:10627C00B445B38C1F0038271E176014ADB61677C3
:10628C00428F6D3C9FF0E3FF007BBFC80EB71051EF
:10629C00ACC67F0F52AC006E01A01C6637CE40011D
:1062AC003F0E5EE01F43CE9B8E70BEAFF625F0A076
:1062BC00034EC3C4AF7647C596EDC6AF32C07E075A
:1062CC001000CB9F2E6EC38F0F0D36620FBEC27B9C
:1062DC002EC21F7B44246F9B12638066C343CCC4C5
:1062EC00377742C6BBC2361E5B187F8B2BD60DA6EA
:1062FC0040DA140001FC25E8C0031D068F818E16C0
:10630C000236DDE0032798072E6447BE600537DEB2
:10631C0068C66C0E36707F7400C7AF9E1820F306EB
:10632C0024B726C227387BCE68EF60F636AF6C17E1
:10633C00E714B62C46A3140827E043E07EC3F726E7
:10634C0042901F5A2D2EA3F70683177B680140102D
:10635C00273DC383253C0E0A15D610B69F773910FE
:10636C00DE3E9308D7705901C23FC1BF332CC92CF4
:10637C00DB793628DCDFFF605F637C1609008BD687
:10638C004703FE331E17E730C80701DB42B7C39D36
:10639C00FF8E5B163E2CCD6F77801844BA3D2704D8
:1063AC00B2AB2E6B766253AE8C2F17AE00045F022D
:1063BC00E0BF6B572E9F76383FE7048238575F7FDC
:1063CC00340656D077C134D75D1EA27FE128E3D6C0
:1063DC000CB95F282E2848BB28376E8EF827F0EEB4
:1063EC003F02D1DF7730AEB63037ABCE4104145715
:1063FC001209F7614F8023773E186E82044FD82F15
:10640C005D272C17EE75386D8E6214A0EF5D573C2E
:10641C001FE62047BE1C78161C237FD140A0279175
:10642C00D7AF0A8E1B330A410097201D0FC0E22103
:10643C00764C465F3BFFFF7F22D997F0AA0743803B
:10644C00699F046ED0973812102617209ADFDF163A
:10645C00AF186E1FDD1B8F6D26C68FA9A6C5FCBE9F
:10646C00C48FA0400ACFD9AE856FC9EFDE67A600F6
:10647C0000100AEF8581F2165E240E16DC57249C60
:10648C00803CAF53E70657C60F15CE3015170829B9
:10649C00CE03E663E218830081FF86241FB7B73072
:1064AC001FE2E8FF98A7802A2FB0E0EF4337276E52
:1064BC005F204E091B6F0457420A96404023683EEA
:1064CC0002BC07021607C0AF82BF86D74C104FC95B
:1064DC003FB4D734305E873700B8D784756632E85E
:1064EC00EE32B66F3F019E782D8AAFAE012ABF2ADD
:1064FC00E108AF5794FE69179291E48EB03C5E0EA2
:10650C00369B8F8F6803A46722970B044F211B16B1
:10651C00E00E4EB10DDF827F9900C22EC7FF0A76C6
:10652C00300D6F044DAF770477B23E61B7A72B6681
:10653C00C5EFFF5F4845875CC01B1E3847041ED75C
:10654C00B25EF0BFAF387C363400B75D9EB67CD6F9
:10655C00B54B5F0962565C7E3546FE12D186568677
:10656C00D20BBEAE70B44286F02EEEFE1C6634F238
:10657C00604296AA43EF3736B9A65F9954B6CE5F00
:10658C004F705F0E67B1005F5F80043467BF133CD0
:10659C00ED72B4625E0260BF9736665F20CBBF4F70
:1065AC009E5FC1BF6E5F9C4713CE5E4F0425AE88C5
:1065BC00C8C0C0BF20A68B1F743740F403DFCF7C4C
:1065CC006800B00C2FCF04050727881451C6823DF4
:1065DC001FFB0626F716AE3F4F080638AB26023FC8
:1065EC001B5E323FEF272288423405BE4582860669
:1065FC00C46486F8661495FF895B1E55637E0EE6AF
:10660C008916DF661026E80315FF2451C31734B032
:10661C003CD6FC2650C31E345515B816C097CDAFCA
:10662C007E4307B606828E16FA058E23104636CEAA
:10663C003AE9231865F08E048E1FC62110BB442640
:10664C0016350675FC2602AE1218F4185F022A20C5
:10665C005700500DA8146D1C03AEBF2E1EAE2A1091
:10666C007700AB5186EF2A18765E1E7F26038EF0DC
:10667C005587045E9E80645B2E63028EB69E312627
:10668C00876066D90276993F446258BEE01E4C5E24
:10669C00EFF1450012D4CC0CCD4EE6FCB0FF963693
:1066AC00FFF8FF0C0F1BF61218118E7F18FB7612D9
:1066BC00101F48C5F616699E556E2FB8F87E3B6EB6
:1066CC00242F32752F7EBEEFFF2216AEAEC6C167E9
:1066DC003C7F065F0F113C8D68515EC1B91F802154
:1066EC005E2720B835D7EF2E478D05E6874EC6A519
:1066FC00243F0EC8AB8424A72C0C7027DF06EC6E4D
:10670C00DE8E42202ADAE40E6642371F37F016047A
:10671C008E1BBE4218682E2178B62378A6A2C536E9
:10672C00230E8FD310560258FFAE3A7FAFED26E002
:10673C0016C4AEB024D75EC81018ED1EFE122D5C28
:10674C0016261E16AEB90F3E21908051D8CC42A20F
:10675C002137B6C8162CD1AC266A57F153429F7F0D
:10676C00CC76864661949B6F83605E611792DCE702
:10677C00E0574E8F3C8FF38FCF8F8F3C8FE1345E81
:10678C00B2268EAFB106DDB08F6714C1AC84FFB5F5
:10679C00084061E684F71A6909FB060C02217801AE
:1067AC000106D3FF98868C4DA54288EBFF98C994BF
:1067BC0090ADA6942BFFA184904FA5218444ED8825
:1067CC00A890020BFF9D2D9D6FA9EA98A6FF902221
:1067DC00844384648C21FF806EA9638CB1B1C86F33
:1067EC0056A987904EFFA543880C9DCA94B1FEAD67
:1067FC00A7902C9D858CDB46658C1E379A0A9D01D3
:10680C00DF80E9AE0B99F66FA5648856EE2DA18F4B
:10681C0086DF466EA56388C7FE942CA185904284C2
:10682C00CDF2DEB0FBADA8940BA13A33EA8E3372F5
:10683C00E660C898B602CA98BABFA7470CA1708682
:10684C006C02FEDEEE8FADEA9CE0F3564E000120AA
:10685C00838F0C28C24002B8CE40603F203E2701F7
:10686C0027DB110B5B006C1C177B04E8101B769B61
:10687C00CD0F39BF1B460737456A7D9F2D231B2B38
:10688C006F15444B7D0D3A8735311BED1B2A3C7B34
:10689C001331B61246123DDE192647FB0D073B1D80
:1068AC004FB63823327D81B336F80002CD384B3EDB
:1068BC0011271BC39F00DE3D073C100877ADFC3C45
:1068CC001B3700000E17711C2A2DBB1BB6207B0139
:1068DC00765D394130B02C7D5D3EDB3B1B3BE25B92
:1068EC00409D873489EC1B311DC3537A413D3FB623
:1068FC001B1F7D099726236CBA3605136301C11B38
:10690C002729C3EB780E05779647D8297D072C1DD0
:10691C0078372E7C27052F29E58B3291C32A210F3E
:10692C00132F450545E01B45887BE21BB85A402FC9
:10693C000527E33B1B8C4CE08A877F0551EC052C2B
:10694C001449DA307FBB23353B33317C625116BF9F
:10695C00DF4A46000AED1B1B277FB62E0E36CD49AB
:10696C001B1515363133FF30350521051661A5ECA5
:10697C003E002B88D843267E30EF101B1BCF823570
:10698C007D21680021204CDF7F00031BD83F585C21
:10699C0070FFC3062E6D051D49DA377F392B061F94
:1069AC00D44C13C263D6D80B7E852DDB0DB0582981
:1069BC00496D077F1D1087352329C7052E5DC1083A
:1069CC007F461D333342301672153311FD4B48315F
:1069DC00FF4BB66E213C7DF91A0A57361198825737
:1069EC001A0A1A040F01D8301BFFA632C7371B1F17
:1069FC00EDDB580A000533EC11114286CC7C020801
:106A0C00453600B4037F76383994FBC50C686D0AA3
:106A1C00297E0B9A1114D57C579D274A63450DFF8F
:106A2C004E0019C33719029C4B2451157811C10221
:106A3C00026A32208D7FB501D50DC720817107DD2B
:106A4C005D319D6EF69B850647763A7DE901807F28
:106A5C00EE5435805643DD226B7E0B7BAE42875461
:106A6C006530416D854A3550014F0F3521EC4E1381
:106A7C003E7F3811112C7B39853061FF063E514E1B
:106A8C00053E46607F9B443A7606490655EF20F753
:106A9C0006841D84A00E0E32B7FD3E493E0271FFE6
:106AAC000D0EF1803E0FDBDBFB330B3A11051B2780
:106ABC00764004B1157F0F3C22066F023E071F1073
:106ACC00F63202200E6A0F790589FD2C31362D091C
:106ADC009A307A22C5FD2D004506809B91E10B333F
:106AEC0011F0FF114B01293B113EBE04D0E73636A5
:106AFC00FCB0057F86FF41FD987FED2A3C40811854
:106B0C00D0013D450637570D330DFFB2073B37E13A
:106B1C00131E183009130F6D779B0B296B0171161F
:106B2C00D29BD2FDF00213983DE13D3177586B3A80
:106B3C000D15760D75170386691E271E061387150E
:106B4C00C52EBCB7822C270DB4024E1110813F0507
:106B5C0036025316BF2C7A063E06057F03287B3E71
:106B6C0022499A04291A81F733492ABB4928007211
:106B7C001E270040EF3D454A227C801E3E11F9B78E
:106B8C0002212E0E73772E611E15AA877B284520B5
:106B9C00C7A127A6FB420320ED4616301810828BA6
:106BAC00BB05FD08E890538C0545E04402A08C130E
:106BBC00877B420505700FB553F75866EC017536A7
:106BCC00496C11222907FD0BFB03F86B24403B6930
:106BDC008A7F6102D7493E74568DFD4536214905A1
:106BEC0021BE00511349350DFB32062239E23E8A93
:106BFC0081F6020601D57C0071601342EAC58E6AEB
:106C0C00E02942FB7627450E3B086005262C0C7AC2
:106C1C001BF0EC2B8A8931C5870C2C700E7DF32967
:106C2C005FFF511E8644FD22477A06FD31688B2199
:106C3C002D0A4028827D9A28358913C77085087ED5
:106C4C00103E06400877237F5850165305AE29771F
:106C5C00C30C403E20FCE01082871845A7D854C1D5
:106C6C00162986ED13050449C03E13AF7C3D063E44
:106C7C004060FD860605DCC34676278F03936011C2
:106C8C00021CB3100116D2503ED580FE212249229F
:106C9C0013210A880D07F7C101012CFDBA0E637F81
:106CAC00B025AFD8277F015C04257D201101D922A6
:106CBC002FC72E1507103818281EF81101B40E27EF
:106CCC000887A3A3227A1683E1422921877E805864
:106CDC00027D89830DF38067EB040E80D68E0E7DCA
:106CEC0020633D96F380461100BB0F31FD1428E064
:106CFC00F1DB8615B10EFF52157DD309704544FFAB
:106D0C001D10BD622F362732FD6E2F313135EB80D1
:106D1C00248A01108FCF27A118C087B001146A7084
:106D2C003F1F11A210FFA9289D889476B987FFB840
:106D3C0070CDAAC8F99E66FFAC0FC96BA145A8A976
:106D4C00FFC4FDD154B567C823FF94EEC413EACC3D
:106D5C00D45CFF9F0ED5EFB8BAC5AAEDD4CCA03643
:106D6C0066FFBCECD89EA331C144FF8877BA98C1AA
:106D7C00A7C06FFFE154C96EB988C844FFA0228434
:106D8C0087B0B0B94FFFD1AD9D66C855C155FFEA6C
:106D9C007E9F11BDCBD40DFFDD15C288C46CA566DA
:106DAC00FFB8D9B266C4EDD4A9F6D02FDD0176FFB9
:106DBC00C188B8CBD0DAB2C4ED9C45B0221FDBD66B
:106DCC00339E9C34FFEA5DA72EDD0FC1DCB7C96A88
:106DDC0099C588B7D0A2A9B0D2FFC54FE1008413E2
:106DEC00B632FFB1EEA467A076C1916F36D066B013
:106DFC006BFF9D65A8C9C0FED187FCCC2398EDD054
:106E0C00141746D85CA36F72BAC9CAD4FFABAC6670
:106E1C00C0ECDCBF9FFF32BDD79E98C5A8BCFF88D5
:106E2C00CC44A4229088B4FFD1BD55C576EE7EA388
:106E3C00FF11C1CBD855B26CA90542FBF7AE54C1BA
:106E4C0010BAF5EDD888BC3A3F8A9924E14F021666
:106E5C00DA60000120AF0D73FF1C081E6E081C4188
:106E6C000DB056B954FF640E851E1E856EBF850786
:106E7C006E1CB049BB44CD126E67AAB4DC6E6E07B3
:106E8C00FB181C12BD015C411A6B6EF7C501BE19D3
:106E9C0041C0BB4356DD1C1EB09DC4BB17F83E550C
:106EAC00553E35734504451C0D004E56081EE71D16
:106EBC00FB1EB535BA25F0041767FB4908C1001C49
:106ECC001C391B81B2705A350A3EF0BA0772821E09
:106EDC006DBD55C1066CBD0484D8AB8525277F5587
:106EEC00851D93C706735520ED5104846BA8840A45
:106EFC0032BBC312C297E329AA8B3A1C24EB373E50
:106F0C00848435981E137F3E4E177C001E6E3143D1
:106F1C00533F4CAD4A2517EF090235047FC3356446
:106F2C00BDD469EC22647956182124117D61CFFD02
:106F3C00097805BECC554C35E012E093EC8E73BF4E
:106F4C0045EC56291B18BE8F1414BF298569038B79
:106F5C001E138B23581E7B3B49C151D80A1B3A295F
:106F6C00FE2B6614BBF3C11E67956D02550F51784D
:106F7C00180D201FC7A1518A6126732EB7BE35FE8E
:106F8C0004554A3125E7E1E7271306527B36866123
:106F9C000786058117528606FD8C1661FE04317A30
:106FAC007A4A193D78244C217E6DBF6E1CA07F5A05
:106FBC00013D0864891D8E1E7757FF2EBF7E126718
:106FCC001466054F6FF608147D4D1574671E3F85CA
:106FDC0008BF9C1E6E30E1BA9725183E3BE31E4A53
:106FEC00B814EB3836F8B32241ED52BF0329B11E69
:106FFC001F2ABC791E6E314DC31E41601B23843584
:10700C0073216313868E867B83625BDBBD0485698B
:10701C008C111F7A845525D13E1E4142D183AE1B63
:10702C008411DB6AB075D649097F74126FFF851E17
:10703C001E0862BF07866EAA767D015D4720AC8173
:10704C000323B00E04035E1C851A3F0C06E32706CF
:10705C0085821E6310C53F85771D128E2B41266ECF
:10706C000A7F0F766E8E15810E0D2BB9547F2B8DEA
:10707C00433025B40E60112162A0BFF600343F27C7
:10708C00121E1D8360AD8DA41531A120B63E1E527B
:10709C00BF83B02B6485B574567111C16F8281BCEE
:1070AC001E85717D7156C91EA2BF437EF185347653
:1070BC00C481F07D5146C2D708711F1E6B517D8E65
:1070CC006E7D2E410AC65E01BF45D85E8C2E2DBF4B
:1070DC002B6E4680FD2F2F636E1E6EACBB1E97630E
:1070EC00DB2E3B460C0E1F07601E057D42F800157B
:1070FC006EA0057B64673BBC34044603A7B4C7860B
:10710C0066DD462F016708AE7F76E33075A11E0D54
:10711C001E28051D417DDCBD2F801E02A3BC856E83
:10712C00177D27C3616B1F0231F8425DAA01906184
:10713C00808EA964DDA2783261E1C26B81417BC291
:10714C006BE6F8616F32175D833F526E851E526A93
:10715C00BFB85E556B2ABC7E2D1F6F7E3F103B6BFC
:10716C006E821E791478526B80BF2A576F6F4381E1
:10717C006E47FF0871382AA1AC35E41E51298222D2
:10718C00B6438816241C4254C66B7689DB3A6B6373
:10719C002036022409DA346F2D2341893F409F5E4B
:1071AC007635BAA95A964BDD862E386DDA9C026379
:1071BC000B81C55180B7F75F03BE9054FC121E1EA5
:1071CC0085801AB5670E11FDBF865F4438709FB17C
:1071DC00087B016BD7B680242A78BF236782607F37
:1071EC00086F60885D549D768186FB714444012C48
:1071FC00C3A251F7C33D12F86157090303783F63EB
:10720C009500D65534BF00785D851E2311EF3F1EC7
:10721C00368832B668067B611A2A4F1F41346DBC22
:10722C00276FBB013A56463F2B51B564BD4F528573
:10723C006E19A72F061EB28193D8BE2F63050B8241
:10724C0080D9617B29EC1F176E5360B1141E858A9F
:10725C001DA756340AED6A646B3B172293BC812D33
:10726C001A3D4A7B1E1A4607FCEB8107147D83EE00
:10727C001EBB4D01472B866E8F2686DE1A175C5C73
:10728C002D11711B057D07545484BAA6A0730D975C
:10729C0020FF50C16443E10615A3E16E1E302F851B
:1072AC00D299BB5502A63D3FE8471E1DBD06AF094E
:1072BC006E11AE090A05D1621037AE43D9C1A06E6A
:1072CC00C591E16E1234FF1B6EC16707030A0A9168
:1072DC00BF0A4740AB558D1EC457828000A0C5EE37
:1072EC00156FD835126996BBB0888F31D061C30841
:1072FC0095E90A8AB5C1C3E10811A1225181C26E78
:10730C00E3996E2D2B0AFB11E2388AC5605DE039DA
:10731C008901C4341EEB330C4D1A68A1603F94A94B
:10732C00444776497B4462C543EB12C515D83F5799
:10733C00B7274408A27B3070C1D46788D7AD8518B5
:10734C00A4DD5499360A4B623F11F90A55294C12A7
:10735C0014756214F9A2DB2E64C8556041B8763CF2
:10736C002B1E51FF70564479D31EDF1B09AD5E8373
:10737C004D1E2AAB21850A7189D0BFD142E5036E1F
:10738C00A6850B0451556C00CA356005BB1C693CC5
:10739C0064000050C15D1EF50D1E569B1AD3115A88
:1073AC0033E037B4BFAB6005AD0A44F74A60DD5A31
:1073BC0085172BF6673576BF036C8B343F300DC0C9
:1073CC00F58A11061E3AD5118C5C02072B00B1937D
:1073DC003883BC126E6689981E2099C17F43128C2B
:1073EC0085D4A7A0C1D9E91E85A13DE164856EA312
:1073FC003D1BB82D566A955D3D64047F46E8693F98
:10740C001DE30C85108569AE01522A8311C8D36027
:10741C003F981C17AF44415E563407B5288EFB1EAF
:10742C0083391AA217627684F902C30982862DF673
:10743C0015562B8515EBC067698554555E5608DCCF
:10744C00494242F10B6EFD861A3B91C36D6B804F26
:10745C004113E26E15A795561C61310B828B607639
:10746C003037802839715641D267FF773D46856E9B
:10747C00634D172D4C5D38125D1473302998F92C1F
:10748C0006393F5D770A29F0126006159AF3DD097B
:10749C0063D8741EB34509DD552BF8127664600869
:1074AC000CA963318B0E5A1E03550F1E6E85C06ED0
:1074BC001EA2E1D5B8F680806E359005A9301E2A43
:1074CC0071DE2277117F10D818C1F06E85564F1AD5
:1074DC003D7D67802F7D4219B6F13057CB83B121AA
:1074EC00BF1E1B33097309B0D928E3170778462F41
:1074FC0080461C1D60ADB90A333883438A13F830BB
:10750C003085295B4C916038651B7B6E63E02F2FB7
:10751C00633083A070973A215DDB7CA40550FD3E5F
:10752C0050233C6E18A3DBBDE167650B9ECD357D0A
:10753C008035F224EEE21DFC33651E671E6E229D23
:10754C0005B5088250AA010F2150E1627067AD9910
:10755C00DDBB486223BA856B05723BB746A172E26C
:10756C0062483CE307A7BF1319C0502A157D16DCEF
:10757C00C04E48651883004D160485FC833062624A
:10758C004772364D193C0A12825159F6794700F66A
:10759C0030836785035F564D50C0471015815302E9
:1075AC00B747A0198248FE0B0B1348482362ED889D
:1075BC0000504D0DA178CE3B80E7831E2676303CE3
:1075CC00FB620548831356770B484016801B8803D3
:1075DC0001EF21104775B247B9D800406C78FDF027
:1075EC007AD4FA808D544B396C6C023F2D53E002E7
:1075FC003F22C7087B1B104EC37E4E301B2125F14A
:10760C00239B7AB86D451E8347F9BC064C581B6802
:10761C00B93C501B2104C4914D04C00132879F2BEF
:10762C006B057A2FC1645680C27D3011470FFB2148
:10763C00045902024E403F5D0940D33473E174DAC1
:10764C003C161D9E050D9D2A0330B710AF51C17D10
:10765C007D8067CACAA37D438418F908691CE08D34
:10766C00917D911C300CA6031506A0790B5E0F487A
:10767C00E1EC80F4CB566A4A90594081135683153D
:10768C005A650270740DDA5D3E4A1E1E85210F107C
:10769C0081A87B8B075747F66D612547461A816E8B
:1076AC00786C5D561AAA7B903DDB346BBD1281A4BD
:1076BC0082424F3679083FD4BD5E7608BFD767B09B
:1076CC0080BD20C382424067B441340CD4011A04FB
:1076DC0021F867112F39C4294A6608C0007C3F3451
:1076EC00474756C00A34BDAB7D74306414B160EFAB
:1076FC008285C3C3342B49403C120D1C2333ACD8B8
:10770C001C803920471E0D806B139B7C080A1210BD
:10771C008B5376FC2B1C1C5D1E1E26AFFA4F630D83
:10772C004C5D4311846729717B0A156A51065F0110
:10773C007F56640A1C08746ECDA6647568673E5645
:10774C00295E0E178B521C5EEC523F0001105588BF
:10775C00383F0FAFC9FF96E606A531CE6DBDFFD100
:10776C00CD19F32AB1F1D1FF649454DE8EC1D8EE59
:10777C00FF27A9CEC513D6A69CDBB6E62674DEFF82
:10778C008FC52288B0C9E8A4FF33D63AF74CB5129E
:10779C00D666425EFFF2D1859849B1C7A0FFB7E625
:1077AC0075DEAFC5D0C9FD09AD33DA0184B61A6DEB
:1077BC00C146DF2BB58AC5F9F3EE28ADEE59DA4692
:1077CC00BD56438CE8A8BF3E5BFB4CB9D1D1BF1270
:1077DC00AED7EA75B6E2FAD0CD3827AA060C362811
:1077EC004280FE1E2800500A0382EF29036095098F
:1077FC00FB0A1815170600FB151D1820A7547F202F
:10780C001B06352AEF0D30390030DB302AA81B0A55
:10781C0068A5AF2920F715350D2C976D2C3901FB78
:10782C00233515209D443E16053530D393396FB161
:10783C003035C10516D5413D062A398001C1EC020F
:10784C004580781806302B31822C43B0704422C509
:10785C008B1F2D102CB139011F2C3508043B50F116
:10786C001F2C394111B1A178103462772635280FBD
:10787C009041DD82434387107806302239B701E10D
:10788C0030068285B805AAB3C145171AC42A05E08B
:10789C008B8E350AB1C14F11EC350A9F10F61D3095
:1078AC003901A9E01A3015823D981AAAB9C52747A3
:1078BC001E044105F11B233954B9B501783E1BA0B8
:1078CC00B92E1A0A39ADF10C2C06411B4B01006282
:1078DC0080239F1802391A04D94C2C707718FB643A
:1078EC00189F00311540BB762CB5AF0D1D609F075E
:1078FC0025074D3712D333308A251D00FD391A392F
:10790C003934DD58E163609F061E886D9E39391A43
:10791C0088A12D8504C10076068323682FC13F15ED
:10792C006D911D1A7123B30C9F007B1D30671C1ABF
:10793C0010DD301A5141EB301DA01B9B1A1705E0CE
:10794C00300C10F9072304E1171A6823743E2DC07C
:10795C003F1D3F8E751A2A2B263F983F03D80A1FCE
:10796C00791F0431311C61896D160E0481A9E21F47
:10797C000A0082C11B1A677F3203220303B30F85EF
:10798C000F6E1237030FD6D726A05B26252A216E41
:10799C00239AE0007B9D2A0376B70323C7D707B051
:1079AC00259F1308860247307C241803221229F2E3
:1079BC0016030B01E10250A9130A86094738213E30
:1079CC003D0321E7BF169E1808C79F1F8136C08153
:1079DC004D417113C118C5D9009917030DD8BF2C8F
:1079EC004128293F1B1D0606C22518B6491B2A082B
:1079FC00E15C7FF68E2217843CB77FFB2918F815C3
:107A0C001E061D1B2255FC161D1E2A4AD6EE3010D2
:107A1C000131C10A3CE10823DF74172214F783DD1E
:107A2C0085FEE2360128302726702A1E1DBA5DE23B
:107A3C003650D5EB3E17F0C52C5C41323F65220F1A
:107A4C008A1A1F1C03228209DDC11723FD78020646
:107A5C002945E83626308EE9288DE72D4CE5312A6C
:107A6C00C05FB317230D7DC22A7C5A1828267B369B
:107A7C00A19815273B1A23F8093C1F382F8EBC9868
:107A8C0045C129B622261736A481265D37093B3914
:107A9C00253878640226172AB83B613D9F5D2C2659
:107AAC002D0AF1360A341D44C3FB1F312704171E5F
:107ABC00270EDCD11A26F9771D3464C32D1E3D3BED
:107ACC001F119F3B1707C1E23C7445D33A0B712C35
:107ADC00182F10B83915D7B73467CB30170C7BD9A2
:107AEC001E1B10AFBD3D1C03A9FD60A5F6103D5D2E
:107AFC00BC01301F671E360A977F01460B2B83C2D1
:107B0C00291E28B1181A1C754E3424A90100F67FC1
:107B1C000CB957F91325F007391A39986D262C0A28
:107B2C009B1057C43CC7817DFF172C75F97B1B2319
:107B3C0097072C68AD700D2D9827B74B40172EDD8D
:107B4C001AD19FE0342482D9C1E17B24349F573968
:107B5C00B506178441F7F80A1F1A395C4B571F8575
:107B6C000A5567C41EA3DD68B61615E9185CE34612
:107B7C00C49FC5167D215F1F17307EB9283DC1E318
:107B8C00E2351A31B768AE111A089BBD11281501E0
:107B9C008BBFAFFC851DD44B38392C1C75131D8540
:107BAC0023531F1D893ED4DBE2160634C918603BF3
:107BBC00E10A13830DA32B9FC324993530D6E3D64A
:107BCC002835990B6F2506180081DBB30729242F64
:107BDC00201301BDE1060AA6450637F740829869D5
:107BEC00F9E10A062333C10950722D153F7E0D1E93
:107BFC001D3DEF4D3618063E881EC4A789C40FA440
:107C0C001A1018FE553D1D3513BD7A1A3B941DC232
:107C1C000D63DFD2193585C41E8224AA890644EB74
:107C2C006F9F05F0247F52063519231084B750A39B
:107C3C00F83D09393984655E2C0625F504B7130621
:107C4C006AC9C013BE7129410D31C343308C104138
:107C5C00E92D0FEC10303118B89F4C7F381819CD26
:107C6C00550E3E1925474208233D1930AD21981178
:107C7C0010A9E5A44050DFE30202502118211BDAC1
:107C8C003F02633840EB839341149378100DA0139B
:107C9C001046B71AF63828EDBC071E2AA5BE3D1EA5
:107CAC00078535132C42A075E82C51C92C9CA8FDD6
:107CBC0096A0803EC05DC61920C77F301C1E411C9B
:107CCC00300C8B1C10662B073E3B8811457FE04126
:107CDC000BAD25895BDF2E01F811258214EF0723EC
:107CEC001905597828418DD54F08412804E93830B9
:107CFC001F2017601C53B72DB0192B341FC32D0731
:107D0C00E0283B2730192C117F1817413823FC3001
:107D1C00301A1A1F235515C00BE155C12D0B695E86
:107D2C002310CC4E562B2E0601D8181695352A3119
:107D3C00FF36342D0C011EC11E280F5C3F22939C74
:107D4C002F3F70DF2D4E01E01D2D2281D37D952D0F
:107D5C004AD32F2D1F0D937B3E173503268E3EAF36
:107D6C00B81FDCFD5D3DE22185B4370736D3251005
:107D7C00315E072618D3345251B189AC25391C3DDC
:107D8C0052C9AA7C3BA5D51F161B1E14B50F073B69
:107D9C000A0371617007D61701AA432D774E053B74
:107DAC0007A93D181C249D2E6F0AFA182506022CD3
:107DBC006BC3454B0A20F35F4B2C8C02C04607A4C7
:107DCC00FA0A2D3B3F3CA181F8150D1A2A1F05EA32
:107DDC0006E8130230A0E9C23D973B31953C3002D6
:107DEC0009060EF81F2A1A232FD4A1743EC0A73AF5
:107DFC000241D427028AF223A5BB008A71BE360148
:107E0C0024033F4330C03C0C0CEF1316D20C3C281F
:107E1C00A5E2148937C12D134512AA8041A262AF85
:107E2C009F3D41190D04394E133A0A8B1A2D288A9D
:107E3C003E9673EA070D02B4FC0C3D0AE50F3D0CAF
:107E4C00C33B1CDA4030B72F3E281EAA3A7FAF1630
:107E5C0020FF3A0C173B411E150CC0083D1DC352A8
:107E6C00DC5C081D2576D406419A461106623FA8B3
:107E7C007C9FDFFFFF20D56744700C0C313F1E4008
:107E8C0000B5302BA908EF8602D11F7B00022F050D
:107E9C00B5011E0200D5FFDA022F3B02591B07D495
:107EAC0094435C02100F5D0280FF0F0200B602EDDE
:107EBC00DC2F02345F2CFF4B5F0BFF55E4020001FB
:107ECC00684BD8D1B0C61FC1FF2C3F2A62938431B6
:107EDC006F48AAFF3802A0CD3040FF5E020238ADD9
:107EEC000962FBB0C3EF028E023FAC55FF0C0210CF
:107EFC00CF4A2A8B43FF44C102C11F02020244FF36
:107F0C0041B0FF1700A600FF885A01018E022FAE68
:107F1C0002C11FC702F11302B50231B01F2D5F5B06
:107F2C0001003001D6AF18B1581F1802202347EDBD
:107F3C0000B14F6D8F08A0A16002ABF3B50165E8ED
:107F4C000202ADCD10A31A699F62FDD8FF01D102C8
:107F5C00005F15D302C147008E02F18581638A024E
:107F6C005F818A02D52B6A6FC1BB1D02108F5C0228
:107F7C0050EF20A3CFB1001568883541FF058AB9B1
:107F8C008C150B3002D0CF6C4F0628FF8E0238E1D7
:107F9C00101A2F905ACF28AFDA7F3E02020218AF88
:107FAC0006022AEF8600A88F80571155208BAF62EE
:107FBC001F160F23452F4E0002C507AAAF036B7F78
:107FCC0014BF02C00F6C9F5E02003A1F96FF23B4D1
:107FDC000207B1AF3E02020200D1DF6CFF17002492
:107FEC004A6235F5020246D9C4FF80C0BFAECF84C9
:107FFC0035BFD1008D16050F06D0FFF80202020026
:10800C0060FF980220FF2190028362FF11C13F2282
:10801C00A2FF1B020715B08FE80202A96F458F1A49
:10802C0028DF1445FF740250AFC302BF0484C45F41
:10803C005AAAFFA3143F0081C05FC602605D312ABB
:10804C007BB69F2B028BCF6A5F966FAD82115AAFB6
:10805C00A600D5FF3A0002280F42609D96FF211D15
:10806C00FF16D4FF7C000202549123300F1822FF1C
:10807C00BA00AA2F61008AFFE102756FD802B5B071
:10808C00C4E12DFF53008A02FFAB1B8F1D020214AB
:10809C006F0080543D8DC17B62890F0A88CF7000C0
:1080AC0002389F30889FB1510F89D2C7256D1302BA
:1080BC00A802402B052174FF05C502BF47028500AD
:1080CC0045FF56385FEB02827F42A2FFA1C202023B
:1080DC006AFFFC000200002AFFA2B0D0FF6151FF32
:1080EC0054C300CF5215FF5102AAC10AD660ED90BD
:1080FC00B8FF82D8FF0B0A88FF85A8FF700202A880
:10810C00FFA260022441A185511FC202A8FF2B05CA
:10811C001F0BFF5215FF105AD4B14215FF144A55CC
:10812C00D1512CFF01C0F8D1A0E60469CC07C70DD2
:10813C000B0652FFC2423403BBAF450E4038C3B6E8
:10814C007E2CFF068130A55EBE4E8F0806955F37EC
:10815C00E8768114A54E5B107F8118A786424711E3
:10816C009F4E0E8FB003267EEF09F840C773774EF3
:10817C00CE8FF77EE04E666E770192482B9236B624
:10818C007F204202B7DEAF3286080BEE040700F701
:10819C0000600239C027CA9C5E271E4E30C3AF2236
:1081AC00084EB76F019E27DB48200C60087F5724D0
:1081BC0040097916886E9F730F9F4B472D4008B866
:1081CC00354730C781B746FB44B8628C373E4224F2
:1081DC005964CF401EAC0827066D0E428C844F1795
:1081EC0036A38F21ED4086001881E2042548B67C29
:1081FC0025305C6B0E001EFCA1042110A745CD920E
:10820C00BC25BB28A10829786015E7310624FB237F
:10821C0030C400F0AE602803684B6F165B0726383D
:10822C00E5000A4CF7C018021452B04406ACFE0428
:10823C003C167604013F0F107DA8FF63A0BA3C48A2
:10824C00514434036C602C05ECB009B6068566030A
:10825C00792603E7038103B1B201A79E4008D3C17D
:10826C00C6470C700D38FE242F0EDE70048EE02FE6
:10827C0090B01E5024B336AEA6B2AF2060D1F6B08B
:10828C005B1E88A09641807EF890C000467F8E25AC
:10829C0098E000EF5A74025F048618E815AE40BBF4
:1082AC000628200237EC20A0F3868FCF8F8F3C8FCF
:1082BC00E2F04730FEA60A008510092EB89E23185E
:1082CC00A44818FF240AC7C0D2E19E0209C89F6DBA
:1082DC003E830010A72D9EAA8B838F7851004925D1
:1082EC002CE6222D20BF8E2560668E1E149ED7ECA8
:1082FC004D2696A2E65F1ECD0D244A7926427CC2FD
:10830C0017063F5E0A2421C23046189B62162328AA
:10831C008B8586D9083C2EBFE684BC05AD2138BFC1
:10832C00470E082543B33036464DC4388B0776FBD1
:10833C00048D2170EC5670608701D86A06AD2E163C
:10834C000EAD8B0EBE0CDB04AD143682DE0D162585
:10835C008A587E752710B69AAD18277901253019E1
:10836C0014E51CCD803823183E004C10A8F21A21BD
:10837C00DAD80E2301F3DF0E602A01A1B6A9AC8E68
:10838C0028462AC6E2D80630CB1B367E60013CFF5D
:10839C001F9E081C7866E036FEC68BA01605FE985C
:1083AC00458FD11C575D20DC5647EC3F09648C226D
:1083BC000DBEAE2229A7C7E0017E0FAF0FD70A472B
:1083CC00DA7F34C34FE16CBF7BE7300066676F4DDB
:1083DC00A12786D032ED242000B72C4F20CCAF2F14
:1083EC0031D06CC666CF4E360806A74E47F4C4BCD7
:1083FC004224E787F753406F723C5B474D04EE2EE7
:10840C00823ECE5617755738EE1E0CA6388620DAEB
:10841C0056B864BF07212082570FE2FBFF45F6FEDA
:10842C0080A08F18383FA6254080007757CC00A538
:10843C0082AF16E0A6AFC4F8C6D400A760DE83CC2A
:10844C0041C82EDF25962118C206010AB8D705F4BB
:10845C00FE5B4647280E51E00FEB4B82EE119BEF73
:10846C00401FDB8EA327B6BC06AF94D09E2766D7E1
:10847C0000DB668C7884246F0EA6AC2A30040E3B8D
:10848C00566324F6FAFFC0140E84A595C7AF64C6D4
:10849C00307E562128A3125627EFFCFF649EA0B213
:1084AC00A03EA6BE86E0A68F98B5168F9CF04E36E1
:1084BC0080F0E6DB860110B6C2C6189BBE66A42708
:1084CC0006476B66C67ECDA210C04600ED0791BE76
:1084DC00A63626A827BE92810AD6021F4E073C0953
:1084EC000ACEE11425489C7734B8211F170570A6D5
:1084FC000CDFE9273830D29EE2DE0E8C1B7E638CBB
:10850C0068AEC2F008412E2474A604E8A7104951A5
:10851C00CFB917B84EE38C26E86A146CC602013842
:10852C0076049EE24E9D2FE2AC9DAF83ACB0DE494B
:10853C00ACE8E7C8B2BFA896140D2FF7A9FF00FE50
:10854C00057EB8348F1AAF2C8E16B4EE163FBC28AD
:10855C0016B0E0D7CF2416B7AC2F207916A8391C4B
:10856C00E4A4E7189CA03A3714F716B9B60E3F6C82
:10857C00008490557E43FB0E64A0D4DFD9EE109797
:10858C00828F14601F665736860396E0B843A05658
:10859C00BF12961786B8A76208B6BF771CF15F9317
:1085AC003C457784C5C784A32F76AECFD81F420B2A
:1085BC00B457581E40101DAF5AA157841825CF0F21
:1085CC00C0A3366FDFD45E640F20BBCF0863960860
:1085DC004A36C2A380EC0E1418F840ACF6EF60617A
:1085EC00CD4F2FB60F3F3804A0B684A8EEAC431580
:1085FC009683D0771886655FA34F9808756663D904
:10860C009E56A137CDC7067B90B2270407362B6C3C
:10861C0044219BBF60B7190202E7C6C867725313A7
:10862C00B10C37382864556F869E04E722FF6FAD76
:10863C0044249C40661FE2DE2FA460D33F44258572
:10864C00D85F06E70FE68F842033DF0484A756DE5D
:10865C0004060510CDB7084A7C075407D343965837
:10866C00041657306200F6C0FF40D881B9086687FF
:10867C00ADA1C760BFA1118B77556E8017278F18DE
:10868C006E7B068347A104323739B0AEAE02FEF7DB
:10869C00E6341734E603F363E262AC30AF5DD8C165
:1086AC00BE4005054EB2BFAA76C4C10E5286200E3E
:1086BC009B0618E0094F3EBAA7E730F10F57083474
:1086CC000E09420EB6871EC487DD16C58738A21E5A
:1086DC00873C1F2F5E786E301526288B604FC9584B
:1086EC007018FD363400C38D5F1876425AF71C1E85
:1086FC00364888CF2D8E1F01499510A023306D97D9
:10870C00BB8802002C1761215086305B6E620057CB
:10871C001B4EC83833143020266E0A5D561A86005C
:10872C0074086F4E702D43784F0A9E086367431C84
:10873C00EC5D0306A486430E2812950F310B58C727
:10874C00487BDE474E638C298B605690AC070E0E2F
:10875C00BA245F1CEC4E7F30216136214647D0C6CF
:10876C00EE96EAD761243BC7BE8F8E280FB8B8B9F6
:10877C004E44EB408CAF289F0F003064F74FBFBCCA
:10878C00B6272FDEA7018F4361FE69B569894F7942
:10879C00868FF68F48B7B40A27E208B6FF681DBE6D
:1087AC000C27C00266DE094F2E82086FC73606BF43
:1087BC00B8E1B81606E6C63E74554371CFA04577AE
:1087CC0080C52FF02000C494E12F047E99268417D5
:1087DC00660063176B8645171B8E584617FC0C00FA
:1087EC00428C74E7CFC0A038F9EE20B53562D52F96
:1087FC00212461EE2458DF341740E1A82EC5371E22
:10880C00C6AF4CF000C7AF44A0A34FC9A748304C2B
:10881C0092E14FDE433036973197E362E1E7E1EEC8
:10882C00A725703E5096296746B7B7401F1C0567B1
:10883C008386B0A327C920DE227640C6E7C827D698
:10884C00F6148656CC0ED6F66693A71B247F5D14C1
:10885C0084571C1E229726769E1F1454A802F43FA0
:10886C0066A78F14EB0F03068ACEB16217DE28665B
:10887C0026422E2AC1CF7624672BB02CCF5B6740C3
:10888C00C32E3F5C0417E780EC1902002732007BF3
:10889C0002116F3030E0EE76C7C3471826E1DFC80F
:1088AC00529D764F3402982F104CF7B017E8802C5D
:1088BC00B0A680808F571461C740829A6BEE8747B1
:1088CC000A21DFB5303FCD289724361C7F8B0D86CF
:1088DC00C463678434A5BF2C372CF70D18AB7761B4
:1088EC001FF52C00C397C3F71C60672E2E4B4C57FB
:1088FC002121DDB740355785358F70283AFF41E689
:10890C00EBA330B53748AE180E51387E20760D27C4
:10891C001A0A0E0FA41D8EA7A03F40FB0E1646810F
:10892C00FA6600B821A745FEC02936B7145E9F6DC4
:10893C0037C32FC937D1BF14DE97FF00DB5F0EA7FB
:10894C00C74016A4E7253D1EFA5F120278CF852F8B
:10895C0062A3EF9275542026C7771C142F5B8E06EA
:10896C00AE8F208701509620D80F1CE75861A7497D
:10897C00E15FA1A63054A7484DDF83D700F0FE1C61
:10898C0099EF9120BC240E281D0EFFC3EE26E03477
:10899C00245507F160033CD6DF13270D18B0175090
:1089AC0037DA2447E4200BF52F61000C2AA7B818FE
:1089BC00E237BA010CDE12CF1EF96E770B35470E7B
:1089CC00C2AF8897C29391EF0D7E843F5A8F10D817
:1089DC0017511B368F42392FC740AC07344046C75E
:1089EC003DEF50C2000099810760BF446E3F4F338A
:1089FC00DF2381BF45C642852C13EF6CBF4B3F2153
:108A0C0040ECE61F8F1761C383487CC60500622AC1
:108A1C00EFF7830D1EEC0B00627F01C223E35F8F27
:108A2C00836ED824096F365F26007917369F061A95
:108A3C000E5E110B8F04AF20B8264228062D8784BA
:108A4C00272C282E29AE780CD0BF31108A375577B9
:108A5C00084DB785076EE1ACFFBC2F0000623F8567
:108A6C00109F0A28AF74275FC2C78B2E7410DB646B
:108A7C008C06658C562F6DDEA534FC16AC7010651B
:108A8C001727A5F730FCFFA0C7B92715AE84D94727
:108A9C003870DE6EAC31AF63D4F736294F41ABDFA3
:108AAC006C26B0AF25BE3E5412CDCE1858C0AFAE1A
:108ABC0006267612DF56F00EDEFF2EAE50B820AE34
:108ACC0044A72C161655AE0556D6BC261346462C76
:108ADC00FD961418228D3FDB8F00E33F2E3792104A
:108AEC001DE403C6AEAEAE026324C047BE37E56BD1
:108AFC00C027585FFFC1B18F46DE8F8608210E82DA
:108B0C00277A00AEDB44A60E16AE186F6287BD6FD7
:108B1C000B64223F3C286412EF145C7758DFD608B4
:108B2C00173FE1C0AF0045D27F1645B71EC38F2853
:108B3C00DF622AE1B6F46441B721D09F1005575388
:108B4C00808E1F66D74A1026424092F7C7A41F4F4B
:108B5C004E8825CF480D270A576E62057FB077DA0D
:108B6C000237062042957D4AA4DC05A42F0217810A
:108B7C0018AC87038F5F707F44B08C17ED7FFFCEEE
:108B8C002418A24743C70085251705C210CBA55F43
:108B9C00104FA8F6A60A5FC187A044F80742944577
:108BAC009F8AEC6D06EDFF2AF7342ADFB1984FB09F
:108BBC003D06A3E0C53D56A3D3A740C220C8A6E7F7
:108BCC0024352708A042D47FB0F7EC4330272DD6AC
:108BDC0063B0341E527B7FA4AA6E5F50A10FF0AF1E
:108BEC000E1897976E0A676F28D57E1CC39F80421C
:108BFC00A5A79A3E6E0E08DFAC26F6F630ECFF40C9
:108C0C003F39401890555F8D413F69152762D78FCA
:108C1C00747FE0438CD00F080D8E70CFE3001EF0F4
:108C2C00C21E037A3F0C9C06C057B017F480006339
:108C3C00288F1E401302112F02184719022E118A79
:108C4C002FC72828ECE6670F4430186A7FC2B61687
:108C5C007F10C3B707205F0B004086187F21021CD2
:108C6C00C6F3367F05175837CF1BB840ACA05CEF66
:108C7C00601AE61C7756AAA710C87FCC8FB8C64DD1
:108C8C000F866F99440D306F2A812F0CD7ACF0BF33
:108C9C0021977A365FAA4F943A0FB464BF42CE1C28
:108CAC00FF5C3EA343DEBB2C0EC7A01ABBCF190F33
:108CBC007318C224A9FFA220FFBC1D65400B67538B
:108CCC00F1A7DC5A6F0E8619670D4E10159F775061
:108CDC001693BB849BCBB7FEF69325289F587F0633
:108CEC0024BA0FE12461CBA72E6A6390861F0AC1B8
:108CFC00BF71860A0741966042905647C3B7193B2D
:108D0C00C72C37A171F757361E06750F02AE5718D0
:108D1C004E184E0FF6473790C0EE2686C120007FC6
:108D2C0040720905C85911F443905A7DE606006259
:108D3C008E5F1B4E4B23DF48217742B69E2C482F6B
:108D4C00E82AB8C72CAA072C108720815F50D88638
:108D5C00F710B2B8DE172C4F10D73227017319B0A9
:108D6C009F223C76D094AA4F1B1A6EDA112FED0E6F
:108D7C0017720B5C089705608F5A17F0716553BF1B
:108D8C001A6EFF13235F0FC0AF0BC40000038037B4
:108D9C0041E605A557E114744F80D60F97FE712854
:108DAC00F2FF534F1013897F6C1E43AC302F81415F
:108DBC007F6B80DF7516B8CD6714E10E7C559F482C
:108DCC001C075AF0F73836342E7FACB1DEC042C4E3
:108DDC005ECE2F45348DDF9454FF2D377320AF17A3
:108DEC0043945F5821A751B17E2C0756D708471ED4
:108DFC006F0000D62F0527E910120FDB1E43944F8E
:108E0C00221FFF1200028C6F24773E124E742F2209
:108E1C0085CE14DA36C3974567A860067B6EA776B5
:108E2C00A4D707021248EAF7363FC037A8E56F1AF5
:108E3C004F96978780B402F03F3C5EC700F0AA2E95
:108E4C00160A87E016BA0F24C487D72BE7701819B7
:108E5C00F775DF102E4F682713671852984F236B46
:108E6C006F8E64472E644DF10E8C1200E0379B1709
:108E7C001F69574F27E010020080D7C1B7702441FB
:108E8C00CF7105564FDFDE40AC01000080101A9701
:108E9C002C0045DF8A9759DF0015CFB8E7302789BA
:108EAC00D55F60816F748F10970D00AEF714C147BA
:108EBC007004272F4AA1D7C62510A0AFF80B00408D
:108ECC005C8F5D3081A78E26A7B4683F005B50F79E
:108EDC004A15576D2EB0A7AF7F420117C680BD4013
:108EEC000F3967DF8790B4448CF203136F054A1275
:108EFC00E3A95FA1B04027B81F0CD7F71C61F6F8A7
:108F0C00F7260990C7A8EFEBB2F7D6B1AFE75B270E
:108F1C00DFDC76670E29684D0643B716053CF6FF75
:108F2C003C4C01C624A0A9A5070612883C1727BCF7
:108F3C00C08424E3180E3B1E2606EE8E11761B46CB
:108F4C00052461179E010316CC67C2364D8F20672E
:108F5C004FEFB28FE68F05260282A24F10085F17E3
:108F6C00468F3C276834C03C66A23DD6B90EC7710B
:108F7C00200361DF1F16541001F0C742A7FF4835CC
:108F8C00CF942AEF6291123F1A46081966BF178CCC
:108F9C00B848ACB807B6473E00A080C166261F6D26
:108FAC007C67DB780FA3746FDE044E026CE0836A7F
:108FBC00460D06716F8798B8DB45AC266724600EAA
:108FCC00703640D0060BFF462C0047AC094D8E3C4A
:108FDC0005C8444A9F963EC0C4DD340366A03EE7F4
:108FEC005396265C343E4A44B7242E07351C791E12
:108FFC003CEF18BE217066ED8E3CC0B6A50680E72E
:10900C0068406BC6203EDE30064CE38EF5FEAC08A5
:10901C008CF7A746B4162808E67706BD407E44EFC9
:10902C001E4816503F540046CFAC585C71667B0608
:10903C003C607EB39EA65E700E0AF7CE6456BC688A
:10904C003E6CF77426B8781677677C004807DF808B
:10905C00E0582E8C4853953FD53645FE27001E040C
:10906C009E37358E82D6B447FC192DAE0E672C3642
:10907C0014DE203BA67C40C66896683B466096C1D1
:10908C0066EE42281E6F614EA88E340E623D7E82C3
:10909C00AB1616DC3E065550A380161C1602C4B047
:1090AC00A4E6328EB804FE2546DC142328652A4833
:1090BC004B1D7848E08646EC27760B462A188BC465
:1090CC00A6DAA6AF16A785DE696010C1E76BBE01F4
:1090DC003B9F30C310068E838642DB80104EE5002A
:1090EC00850589878414897785212BAE2A10C2A720
:1090FC00002B6F8A257456062E1E60887E367EAB3A
:10910C008FDF10AA8F2160858500BC4E23A6BC3052
:10911C00D634FE21280501D498ABFE1EAAAF3968BF
:10912C00224EC786011E5C4E17568634FD0D342127
:10913C00202D01E7568FB08F4F20BBEEA4AF114FFF
:10914C006C3F2E26DBC6280D9FDC47EB57084716D5
:10915C00D0D7F02B1802681F8FCEDE0C7F03468110
:10916C003CCE74BEB30396DA133C66B50F56B4AF5F
:10917C000276EF0A8EB7046A66B6D4DEAA86247924
:10918C0020EAC7C5765E62732625FBE71506C41672
:10919C004BC2E7B4C6C38E58CE228E6A5E63A12E34
:1091AC0061462FB7E1103C2B6E6E36C2AE9E2294F8
:1091BC00AF858B278894034735732C6F2007DFC44A
:1091CC00F4AD51F1A791B9CF806C5BF7E79A2E17EC
:1091DC00BD4E53B66ED3AE7E62E58E25C3E7AE614F
:1091EC006797430F155FAB3F031F051977E91820ED
:1091FC00D19B9E1E20AE6127671F22AE0636F11F43
:10920C004C981E0C4FEB3F88965B8EC6EB8ED9B0FC
:10921C000447E0005A0B47CF352E42BF16406B2552
:10922C002550608002F07E06947653428D0B2E837F
:10923C0030F823104B000D07F7D342ADA6C28D7644
:10924C00671803A507A207574F6804F7B6B6E28E56
:10925C0025176F16AE0A7FE6EDFF8C821470DE4A7E
:10926C0025C68E0A86030ED66414A18E5112AB70DD
:10927C00A74BEEB0C682A2782EAE026D07738F4557
:10928C00868C0F05B84683820200A44F021E83A26F
:10929C0097ECA8FDCEE0168CF710AF82A716E71559
:1092AC000EB617D7DF03770EE731DF0B170C2CE365
:1092BC0018B6F317566E038E7FEF96FF621E172EAD
:1092CC000279D47202DDAFEC6D1FD86778B8E876FE
:1092DC00644E0760F6BD76793FC1777C6E5A44BA0E
:1092EC00CE70FE2E71B8E3A2E8DF702D2E803E1CEE
:1092FC00C601413AAFB63682A0271948DB66E28236
:10930C00037E7F40F8D770538E3F1805468837860A
:10931C00F8B0B1632459BC0F0000458FA778707664
:10932C005126C2F7C7CF3C16AE39971DD71CB68451
:10933C0040416ED86725F0E70E1F5F803E25B800D0
:10934C00D53FA4F0A6C73BDEC68F00AB06C5FC5EBE
:10935C00C48F033B4553663300620E07A6E8032314
:10936C0004EAF7D04F124276A14E119AE2FE530F47
:10937C0026448C6EA6458E10F88744C45FB01682C6
:10938C00ADCA8C6247B78CFEA48E4C1D7F85F16EE6
:10939C00025F4710AA0217976E9EF72606FE26DF7D
:1093AC00FFE216D886DE270D568F052EC5828E5607
:1093BC006196063806D888DD8F06243C31FF8A2F4B
:1093CC007C0FFF62102C57CF030D57833F27A688C5
:1093DC00A0338F7C06FF4051BF8B7F4711C6ABEF8C
:1093EC0068C767525F220C1F83260FE7C181FF47B6
:1093FC00305501E60F7F3A8F80788EDCD7DC962EC5
:10940C0038BF245A3FF9D68FC0386EB503B0D6B4E6
:10941C008F0C264A86D7B28FEECE8F1587A1486661
:10942C00DF95E0AFE557C29FD816A58FA1F7C5B061
:10943C00B27E05F816BC6001E1FF0BFE60AE0A8E31
:10944C0050E2BE460F3980821F8F706F91EE4EC86E
:10945C006E9B0ED332040E01EE34FEB448E86F540A
:10946C00382E3C1687B7B566A0C00059FA16259061
:10947C00E015966081128DBED877DCB282564FCE45
:10948C0056CE0E7EB578B491A16FC4A86912B837C8
:10949C00237847A08EC1F6CECF8787EF1ED90CB3A9
:1094AC008EB02622920B1FC430045A97073F387691
:1094BC00A60E3FB908794014019D5CB12E258E2271
:1094CC006E9F94E01EB04E2696DB402596270CA48A
:1094DC00F312C91073B4FD2510920260DB9E7E3529
:1094EC0026B50CC696220376AE0E17E7046B3634FF
:1094FC00B7DB0E9226E32190321264275E7F4EC4B6
:10950C003BF6469609537EA71DD4E7260A9208EF30
:10951C00E4CFE0D70249B46FB916F3B708DB0617EE
:10952C009C0C418D9700DD852667F407A7BE42B6DB
:10953C0006861FDEAE0A7F4F05861476161EC127DF
:10954C0096967122864025C6099C5E48AC47F00E63
:10955C00781576368EA426DB1E078E5EBE3F08F786
:10956C00660C866A4F6044F7DE028E3EF88E000170
:10957C00422C0607E3822905C29FF62F182E83AED4
:10958C000F0648DD84247EE34F849E8D1E01BFC2EE
:10959C0057243881A751901335CE44D3C416D11615
:1095AC0050E38EAA1759A6A00E06E3CFD72F1CB6F0
:1095BC00C79C40370F14AEA51E160ADE121FDE160E
:1095CC00AE8FBC2F740017AE0BC7C7224E5E7180D6
:1095DC00BF058A3EA25405760F3166800B0624F92E
:1095EC008CFFFFFF501044A040ADFF803E36BFA063
:1095FC00AFD26E82EB027E0F10CB57267A5A1083B5
:10960C009406EE00308E0766BD1EA4D07F08782726
:10961C00A20BA4C73476EE48A9A702751F88E28670
:10962C002B86ED2A10C50E40AD80E047B73E8DC5A8
:10963C00FF8042D64B3E84443CA86A86DBC6245E3F
:10964C00C700F1FAFF401413B75602F08E5BF68296
:10965C008C1E40866F06A314212889C2213FAD279A
:10966C007608083B7EB060C514621FAF0D304BBD51
:10967C00DFC2A0DDC7FBFFC580BFDD1730FF313275
:10968C00333435363738FE39414243444546153F6D
:10969C00BE0401802405D906640309602716071D42
:1096AC009406A717B404660F8CD75F2CC00701F77C
:1096BC00F70A0A206F015761FF6974696E672066AB
:1096CC006FDB72200E7075B77412726F6DFF206EA7
:1096DC006F7073207669FF61206B6579626F61DB57
:1096EC007264617D3927FF3B2F6D27206FB0721993
:1096FC00FF74797065202262F76C616820095A2228
:10970C00360AC1CFFB5454593A186E25732766326A
:10971C002B1F446F6375F86D656E74612E066F6E4A
:10972C003ADF1E687474703AFB2F2F756E69CEE0A9
:10973C002E67BD346875622E963416BD6367ED696D
:10974C007363EE64B03A1FB6670B08782EED646550
:10975C0076544960785E884750552ECF006F7F1F36
:10976C00506164B773210A66012042FF48656C6C36
:10977C006F20B777B26C64217D212DFC0B46726192
:10978C001040286E64306B2B07B3709E0A0204ECF9
:10979C006D6F763808DE148A6B14A7DE580BD03642
:1097AC0066DF0C7070792063E0726564AD00733F06
:1097BC00324F6C2E1BB06F74692FF94C312F523114
:1097CC00F8737072B62004EE657373EE1BC46620DA
:1097DC00D9313000A74F5234667F646D7567644889
:1097EC00F17B2670DC30D8689461261ADE07CFC571
:1097FC004C6FAA7E427566666572E0D4AE5C7927C2
:10980C00B0554AA89864B6DF746FFDB82C256490E7
:10981C000B06A245F05377407687F4346C6C6535B3
:10982C008665464D0E5F866BDAFB795F7372636EED
:10983C005A781F594C85A2543225C2270B3C73749D
:10984C0061505BB272742F56D75E642BBB20D671FD
:10985C00494F5FF13A00442DC54868C1584B9F856C
:10986C0021D80A003FB853F106782F00A29543BACD
:10987C00433D427865747279E067D8010F5468E112
:10988C00616E6BBBC66E2067923762733A0AB40A7C
:10989C005F4E2573F4A74266AF24790E4E15EA612C
:1098AC008273E8C33C335FA068D6A2AA7854760BC7
:1098BC003739DF466178004A6960BE50CA2F64931D
:1098CC006EC4461A9A70D64C652505B02671755B28
:1098DC00BA6553A0627437B0AA286E63DAA1B0637C
:1098EC00AE4029CF9B46204376AE5ADE6F6EEF0A10
:1098FC005A48D704737CDA476C7E742AAC479A4872
:10990C006C9E9E48D71262993336B402208A6DFE43
:10991C00DA7572F64DC2D89B280E5469555A537B92
:10992C0062465451651E026A47986166CE521D52BA
:10993C00766A3A7377E6D28A4176B675AA4D63C3D6
:10994C00468354E45849000B16047209302FEE1C60
:10995C00A88BB46261BA67FF4E3B24616CB96D375A
:10996C00818AD65D78AA9B1367786F3A703E58C58A
:10997C00506C24D8722A12C6A01613EEEA2D43B6E8
:10998C00866D731F3048BA9848EE104268666F2691
:10999C00342CB2770C3E2E637963CA18DD303E93BB
:1099AC000892261EBD74362C15E86E3BAC586C66BE
:1099BC0075FA8D58863F2EE82F002C1C726F1B21D8
:1099CC004C308373C20970EC044088B818FE2C3AF2
:1099DC00756C0F8F436536A69AF0656D6F6EFA271E
:1099EC006BF5941C8799AC811CCE307A20004E8E7E
:1099FC005218447BB4482EF2DE656C4FDD1F6ECEE0
:109A0C0021E37C0E696758A628A869B8012B9A64D3
:109A1C00A633500E004958C0B6280042A40B5086FD
:109A2C006EDE66536DE208DD9F63686E58EB3F5F38
:109A3C004452556C3870265684742C8B6987E241DD
:109A4C006CAD54727C00DB6B481C4E69448418BCB2
:109A5C003010E58E6F643672B3300247AB4AFEE0CD
:109A6C00732D460052D03E6836341A424CE02C53CB
:109A7C003D451266717A6F722F042EF050684C8E31
:109A8C00F4280C34564D7488661B32004178CCAAED
:109A9C00725087FA76B276B0F58C422EDC791CA91E
:109AAC00C242BE1E5358446576CC82941FD6792E82
:109ABC0005082EC1756B37C30682FC6BBC6C963DDA
:109ACC00D077105007026460B01C6C10DE3126DDBC
:109ADC004A793634DA4EAC2708683382FA756768EF
:109AEC0074C35F3CECB4018007399CAEA7A49EB054
:109AFC00B879C0E7C49ED4E87C04AFD314CF2C341F
:109B0C003C40F348CF586C3C80F388CF949C3CB4D9
:109B1C00F3C4CFD4F47577B0A7061C9E242C7934EB
:109B2C00E73C9E48547964E7709E848C7994E79C5A
:109B3C009EA0AC79B8E7C49ECCD879E0E7E49EF45B
:109B4C00FC7C04B1D30CCF242C3C3CF344CF5064AC
:109B5C003C74F390CE9C08FF4020336245871C3A3E
:109B6C00573A5B2034DFE0696D330F5302A1BE74AA
:109B7C00DF875652414D204D8E700DE6204E2688C3
:109B8C007834FC625840A6061266586E816568F3FC
:109B9C0036A84E5504489A74772EF449D15A686801
:109BAC009AD8E94F6EBC4A3862064666B620AF7842
:109BBC00A8FD28434C555429C249C0386E327375E0
:109BCC0070DBB07274328B51DC208422FF479EDC38
:109BDC0072FDBDDA1B00EE26566D086F6B815C447E
:109BEC0001EE76A0C810855AEA6C20493C3A9027C1
:109BFC00CC72BE28D807FE76C1204C05D33B640A34
:109C0C001F3C782C790E83DF1F77C82C6834504C9E
:109C1C00065D0B1FDA5DDE1FD65DE41FC0F010C8B9
:109C2C002D0A204F1292ACB4743A365F8A4E78BB30
:109C3C00D06765B23A8B11AE822E4CF4C040B8B2EC
:109C4C0055563A4489C428377C15DF29470411C876
:109C5C00CF1A7E1DA64EFF550030B035BEE207FF71
:109C6C007EFE14FC4612D96CFCE5E7830CD9C822A5
:109C7C00DFB4DC5A00013E449A9B6F01062D6B3F0A
:109C8C00C5E8ADD65B032FBEEC168CC091763D06B5
:109C9C00ECB70F07488C15ED0FD00200680108AC2B
:109CAC0024924924A8FF000025C8E00325400000A9
:109CBC0001000A24FF000E3C4600110400000000C5
:109CCC000600401001000B24000089900100842440
:109CDC000000A9A0F8FF00100100A5243D0011040C
:109CEC0040580B003B001104215862010500401440
:109CFC00FFFF6B253700110440580B00F7FF0010D5
:109D0C0021586201FFFF6B25050060150000000063
:109D1C0030001104255840010E0000102560400051
:109D2C00FFFF6B2500008990005A0B000100842472
:109D3C00215869010100692502002015000000006E
:109D4C000800200301002C3142580B0001006B2548
:109D5C00255060011F001104000000000300801159
:109D6C00000000000F00001003004C240A004014F7
:109D7C000000000001008C251600110440600C004E
:109D8C001400110421608201FBFF40100000000050
:109D9C000400001005008C250E00110400000000CA
:109DAC0005004C240105692D236089012368AB0053
:109DBC000000A9910100AD250000A9A00000000041
:109DCC00FFFF8C25FAFF80150100A524BAFF0010B7
:109DDC000000000024480E010400201500000000C3
:109DEC00000089900100842425402E01C211080036
:109DFC00404008000800E003010042300000F82752
:109E0C00801F033C741060AC0180043C3C7C8424B7
:109E1C000180053CA4FF11040000A524A000082427
:109E2C0009F80001440009240180083C00000825C1
:109E3C000800000100001F271000000000000000B7
:109E4C000000010000000000000000000000020003
:109E5C0000000000000000000000030000000000F3
:109E6C00000000000000FF000000000001B5486881
:109E7C0001318E460047704609380149884701BDBB
:109E8C00A90F0010000000000000000000000000FE
:109E9C000000000000000000B84D002075240010E8
:109EAC002124001099230010092300100000000049
:109EBC0000010000A450002010000C000000000065
:109ECC000000000000000000000000000000000086
:0C9EDC00FF00000000000000000000007B
:109EE800D3DEFFFFFE010000FF0100005062FFFF0C
:049EF800793512ABFB
:040000051000014D99
:00000001FF
