
/home/breaker/git/PS1/pico_booty/build/pico_booty.elf:     file format elf32-littlearm

Sections:
Idx Name          Size      VMA       LMA       File off  Algn
  0 .text         00004f00  10000000  10000000  00001000  2**3
                  CONTENTS, ALLOC, LOAD, READONLY, CODE
  1 .rodata       000003e0  10004f00  10004f00  00005f00  2**2
                  CONTENTS, ALLOC, LOAD, READONLY, DATA
  2 .ARM.exidx    00000008  100052e0  100052e0  000062e0  2**2
                  CONTENTS, ALLOC, LOAD, READONLY, DATA
  3 .binary_info  00000024  100052e8  100052e8  000062e8  2**2
                  CONTENTS, ALLOC, LOAD, READONLY, DATA
  4 .ram_vector_table 00000110  20000000  20000000  0000c000  2**2
                  ALLOC
  5 .uninitialized_data 00000000  20000110  20000110  0000befc  2**0
                  CONTENTS
  6 .data         00004bdc  20000110  1000530c  00007110  2**3
                  CONTENTS, ALLOC, LOAD, READONLY, CODE
  7 .tdata        00000000  20004cec  20004cec  0000befc  2**0
                  CONTENTS, ALLOC, LOAD, DATA, THREAD_LOCAL
  8 .tbss         00000000  20004cec  20004cec  00000000  2**0
                  ALLOC, THREAD_LOCAL
  9 .bss          00000c4c  20004cf0  10009ee8  0000ccf0  2**3
                  ALLOC
 10 .heap         00000800  2000593c  10009ee8  0000c93c  2**2
                  ALLOC, READONLY
 11 .scratch_x    00000000  20080000  20080000  0000befc  2**0
                  CONTENTS
 12 .scratch_y    00000000  20081000  20081000  0000befc  2**0
                  CONTENTS
 13 .stack_dummy  00000800  20081000  20081000  0000c000  2**5
                  ALLOC, READONLY
 14 .flash_end    00000014  10009ee8  10009ee8  0000bee8  2**2
                  CONTENTS, ALLOC, LOAD, READONLY, DATA
 15 .ARM.attributes 00000034  00000000  00000000  0000befc  2**0
                  CONTENTS, READONLY
 16 .comment      00000045  00000000  00000000  0000bf30  2**0
                  CONTENTS, READONLY
 17 .debug_info   00039c27  00000000  00000000  0000bf75  2**0
                  CONTENTS, READONLY, DEBUGGING, OCTETS
 18 .debug_abbrev 000099f6  00000000  00000000  00045b9c  2**0
                  CONTENTS, READONLY, DEBUGGING, OCTETS
 19 .debug_loclists 0001b606  00000000  00000000  0004f592  2**0
                  CONTENTS, READONLY, DEBUGGING, OCTETS
 20 .debug_aranges 000012f8  00000000  00000000  0006ab98  2**3
                  CONTENTS, READONLY, DEBUGGING, OCTETS
 21 .debug_rnglists 00004e63  00000000  00000000  0006be90  2**0
                  CONTENTS, READONLY, DEBUGGING, OCTETS
 22 .debug_line   0002199e  00000000  00000000  00070cf3  2**0
                  CONTENTS, READONLY, DEBUGGING, OCTETS
 23 .debug_str    0000a4a5  00000000  00000000  00092691  2**0
                  CONTENTS, READONLY, DEBUGGING, OCTETS
 24 .debug_frame  00003500  00000000  00000000  0009cb38  2**2
                  CONTENTS, READONLY, DEBUGGING, OCTETS
 25 .debug_line_str 0000013b  00000000  00000000  000a0038  2**0
                  CONTENTS, READONLY, DEBUGGING, OCTETS

/home/breaker/git/PS1/pico_booty/build/pico_booty.elf:     file format elf32-littlearm


Disassembly of section .text:

10000000 <__VECTOR_TABLE>:
10000000:	20082000 	.word	0x20082000
10000004:	1000015d 	.word	0x1000015d
10000008:	1000011b 	.word	0x1000011b
1000000c:	1000011d 	.word	0x1000011d
10000010:	10000111 	.word	0x10000111
10000014:	10000111 	.word	0x10000111
10000018:	10000111 	.word	0x10000111
1000001c:	10000111 	.word	0x10000111
10000020:	10000119 	.word	0x10000119
10000024:	10000119 	.word	0x10000119
10000028:	10000119 	.word	0x10000119
1000002c:	1000011f 	.word	0x1000011f
10000030:	10000111 	.word	0x10000111
10000034:	10000119 	.word	0x10000119
10000038:	10000121 	.word	0x10000121
1000003c:	10000123 	.word	0x10000123
10000040:	10000111 	.word	0x10000111
10000044:	10000111 	.word	0x10000111
10000048:	10000111 	.word	0x10000111
1000004c:	10000111 	.word	0x10000111
10000050:	10000111 	.word	0x10000111
10000054:	10000111 	.word	0x10000111
10000058:	10000111 	.word	0x10000111
1000005c:	10000111 	.word	0x10000111
10000060:	10000111 	.word	0x10000111
10000064:	10000111 	.word	0x10000111
10000068:	10000111 	.word	0x10000111
1000006c:	10000111 	.word	0x10000111
10000070:	10000111 	.word	0x10000111
10000074:	10000111 	.word	0x10000111
10000078:	10000111 	.word	0x10000111
1000007c:	10000111 	.word	0x10000111
10000080:	10000111 	.word	0x10000111
10000084:	10000111 	.word	0x10000111
10000088:	10000111 	.word	0x10000111
1000008c:	10000111 	.word	0x10000111
10000090:	10000111 	.word	0x10000111
10000094:	10000111 	.word	0x10000111
10000098:	10000111 	.word	0x10000111
1000009c:	10000111 	.word	0x10000111
100000a0:	10000111 	.word	0x10000111
100000a4:	10000111 	.word	0x10000111
100000a8:	10000111 	.word	0x10000111
100000ac:	10000111 	.word	0x10000111
100000b0:	10000111 	.word	0x10000111
100000b4:	10000111 	.word	0x10000111
100000b8:	10000111 	.word	0x10000111
100000bc:	10000111 	.word	0x10000111
100000c0:	10000111 	.word	0x10000111
100000c4:	10000111 	.word	0x10000111
100000c8:	10000111 	.word	0x10000111
100000cc:	10000111 	.word	0x10000111
100000d0:	10000111 	.word	0x10000111
100000d4:	10000111 	.word	0x10000111
100000d8:	10000111 	.word	0x10000111
100000dc:	10000111 	.word	0x10000111
100000e0:	10000111 	.word	0x10000111
100000e4:	10000111 	.word	0x10000111
100000e8:	10000111 	.word	0x10000111
100000ec:	10000111 	.word	0x10000111
100000f0:	10000111 	.word	0x10000111
100000f4:	10000111 	.word	0x10000111
100000f8:	10000111 	.word	0x10000111
100000fc:	10000111 	.word	0x10000111
10000100:	10000111 	.word	0x10000111
10000104:	10000111 	.word	0x10000111
10000108:	10000111 	.word	0x10000111
1000010c:	10000111 	.word	0x10000111

10000110 <__unhandled_user_irq>:
10000110:	f3ef 8005 	mrs	r0, IPSR
10000114:	3810      	subs	r0, #16

10000116 <unhandled_user_irq_num_in_r0>:
10000116:	be00      	bkpt	0x0000

10000118 <isr_invalid>:
10000118:	be00      	bkpt	0x0000

1000011a <isr_nmi>:
1000011a:	be00      	bkpt	0x0000

1000011c <isr_hardfault>:
1000011c:	be00      	bkpt	0x0000

1000011e <isr_svcall>:
1000011e:	be00      	bkpt	0x0000

10000120 <isr_pendsv>:
10000120:	be00      	bkpt	0x0000

10000122 <isr_systick>:
10000122:	be00      	bkpt	0x0000

10000124 <__default_isrs_end>:
10000124:	7188ebf2 	.word	0x7188ebf2
10000128:	100052e8 	.word	0x100052e8
1000012c:	1000530c 	.word	0x1000530c
10000130:	100001a0 	.word	0x100001a0
10000134:	e71aa390 	.word	0xe71aa390

10000138 <__binary_info_header_end>:
10000138:	ffffded3 	.word	0xffffded3
1000013c:	10210142 	.word	0x10210142
10000140:	000001ff 	.word	0x000001ff
10000144:	00009db0 	.word	0x00009db0
10000148:	ab123579 	.word	0xab123579

1000014c <_entry_point>:
1000014c:	f04f 0000 	mov.w	r0, #0

10000150 <_enter_vtable_in_r0>:
10000150:	491e      	ldr	r1, [pc, #120]	@ (100001cc <data_cpy_table+0x2c>)
10000152:	6008      	str	r0, [r1, #0]
10000154:	c806      	ldmia	r0!, {r1, r2}
10000156:	f381 8808 	msr	MSP, r1
1000015a:	4710      	bx	r2

1000015c <_reset_handler>:
1000015c:	f04f 4050 	mov.w	r0, #3489660928	@ 0xd0000000
10000160:	6800      	ldr	r0, [r0, #0]
10000162:	b110      	cbz	r0, 1000016a <hold_non_core0_in_bootrom+0x6>

10000164 <hold_non_core0_in_bootrom>:
10000164:	f04f 0000 	mov.w	r0, #0
10000168:	e7f2      	b.n	10000150 <_enter_vtable_in_r0>
1000016a:	a40d      	add	r4, pc, #52	@ (adr r4, 100001a0 <data_cpy_table>)
1000016c:	cc0e      	ldmia	r4!, {r1, r2, r3}
1000016e:	2900      	cmp	r1, #0
10000170:	d002      	beq.n	10000178 <hold_non_core0_in_bootrom+0x14>
10000172:	f000 f812 	bl	1000019a <data_cpy>
10000176:	e7f9      	b.n	1000016c <hold_non_core0_in_bootrom+0x8>
10000178:	4915      	ldr	r1, [pc, #84]	@ (100001d0 <data_cpy_table+0x30>)
1000017a:	4a16      	ldr	r2, [pc, #88]	@ (100001d4 <data_cpy_table+0x34>)
1000017c:	2000      	movs	r0, #0
1000017e:	e000      	b.n	10000182 <bss_fill_test>

10000180 <bss_fill_loop>:
10000180:	c101      	stmia	r1!, {r0}

10000182 <bss_fill_test>:
10000182:	4291      	cmp	r1, r2
10000184:	d1fc      	bne.n	10000180 <bss_fill_loop>

10000186 <platform_entry>:
10000186:	4914      	ldr	r1, [pc, #80]	@ (100001d8 <data_cpy_table+0x38>)
10000188:	4788      	blx	r1
1000018a:	4914      	ldr	r1, [pc, #80]	@ (100001dc <data_cpy_table+0x3c>)
1000018c:	4788      	blx	r1
1000018e:	4914      	ldr	r1, [pc, #80]	@ (100001e0 <data_cpy_table+0x40>)
10000190:	4788      	blx	r1
10000192:	be00      	bkpt	0x0000
10000194:	e7fd      	b.n	10000192 <platform_entry+0xc>

10000196 <data_cpy_loop>:
10000196:	c901      	ldmia	r1!, {r0}
10000198:	c201      	stmia	r2!, {r0}

1000019a <data_cpy>:
1000019a:	429a      	cmp	r2, r3
1000019c:	d3fb      	bcc.n	10000196 <data_cpy_loop>
1000019e:	4770      	bx	lr

100001a0 <data_cpy_table>:
100001a0:	1000530c 	.word	0x1000530c
100001a4:	20000110 	.word	0x20000110
100001a8:	20004cec 	.word	0x20004cec
100001ac:	10009ee8 	.word	0x10009ee8
100001b0:	20080000 	.word	0x20080000
100001b4:	20080000 	.word	0x20080000
100001b8:	10009ee8 	.word	0x10009ee8
100001bc:	20081000 	.word	0x20081000
100001c0:	20081000 	.word	0x20081000
100001c4:	00000000 	.word	0x00000000
100001c8:	4770      	bx	lr
100001ca:	0000      	.short	0x0000
100001cc:	e000ed08 	.word	0xe000ed08
100001d0:	20004cec 	.word	0x20004cec
100001d4:	2000593c 	.word	0x2000593c
100001d8:	10001f61 	.word	0x10001f61
100001dc:	10000379 	.word	0x10000379
100001e0:	10001f59 	.word	0x10001f59

100001e4 <_init>:
100001e4:	b5f8      	push	{r3, r4, r5, r6, r7, lr}
100001e6:	bf00      	nop

100001e8 <register_tm_clones>:
100001e8:	4b06      	ldr	r3, [pc, #24]	@ (10000204 <register_tm_clones+0x1c>)
100001ea:	4907      	ldr	r1, [pc, #28]	@ (10000208 <register_tm_clones+0x20>)
100001ec:	1ac9      	subs	r1, r1, r3
100001ee:	1089      	asrs	r1, r1, #2
100001f0:	bf48      	it	mi
100001f2:	3101      	addmi	r1, #1
100001f4:	1049      	asrs	r1, r1, #1
100001f6:	d003      	beq.n	10000200 <register_tm_clones+0x18>
100001f8:	4b04      	ldr	r3, [pc, #16]	@ (1000020c <register_tm_clones+0x24>)
100001fa:	b10b      	cbz	r3, 10000200 <register_tm_clones+0x18>
100001fc:	4801      	ldr	r0, [pc, #4]	@ (10000204 <register_tm_clones+0x1c>)
100001fe:	4718      	bx	r3
10000200:	4770      	bx	lr
10000202:	bf00      	nop
10000204:	20004cec 	.word	0x20004cec
10000208:	20004cec 	.word	0x20004cec
1000020c:	00000000 	.word	0x00000000

10000210 <frame_dummy>:
10000210:	b508      	push	{r3, lr}
10000212:	4b05      	ldr	r3, [pc, #20]	@ (10000228 <frame_dummy+0x18>)
10000214:	b11b      	cbz	r3, 1000021e <frame_dummy+0xe>
10000216:	4905      	ldr	r1, [pc, #20]	@ (1000022c <frame_dummy+0x1c>)
10000218:	4805      	ldr	r0, [pc, #20]	@ (10000230 <frame_dummy+0x20>)
1000021a:	f3af 8000 	nop.w
1000021e:	e8bd 4008 	ldmia.w	sp!, {r3, lr}
10000222:	f7ff bfe1 	b.w	100001e8 <register_tm_clones>
10000226:	bf00      	nop
10000228:	00000000 	.word	0x00000000
1000022c:	200058c0 	.word	0x200058c0
10000230:	10004f00 	.word	0x10004f00

10000234 <_Z13resetCallbackjm>:
10000234:	f011 0201 	ands.w	r2, r1, #1
10000238:	b508      	push	{r3, lr}
1000023a:	d113      	bne.n	10000264 <_Z13resetCallbackjm+0x30>
1000023c:	078b      	lsls	r3, r1, #30
1000023e:	d400      	bmi.n	10000242 <_Z13resetCallbackjm+0xe>
10000240:	bd08      	pop	{r3, pc}
10000242:	2102      	movs	r1, #2
10000244:	200a      	movs	r0, #10
10000246:	f000 fa6d 	bl	10000724 <gpio_set_irq_enabled>
1000024a:	4b12      	ldr	r3, [pc, #72]	@ (10000294 <_Z13resetCallbackjm+0x60>)
1000024c:	4a12      	ldr	r2, [pc, #72]	@ (10000298 <_Z13resetCallbackjm+0x64>)
1000024e:	6a9b      	ldr	r3, [r3, #40]	@ 0x28
10000250:	6812      	ldr	r2, [r2, #0]
10000252:	1a9b      	subs	r3, r3, r2
10000254:	f5b3 7ffa 	cmp.w	r3, #500	@ 0x1f4
10000258:	f04f 0201 	mov.w	r2, #1
1000025c:	d314      	bcc.n	10000288 <_Z13resetCallbackjm+0x54>
1000025e:	4b0f      	ldr	r3, [pc, #60]	@ (1000029c <_Z13resetCallbackjm+0x68>)
10000260:	701a      	strb	r2, [r3, #0]
10000262:	bd08      	pop	{r3, pc}
10000264:	4a0b      	ldr	r2, [pc, #44]	@ (10000294 <_Z13resetCallbackjm+0x60>)
10000266:	4b0c      	ldr	r3, [pc, #48]	@ (10000298 <_Z13resetCallbackjm+0x64>)
10000268:	f8d2 c028 	ldr.w	ip, [r2, #40]	@ 0x28
1000026c:	2101      	movs	r1, #1
1000026e:	2200      	movs	r2, #0
10000270:	200a      	movs	r0, #10
10000272:	f8c3 c000 	str.w	ip, [r3]
10000276:	f000 fa55 	bl	10000724 <gpio_set_irq_enabled>
1000027a:	e8bd 4008 	ldmia.w	sp!, {r3, lr}
1000027e:	2201      	movs	r2, #1
10000280:	2102      	movs	r1, #2
10000282:	200a      	movs	r0, #10
10000284:	f000 ba4e 	b.w	10000724 <gpio_set_irq_enabled>
10000288:	200a      	movs	r0, #10
1000028a:	e8bd 4008 	ldmia.w	sp!, {r3, lr}
1000028e:	4611      	mov	r1, r2
10000290:	f000 ba48 	b.w	10000724 <gpio_set_irq_enabled>
10000294:	400b0000 	.word	0x400b0000
10000298:	200058b0 	.word	0x200058b0
1000029c:	20005937 	.word	0x20005937

100002a0 <_Z19initParallelProgramP8pio_hw_thh>:
100002a0:	e92d 41f0 	stmdb	sp!, {r4, r5, r6, r7, r8, lr}
100002a4:	4606      	mov	r6, r0
100002a6:	4617      	mov	r7, r2
100002a8:	2008      	movs	r0, #8
100002aa:	f04f 4300 	mov.w	r3, #2147483648	@ 0x80000000
100002ae:	f44f 3280 	mov.w	r2, #65536	@ 0x10000
100002b2:	4688      	mov	r8, r1
100002b4:	2400      	movs	r4, #0
100002b6:	f106 452f 	add.w	r5, r6, #2936012800	@ 0xaf000000
100002ba:	b086      	sub	sp, #24
100002bc:	f505 0560 	add.w	r5, r5, #14680064	@ 0xe00000
100002c0:	9305      	str	r3, [sp, #20]
100002c2:	0d2d      	lsrs	r5, r5, #20
100002c4:	183b      	adds	r3, r7, r0
100002c6:	492a      	ldr	r1, [pc, #168]	@ (10000370 <_Z19initParallelProgramP8pio_hw_thh+0xd0>)
100002c8:	9202      	str	r2, [sp, #8]
100002ca:	3506      	adds	r5, #6
100002cc:	1cba      	adds	r2, r7, #2
100002ce:	031b      	lsls	r3, r3, #12
100002d0:	ea43 13c2 	orr.w	r3, r3, r2, lsl #7
100002d4:	b2ed      	uxtb	r5, r5
100002d6:	f043 43c0 	orr.w	r3, r3, #1610612736	@ 0x60000000
100002da:	9104      	str	r1, [sp, #16]
100002dc:	4629      	mov	r1, r5
100002de:	9303      	str	r3, [sp, #12]
100002e0:	f000 f9e4 	bl	100006ac <gpio_set_function>
100002e4:	4629      	mov	r1, r5
100002e6:	2009      	movs	r0, #9
100002e8:	f000 f9e0 	bl	100006ac <gpio_set_function>
100002ec:	2101      	movs	r1, #1
100002ee:	2008      	movs	r0, #8
100002f0:	f000 fa90 	bl	10000814 <gpio_set_input_enabled>
100002f4:	2101      	movs	r1, #1
100002f6:	2009      	movs	r0, #9
100002f8:	f000 fa8c 	bl	10000814 <gpio_set_input_enabled>
100002fc:	9a03      	ldr	r2, [sp, #12]
100002fe:	2308      	movs	r3, #8
10000300:	f022 52f8 	bic.w	r2, r2, #520093696	@ 0x1f000000
10000304:	f042 6210 	orr.w	r2, r2, #150994944	@ 0x9000000
10000308:	9203      	str	r2, [sp, #12]
1000030a:	4641      	mov	r1, r8
1000030c:	4622      	mov	r2, r4
1000030e:	4630      	mov	r0, r6
10000310:	9400      	str	r4, [sp, #0]
10000312:	f004 fc29 	bl	10004b68 <pio_sm_set_consecutive_pindirs>
10000316:	9a05      	ldr	r2, [sp, #20]
10000318:	4b16      	ldr	r3, [pc, #88]	@ (10000374 <_Z19initParallelProgramP8pio_hw_thh+0xd4>)
1000031a:	4013      	ands	r3, r2
1000031c:	f043 53a4 	orr.w	r3, r3, #343932928	@ 0x14800000
10000320:	9305      	str	r3, [sp, #20]
10000322:	4620      	mov	r0, r4
10000324:	4629      	mov	r1, r5
10000326:	f000 f9c1 	bl	100006ac <gpio_set_function>
1000032a:	4620      	mov	r0, r4
1000032c:	2101      	movs	r1, #1
1000032e:	f000 f9db 	bl	100006e8 <gpio_set_slew_rate>
10000332:	4620      	mov	r0, r4
10000334:	2101      	movs	r1, #1
10000336:	3401      	adds	r4, #1
10000338:	f000 f9e4 	bl	10000704 <gpio_set_drive_strength>
1000033c:	2c08      	cmp	r4, #8
1000033e:	d1f0      	bne.n	10000322 <_Z19initParallelProgramP8pio_hw_thh+0x82>
10000340:	9b05      	ldr	r3, [sp, #20]
10000342:	9a03      	ldr	r2, [sp, #12]
10000344:	f023 4360 	bic.w	r3, r3, #3758096384	@ 0xe0000000
10000348:	f423 43f8 	bic.w	r3, r3, #31744	@ 0x7c00
1000034c:	f043 4300 	orr.w	r3, r3, #2147483648	@ 0x80000000
10000350:	f443 53a0 	orr.w	r3, r3, #5120	@ 0x1400
10000354:	f042 44c0 	orr.w	r4, r2, #1610612736	@ 0x60000000
10000358:	9305      	str	r3, [sp, #20]
1000035a:	463a      	mov	r2, r7
1000035c:	4641      	mov	r1, r8
1000035e:	4630      	mov	r0, r6
10000360:	ab02      	add	r3, sp, #8
10000362:	9403      	str	r4, [sp, #12]
10000364:	f004 fc46 	bl	10004bf4 <pio_sm_init>
10000368:	b006      	add	sp, #24
1000036a:	e8bd 81f0 	ldmia.w	sp!, {r4, r5, r6, r7, r8, pc}
1000036e:	bf00      	nop
10000370:	50040000 	.word	0x50040000
10000374:	e00ffc00 	.word	0xe00ffc00

10000378 <main>:
10000378:	e92d 4ff8 	stmdb	sp!, {r3, r4, r5, r6, r7, r8, r9, sl, fp, lr}
1000037c:	f001 fef0 	bl	10002160 <stdio_init_all>
10000380:	200a      	movs	r0, #10
10000382:	f000 fa57 	bl	10000834 <gpio_init>
10000386:	230a      	movs	r3, #10
10000388:	f04f 0200 	mov.w	r2, #0
1000038c:	ec42 3044 	gpioc_bit_oe_put r3, r2
10000390:	4944      	ldr	r1, [pc, #272]	@ (100004a4 <main+0x12c>)
10000392:	4845      	ldr	r0, [pc, #276]	@ (100004a8 <main+0x130>)
10000394:	f004 fb64 	bl	10004a60 <pio_add_program>
10000398:	2100      	movs	r1, #0
1000039a:	b2c2      	uxtb	r2, r0
1000039c:	4842      	ldr	r0, [pc, #264]	@ (100004a8 <main+0x130>)
1000039e:	f7ff ff7f 	bl	100002a0 <_Z19initParallelProgramP8pio_hw_thh>
100003a2:	f8df a128 	ldr.w	sl, [pc, #296]	@ 100004cc <main+0x154>
100003a6:	4b41      	ldr	r3, [pc, #260]	@ (100004ac <main+0x134>)
100003a8:	f8df b124 	ldr.w	fp, [pc, #292]	@ 100004d0 <main+0x158>
100003ac:	4f40      	ldr	r7, [pc, #256]	@ (100004b0 <main+0x138>)
100003ae:	eba3 090a 	sub.w	r9, r3, sl
100003b2:	2001      	movs	r0, #1
100003b4:	f004 fb42 	bl	10004a3c <dma_claim_unused_channel>
100003b8:	4b3e      	ldr	r3, [pc, #248]	@ (100004b4 <main+0x13c>)
100003ba:	0184      	lsls	r4, r0, #6
100003bc:	ea03 3340 	and.w	r3, r3, r0, lsl #13
100003c0:	f104 42a0 	add.w	r2, r4, #1342177280	@ 0x50000000
100003c4:	f043 0311 	orr.w	r3, r3, #17
100003c8:	2800      	cmp	r0, #0
100003ca:	f8c2 a000 	str.w	sl, [r2]
100003ce:	4680      	mov	r8, r0
100003d0:	f8c2 b004 	str.w	fp, [r2, #4]
100003d4:	f8c2 9008 	str.w	r9, [r2, #8]
100003d8:	60d3      	str	r3, [r2, #12]
100003da:	db5d      	blt.n	10000498 <main+0x120>
100003dc:	250a      	movs	r5, #10
100003de:	f04f 0301 	mov.w	r3, #1
100003e2:	ec43 5044 	gpioc_bit_oe_put r5, r3
100003e6:	f04f 0600 	mov.w	r6, #0
100003ea:	ec46 5040 	gpioc_bit_out_put r5, r6
100003ee:	4a2e      	ldr	r2, [pc, #184]	@ (100004a8 <main+0x130>)
100003f0:	20fa      	movs	r0, #250	@ 0xfa
100003f2:	6813      	ldr	r3, [r2, #0]
100003f4:	f043 0301 	orr.w	r3, r3, #1
100003f8:	6013      	str	r3, [r2, #0]
100003fa:	f001 f9d9 	bl	100017b0 <sleep_ms>
100003fe:	ec46 5044 	gpioc_bit_oe_put r5, r6
10000402:	f04f 4550 	mov.w	r5, #3489660928	@ 0xd0000000
10000406:	686b      	ldr	r3, [r5, #4]
10000408:	055e      	lsls	r6, r3, #21
1000040a:	d405      	bmi.n	10000418 <main+0xa0>
1000040c:	2001      	movs	r0, #1
1000040e:	f001 f9cf 	bl	100017b0 <sleep_ms>
10000412:	686b      	ldr	r3, [r5, #4]
10000414:	0558      	lsls	r0, r3, #21
10000416:	d5f9      	bpl.n	1000040c <main+0x94>
10000418:	2201      	movs	r2, #1
1000041a:	4d27      	ldr	r5, [pc, #156]	@ (100004b8 <main+0x140>)
1000041c:	4b27      	ldr	r3, [pc, #156]	@ (100004bc <main+0x144>)
1000041e:	200a      	movs	r0, #10
10000420:	4611      	mov	r1, r2
10000422:	f000 f9a3 	bl	1000076c <gpio_set_irq_enabled_with_callback>
10000426:	782b      	ldrb	r3, [r5, #0]
10000428:	b92b      	cbnz	r3, 10000436 <main+0xbe>
1000042a:	2001      	movs	r0, #1
1000042c:	f001 f9c0 	bl	100017b0 <sleep_ms>
10000430:	782b      	ldrb	r3, [r5, #0]
10000432:	2b00      	cmp	r3, #0
10000434:	d0f9      	beq.n	1000042a <main+0xb2>
10000436:	f04f 4650 	mov.w	r6, #3489660928	@ 0xd0000000
1000043a:	6873      	ldr	r3, [r6, #4]
1000043c:	0559      	lsls	r1, r3, #21
1000043e:	d405      	bmi.n	1000044c <main+0xd4>
10000440:	2001      	movs	r0, #1
10000442:	f001 f9b5 	bl	100017b0 <sleep_ms>
10000446:	6873      	ldr	r3, [r6, #4]
10000448:	055a      	lsls	r2, r3, #21
1000044a:	d5f9      	bpl.n	10000440 <main+0xc8>
1000044c:	481c      	ldr	r0, [pc, #112]	@ (100004c0 <main+0x148>)
1000044e:	f001 fecb 	bl	100021e8 <__wrap_puts>
10000452:	2301      	movs	r3, #1
10000454:	f04f 42a0 	mov.w	r2, #1342177280	@ 0x50000000
10000458:	2100      	movs	r1, #0
1000045a:	fa03 f308 	lsl.w	r3, r3, r8
1000045e:	7029      	strb	r1, [r5, #0]
10000460:	4414      	add	r4, r2
10000462:	f8c2 3464 	str.w	r3, [r2, #1124]	@ 0x464
10000466:	68e3      	ldr	r3, [r4, #12]
10000468:	015b      	lsls	r3, r3, #5
1000046a:	d4fc      	bmi.n	10000466 <main+0xee>
1000046c:	4640      	mov	r0, r8
1000046e:	f004 fadf 	bl	10004a30 <dma_channel_unclaim>
10000472:	f04f 4100 	mov.w	r1, #2147483648	@ 0x80000000
10000476:	2010      	movs	r0, #16
10000478:	4b0b      	ldr	r3, [pc, #44]	@ (100004a8 <main+0x130>)
1000047a:	681a      	ldr	r2, [r3, #0]
1000047c:	f022 0201 	bic.w	r2, r2, #1
10000480:	601a      	str	r2, [r3, #0]
10000482:	4a10      	ldr	r2, [pc, #64]	@ (100004c4 <main+0x14c>)
10000484:	f8c7 10d0 	str.w	r1, [r7, #208]	@ 0xd0
10000488:	f8c7 10d0 	str.w	r1, [r7, #208]	@ 0xd0
1000048c:	6010      	str	r0, [r2, #0]
1000048e:	681a      	ldr	r2, [r3, #0]
10000490:	f042 0201 	orr.w	r2, r2, #1
10000494:	601a      	str	r2, [r3, #0]
10000496:	e78c      	b.n	100003b2 <main+0x3a>
10000498:	480b      	ldr	r0, [pc, #44]	@ (100004c8 <main+0x150>)
1000049a:	f001 fea5 	bl	100021e8 <__wrap_puts>
1000049e:	2001      	movs	r0, #1
100004a0:	e8bd 8ff8 	ldmia.w	sp!, {r3, r4, r5, r6, r7, r8, r9, sl, fp, pc}
100004a4:	100050a8 	.word	0x100050a8
100004a8:	50200000 	.word	0x50200000
100004ac:	20004c48 	.word	0x20004c48
100004b0:	50201000 	.word	0x50201000
100004b4:	fc01ffff 	.word	0xfc01ffff
100004b8:	20005937 	.word	0x20005937
100004bc:	10000235 	.word	0x10000235
100004c0:	10004f1c 	.word	0x10004f1c
100004c4:	50202000 	.word	0x50202000
100004c8:	10004f00 	.word	0x10004f00
100004cc:	20000de0 	.word	0x20000de0
100004d0:	50200010 	.word	0x50200010

100004d4 <gpio_default_irq_handler>:
100004d4:	f04f 4250 	mov.w	r2, #3489660928	@ 0xd0000000
100004d8:	e92d 4ff8 	stmdb	sp!, {r3, r4, r5, r6, r7, r8, r9, sl, fp, lr}
100004dc:	4b6e      	ldr	r3, [pc, #440]	@ (10000698 <gpio_default_irq_handler+0x1c4>)
100004de:	f8d2 a000 	ldr.w	sl, [r2]
100004e2:	f853 702a 	ldr.w	r7, [r3, sl, lsl #2]
100004e6:	f1ba 0f00 	cmp.w	sl, #0
100004ea:	d02b      	beq.n	10000544 <gpio_default_irq_handler+0x70>
100004ec:	f8df 81b4 	ldr.w	r8, [pc, #436]	@ 100006a4 <gpio_default_irq_handler+0x1d0>
100004f0:	b367      	cbz	r7, 1000054c <gpio_default_irq_handler+0x78>
100004f2:	2600      	movs	r6, #0
100004f4:	f8df b1a4 	ldr.w	fp, [pc, #420]	@ 1000069c <gpio_default_irq_handler+0x1c8>
100004f8:	f8df 91a4 	ldr.w	r9, [pc, #420]	@ 100006a0 <gpio_default_irq_handler+0x1cc>
100004fc:	08f3      	lsrs	r3, r6, #3
100004fe:	330c      	adds	r3, #12
10000500:	f858 5023 	ldr.w	r5, [r8, r3, lsl #2]
10000504:	4634      	mov	r4, r6
10000506:	3608      	adds	r6, #8
10000508:	b1c5      	cbz	r5, 1000053c <gpio_default_irq_handler+0x68>
1000050a:	f005 010f 	and.w	r1, r5, #15
1000050e:	092d      	lsrs	r5, r5, #4
10000510:	b189      	cbz	r1, 10000536 <gpio_default_irq_handler+0x62>
10000512:	f85b 202a 	ldr.w	r2, [fp, sl, lsl #2]
10000516:	f004 0307 	and.w	r3, r4, #7
1000051a:	40e2      	lsrs	r2, r4
1000051c:	08e0      	lsrs	r0, r4, #3
1000051e:	009b      	lsls	r3, r3, #2
10000520:	07d2      	lsls	r2, r2, #31
10000522:	fa01 f303 	lsl.w	r3, r1, r3
10000526:	f100 0c8c 	add.w	ip, r0, #140	@ 0x8c
1000052a:	d403      	bmi.n	10000534 <gpio_default_irq_handler+0x60>
1000052c:	4620      	mov	r0, r4
1000052e:	f849 302c 	str.w	r3, [r9, ip, lsl #2]
10000532:	47b8      	blx	r7
10000534:	b115      	cbz	r5, 1000053c <gpio_default_irq_handler+0x68>
10000536:	3401      	adds	r4, #1
10000538:	42b4      	cmp	r4, r6
1000053a:	d3e6      	bcc.n	1000050a <gpio_default_irq_handler+0x36>
1000053c:	2e20      	cmp	r6, #32
1000053e:	d1dd      	bne.n	100004fc <gpio_default_irq_handler+0x28>
10000540:	e8bd 8ff8 	ldmia.w	sp!, {r3, r4, r5, r6, r7, r8, r9, sl, fp, pc}
10000544:	f8df 8160 	ldr.w	r8, [pc, #352]	@ 100006a8 <gpio_default_irq_handler+0x1d4>
10000548:	2f00      	cmp	r7, #0
1000054a:	d1d2      	bne.n	100004f2 <gpio_default_irq_handler+0x1e>
1000054c:	4d53      	ldr	r5, [pc, #332]	@ (1000069c <gpio_default_irq_handler+0x1c8>)
1000054e:	08fc      	lsrs	r4, r7, #3
10000550:	f104 030c 	add.w	r3, r4, #12
10000554:	f858 3023 	ldr.w	r3, [r8, r3, lsl #2]
10000558:	f107 0008 	add.w	r0, r7, #8
1000055c:	2b00      	cmp	r3, #0
1000055e:	d07c      	beq.n	1000065a <gpio_default_irq_handler+0x186>
10000560:	f013 060f 	ands.w	r6, r3, #15
10000564:	ea4f 1213 	mov.w	r2, r3, lsr #4
10000568:	d00a      	beq.n	10000580 <gpio_default_irq_handler+0xac>
1000056a:	f855 102a 	ldr.w	r1, [r5, sl, lsl #2]
1000056e:	40f9      	lsrs	r1, r7
10000570:	07c9      	lsls	r1, r1, #31
10000572:	d403      	bmi.n	1000057c <gpio_default_irq_handler+0xa8>
10000574:	494a      	ldr	r1, [pc, #296]	@ (100006a0 <gpio_default_irq_handler+0x1cc>)
10000576:	348c      	adds	r4, #140	@ 0x8c
10000578:	f841 6024 	str.w	r6, [r1, r4, lsl #2]
1000057c:	2a00      	cmp	r2, #0
1000057e:	d06c      	beq.n	1000065a <gpio_default_irq_handler+0x186>
10000580:	f012 020f 	ands.w	r2, r2, #15
10000584:	ea4f 2113 	mov.w	r1, r3, lsr #8
10000588:	d00d      	beq.n	100005a6 <gpio_default_irq_handler+0xd2>
1000058a:	f855 402a 	ldr.w	r4, [r5, sl, lsl #2]
1000058e:	1c7e      	adds	r6, r7, #1
10000590:	40f4      	lsrs	r4, r6
10000592:	07e4      	lsls	r4, r4, #31
10000594:	d405      	bmi.n	100005a2 <gpio_default_irq_handler+0xce>
10000596:	08f4      	lsrs	r4, r6, #3
10000598:	4e41      	ldr	r6, [pc, #260]	@ (100006a0 <gpio_default_irq_handler+0x1cc>)
1000059a:	0112      	lsls	r2, r2, #4
1000059c:	348c      	adds	r4, #140	@ 0x8c
1000059e:	f846 2024 	str.w	r2, [r6, r4, lsl #2]
100005a2:	2900      	cmp	r1, #0
100005a4:	d059      	beq.n	1000065a <gpio_default_irq_handler+0x186>
100005a6:	f011 010f 	ands.w	r1, r1, #15
100005aa:	ea4f 3413 	mov.w	r4, r3, lsr #12
100005ae:	d007      	beq.n	100005c0 <gpio_default_irq_handler+0xec>
100005b0:	f855 202a 	ldr.w	r2, [r5, sl, lsl #2]
100005b4:	1cbe      	adds	r6, r7, #2
100005b6:	40f2      	lsrs	r2, r6
100005b8:	07d2      	lsls	r2, r2, #31
100005ba:	d558      	bpl.n	1000066e <gpio_default_irq_handler+0x19a>
100005bc:	2c00      	cmp	r4, #0
100005be:	d04c      	beq.n	1000065a <gpio_default_irq_handler+0x186>
100005c0:	f014 040f 	ands.w	r4, r4, #15
100005c4:	ea4f 4113 	mov.w	r1, r3, lsr #16
100005c8:	d007      	beq.n	100005da <gpio_default_irq_handler+0x106>
100005ca:	f855 202a 	ldr.w	r2, [r5, sl, lsl #2]
100005ce:	1cfe      	adds	r6, r7, #3
100005d0:	40f2      	lsrs	r2, r6
100005d2:	07d2      	lsls	r2, r2, #31
100005d4:	d552      	bpl.n	1000067c <gpio_default_irq_handler+0x1a8>
100005d6:	2900      	cmp	r1, #0
100005d8:	d03f      	beq.n	1000065a <gpio_default_irq_handler+0x186>
100005da:	f011 010f 	ands.w	r1, r1, #15
100005de:	ea4f 5213 	mov.w	r2, r3, lsr #20
100005e2:	d007      	beq.n	100005f4 <gpio_default_irq_handler+0x120>
100005e4:	4c2d      	ldr	r4, [pc, #180]	@ (1000069c <gpio_default_irq_handler+0x1c8>)
100005e6:	f854 602a 	ldr.w	r6, [r4, sl, lsl #2]
100005ea:	1d3c      	adds	r4, r7, #4
100005ec:	40e6      	lsrs	r6, r4
100005ee:	07f6      	lsls	r6, r6, #31
100005f0:	d54b      	bpl.n	1000068a <gpio_default_irq_handler+0x1b6>
100005f2:	b392      	cbz	r2, 1000065a <gpio_default_irq_handler+0x186>
100005f4:	f012 020f 	ands.w	r2, r2, #15
100005f8:	ea4f 6113 	mov.w	r1, r3, lsr #24
100005fc:	d00d      	beq.n	1000061a <gpio_default_irq_handler+0x146>
100005fe:	4c27      	ldr	r4, [pc, #156]	@ (1000069c <gpio_default_irq_handler+0x1c8>)
10000600:	f854 602a 	ldr.w	r6, [r4, sl, lsl #2]
10000604:	1d7c      	adds	r4, r7, #5
10000606:	40e6      	lsrs	r6, r4
10000608:	07f6      	lsls	r6, r6, #31
1000060a:	d405      	bmi.n	10000618 <gpio_default_irq_handler+0x144>
1000060c:	4e24      	ldr	r6, [pc, #144]	@ (100006a0 <gpio_default_irq_handler+0x1cc>)
1000060e:	08e4      	lsrs	r4, r4, #3
10000610:	0512      	lsls	r2, r2, #20
10000612:	348c      	adds	r4, #140	@ 0x8c
10000614:	f846 2024 	str.w	r2, [r6, r4, lsl #2]
10000618:	b1f9      	cbz	r1, 1000065a <gpio_default_irq_handler+0x186>
1000061a:	f011 010f 	ands.w	r1, r1, #15
1000061e:	ea4f 7313 	mov.w	r3, r3, lsr #28
10000622:	d01f      	beq.n	10000664 <gpio_default_irq_handler+0x190>
10000624:	4c1d      	ldr	r4, [pc, #116]	@ (1000069c <gpio_default_irq_handler+0x1c8>)
10000626:	1dbe      	adds	r6, r7, #6
10000628:	f854 202a 	ldr.w	r2, [r4, sl, lsl #2]
1000062c:	40f2      	lsrs	r2, r6
1000062e:	07d2      	lsls	r2, r2, #31
10000630:	d405      	bmi.n	1000063e <gpio_default_irq_handler+0x16a>
10000632:	08f2      	lsrs	r2, r6, #3
10000634:	4e1a      	ldr	r6, [pc, #104]	@ (100006a0 <gpio_default_irq_handler+0x1cc>)
10000636:	0609      	lsls	r1, r1, #24
10000638:	328c      	adds	r2, #140	@ 0x8c
1000063a:	f846 1022 	str.w	r1, [r6, r2, lsl #2]
1000063e:	3707      	adds	r7, #7
10000640:	b15b      	cbz	r3, 1000065a <gpio_default_irq_handler+0x186>
10000642:	f854 202a 	ldr.w	r2, [r4, sl, lsl #2]
10000646:	40fa      	lsrs	r2, r7
10000648:	07d1      	lsls	r1, r2, #31
1000064a:	d406      	bmi.n	1000065a <gpio_default_irq_handler+0x186>
1000064c:	4914      	ldr	r1, [pc, #80]	@ (100006a0 <gpio_default_irq_handler+0x1cc>)
1000064e:	08ff      	lsrs	r7, r7, #3
10000650:	071b      	lsls	r3, r3, #28
10000652:	f107 028c 	add.w	r2, r7, #140	@ 0x8c
10000656:	f841 3022 	str.w	r3, [r1, r2, lsl #2]
1000065a:	2820      	cmp	r0, #32
1000065c:	f43f af70 	beq.w	10000540 <gpio_default_irq_handler+0x6c>
10000660:	4607      	mov	r7, r0
10000662:	e774      	b.n	1000054e <gpio_default_irq_handler+0x7a>
10000664:	2b00      	cmp	r3, #0
10000666:	d0f8      	beq.n	1000065a <gpio_default_irq_handler+0x186>
10000668:	4c0c      	ldr	r4, [pc, #48]	@ (1000069c <gpio_default_irq_handler+0x1c8>)
1000066a:	3707      	adds	r7, #7
1000066c:	e7e9      	b.n	10000642 <gpio_default_irq_handler+0x16e>
1000066e:	08f2      	lsrs	r2, r6, #3
10000670:	4e0b      	ldr	r6, [pc, #44]	@ (100006a0 <gpio_default_irq_handler+0x1cc>)
10000672:	0209      	lsls	r1, r1, #8
10000674:	328c      	adds	r2, #140	@ 0x8c
10000676:	f846 1022 	str.w	r1, [r6, r2, lsl #2]
1000067a:	e79f      	b.n	100005bc <gpio_default_irq_handler+0xe8>
1000067c:	08f2      	lsrs	r2, r6, #3
1000067e:	4e08      	ldr	r6, [pc, #32]	@ (100006a0 <gpio_default_irq_handler+0x1cc>)
10000680:	0324      	lsls	r4, r4, #12
10000682:	328c      	adds	r2, #140	@ 0x8c
10000684:	f846 4022 	str.w	r4, [r6, r2, lsl #2]
10000688:	e7a5      	b.n	100005d6 <gpio_default_irq_handler+0x102>
1000068a:	4e05      	ldr	r6, [pc, #20]	@ (100006a0 <gpio_default_irq_handler+0x1cc>)
1000068c:	08e4      	lsrs	r4, r4, #3
1000068e:	0409      	lsls	r1, r1, #16
10000690:	348c      	adds	r4, #140	@ 0x8c
10000692:	f846 1024 	str.w	r1, [r6, r4, lsl #2]
10000696:	e7ac      	b.n	100005f2 <gpio_default_irq_handler+0x11e>
10000698:	2000543c 	.word	0x2000543c
1000069c:	20005900 	.word	0x20005900
100006a0:	40028000 	.word	0x40028000
100006a4:	40028290 	.word	0x40028290
100006a8:	40028248 	.word	0x40028248

100006ac <gpio_set_function>:
100006ac:	f44f 7c80 	mov.w	ip, #256	@ 0x100
100006b0:	4b0c      	ldr	r3, [pc, #48]	@ (100006e4 <gpio_set_function+0x38>)
100006b2:	b500      	push	{lr}
100006b4:	f853 2020 	ldr.w	r2, [r3, r0, lsl #2]
100006b8:	eb03 0380 	add.w	r3, r3, r0, lsl #2
100006bc:	00c0      	lsls	r0, r0, #3
100006be:	f082 0240 	eor.w	r2, r2, #64	@ 0x40
100006c2:	f100 4080 	add.w	r0, r0, #1073741824	@ 0x40000000
100006c6:	f503 5e80 	add.w	lr, r3, #4096	@ 0x1000
100006ca:	f002 02c0 	and.w	r2, r2, #192	@ 0xc0
100006ce:	f500 3020 	add.w	r0, r0, #163840	@ 0x28000
100006d2:	f503 5340 	add.w	r3, r3, #12288	@ 0x3000
100006d6:	f8ce 2000 	str.w	r2, [lr]
100006da:	6041      	str	r1, [r0, #4]
100006dc:	f8c3 c000 	str.w	ip, [r3]
100006e0:	bd00      	pop	{pc}
100006e2:	bf00      	nop
100006e4:	40038004 	.word	0x40038004

100006e8 <gpio_set_slew_rate>:
100006e8:	4b05      	ldr	r3, [pc, #20]	@ (10000700 <gpio_set_slew_rate+0x18>)
100006ea:	f853 2020 	ldr.w	r2, [r3, r0, lsl #2]
100006ee:	eb03 0380 	add.w	r3, r3, r0, lsl #2
100006f2:	4051      	eors	r1, r2
100006f4:	f001 0101 	and.w	r1, r1, #1
100006f8:	f503 5380 	add.w	r3, r3, #4096	@ 0x1000
100006fc:	6019      	str	r1, [r3, #0]
100006fe:	4770      	bx	lr
10000700:	40038004 	.word	0x40038004

10000704 <gpio_set_drive_strength>:
10000704:	4b06      	ldr	r3, [pc, #24]	@ (10000720 <gpio_set_drive_strength+0x1c>)
10000706:	f853 2020 	ldr.w	r2, [r3, r0, lsl #2]
1000070a:	eb03 0380 	add.w	r3, r3, r0, lsl #2
1000070e:	ea82 1201 	eor.w	r2, r2, r1, lsl #4
10000712:	f002 0230 	and.w	r2, r2, #48	@ 0x30
10000716:	f503 5380 	add.w	r3, r3, #4096	@ 0x1000
1000071a:	601a      	str	r2, [r3, #0]
1000071c:	4770      	bx	lr
1000071e:	bf00      	nop
10000720:	40038004 	.word	0x40038004

10000724 <gpio_set_irq_enabled>:
10000724:	f04f 4350 	mov.w	r3, #3489660928	@ 0xd0000000
10000728:	681b      	ldr	r3, [r3, #0]
1000072a:	b193      	cbz	r3, 10000752 <gpio_set_irq_enabled+0x2e>
1000072c:	4b0c      	ldr	r3, [pc, #48]	@ (10000760 <gpio_set_irq_enabled+0x3c>)
1000072e:	ea4f 0cd0 	mov.w	ip, r0, lsr #3
10000732:	f000 0007 	and.w	r0, r0, #7
10000736:	0080      	lsls	r0, r0, #2
10000738:	4081      	lsls	r1, r0
1000073a:	480a      	ldr	r0, [pc, #40]	@ (10000764 <gpio_set_irq_enabled+0x40>)
1000073c:	eb03 038c 	add.w	r3, r3, ip, lsl #2
10000740:	f10c 0c8c 	add.w	ip, ip, #140	@ 0x8c
10000744:	f840 102c 	str.w	r1, [r0, ip, lsl #2]
10000748:	b12a      	cbz	r2, 10000756 <gpio_set_irq_enabled+0x32>
1000074a:	f503 5300 	add.w	r3, r3, #8192	@ 0x2000
1000074e:	6019      	str	r1, [r3, #0]
10000750:	4770      	bx	lr
10000752:	4b05      	ldr	r3, [pc, #20]	@ (10000768 <gpio_set_irq_enabled+0x44>)
10000754:	e7eb      	b.n	1000072e <gpio_set_irq_enabled+0xa>
10000756:	f503 5340 	add.w	r3, r3, #12288	@ 0x3000
1000075a:	6019      	str	r1, [r3, #0]
1000075c:	4770      	bx	lr
1000075e:	bf00      	nop
10000760:	40028290 	.word	0x40028290
10000764:	40028000 	.word	0x40028000
10000768:	40028248 	.word	0x40028248

1000076c <gpio_set_irq_enabled_with_callback>:
1000076c:	e92d 41f0 	stmdb	sp!, {r4, r5, r6, r7, r8, lr}
10000770:	f04f 4650 	mov.w	r6, #3489660928	@ 0xd0000000
10000774:	4690      	mov	r8, r2
10000776:	461d      	mov	r5, r3
10000778:	6832      	ldr	r2, [r6, #0]
1000077a:	4b21      	ldr	r3, [pc, #132]	@ (10000800 <gpio_set_irq_enabled_with_callback+0x94>)
1000077c:	460f      	mov	r7, r1
1000077e:	f853 1022 	ldr.w	r1, [r3, r2, lsl #2]
10000782:	4604      	mov	r4, r0
10000784:	b082      	sub	sp, #8
10000786:	b331      	cbz	r1, 100007d6 <gpio_set_irq_enabled_with_callback+0x6a>
10000788:	b38d      	cbz	r5, 100007ee <gpio_set_irq_enabled_with_callback+0x82>
1000078a:	4611      	mov	r1, r2
1000078c:	f843 5022 	str.w	r5, [r3, r2, lsl #2]
10000790:	b1c9      	cbz	r1, 100007c6 <gpio_set_irq_enabled_with_callback+0x5a>
10000792:	4b1c      	ldr	r3, [pc, #112]	@ (10000804 <gpio_set_irq_enabled_with_callback+0x98>)
10000794:	08e1      	lsrs	r1, r4, #3
10000796:	f004 0407 	and.w	r4, r4, #7
1000079a:	481b      	ldr	r0, [pc, #108]	@ (10000808 <gpio_set_irq_enabled_with_callback+0x9c>)
1000079c:	00a4      	lsls	r4, r4, #2
1000079e:	fa07 f404 	lsl.w	r4, r7, r4
100007a2:	eb03 0381 	add.w	r3, r3, r1, lsl #2
100007a6:	318c      	adds	r1, #140	@ 0x8c
100007a8:	f840 4021 	str.w	r4, [r0, r1, lsl #2]
100007ac:	f1b8 0f00 	cmp.w	r8, #0
100007b0:	d00b      	beq.n	100007ca <gpio_set_irq_enabled_with_callback+0x5e>
100007b2:	2101      	movs	r1, #1
100007b4:	2015      	movs	r0, #21
100007b6:	f503 5300 	add.w	r3, r3, #8192	@ 0x2000
100007ba:	601c      	str	r4, [r3, #0]
100007bc:	b002      	add	sp, #8
100007be:	e8bd 41f0 	ldmia.w	sp!, {r4, r5, r6, r7, r8, lr}
100007c2:	f000 b979 	b.w	10000ab8 <irq_set_enabled>
100007c6:	4b11      	ldr	r3, [pc, #68]	@ (1000080c <gpio_set_irq_enabled_with_callback+0xa0>)
100007c8:	e7e4      	b.n	10000794 <gpio_set_irq_enabled_with_callback+0x28>
100007ca:	f503 5340 	add.w	r3, r3, #12288	@ 0x3000
100007ce:	601c      	str	r4, [r3, #0]
100007d0:	b002      	add	sp, #8
100007d2:	e8bd 81f0 	ldmia.w	sp!, {r4, r5, r6, r7, r8, pc}
100007d6:	b145      	cbz	r5, 100007ea <gpio_set_irq_enabled_with_callback+0x7e>
100007d8:	f843 5022 	str.w	r5, [r3, r2, lsl #2]
100007dc:	2015      	movs	r0, #21
100007de:	460a      	mov	r2, r1
100007e0:	490b      	ldr	r1, [pc, #44]	@ (10000810 <gpio_set_irq_enabled_with_callback+0xa4>)
100007e2:	f000 f9e3 	bl	10000bac <irq_add_shared_handler>
100007e6:	6831      	ldr	r1, [r6, #0]
100007e8:	e7d2      	b.n	10000790 <gpio_set_irq_enabled_with_callback+0x24>
100007ea:	4611      	mov	r1, r2
100007ec:	e7d0      	b.n	10000790 <gpio_set_irq_enabled_with_callback+0x24>
100007ee:	4908      	ldr	r1, [pc, #32]	@ (10000810 <gpio_set_irq_enabled_with_callback+0xa4>)
100007f0:	2015      	movs	r0, #21
100007f2:	9201      	str	r2, [sp, #4]
100007f4:	f000 fad4 	bl	10000da0 <irq_remove_handler>
100007f8:	6831      	ldr	r1, [r6, #0]
100007fa:	9a01      	ldr	r2, [sp, #4]
100007fc:	4b00      	ldr	r3, [pc, #0]	@ (10000800 <gpio_set_irq_enabled_with_callback+0x94>)
100007fe:	e7c5      	b.n	1000078c <gpio_set_irq_enabled_with_callback+0x20>
10000800:	2000543c 	.word	0x2000543c
10000804:	40028290 	.word	0x40028290
10000808:	40028000 	.word	0x40028000
1000080c:	40028248 	.word	0x40028248
10000810:	100004d5 	.word	0x100004d5

10000814 <gpio_set_input_enabled>:
10000814:	4b06      	ldr	r3, [pc, #24]	@ (10000830 <gpio_set_input_enabled+0x1c>)
10000816:	2240      	movs	r2, #64	@ 0x40
10000818:	eb03 0380 	add.w	r3, r3, r0, lsl #2
1000081c:	b119      	cbz	r1, 10000826 <gpio_set_input_enabled+0x12>
1000081e:	f503 5300 	add.w	r3, r3, #8192	@ 0x2000
10000822:	601a      	str	r2, [r3, #0]
10000824:	4770      	bx	lr
10000826:	f503 5340 	add.w	r3, r3, #12288	@ 0x3000
1000082a:	601a      	str	r2, [r3, #0]
1000082c:	4770      	bx	lr
1000082e:	bf00      	nop
10000830:	40038004 	.word	0x40038004

10000834 <gpio_init>:
10000834:	f04f 0300 	mov.w	r3, #0
10000838:	b500      	push	{lr}
1000083a:	ec43 0044 	gpioc_bit_oe_put r0, r3
1000083e:	ec43 0040 	gpioc_bit_out_put r0, r3
10000842:	f04f 0e05 	mov.w	lr, #5
10000846:	f44f 7c80 	mov.w	ip, #256	@ 0x100
1000084a:	4b0c      	ldr	r3, [pc, #48]	@ (1000087c <gpio_init+0x48>)
1000084c:	00c2      	lsls	r2, r0, #3
1000084e:	f853 1020 	ldr.w	r1, [r3, r0, lsl #2]
10000852:	eb03 0080 	add.w	r0, r3, r0, lsl #2
10000856:	f081 0140 	eor.w	r1, r1, #64	@ 0x40
1000085a:	f102 4380 	add.w	r3, r2, #1073741824	@ 0x40000000
1000085e:	f503 3320 	add.w	r3, r3, #163840	@ 0x28000
10000862:	f001 02c0 	and.w	r2, r1, #192	@ 0xc0
10000866:	f500 5180 	add.w	r1, r0, #4096	@ 0x1000
1000086a:	f500 5040 	add.w	r0, r0, #12288	@ 0x3000
1000086e:	600a      	str	r2, [r1, #0]
10000870:	f8c3 e004 	str.w	lr, [r3, #4]
10000874:	f8c0 c000 	str.w	ip, [r0]
10000878:	bd00      	pop	{pc}
1000087a:	bf00      	nop
1000087c:	40038004 	.word	0x40038004

10000880 <panic>:
10000880:	b40f      	push	{r0, r1, r2, r3}
10000882:	b500      	push	{lr}
10000884:	4808      	ldr	r0, [pc, #32]	@ (100008a8 <panic+0x28>)
10000886:	b083      	sub	sp, #12
10000888:	f001 fcae 	bl	100021e8 <__wrap_puts>
1000088c:	9b04      	ldr	r3, [sp, #16]
1000088e:	b13b      	cbz	r3, 100008a0 <panic+0x20>
10000890:	a905      	add	r1, sp, #20
10000892:	4618      	mov	r0, r3
10000894:	9101      	str	r1, [sp, #4]
10000896:	f001 fb45 	bl	10001f24 <weak_raw_vprintf>
1000089a:	4804      	ldr	r0, [pc, #16]	@ (100008ac <panic+0x2c>)
1000089c:	f001 fca4 	bl	100021e8 <__wrap_puts>
100008a0:	2001      	movs	r0, #1
100008a2:	f001 fb57 	bl	10001f54 <_exit>
100008a6:	bf00      	nop
100008a8:	10004f2c 	.word	0x10004f2c
100008ac:	10004f3c 	.word	0x10004f3c

100008b0 <hw_claim_lock>:
100008b0:	f3ef 8010 	mrs	r0, PRIMASK
100008b4:	b672      	cpsid	i
100008b6:	4b06      	ldr	r3, [pc, #24]	@ (100008d0 <hw_claim_lock+0x20>)
100008b8:	e8d3 1fcf 	ldaexb	r1, [r3]
100008bc:	2201      	movs	r2, #1
100008be:	2900      	cmp	r1, #0
100008c0:	d1fa      	bne.n	100008b8 <hw_claim_lock+0x8>
100008c2:	e8c3 2f41 	strexb	r1, r2, [r3]
100008c6:	2900      	cmp	r1, #0
100008c8:	d1f6      	bne.n	100008b8 <hw_claim_lock+0x8>
100008ca:	f3bf 8f5f 	dmb	sy
100008ce:	4770      	bx	lr
100008d0:	20005027 	.word	0x20005027

100008d4 <hw_claim_unlock>:
100008d4:	2300      	movs	r3, #0
100008d6:	4a03      	ldr	r2, [pc, #12]	@ (100008e4 <hw_claim_unlock+0x10>)
100008d8:	e8c2 3f8f 	stlb	r3, [r2]
100008dc:	f380 8810 	msr	PRIMASK, r0
100008e0:	4770      	bx	lr
100008e2:	bf00      	nop
100008e4:	20005027 	.word	0x20005027

100008e8 <hw_claim_or_assert>:
100008e8:	b570      	push	{r4, r5, r6, lr}
100008ea:	4616      	mov	r6, r2
100008ec:	f3ef 8410 	mrs	r4, PRIMASK
100008f0:	b672      	cpsid	i
100008f2:	f8df e048 	ldr.w	lr, [pc, #72]	@ 1000093c <hw_claim_or_assert+0x54>
100008f6:	e8de 2fcf 	ldaexb	r2, [lr]
100008fa:	2301      	movs	r3, #1
100008fc:	2a00      	cmp	r2, #0
100008fe:	d1fa      	bne.n	100008f6 <hw_claim_or_assert+0xe>
10000900:	e8ce 3f42 	strexb	r2, r3, [lr]
10000904:	2a00      	cmp	r2, #0
10000906:	d1f6      	bne.n	100008f6 <hw_claim_or_assert+0xe>
10000908:	f3bf 8f5f 	dmb	sy
1000090c:	2301      	movs	r3, #1
1000090e:	f001 0c07 	and.w	ip, r1, #7
10000912:	08ca      	lsrs	r2, r1, #3
10000914:	fa03 f30c 	lsl.w	r3, r3, ip
10000918:	f810 c002 	ldrb.w	ip, [r0, r2]
1000091c:	ea1c 0503 	ands.w	r5, ip, r3
10000920:	d108      	bne.n	10000934 <hw_claim_or_assert+0x4c>
10000922:	ea4c 0c03 	orr.w	ip, ip, r3
10000926:	f800 c002 	strb.w	ip, [r0, r2]
1000092a:	e8ce 5f8f 	stlb	r5, [lr]
1000092e:	f384 8810 	msr	PRIMASK, r4
10000932:	bd70      	pop	{r4, r5, r6, pc}
10000934:	4630      	mov	r0, r6
10000936:	f7ff ffa3 	bl	10000880 <panic>
1000093a:	bf00      	nop
1000093c:	20005027 	.word	0x20005027

10000940 <hw_claim_unused_from_range>:
10000940:	b5f8      	push	{r3, r4, r5, r6, r7, lr}
10000942:	460f      	mov	r7, r1
10000944:	4619      	mov	r1, r3
10000946:	f3ef 8610 	mrs	r6, PRIMASK
1000094a:	b672      	cpsid	i
1000094c:	4d1c      	ldr	r5, [pc, #112]	@ (100009c0 <hw_claim_unused_from_range+0x80>)
1000094e:	e8d5 4fcf 	ldaexb	r4, [r5]
10000952:	2301      	movs	r3, #1
10000954:	2c00      	cmp	r4, #0
10000956:	d1fa      	bne.n	1000094e <hw_claim_unused_from_range+0xe>
10000958:	e8c5 3f44 	strexb	r4, r3, [r5]
1000095c:	2c00      	cmp	r4, #0
1000095e:	d1f6      	bne.n	1000094e <hw_claim_unused_from_range+0xe>
10000960:	f3bf 8f5f 	dmb	sy
10000964:	428a      	cmp	r2, r1
10000966:	d81b      	bhi.n	100009a0 <hw_claim_unused_from_range+0x60>
10000968:	2401      	movs	r4, #1
1000096a:	e002      	b.n	10000972 <hw_claim_unused_from_range+0x32>
1000096c:	3201      	adds	r2, #1
1000096e:	4291      	cmp	r1, r2
10000970:	d322      	bcc.n	100009b8 <hw_claim_unused_from_range+0x78>
10000972:	08d3      	lsrs	r3, r2, #3
10000974:	f810 e003 	ldrb.w	lr, [r0, r3]
10000978:	f002 0c07 	and.w	ip, r2, #7
1000097c:	fa04 fc0c 	lsl.w	ip, r4, ip
10000980:	ea1e 0f0c 	tst.w	lr, ip
10000984:	d1f2      	bne.n	1000096c <hw_claim_unused_from_range+0x2c>
10000986:	ea4e 0e0c 	orr.w	lr, lr, ip
1000098a:	f800 e003 	strb.w	lr, [r0, r3]
1000098e:	4610      	mov	r0, r2
10000990:	2300      	movs	r3, #0
10000992:	e8c5 3f8f 	stlb	r3, [r5]
10000996:	f386 8810 	msr	PRIMASK, r6
1000099a:	4298      	cmp	r0, r3
1000099c:	db07      	blt.n	100009ae <hw_claim_unused_from_range+0x6e>
1000099e:	bdf8      	pop	{r3, r4, r5, r6, r7, pc}
100009a0:	2300      	movs	r3, #0
100009a2:	e8c5 3f8f 	stlb	r3, [r5]
100009a6:	f386 8810 	msr	PRIMASK, r6
100009aa:	f04f 30ff 	mov.w	r0, #4294967295	@ 0xffffffff
100009ae:	2f00      	cmp	r7, #0
100009b0:	d0f5      	beq.n	1000099e <hw_claim_unused_from_range+0x5e>
100009b2:	9806      	ldr	r0, [sp, #24]
100009b4:	f7ff ff64 	bl	10000880 <panic>
100009b8:	f04f 30ff 	mov.w	r0, #4294967295	@ 0xffffffff
100009bc:	e7e8      	b.n	10000990 <hw_claim_unused_from_range+0x50>
100009be:	bf00      	nop
100009c0:	20005027 	.word	0x20005027

100009c4 <hw_claim_clear>:
100009c4:	b500      	push	{lr}
100009c6:	f3ef 8e10 	mrs	lr, PRIMASK
100009ca:	b672      	cpsid	i
100009cc:	4b10      	ldr	r3, [pc, #64]	@ (10000a10 <hw_claim_clear+0x4c>)
100009ce:	e8d3 cfcf 	ldaexb	ip, [r3]
100009d2:	2201      	movs	r2, #1
100009d4:	f1bc 0f00 	cmp.w	ip, #0
100009d8:	d1f9      	bne.n	100009ce <hw_claim_clear+0xa>
100009da:	e8c3 2f4c 	strexb	ip, r2, [r3]
100009de:	f1bc 0f00 	cmp.w	ip, #0
100009e2:	d1f4      	bne.n	100009ce <hw_claim_clear+0xa>
100009e4:	f3bf 8f5f 	dmb	sy
100009e8:	2201      	movs	r2, #1
100009ea:	ea4f 0cd1 	mov.w	ip, r1, lsr #3
100009ee:	f001 0107 	and.w	r1, r1, #7
100009f2:	fa02 f101 	lsl.w	r1, r2, r1
100009f6:	f810 200c 	ldrb.w	r2, [r0, ip]
100009fa:	ea22 0201 	bic.w	r2, r2, r1
100009fe:	f800 200c 	strb.w	r2, [r0, ip]
10000a02:	2200      	movs	r2, #0
10000a04:	e8c3 2f8f 	stlb	r2, [r3]
10000a08:	f38e 8810 	msr	PRIMASK, lr
10000a0c:	bd00      	pop	{pc}
10000a0e:	bf00      	nop
10000a10:	20005027 	.word	0x20005027

10000a14 <next_striped_spin_lock_num>:
10000a14:	4a04      	ldr	r2, [pc, #16]	@ (10000a28 <next_striped_spin_lock_num+0x14>)
10000a16:	7810      	ldrb	r0, [r2, #0]
10000a18:	1c43      	adds	r3, r0, #1
10000a1a:	b2db      	uxtb	r3, r3
10000a1c:	2b18      	cmp	r3, #24
10000a1e:	bf28      	it	cs
10000a20:	2310      	movcs	r3, #16
10000a22:	7013      	strb	r3, [r2, #0]
10000a24:	4770      	bx	lr
10000a26:	bf00      	nop
10000a28:	20004c48 	.word	0x20004c48

10000a2c <spin_lock_claim_unused>:
10000a2c:	b500      	push	{lr}
10000a2e:	f8df c01c 	ldr.w	ip, [pc, #28]	@ 10000a4c <spin_lock_claim_unused+0x20>
10000a32:	b083      	sub	sp, #12
10000a34:	4601      	mov	r1, r0
10000a36:	231f      	movs	r3, #31
10000a38:	2218      	movs	r2, #24
10000a3a:	f8cd c000 	str.w	ip, [sp]
10000a3e:	4802      	ldr	r0, [pc, #8]	@ (10000a48 <spin_lock_claim_unused+0x1c>)
10000a40:	f7ff ff7e 	bl	10000940 <hw_claim_unused_from_range>
10000a44:	b003      	add	sp, #12
10000a46:	bd00      	pop	{pc}
10000a48:	2000544c 	.word	0x2000544c
10000a4c:	10004f40 	.word	0x10004f40

10000a50 <spinlock_set_extexclall>:
10000a50:	f04f 22e0 	mov.w	r2, #3758153728	@ 0xe000e000
10000a54:	6893      	ldr	r3, [r2, #8]
10000a56:	f043 5300 	orr.w	r3, r3, #536870912	@ 0x20000000
10000a5a:	6093      	str	r3, [r2, #8]
10000a5c:	4770      	bx	lr
10000a5e:	bf00      	nop

10000a60 <spin_locks_reset>:
10000a60:	2100      	movs	r1, #0
10000a62:	4b04      	ldr	r3, [pc, #16]	@ (10000a74 <spin_locks_reset+0x14>)
10000a64:	f103 0220 	add.w	r2, r3, #32
10000a68:	e8c3 1f8f 	stlb	r1, [r3]
10000a6c:	3301      	adds	r3, #1
10000a6e:	4293      	cmp	r3, r2
10000a70:	d1fa      	bne.n	10000a68 <spin_locks_reset+0x8>
10000a72:	4770      	bx	lr
10000a74:	2000501c 	.word	0x2000501c

10000a78 <runtime_init_per_core_irq_priorities>:
10000a78:	f04f 23e0 	mov.w	r3, #3758153728	@ 0xe000e000
10000a7c:	f04f 3280 	mov.w	r2, #2155905152	@ 0x80808080
10000a80:	f8c3 2400 	str.w	r2, [r3, #1024]	@ 0x400
10000a84:	f8c3 2404 	str.w	r2, [r3, #1028]	@ 0x404
10000a88:	f8c3 2408 	str.w	r2, [r3, #1032]	@ 0x408
10000a8c:	f8c3 240c 	str.w	r2, [r3, #1036]	@ 0x40c
10000a90:	f8c3 2410 	str.w	r2, [r3, #1040]	@ 0x410
10000a94:	f8c3 2414 	str.w	r2, [r3, #1044]	@ 0x414
10000a98:	f8c3 2418 	str.w	r2, [r3, #1048]	@ 0x418
10000a9c:	f8c3 241c 	str.w	r2, [r3, #1052]	@ 0x41c
10000aa0:	f8c3 2420 	str.w	r2, [r3, #1056]	@ 0x420
10000aa4:	f8c3 2424 	str.w	r2, [r3, #1060]	@ 0x424
10000aa8:	f8c3 2428 	str.w	r2, [r3, #1064]	@ 0x428
10000aac:	f8c3 242c 	str.w	r2, [r3, #1068]	@ 0x42c
10000ab0:	f8c3 2430 	str.w	r2, [r3, #1072]	@ 0x430
10000ab4:	b662      	cpsie	i
10000ab6:	4770      	bx	lr

10000ab8 <irq_set_enabled>:
10000ab8:	2301      	movs	r3, #1
10000aba:	f000 021f 	and.w	r2, r0, #31
10000abe:	4093      	lsls	r3, r2
10000ac0:	0940      	lsrs	r0, r0, #5
10000ac2:	b141      	cbz	r1, 10000ad6 <irq_set_enabled+0x1e>
10000ac4:	0080      	lsls	r0, r0, #2
10000ac6:	f100 4060 	add.w	r0, r0, #3758096384	@ 0xe0000000
10000aca:	f500 4061 	add.w	r0, r0, #57600	@ 0xe100
10000ace:	f8c0 3180 	str.w	r3, [r0, #384]	@ 0x180
10000ad2:	6003      	str	r3, [r0, #0]
10000ad4:	4770      	bx	lr
10000ad6:	4a02      	ldr	r2, [pc, #8]	@ (10000ae0 <irq_set_enabled+0x28>)
10000ad8:	3020      	adds	r0, #32
10000ada:	f842 3020 	str.w	r3, [r2, r0, lsl #2]
10000ade:	4770      	bx	lr
10000ae0:	e000e100 	.word	0xe000e100

10000ae4 <irq_is_enabled>:
10000ae4:	2301      	movs	r3, #1
10000ae6:	4a06      	ldr	r2, [pc, #24]	@ (10000b00 <irq_is_enabled+0x1c>)
10000ae8:	0941      	lsrs	r1, r0, #5
10000aea:	f852 2021 	ldr.w	r2, [r2, r1, lsl #2]
10000aee:	f000 001f 	and.w	r0, r0, #31
10000af2:	4083      	lsls	r3, r0
10000af4:	4213      	tst	r3, r2
10000af6:	bf14      	ite	ne
10000af8:	2001      	movne	r0, #1
10000afa:	2000      	moveq	r0, #0
10000afc:	4770      	bx	lr
10000afe:	bf00      	nop
10000b00:	e000e100 	.word	0xe000e100

10000b04 <irq_set_pending>:
10000b04:	2201      	movs	r2, #1
10000b06:	0943      	lsrs	r3, r0, #5
10000b08:	4903      	ldr	r1, [pc, #12]	@ (10000b18 <irq_set_pending+0x14>)
10000b0a:	f000 001f 	and.w	r0, r0, #31
10000b0e:	4082      	lsls	r2, r0
10000b10:	3340      	adds	r3, #64	@ 0x40
10000b12:	f841 2023 	str.w	r2, [r1, r3, lsl #2]
10000b16:	4770      	bx	lr
10000b18:	e000e100 	.word	0xe000e100

10000b1c <irq_has_shared_handler>:
10000b1c:	4a05      	ldr	r2, [pc, #20]	@ (10000b34 <irq_has_shared_handler+0x18>)
10000b1e:	3010      	adds	r0, #16
10000b20:	6892      	ldr	r2, [r2, #8]
10000b22:	4b05      	ldr	r3, [pc, #20]	@ (10000b38 <irq_has_shared_handler+0x1c>)
10000b24:	f852 0020 	ldr.w	r0, [r2, r0, lsl #2]
10000b28:	1ac0      	subs	r0, r0, r3
10000b2a:	282f      	cmp	r0, #47	@ 0x2f
10000b2c:	bf8c      	ite	hi
10000b2e:	2000      	movhi	r0, #0
10000b30:	2001      	movls	r0, #1
10000b32:	4770      	bx	lr
10000b34:	e000ed00 	.word	0xe000ed00
10000b38:	20004c4c 	.word	0x20004c4c

10000b3c <irq_set_exclusive_handler>:
10000b3c:	b510      	push	{r4, lr}
10000b3e:	b082      	sub	sp, #8
10000b40:	f3ef 8410 	mrs	r4, PRIMASK
10000b44:	b672      	cpsid	i
10000b46:	4b16      	ldr	r3, [pc, #88]	@ (10000ba0 <irq_set_exclusive_handler+0x64>)
10000b48:	e8d3 cfcf 	ldaexb	ip, [r3]
10000b4c:	2201      	movs	r2, #1
10000b4e:	f1bc 0f00 	cmp.w	ip, #0
10000b52:	d1f9      	bne.n	10000b48 <irq_set_exclusive_handler+0xc>
10000b54:	e8c3 2f4c 	strexb	ip, r2, [r3]
10000b58:	f1bc 0f00 	cmp.w	ip, #0
10000b5c:	d1f4      	bne.n	10000b48 <irq_set_exclusive_handler+0xc>
10000b5e:	f3bf 8f5f 	dmb	sy
10000b62:	4a10      	ldr	r2, [pc, #64]	@ (10000ba4 <irq_set_exclusive_handler+0x68>)
10000b64:	3010      	adds	r0, #16
10000b66:	6892      	ldr	r2, [r2, #8]
10000b68:	f8df c03c 	ldr.w	ip, [pc, #60]	@ 10000ba8 <irq_set_exclusive_handler+0x6c>
10000b6c:	f852 2020 	ldr.w	r2, [r2, r0, lsl #2]
10000b70:	4562      	cmp	r2, ip
10000b72:	d008      	beq.n	10000b86 <irq_set_exclusive_handler+0x4a>
10000b74:	4291      	cmp	r1, r2
10000b76:	d006      	beq.n	10000b86 <irq_set_exclusive_handler+0x4a>
10000b78:	e9cd 0100 	strd	r0, r1, [sp]
10000b7c:	f001 f8bc 	bl	10001cf8 <hard_assertion_failure>
10000b80:	9901      	ldr	r1, [sp, #4]
10000b82:	4b07      	ldr	r3, [pc, #28]	@ (10000ba0 <irq_set_exclusive_handler+0x64>)
10000b84:	9800      	ldr	r0, [sp, #0]
10000b86:	4a07      	ldr	r2, [pc, #28]	@ (10000ba4 <irq_set_exclusive_handler+0x68>)
10000b88:	6892      	ldr	r2, [r2, #8]
10000b8a:	f842 1020 	str.w	r1, [r2, r0, lsl #2]
10000b8e:	f3bf 8f5f 	dmb	sy
10000b92:	2200      	movs	r2, #0
10000b94:	e8c3 2f8f 	stlb	r2, [r3]
10000b98:	f384 8810 	msr	PRIMASK, r4
10000b9c:	b002      	add	sp, #8
10000b9e:	bd10      	pop	{r4, pc}
10000ba0:	20005025 	.word	0x20005025
10000ba4:	e000ed00 	.word	0xe000ed00
10000ba8:	10000111 	.word	0x10000111

10000bac <irq_add_shared_handler>:
10000bac:	e92d 4ff0 	stmdb	sp!, {r4, r5, r6, r7, r8, r9, sl, fp, lr}
10000bb0:	4606      	mov	r6, r0
10000bb2:	468a      	mov	sl, r1
10000bb4:	4615      	mov	r5, r2
10000bb6:	b083      	sub	sp, #12
10000bb8:	f3ef 8810 	mrs	r8, PRIMASK
10000bbc:	b672      	cpsid	i
10000bbe:	4f71      	ldr	r7, [pc, #452]	@ (10000d84 <irq_add_shared_handler+0x1d8>)
10000bc0:	e8d7 2fcf 	ldaexb	r2, [r7]
10000bc4:	2301      	movs	r3, #1
10000bc6:	2a00      	cmp	r2, #0
10000bc8:	d1fa      	bne.n	10000bc0 <irq_add_shared_handler+0x14>
10000bca:	e8c7 3f42 	strexb	r2, r3, [r7]
10000bce:	2a00      	cmp	r2, #0
10000bd0:	d1f6      	bne.n	10000bc0 <irq_add_shared_handler+0x14>
10000bd2:	f3bf 8f5f 	dmb	sy
10000bd6:	496c      	ldr	r1, [pc, #432]	@ (10000d88 <irq_add_shared_handler+0x1dc>)
10000bd8:	f991 2000 	ldrsb.w	r2, [r1]
10000bdc:	2a00      	cmp	r2, #0
10000bde:	db7b      	blt.n	10000cd8 <irq_add_shared_handler+0x12c>
10000be0:	486a      	ldr	r0, [pc, #424]	@ (10000d8c <irq_add_shared_handler+0x1e0>)
10000be2:	eb02 0442 	add.w	r4, r2, r2, lsl #1
10000be6:	eb00 0384 	add.w	r3, r0, r4, lsl #2
10000bea:	f893 c006 	ldrb.w	ip, [r3, #6]
10000bee:	3610      	adds	r6, #16
10000bf0:	f881 c000 	strb.w	ip, [r1]
10000bf4:	4966      	ldr	r1, [pc, #408]	@ (10000d90 <irq_add_shared_handler+0x1e4>)
10000bf6:	00a4      	lsls	r4, r4, #2
10000bf8:	6889      	ldr	r1, [r1, #8]
10000bfa:	ea4f 0b42 	mov.w	fp, r2, lsl #1
10000bfe:	f851 e026 	ldr.w	lr, [r1, r6, lsl #2]
10000c02:	ebae 0100 	sub.w	r1, lr, r0
10000c06:	292f      	cmp	r1, #47	@ 0x2f
10000c08:	d92e      	bls.n	10000c68 <irq_add_shared_handler+0xbc>
10000c0a:	4962      	ldr	r1, [pc, #392]	@ (10000d94 <irq_add_shared_handler+0x1e8>)
10000c0c:	458e      	cmp	lr, r1
10000c0e:	f040 8084 	bne.w	10000d1a <irq_add_shared_handler+0x16e>
10000c12:	f043 0e01 	orr.w	lr, r3, #1
10000c16:	4b60      	ldr	r3, [pc, #384]	@ (10000d98 <irq_add_shared_handler+0x1ec>)
10000c18:	3402      	adds	r4, #2
10000c1a:	4404      	add	r4, r0
10000c1c:	3b04      	subs	r3, #4
10000c1e:	1b1b      	subs	r3, r3, r4
10000c20:	f3c3 034a 	ubfx	r3, r3, #1, #11
10000c24:	ea6f 43c3 	mvn.w	r3, r3, lsl #19
10000c28:	f44f 4121 	mov.w	r1, #41216	@ 0xa100
10000c2c:	ea6f 43d3 	mvn.w	r3, r3, lsr #19
10000c30:	445a      	add	r2, fp
10000c32:	f820 1022 	strh.w	r1, [r0, r2, lsl #2]
10000c36:	eb00 0282 	add.w	r2, r0, r2, lsl #2
10000c3a:	8053      	strh	r3, [r2, #2]
10000c3c:	f64b 5301 	movw	r3, #48385	@ 0xbd01
10000c40:	8093      	strh	r3, [r2, #4]
10000c42:	23ff      	movs	r3, #255	@ 0xff
10000c44:	71d5      	strb	r5, [r2, #7]
10000c46:	f8c2 a008 	str.w	sl, [r2, #8]
10000c4a:	7193      	strb	r3, [r2, #6]
10000c4c:	4b50      	ldr	r3, [pc, #320]	@ (10000d90 <irq_add_shared_handler+0x1e4>)
10000c4e:	689b      	ldr	r3, [r3, #8]
10000c50:	f843 e026 	str.w	lr, [r3, r6, lsl #2]
10000c54:	f3bf 8f5f 	dmb	sy
10000c58:	2300      	movs	r3, #0
10000c5a:	e8c7 3f8f 	stlb	r3, [r7]
10000c5e:	f388 8810 	msr	PRIMASK, r8
10000c62:	b003      	add	sp, #12
10000c64:	e8bd 8ff0 	ldmia.w	sp!, {r4, r5, r6, r7, r8, r9, sl, fp, pc}
10000c68:	f02e 0c01 	bic.w	ip, lr, #1
10000c6c:	f89c 1007 	ldrb.w	r1, [ip, #7]
10000c70:	42a9      	cmp	r1, r5
10000c72:	d95a      	bls.n	10000d2a <irq_add_shared_handler+0x17e>
10000c74:	46b1      	mov	r9, r6
10000c76:	9401      	str	r4, [sp, #4]
10000c78:	461e      	mov	r6, r3
10000c7a:	e003      	b.n	10000c84 <irq_add_shared_handler+0xd8>
10000c7c:	79cb      	ldrb	r3, [r1, #7]
10000c7e:	42ab      	cmp	r3, r5
10000c80:	d930      	bls.n	10000ce4 <irq_add_shared_handler+0x138>
10000c82:	468c      	mov	ip, r1
10000c84:	f99c 4006 	ldrsb.w	r4, [ip, #6]
10000c88:	eb04 0144 	add.w	r1, r4, r4, lsl #1
10000c8c:	2c00      	cmp	r4, #0
10000c8e:	eb00 0181 	add.w	r1, r0, r1, lsl #2
10000c92:	daf3      	bge.n	10000c7c <irq_add_shared_handler+0xd0>
10000c94:	9400      	str	r4, [sp, #0]
10000c96:	f64b 5401 	movw	r4, #48385	@ 0xbd01
10000c9a:	4633      	mov	r3, r6
10000c9c:	464e      	mov	r6, r9
10000c9e:	f10c 0904 	add.w	r9, ip, #4
10000ca2:	3b04      	subs	r3, #4
10000ca4:	eba3 0309 	sub.w	r3, r3, r9
10000ca8:	f3c3 034a 	ubfx	r3, r3, #1, #11
10000cac:	ea6f 43c3 	mvn.w	r3, r3, lsl #19
10000cb0:	ea6f 43d3 	mvn.w	r3, r3, lsr #19
10000cb4:	f8ac 3004 	strh.w	r3, [ip, #4]
10000cb8:	4b38      	ldr	r3, [pc, #224]	@ (10000d9c <irq_add_shared_handler+0x1f0>)
10000cba:	eb0b 0102 	add.w	r1, fp, r2
10000cbe:	f88c 2006 	strb.w	r2, [ip, #6]
10000cc2:	f840 3021 	str.w	r3, [r0, r1, lsl #2]
10000cc6:	9b00      	ldr	r3, [sp, #0]
10000cc8:	eb00 0281 	add.w	r2, r0, r1, lsl #2
10000ccc:	8094      	strh	r4, [r2, #4]
10000cce:	7193      	strb	r3, [r2, #6]
10000cd0:	71d5      	strb	r5, [r2, #7]
10000cd2:	f8c2 a008 	str.w	sl, [r2, #8]
10000cd6:	e7b9      	b.n	10000c4c <irq_add_shared_handler+0xa0>
10000cd8:	f001 f80e 	bl	10001cf8 <hard_assertion_failure>
10000cdc:	492a      	ldr	r1, [pc, #168]	@ (10000d88 <irq_add_shared_handler+0x1dc>)
10000cde:	f991 2000 	ldrsb.w	r2, [r1]
10000ce2:	e77d      	b.n	10000be0 <irq_add_shared_handler+0x34>
10000ce4:	f06f 0107 	mvn.w	r1, #7
10000ce8:	9400      	str	r4, [sp, #0]
10000cea:	9c01      	ldr	r4, [sp, #4]
10000cec:	4633      	mov	r3, r6
10000cee:	1b0c      	subs	r4, r1, r4
10000cf0:	4661      	mov	r1, ip
10000cf2:	1a24      	subs	r4, r4, r0
10000cf4:	9401      	str	r4, [sp, #4]
10000cf6:	f831 4f04 	ldrh.w	r4, [r1, #4]!
10000cfa:	464e      	mov	r6, r9
10000cfc:	f344 040a 	sbfx	r4, r4, #0, #11
10000d00:	3402      	adds	r4, #2
10000d02:	eb01 0444 	add.w	r4, r1, r4, lsl #1
10000d06:	4689      	mov	r9, r1
10000d08:	9901      	ldr	r1, [sp, #4]
10000d0a:	440c      	add	r4, r1
10000d0c:	f3c4 044a 	ubfx	r4, r4, #1, #11
10000d10:	ea6f 44c4 	mvn.w	r4, r4, lsl #19
10000d14:	ea6f 44d4 	mvn.w	r4, r4, lsr #19
10000d18:	e7c3      	b.n	10000ca2 <irq_add_shared_handler+0xf6>
10000d1a:	e9cd 2300 	strd	r2, r3, [sp]
10000d1e:	f000 ffeb 	bl	10001cf8 <hard_assertion_failure>
10000d22:	e9dd 2300 	ldrd	r2, r3, [sp]
10000d26:	4819      	ldr	r0, [pc, #100]	@ (10000d8c <irq_add_shared_handler+0x1e0>)
10000d28:	e773      	b.n	10000c12 <irq_add_shared_handler+0x66>
10000d2a:	4a1b      	ldr	r2, [pc, #108]	@ (10000d98 <irq_add_shared_handler+0x1ec>)
10000d2c:	1ca1      	adds	r1, r4, #2
10000d2e:	71dd      	strb	r5, [r3, #7]
10000d30:	4401      	add	r1, r0
10000d32:	3a04      	subs	r2, #4
10000d34:	1d25      	adds	r5, r4, #4
10000d36:	1a52      	subs	r2, r2, r1
10000d38:	4405      	add	r5, r0
10000d3a:	f1ac 0104 	sub.w	r1, ip, #4
10000d3e:	1b49      	subs	r1, r1, r5
10000d40:	f3c1 014a 	ubfx	r1, r1, #1, #11
10000d44:	ea6f 41c1 	mvn.w	r1, r1, lsl #19
10000d48:	f3c2 024a 	ubfx	r2, r2, #1, #11
10000d4c:	ea6f 42c2 	mvn.w	r2, r2, lsl #19
10000d50:	ea6f 41d1 	mvn.w	r1, r1, lsr #19
10000d54:	f44f 4e21 	mov.w	lr, #41216	@ 0xa100
10000d58:	ea6f 42d2 	mvn.w	r2, r2, lsr #19
10000d5c:	8099      	strh	r1, [r3, #4]
10000d5e:	490f      	ldr	r1, [pc, #60]	@ (10000d9c <irq_add_shared_handler+0x1f0>)
10000d60:	f820 e004 	strh.w	lr, [r0, r4]
10000d64:	805a      	strh	r2, [r3, #2]
10000d66:	f64a 25aa 	movw	r5, #43690	@ 0xaaaa
10000d6a:	4662      	mov	r2, ip
10000d6c:	1a12      	subs	r2, r2, r0
10000d6e:	4152      	adcs	r2, r2
10000d70:	4355      	muls	r5, r2
10000d72:	0d2d      	lsrs	r5, r5, #20
10000d74:	f8c3 a008 	str.w	sl, [r3, #8]
10000d78:	719d      	strb	r5, [r3, #6]
10000d7a:	f043 0e01 	orr.w	lr, r3, #1
10000d7e:	f8cc 1000 	str.w	r1, [ip]
10000d82:	e763      	b.n	10000c4c <irq_add_shared_handler+0xa0>
10000d84:	20005025 	.word	0x20005025
10000d88:	20005933 	.word	0x20005933
10000d8c:	20004c4c 	.word	0x20004c4c
10000d90:	e000ed00 	.word	0xe000ed00
10000d94:	10000111 	.word	0x10000111
10000d98:	20004c7c 	.word	0x20004c7c
10000d9c:	47804801 	.word	0x47804801

10000da0 <irq_remove_handler>:
10000da0:	e92d 4ff0 	stmdb	sp!, {r4, r5, r6, r7, r8, r9, sl, fp, lr}
10000da4:	4603      	mov	r3, r0
10000da6:	b085      	sub	sp, #20
10000da8:	f3ef 8710 	mrs	r7, PRIMASK
10000dac:	b672      	cpsid	i
10000dae:	4c76      	ldr	r4, [pc, #472]	@ (10000f88 <irq_remove_handler+0x1e8>)
10000db0:	e8d4 0fcf 	ldaexb	r0, [r4]
10000db4:	2201      	movs	r2, #1
10000db6:	2800      	cmp	r0, #0
10000db8:	d1fa      	bne.n	10000db0 <irq_remove_handler+0x10>
10000dba:	e8c4 2f40 	strexb	r0, r2, [r4]
10000dbe:	2800      	cmp	r0, #0
10000dc0:	d1f6      	bne.n	10000db0 <irq_remove_handler+0x10>
10000dc2:	f3bf 8f5f 	dmb	sy
10000dc6:	4a71      	ldr	r2, [pc, #452]	@ (10000f8c <irq_remove_handler+0x1ec>)
10000dc8:	f103 0610 	add.w	r6, r3, #16
10000dcc:	6892      	ldr	r2, [r2, #8]
10000dce:	f8df 81d4 	ldr.w	r8, [pc, #468]	@ 10000fa4 <irq_remove_handler+0x204>
10000dd2:	f852 0026 	ldr.w	r0, [r2, r6, lsl #2]
10000dd6:	4540      	cmp	r0, r8
10000dd8:	d04b      	beq.n	10000e72 <irq_remove_handler+0xd2>
10000dda:	4288      	cmp	r0, r1
10000ddc:	d057      	beq.n	10000e8e <irq_remove_handler+0xee>
10000dde:	4d6c      	ldr	r5, [pc, #432]	@ (10000f90 <irq_remove_handler+0x1f0>)
10000de0:	eba0 0c05 	sub.w	ip, r0, r5
10000de4:	f1bc 0f2f 	cmp.w	ip, #47	@ 0x2f
10000de8:	d843      	bhi.n	10000e72 <irq_remove_handler+0xd2>
10000dea:	f04f 0e01 	mov.w	lr, #1
10000dee:	ea4f 1c53 	mov.w	ip, r3, lsr #5
10000df2:	ea4f 0c8c 	mov.w	ip, ip, lsl #2
10000df6:	f10c 4260 	add.w	r2, ip, #3758096384	@ 0xe0000000
10000dfa:	f502 4261 	add.w	r2, r2, #57600	@ 0xe100
10000dfe:	f8d2 c000 	ldr.w	ip, [r2]
10000e02:	f003 031f 	and.w	r3, r3, #31
10000e06:	fa0e f303 	lsl.w	r3, lr, r3
10000e0a:	9200      	str	r2, [sp, #0]
10000e0c:	9301      	str	r3, [sp, #4]
10000e0e:	f8c2 3080 	str.w	r3, [r2, #128]	@ 0x80
10000e12:	ea03 090c 	and.w	r9, r3, ip
10000e16:	f3bf 8f5f 	dmb	sy
10000e1a:	f3ef 8305 	mrs	r3, IPSR
10000e1e:	b2db      	uxtb	r3, r3
10000e20:	469a      	mov	sl, r3
10000e22:	2b00      	cmp	r3, #0
10000e24:	d035      	beq.n	10000e92 <irq_remove_handler+0xf2>
10000e26:	429e      	cmp	r6, r3
10000e28:	d005      	beq.n	10000e36 <irq_remove_handler+0x96>
10000e2a:	e9cd 0102 	strd	r0, r1, [sp, #8]
10000e2e:	f000 ff63 	bl	10001cf8 <hard_assertion_failure>
10000e32:	e9dd 0102 	ldrd	r0, r1, [sp, #8]
10000e36:	f020 0e01 	bic.w	lr, r0, #1
10000e3a:	f8de c008 	ldr.w	ip, [lr, #8]
10000e3e:	4561      	cmp	r1, ip
10000e40:	d105      	bne.n	10000e4e <irq_remove_handler+0xae>
10000e42:	e08c      	b.n	10000f5e <irq_remove_handler+0x1be>
10000e44:	f8d3 c008 	ldr.w	ip, [r3, #8]
10000e48:	4561      	cmp	r1, ip
10000e4a:	d032      	beq.n	10000eb2 <irq_remove_handler+0x112>
10000e4c:	469e      	mov	lr, r3
10000e4e:	f99e 2006 	ldrsb.w	r2, [lr, #6]
10000e52:	eb02 0342 	add.w	r3, r2, r2, lsl #1
10000e56:	2a00      	cmp	r2, #0
10000e58:	eb05 0383 	add.w	r3, r5, r3, lsl #2
10000e5c:	daf2      	bge.n	10000e44 <irq_remove_handler+0xa4>
10000e5e:	4561      	cmp	r1, ip
10000e60:	d060      	beq.n	10000f24 <irq_remove_handler+0x184>
10000e62:	e9dd 3200 	ldrd	r3, r2, [sp]
10000e66:	f1b9 0f00 	cmp.w	r9, #0
10000e6a:	d01f      	beq.n	10000eac <irq_remove_handler+0x10c>
10000e6c:	f8c3 2180 	str.w	r2, [r3, #384]	@ 0x180
10000e70:	601a      	str	r2, [r3, #0]
10000e72:	4b46      	ldr	r3, [pc, #280]	@ (10000f8c <irq_remove_handler+0x1ec>)
10000e74:	689b      	ldr	r3, [r3, #8]
10000e76:	f843 0026 	str.w	r0, [r3, r6, lsl #2]
10000e7a:	f3bf 8f5f 	dmb	sy
10000e7e:	2300      	movs	r3, #0
10000e80:	e8c4 3f8f 	stlb	r3, [r4]
10000e84:	f387 8810 	msr	PRIMASK, r7
10000e88:	b005      	add	sp, #20
10000e8a:	e8bd 8ff0 	ldmia.w	sp!, {r4, r5, r6, r7, r8, r9, sl, fp, pc}
10000e8e:	4640      	mov	r0, r8
10000e90:	e7ef      	b.n	10000e72 <irq_remove_handler+0xd2>
10000e92:	f020 0e01 	bic.w	lr, r0, #1
10000e96:	f8de c008 	ldr.w	ip, [lr, #8]
10000e9a:	4561      	cmp	r1, ip
10000e9c:	d1d7      	bne.n	10000e4e <irq_remove_handler+0xae>
10000e9e:	f99e b006 	ldrsb.w	fp, [lr, #6]
10000ea2:	459b      	cmp	fp, r3
10000ea4:	4673      	mov	r3, lr
10000ea6:	da09      	bge.n	10000ebc <irq_remove_handler+0x11c>
10000ea8:	4640      	mov	r0, r8
10000eaa:	e046      	b.n	10000f3a <irq_remove_handler+0x19a>
10000eac:	f8c3 2080 	str.w	r2, [r3, #128]	@ 0x80
10000eb0:	e7df      	b.n	10000e72 <irq_remove_handler+0xd2>
10000eb2:	f993 b006 	ldrsb.w	fp, [r3, #6]
10000eb6:	f1bb 0f00 	cmp.w	fp, #0
10000eba:	db34      	blt.n	10000f26 <irq_remove_handler+0x186>
10000ebc:	eb0b 0c4b 	add.w	ip, fp, fp, lsl #1
10000ec0:	eb05 028c 	add.w	r2, r5, ip, lsl #2
10000ec4:	f892 e007 	ldrb.w	lr, [r2, #7]
10000ec8:	ea4f 018c 	mov.w	r1, ip, lsl #2
10000ecc:	9102      	str	r1, [sp, #8]
10000ece:	6891      	ldr	r1, [r2, #8]
10000ed0:	f883 e007 	strb.w	lr, [r3, #7]
10000ed4:	f992 c006 	ldrsb.w	ip, [r2, #6]
10000ed8:	6099      	str	r1, [r3, #8]
10000eda:	f1bc 0f00 	cmp.w	ip, #0
10000ede:	f883 c006 	strb.w	ip, [r3, #6]
10000ee2:	ea4f 0e4b 	mov.w	lr, fp, lsl #1
10000ee6:	db38      	blt.n	10000f5a <irq_remove_handler+0x1ba>
10000ee8:	f06f 0c07 	mvn.w	ip, #7
10000eec:	8892      	ldrh	r2, [r2, #4]
10000eee:	9902      	ldr	r1, [sp, #8]
10000ef0:	f342 020a 	sbfx	r2, r2, #0, #11
10000ef4:	eb01 0242 	add.w	r2, r1, r2, lsl #1
10000ef8:	3208      	adds	r2, #8
10000efa:	442a      	add	r2, r5
10000efc:	ebac 0c03 	sub.w	ip, ip, r3
10000f00:	4462      	add	r2, ip
10000f02:	f3c2 024a 	ubfx	r2, r2, #1, #11
10000f06:	ea6f 42c2 	mvn.w	r2, r2, lsl #19
10000f0a:	ea6f 42d2 	mvn.w	r2, r2, lsr #19
10000f0e:	809a      	strh	r2, [r3, #4]
10000f10:	4b20      	ldr	r3, [pc, #128]	@ (10000f94 <irq_remove_handler+0x1f4>)
10000f12:	44de      	add	lr, fp
10000f14:	781a      	ldrb	r2, [r3, #0]
10000f16:	eb05 0e8e 	add.w	lr, r5, lr, lsl #2
10000f1a:	f883 b000 	strb.w	fp, [r3]
10000f1e:	f88e 2006 	strb.w	r2, [lr, #6]
10000f22:	e79e      	b.n	10000e62 <irq_remove_handler+0xc2>
10000f24:	4673      	mov	r3, lr
10000f26:	f1ba 0f00 	cmp.w	sl, #0
10000f2a:	d11e      	bne.n	10000f6a <irq_remove_handler+0x1ca>
10000f2c:	22ff      	movs	r2, #255	@ 0xff
10000f2e:	f88e 2006 	strb.w	r2, [lr, #6]
10000f32:	f64b 5201 	movw	r2, #48385	@ 0xbd01
10000f36:	f8ae 2004 	strh.w	r2, [lr, #4]
10000f3a:	f8df c058 	ldr.w	ip, [pc, #88]	@ 10000f94 <irq_remove_handler+0x1f4>
10000f3e:	f64a 22aa 	movw	r2, #43690	@ 0xaaaa
10000f42:	f89c e000 	ldrb.w	lr, [ip]
10000f46:	4619      	mov	r1, r3
10000f48:	1b49      	subs	r1, r1, r5
10000f4a:	4149      	adcs	r1, r1
10000f4c:	434a      	muls	r2, r1
10000f4e:	0d12      	lsrs	r2, r2, #20
10000f50:	f883 e006 	strb.w	lr, [r3, #6]
10000f54:	f88c 2000 	strb.w	r2, [ip]
10000f58:	e783      	b.n	10000e62 <irq_remove_handler+0xc2>
10000f5a:	4a0f      	ldr	r2, [pc, #60]	@ (10000f98 <irq_remove_handler+0x1f8>)
10000f5c:	e7d7      	b.n	10000f0e <irq_remove_handler+0x16e>
10000f5e:	f99e b006 	ldrsb.w	fp, [lr, #6]
10000f62:	4673      	mov	r3, lr
10000f64:	f1bb 0f00 	cmp.w	fp, #0
10000f68:	daa8      	bge.n	10000ebc <irq_remove_handler+0x11c>
10000f6a:	4a0c      	ldr	r2, [pc, #48]	@ (10000f9c <irq_remove_handler+0x1fc>)
10000f6c:	4d0c      	ldr	r5, [pc, #48]	@ (10000fa0 <irq_remove_handler+0x200>)
10000f6e:	1ad2      	subs	r2, r2, r3
10000f70:	3a08      	subs	r2, #8
10000f72:	f3c2 310a 	ubfx	r1, r2, #12, #11
10000f76:	ea6f 5101 	mvn.w	r1, r1, lsl #20
10000f7a:	ea6f 5111 	mvn.w	r1, r1, lsr #20
10000f7e:	ea45 0252 	orr.w	r2, r5, r2, lsr #1
10000f82:	80da      	strh	r2, [r3, #6]
10000f84:	8099      	strh	r1, [r3, #4]
10000f86:	e76c      	b.n	10000e62 <irq_remove_handler+0xc2>
10000f88:	20005025 	.word	0x20005025
10000f8c:	e000ed00 	.word	0xe000ed00
10000f90:	20004c4c 	.word	0x20004c4c
10000f94:	20005933 	.word	0x20005933
10000f98:	ffffbd01 	.word	0xffffbd01
10000f9c:	20004c86 	.word	0x20004c86
10000fa0:	fffff800 	.word	0xfffff800
10000fa4:	10000111 	.word	0x10000111

10000fa8 <irq_add_tail_to_free_list>:
10000fa8:	e92d 41f0 	stmdb	sp!, {r4, r5, r6, r7, r8, lr}
10000fac:	f3ef 8305 	mrs	r3, IPSR
10000fb0:	b2db      	uxtb	r3, r3
10000fb2:	469e      	mov	lr, r3
10000fb4:	f3ef 8510 	mrs	r5, PRIMASK
10000fb8:	b672      	cpsid	i
10000fba:	4929      	ldr	r1, [pc, #164]	@ (10001060 <irq_add_tail_to_free_list+0xb8>)
10000fbc:	e8d1 2fcf 	ldaexb	r2, [r1]
10000fc0:	2301      	movs	r3, #1
10000fc2:	2a00      	cmp	r2, #0
10000fc4:	d1fa      	bne.n	10000fbc <irq_add_tail_to_free_list+0x14>
10000fc6:	e8c1 3f42 	strexb	r2, r3, [r1]
10000fca:	2a00      	cmp	r2, #0
10000fcc:	d1f6      	bne.n	10000fbc <irq_add_tail_to_free_list+0x14>
10000fce:	f3bf 8f5f 	dmb	sy
10000fd2:	f8df 809c 	ldr.w	r8, [pc, #156]	@ 10001070 <irq_add_tail_to_free_list+0xc8>
10000fd6:	f040 0601 	orr.w	r6, r0, #1
10000fda:	f8d8 7008 	ldr.w	r7, [r8, #8]
10000fde:	f64a 23aa 	movw	r3, #43690	@ 0xaaaa
10000fe2:	f857 702e 	ldr.w	r7, [r7, lr, lsl #2]
10000fe6:	4604      	mov	r4, r0
10000fe8:	4a1e      	ldr	r2, [pc, #120]	@ (10001064 <irq_add_tail_to_free_list+0xbc>)
10000fea:	1aa4      	subs	r4, r4, r2
10000fec:	4164      	adcs	r4, r4
10000fee:	4363      	muls	r3, r4
10000ff0:	0d1b      	lsrs	r3, r3, #20
10000ff2:	42b7      	cmp	r7, r6
10000ff4:	b25b      	sxtb	r3, r3
10000ff6:	d01e      	beq.n	10001036 <irq_add_tail_to_free_list+0x8e>
10000ff8:	f992 4006 	ldrsb.w	r4, [r2, #6]
10000ffc:	429c      	cmp	r4, r3
10000ffe:	d020      	beq.n	10001042 <irq_add_tail_to_free_list+0x9a>
10001000:	f992 4012 	ldrsb.w	r4, [r2, #18]
10001004:	429c      	cmp	r4, r3
10001006:	d027      	beq.n	10001058 <irq_add_tail_to_free_list+0xb0>
10001008:	f992 401e 	ldrsb.w	r4, [r2, #30]
1000100c:	429c      	cmp	r4, r3
1000100e:	d025      	beq.n	1000105c <irq_add_tail_to_free_list+0xb4>
10001010:	f992 402a 	ldrsb.w	r4, [r2, #42]	@ 0x2a
10001014:	429c      	cmp	r4, r3
10001016:	bf08      	it	eq
10001018:	2403      	moveq	r4, #3
1000101a:	d013      	beq.n	10001044 <irq_add_tail_to_free_list+0x9c>
1000101c:	4a12      	ldr	r2, [pc, #72]	@ (10001068 <irq_add_tail_to_free_list+0xc0>)
1000101e:	2400      	movs	r4, #0
10001020:	f892 c000 	ldrb.w	ip, [r2]
10001024:	7013      	strb	r3, [r2, #0]
10001026:	f880 c006 	strb.w	ip, [r0, #6]
1000102a:	e8c1 4f8f 	stlb	r4, [r1]
1000102e:	f385 8810 	msr	PRIMASK, r5
10001032:	e8bd 81f0 	ldmia.w	sp!, {r4, r5, r6, r7, r8, pc}
10001036:	f8d8 2008 	ldr.w	r2, [r8, #8]
1000103a:	4c0c      	ldr	r4, [pc, #48]	@ (1000106c <irq_add_tail_to_free_list+0xc4>)
1000103c:	f842 402e 	str.w	r4, [r2, lr, lsl #2]
10001040:	e7ec      	b.n	1000101c <irq_add_tail_to_free_list+0x74>
10001042:	2400      	movs	r4, #0
10001044:	eb04 0444 	add.w	r4, r4, r4, lsl #1
10001048:	eb02 0284 	add.w	r2, r2, r4, lsl #2
1000104c:	24ff      	movs	r4, #255	@ 0xff
1000104e:	7194      	strb	r4, [r2, #6]
10001050:	f64b 5401 	movw	r4, #48385	@ 0xbd01
10001054:	8094      	strh	r4, [r2, #4]
10001056:	e7e1      	b.n	1000101c <irq_add_tail_to_free_list+0x74>
10001058:	2401      	movs	r4, #1
1000105a:	e7f3      	b.n	10001044 <irq_add_tail_to_free_list+0x9c>
1000105c:	2402      	movs	r4, #2
1000105e:	e7f1      	b.n	10001044 <irq_add_tail_to_free_list+0x9c>
10001060:	20005025 	.word	0x20005025
10001064:	20004c4c 	.word	0x20004c4c
10001068:	20005933 	.word	0x20005933
1000106c:	10000111 	.word	0x10000111
10001070:	e000ed00 	.word	0xe000ed00

10001074 <user_irq_claim_unused>:
10001074:	b500      	push	{lr}
10001076:	f8df c024 	ldr.w	ip, [pc, #36]	@ 1000109c <user_irq_claim_unused+0x28>
1000107a:	b083      	sub	sp, #12
1000107c:	4601      	mov	r1, r0
1000107e:	2305      	movs	r3, #5
10001080:	2200      	movs	r2, #0
10001082:	f8cd c000 	str.w	ip, [sp]
10001086:	4804      	ldr	r0, [pc, #16]	@ (10001098 <user_irq_claim_unused+0x24>)
10001088:	f7ff fc5a 	bl	10000940 <hw_claim_unused_from_range>
1000108c:	2800      	cmp	r0, #0
1000108e:	bfa8      	it	ge
10001090:	f1c0 0033 	rsbge	r0, r0, #51	@ 0x33
10001094:	b003      	add	sp, #12
10001096:	bd00      	pop	{pc}
10001098:	20005938 	.word	0x20005938
1000109c:	10004f5c 	.word	0x10004f5c

100010a0 <lock_init>:
100010a0:	4b01      	ldr	r3, [pc, #4]	@ (100010a8 <lock_init+0x8>)
100010a2:	440b      	add	r3, r1
100010a4:	6003      	str	r3, [r0, #0]
100010a6:	4770      	bx	lr
100010a8:	2000501c 	.word	0x2000501c

100010ac <runtime_init_mutex>:
100010ac:	b570      	push	{r4, r5, r6, lr}
100010ae:	4c10      	ldr	r4, [pc, #64]	@ (100010f0 <runtime_init_mutex+0x44>)
100010b0:	4d10      	ldr	r5, [pc, #64]	@ (100010f4 <runtime_init_mutex+0x48>)
100010b2:	42ac      	cmp	r4, r5
100010b4:	d20e      	bcs.n	100010d4 <runtime_init_mutex+0x28>
100010b6:	26ff      	movs	r6, #255	@ 0xff
100010b8:	6823      	ldr	r3, [r4, #0]
100010ba:	b163      	cbz	r3, 100010d6 <runtime_init_mutex+0x2a>
100010bc:	f7ff fcaa 	bl	10000a14 <next_striped_spin_lock_num>
100010c0:	4601      	mov	r1, r0
100010c2:	4620      	mov	r0, r4
100010c4:	f7ff ffec 	bl	100010a0 <lock_init>
100010c8:	80a6      	strh	r6, [r4, #4]
100010ca:	f3bf 8f5f 	dmb	sy
100010ce:	3408      	adds	r4, #8
100010d0:	42ac      	cmp	r4, r5
100010d2:	d3f1      	bcc.n	100010b8 <runtime_init_mutex+0xc>
100010d4:	bd70      	pop	{r4, r5, r6, pc}
100010d6:	f7ff fc9d 	bl	10000a14 <next_striped_spin_lock_num>
100010da:	4601      	mov	r1, r0
100010dc:	4620      	mov	r0, r4
100010de:	f7ff ffdf 	bl	100010a0 <lock_init>
100010e2:	7126      	strb	r6, [r4, #4]
100010e4:	f3bf 8f5f 	dmb	sy
100010e8:	3408      	adds	r4, #8
100010ea:	42ac      	cmp	r4, r5
100010ec:	d3e4      	bcc.n	100010b8 <runtime_init_mutex+0xc>
100010ee:	bd70      	pop	{r4, r5, r6, pc}
100010f0:	20004ce4 	.word	0x20004ce4
100010f4:	20004cec 	.word	0x20004cec

100010f8 <mutex_init>:
100010f8:	b510      	push	{r4, lr}
100010fa:	4604      	mov	r4, r0
100010fc:	f7ff fc8a 	bl	10000a14 <next_striped_spin_lock_num>
10001100:	4601      	mov	r1, r0
10001102:	4620      	mov	r0, r4
10001104:	f7ff ffcc 	bl	100010a0 <lock_init>
10001108:	23ff      	movs	r3, #255	@ 0xff
1000110a:	7123      	strb	r3, [r4, #4]
1000110c:	f3bf 8f5f 	dmb	sy
10001110:	bd10      	pop	{r4, pc}
10001112:	bf00      	nop

10001114 <critical_section_init>:
10001114:	b510      	push	{r4, lr}
10001116:	4604      	mov	r4, r0
10001118:	2001      	movs	r0, #1
1000111a:	f7ff fc87 	bl	10000a2c <spin_lock_claim_unused>
1000111e:	4b03      	ldr	r3, [pc, #12]	@ (1000112c <critical_section_init+0x18>)
10001120:	4403      	add	r3, r0
10001122:	6023      	str	r3, [r4, #0]
10001124:	f3bf 8f5f 	dmb	sy
10001128:	bd10      	pop	{r4, pc}
1000112a:	bf00      	nop
1000112c:	2000501c 	.word	0x2000501c

10001130 <critical_section_init_with_lock_num>:
10001130:	4b02      	ldr	r3, [pc, #8]	@ (1000113c <critical_section_init_with_lock_num+0xc>)
10001132:	440b      	add	r3, r1
10001134:	6003      	str	r3, [r0, #0]
10001136:	f3bf 8f5f 	dmb	sy
1000113a:	4770      	bx	lr
1000113c:	2000501c 	.word	0x2000501c

10001140 <sleep_until_callback>:
10001140:	4b0d      	ldr	r3, [pc, #52]	@ (10001178 <sleep_until_callback+0x38>)
10001142:	681a      	ldr	r2, [r3, #0]
10001144:	f3ef 8110 	mrs	r1, PRIMASK
10001148:	b672      	cpsid	i
1000114a:	e8d2 cfcf 	ldaexb	ip, [r2]
1000114e:	2001      	movs	r0, #1
10001150:	f1bc 0f00 	cmp.w	ip, #0
10001154:	d1f9      	bne.n	1000114a <sleep_until_callback+0xa>
10001156:	e8c2 0f4c 	strexb	ip, r0, [r2]
1000115a:	f1bc 0f00 	cmp.w	ip, #0
1000115e:	d1f4      	bne.n	1000114a <sleep_until_callback+0xa>
10001160:	f3bf 8f5f 	dmb	sy
10001164:	2200      	movs	r2, #0
10001166:	681b      	ldr	r3, [r3, #0]
10001168:	e8c3 2f8f 	stlb	r2, [r3]
1000116c:	f381 8810 	msr	PRIMASK, r1
10001170:	bf40      	sev
10001172:	2000      	movs	r0, #0
10001174:	2100      	movs	r1, #0
10001176:	4770      	bx	lr
10001178:	20005910 	.word	0x20005910
1000117c:	00000000 	.word	0x00000000

10001180 <alarm_pool_irq_handler>:
10001180:	e92d 4ff0 	stmdb	sp!, {r4, r5, r6, r7, r8, r9, sl, fp, lr}
10001184:	ed2d 8b02 	vpush	{d8}
10001188:	b085      	sub	sp, #20
1000118a:	f3ef 8305 	mrs	r3, IPSR
1000118e:	b2db      	uxtb	r3, r3
10001190:	3b10      	subs	r3, #16
10001192:	089a      	lsrs	r2, r3, #2
10001194:	bf18      	it	ne
10001196:	2201      	movne	r2, #1
10001198:	f04f 0101 	mov.w	r1, #1
1000119c:	f003 0b03 	and.w	fp, r3, #3
100011a0:	bf18      	it	ne
100011a2:	4ca9      	ldrne	r4, [pc, #676]	@ (10001448 <alarm_pool_irq_handler+0x2c8>)
100011a4:	4ba9      	ldr	r3, [pc, #676]	@ (1000144c <alarm_pool_irq_handler+0x2cc>)
100011a6:	bf08      	it	eq
100011a8:	4ca9      	ldreq	r4, [pc, #676]	@ (10001450 <alarm_pool_irq_handler+0x2d0>)
100011aa:	eb0b 0282 	add.w	r2, fp, r2, lsl #2
100011ae:	f853 5022 	ldr.w	r5, [r3, r2, lsl #2]
100011b2:	fa01 f20b 	lsl.w	r2, r1, fp
100011b6:	f504 5341 	add.w	r3, r4, #12352	@ 0x3040
100011ba:	ed9f 8ba1 	vldr	d8, [pc, #644]	@ 10001440 <alarm_pool_irq_handler+0x2c0>
100011be:	9202      	str	r2, [sp, #8]
100011c0:	605a      	str	r2, [r3, #4]
100011c2:	e02f      	b.n	10001224 <alarm_pool_irq_handler+0xa4>
100011c4:	88ab      	ldrh	r3, [r5, #4]
100011c6:	0419      	lsls	r1, r3, #16
100011c8:	f140 8094 	bpl.w	100012f4 <alarm_pool_irq_handler+0x174>
100011cc:	79ab      	ldrb	r3, [r5, #6]
100011ce:	2b00      	cmp	r3, #0
100011d0:	f040 80de 	bne.w	10001390 <alarm_pool_irq_handler+0x210>
100011d4:	f9b5 6008 	ldrsh.w	r6, [r5, #8]
100011d8:	2e00      	cmp	r6, #0
100011da:	f2c0 811c 	blt.w	10001416 <alarm_pool_irq_handler+0x296>
100011de:	696b      	ldr	r3, [r5, #20]
100011e0:	eb06 0646 	add.w	r6, r6, r6, lsl #1
100011e4:	eb03 03c6 	add.w	r3, r3, r6, lsl #3
100011e8:	e9d3 6702 	ldrd	r6, r7, [r3, #8]
100011ec:	f1b7 3fff 	cmp.w	r7, #4294967295	@ 0xffffffff
100011f0:	bf08      	it	eq
100011f2:	f1b6 3fff 	cmpeq.w	r6, #4294967295	@ 0xffffffff
100011f6:	d00e      	beq.n	10001216 <alarm_pool_irq_handler+0x96>
100011f8:	eb04 018b 	add.w	r1, r4, fp, lsl #2
100011fc:	6aa3      	ldr	r3, [r4, #40]	@ 0x28
100011fe:	690a      	ldr	r2, [r1, #16]
10001200:	1ad2      	subs	r2, r2, r3
10001202:	1af3      	subs	r3, r6, r3
10001204:	4293      	cmp	r3, r2
10001206:	d305      	bcc.n	10001214 <alarm_pool_irq_handler+0x94>
10001208:	2301      	movs	r3, #1
1000120a:	6a22      	ldr	r2, [r4, #32]
1000120c:	fa03 f30b 	lsl.w	r3, r3, fp
10001210:	4213      	tst	r3, r2
10001212:	d100      	bne.n	10001216 <alarm_pool_irq_handler+0x96>
10001214:	610e      	str	r6, [r1, #16]
10001216:	4620      	mov	r0, r4
10001218:	f000 fbc6 	bl	100019a8 <timer_time_us_64>
1000121c:	42b0      	cmp	r0, r6
1000121e:	41b9      	sbcs	r1, r7
10001220:	f2c0 80f9 	blt.w	10001416 <alarm_pool_irq_handler+0x296>
10001224:	f9b5 6008 	ldrsh.w	r6, [r5, #8]
10001228:	9b02      	ldr	r3, [sp, #8]
1000122a:	2e00      	cmp	r6, #0
1000122c:	63e3      	str	r3, [r4, #60]	@ 0x3c
1000122e:	dbc9      	blt.n	100011c4 <alarm_pool_irq_handler+0x44>
10001230:	f8d5 9014 	ldr.w	r9, [r5, #20]
10001234:	eb06 0a46 	add.w	sl, r6, r6, lsl #1
10001238:	eb09 07ca 	add.w	r7, r9, sl, lsl #3
1000123c:	68bb      	ldr	r3, [r7, #8]
1000123e:	4620      	mov	r0, r4
10001240:	f8d7 800c 	ldr.w	r8, [r7, #12]
10001244:	9301      	str	r3, [sp, #4]
10001246:	f000 fbaf 	bl	100019a8 <timer_time_us_64>
1000124a:	9b01      	ldr	r3, [sp, #4]
1000124c:	4298      	cmp	r0, r3
1000124e:	eb71 0108 	sbcs.w	r1, r1, r8
10001252:	dbb7      	blt.n	100011c4 <alarm_pool_irq_handler+0x44>
10001254:	f1b8 0f00 	cmp.w	r8, #0
10001258:	f2c0 80c0 	blt.w	100013dc <alarm_pool_irq_handler+0x25c>
1000125c:	e9d7 3104 	ldrd	r3, r1, [r7, #16]
10001260:	4a7c      	ldr	r2, [pc, #496]	@ (10001454 <alarm_pool_irq_handler+0x2d4>)
10001262:	4293      	cmp	r3, r2
10001264:	f000 80f8 	beq.w	10001458 <alarm_pool_irq_handler+0x2d8>
10001268:	887a      	ldrh	r2, [r7, #2]
1000126a:	f9b5 0008 	ldrsh.w	r0, [r5, #8]
1000126e:	b292      	uxth	r2, r2
10001270:	ea42 4000 	orr.w	r0, r2, r0, lsl #16
10001274:	4798      	blx	r3
10001276:	4602      	mov	r2, r0
10001278:	460b      	mov	r3, r1
1000127a:	ea52 0103 	orrs.w	r1, r2, r3
1000127e:	f000 80ad 	beq.w	100013dc <alarm_pool_irq_handler+0x25c>
10001282:	2b00      	cmp	r3, #0
10001284:	f280 80cd 	bge.w	10001422 <alarm_pool_irq_handler+0x2a2>
10001288:	9901      	ldr	r1, [sp, #4]
1000128a:	ebb1 0e02 	subs.w	lr, r1, r2
1000128e:	eb68 0803 	sbc.w	r8, r8, r3
10001292:	f939 303a 	ldrsh.w	r3, [r9, sl, lsl #3]
10001296:	e9c7 e802 	strd	lr, r8, [r7, #8]
1000129a:	2b00      	cmp	r3, #0
1000129c:	db92      	blt.n	100011c4 <alarm_pool_irq_handler+0x44>
1000129e:	6968      	ldr	r0, [r5, #20]
100012a0:	eb03 0243 	add.w	r2, r3, r3, lsl #1
100012a4:	eb00 02c2 	add.w	r2, r0, r2, lsl #3
100012a8:	e9d2 7102 	ldrd	r7, r1, [r2, #8]
100012ac:	45be      	cmp	lr, r7
100012ae:	eb78 0c01 	sbcs.w	ip, r8, r1
100012b2:	ea4f 0243 	mov.w	r2, r3, lsl #1
100012b6:	db85      	blt.n	100011c4 <alarm_pool_irq_handler+0x44>
100012b8:	46ac      	mov	ip, r5
100012ba:	f82c 3f08 	strh.w	r3, [ip, #8]!
100012be:	e006      	b.n	100012ce <alarm_pool_irq_handler+0x14e>
100012c0:	eb03 0143 	add.w	r1, r3, r3, lsl #1
100012c4:	eb00 01c1 	add.w	r1, r0, r1, lsl #3
100012c8:	005a      	lsls	r2, r3, #1
100012ca:	e9d1 7102 	ldrd	r7, r1, [r1, #8]
100012ce:	45be      	cmp	lr, r7
100012d0:	eb78 0101 	sbcs.w	r1, r8, r1
100012d4:	441a      	add	r2, r3
100012d6:	db05      	blt.n	100012e4 <alarm_pool_irq_handler+0x164>
100012d8:	f930 3032 	ldrsh.w	r3, [r0, r2, lsl #3]
100012dc:	eb00 0cc2 	add.w	ip, r0, r2, lsl #3
100012e0:	2b00      	cmp	r3, #0
100012e2:	daed      	bge.n	100012c0 <alarm_pool_irq_handler+0x140>
100012e4:	f829 303a 	strh.w	r3, [r9, sl, lsl #3]
100012e8:	f8ac 6000 	strh.w	r6, [ip]
100012ec:	88ab      	ldrh	r3, [r5, #4]
100012ee:	0419      	lsls	r1, r3, #16
100012f0:	f53f af6c 	bmi.w	100011cc <alarm_pool_irq_handler+0x4c>
100012f4:	692b      	ldr	r3, [r5, #16]
100012f6:	f3ef 8210 	mrs	r2, PRIMASK
100012fa:	b672      	cpsid	i
100012fc:	e8d3 0fcf 	ldaexb	r0, [r3]
10001300:	2101      	movs	r1, #1
10001302:	2800      	cmp	r0, #0
10001304:	d1fa      	bne.n	100012fc <alarm_pool_irq_handler+0x17c>
10001306:	e8c3 1f40 	strexb	r0, r1, [r3]
1000130a:	2800      	cmp	r0, #0
1000130c:	d1f6      	bne.n	100012fc <alarm_pool_irq_handler+0x17c>
1000130e:	f3bf 8f5f 	dmb	sy
10001312:	f64f 76ff 	movw	r6, #65535	@ 0xffff
10001316:	88a8      	ldrh	r0, [r5, #4]
10001318:	2300      	movs	r3, #0
1000131a:	6929      	ldr	r1, [r5, #16]
1000131c:	b200      	sxth	r0, r0
1000131e:	80ae      	strh	r6, [r5, #4]
10001320:	e8c1 3f8f 	stlb	r3, [r1]
10001324:	f382 8810 	msr	PRIMASK, r2
10001328:	4298      	cmp	r0, r3
1000132a:	f6ff af4f 	blt.w	100011cc <alarm_pool_irq_handler+0x4c>
1000132e:	4607      	mov	r7, r0
10001330:	46a1      	mov	r9, r4
10001332:	696e      	ldr	r6, [r5, #20]
10001334:	f105 0808 	add.w	r8, r5, #8
10001338:	f9b5 3008 	ldrsh.w	r3, [r5, #8]
1000133c:	eb07 0e47 	add.w	lr, r7, r7, lsl #1
10001340:	2b00      	cmp	r3, #0
10001342:	46c4      	mov	ip, r8
10001344:	eb06 02ce 	add.w	r2, r6, lr, lsl #3
10001348:	db15      	blt.n	10001376 <alarm_pool_irq_handler+0x1f6>
1000134a:	e9d2 4002 	ldrd	r4, r0, [r2, #8]
1000134e:	46aa      	mov	sl, r5
10001350:	9701      	str	r7, [sp, #4]
10001352:	e004      	b.n	1000135e <alarm_pool_irq_handler+0x1de>
10001354:	f936 3035 	ldrsh.w	r3, [r6, r5, lsl #3]
10001358:	4694      	mov	ip, r2
1000135a:	2b00      	cmp	r3, #0
1000135c:	db09      	blt.n	10001372 <alarm_pool_irq_handler+0x1f2>
1000135e:	eb03 0543 	add.w	r5, r3, r3, lsl #1
10001362:	eb06 02c5 	add.w	r2, r6, r5, lsl #3
10001366:	e9d2 7102 	ldrd	r7, r1, [r2, #8]
1000136a:	42bc      	cmp	r4, r7
1000136c:	eb70 0101 	sbcs.w	r1, r0, r1
10001370:	daf0      	bge.n	10001354 <alarm_pool_irq_handler+0x1d4>
10001372:	4655      	mov	r5, sl
10001374:	9f01      	ldr	r7, [sp, #4]
10001376:	f8ac 7000 	strh.w	r7, [ip]
1000137a:	f936 703e 	ldrsh.w	r7, [r6, lr, lsl #3]
1000137e:	f826 303e 	strh.w	r3, [r6, lr, lsl #3]
10001382:	2f00      	cmp	r7, #0
10001384:	dad8      	bge.n	10001338 <alarm_pool_irq_handler+0x1b8>
10001386:	79ab      	ldrb	r3, [r5, #6]
10001388:	464c      	mov	r4, r9
1000138a:	2b00      	cmp	r3, #0
1000138c:	f43f af22 	beq.w	100011d4 <alarm_pool_irq_handler+0x54>
10001390:	2300      	movs	r3, #0
10001392:	71ab      	strb	r3, [r5, #6]
10001394:	f9b5 6008 	ldrsh.w	r6, [r5, #8]
10001398:	1c72      	adds	r2, r6, #1
1000139a:	4633      	mov	r3, r6
1000139c:	d03b      	beq.n	10001416 <alarm_pool_irq_handler+0x296>
1000139e:	6968      	ldr	r0, [r5, #20]
100013a0:	f105 0e08 	add.w	lr, r5, #8
100013a4:	e003      	b.n	100013ae <alarm_pool_irq_handler+0x22e>
100013a6:	468e      	mov	lr, r1
100013a8:	1c5a      	adds	r2, r3, #1
100013aa:	f43f af15 	beq.w	100011d8 <alarm_pool_irq_handler+0x58>
100013ae:	eb03 0243 	add.w	r2, r3, r3, lsl #1
100013b2:	eb00 01c2 	add.w	r1, r0, r2, lsl #3
100013b6:	884f      	ldrh	r7, [r1, #2]
100013b8:	469c      	mov	ip, r3
100013ba:	043f      	lsls	r7, r7, #16
100013bc:	f930 3032 	ldrsh.w	r3, [r0, r2, lsl #3]
100013c0:	d5f1      	bpl.n	100013a6 <alarm_pool_irq_handler+0x226>
100013c2:	4566      	cmp	r6, ip
100013c4:	ed81 8b02 	vstr	d8, [r1, #8]
100013c8:	d0ee      	beq.n	100013a8 <alarm_pool_irq_handler+0x228>
100013ca:	f8ae 3000 	strh.w	r3, [lr]
100013ce:	8929      	ldrh	r1, [r5, #8]
100013d0:	4666      	mov	r6, ip
100013d2:	f820 1032 	strh.w	r1, [r0, r2, lsl #3]
100013d6:	f8a5 c008 	strh.w	ip, [r5, #8]
100013da:	e7e5      	b.n	100013a8 <alarm_pool_irq_handler+0x228>
100013dc:	f839 303a 	ldrh.w	r3, [r9, sl, lsl #3]
100013e0:	812b      	strh	r3, [r5, #8]
100013e2:	692b      	ldr	r3, [r5, #16]
100013e4:	f3ef 8210 	mrs	r2, PRIMASK
100013e8:	b672      	cpsid	i
100013ea:	e8d3 0fcf 	ldaexb	r0, [r3]
100013ee:	2101      	movs	r1, #1
100013f0:	2800      	cmp	r0, #0
100013f2:	d1fa      	bne.n	100013ea <alarm_pool_irq_handler+0x26a>
100013f4:	e8c3 1f40 	strexb	r0, r1, [r3]
100013f8:	2800      	cmp	r0, #0
100013fa:	d1f6      	bne.n	100013ea <alarm_pool_irq_handler+0x26a>
100013fc:	f3bf 8f5f 	dmb	sy
10001400:	886b      	ldrh	r3, [r5, #2]
10001402:	6929      	ldr	r1, [r5, #16]
10001404:	f829 303a 	strh.w	r3, [r9, sl, lsl #3]
10001408:	2300      	movs	r3, #0
1000140a:	806e      	strh	r6, [r5, #2]
1000140c:	e8c1 3f8f 	stlb	r3, [r1]
10001410:	f382 8810 	msr	PRIMASK, r2
10001414:	e6d6      	b.n	100011c4 <alarm_pool_irq_handler+0x44>
10001416:	bf40      	sev
10001418:	b005      	add	sp, #20
1000141a:	ecbd 8b02 	vpop	{d8}
1000141e:	e8bd 8ff0 	ldmia.w	sp!, {r4, r5, r6, r7, r8, r9, sl, fp, pc}
10001422:	4620      	mov	r0, r4
10001424:	9303      	str	r3, [sp, #12]
10001426:	9201      	str	r2, [sp, #4]
10001428:	f000 fabe 	bl	100019a8 <timer_time_us_64>
1000142c:	9a01      	ldr	r2, [sp, #4]
1000142e:	9b03      	ldr	r3, [sp, #12]
10001430:	eb10 0e02 	adds.w	lr, r0, r2
10001434:	eb43 0801 	adc.w	r8, r3, r1
10001438:	e72b      	b.n	10001292 <alarm_pool_irq_handler+0x112>
1000143a:	bf00      	nop
1000143c:	f3af 8000 	nop.w
10001440:	ffffffff 	.word	0xffffffff
10001444:	ffffffff 	.word	0xffffffff
10001448:	400b8000 	.word	0x400b8000
1000144c:	200058e0 	.word	0x200058e0
10001450:	400b0000 	.word	0x400b0000
10001454:	10001181 	.word	0x10001181
10001458:	4608      	mov	r0, r1
1000145a:	690b      	ldr	r3, [r1, #16]
1000145c:	9103      	str	r1, [sp, #12]
1000145e:	4798      	blx	r3
10001460:	2800      	cmp	r0, #0
10001462:	d0bb      	beq.n	100013dc <alarm_pool_irq_handler+0x25c>
10001464:	9903      	ldr	r1, [sp, #12]
10001466:	e9d1 2300 	ldrd	r2, r3, [r1]
1000146a:	e706      	b.n	1000127a <alarm_pool_irq_handler+0xfa>

1000146c <runtime_init_default_alarm_pool>:
1000146c:	b538      	push	{r3, r4, r5, lr}
1000146e:	4b38      	ldr	r3, [pc, #224]	@ (10001550 <runtime_init_default_alarm_pool+0xe4>)
10001470:	691c      	ldr	r4, [r3, #16]
10001472:	b12c      	cbz	r4, 10001480 <runtime_init_default_alarm_pool+0x14>
10001474:	e8bd 4038 	ldmia.w	sp!, {r3, r4, r5, lr}
10001478:	210a      	movs	r1, #10
1000147a:	4836      	ldr	r0, [pc, #216]	@ (10001554 <runtime_init_default_alarm_pool+0xe8>)
1000147c:	f7ff be10 	b.w	100010a0 <lock_init>
10001480:	2103      	movs	r1, #3
10001482:	4835      	ldr	r0, [pc, #212]	@ (10001558 <runtime_init_default_alarm_pool+0xec>)
10001484:	f000 fa7e 	bl	10001984 <timer_hardware_alarm_claim>
10001488:	4d33      	ldr	r5, [pc, #204]	@ (10001558 <runtime_init_default_alarm_pool+0xec>)
1000148a:	4b31      	ldr	r3, [pc, #196]	@ (10001550 <runtime_init_default_alarm_pool+0xe4>)
1000148c:	60dd      	str	r5, [r3, #12]
1000148e:	f7ff fac1 	bl	10000a14 <next_striped_spin_lock_num>
10001492:	4a32      	ldr	r2, [pc, #200]	@ (1000155c <runtime_init_default_alarm_pool+0xf0>)
10001494:	f04f 4e50 	mov.w	lr, #3489660928	@ 0xd0000000
10001498:	4402      	add	r2, r0
1000149a:	2003      	movs	r0, #3
1000149c:	4b2c      	ldr	r3, [pc, #176]	@ (10001550 <runtime_init_default_alarm_pool+0xe4>)
1000149e:	f04f 0c0f 	mov.w	ip, #15
100014a2:	7018      	strb	r0, [r3, #0]
100014a4:	611a      	str	r2, [r3, #16]
100014a6:	f8de 2000 	ldr.w	r2, [lr]
100014aa:	f64f 71ff 	movw	r1, #65535	@ 0xffff
100014ae:	705a      	strb	r2, [r3, #1]
100014b0:	695a      	ldr	r2, [r3, #20]
100014b2:	f8a3 c002 	strh.w	ip, [r3, #2]
100014b6:	8314      	strh	r4, [r2, #24]
100014b8:	f04f 0402 	mov.w	r4, #2
100014bc:	f8a2 4048 	strh.w	r4, [r2, #72]	@ 0x48
100014c0:	f04f 0404 	mov.w	r4, #4
100014c4:	f8a2 4078 	strh.w	r4, [r2, #120]	@ 0x78
100014c8:	f04f 0405 	mov.w	r4, #5
100014cc:	f8a2 4090 	strh.w	r4, [r2, #144]	@ 0x90
100014d0:	f04f 0406 	mov.w	r4, #6
100014d4:	f8a2 40a8 	strh.w	r4, [r2, #168]	@ 0xa8
100014d8:	f04f 0407 	mov.w	r4, #7
100014dc:	f8a2 40c0 	strh.w	r4, [r2, #192]	@ 0xc0
100014e0:	f04f 0409 	mov.w	r4, #9
100014e4:	f8a2 40f0 	strh.w	r4, [r2, #240]	@ 0xf0
100014e8:	f04f 040a 	mov.w	r4, #10
100014ec:	f8a2 4108 	strh.w	r4, [r2, #264]	@ 0x108
100014f0:	f04f 040b 	mov.w	r4, #11
100014f4:	f8a2 4120 	strh.w	r4, [r2, #288]	@ 0x120
100014f8:	f04f 040c 	mov.w	r4, #12
100014fc:	f8a2 4138 	strh.w	r4, [r2, #312]	@ 0x138
10001500:	f04f 0401 	mov.w	r4, #1
10001504:	8614      	strh	r4, [r2, #48]	@ 0x30
10001506:	f04f 0408 	mov.w	r4, #8
1000150a:	f8a2 40d8 	strh.w	r4, [r2, #216]	@ 0xd8
1000150e:	4c14      	ldr	r4, [pc, #80]	@ (10001560 <runtime_init_default_alarm_pool+0xf4>)
10001510:	f04f 0e0d 	mov.w	lr, #13
10001514:	f04f 0c0e 	mov.w	ip, #14
10001518:	609c      	str	r4, [r3, #8]
1000151a:	2408      	movs	r4, #8
1000151c:	8099      	strh	r1, [r3, #4]
1000151e:	f8a2 e150 	strh.w	lr, [r2, #336]	@ 0x150
10001522:	f8a2 c168 	strh.w	ip, [r2, #360]	@ 0x168
10001526:	f8a2 0060 	strh.w	r0, [r2, #96]	@ 0x60
1000152a:	8011      	strh	r1, [r2, #0]
1000152c:	4a0d      	ldr	r2, [pc, #52]	@ (10001564 <runtime_init_default_alarm_pool+0xf8>)
1000152e:	622c      	str	r4, [r5, #32]
10001530:	490d      	ldr	r1, [pc, #52]	@ (10001568 <runtime_init_default_alarm_pool+0xfc>)
10001532:	60d3      	str	r3, [r2, #12]
10001534:	f7ff fb02 	bl	10000b3c <irq_set_exclusive_handler>
10001538:	2101      	movs	r1, #1
1000153a:	2003      	movs	r0, #3
1000153c:	f7ff fabc 	bl	10000ab8 <irq_set_enabled>
10001540:	4b0a      	ldr	r3, [pc, #40]	@ (1000156c <runtime_init_default_alarm_pool+0x100>)
10001542:	210a      	movs	r1, #10
10001544:	641c      	str	r4, [r3, #64]	@ 0x40
10001546:	4803      	ldr	r0, [pc, #12]	@ (10001554 <runtime_init_default_alarm_pool+0xe8>)
10001548:	e8bd 4038 	ldmia.w	sp!, {r3, r4, r5, lr}
1000154c:	f7ff bda8 	b.w	100010a0 <lock_init>
10001550:	20004c94 	.word	0x20004c94
10001554:	20005910 	.word	0x20005910
10001558:	400b0000 	.word	0x400b0000
1000155c:	2000501c 	.word	0x2000501c
10001560:	0010ffff 	.word	0x0010ffff
10001564:	200058e0 	.word	0x200058e0
10001568:	10001181 	.word	0x10001181
1000156c:	400b2000 	.word	0x400b2000

10001570 <alarm_pool_get_default>:
10001570:	4800      	ldr	r0, [pc, #0]	@ (10001574 <alarm_pool_get_default+0x4>)
10001572:	4770      	bx	lr
10001574:	20004c94 	.word	0x20004c94

10001578 <alarm_pool_add_alarm_at>:
10001578:	b5f0      	push	{r4, r5, r6, r7, lr}
1000157a:	b083      	sub	sp, #12
1000157c:	f89d 4028 	ldrb.w	r4, [sp, #40]	@ 0x28
10001580:	461d      	mov	r5, r3
10001582:	4603      	mov	r3, r0
10001584:	b954      	cbnz	r4, 1000159c <alarm_pool_add_alarm_at+0x24>
10001586:	e9cd 0200 	strd	r0, r2, [sp]
1000158a:	f000 fa15 	bl	100019b8 <time_us_64>
1000158e:	9a01      	ldr	r2, [sp, #4]
10001590:	9b00      	ldr	r3, [sp, #0]
10001592:	4282      	cmp	r2, r0
10001594:	eb65 0101 	sbc.w	r1, r5, r1
10001598:	42a1      	cmp	r1, r4
1000159a:	db5b      	blt.n	10001654 <alarm_pool_add_alarm_at+0xdc>
1000159c:	6919      	ldr	r1, [r3, #16]
1000159e:	f3ef 8010 	mrs	r0, PRIMASK
100015a2:	b672      	cpsid	i
100015a4:	e8d1 6fcf 	ldaexb	r6, [r1]
100015a8:	2401      	movs	r4, #1
100015aa:	2e00      	cmp	r6, #0
100015ac:	d1fa      	bne.n	100015a4 <alarm_pool_add_alarm_at+0x2c>
100015ae:	e8c1 4f46 	strexb	r6, r4, [r1]
100015b2:	2e00      	cmp	r6, #0
100015b4:	d1f6      	bne.n	100015a4 <alarm_pool_add_alarm_at+0x2c>
100015b6:	f3bf 8f5f 	dmb	sy
100015ba:	f9b3 4002 	ldrsh.w	r4, [r3, #2]
100015be:	691f      	ldr	r7, [r3, #16]
100015c0:	2c00      	cmp	r4, #0
100015c2:	db3e      	blt.n	10001642 <alarm_pool_add_alarm_at+0xca>
100015c4:	f8d3 c014 	ldr.w	ip, [r3, #20]
100015c8:	eb04 0e44 	add.w	lr, r4, r4, lsl #1
100015cc:	f83c 103e 	ldrh.w	r1, [ip, lr, lsl #3]
100015d0:	2600      	movs	r6, #0
100015d2:	8059      	strh	r1, [r3, #2]
100015d4:	eb0c 01ce 	add.w	r1, ip, lr, lsl #3
100015d8:	e8c7 6f8f 	stlb	r6, [r7]
100015dc:	f380 8810 	msr	PRIMASK, r0
100015e0:	8848      	ldrh	r0, [r1, #2]
100015e2:	e9c1 2502 	strd	r2, r5, [r1, #8]
100015e6:	3001      	adds	r0, #1
100015e8:	f3c0 000e 	ubfx	r0, r0, #0, #15
100015ec:	2801      	cmp	r0, #1
100015ee:	bf38      	it	cc
100015f0:	2001      	movcc	r0, #1
100015f2:	9a08      	ldr	r2, [sp, #32]
100015f4:	8048      	strh	r0, [r1, #2]
100015f6:	610a      	str	r2, [r1, #16]
100015f8:	9a09      	ldr	r2, [sp, #36]	@ 0x24
100015fa:	ea40 4004 	orr.w	r0, r0, r4, lsl #16
100015fe:	614a      	str	r2, [r1, #20]
10001600:	691a      	ldr	r2, [r3, #16]
10001602:	f3ef 8110 	mrs	r1, PRIMASK
10001606:	b672      	cpsid	i
10001608:	e8d2 7fcf 	ldaexb	r7, [r2]
1000160c:	2501      	movs	r5, #1
1000160e:	2f00      	cmp	r7, #0
10001610:	d1fa      	bne.n	10001608 <alarm_pool_add_alarm_at+0x90>
10001612:	e8c2 5f47 	strexb	r7, r5, [r2]
10001616:	2f00      	cmp	r7, #0
10001618:	d1f6      	bne.n	10001608 <alarm_pool_add_alarm_at+0x90>
1000161a:	f3bf 8f5f 	dmb	sy
1000161e:	889a      	ldrh	r2, [r3, #4]
10001620:	f82c 203e 	strh.w	r2, [ip, lr, lsl #3]
10001624:	691a      	ldr	r2, [r3, #16]
10001626:	809c      	strh	r4, [r3, #4]
10001628:	e8c2 6f8f 	stlb	r6, [r2]
1000162c:	f381 8810 	msr	PRIMASK, r1
10001630:	2101      	movs	r1, #1
10001632:	781c      	ldrb	r4, [r3, #0]
10001634:	68da      	ldr	r2, [r3, #12]
10001636:	40a1      	lsls	r1, r4
10001638:	f502 5301 	add.w	r3, r2, #8256	@ 0x2040
1000163c:	6059      	str	r1, [r3, #4]
1000163e:	b003      	add	sp, #12
10001640:	bdf0      	pop	{r4, r5, r6, r7, pc}
10001642:	2300      	movs	r3, #0
10001644:	e8c7 3f8f 	stlb	r3, [r7]
10001648:	f380 8810 	msr	PRIMASK, r0
1000164c:	f04f 30ff 	mov.w	r0, #4294967295	@ 0xffffffff
10001650:	b003      	add	sp, #12
10001652:	bdf0      	pop	{r4, r5, r6, r7, pc}
10001654:	4620      	mov	r0, r4
10001656:	b003      	add	sp, #12
10001658:	bdf0      	pop	{r4, r5, r6, r7, pc}
1000165a:	bf00      	nop

1000165c <alarm_pool_add_alarm_at_force_in_context>:
1000165c:	b5f0      	push	{r4, r5, r6, r7, lr}
1000165e:	4616      	mov	r6, r2
10001660:	461f      	mov	r7, r3
10001662:	6902      	ldr	r2, [r0, #16]
10001664:	4603      	mov	r3, r0
10001666:	f3ef 8010 	mrs	r0, PRIMASK
1000166a:	b672      	cpsid	i
1000166c:	e8d2 4fcf 	ldaexb	r4, [r2]
10001670:	2101      	movs	r1, #1
10001672:	2c00      	cmp	r4, #0
10001674:	d1fa      	bne.n	1000166c <alarm_pool_add_alarm_at_force_in_context+0x10>
10001676:	e8c2 1f44 	strexb	r4, r1, [r2]
1000167a:	2c00      	cmp	r4, #0
1000167c:	d1f6      	bne.n	1000166c <alarm_pool_add_alarm_at_force_in_context+0x10>
1000167e:	f3bf 8f5f 	dmb	sy
10001682:	f9b3 1002 	ldrsh.w	r1, [r3, #2]
10001686:	691d      	ldr	r5, [r3, #16]
10001688:	2900      	cmp	r1, #0
1000168a:	db45      	blt.n	10001718 <alarm_pool_add_alarm_at_force_in_context+0xbc>
1000168c:	f8d3 e014 	ldr.w	lr, [r3, #20]
10001690:	eb01 0241 	add.w	r2, r1, r1, lsl #1
10001694:	f83e 4032 	ldrh.w	r4, [lr, r2, lsl #3]
10001698:	eb0e 0cc2 	add.w	ip, lr, r2, lsl #3
1000169c:	805c      	strh	r4, [r3, #2]
1000169e:	2400      	movs	r4, #0
100016a0:	e8c5 4f8f 	stlb	r4, [r5]
100016a4:	f380 8810 	msr	PRIMASK, r0
100016a8:	9805      	ldr	r0, [sp, #20]
100016aa:	4635      	mov	r5, r6
100016ac:	f8cc 0010 	str.w	r0, [ip, #16]
100016b0:	9806      	ldr	r0, [sp, #24]
100016b2:	463e      	mov	r6, r7
100016b4:	f8cc 0014 	str.w	r0, [ip, #20]
100016b8:	f8bc 0002 	ldrh.w	r0, [ip, #2]
100016bc:	e9cc 5602 	strd	r5, r6, [ip, #8]
100016c0:	3001      	adds	r0, #1
100016c2:	f3c0 000e 	ubfx	r0, r0, #0, #15
100016c6:	2801      	cmp	r0, #1
100016c8:	bf38      	it	cc
100016ca:	2001      	movcc	r0, #1
100016cc:	f8ac 0002 	strh.w	r0, [ip, #2]
100016d0:	ea40 4001 	orr.w	r0, r0, r1, lsl #16
100016d4:	f8d3 c010 	ldr.w	ip, [r3, #16]
100016d8:	f3ef 8510 	mrs	r5, PRIMASK
100016dc:	b672      	cpsid	i
100016de:	e8dc 7fcf 	ldaexb	r7, [ip]
100016e2:	2601      	movs	r6, #1
100016e4:	2f00      	cmp	r7, #0
100016e6:	d1fa      	bne.n	100016de <alarm_pool_add_alarm_at_force_in_context+0x82>
100016e8:	e8cc 6f47 	strexb	r7, r6, [ip]
100016ec:	2f00      	cmp	r7, #0
100016ee:	d1f6      	bne.n	100016de <alarm_pool_add_alarm_at_force_in_context+0x82>
100016f0:	f3bf 8f5f 	dmb	sy
100016f4:	f8b3 c004 	ldrh.w	ip, [r3, #4]
100016f8:	f82e c032 	strh.w	ip, [lr, r2, lsl #3]
100016fc:	8099      	strh	r1, [r3, #4]
100016fe:	691a      	ldr	r2, [r3, #16]
10001700:	e8c2 4f8f 	stlb	r4, [r2]
10001704:	f385 8810 	msr	PRIMASK, r5
10001708:	2101      	movs	r1, #1
1000170a:	781c      	ldrb	r4, [r3, #0]
1000170c:	68da      	ldr	r2, [r3, #12]
1000170e:	40a1      	lsls	r1, r4
10001710:	f502 5301 	add.w	r3, r2, #8256	@ 0x2040
10001714:	6059      	str	r1, [r3, #4]
10001716:	bdf0      	pop	{r4, r5, r6, r7, pc}
10001718:	2300      	movs	r3, #0
1000171a:	e8c5 3f8f 	stlb	r3, [r5]
1000171e:	f380 8810 	msr	PRIMASK, r0
10001722:	f04f 30ff 	mov.w	r0, #4294967295	@ 0xffffffff
10001726:	bdf0      	pop	{r4, r5, r6, r7, pc}

10001728 <alarm_pool_cancel_alarm>:
10001728:	4603      	mov	r3, r0
1000172a:	8940      	ldrh	r0, [r0, #10]
1000172c:	ebb0 4f21 	cmp.w	r0, r1, asr #16
10001730:	dd3a      	ble.n	100017a8 <alarm_pool_cancel_alarm+0x80>
10001732:	6958      	ldr	r0, [r3, #20]
10001734:	140a      	asrs	r2, r1, #16
10001736:	eb02 0242 	add.w	r2, r2, r2, lsl #1
1000173a:	b510      	push	{r4, lr}
1000173c:	f8d3 c010 	ldr.w	ip, [r3, #16]
10001740:	eb00 00c2 	add.w	r0, r0, r2, lsl #3
10001744:	f3ef 8e10 	mrs	lr, PRIMASK
10001748:	b672      	cpsid	i
1000174a:	e8dc 4fcf 	ldaexb	r4, [ip]
1000174e:	2201      	movs	r2, #1
10001750:	2c00      	cmp	r4, #0
10001752:	d1fa      	bne.n	1000174a <alarm_pool_cancel_alarm+0x22>
10001754:	e8cc 2f44 	strexb	r4, r2, [ip]
10001758:	2c00      	cmp	r4, #0
1000175a:	d1f6      	bne.n	1000174a <alarm_pool_cancel_alarm+0x22>
1000175c:	f3bf 8f5f 	dmb	sy
10001760:	8842      	ldrh	r2, [r0, #2]
10001762:	b289      	uxth	r1, r1
10001764:	b292      	uxth	r2, r2
10001766:	428a      	cmp	r2, r1
10001768:	d007      	beq.n	1000177a <alarm_pool_cancel_alarm+0x52>
1000176a:	2200      	movs	r2, #0
1000176c:	691b      	ldr	r3, [r3, #16]
1000176e:	e8c3 2f8f 	stlb	r2, [r3]
10001772:	f38e 8810 	msr	PRIMASK, lr
10001776:	2000      	movs	r0, #0
10001778:	bd10      	pop	{r4, pc}
1000177a:	ea6f 4242 	mvn.w	r2, r2, lsl #17
1000177e:	ea6f 4252 	mvn.w	r2, r2, lsr #17
10001782:	8042      	strh	r2, [r0, #2]
10001784:	2101      	movs	r1, #1
10001786:	2200      	movs	r2, #0
10001788:	6918      	ldr	r0, [r3, #16]
1000178a:	7199      	strb	r1, [r3, #6]
1000178c:	e8c0 2f8f 	stlb	r2, [r0]
10001790:	f38e 8810 	msr	PRIMASK, lr
10001794:	f893 c000 	ldrb.w	ip, [r3]
10001798:	68da      	ldr	r2, [r3, #12]
1000179a:	4608      	mov	r0, r1
1000179c:	f502 5301 	add.w	r3, r2, #8256	@ 0x2040
100017a0:	fa01 f10c 	lsl.w	r1, r1, ip
100017a4:	6059      	str	r1, [r3, #4]
100017a6:	bd10      	pop	{r4, pc}
100017a8:	2000      	movs	r0, #0
100017aa:	4770      	bx	lr

100017ac <alarm_pool_core_num>:
100017ac:	7840      	ldrb	r0, [r0, #1]
100017ae:	4770      	bx	lr

100017b0 <sleep_ms>:
100017b0:	e92d 41f0 	stmdb	sp!, {r4, r5, r6, r7, r8, lr}
100017b4:	b082      	sub	sp, #8
100017b6:	4606      	mov	r6, r0
100017b8:	f000 f8fe 	bl	100019b8 <time_us_64>
100017bc:	f44f 737a 	mov.w	r3, #1000	@ 0x3e8
100017c0:	4604      	mov	r4, r0
100017c2:	f04f 30ff 	mov.w	r0, #4294967295	@ 0xffffffff
100017c6:	f06f 4200 	mvn.w	r2, #2147483648	@ 0x80000000
100017ca:	fbe6 4103 	umlal	r4, r1, r6, r3
100017ce:	42a0      	cmp	r0, r4
100017d0:	eb72 0301 	sbcs.w	r3, r2, r1
100017d4:	bf3a      	itte	cc
100017d6:	4604      	movcc	r4, r0
100017d8:	4615      	movcc	r5, r2
100017da:	460d      	movcs	r5, r1
100017dc:	1fa6      	subs	r6, r4, #6
100017de:	f145 37ff 	adc.w	r7, r5, #4294967295	@ 0xffffffff
100017e2:	42b4      	cmp	r4, r6
100017e4:	eb75 0307 	sbcs.w	r3, r5, r7
100017e8:	bf3c      	itt	cc
100017ea:	2600      	movcc	r6, #0
100017ec:	4637      	movcc	r7, r6
100017ee:	f000 f8e3 	bl	100019b8 <time_us_64>
100017f2:	1a30      	subs	r0, r6, r0
100017f4:	eb67 0101 	sbc.w	r1, r7, r1
100017f8:	2801      	cmp	r0, #1
100017fa:	f171 0100 	sbcs.w	r1, r1, #0
100017fe:	da06      	bge.n	1000180e <sleep_ms+0x5e>
10001800:	4620      	mov	r0, r4
10001802:	4629      	mov	r1, r5
10001804:	b002      	add	sp, #8
10001806:	e8bd 41f0 	ldmia.w	sp!, {r4, r5, r6, r7, r8, lr}
1000180a:	f000 b8df 	b.w	100019cc <busy_wait_until>
1000180e:	f000 f8d3 	bl	100019b8 <time_us_64>
10001812:	4286      	cmp	r6, r0
10001814:	eb67 0101 	sbc.w	r1, r7, r1
10001818:	2900      	cmp	r1, #0
1000181a:	db0a      	blt.n	10001832 <sleep_ms+0x82>
1000181c:	2100      	movs	r1, #0
1000181e:	4b17      	ldr	r3, [pc, #92]	@ (1000187c <sleep_ms+0xcc>)
10001820:	4632      	mov	r2, r6
10001822:	9300      	str	r3, [sp, #0]
10001824:	4816      	ldr	r0, [pc, #88]	@ (10001880 <sleep_ms+0xd0>)
10001826:	463b      	mov	r3, r7
10001828:	9101      	str	r1, [sp, #4]
1000182a:	f7ff ff17 	bl	1000165c <alarm_pool_add_alarm_at_force_in_context>
1000182e:	3001      	adds	r0, #1
10001830:	d0e6      	beq.n	10001800 <sleep_ms+0x50>
10001832:	f04f 0c00 	mov.w	ip, #0
10001836:	4a13      	ldr	r2, [pc, #76]	@ (10001884 <sleep_ms+0xd4>)
10001838:	4913      	ldr	r1, [pc, #76]	@ (10001888 <sleep_ms+0xd8>)
1000183a:	6a53      	ldr	r3, [r2, #36]	@ 0x24
1000183c:	429f      	cmp	r7, r3
1000183e:	d804      	bhi.n	1000184a <sleep_ms+0x9a>
10001840:	6a90      	ldr	r0, [r2, #40]	@ 0x28
10001842:	42b0      	cmp	r0, r6
10001844:	d2dc      	bcs.n	10001800 <sleep_ms+0x50>
10001846:	429f      	cmp	r7, r3
10001848:	d1da      	bne.n	10001800 <sleep_ms+0x50>
1000184a:	680b      	ldr	r3, [r1, #0]
1000184c:	f3ef 8010 	mrs	r0, PRIMASK
10001850:	b672      	cpsid	i
10001852:	e8d3 8fcf 	ldaexb	r8, [r3]
10001856:	f05f 0e01 	movs.w	lr, #1
1000185a:	f1b8 0f00 	cmp.w	r8, #0
1000185e:	d1f8      	bne.n	10001852 <sleep_ms+0xa2>
10001860:	e8c3 ef48 	strexb	r8, lr, [r3]
10001864:	f1b8 0f00 	cmp.w	r8, #0
10001868:	d1f3      	bne.n	10001852 <sleep_ms+0xa2>
1000186a:	f3bf 8f5f 	dmb	sy
1000186e:	680b      	ldr	r3, [r1, #0]
10001870:	e8c3 cf8f 	stlb	ip, [r3]
10001874:	f380 8810 	msr	PRIMASK, r0
10001878:	bf20      	wfe
1000187a:	e7de      	b.n	1000183a <sleep_ms+0x8a>
1000187c:	10001141 	.word	0x10001141
10001880:	20004c94 	.word	0x20004c94
10001884:	400b0000 	.word	0x400b0000
10001888:	20005910 	.word	0x20005910

1000188c <best_effort_wfe_or_timeout>:
1000188c:	f3ef 8205 	mrs	r2, IPSR
10001890:	b2d2      	uxtb	r2, r2
10001892:	b182      	cbz	r2, 100018b6 <best_effort_wfe_or_timeout+0x2a>
10001894:	4b38      	ldr	r3, [pc, #224]	@ (10001978 <best_effort_wfe_or_timeout+0xec>)
10001896:	6a5a      	ldr	r2, [r3, #36]	@ 0x24
10001898:	428a      	cmp	r2, r1
1000189a:	d202      	bcs.n	100018a2 <best_effort_wfe_or_timeout+0x16>
1000189c:	2200      	movs	r2, #0
1000189e:	4610      	mov	r0, r2
100018a0:	4770      	bx	lr
100018a2:	bf14      	ite	ne
100018a4:	2201      	movne	r2, #1
100018a6:	2200      	moveq	r2, #0
100018a8:	6a9b      	ldr	r3, [r3, #40]	@ 0x28
100018aa:	4283      	cmp	r3, r0
100018ac:	bf28      	it	cs
100018ae:	f042 0201 	orrcs.w	r2, r2, #1
100018b2:	4610      	mov	r0, r2
100018b4:	4770      	bx	lr
100018b6:	b570      	push	{r4, r5, r6, lr}
100018b8:	b084      	sub	sp, #16
100018ba:	9203      	str	r2, [sp, #12]
100018bc:	4a2f      	ldr	r2, [pc, #188]	@ (1000197c <best_effort_wfe_or_timeout+0xf0>)
100018be:	4606      	mov	r6, r0
100018c0:	68d3      	ldr	r3, [r2, #12]
100018c2:	7815      	ldrb	r5, [r2, #0]
100018c4:	4618      	mov	r0, r3
100018c6:	460c      	mov	r4, r1
100018c8:	9302      	str	r3, [sp, #8]
100018ca:	f000 f86d 	bl	100019a8 <timer_time_us_64>
100018ce:	9b02      	ldr	r3, [sp, #8]
100018d0:	f105 0c04 	add.w	ip, r5, #4
100018d4:	f853 c02c 	ldr.w	ip, [r3, ip, lsl #2]
100018d8:	9a03      	ldr	r2, [sp, #12]
100018da:	ebac 0c00 	sub.w	ip, ip, r0
100018de:	1a30      	subs	r0, r6, r0
100018e0:	eb64 0101 	sbc.w	r1, r4, r1
100018e4:	4560      	cmp	r0, ip
100018e6:	f171 0100 	sbcs.w	r1, r1, #0
100018ea:	db0f      	blt.n	1000190c <best_effort_wfe_or_timeout+0x80>
100018ec:	bf20      	wfe
100018ee:	4b22      	ldr	r3, [pc, #136]	@ (10001978 <best_effort_wfe_or_timeout+0xec>)
100018f0:	6a59      	ldr	r1, [r3, #36]	@ 0x24
100018f2:	42a1      	cmp	r1, r4
100018f4:	d307      	bcc.n	10001906 <best_effort_wfe_or_timeout+0x7a>
100018f6:	bf14      	ite	ne
100018f8:	2201      	movne	r2, #1
100018fa:	2200      	moveq	r2, #0
100018fc:	6a9b      	ldr	r3, [r3, #40]	@ 0x28
100018fe:	42b3      	cmp	r3, r6
10001900:	bf28      	it	cs
10001902:	f042 0201 	orrcs.w	r2, r2, #1
10001906:	4610      	mov	r0, r2
10001908:	b004      	add	sp, #16
1000190a:	bd70      	pop	{r4, r5, r6, pc}
1000190c:	9202      	str	r2, [sp, #8]
1000190e:	f000 f853 	bl	100019b8 <time_us_64>
10001912:	4286      	cmp	r6, r0
10001914:	eb64 0101 	sbc.w	r1, r4, r1
10001918:	2900      	cmp	r1, #0
1000191a:	9a02      	ldr	r2, [sp, #8]
1000191c:	db1b      	blt.n	10001956 <best_effort_wfe_or_timeout+0xca>
1000191e:	4918      	ldr	r1, [pc, #96]	@ (10001980 <best_effort_wfe_or_timeout+0xf4>)
10001920:	4623      	mov	r3, r4
10001922:	e9cd 1200 	strd	r1, r2, [sp]
10001926:	4815      	ldr	r0, [pc, #84]	@ (1000197c <best_effort_wfe_or_timeout+0xf0>)
10001928:	4632      	mov	r2, r6
1000192a:	f7ff fe97 	bl	1000165c <alarm_pool_add_alarm_at_force_in_context>
1000192e:	1e01      	subs	r1, r0, #0
10001930:	dd11      	ble.n	10001956 <best_effort_wfe_or_timeout+0xca>
10001932:	4b11      	ldr	r3, [pc, #68]	@ (10001978 <best_effort_wfe_or_timeout+0xec>)
10001934:	6a5a      	ldr	r2, [r3, #36]	@ 0x24
10001936:	42a2      	cmp	r2, r4
10001938:	d31c      	bcc.n	10001974 <best_effort_wfe_or_timeout+0xe8>
1000193a:	6a9b      	ldr	r3, [r3, #40]	@ 0x28
1000193c:	42b3      	cmp	r3, r6
1000193e:	d317      	bcc.n	10001970 <best_effort_wfe_or_timeout+0xe4>
10001940:	480e      	ldr	r0, [pc, #56]	@ (1000197c <best_effort_wfe_or_timeout+0xf0>)
10001942:	f7ff fef1 	bl	10001728 <alarm_pool_cancel_alarm>
10001946:	4b0c      	ldr	r3, [pc, #48]	@ (10001978 <best_effort_wfe_or_timeout+0xec>)
10001948:	6a5a      	ldr	r2, [r3, #36]	@ 0x24
1000194a:	42a2      	cmp	r2, r4
1000194c:	d2d3      	bcs.n	100018f6 <best_effort_wfe_or_timeout+0x6a>
1000194e:	2200      	movs	r2, #0
10001950:	4610      	mov	r0, r2
10001952:	b004      	add	sp, #16
10001954:	bd70      	pop	{r4, r5, r6, pc}
10001956:	4b08      	ldr	r3, [pc, #32]	@ (10001978 <best_effort_wfe_or_timeout+0xec>)
10001958:	6a5a      	ldr	r2, [r3, #36]	@ 0x24
1000195a:	42a2      	cmp	r2, r4
1000195c:	d3f7      	bcc.n	1000194e <best_effort_wfe_or_timeout+0xc2>
1000195e:	1b12      	subs	r2, r2, r4
10001960:	bf18      	it	ne
10001962:	2201      	movne	r2, #1
10001964:	6a9b      	ldr	r3, [r3, #40]	@ 0x28
10001966:	42b3      	cmp	r3, r6
10001968:	bf28      	it	cs
1000196a:	f042 0201 	orrcs.w	r2, r2, #1
1000196e:	e7ca      	b.n	10001906 <best_effort_wfe_or_timeout+0x7a>
10001970:	42a2      	cmp	r2, r4
10001972:	d1e5      	bne.n	10001940 <best_effort_wfe_or_timeout+0xb4>
10001974:	bf20      	wfe
10001976:	e7e3      	b.n	10001940 <best_effort_wfe_or_timeout+0xb4>
10001978:	400b0000 	.word	0x400b0000
1000197c:	20004c94 	.word	0x20004c94
10001980:	10001141 	.word	0x10001141

10001984 <timer_hardware_alarm_claim>:
10001984:	b410      	push	{r4}
10001986:	4b05      	ldr	r3, [pc, #20]	@ (1000199c <timer_hardware_alarm_claim+0x18>)
10001988:	4c05      	ldr	r4, [pc, #20]	@ (100019a0 <timer_hardware_alarm_claim+0x1c>)
1000198a:	4a06      	ldr	r2, [pc, #24]	@ (100019a4 <timer_hardware_alarm_claim+0x20>)
1000198c:	42a0      	cmp	r0, r4
1000198e:	bf14      	ite	ne
10001990:	4618      	movne	r0, r3
10001992:	1c58      	addeq	r0, r3, #1
10001994:	bc10      	pop	{r4}
10001996:	f7fe bfa7 	b.w	100008e8 <hw_claim_or_assert>
1000199a:	bf00      	nop
1000199c:	20005450 	.word	0x20005450
100019a0:	400b8000 	.word	0x400b8000
100019a4:	10004f78 	.word	0x10004f78

100019a8 <timer_time_us_64>:
100019a8:	4603      	mov	r3, r0
100019aa:	6a41      	ldr	r1, [r0, #36]	@ 0x24
100019ac:	460a      	mov	r2, r1
100019ae:	6a98      	ldr	r0, [r3, #40]	@ 0x28
100019b0:	6a59      	ldr	r1, [r3, #36]	@ 0x24
100019b2:	428a      	cmp	r2, r1
100019b4:	d1fa      	bne.n	100019ac <timer_time_us_64+0x4>
100019b6:	4770      	bx	lr

100019b8 <time_us_64>:
100019b8:	4b03      	ldr	r3, [pc, #12]	@ (100019c8 <time_us_64+0x10>)
100019ba:	6a59      	ldr	r1, [r3, #36]	@ 0x24
100019bc:	460a      	mov	r2, r1
100019be:	6a98      	ldr	r0, [r3, #40]	@ 0x28
100019c0:	6a59      	ldr	r1, [r3, #36]	@ 0x24
100019c2:	4291      	cmp	r1, r2
100019c4:	d1fa      	bne.n	100019bc <time_us_64+0x4>
100019c6:	4770      	bx	lr
100019c8:	400b0000 	.word	0x400b0000

100019cc <busy_wait_until>:
100019cc:	4a07      	ldr	r2, [pc, #28]	@ (100019ec <busy_wait_until+0x20>)
100019ce:	6a53      	ldr	r3, [r2, #36]	@ 0x24
100019d0:	4299      	cmp	r1, r3
100019d2:	d8fc      	bhi.n	100019ce <busy_wait_until+0x2>
100019d4:	4299      	cmp	r1, r3
100019d6:	d107      	bne.n	100019e8 <busy_wait_until+0x1c>
100019d8:	4b04      	ldr	r3, [pc, #16]	@ (100019ec <busy_wait_until+0x20>)
100019da:	e002      	b.n	100019e2 <busy_wait_until+0x16>
100019dc:	6a5a      	ldr	r2, [r3, #36]	@ 0x24
100019de:	4291      	cmp	r1, r2
100019e0:	d102      	bne.n	100019e8 <busy_wait_until+0x1c>
100019e2:	6a9a      	ldr	r2, [r3, #40]	@ 0x28
100019e4:	4290      	cmp	r0, r2
100019e6:	d8f9      	bhi.n	100019dc <busy_wait_until+0x10>
100019e8:	4770      	bx	lr
100019ea:	bf00      	nop
100019ec:	400b0000 	.word	0x400b0000

100019f0 <clock_configure_undivided>:
100019f0:	eb00 0c40 	add.w	ip, r0, r0, lsl #1
100019f4:	ea4f 0c8c 	mov.w	ip, ip, lsl #2
100019f8:	f10c 4c80 	add.w	ip, ip, #1073741824	@ 0x40000000
100019fc:	f50c 3c80 	add.w	ip, ip, #65536	@ 0x10000
10001a00:	b570      	push	{r4, r5, r6, lr}
10001a02:	461e      	mov	r6, r3
10001a04:	f8dc 3004 	ldr.w	r3, [ip, #4]
10001a08:	1f04      	subs	r4, r0, #4
10001a0a:	f5b3 3f80 	cmp.w	r3, #65536	@ 0x10000
10001a0e:	bf38      	it	cc
10001a10:	f44f 3380 	movcc.w	r3, #65536	@ 0x10000
10001a14:	b2e4      	uxtb	r4, r4
10001a16:	bf38      	it	cc
10001a18:	f8cc 3004 	strcc.w	r3, [ip, #4]
10001a1c:	2c01      	cmp	r4, #1
10001a1e:	d92e      	bls.n	10001a7e <clock_configure_undivided+0x8e>
10001a20:	f44f 6500 	mov.w	r5, #2048	@ 0x800
10001a24:	4b28      	ldr	r3, [pc, #160]	@ (10001ac8 <clock_configure_undivided+0xd8>)
10001a26:	f50c 5e40 	add.w	lr, ip, #12288	@ 0x3000
10001a2a:	f8ce 5000 	str.w	r5, [lr]
10001a2e:	f853 e020 	ldr.w	lr, [r3, r0, lsl #2]
10001a32:	f1be 0f00 	cmp.w	lr, #0
10001a36:	d117      	bne.n	10001a68 <clock_configure_undivided+0x78>
10001a38:	f8dc e000 	ldr.w	lr, [ip]
10001a3c:	2c01      	cmp	r4, #1
10001a3e:	ea8e 1242 	eor.w	r2, lr, r2, lsl #5
10001a42:	f002 02e0 	and.w	r2, r2, #224	@ 0xe0
10001a46:	f50c 5e80 	add.w	lr, ip, #4096	@ 0x1000
10001a4a:	f8ce 2000 	str.w	r2, [lr]
10001a4e:	d92b      	bls.n	10001aa8 <clock_configure_undivided+0xb8>
10001a50:	f44f 6100 	mov.w	r1, #2048	@ 0x800
10001a54:	f843 6020 	str.w	r6, [r3, r0, lsl #2]
10001a58:	f44f 3380 	mov.w	r3, #65536	@ 0x10000
10001a5c:	f50c 5200 	add.w	r2, ip, #8192	@ 0x2000
10001a60:	6011      	str	r1, [r2, #0]
10001a62:	f8cc 3004 	str.w	r3, [ip, #4]
10001a66:	bd70      	pop	{r4, r5, r6, pc}
10001a68:	695d      	ldr	r5, [r3, #20]
10001a6a:	fbb5 fefe 	udiv	lr, r5, lr
10001a6e:	f10e 0e01 	add.w	lr, lr, #1
10001a72:	eb0e 0e4e 	add.w	lr, lr, lr, lsl #1
10001a76:	f1be 0e03 	subs.w	lr, lr, #3
10001a7a:	d2fc      	bcs.n	10001a76 <clock_configure_undivided+0x86>
10001a7c:	e7dc      	b.n	10001a38 <clock_configure_undivided+0x48>
10001a7e:	2901      	cmp	r1, #1
10001a80:	d1ce      	bne.n	10001a20 <clock_configure_undivided+0x30>
10001a82:	2403      	movs	r4, #3
10001a84:	f50c 5340 	add.w	r3, ip, #12288	@ 0x3000
10001a88:	601c      	str	r4, [r3, #0]
10001a8a:	f8dc 3008 	ldr.w	r3, [ip, #8]
10001a8e:	07db      	lsls	r3, r3, #31
10001a90:	d5fb      	bpl.n	10001a8a <clock_configure_undivided+0x9a>
10001a92:	f8dc 3000 	ldr.w	r3, [ip]
10001a96:	f50c 5e80 	add.w	lr, ip, #4096	@ 0x1000
10001a9a:	ea83 1342 	eor.w	r3, r3, r2, lsl #5
10001a9e:	f003 03e0 	and.w	r3, r3, #224	@ 0xe0
10001aa2:	f8ce 3000 	str.w	r3, [lr]
10001aa6:	4b08      	ldr	r3, [pc, #32]	@ (10001ac8 <clock_configure_undivided+0xd8>)
10001aa8:	2201      	movs	r2, #1
10001aaa:	f8dc 4000 	ldr.w	r4, [ip]
10001aae:	404c      	eors	r4, r1
10001ab0:	f004 0403 	and.w	r4, r4, #3
10001ab4:	f8ce 4000 	str.w	r4, [lr]
10001ab8:	fa02 f101 	lsl.w	r1, r2, r1
10001abc:	f8dc 2008 	ldr.w	r2, [ip, #8]
10001ac0:	420a      	tst	r2, r1
10001ac2:	d0fb      	beq.n	10001abc <clock_configure_undivided+0xcc>
10001ac4:	e7c4      	b.n	10001a50 <clock_configure_undivided+0x60>
10001ac6:	bf00      	nop
10001ac8:	20005454 	.word	0x20005454

10001acc <clock_get_hz>:
10001acc:	4b01      	ldr	r3, [pc, #4]	@ (10001ad4 <clock_get_hz+0x8>)
10001ace:	f853 0020 	ldr.w	r0, [r3, r0, lsl #2]
10001ad2:	4770      	bx	lr
10001ad4:	20005454 	.word	0x20005454

10001ad8 <pll_init>:
10001ad8:	b510      	push	{r4, lr}
10001ada:	9c02      	ldr	r4, [sp, #8]
10001adc:	468e      	mov	lr, r1
10001ade:	ea4f 3c04 	mov.w	ip, r4, lsl #12
10001ae2:	ea4c 4c03 	orr.w	ip, ip, r3, lsl #16
10001ae6:	4b1c      	ldr	r3, [pc, #112]	@ (10001b58 <pll_init+0x80>)
10001ae8:	fbb3 f3f1 	udiv	r3, r3, r1
10001aec:	6801      	ldr	r1, [r0, #0]
10001aee:	fbb2 f4f3 	udiv	r4, r2, r3
10001af2:	2900      	cmp	r1, #0
10001af4:	db20      	blt.n	10001b38 <pll_init+0x60>
10001af6:	4a19      	ldr	r2, [pc, #100]	@ (10001b5c <pll_init+0x84>)
10001af8:	4b19      	ldr	r3, [pc, #100]	@ (10001b60 <pll_init+0x88>)
10001afa:	4290      	cmp	r0, r2
10001afc:	bf14      	ite	ne
10001afe:	f44f 4280 	movne.w	r2, #16384	@ 0x4000
10001b02:	f44f 4200 	moveq.w	r2, #32768	@ 0x8000
10001b06:	4917      	ldr	r1, [pc, #92]	@ (10001b64 <pll_init+0x8c>)
10001b08:	601a      	str	r2, [r3, #0]
10001b0a:	f503 5380 	add.w	r3, r3, #4096	@ 0x1000
10001b0e:	601a      	str	r2, [r3, #0]
10001b10:	688b      	ldr	r3, [r1, #8]
10001b12:	ea32 0303 	bics.w	r3, r2, r3
10001b16:	d1fb      	bne.n	10001b10 <pll_init+0x38>
10001b18:	2221      	movs	r2, #33	@ 0x21
10001b1a:	f500 5340 	add.w	r3, r0, #12288	@ 0x3000
10001b1e:	3304      	adds	r3, #4
10001b20:	f8c0 e000 	str.w	lr, [r0]
10001b24:	6084      	str	r4, [r0, #8]
10001b26:	601a      	str	r2, [r3, #0]
10001b28:	6802      	ldr	r2, [r0, #0]
10001b2a:	2a00      	cmp	r2, #0
10001b2c:	dafc      	bge.n	10001b28 <pll_init+0x50>
10001b2e:	2208      	movs	r2, #8
10001b30:	f8c0 c00c 	str.w	ip, [r0, #12]
10001b34:	601a      	str	r2, [r3, #0]
10001b36:	bd10      	pop	{r4, pc}
10001b38:	6803      	ldr	r3, [r0, #0]
10001b3a:	f003 033f 	and.w	r3, r3, #63	@ 0x3f
10001b3e:	4573      	cmp	r3, lr
10001b40:	d1d9      	bne.n	10001af6 <pll_init+0x1e>
10001b42:	6883      	ldr	r3, [r0, #8]
10001b44:	f3c3 030b 	ubfx	r3, r3, #0, #12
10001b48:	42a3      	cmp	r3, r4
10001b4a:	d1d4      	bne.n	10001af6 <pll_init+0x1e>
10001b4c:	68c3      	ldr	r3, [r0, #12]
10001b4e:	f403 23ee 	and.w	r3, r3, #487424	@ 0x77000
10001b52:	4563      	cmp	r3, ip
10001b54:	d1cf      	bne.n	10001af6 <pll_init+0x1e>
10001b56:	bd10      	pop	{r4, pc}
10001b58:	00b71b00 	.word	0x00b71b00
10001b5c:	40058000 	.word	0x40058000
10001b60:	40022000 	.word	0x40022000
10001b64:	40020000 	.word	0x40020000

10001b68 <watchdog_reboot>:
10001b68:	f04f 4c80 	mov.w	ip, #1073741824	@ 0x40000000
10001b6c:	4b21      	ldr	r3, [pc, #132]	@ (10001bf4 <watchdog_reboot+0x8c>)
10001b6e:	b500      	push	{lr}
10001b70:	f8c3 c000 	str.w	ip, [r3]
10001b74:	2800      	cmp	r0, #0
10001b76:	d039      	beq.n	10001bec <watchdog_reboot+0x84>
10001b78:	f8df c088 	ldr.w	ip, [pc, #136]	@ 10001c04 <watchdog_reboot+0x9c>
10001b7c:	f5a3 5340 	sub.w	r3, r3, #12288	@ 0x3000
10001b80:	f8c3 c01c 	str.w	ip, [r3, #28]
10001b84:	f8df c080 	ldr.w	ip, [pc, #128]	@ 10001c08 <watchdog_reboot+0xa0>
10001b88:	f040 0001 	orr.w	r0, r0, #1
10001b8c:	ea80 0c0c 	eor.w	ip, r0, ip
10001b90:	f8c3 c020 	str.w	ip, [r3, #32]
10001b94:	6259      	str	r1, [r3, #36]	@ 0x24
10001b96:	6298      	str	r0, [r3, #40]	@ 0x28
10001b98:	f04f 4e80 	mov.w	lr, #1073741824	@ 0x40000000
10001b9c:	f04f 61e0 	mov.w	r1, #117440512	@ 0x7000000
10001ba0:	4b14      	ldr	r3, [pc, #80]	@ (10001bf4 <watchdog_reboot+0x8c>)
10001ba2:	4815      	ldr	r0, [pc, #84]	@ (10001bf8 <watchdog_reboot+0x90>)
10001ba4:	f8df c064 	ldr.w	ip, [pc, #100]	@ 10001c0c <watchdog_reboot+0xa4>
10001ba8:	f8c3 e000 	str.w	lr, [r3]
10001bac:	f8c0 c008 	str.w	ip, [r0, #8]
10001bb0:	6019      	str	r1, [r3, #0]
10001bb2:	b92a      	cbnz	r2, 10001bc0 <watchdog_reboot+0x58>
10001bb4:	f04f 4200 	mov.w	r2, #2147483648	@ 0x80000000
10001bb8:	f5a3 5380 	sub.w	r3, r3, #4096	@ 0x1000
10001bbc:	601a      	str	r2, [r3, #0]
10001bbe:	bd00      	pop	{pc}
10001bc0:	f44f 737a 	mov.w	r3, #1000	@ 0x3e8
10001bc4:	fb03 f202 	mul.w	r2, r3, r2
10001bc8:	f1b2 7f80 	cmp.w	r2, #16777216	@ 0x1000000
10001bcc:	bf2a      	itet	cs
10001bce:	f06f 437f 	mvncs.w	r3, #4278190080	@ 0xff000000
10001bd2:	4613      	movcc	r3, r2
10001bd4:	461a      	movcs	r2, r3
10001bd6:	f04f 4180 	mov.w	r1, #1073741824	@ 0x40000000
10001bda:	f8df c034 	ldr.w	ip, [pc, #52]	@ 10001c10 <watchdog_reboot+0xa8>
10001bde:	4807      	ldr	r0, [pc, #28]	@ (10001bfc <watchdog_reboot+0x94>)
10001be0:	f8cc 3000 	str.w	r3, [ip]
10001be4:	4b06      	ldr	r3, [pc, #24]	@ (10001c00 <watchdog_reboot+0x98>)
10001be6:	6042      	str	r2, [r0, #4]
10001be8:	6019      	str	r1, [r3, #0]
10001bea:	bd00      	pop	{pc}
10001bec:	4b03      	ldr	r3, [pc, #12]	@ (10001bfc <watchdog_reboot+0x94>)
10001bee:	61d8      	str	r0, [r3, #28]
10001bf0:	e7d2      	b.n	10001b98 <watchdog_reboot+0x30>
10001bf2:	bf00      	nop
10001bf4:	400db000 	.word	0x400db000
10001bf8:	4001a000 	.word	0x4001a000
10001bfc:	400d8000 	.word	0x400d8000
10001c00:	400da000 	.word	0x400da000
10001c04:	b007c0d3 	.word	0xb007c0d3
10001c08:	4ff83f2d 	.word	0x4ff83f2d
10001c0c:	01fffff3 	.word	0x01fffff3
10001c10:	200058b8 	.word	0x200058b8

10001c14 <tick_start>:
10001c14:	2301      	movs	r3, #1
10001c16:	eb00 0040 	add.w	r0, r0, r0, lsl #1
10001c1a:	0080      	lsls	r0, r0, #2
10001c1c:	f100 4080 	add.w	r0, r0, #1073741824	@ 0x40000000
10001c20:	f500 1084 	add.w	r0, r0, #1081344	@ 0x108000
10001c24:	6041      	str	r1, [r0, #4]
10001c26:	6003      	str	r3, [r0, #0]
10001c28:	4770      	bx	lr
10001c2a:	bf00      	nop

10001c2c <rom_reboot.constprop.0.isra.0>:
10001c2c:	b510      	push	{r4, lr}
10001c2e:	2400      	movs	r4, #0
10001c30:	b082      	sub	sp, #8
10001c32:	460b      	mov	r3, r1
10001c34:	8ae4      	ldrh	r4, [r4, #22]
10001c36:	2100      	movs	r1, #0
10001c38:	e841 f100 	tt	r1, r1
10001c3c:	e9cd 0300 	strd	r0, r3, [sp]
10001c40:	024b      	lsls	r3, r1, #9
10001c42:	bf54      	ite	pl
10001c44:	2110      	movpl	r1, #16
10001c46:	2104      	movmi	r1, #4
10001c48:	f244 2052 	movw	r0, #16978	@ 0x4252
10001c4c:	47a0      	blx	r4
10001c4e:	e9dd 2300 	ldrd	r2, r3, [sp]
10001c52:	4686      	mov	lr, r0
10001c54:	210a      	movs	r1, #10
10001c56:	f44f 7081 	mov.w	r0, #258	@ 0x102
10001c5a:	46f4      	mov	ip, lr
10001c5c:	b002      	add	sp, #8
10001c5e:	e8bd 4010 	ldmia.w	sp!, {r4, lr}
10001c62:	4760      	bx	ip

10001c64 <rom_func_lookup>:
10001c64:	2300      	movs	r3, #0
10001c66:	8adb      	ldrh	r3, [r3, #22]
10001c68:	2200      	movs	r2, #0
10001c6a:	e842 f200 	tt	r2, r2
10001c6e:	0252      	lsls	r2, r2, #9
10001c70:	d401      	bmi.n	10001c76 <rom_func_lookup+0x12>
10001c72:	2110      	movs	r1, #16
10001c74:	4718      	bx	r3
10001c76:	2104      	movs	r1, #4
10001c78:	4718      	bx	r3
10001c7a:	bf00      	nop

10001c7c <rom_reset_usb_boot_extra>:
10001c7c:	b508      	push	{r3, lr}
10001c7e:	4603      	mov	r3, r0
10001c80:	4608      	mov	r0, r1
10001c82:	1e19      	subs	r1, r3, #0
10001c84:	db02      	blt.n	10001c8c <rom_reset_usb_boot_extra+0x10>
10001c86:	b11a      	cbz	r2, 10001c90 <rom_reset_usb_boot_extra+0x14>
10001c88:	f040 0030 	orr.w	r0, r0, #48	@ 0x30
10001c8c:	f7ff ffce 	bl	10001c2c <rom_reboot.constprop.0.isra.0>
10001c90:	f040 0020 	orr.w	r0, r0, #32
10001c94:	e7fa      	b.n	10001c8c <rom_reset_usb_boot_extra+0x10>
10001c96:	bf00      	nop

10001c98 <runtime_init_bootrom_locking_enable>:
10001c98:	4a03      	ldr	r2, [pc, #12]	@ (10001ca8 <runtime_init_bootrom_locking_enable+0x10>)
10001c9a:	f8d2 3828 	ldr.w	r3, [r2, #2088]	@ 0x828
10001c9e:	2b00      	cmp	r3, #0
10001ca0:	d0fb      	beq.n	10001c9a <runtime_init_bootrom_locking_enable+0x2>
10001ca2:	f3bf 8f5f 	dmb	sy
10001ca6:	4770      	bx	lr
10001ca8:	400e0000 	.word	0x400e0000

10001cac <runtime_init_boot_locks_reset>:
10001cac:	2100      	movs	r1, #0
10001cae:	4b04      	ldr	r3, [pc, #16]	@ (10001cc0 <runtime_init_boot_locks_reset+0x14>)
10001cb0:	4a04      	ldr	r2, [pc, #16]	@ (10001cc4 <runtime_init_boot_locks_reset+0x18>)
10001cb2:	f3bf 8f5f 	dmb	sy
10001cb6:	f843 1b04 	str.w	r1, [r3], #4
10001cba:	4293      	cmp	r3, r2
10001cbc:	d1f9      	bne.n	10001cb2 <runtime_init_boot_locks_reset+0x6>
10001cbe:	4770      	bx	lr
10001cc0:	400e080c 	.word	0x400e080c
10001cc4:	400e082c 	.word	0x400e082c

10001cc8 <xosc_init>:
10001cc8:	f44f 6c2a 	mov.w	ip, #2720	@ 0xaa0
10001ccc:	f44f 708d 	mov.w	r0, #282	@ 0x11a
10001cd0:	4a05      	ldr	r2, [pc, #20]	@ (10001ce8 <xosc_init+0x20>)
10001cd2:	4b06      	ldr	r3, [pc, #24]	@ (10001cec <xosc_init+0x24>)
10001cd4:	4906      	ldr	r1, [pc, #24]	@ (10001cf0 <xosc_init+0x28>)
10001cd6:	f8c2 c000 	str.w	ip, [r2]
10001cda:	60d0      	str	r0, [r2, #12]
10001cdc:	6019      	str	r1, [r3, #0]
10001cde:	6853      	ldr	r3, [r2, #4]
10001ce0:	2b00      	cmp	r3, #0
10001ce2:	dafc      	bge.n	10001cde <xosc_init+0x16>
10001ce4:	4770      	bx	lr
10001ce6:	bf00      	nop
10001ce8:	40048000 	.word	0x40048000
10001cec:	4004a000 	.word	0x4004a000
10001cf0:	00fab000 	.word	0x00fab000

10001cf4 <first_per_core_initializer>:
10001cf4:	4770      	bx	lr
10001cf6:	bf00      	nop

10001cf8 <hard_assertion_failure>:
10001cf8:	b508      	push	{r3, lr}
10001cfa:	4801      	ldr	r0, [pc, #4]	@ (10001d00 <hard_assertion_failure+0x8>)
10001cfc:	f7fe fdc0 	bl	10000880 <panic>
10001d00:	10004f9c 	.word	0x10004f9c

10001d04 <runtime_run_initializers>:
10001d04:	b538      	push	{r3, r4, r5, lr}
10001d06:	4c05      	ldr	r4, [pc, #20]	@ (10001d1c <runtime_run_initializers+0x18>)
10001d08:	4d05      	ldr	r5, [pc, #20]	@ (10001d20 <runtime_run_initializers+0x1c>)
10001d0a:	42ac      	cmp	r4, r5
10001d0c:	d204      	bcs.n	10001d18 <runtime_run_initializers+0x14>
10001d0e:	f854 3b04 	ldr.w	r3, [r4], #4
10001d12:	4798      	blx	r3
10001d14:	42ac      	cmp	r4, r5
10001d16:	d3fa      	bcc.n	10001d0e <runtime_run_initializers+0xa>
10001d18:	bd38      	pop	{r3, r4, r5, pc}
10001d1a:	bf00      	nop
10001d1c:	10004eb8 	.word	0x10004eb8
10001d20:	10004ef8 	.word	0x10004ef8

10001d24 <runtime_init_early_resets>:
10001d24:	4806      	ldr	r0, [pc, #24]	@ (10001d40 <runtime_init_early_resets+0x1c>)
10001d26:	f8df c028 	ldr.w	ip, [pc, #40]	@ 10001d50 <runtime_init_early_resets+0x2c>
10001d2a:	4b06      	ldr	r3, [pc, #24]	@ (10001d44 <runtime_init_early_resets+0x20>)
10001d2c:	4a06      	ldr	r2, [pc, #24]	@ (10001d48 <runtime_init_early_resets+0x24>)
10001d2e:	4907      	ldr	r1, [pc, #28]	@ (10001d4c <runtime_init_early_resets+0x28>)
10001d30:	f8c0 c000 	str.w	ip, [r0]
10001d34:	601a      	str	r2, [r3, #0]
10001d36:	688b      	ldr	r3, [r1, #8]
10001d38:	ea32 0303 	bics.w	r3, r2, r3
10001d3c:	d1fb      	bne.n	10001d36 <runtime_init_early_resets+0x12>
10001d3e:	4770      	bx	lr
10001d40:	40022000 	.word	0x40022000
10001d44:	40023000 	.word	0x40023000
10001d48:	03f3fff6 	.word	0x03f3fff6
10001d4c:	40020000 	.word	0x40020000
10001d50:	efef3b7f 	.word	0xefef3b7f

10001d54 <runtime_init_usb_power_down>:
10001d54:	4b04      	ldr	r3, [pc, #16]	@ (10001d68 <runtime_init_usb_power_down+0x14>)
10001d56:	6cdb      	ldr	r3, [r3, #76]	@ 0x4c
10001d58:	f5b3 4f00 	cmp.w	r3, #32768	@ 0x8000
10001d5c:	d103      	bne.n	10001d66 <runtime_init_usb_power_down+0x12>
10001d5e:	f44f 2280 	mov.w	r2, #262144	@ 0x40000
10001d62:	4b02      	ldr	r3, [pc, #8]	@ (10001d6c <runtime_init_usb_power_down+0x18>)
10001d64:	64da      	str	r2, [r3, #76]	@ 0x4c
10001d66:	4770      	bx	lr
10001d68:	50110000 	.word	0x50110000
10001d6c:	50112000 	.word	0x50112000

10001d70 <runtime_init_per_core_enable_coprocessors>:
10001d70:	f04f 22e0 	mov.w	r2, #3758153728	@ 0xe000e000
10001d74:	4b04      	ldr	r3, [pc, #16]	@ (10001d88 <runtime_init_per_core_enable_coprocessors+0x18>)
10001d76:	f8d2 1d88 	ldr.w	r1, [r2, #3464]	@ 0xd88
10001d7a:	430b      	orrs	r3, r1
10001d7c:	f8c2 3d88 	str.w	r3, [r2, #3464]	@ 0xd88
10001d80:	ee10 0430 			dcp_rcmp r0
10001d84:	4770      	bx	lr
10001d86:	bf00      	nop
10001d88:	00300303 	.word	0x00300303

10001d8c <runtime_init_post_clock_resets>:
10001d8c:	f06f 4160 	mvn.w	r1, #3758096384	@ 0xe0000000
10001d90:	4b04      	ldr	r3, [pc, #16]	@ (10001da4 <runtime_init_post_clock_resets+0x18>)
10001d92:	4a05      	ldr	r2, [pc, #20]	@ (10001da8 <runtime_init_post_clock_resets+0x1c>)
10001d94:	6019      	str	r1, [r3, #0]
10001d96:	6893      	ldr	r3, [r2, #8]
10001d98:	43db      	mvns	r3, r3
10001d9a:	f033 4360 	bics.w	r3, r3, #3758096384	@ 0xe0000000
10001d9e:	d1fa      	bne.n	10001d96 <runtime_init_post_clock_resets+0xa>
10001da0:	4770      	bx	lr
10001da2:	bf00      	nop
10001da4:	40023000 	.word	0x40023000
10001da8:	40020000 	.word	0x40020000

10001dac <runtime_init_bootrom_reset>:
10001dac:	b510      	push	{r4, lr}
10001dae:	f245 2053 	movw	r0, #21075	@ 0x5253
10001db2:	f7ff ff57 	bl	10001c64 <rom_func_lookup>
10001db6:	e8bd 4010 	ldmia.w	sp!, {r4, lr}
10001dba:	4603      	mov	r3, r0
10001dbc:	2004      	movs	r0, #4
10001dbe:	4718      	bx	r3

10001dc0 <runtime_init_per_core_bootrom_reset>:
10001dc0:	b510      	push	{r4, lr}
10001dc2:	f245 2053 	movw	r0, #21075	@ 0x5253
10001dc6:	f7ff ff4d 	bl	10001c64 <rom_func_lookup>
10001dca:	e8bd 4010 	ldmia.w	sp!, {r4, lr}
10001dce:	4603      	mov	r3, r0
10001dd0:	2001      	movs	r0, #1
10001dd2:	4718      	bx	r3

10001dd4 <runtime_init_spin_locks_reset>:
10001dd4:	f7fe be44 	b.w	10000a60 <spin_locks_reset>

10001dd8 <runtime_init_install_ram_vector_table>:
10001dd8:	4914      	ldr	r1, [pc, #80]	@ (10001e2c <runtime_init_install_ram_vector_table+0x54>)
10001dda:	4b15      	ldr	r3, [pc, #84]	@ (10001e30 <runtime_init_install_ram_vector_table+0x58>)
10001ddc:	b570      	push	{r4, r5, r6, lr}
10001dde:	1a5c      	subs	r4, r3, r1
10001de0:	10a6      	asrs	r6, r4, #2
10001de2:	2e44      	cmp	r6, #68	@ 0x44
10001de4:	4632      	mov	r2, r6
10001de6:	bf28      	it	cs
10001de8:	2244      	movcs	r2, #68	@ 0x44
10001dea:	4d12      	ldr	r5, [pc, #72]	@ (10001e34 <runtime_init_install_ram_vector_table+0x5c>)
10001dec:	0092      	lsls	r2, r2, #2
10001dee:	4628      	mov	r0, r5
10001df0:	f002 ff98 	bl	10004d24 <memcpy>
10001df4:	f5b4 7f86 	cmp.w	r4, #268	@ 0x10c
10001df8:	d813      	bhi.n	10001e22 <runtime_init_install_ram_vector_table+0x4a>
10001dfa:	4a0f      	ldr	r2, [pc, #60]	@ (10001e38 <runtime_init_install_ram_vector_table+0x60>)
10001dfc:	d014      	beq.n	10001e28 <runtime_init_install_ram_vector_table+0x50>
10001dfe:	f1c6 0044 	rsb	r0, r6, #68	@ 0x44
10001e02:	192b      	adds	r3, r5, r4
10001e04:	0841      	lsrs	r1, r0, #1
10001e06:	eb03 01c1 	add.w	r1, r3, r1, lsl #3
10001e0a:	e9c3 2200 	strd	r2, r2, [r3]
10001e0e:	3308      	adds	r3, #8
10001e10:	4299      	cmp	r1, r3
10001e12:	d1fa      	bne.n	10001e0a <runtime_init_install_ram_vector_table+0x32>
10001e14:	07c3      	lsls	r3, r0, #31
10001e16:	d504      	bpl.n	10001e22 <runtime_init_install_ram_vector_table+0x4a>
10001e18:	f020 0001 	bic.w	r0, r0, #1
10001e1c:	4430      	add	r0, r6
10001e1e:	f845 2020 	str.w	r2, [r5, r0, lsl #2]
10001e22:	4b06      	ldr	r3, [pc, #24]	@ (10001e3c <runtime_init_install_ram_vector_table+0x64>)
10001e24:	609d      	str	r5, [r3, #8]
10001e26:	bd70      	pop	{r4, r5, r6, pc}
10001e28:	2043      	movs	r0, #67	@ 0x43
10001e2a:	e7f8      	b.n	10001e1e <runtime_init_install_ram_vector_table+0x46>
10001e2c:	10000000 	.word	0x10000000
10001e30:	10000110 	.word	0x10000110
10001e34:	20000000 	.word	0x20000000
10001e38:	10000111 	.word	0x10000111
10001e3c:	e000ed00 	.word	0xe000ed00

10001e40 <runtime_init_clocks>:
10001e40:	2300      	movs	r3, #0
10001e42:	b570      	push	{r4, r5, r6, lr}
10001e44:	4c2b      	ldr	r4, [pc, #172]	@ (10001ef4 <runtime_init_clocks+0xb4>)
10001e46:	b082      	sub	sp, #8
10001e48:	f8c4 3084 	str.w	r3, [r4, #132]	@ 0x84
10001e4c:	f7ff ff3c 	bl	10001cc8 <xosc_init>
10001e50:	2201      	movs	r2, #1
10001e52:	4b29      	ldr	r3, [pc, #164]	@ (10001ef8 <runtime_init_clocks+0xb8>)
10001e54:	63da      	str	r2, [r3, #60]	@ 0x3c
10001e56:	6c63      	ldr	r3, [r4, #68]	@ 0x44
10001e58:	2b01      	cmp	r3, #1
10001e5a:	d1fc      	bne.n	10001e56 <runtime_init_clocks+0x16>
10001e5c:	2103      	movs	r1, #3
10001e5e:	4a26      	ldr	r2, [pc, #152]	@ (10001ef8 <runtime_init_clocks+0xb8>)
10001e60:	4b24      	ldr	r3, [pc, #144]	@ (10001ef4 <runtime_init_clocks+0xb4>)
10001e62:	6311      	str	r1, [r2, #48]	@ 0x30
10001e64:	6b9c      	ldr	r4, [r3, #56]	@ 0x38
10001e66:	2c01      	cmp	r4, #1
10001e68:	d1fc      	bne.n	10001e64 <runtime_init_clocks+0x24>
10001e6a:	2602      	movs	r6, #2
10001e6c:	2505      	movs	r5, #5
10001e6e:	4621      	mov	r1, r4
10001e70:	2305      	movs	r3, #5
10001e72:	4a22      	ldr	r2, [pc, #136]	@ (10001efc <runtime_init_clocks+0xbc>)
10001e74:	4822      	ldr	r0, [pc, #136]	@ (10001f00 <runtime_init_clocks+0xc0>)
10001e76:	9600      	str	r6, [sp, #0]
10001e78:	f7ff fe2e 	bl	10001ad8 <pll_init>
10001e7c:	4621      	mov	r1, r4
10001e7e:	462b      	mov	r3, r5
10001e80:	4a20      	ldr	r2, [pc, #128]	@ (10001f04 <runtime_init_clocks+0xc4>)
10001e82:	4821      	ldr	r0, [pc, #132]	@ (10001f08 <runtime_init_clocks+0xc8>)
10001e84:	9500      	str	r5, [sp, #0]
10001e86:	f7ff fe27 	bl	10001ad8 <pll_init>
10001e8a:	2200      	movs	r2, #0
10001e8c:	2004      	movs	r0, #4
10001e8e:	4631      	mov	r1, r6
10001e90:	4b1e      	ldr	r3, [pc, #120]	@ (10001f0c <runtime_init_clocks+0xcc>)
10001e92:	f7ff fdad 	bl	100019f0 <clock_configure_undivided>
10001e96:	4621      	mov	r1, r4
10001e98:	4628      	mov	r0, r5
10001e9a:	2200      	movs	r2, #0
10001e9c:	4b1c      	ldr	r3, [pc, #112]	@ (10001f10 <runtime_init_clocks+0xd0>)
10001e9e:	f7ff fda7 	bl	100019f0 <clock_configure_undivided>
10001ea2:	2200      	movs	r2, #0
10001ea4:	2008      	movs	r0, #8
10001ea6:	4611      	mov	r1, r2
10001ea8:	4b1a      	ldr	r3, [pc, #104]	@ (10001f14 <runtime_init_clocks+0xd4>)
10001eaa:	f7ff fda1 	bl	100019f0 <clock_configure_undivided>
10001eae:	2200      	movs	r2, #0
10001eb0:	2009      	movs	r0, #9
10001eb2:	4611      	mov	r1, r2
10001eb4:	4b17      	ldr	r3, [pc, #92]	@ (10001f14 <runtime_init_clocks+0xd4>)
10001eb6:	f7ff fd9b 	bl	100019f0 <clock_configure_undivided>
10001eba:	2200      	movs	r2, #0
10001ebc:	2006      	movs	r0, #6
10001ebe:	4611      	mov	r1, r2
10001ec0:	4b13      	ldr	r3, [pc, #76]	@ (10001f10 <runtime_init_clocks+0xd0>)
10001ec2:	f7ff fd95 	bl	100019f0 <clock_configure_undivided>
10001ec6:	2200      	movs	r2, #0
10001ec8:	4b11      	ldr	r3, [pc, #68]	@ (10001f10 <runtime_init_clocks+0xd0>)
10001eca:	2007      	movs	r0, #7
10001ecc:	4611      	mov	r1, r2
10001ece:	f7ff fd8f 	bl	100019f0 <clock_configure_undivided>
10001ed2:	2004      	movs	r0, #4
10001ed4:	f7ff fdfa 	bl	10001acc <clock_get_hz>
10001ed8:	2400      	movs	r4, #0
10001eda:	4b0f      	ldr	r3, [pc, #60]	@ (10001f18 <runtime_init_clocks+0xd8>)
10001edc:	fba3 3500 	umull	r3, r5, r3, r0
10001ee0:	0cad      	lsrs	r5, r5, #18
10001ee2:	b2e0      	uxtb	r0, r4
10001ee4:	4629      	mov	r1, r5
10001ee6:	3401      	adds	r4, #1
10001ee8:	f7ff fe94 	bl	10001c14 <tick_start>
10001eec:	2c06      	cmp	r4, #6
10001eee:	d1f8      	bne.n	10001ee2 <runtime_init_clocks+0xa2>
10001ef0:	b002      	add	sp, #8
10001ef2:	bd70      	pop	{r4, r5, r6, pc}
10001ef4:	40010000 	.word	0x40010000
10001ef8:	40013000 	.word	0x40013000
10001efc:	59682f00 	.word	0x59682f00
10001f00:	40050000 	.word	0x40050000
10001f04:	47868c00 	.word	0x47868c00
10001f08:	40058000 	.word	0x40058000
10001f0c:	00b71b00 	.word	0x00b71b00
10001f10:	08f0d180 	.word	0x08f0d180
10001f14:	02dc6c00 	.word	0x02dc6c00
10001f18:	431bde83 	.word	0x431bde83

10001f1c <_out_char>:
10001f1c:	b900      	cbnz	r0, 10001f20 <_out_char+0x4>
10001f1e:	4770      	bx	lr
10001f20:	f000 b920 	b.w	10002164 <__wrap_putchar>

10001f24 <weak_raw_vprintf>:
10001f24:	b510      	push	{r4, lr}
10001f26:	4a09      	ldr	r2, [pc, #36]	@ (10001f4c <weak_raw_vprintf+0x28>)
10001f28:	b084      	sub	sp, #16
10001f2a:	6814      	ldr	r4, [r2, #0]
10001f2c:	b14c      	cbz	r4, 10001f42 <weak_raw_vprintf+0x1e>
10001f2e:	4603      	mov	r3, r0
10001f30:	9100      	str	r1, [sp, #0]
10001f32:	f04f 32ff 	mov.w	r2, #4294967295	@ 0xffffffff
10001f36:	a903      	add	r1, sp, #12
10001f38:	4805      	ldr	r0, [pc, #20]	@ (10001f50 <weak_raw_vprintf+0x2c>)
10001f3a:	47a0      	blx	r4
10001f3c:	2001      	movs	r0, #1
10001f3e:	b004      	add	sp, #16
10001f40:	bd10      	pop	{r4, pc}
10001f42:	f000 f951 	bl	100021e8 <__wrap_puts>
10001f46:	4620      	mov	r0, r4
10001f48:	b004      	add	sp, #16
10001f4a:	bd10      	pop	{r4, pc}
10001f4c:	200058b4 	.word	0x200058b4
10001f50:	10001f1d 	.word	0x10001f1d

10001f54 <_exit>:
10001f54:	be00      	bkpt	0x0000
10001f56:	e7fd      	b.n	10001f54 <_exit>

10001f58 <exit>:
10001f58:	b508      	push	{r3, lr}
10001f5a:	f7ff fffb 	bl	10001f54 <_exit>
10001f5e:	bf00      	nop

10001f60 <runtime_init>:
10001f60:	b538      	push	{r3, r4, r5, lr}
10001f62:	4c06      	ldr	r4, [pc, #24]	@ (10001f7c <runtime_init+0x1c>)
10001f64:	4d06      	ldr	r5, [pc, #24]	@ (10001f80 <runtime_init+0x20>)
10001f66:	f7ff fecd 	bl	10001d04 <runtime_run_initializers>
10001f6a:	42ac      	cmp	r4, r5
10001f6c:	d204      	bcs.n	10001f78 <runtime_init+0x18>
10001f6e:	f854 3b04 	ldr.w	r3, [r4], #4
10001f72:	4798      	blx	r3
10001f74:	42ac      	cmp	r4, r5
10001f76:	d3fa      	bcc.n	10001f6e <runtime_init+0xe>
10001f78:	bd38      	pop	{r3, r4, r5, pc}
10001f7a:	bf00      	nop
10001f7c:	10004ef8 	.word	0x10004ef8
10001f80:	10004f00 	.word	0x10004f00

10001f84 <stdio_out_chars_no_crlf>:
10001f84:	6803      	ldr	r3, [r0, #0]
10001f86:	4608      	mov	r0, r1
10001f88:	4611      	mov	r1, r2
10001f8a:	4718      	bx	r3

10001f8c <stdio_out_chars_crlf>:
10001f8c:	b570      	push	{r4, r5, r6, lr}
10001f8e:	4605      	mov	r5, r0
10001f90:	4608      	mov	r0, r1
10001f92:	7d69      	ldrb	r1, [r5, #21]
10001f94:	b082      	sub	sp, #8
10001f96:	2900      	cmp	r1, #0
10001f98:	d04f      	beq.n	1000203a <stdio_out_chars_crlf+0xae>
10001f9a:	2a00      	cmp	r2, #0
10001f9c:	dd25      	ble.n	10001fea <stdio_out_chars_crlf+0x5e>
10001f9e:	7803      	ldrb	r3, [r0, #0]
10001fa0:	4614      	mov	r4, r2
10001fa2:	2b0a      	cmp	r3, #10
10001fa4:	4606      	mov	r6, r0
10001fa6:	d022      	beq.n	10001fee <stdio_out_chars_crlf+0x62>
10001fa8:	2c01      	cmp	r4, #1
10001faa:	f04f 0e00 	mov.w	lr, #0
10001fae:	d00d      	beq.n	10001fcc <stdio_out_chars_crlf+0x40>
10001fb0:	4632      	mov	r2, r6
10001fb2:	2301      	movs	r3, #1
10001fb4:	f812 cf01 	ldrb.w	ip, [r2, #1]!
10001fb8:	4619      	mov	r1, r3
10001fba:	f1bc 0f0a 	cmp.w	ip, #10
10001fbe:	f103 0301 	add.w	r3, r3, #1
10001fc2:	d020      	beq.n	10002006 <stdio_out_chars_crlf+0x7a>
10001fc4:	429c      	cmp	r4, r3
10001fc6:	d1f5      	bne.n	10001fb4 <stdio_out_chars_crlf+0x28>
10001fc8:	4574      	cmp	r4, lr
10001fca:	dd05      	ble.n	10001fd8 <stdio_out_chars_crlf+0x4c>
10001fcc:	682b      	ldr	r3, [r5, #0]
10001fce:	eba4 010e 	sub.w	r1, r4, lr
10001fd2:	eb06 000e 	add.w	r0, r6, lr
10001fd6:	4798      	blx	r3
10001fd8:	1931      	adds	r1, r6, r4
10001fda:	f811 3c01 	ldrb.w	r3, [r1, #-1]
10001fde:	f1a3 030d 	sub.w	r3, r3, #13
10001fe2:	fab3 f383 	clz	r3, r3
10001fe6:	095b      	lsrs	r3, r3, #5
10001fe8:	752b      	strb	r3, [r5, #20]
10001fea:	b002      	add	sp, #8
10001fec:	bd70      	pop	{r4, r5, r6, pc}
10001fee:	7d2b      	ldrb	r3, [r5, #20]
10001ff0:	2b00      	cmp	r3, #0
10001ff2:	d1d9      	bne.n	10001fa8 <stdio_out_chars_crlf+0x1c>
10001ff4:	2102      	movs	r1, #2
10001ff6:	682b      	ldr	r3, [r5, #0]
10001ff8:	4813      	ldr	r0, [pc, #76]	@ (10002048 <stdio_out_chars_crlf+0xbc>)
10001ffa:	4798      	blx	r3
10001ffc:	2c01      	cmp	r4, #1
10001ffe:	d0eb      	beq.n	10001fd8 <stdio_out_chars_crlf+0x4c>
10002000:	f04f 0e01 	mov.w	lr, #1
10002004:	e7d4      	b.n	10001fb0 <stdio_out_chars_crlf+0x24>
10002006:	f812 0c01 	ldrb.w	r0, [r2, #-1]
1000200a:	280d      	cmp	r0, #13
1000200c:	d0da      	beq.n	10001fc4 <stdio_out_chars_crlf+0x38>
1000200e:	458e      	cmp	lr, r1
10002010:	eb06 000e 	add.w	r0, r6, lr
10002014:	eba1 010e 	sub.w	r1, r1, lr
10002018:	da05      	bge.n	10002026 <stdio_out_chars_crlf+0x9a>
1000201a:	e9cd 3200 	strd	r3, r2, [sp]
1000201e:	682b      	ldr	r3, [r5, #0]
10002020:	4798      	blx	r3
10002022:	e9dd 3200 	ldrd	r3, r2, [sp]
10002026:	e9cd 3200 	strd	r3, r2, [sp]
1000202a:	2102      	movs	r1, #2
1000202c:	682b      	ldr	r3, [r5, #0]
1000202e:	4806      	ldr	r0, [pc, #24]	@ (10002048 <stdio_out_chars_crlf+0xbc>)
10002030:	4798      	blx	r3
10002032:	9b00      	ldr	r3, [sp, #0]
10002034:	9a01      	ldr	r2, [sp, #4]
10002036:	469e      	mov	lr, r3
10002038:	e7c4      	b.n	10001fc4 <stdio_out_chars_crlf+0x38>
1000203a:	4611      	mov	r1, r2
1000203c:	682b      	ldr	r3, [r5, #0]
1000203e:	b002      	add	sp, #8
10002040:	e8bd 4070 	ldmia.w	sp!, {r4, r5, r6, lr}
10002044:	4718      	bx	r3
10002046:	bf00      	nop
10002048:	10005124 	.word	0x10005124

1000204c <stdio_put_string>:
1000204c:	e92d 47f0 	stmdb	sp!, {r4, r5, r6, r7, r8, r9, sl, lr}
10002050:	b082      	sub	sp, #8
10002052:	4690      	mov	r8, r2
10002054:	461c      	mov	r4, r3
10002056:	460d      	mov	r5, r1
10002058:	4607      	mov	r7, r0
1000205a:	f7ff fcad 	bl	100019b8 <time_us_64>
1000205e:	f04f 3cff 	mov.w	ip, #4294967295	@ 0xffffffff
10002062:	f06f 4600 	mvn.w	r6, #2147483648	@ 0x80000000
10002066:	4a2e      	ldr	r2, [pc, #184]	@ (10002120 <stdio_put_string+0xd4>)
10002068:	1882      	adds	r2, r0, r2
1000206a:	f141 0300 	adc.w	r3, r1, #0
1000206e:	4594      	cmp	ip, r2
10002070:	eb76 0103 	sbcs.w	r1, r6, r3
10002074:	bf3c      	itt	cc
10002076:	4662      	movcc	r2, ip
10002078:	4633      	movcc	r3, r6
1000207a:	482a      	ldr	r0, [pc, #168]	@ (10002124 <stdio_put_string+0xd8>)
1000207c:	f002 ff14 	bl	10004ea8 <__mutex_try_enter_block_until_veneer>
10002080:	1c6b      	adds	r3, r5, #1
10002082:	4682      	mov	sl, r0
10002084:	d040      	beq.n	10002108 <stdio_put_string+0xbc>
10002086:	b30c      	cbz	r4, 100020cc <stdio_put_string+0x80>
10002088:	4e27      	ldr	r6, [pc, #156]	@ (10002128 <stdio_put_string+0xdc>)
1000208a:	4b28      	ldr	r3, [pc, #160]	@ (1000212c <stdio_put_string+0xe0>)
1000208c:	681c      	ldr	r4, [r3, #0]
1000208e:	b1b4      	cbz	r4, 100020be <stdio_put_string+0x72>
10002090:	f1b8 0f00 	cmp.w	r8, #0
10002094:	d11c      	bne.n	100020d0 <stdio_put_string+0x84>
10002096:	f8df 809c 	ldr.w	r8, [pc, #156]	@ 10002134 <stdio_put_string+0xe8>
1000209a:	e001      	b.n	100020a0 <stdio_put_string+0x54>
1000209c:	6924      	ldr	r4, [r4, #16]
1000209e:	b174      	cbz	r4, 100020be <stdio_put_string+0x72>
100020a0:	6823      	ldr	r3, [r4, #0]
100020a2:	2b00      	cmp	r3, #0
100020a4:	d0fa      	beq.n	1000209c <stdio_put_string+0x50>
100020a6:	f8d8 3000 	ldr.w	r3, [r8]
100020aa:	b10b      	cbz	r3, 100020b0 <stdio_put_string+0x64>
100020ac:	429c      	cmp	r4, r3
100020ae:	d1f5      	bne.n	1000209c <stdio_put_string+0x50>
100020b0:	4620      	mov	r0, r4
100020b2:	462a      	mov	r2, r5
100020b4:	4639      	mov	r1, r7
100020b6:	47b0      	blx	r6
100020b8:	6924      	ldr	r4, [r4, #16]
100020ba:	2c00      	cmp	r4, #0
100020bc:	d1f0      	bne.n	100020a0 <stdio_put_string+0x54>
100020be:	f1ba 0f00 	cmp.w	sl, #0
100020c2:	d126      	bne.n	10002112 <stdio_put_string+0xc6>
100020c4:	4628      	mov	r0, r5
100020c6:	b002      	add	sp, #8
100020c8:	e8bd 87f0 	ldmia.w	sp!, {r4, r5, r6, r7, r8, r9, sl, pc}
100020cc:	4e18      	ldr	r6, [pc, #96]	@ (10002130 <stdio_put_string+0xe4>)
100020ce:	e7dc      	b.n	1000208a <stdio_put_string+0x3e>
100020d0:	f04f 090a 	mov.w	r9, #10
100020d4:	f8df 805c 	ldr.w	r8, [pc, #92]	@ 10002134 <stdio_put_string+0xe8>
100020d8:	e002      	b.n	100020e0 <stdio_put_string+0x94>
100020da:	6924      	ldr	r4, [r4, #16]
100020dc:	2c00      	cmp	r4, #0
100020de:	d0ee      	beq.n	100020be <stdio_put_string+0x72>
100020e0:	6823      	ldr	r3, [r4, #0]
100020e2:	2b00      	cmp	r3, #0
100020e4:	d0f9      	beq.n	100020da <stdio_put_string+0x8e>
100020e6:	f8d8 3000 	ldr.w	r3, [r8]
100020ea:	b10b      	cbz	r3, 100020f0 <stdio_put_string+0xa4>
100020ec:	42a3      	cmp	r3, r4
100020ee:	d1f4      	bne.n	100020da <stdio_put_string+0x8e>
100020f0:	462a      	mov	r2, r5
100020f2:	4639      	mov	r1, r7
100020f4:	4620      	mov	r0, r4
100020f6:	47b0      	blx	r6
100020f8:	2201      	movs	r2, #1
100020fa:	4620      	mov	r0, r4
100020fc:	f10d 0107 	add.w	r1, sp, #7
10002100:	f88d 9007 	strb.w	r9, [sp, #7]
10002104:	47b0      	blx	r6
10002106:	e7e8      	b.n	100020da <stdio_put_string+0x8e>
10002108:	4638      	mov	r0, r7
1000210a:	f002 fe81 	bl	10004e10 <strlen>
1000210e:	4605      	mov	r5, r0
10002110:	e7b9      	b.n	10002086 <stdio_put_string+0x3a>
10002112:	4804      	ldr	r0, [pc, #16]	@ (10002124 <stdio_put_string+0xd8>)
10002114:	f002 febc 	bl	10004e90 <__mutex_exit_veneer>
10002118:	4628      	mov	r0, r5
1000211a:	b002      	add	sp, #8
1000211c:	e8bd 87f0 	ldmia.w	sp!, {r4, r5, r6, r7, r8, r9, sl, pc}
10002120:	000f4240 	.word	0x000f4240
10002124:	20004ce4 	.word	0x20004ce4
10002128:	10001f8d 	.word	0x10001f8d
1000212c:	200054a4 	.word	0x200054a4
10002130:	10001f85 	.word	0x10001f85
10002134:	200054ac 	.word	0x200054ac

10002138 <stdio_set_driver_enabled>:
10002138:	4a08      	ldr	r2, [pc, #32]	@ (1000215c <stdio_set_driver_enabled+0x24>)
1000213a:	6813      	ldr	r3, [r2, #0]
1000213c:	b923      	cbnz	r3, 10002148 <stdio_set_driver_enabled+0x10>
1000213e:	e00a      	b.n	10002156 <stdio_set_driver_enabled+0x1e>
10002140:	f103 0210 	add.w	r2, r3, #16
10002144:	691b      	ldr	r3, [r3, #16]
10002146:	b133      	cbz	r3, 10002156 <stdio_set_driver_enabled+0x1e>
10002148:	4283      	cmp	r3, r0
1000214a:	d1f9      	bne.n	10002140 <stdio_set_driver_enabled+0x8>
1000214c:	b929      	cbnz	r1, 1000215a <stdio_set_driver_enabled+0x22>
1000214e:	6918      	ldr	r0, [r3, #16]
10002150:	6010      	str	r0, [r2, #0]
10002152:	6119      	str	r1, [r3, #16]
10002154:	4770      	bx	lr
10002156:	b101      	cbz	r1, 1000215a <stdio_set_driver_enabled+0x22>
10002158:	6010      	str	r0, [r2, #0]
1000215a:	4770      	bx	lr
1000215c:	200054a4 	.word	0x200054a4

10002160 <stdio_init_all>:
10002160:	f000 ba74 	b.w	1000264c <stdio_usb_init>

10002164 <__wrap_putchar>:
10002164:	b5f0      	push	{r4, r5, r6, r7, lr}
10002166:	b083      	sub	sp, #12
10002168:	4606      	mov	r6, r0
1000216a:	f88d 0007 	strb.w	r0, [sp, #7]
1000216e:	f7ff fc23 	bl	100019b8 <time_us_64>
10002172:	f04f 35ff 	mov.w	r5, #4294967295	@ 0xffffffff
10002176:	f06f 4400 	mvn.w	r4, #2147483648	@ 0x80000000
1000217a:	4a17      	ldr	r2, [pc, #92]	@ (100021d8 <__wrap_putchar+0x74>)
1000217c:	1882      	adds	r2, r0, r2
1000217e:	f141 0300 	adc.w	r3, r1, #0
10002182:	4295      	cmp	r5, r2
10002184:	eb74 0103 	sbcs.w	r1, r4, r3
10002188:	bf3c      	itt	cc
1000218a:	4623      	movcc	r3, r4
1000218c:	462a      	movcc	r2, r5
1000218e:	4813      	ldr	r0, [pc, #76]	@ (100021dc <__wrap_putchar+0x78>)
10002190:	f002 fe8a 	bl	10004ea8 <__mutex_try_enter_block_until_veneer>
10002194:	4b12      	ldr	r3, [pc, #72]	@ (100021e0 <__wrap_putchar+0x7c>)
10002196:	4607      	mov	r7, r0
10002198:	681c      	ldr	r4, [r3, #0]
1000219a:	b19c      	cbz	r4, 100021c4 <__wrap_putchar+0x60>
1000219c:	4d11      	ldr	r5, [pc, #68]	@ (100021e4 <__wrap_putchar+0x80>)
1000219e:	e001      	b.n	100021a4 <__wrap_putchar+0x40>
100021a0:	6924      	ldr	r4, [r4, #16]
100021a2:	b17c      	cbz	r4, 100021c4 <__wrap_putchar+0x60>
100021a4:	6823      	ldr	r3, [r4, #0]
100021a6:	2b00      	cmp	r3, #0
100021a8:	d0fa      	beq.n	100021a0 <__wrap_putchar+0x3c>
100021aa:	682b      	ldr	r3, [r5, #0]
100021ac:	b10b      	cbz	r3, 100021b2 <__wrap_putchar+0x4e>
100021ae:	429c      	cmp	r4, r3
100021b0:	d1f6      	bne.n	100021a0 <__wrap_putchar+0x3c>
100021b2:	4620      	mov	r0, r4
100021b4:	2201      	movs	r2, #1
100021b6:	f10d 0107 	add.w	r1, sp, #7
100021ba:	f7ff fee7 	bl	10001f8c <stdio_out_chars_crlf>
100021be:	6924      	ldr	r4, [r4, #16]
100021c0:	2c00      	cmp	r4, #0
100021c2:	d1ef      	bne.n	100021a4 <__wrap_putchar+0x40>
100021c4:	b917      	cbnz	r7, 100021cc <__wrap_putchar+0x68>
100021c6:	4630      	mov	r0, r6
100021c8:	b003      	add	sp, #12
100021ca:	bdf0      	pop	{r4, r5, r6, r7, pc}
100021cc:	4803      	ldr	r0, [pc, #12]	@ (100021dc <__wrap_putchar+0x78>)
100021ce:	f002 fe5f 	bl	10004e90 <__mutex_exit_veneer>
100021d2:	4630      	mov	r0, r6
100021d4:	b003      	add	sp, #12
100021d6:	bdf0      	pop	{r4, r5, r6, r7, pc}
100021d8:	000f4240 	.word	0x000f4240
100021dc:	20004ce4 	.word	0x20004ce4
100021e0:	200054a4 	.word	0x200054a4
100021e4:	200054ac 	.word	0x200054ac

100021e8 <__wrap_puts>:
100021e8:	b538      	push	{r3, r4, r5, lr}
100021ea:	4604      	mov	r4, r0
100021ec:	f002 fe10 	bl	10004e10 <strlen>
100021f0:	2301      	movs	r3, #1
100021f2:	4605      	mov	r5, r0
100021f4:	461a      	mov	r2, r3
100021f6:	4620      	mov	r0, r4
100021f8:	4629      	mov	r1, r5
100021fa:	f7ff ff27 	bl	1000204c <stdio_put_string>
100021fe:	4b08      	ldr	r3, [pc, #32]	@ (10002220 <__wrap_puts+0x38>)
10002200:	681c      	ldr	r4, [r3, #0]
10002202:	b12c      	cbz	r4, 10002210 <__wrap_puts+0x28>
10002204:	6863      	ldr	r3, [r4, #4]
10002206:	b12b      	cbz	r3, 10002214 <__wrap_puts+0x2c>
10002208:	4798      	blx	r3
1000220a:	6924      	ldr	r4, [r4, #16]
1000220c:	2c00      	cmp	r4, #0
1000220e:	d1f9      	bne.n	10002204 <__wrap_puts+0x1c>
10002210:	4628      	mov	r0, r5
10002212:	bd38      	pop	{r3, r4, r5, pc}
10002214:	6924      	ldr	r4, [r4, #16]
10002216:	2c00      	cmp	r4, #0
10002218:	d1f4      	bne.n	10002204 <__wrap_puts+0x1c>
1000221a:	4628      	mov	r0, r5
1000221c:	bd38      	pop	{r3, r4, r5, pc}
1000221e:	bf00      	nop
10002220:	200054a4 	.word	0x200054a4

10002224 <resetd_init>:
10002224:	4770      	bx	lr
10002226:	bf00      	nop

10002228 <resetd_reset>:
10002228:	2200      	movs	r2, #0
1000222a:	4b01      	ldr	r3, [pc, #4]	@ (10002230 <resetd_reset+0x8>)
1000222c:	701a      	strb	r2, [r3, #0]
1000222e:	4770      	bx	lr
10002230:	20005934 	.word	0x20005934

10002234 <resetd_open>:
10002234:	794b      	ldrb	r3, [r1, #5]
10002236:	2bff      	cmp	r3, #255	@ 0xff
10002238:	d10b      	bne.n	10002252 <resetd_open+0x1e>
1000223a:	7988      	ldrb	r0, [r1, #6]
1000223c:	b948      	cbnz	r0, 10002252 <resetd_open+0x1e>
1000223e:	79cb      	ldrb	r3, [r1, #7]
10002240:	2b01      	cmp	r3, #1
10002242:	d107      	bne.n	10002254 <resetd_open+0x20>
10002244:	2a08      	cmp	r2, #8
10002246:	d905      	bls.n	10002254 <resetd_open+0x20>
10002248:	4b03      	ldr	r3, [pc, #12]	@ (10002258 <resetd_open+0x24>)
1000224a:	788a      	ldrb	r2, [r1, #2]
1000224c:	2009      	movs	r0, #9
1000224e:	701a      	strb	r2, [r3, #0]
10002250:	4770      	bx	lr
10002252:	2000      	movs	r0, #0
10002254:	4770      	bx	lr
10002256:	bf00      	nop
10002258:	20005934 	.word	0x20005934

1000225c <resetd_xfer_cb>:
1000225c:	2001      	movs	r0, #1
1000225e:	4770      	bx	lr

10002260 <resetd_control_xfer_cb>:
10002260:	2901      	cmp	r1, #1
10002262:	d001      	beq.n	10002268 <resetd_control_xfer_cb+0x8>
10002264:	2001      	movs	r0, #1
10002266:	4770      	bx	lr
10002268:	b508      	push	{r3, lr}
1000226a:	4b10      	ldr	r3, [pc, #64]	@ (100022ac <resetd_control_xfer_cb+0x4c>)
1000226c:	8891      	ldrh	r1, [r2, #4]
1000226e:	781b      	ldrb	r3, [r3, #0]
10002270:	4299      	cmp	r1, r3
10002272:	d001      	beq.n	10002278 <resetd_control_xfer_cb+0x18>
10002274:	2000      	movs	r0, #0
10002276:	bd08      	pop	{r3, pc}
10002278:	7853      	ldrb	r3, [r2, #1]
1000227a:	2b01      	cmp	r3, #1
1000227c:	d008      	beq.n	10002290 <resetd_control_xfer_cb+0x30>
1000227e:	2b02      	cmp	r3, #2
10002280:	d1f8      	bne.n	10002274 <resetd_control_xfer_cb+0x14>
10002282:	2100      	movs	r1, #0
10002284:	2264      	movs	r2, #100	@ 0x64
10002286:	4608      	mov	r0, r1
10002288:	f7ff fc6e 	bl	10001b68 <watchdog_reboot>
1000228c:	2001      	movs	r0, #1
1000228e:	bd08      	pop	{r3, pc}
10002290:	8851      	ldrh	r1, [r2, #2]
10002292:	05cb      	lsls	r3, r1, #23
10002294:	bf48      	it	mi
10002296:	0a48      	lsrmi	r0, r1, #9
10002298:	f3c1 2240 	ubfx	r2, r1, #9, #1
1000229c:	bf58      	it	pl
1000229e:	f04f 30ff 	movpl.w	r0, #4294967295	@ 0xffffffff
100022a2:	f001 017f 	and.w	r1, r1, #127	@ 0x7f
100022a6:	f7ff fce9 	bl	10001c7c <rom_reset_usb_boot_extra>
100022aa:	bf00      	nop
100022ac:	20005934 	.word	0x20005934

100022b0 <tud_descriptor_bos_cb>:
100022b0:	4800      	ldr	r0, [pc, #0]	@ (100022b4 <tud_descriptor_bos_cb+0x4>)
100022b2:	4770      	bx	lr
100022b4:	100051f0 	.word	0x100051f0

100022b8 <tud_vendor_control_xfer_cb>:
100022b8:	2901      	cmp	r1, #1
100022ba:	d107      	bne.n	100022cc <tud_vendor_control_xfer_cb+0x14>
100022bc:	7853      	ldrb	r3, [r2, #1]
100022be:	2b01      	cmp	r3, #1
100022c0:	d102      	bne.n	100022c8 <tud_vendor_control_xfer_cb+0x10>
100022c2:	8893      	ldrh	r3, [r2, #4]
100022c4:	2b07      	cmp	r3, #7
100022c6:	d003      	beq.n	100022d0 <tud_vendor_control_xfer_cb+0x18>
100022c8:	2000      	movs	r0, #0
100022ca:	4770      	bx	lr
100022cc:	2001      	movs	r0, #1
100022ce:	4770      	bx	lr
100022d0:	4611      	mov	r1, r2
100022d2:	23a6      	movs	r3, #166	@ 0xa6
100022d4:	4a01      	ldr	r2, [pc, #4]	@ (100022dc <tud_vendor_control_xfer_cb+0x24>)
100022d6:	f001 ba8d 	b.w	100037f4 <tud_control_xfer>
100022da:	bf00      	nop
100022dc:	10005148 	.word	0x10005148

100022e0 <usbd_app_driver_get_cb>:
100022e0:	4603      	mov	r3, r0
100022e2:	2201      	movs	r2, #1
100022e4:	4801      	ldr	r0, [pc, #4]	@ (100022ec <usbd_app_driver_get_cb+0xc>)
100022e6:	701a      	strb	r2, [r3, #0]
100022e8:	4770      	bx	lr
100022ea:	bf00      	nop
100022ec:	10005128 	.word	0x10005128

100022f0 <tud_cdc_line_coding_cb>:
100022f0:	b508      	push	{r3, lr}
100022f2:	680b      	ldr	r3, [r1, #0]
100022f4:	f5b3 6f96 	cmp.w	r3, #1200	@ 0x4b0
100022f8:	d000      	beq.n	100022fc <tud_cdc_line_coding_cb+0xc>
100022fa:	bd08      	pop	{r3, pc}
100022fc:	2200      	movs	r2, #0
100022fe:	f04f 30ff 	mov.w	r0, #4294967295	@ 0xffffffff
10002302:	4611      	mov	r1, r2
10002304:	f7ff fcba 	bl	10001c7c <rom_reset_usb_boot_extra>

10002308 <stdio_usb_set_chars_available_callback>:
10002308:	4a02      	ldr	r2, [pc, #8]	@ (10002314 <stdio_usb_set_chars_available_callback+0xc>)
1000230a:	4b03      	ldr	r3, [pc, #12]	@ (10002318 <stdio_usb_set_chars_available_callback+0x10>)
1000230c:	6010      	str	r0, [r2, #0]
1000230e:	6019      	str	r1, [r3, #0]
10002310:	4770      	bx	lr
10002312:	bf00      	nop
10002314:	20005444 	.word	0x20005444
10002318:	20005448 	.word	0x20005448

1000231c <timer_task>:
1000231c:	4b18      	ldr	r3, [pc, #96]	@ (10002380 <timer_task+0x64>)
1000231e:	b570      	push	{r4, r5, r6, lr}
10002320:	681a      	ldr	r2, [r3, #0]
10002322:	2a00      	cmp	r2, #0
10002324:	d028      	beq.n	10002378 <timer_task+0x5c>
10002326:	f3ef 8110 	mrs	r1, PRIMASK
1000232a:	b672      	cpsid	i
1000232c:	e8d2 4fcf 	ldaexb	r4, [r2]
10002330:	2001      	movs	r0, #1
10002332:	2c00      	cmp	r4, #0
10002334:	d1fa      	bne.n	1000232c <timer_task+0x10>
10002336:	e8c2 0f44 	strexb	r4, r0, [r2]
1000233a:	2c00      	cmp	r4, #0
1000233c:	d1f6      	bne.n	1000232c <timer_task+0x10>
1000233e:	f3bf 8f5f 	dmb	sy
10002342:	2200      	movs	r2, #0
10002344:	4c0f      	ldr	r4, [pc, #60]	@ (10002384 <timer_task+0x68>)
10002346:	6818      	ldr	r0, [r3, #0]
10002348:	6059      	str	r1, [r3, #4]
1000234a:	7022      	strb	r2, [r4, #0]
1000234c:	e8c0 2f8f 	stlb	r2, [r0]
10002350:	f381 8810 	msr	PRIMASK, r1
10002354:	2400      	movs	r4, #0
10002356:	2500      	movs	r5, #0
10002358:	4e0b      	ldr	r6, [pc, #44]	@ (10002388 <timer_task+0x6c>)
1000235a:	7830      	ldrb	r0, [r6, #0]
1000235c:	f7fe fbc2 	bl	10000ae4 <irq_is_enabled>
10002360:	b920      	cbnz	r0, 1000236c <timer_task+0x50>
10002362:	2400      	movs	r4, #0
10002364:	2500      	movs	r5, #0
10002366:	4620      	mov	r0, r4
10002368:	4629      	mov	r1, r5
1000236a:	bd70      	pop	{r4, r5, r6, pc}
1000236c:	7830      	ldrb	r0, [r6, #0]
1000236e:	f7fe fbc9 	bl	10000b04 <irq_set_pending>
10002372:	4620      	mov	r0, r4
10002374:	4629      	mov	r1, r5
10002376:	bd70      	pop	{r4, r5, r6, pc}
10002378:	f44f 747a 	mov.w	r4, #1000	@ 0x3e8
1000237c:	2500      	movs	r5, #0
1000237e:	e7eb      	b.n	10002358 <timer_task+0x3c>
10002380:	200058d8 	.word	0x200058d8
10002384:	20005936 	.word	0x20005936
10002388:	20005935 	.word	0x20005935

1000238c <usb_irq>:
1000238c:	4b01      	ldr	r3, [pc, #4]	@ (10002394 <usb_irq+0x8>)
1000238e:	7818      	ldrb	r0, [r3, #0]
10002390:	f7fe bbb8 	b.w	10000b04 <irq_set_pending>
10002394:	20005935 	.word	0x20005935

10002398 <stdio_usb_in_chars>:
10002398:	b538      	push	{r3, r4, r5, lr}
1000239a:	4604      	mov	r4, r0
1000239c:	2000      	movs	r0, #0
1000239e:	460d      	mov	r5, r1
100023a0:	f001 fb62 	bl	10003a68 <tud_cdc_n_connected>
100023a4:	b3a8      	cbz	r0, 10002412 <stdio_usb_in_chars+0x7a>
100023a6:	2000      	movs	r0, #0
100023a8:	f001 fb74 	bl	10003a94 <tud_cdc_n_available>
100023ac:	b388      	cbz	r0, 10002412 <stdio_usb_in_chars+0x7a>
100023ae:	f7ff fb03 	bl	100019b8 <time_us_64>
100023b2:	f04f 3eff 	mov.w	lr, #4294967295	@ 0xffffffff
100023b6:	f06f 4c00 	mvn.w	ip, #2147483648	@ 0x80000000
100023ba:	4a17      	ldr	r2, [pc, #92]	@ (10002418 <stdio_usb_in_chars+0x80>)
100023bc:	1882      	adds	r2, r0, r2
100023be:	f141 0300 	adc.w	r3, r1, #0
100023c2:	4596      	cmp	lr, r2
100023c4:	eb7c 0103 	sbcs.w	r1, ip, r3
100023c8:	bf3c      	itt	cc
100023ca:	4672      	movcc	r2, lr
100023cc:	4663      	movcc	r3, ip
100023ce:	4813      	ldr	r0, [pc, #76]	@ (1000241c <stdio_usb_in_chars+0x84>)
100023d0:	f002 fd6a 	bl	10004ea8 <__mutex_try_enter_block_until_veneer>
100023d4:	b1e8      	cbz	r0, 10002412 <stdio_usb_in_chars+0x7a>
100023d6:	2000      	movs	r0, #0
100023d8:	f001 fb46 	bl	10003a68 <tud_cdc_n_connected>
100023dc:	b958      	cbnz	r0, 100023f6 <stdio_usb_in_chars+0x5e>
100023de:	4601      	mov	r1, r0
100023e0:	f04f 30ff 	mov.w	r0, #4294967295	@ 0xffffffff
100023e4:	f000 fd2a 	bl	10002e3c <tud_task_ext>
100023e8:	f06f 0402 	mvn.w	r4, #2
100023ec:	480b      	ldr	r0, [pc, #44]	@ (1000241c <stdio_usb_in_chars+0x84>)
100023ee:	f002 fd4f 	bl	10004e90 <__mutex_exit_veneer>
100023f2:	4620      	mov	r0, r4
100023f4:	bd38      	pop	{r3, r4, r5, pc}
100023f6:	2000      	movs	r0, #0
100023f8:	f001 fb4c 	bl	10003a94 <tud_cdc_n_available>
100023fc:	2800      	cmp	r0, #0
100023fe:	d0ee      	beq.n	100023de <stdio_usb_in_chars+0x46>
10002400:	4621      	mov	r1, r4
10002402:	462a      	mov	r2, r5
10002404:	2000      	movs	r0, #0
10002406:	f001 fb4f 	bl	10003aa8 <tud_cdc_n_read>
1000240a:	4604      	mov	r4, r0
1000240c:	2800      	cmp	r0, #0
1000240e:	d1ed      	bne.n	100023ec <stdio_usb_in_chars+0x54>
10002410:	e7ea      	b.n	100023e8 <stdio_usb_in_chars+0x50>
10002412:	f06f 0402 	mvn.w	r4, #2
10002416:	e7ec      	b.n	100023f2 <stdio_usb_in_chars+0x5a>
10002418:	000f4240 	.word	0x000f4240
1000241c:	20005914 	.word	0x20005914

10002420 <stdio_usb_out_flush>:
10002420:	b508      	push	{r3, lr}
10002422:	f7ff fac9 	bl	100019b8 <time_us_64>
10002426:	f04f 3eff 	mov.w	lr, #4294967295	@ 0xffffffff
1000242a:	f06f 4c00 	mvn.w	ip, #2147483648	@ 0x80000000
1000242e:	4a0f      	ldr	r2, [pc, #60]	@ (1000246c <stdio_usb_out_flush+0x4c>)
10002430:	1882      	adds	r2, r0, r2
10002432:	f141 0300 	adc.w	r3, r1, #0
10002436:	4596      	cmp	lr, r2
10002438:	eb7c 0103 	sbcs.w	r1, ip, r3
1000243c:	bf3c      	itt	cc
1000243e:	4672      	movcc	r2, lr
10002440:	4663      	movcc	r3, ip
10002442:	480b      	ldr	r0, [pc, #44]	@ (10002470 <stdio_usb_out_flush+0x50>)
10002444:	f002 fd30 	bl	10004ea8 <__mutex_try_enter_block_until_veneer>
10002448:	b170      	cbz	r0, 10002468 <stdio_usb_out_flush+0x48>
1000244a:	f04f 30ff 	mov.w	r0, #4294967295	@ 0xffffffff
1000244e:	2100      	movs	r1, #0
10002450:	f000 fcf4 	bl	10002e3c <tud_task_ext>
10002454:	2000      	movs	r0, #0
10002456:	f001 fb6d 	bl	10003b34 <tud_cdc_n_write_flush>
1000245a:	2800      	cmp	r0, #0
1000245c:	d1f5      	bne.n	1000244a <stdio_usb_out_flush+0x2a>
1000245e:	e8bd 4008 	ldmia.w	sp!, {r3, lr}
10002462:	4803      	ldr	r0, [pc, #12]	@ (10002470 <stdio_usb_out_flush+0x50>)
10002464:	f002 bd14 	b.w	10004e90 <__mutex_exit_veneer>
10002468:	bd08      	pop	{r3, pc}
1000246a:	bf00      	nop
1000246c:	000f4240 	.word	0x000f4240
10002470:	20005914 	.word	0x20005914

10002474 <stdio_usb_out_chars>:
10002474:	e92d 41f0 	stmdb	sp!, {r4, r5, r6, r7, r8, lr}
10002478:	4607      	mov	r7, r0
1000247a:	460e      	mov	r6, r1
1000247c:	f7ff fa9c 	bl	100019b8 <time_us_64>
10002480:	f04f 35ff 	mov.w	r5, #4294967295	@ 0xffffffff
10002484:	f06f 4400 	mvn.w	r4, #2147483648	@ 0x80000000
10002488:	4a32      	ldr	r2, [pc, #200]	@ (10002554 <stdio_usb_out_chars+0xe0>)
1000248a:	1882      	adds	r2, r0, r2
1000248c:	f141 0300 	adc.w	r3, r1, #0
10002490:	4295      	cmp	r5, r2
10002492:	eb74 0103 	sbcs.w	r1, r4, r3
10002496:	bf3c      	itt	cc
10002498:	462a      	movcc	r2, r5
1000249a:	4623      	movcc	r3, r4
1000249c:	482e      	ldr	r0, [pc, #184]	@ (10002558 <stdio_usb_out_chars+0xe4>)
1000249e:	f002 fd03 	bl	10004ea8 <__mutex_try_enter_block_until_veneer>
100024a2:	b908      	cbnz	r0, 100024a8 <stdio_usb_out_chars+0x34>
100024a4:	e8bd 81f0 	ldmia.w	sp!, {r4, r5, r6, r7, r8, pc}
100024a8:	2000      	movs	r0, #0
100024aa:	f001 fadd 	bl	10003a68 <tud_cdc_n_connected>
100024ae:	2800      	cmp	r0, #0
100024b0:	d045      	beq.n	1000253e <stdio_usb_out_chars+0xca>
100024b2:	2e00      	cmp	r6, #0
100024b4:	dd3e      	ble.n	10002534 <stdio_usb_out_chars+0xc0>
100024b6:	2500      	movs	r5, #0
100024b8:	f8df 80a4 	ldr.w	r8, [pc, #164]	@ 10002560 <stdio_usb_out_chars+0xec>
100024bc:	e012      	b.n	100024e4 <stdio_usb_out_chars+0x70>
100024be:	4622      	mov	r2, r4
100024c0:	2000      	movs	r0, #0
100024c2:	f001 fb81 	bl	10003bc8 <tud_cdc_n_write>
100024c6:	2100      	movs	r1, #0
100024c8:	4405      	add	r5, r0
100024ca:	f04f 30ff 	mov.w	r0, #4294967295	@ 0xffffffff
100024ce:	f000 fcb5 	bl	10002e3c <tud_task_ext>
100024d2:	2000      	movs	r0, #0
100024d4:	f001 fb2e 	bl	10003b34 <tud_cdc_n_write_flush>
100024d8:	f7ff fa6e 	bl	100019b8 <time_us_64>
100024dc:	e9c8 0100 	strd	r0, r1, [r8]
100024e0:	42ae      	cmp	r6, r5
100024e2:	dd27      	ble.n	10002534 <stdio_usb_out_chars+0xc0>
100024e4:	2000      	movs	r0, #0
100024e6:	f001 fb8d 	bl	10003c04 <tud_cdc_n_write_available>
100024ea:	1b74      	subs	r4, r6, r5
100024ec:	4284      	cmp	r4, r0
100024ee:	bfa8      	it	ge
100024f0:	4604      	movge	r4, r0
100024f2:	1979      	adds	r1, r7, r5
100024f4:	2c00      	cmp	r4, #0
100024f6:	d1e2      	bne.n	100024be <stdio_usb_out_chars+0x4a>
100024f8:	4621      	mov	r1, r4
100024fa:	f04f 30ff 	mov.w	r0, #4294967295	@ 0xffffffff
100024fe:	f000 fc9d 	bl	10002e3c <tud_task_ext>
10002502:	4620      	mov	r0, r4
10002504:	f001 fb16 	bl	10003b34 <tud_cdc_n_write_flush>
10002508:	4620      	mov	r0, r4
1000250a:	f001 faad 	bl	10003a68 <tud_cdc_n_connected>
1000250e:	b188      	cbz	r0, 10002534 <stdio_usb_out_chars+0xc0>
10002510:	4620      	mov	r0, r4
10002512:	f001 fb77 	bl	10003c04 <tud_cdc_n_write_available>
10002516:	2800      	cmp	r0, #0
10002518:	d1e2      	bne.n	100024e0 <stdio_usb_out_chars+0x6c>
1000251a:	f7ff fa4d 	bl	100019b8 <time_us_64>
1000251e:	4a0f      	ldr	r2, [pc, #60]	@ (1000255c <stdio_usb_out_chars+0xe8>)
10002520:	f8d8 3000 	ldr.w	r3, [r8]
10002524:	189b      	adds	r3, r3, r2
10002526:	f8d8 2004 	ldr.w	r2, [r8, #4]
1000252a:	f142 0200 	adc.w	r2, r2, #0
1000252e:	4283      	cmp	r3, r0
10002530:	418a      	sbcs	r2, r1
10002532:	d2d5      	bcs.n	100024e0 <stdio_usb_out_chars+0x6c>
10002534:	4808      	ldr	r0, [pc, #32]	@ (10002558 <stdio_usb_out_chars+0xe4>)
10002536:	e8bd 41f0 	ldmia.w	sp!, {r4, r5, r6, r7, r8, lr}
1000253a:	f002 bca9 	b.w	10004e90 <__mutex_exit_veneer>
1000253e:	2000      	movs	r0, #0
10002540:	e8bd 41f0 	ldmia.w	sp!, {r4, r5, r6, r7, r8, lr}
10002544:	2100      	movs	r1, #0
10002546:	4b06      	ldr	r3, [pc, #24]	@ (10002560 <stdio_usb_out_chars+0xec>)
10002548:	e9c3 0100 	strd	r0, r1, [r3]
1000254c:	4802      	ldr	r0, [pc, #8]	@ (10002558 <stdio_usb_out_chars+0xe4>)
1000254e:	f002 bc9f 	b.w	10004e90 <__mutex_exit_veneer>
10002552:	bf00      	nop
10002554:	000f4240 	.word	0x000f4240
10002558:	20005914 	.word	0x20005914
1000255c:	0007a120 	.word	0x0007a120
10002560:	20004f38 	.word	0x20004f38

10002564 <low_priority_worker_irq>:
10002564:	b510      	push	{r4, lr}
10002566:	2100      	movs	r1, #0
10002568:	b084      	sub	sp, #16
1000256a:	4832      	ldr	r0, [pc, #200]	@ (10002634 <low_priority_worker_irq+0xd0>)
1000256c:	f002 fca0 	bl	10004eb0 <__mutex_try_enter_veneer>
10002570:	bb28      	cbnz	r0, 100025be <low_priority_worker_irq+0x5a>
10002572:	4b31      	ldr	r3, [pc, #196]	@ (10002638 <low_priority_worker_irq+0xd4>)
10002574:	681a      	ldr	r2, [r3, #0]
10002576:	b302      	cbz	r2, 100025ba <low_priority_worker_irq+0x56>
10002578:	f3ef 8110 	mrs	r1, PRIMASK
1000257c:	b672      	cpsid	i
1000257e:	e8d2 efcf 	ldaexb	lr, [r2]
10002582:	f05f 0c01 	movs.w	ip, #1
10002586:	f1be 0f00 	cmp.w	lr, #0
1000258a:	d1f8      	bne.n	1000257e <low_priority_worker_irq+0x1a>
1000258c:	e8c2 cf4e 	strexb	lr, ip, [r2]
10002590:	f1be 0f00 	cmp.w	lr, #0
10002594:	d1f3      	bne.n	1000257e <low_priority_worker_irq+0x1a>
10002596:	f3bf 8f5f 	dmb	sy
1000259a:	f8df c0a8 	ldr.w	ip, [pc, #168]	@ 10002644 <low_priority_worker_irq+0xe0>
1000259e:	f8d3 e000 	ldr.w	lr, [r3]
100025a2:	f89c 2000 	ldrb.w	r2, [ip]
100025a6:	6059      	str	r1, [r3, #4]
100025a8:	b2d3      	uxtb	r3, r2
100025aa:	2201      	movs	r2, #1
100025ac:	f88c 2000 	strb.w	r2, [ip]
100025b0:	e8ce 0f8f 	stlb	r0, [lr]
100025b4:	f381 8810 	msr	PRIMASK, r1
100025b8:	b1cb      	cbz	r3, 100025ee <low_priority_worker_irq+0x8a>
100025ba:	b004      	add	sp, #16
100025bc:	bd10      	pop	{r4, pc}
100025be:	2100      	movs	r1, #0
100025c0:	f04f 30ff 	mov.w	r0, #4294967295	@ 0xffffffff
100025c4:	f000 fc3a 	bl	10002e3c <tud_task_ext>
100025c8:	2000      	movs	r0, #0
100025ca:	f001 fa63 	bl	10003a94 <tud_cdc_n_available>
100025ce:	4604      	mov	r4, r0
100025d0:	4818      	ldr	r0, [pc, #96]	@ (10002634 <low_priority_worker_irq+0xd0>)
100025d2:	f002 fc5d 	bl	10004e90 <__mutex_exit_veneer>
100025d6:	2c00      	cmp	r4, #0
100025d8:	d0ef      	beq.n	100025ba <low_priority_worker_irq+0x56>
100025da:	4b18      	ldr	r3, [pc, #96]	@ (1000263c <low_priority_worker_irq+0xd8>)
100025dc:	681b      	ldr	r3, [r3, #0]
100025de:	2b00      	cmp	r3, #0
100025e0:	d0eb      	beq.n	100025ba <low_priority_worker_irq+0x56>
100025e2:	4a17      	ldr	r2, [pc, #92]	@ (10002640 <low_priority_worker_irq+0xdc>)
100025e4:	6810      	ldr	r0, [r2, #0]
100025e6:	b004      	add	sp, #16
100025e8:	e8bd 4010 	ldmia.w	sp!, {r4, lr}
100025ec:	4718      	bx	r3
100025ee:	f7fe ffbf 	bl	10001570 <alarm_pool_get_default>
100025f2:	4604      	mov	r4, r0
100025f4:	f7ff f9e0 	bl	100019b8 <time_us_64>
100025f8:	f04f 3eff 	mov.w	lr, #4294967295	@ 0xffffffff
100025fc:	f06f 4c00 	mvn.w	ip, #2147483648	@ 0x80000000
10002600:	f510 727a 	adds.w	r2, r0, #1000	@ 0x3e8
10002604:	f141 0300 	adc.w	r3, r1, #0
10002608:	4596      	cmp	lr, r2
1000260a:	eb7c 0103 	sbcs.w	r1, ip, r3
1000260e:	bf38      	it	cc
10002610:	4663      	movcc	r3, ip
10002612:	f04f 0100 	mov.w	r1, #0
10002616:	f04f 0c01 	mov.w	ip, #1
1000261a:	bf38      	it	cc
1000261c:	4672      	movcc	r2, lr
1000261e:	f8df e028 	ldr.w	lr, [pc, #40]	@ 10002648 <low_priority_worker_irq+0xe4>
10002622:	4620      	mov	r0, r4
10002624:	e9cd 1c01 	strd	r1, ip, [sp, #4]
10002628:	f8cd e000 	str.w	lr, [sp]
1000262c:	f7fe ffa4 	bl	10001578 <alarm_pool_add_alarm_at>
10002630:	b004      	add	sp, #16
10002632:	bd10      	pop	{r4, pc}
10002634:	20005914 	.word	0x20005914
10002638:	200058d8 	.word	0x200058d8
1000263c:	20005444 	.word	0x20005444
10002640:	20005448 	.word	0x20005448
10002644:	20005936 	.word	0x20005936
10002648:	1000231d 	.word	0x1000231d

1000264c <stdio_usb_init>:
1000264c:	f04f 4350 	mov.w	r3, #3489660928	@ 0xd0000000
10002650:	b530      	push	{r4, r5, lr}
10002652:	b085      	sub	sp, #20
10002654:	681c      	ldr	r4, [r3, #0]
10002656:	f7fe ff8b 	bl	10001570 <alarm_pool_get_default>
1000265a:	f7ff f8a7 	bl	100017ac <alarm_pool_core_num>
1000265e:	42a0      	cmp	r0, r4
10002660:	d002      	beq.n	10002668 <stdio_usb_init+0x1c>
10002662:	2000      	movs	r0, #0
10002664:	b005      	add	sp, #20
10002666:	bd30      	pop	{r4, r5, pc}
10002668:	2100      	movs	r1, #0
1000266a:	4b2c      	ldr	r3, [pc, #176]	@ (1000271c <stdio_usb_init+0xd0>)
1000266c:	4608      	mov	r0, r1
1000266e:	781b      	ldrb	r3, [r3, #0]
10002670:	f001 fdac 	bl	100041cc <tusb_rhport_init>
10002674:	482a      	ldr	r0, [pc, #168]	@ (10002720 <stdio_usb_init+0xd4>)
10002676:	6803      	ldr	r3, [r0, #0]
10002678:	2b00      	cmp	r3, #0
1000267a:	d04b      	beq.n	10002714 <stdio_usb_init+0xc8>
1000267c:	2001      	movs	r0, #1
1000267e:	f7fe fcf9 	bl	10001074 <user_irq_claim_unused>
10002682:	4603      	mov	r3, r0
10002684:	4c27      	ldr	r4, [pc, #156]	@ (10002724 <stdio_usb_init+0xd8>)
10002686:	4928      	ldr	r1, [pc, #160]	@ (10002728 <stdio_usb_init+0xdc>)
10002688:	b2c0      	uxtb	r0, r0
1000268a:	7023      	strb	r3, [r4, #0]
1000268c:	f7fe fa56 	bl	10000b3c <irq_set_exclusive_handler>
10002690:	7820      	ldrb	r0, [r4, #0]
10002692:	2101      	movs	r1, #1
10002694:	f7fe fa10 	bl	10000ab8 <irq_set_enabled>
10002698:	200e      	movs	r0, #14
1000269a:	f7fe fa3f 	bl	10000b1c <irq_has_shared_handler>
1000269e:	bb60      	cbnz	r0, 100026fa <stdio_usb_init+0xae>
100026a0:	4b22      	ldr	r3, [pc, #136]	@ (1000272c <stdio_usb_init+0xe0>)
100026a2:	f06f 4400 	mvn.w	r4, #2147483648	@ 0x80000000
100026a6:	e9c3 0000 	strd	r0, r0, [r3]
100026aa:	f7fe ff61 	bl	10001570 <alarm_pool_get_default>
100026ae:	4605      	mov	r5, r0
100026b0:	f7ff f982 	bl	100019b8 <time_us_64>
100026b4:	f04f 3cff 	mov.w	ip, #4294967295	@ 0xffffffff
100026b8:	f510 727a 	adds.w	r2, r0, #1000	@ 0x3e8
100026bc:	f141 0300 	adc.w	r3, r1, #0
100026c0:	4594      	cmp	ip, r2
100026c2:	eb74 0103 	sbcs.w	r1, r4, r3
100026c6:	bf38      	it	cc
100026c8:	4623      	movcc	r3, r4
100026ca:	f04f 0100 	mov.w	r1, #0
100026ce:	f04f 0401 	mov.w	r4, #1
100026d2:	bf38      	it	cc
100026d4:	4662      	movcc	r2, ip
100026d6:	f8df c060 	ldr.w	ip, [pc, #96]	@ 10002738 <stdio_usb_init+0xec>
100026da:	4628      	mov	r0, r5
100026dc:	e9cd 1401 	strd	r1, r4, [sp, #4]
100026e0:	f8cd c000 	str.w	ip, [sp]
100026e4:	f7fe ff48 	bl	10001578 <alarm_pool_add_alarm_at>
100026e8:	2800      	cmp	r0, #0
100026ea:	dbba      	blt.n	10002662 <stdio_usb_init+0x16>
100026ec:	2101      	movs	r1, #1
100026ee:	4810      	ldr	r0, [pc, #64]	@ (10002730 <stdio_usb_init+0xe4>)
100026f0:	f7ff fd22 	bl	10002138 <stdio_set_driver_enabled>
100026f4:	2001      	movs	r0, #1
100026f6:	b005      	add	sp, #20
100026f8:	bd30      	pop	{r4, r5, pc}
100026fa:	2001      	movs	r0, #1
100026fc:	f7fe f996 	bl	10000a2c <spin_lock_claim_unused>
10002700:	4601      	mov	r1, r0
10002702:	480a      	ldr	r0, [pc, #40]	@ (1000272c <stdio_usb_init+0xe0>)
10002704:	f7fe fd14 	bl	10001130 <critical_section_init_with_lock_num>
10002708:	2200      	movs	r2, #0
1000270a:	200e      	movs	r0, #14
1000270c:	4909      	ldr	r1, [pc, #36]	@ (10002734 <stdio_usb_init+0xe8>)
1000270e:	f7fe fa4d 	bl	10000bac <irq_add_shared_handler>
10002712:	e7eb      	b.n	100026ec <stdio_usb_init+0xa0>
10002714:	f7fe fcf0 	bl	100010f8 <mutex_init>
10002718:	e7b0      	b.n	1000267c <stdio_usb_init+0x30>
1000271a:	bf00      	nop
1000271c:	10005308 	.word	0x10005308
10002720:	20005914 	.word	0x20005914
10002724:	20005935 	.word	0x20005935
10002728:	10002565 	.word	0x10002565
1000272c:	200058d8 	.word	0x200058d8
10002730:	20004cac 	.word	0x20004cac
10002734:	1000238d 	.word	0x1000238d
10002738:	1000231d 	.word	0x1000231d

1000273c <tud_descriptor_device_cb>:
1000273c:	4800      	ldr	r0, [pc, #0]	@ (10002740 <tud_descriptor_device_cb+0x4>)
1000273e:	4770      	bx	lr
10002740:	1000528c 	.word	0x1000528c

10002744 <tud_descriptor_configuration_cb>:
10002744:	4800      	ldr	r0, [pc, #0]	@ (10002748 <tud_descriptor_configuration_cb+0x4>)
10002746:	4770      	bx	lr
10002748:	10005238 	.word	0x10005238

1000274c <tud_descriptor_string_cb>:
1000274c:	b500      	push	{lr}
1000274e:	4a1c      	ldr	r2, [pc, #112]	@ (100027c0 <tud_descriptor_string_cb+0x74>)
10002750:	4603      	mov	r3, r0
10002752:	7811      	ldrb	r1, [r2, #0]
10002754:	b083      	sub	sp, #12
10002756:	b331      	cbz	r1, 100027a6 <tud_descriptor_string_cb+0x5a>
10002758:	b963      	cbnz	r3, 10002774 <tud_descriptor_string_cb+0x28>
1000275a:	f240 4209 	movw	r2, #1033	@ 0x409
1000275e:	f44f 7341 	mov.w	r3, #772	@ 0x304
10002762:	f8df c060 	ldr.w	ip, [pc, #96]	@ 100027c4 <tud_descriptor_string_cb+0x78>
10002766:	f8ac 2002 	strh.w	r2, [ip, #2]
1000276a:	4816      	ldr	r0, [pc, #88]	@ (100027c4 <tud_descriptor_string_cb+0x78>)
1000276c:	f8ac 3000 	strh.w	r3, [ip]
10002770:	b003      	add	sp, #12
10002772:	bd00      	pop	{pc}
10002774:	2b05      	cmp	r3, #5
10002776:	d820      	bhi.n	100027ba <tud_descriptor_string_cb+0x6e>
10002778:	4a13      	ldr	r2, [pc, #76]	@ (100027c8 <tud_descriptor_string_cb+0x7c>)
1000277a:	f8df c048 	ldr.w	ip, [pc, #72]	@ 100027c4 <tud_descriptor_string_cb+0x78>
1000277e:	f852 1023 	ldr.w	r1, [r2, r3, lsl #2]
10002782:	4660      	mov	r0, ip
10002784:	2300      	movs	r3, #0
10002786:	3901      	subs	r1, #1
10002788:	e003      	b.n	10002792 <tud_descriptor_string_cb+0x46>
1000278a:	2b13      	cmp	r3, #19
1000278c:	f820 2f02 	strh.w	r2, [r0, #2]!
10002790:	d010      	beq.n	100027b4 <tud_descriptor_string_cb+0x68>
10002792:	f811 2f01 	ldrb.w	r2, [r1, #1]!
10002796:	3301      	adds	r3, #1
10002798:	b2db      	uxtb	r3, r3
1000279a:	2a00      	cmp	r2, #0
1000279c:	d1f5      	bne.n	1000278a <tud_descriptor_string_cb+0x3e>
1000279e:	005b      	lsls	r3, r3, #1
100027a0:	f443 7340 	orr.w	r3, r3, #768	@ 0x300
100027a4:	e7e1      	b.n	1000276a <tud_descriptor_string_cb+0x1e>
100027a6:	9001      	str	r0, [sp, #4]
100027a8:	2111      	movs	r1, #17
100027aa:	4610      	mov	r0, r2
100027ac:	f000 f824 	bl	100027f8 <pico_get_unique_board_id_string>
100027b0:	9b01      	ldr	r3, [sp, #4]
100027b2:	e7d1      	b.n	10002758 <tud_descriptor_string_cb+0xc>
100027b4:	f44f 734a 	mov.w	r3, #808	@ 0x328
100027b8:	e7d7      	b.n	1000276a <tud_descriptor_string_cb+0x1e>
100027ba:	2000      	movs	r0, #0
100027bc:	e7d8      	b.n	10002770 <tud_descriptor_string_cb+0x24>
100027be:	bf00      	nop
100027c0:	2000591c 	.word	0x2000591c
100027c4:	2000547c 	.word	0x2000547c
100027c8:	10005220 	.word	0x10005220

100027cc <_retrieve_unique_id_on_boot>:
100027cc:	b500      	push	{lr}
100027ce:	f245 3047 	movw	r0, #21319	@ 0x5347
100027d2:	b08b      	sub	sp, #44	@ 0x2c
100027d4:	f7ff fa46 	bl	10001c64 <rom_func_lookup>
100027d8:	2201      	movs	r2, #1
100027da:	4603      	mov	r3, r0
100027dc:	2109      	movs	r1, #9
100027de:	a801      	add	r0, sp, #4
100027e0:	4798      	blx	r3
100027e2:	e9dd 3203 	ldrd	r3, r2, [sp, #12]
100027e6:	4903      	ldr	r1, [pc, #12]	@ (100027f4 <_retrieve_unique_id_on_boot+0x28>)
100027e8:	ba12      	rev	r2, r2
100027ea:	ba1b      	rev	r3, r3
100027ec:	e9c1 2300 	strd	r2, r3, [r1]
100027f0:	b00b      	add	sp, #44	@ 0x2c
100027f2:	bd00      	pop	{pc}
100027f4:	20005908 	.word	0x20005908

100027f8 <pico_get_unique_board_id_string>:
100027f8:	2901      	cmp	r1, #1
100027fa:	f000 80bb 	beq.w	10002974 <pico_get_unique_board_id_string+0x17c>
100027fe:	4a61      	ldr	r2, [pc, #388]	@ (10002984 <pico_get_unique_board_id_string+0x18c>)
10002800:	3901      	subs	r1, #1
10002802:	7813      	ldrb	r3, [r2, #0]
10002804:	ea4f 1c23 	mov.w	ip, r3, asr #4
10002808:	f1bc 0f09 	cmp.w	ip, #9
1000280c:	bfcc      	ite	gt
1000280e:	f10c 0c37 	addgt.w	ip, ip, #55	@ 0x37
10002812:	f10c 0c30 	addle.w	ip, ip, #48	@ 0x30
10002816:	2901      	cmp	r1, #1
10002818:	f880 c000 	strb.w	ip, [r0]
1000281c:	f000 80ad 	beq.w	1000297a <pico_get_unique_board_id_string+0x182>
10002820:	f003 030f 	and.w	r3, r3, #15
10002824:	2b09      	cmp	r3, #9
10002826:	bf8c      	ite	hi
10002828:	3337      	addhi	r3, #55	@ 0x37
1000282a:	3330      	addls	r3, #48	@ 0x30
1000282c:	2902      	cmp	r1, #2
1000282e:	7043      	strb	r3, [r0, #1]
10002830:	f000 80a3 	beq.w	1000297a <pico_get_unique_board_id_string+0x182>
10002834:	7853      	ldrb	r3, [r2, #1]
10002836:	ea4f 1c23 	mov.w	ip, r3, asr #4
1000283a:	f1bc 0f09 	cmp.w	ip, #9
1000283e:	bfcc      	ite	gt
10002840:	f10c 0c37 	addgt.w	ip, ip, #55	@ 0x37
10002844:	f10c 0c30 	addle.w	ip, ip, #48	@ 0x30
10002848:	2903      	cmp	r1, #3
1000284a:	f880 c002 	strb.w	ip, [r0, #2]
1000284e:	f000 8094 	beq.w	1000297a <pico_get_unique_board_id_string+0x182>
10002852:	f003 030f 	and.w	r3, r3, #15
10002856:	2b09      	cmp	r3, #9
10002858:	bf8c      	ite	hi
1000285a:	3337      	addhi	r3, #55	@ 0x37
1000285c:	3330      	addls	r3, #48	@ 0x30
1000285e:	2904      	cmp	r1, #4
10002860:	70c3      	strb	r3, [r0, #3]
10002862:	f000 808a 	beq.w	1000297a <pico_get_unique_board_id_string+0x182>
10002866:	7893      	ldrb	r3, [r2, #2]
10002868:	ea4f 1c23 	mov.w	ip, r3, asr #4
1000286c:	f1bc 0f09 	cmp.w	ip, #9
10002870:	bfcc      	ite	gt
10002872:	f10c 0c37 	addgt.w	ip, ip, #55	@ 0x37
10002876:	f10c 0c30 	addle.w	ip, ip, #48	@ 0x30
1000287a:	2905      	cmp	r1, #5
1000287c:	f880 c004 	strb.w	ip, [r0, #4]
10002880:	d07b      	beq.n	1000297a <pico_get_unique_board_id_string+0x182>
10002882:	f003 030f 	and.w	r3, r3, #15
10002886:	2b09      	cmp	r3, #9
10002888:	bf8c      	ite	hi
1000288a:	3337      	addhi	r3, #55	@ 0x37
1000288c:	3330      	addls	r3, #48	@ 0x30
1000288e:	2906      	cmp	r1, #6
10002890:	7143      	strb	r3, [r0, #5]
10002892:	d072      	beq.n	1000297a <pico_get_unique_board_id_string+0x182>
10002894:	78d3      	ldrb	r3, [r2, #3]
10002896:	ea4f 1c23 	mov.w	ip, r3, asr #4
1000289a:	f1bc 0f09 	cmp.w	ip, #9
1000289e:	bfcc      	ite	gt
100028a0:	f10c 0c37 	addgt.w	ip, ip, #55	@ 0x37
100028a4:	f10c 0c30 	addle.w	ip, ip, #48	@ 0x30
100028a8:	2907      	cmp	r1, #7
100028aa:	f880 c006 	strb.w	ip, [r0, #6]
100028ae:	d064      	beq.n	1000297a <pico_get_unique_board_id_string+0x182>
100028b0:	f003 030f 	and.w	r3, r3, #15
100028b4:	2b09      	cmp	r3, #9
100028b6:	bf8c      	ite	hi
100028b8:	3337      	addhi	r3, #55	@ 0x37
100028ba:	3330      	addls	r3, #48	@ 0x30
100028bc:	2908      	cmp	r1, #8
100028be:	71c3      	strb	r3, [r0, #7]
100028c0:	d05b      	beq.n	1000297a <pico_get_unique_board_id_string+0x182>
100028c2:	7913      	ldrb	r3, [r2, #4]
100028c4:	ea4f 1c23 	mov.w	ip, r3, asr #4
100028c8:	f1bc 0f09 	cmp.w	ip, #9
100028cc:	bfcc      	ite	gt
100028ce:	f10c 0c37 	addgt.w	ip, ip, #55	@ 0x37
100028d2:	f10c 0c30 	addle.w	ip, ip, #48	@ 0x30
100028d6:	2909      	cmp	r1, #9
100028d8:	f880 c008 	strb.w	ip, [r0, #8]
100028dc:	d04d      	beq.n	1000297a <pico_get_unique_board_id_string+0x182>
100028de:	f003 030f 	and.w	r3, r3, #15
100028e2:	2b09      	cmp	r3, #9
100028e4:	bf8c      	ite	hi
100028e6:	3337      	addhi	r3, #55	@ 0x37
100028e8:	3330      	addls	r3, #48	@ 0x30
100028ea:	290a      	cmp	r1, #10
100028ec:	7243      	strb	r3, [r0, #9]
100028ee:	d044      	beq.n	1000297a <pico_get_unique_board_id_string+0x182>
100028f0:	7953      	ldrb	r3, [r2, #5]
100028f2:	ea4f 1c23 	mov.w	ip, r3, asr #4
100028f6:	f1bc 0f09 	cmp.w	ip, #9
100028fa:	bfcc      	ite	gt
100028fc:	f10c 0c37 	addgt.w	ip, ip, #55	@ 0x37
10002900:	f10c 0c30 	addle.w	ip, ip, #48	@ 0x30
10002904:	290b      	cmp	r1, #11
10002906:	f880 c00a 	strb.w	ip, [r0, #10]
1000290a:	d036      	beq.n	1000297a <pico_get_unique_board_id_string+0x182>
1000290c:	f003 030f 	and.w	r3, r3, #15
10002910:	2b09      	cmp	r3, #9
10002912:	bf8c      	ite	hi
10002914:	3337      	addhi	r3, #55	@ 0x37
10002916:	3330      	addls	r3, #48	@ 0x30
10002918:	290c      	cmp	r1, #12
1000291a:	72c3      	strb	r3, [r0, #11]
1000291c:	d02d      	beq.n	1000297a <pico_get_unique_board_id_string+0x182>
1000291e:	7993      	ldrb	r3, [r2, #6]
10002920:	ea4f 1c23 	mov.w	ip, r3, asr #4
10002924:	f1bc 0f09 	cmp.w	ip, #9
10002928:	bfcc      	ite	gt
1000292a:	f10c 0c37 	addgt.w	ip, ip, #55	@ 0x37
1000292e:	f10c 0c30 	addle.w	ip, ip, #48	@ 0x30
10002932:	290d      	cmp	r1, #13
10002934:	f880 c00c 	strb.w	ip, [r0, #12]
10002938:	d01f      	beq.n	1000297a <pico_get_unique_board_id_string+0x182>
1000293a:	f003 030f 	and.w	r3, r3, #15
1000293e:	2b09      	cmp	r3, #9
10002940:	bf8c      	ite	hi
10002942:	3337      	addhi	r3, #55	@ 0x37
10002944:	3330      	addls	r3, #48	@ 0x30
10002946:	290e      	cmp	r1, #14
10002948:	7343      	strb	r3, [r0, #13]
1000294a:	d016      	beq.n	1000297a <pico_get_unique_board_id_string+0x182>
1000294c:	79d3      	ldrb	r3, [r2, #7]
1000294e:	111a      	asrs	r2, r3, #4
10002950:	2a09      	cmp	r2, #9
10002952:	bfcc      	ite	gt
10002954:	3237      	addgt	r2, #55	@ 0x37
10002956:	3230      	addle	r2, #48	@ 0x30
10002958:	290f      	cmp	r1, #15
1000295a:	7382      	strb	r2, [r0, #14]
1000295c:	d00d      	beq.n	1000297a <pico_get_unique_board_id_string+0x182>
1000295e:	f003 030f 	and.w	r3, r3, #15
10002962:	2b09      	cmp	r3, #9
10002964:	bf94      	ite	ls
10002966:	3330      	addls	r3, #48	@ 0x30
10002968:	3337      	addhi	r3, #55	@ 0x37
1000296a:	2910      	cmp	r1, #16
1000296c:	73c3      	strb	r3, [r0, #15]
1000296e:	bf18      	it	ne
10002970:	3010      	addne	r0, #16
10002972:	d002      	beq.n	1000297a <pico_get_unique_board_id_string+0x182>
10002974:	2300      	movs	r3, #0
10002976:	7003      	strb	r3, [r0, #0]
10002978:	4770      	bx	lr
1000297a:	2300      	movs	r3, #0
1000297c:	4408      	add	r0, r1
1000297e:	7003      	strb	r3, [r0, #0]
10002980:	4770      	bx	lr
10002982:	bf00      	nop
10002984:	20005908 	.word	0x20005908

10002988 <dcd_init>:
10002988:	b510      	push	{r4, lr}
1000298a:	f000 f939 	bl	10002c00 <rp2040_usb_init>
1000298e:	230c      	movs	r3, #12
10002990:	4c1c      	ldr	r4, [pc, #112]	@ (10002a04 <dcd_init+0x7c>)
10002992:	22ff      	movs	r2, #255	@ 0xff
10002994:	67a3      	str	r3, [r4, #120]	@ 0x78
10002996:	200e      	movs	r0, #14
10002998:	491b      	ldr	r1, [pc, #108]	@ (10002a08 <dcd_init+0x80>)
1000299a:	f7fe f907 	bl	10000bac <irq_add_shared_handler>
1000299e:	2240      	movs	r2, #64	@ 0x40
100029a0:	2100      	movs	r1, #0
100029a2:	481a      	ldr	r0, [pc, #104]	@ (10002a0c <dcd_init+0x84>)
100029a4:	f002 f97a 	bl	10004c9c <memset>
100029a8:	f04f 0c80 	mov.w	ip, #128	@ 0x80
100029ac:	2001      	movs	r0, #1
100029ae:	4a17      	ldr	r2, [pc, #92]	@ (10002a0c <dcd_init+0x84>)
100029b0:	2300      	movs	r3, #0
100029b2:	f8a2 c022 	strh.w	ip, [r2, #34]	@ 0x22
100029b6:	7050      	strb	r0, [r2, #1]
100029b8:	4610      	mov	r0, r2
100029ba:	2240      	movs	r2, #64	@ 0x40
100029bc:	4914      	ldr	r1, [pc, #80]	@ (10002a10 <dcd_init+0x88>)
100029be:	8302      	strh	r2, [r0, #24]
100029c0:	8702      	strh	r2, [r0, #56]	@ 0x38
100029c2:	4a14      	ldr	r2, [pc, #80]	@ (10002a14 <dcd_init+0x8c>)
100029c4:	6081      	str	r1, [r0, #8]
100029c6:	6043      	str	r3, [r0, #4]
100029c8:	f8c2 3084 	str.w	r3, [r2, #132]	@ 0x84
100029cc:	f8c2 3080 	str.w	r3, [r2, #128]	@ 0x80
100029d0:	f880 3021 	strb.w	r3, [r0, #33]	@ 0x21
100029d4:	f880 303b 	strb.w	r3, [r0, #59]	@ 0x3b
100029d8:	6243      	str	r3, [r0, #36]	@ 0x24
100029da:	4b0f      	ldr	r3, [pc, #60]	@ (10002a18 <dcd_init+0x90>)
100029dc:	60c3      	str	r3, [r0, #12]
100029de:	62c3      	str	r3, [r0, #44]	@ 0x2c
100029e0:	3b80      	subs	r3, #128	@ 0x80
100029e2:	6283      	str	r3, [r0, #40]	@ 0x28
100029e4:	f002 fa58 	bl	10004e98 <__reset_non_control_endpoints_veneer>
100029e8:	f04f 5c00 	mov.w	ip, #536870912	@ 0x20000000
100029ec:	f44f 3280 	mov.w	r2, #65536	@ 0x10000
100029f0:	2001      	movs	r0, #1
100029f2:	490a      	ldr	r1, [pc, #40]	@ (10002a1c <dcd_init+0x94>)
100029f4:	4b0a      	ldr	r3, [pc, #40]	@ (10002a20 <dcd_init+0x98>)
100029f6:	6420      	str	r0, [r4, #64]	@ 0x40
100029f8:	f8c4 c04c 	str.w	ip, [r4, #76]	@ 0x4c
100029fc:	f8c4 1090 	str.w	r1, [r4, #144]	@ 0x90
10002a00:	64da      	str	r2, [r3, #76]	@ 0x4c
10002a02:	bd10      	pop	{r4, pc}
10002a04:	50110000 	.word	0x50110000
10002a08:	20000399 	.word	0x20000399
10002a0c:	200054b0 	.word	0x200054b0
10002a10:	50100084 	.word	0x50100084
10002a14:	50100000 	.word	0x50100000
10002a18:	50100100 	.word	0x50100100
10002a1c:	0001d010 	.word	0x0001d010
10002a20:	50112000 	.word	0x50112000

10002a24 <dcd_int_enable>:
10002a24:	2101      	movs	r1, #1
10002a26:	200e      	movs	r0, #14
10002a28:	f7fe b846 	b.w	10000ab8 <irq_set_enabled>

10002a2c <dcd_set_address>:
10002a2c:	2200      	movs	r2, #0
10002a2e:	4802      	ldr	r0, [pc, #8]	@ (10002a38 <dcd_set_address+0xc>)
10002a30:	4611      	mov	r1, r2
10002a32:	f000 b905 	b.w	10002c40 <hw_endpoint_xfer_start>
10002a36:	bf00      	nop
10002a38:	200054d0 	.word	0x200054d0

10002a3c <dcd_sof_enable>:
10002a3c:	4b04      	ldr	r3, [pc, #16]	@ (10002a50 <dcd_sof_enable+0x14>)
10002a3e:	7019      	strb	r1, [r3, #0]
10002a40:	b121      	cbz	r1, 10002a4c <dcd_sof_enable+0x10>
10002a42:	f44f 3200 	mov.w	r2, #131072	@ 0x20000
10002a46:	4b03      	ldr	r3, [pc, #12]	@ (10002a54 <dcd_sof_enable+0x18>)
10002a48:	f8c3 2090 	str.w	r2, [r3, #144]	@ 0x90
10002a4c:	4770      	bx	lr
10002a4e:	bf00      	nop
10002a50:	20005931 	.word	0x20005931
10002a54:	50112000 	.word	0x50112000

10002a58 <dcd_edpt0_status_complete>:
10002a58:	780b      	ldrb	r3, [r1, #0]
10002a5a:	065b      	lsls	r3, r3, #25
10002a5c:	d000      	beq.n	10002a60 <dcd_edpt0_status_complete+0x8>
10002a5e:	4770      	bx	lr
10002a60:	784b      	ldrb	r3, [r1, #1]
10002a62:	2b05      	cmp	r3, #5
10002a64:	d1fb      	bne.n	10002a5e <dcd_edpt0_status_complete+0x6>
10002a66:	884b      	ldrh	r3, [r1, #2]
10002a68:	4a01      	ldr	r2, [pc, #4]	@ (10002a70 <dcd_edpt0_status_complete+0x18>)
10002a6a:	b2db      	uxtb	r3, r3
10002a6c:	6013      	str	r3, [r2, #0]
10002a6e:	e7f6      	b.n	10002a5e <dcd_edpt0_status_complete+0x6>
10002a70:	50110000 	.word	0x50110000

10002a74 <dcd_edpt_open>:
10002a74:	78cb      	ldrb	r3, [r1, #3]
10002a76:	f003 0c03 	and.w	ip, r3, #3
10002a7a:	f1bc 0f01 	cmp.w	ip, #1
10002a7e:	f3c3 0001 	ubfx	r0, r3, #0, #2
10002a82:	d062      	beq.n	10002b4a <dcd_edpt_open+0xd6>
10002a84:	e92d 41f0 	stmdb	sp!, {r4, r5, r6, r7, r8, lr}
10002a88:	2600      	movs	r6, #0
10002a8a:	f891 e002 	ldrb.w	lr, [r1, #2]
10002a8e:	4c36      	ldr	r4, [pc, #216]	@ (10002b68 <dcd_edpt_open+0xf4>)
10002a90:	f00e 027f 	and.w	r2, lr, #127	@ 0x7f
10002a94:	0053      	lsls	r3, r2, #1
10002a96:	8889      	ldrh	r1, [r1, #4]
10002a98:	4698      	mov	r8, r3
10002a9a:	eb03 13de 	add.w	r3, r3, lr, lsr #7
10002a9e:	eb04 1343 	add.w	r3, r4, r3, lsl #5
10002aa2:	ea4f 15de 	mov.w	r5, lr, lsr #7
10002aa6:	76d8      	strb	r0, [r3, #27]
10002aa8:	f3c1 010a 	ubfx	r1, r1, #0, #11
10002aac:	f085 0001 	eor.w	r0, r5, #1
10002ab0:	f883 e002 	strb.w	lr, [r3, #2]
10002ab4:	8319      	strh	r1, [r3, #24]
10002ab6:	7058      	strb	r0, [r3, #1]
10002ab8:	70de      	strb	r6, [r3, #3]
10002aba:	00d3      	lsls	r3, r2, #3
10002abc:	2d00      	cmp	r5, #0
10002abe:	d132      	bne.n	10002b26 <dcd_edpt_open+0xb2>
10002ac0:	482a      	ldr	r0, [pc, #168]	@ (10002b6c <dcd_edpt_open+0xf8>)
10002ac2:	3304      	adds	r3, #4
10002ac4:	eb04 1e82 	add.w	lr, r4, r2, lsl #6
10002ac8:	181f      	adds	r7, r3, r0
10002aca:	f8ce 7008 	str.w	r7, [lr, #8]
10002ace:	501e      	str	r6, [r3, r0]
10002ad0:	b392      	cbz	r2, 10002b38 <dcd_edpt_open+0xc4>
10002ad2:	4b27      	ldr	r3, [pc, #156]	@ (10002b70 <dcd_edpt_open+0xfc>)
10002ad4:	eb03 03c2 	add.w	r3, r3, r2, lsl #3
10002ad8:	f8ce 3004 	str.w	r3, [lr, #4]
10002adc:	313f      	adds	r1, #63	@ 0x3f
10002ade:	0989      	lsrs	r1, r1, #6
10002ae0:	f1bc 0f02 	cmp.w	ip, #2
10002ae4:	bf14      	ite	ne
10002ae6:	018b      	lslne	r3, r1, #6
10002ae8:	01cb      	lsleq	r3, r1, #7
10002aea:	4922      	ldr	r1, [pc, #136]	@ (10002b74 <dcd_edpt_open+0x100>)
10002aec:	eb08 0605 	add.w	r6, r8, r5
10002af0:	680a      	ldr	r2, [r1, #0]
10002af2:	eb04 1646 	add.w	r6, r4, r6, lsl #5
10002af6:	4413      	add	r3, r2
10002af8:	600b      	str	r3, [r1, #0]
10002afa:	491f      	ldr	r1, [pc, #124]	@ (10002b78 <dcd_edpt_open+0x104>)
10002afc:	60f2      	str	r2, [r6, #12]
10002afe:	428b      	cmp	r3, r1
10002b00:	d82d      	bhi.n	10002b5e <dcd_edpt_open+0xea>
10002b02:	eb08 0305 	add.w	r3, r8, r5
10002b06:	eb04 1443 	add.w	r4, r4, r3, lsl #5
10002b0a:	7ee1      	ldrb	r1, [r4, #27]
10002b0c:	f082 42a0 	eor.w	r2, r2, #1342177280	@ 0x50000000
10002b10:	f482 1280 	eor.w	r2, r2, #1048576	@ 0x100000
10002b14:	6863      	ldr	r3, [r4, #4]
10002b16:	ea42 6281 	orr.w	r2, r2, r1, lsl #26
10002b1a:	f042 4200 	orr.w	r2, r2, #2147483648	@ 0x80000000
10002b1e:	2001      	movs	r0, #1
10002b20:	601a      	str	r2, [r3, #0]
10002b22:	e8bd 81f0 	ldmia.w	sp!, {r4, r5, r6, r7, r8, pc}
10002b26:	4811      	ldr	r0, [pc, #68]	@ (10002b6c <dcd_edpt_open+0xf8>)
10002b28:	eb04 1e82 	add.w	lr, r4, r2, lsl #6
10002b2c:	4403      	add	r3, r0
10002b2e:	f8ce 3028 	str.w	r3, [lr, #40]	@ 0x28
10002b32:	f840 6032 	str.w	r6, [r0, r2, lsl #3]
10002b36:	b952      	cbnz	r2, 10002b4e <dcd_edpt_open+0xda>
10002b38:	4613      	mov	r3, r2
10002b3a:	4a10      	ldr	r2, [pc, #64]	@ (10002b7c <dcd_edpt_open+0x108>)
10002b3c:	eb04 1445 	add.w	r4, r4, r5, lsl #5
10002b40:	2001      	movs	r0, #1
10002b42:	60e2      	str	r2, [r4, #12]
10002b44:	6063      	str	r3, [r4, #4]
10002b46:	e8bd 81f0 	ldmia.w	sp!, {r4, r5, r6, r7, r8, pc}
10002b4a:	2000      	movs	r0, #0
10002b4c:	4770      	bx	lr
10002b4e:	00d2      	lsls	r2, r2, #3
10002b50:	f102 42a0 	add.w	r2, r2, #1342177280	@ 0x50000000
10002b54:	f502 1280 	add.w	r2, r2, #1048576	@ 0x100000
10002b58:	f8ce 2024 	str.w	r2, [lr, #36]	@ 0x24
10002b5c:	e7be      	b.n	10002adc <dcd_edpt_open+0x68>
10002b5e:	f7ff f8cb 	bl	10001cf8 <hard_assertion_failure>
10002b62:	68f2      	ldr	r2, [r6, #12]
10002b64:	e7cd      	b.n	10002b02 <dcd_edpt_open+0x8e>
10002b66:	bf00      	nop
10002b68:	200054b0 	.word	0x200054b0
10002b6c:	50100080 	.word	0x50100080
10002b70:	50100004 	.word	0x50100004
10002b74:	200058bc 	.word	0x200058bc
10002b78:	50100fff 	.word	0x50100fff
10002b7c:	50100100 	.word	0x50100100

10002b80 <dcd_edpt_close_all>:
10002b80:	f002 b98a 	b.w	10004e98 <__reset_non_control_endpoints_veneer>

10002b84 <dcd_edpt_xfer>:
10002b84:	b508      	push	{r3, lr}
10002b86:	4696      	mov	lr, r2
10002b88:	f8df c01c 	ldr.w	ip, [pc, #28]	@ 10002ba8 <dcd_edpt_xfer+0x24>
10002b8c:	f001 027f 	and.w	r2, r1, #127	@ 0x7f
10002b90:	09c8      	lsrs	r0, r1, #7
10002b92:	eb00 0042 	add.w	r0, r0, r2, lsl #1
10002b96:	eb0c 1040 	add.w	r0, ip, r0, lsl #5
10002b9a:	461a      	mov	r2, r3
10002b9c:	4671      	mov	r1, lr
10002b9e:	f000 f84f 	bl	10002c40 <hw_endpoint_xfer_start>
10002ba2:	2001      	movs	r0, #1
10002ba4:	bd08      	pop	{r3, pc}
10002ba6:	bf00      	nop
10002ba8:	200054b0 	.word	0x200054b0

10002bac <dcd_edpt_stall>:
10002bac:	f011 027f 	ands.w	r2, r1, #127	@ 0x7f
10002bb0:	d105      	bne.n	10002bbe <dcd_edpt_stall+0x12>
10002bb2:	2900      	cmp	r1, #0
10002bb4:	bf0c      	ite	eq
10002bb6:	2002      	moveq	r0, #2
10002bb8:	2001      	movne	r0, #1
10002bba:	4b06      	ldr	r3, [pc, #24]	@ (10002bd4 <dcd_edpt_stall+0x28>)
10002bbc:	6698      	str	r0, [r3, #104]	@ 0x68
10002bbe:	09c9      	lsrs	r1, r1, #7
10002bc0:	4b05      	ldr	r3, [pc, #20]	@ (10002bd8 <dcd_edpt_stall+0x2c>)
10002bc2:	eb01 0042 	add.w	r0, r1, r2, lsl #1
10002bc6:	eb03 1040 	add.w	r0, r3, r0, lsl #5
10002bca:	f44f 6200 	mov.w	r2, #2048	@ 0x800
10002bce:	2100      	movs	r1, #0
10002bd0:	f002 b966 	b.w	10004ea0 <___hw_endpoint_buffer_control_update32_veneer>
10002bd4:	50112000 	.word	0x50112000
10002bd8:	200054b0 	.word	0x200054b0

10002bdc <dcd_edpt_clear_stall>:
10002bdc:	f011 037f 	ands.w	r3, r1, #127	@ 0x7f
10002be0:	d100      	bne.n	10002be4 <dcd_edpt_clear_stall+0x8>
10002be2:	4770      	bx	lr
10002be4:	2200      	movs	r2, #0
10002be6:	4805      	ldr	r0, [pc, #20]	@ (10002bfc <dcd_edpt_clear_stall+0x20>)
10002be8:	005b      	lsls	r3, r3, #1
10002bea:	eb03 13d1 	add.w	r3, r3, r1, lsr #7
10002bee:	eb00 1043 	add.w	r0, r0, r3, lsl #5
10002bf2:	f46f 6100 	mvn.w	r1, #2048	@ 0x800
10002bf6:	70c2      	strb	r2, [r0, #3]
10002bf8:	f002 b952 	b.w	10004ea0 <___hw_endpoint_buffer_control_update32_veneer>
10002bfc:	200054b0 	.word	0x200054b0

10002c00 <rp2040_usb_init>:
10002c00:	f04f 5280 	mov.w	r2, #268435456	@ 0x10000000
10002c04:	4809      	ldr	r0, [pc, #36]	@ (10002c2c <rp2040_usb_init+0x2c>)
10002c06:	490a      	ldr	r1, [pc, #40]	@ (10002c30 <rp2040_usb_init+0x30>)
10002c08:	b508      	push	{r3, lr}
10002c0a:	4b0a      	ldr	r3, [pc, #40]	@ (10002c34 <rp2040_usb_init+0x34>)
10002c0c:	6002      	str	r2, [r0, #0]
10002c0e:	600a      	str	r2, [r1, #0]
10002c10:	6899      	ldr	r1, [r3, #8]
10002c12:	43c9      	mvns	r1, r1
10002c14:	f011 5180 	ands.w	r1, r1, #268435456	@ 0x10000000
10002c18:	d1fa      	bne.n	10002c10 <rp2040_usb_init+0x10>
10002c1a:	f44f 5280 	mov.w	r2, #4096	@ 0x1000
10002c1e:	4806      	ldr	r0, [pc, #24]	@ (10002c38 <rp2040_usb_init+0x38>)
10002c20:	f002 f83c 	bl	10004c9c <memset>
10002c24:	2209      	movs	r2, #9
10002c26:	4b05      	ldr	r3, [pc, #20]	@ (10002c3c <rp2040_usb_init+0x3c>)
10002c28:	675a      	str	r2, [r3, #116]	@ 0x74
10002c2a:	bd08      	pop	{r3, pc}
10002c2c:	40022000 	.word	0x40022000
10002c30:	40023000 	.word	0x40023000
10002c34:	40020000 	.word	0x40020000
10002c38:	50100000 	.word	0x50100000
10002c3c:	50110000 	.word	0x50110000

10002c40 <hw_endpoint_xfer_start>:
10002c40:	2300      	movs	r3, #0
10002c42:	f04f 0c01 	mov.w	ip, #1
10002c46:	b510      	push	{r4, lr}
10002c48:	6101      	str	r1, [r0, #16]
10002c4a:	f880 c01a 	strb.w	ip, [r0, #26]
10002c4e:	8282      	strh	r2, [r0, #20]
10002c50:	82c3      	strh	r3, [r0, #22]
10002c52:	4604      	mov	r4, r0
10002c54:	f002 f914 	bl	10004e80 <__e15_is_bulkin_ep_veneer>
10002c58:	b120      	cbz	r0, 10002c64 <hw_endpoint_xfer_start+0x24>
10002c5a:	f44f 3200 	mov.w	r2, #131072	@ 0x20000
10002c5e:	4b07      	ldr	r3, [pc, #28]	@ (10002c7c <hw_endpoint_xfer_start+0x3c>)
10002c60:	f8c3 2090 	str.w	r2, [r3, #144]	@ 0x90
10002c64:	4620      	mov	r0, r4
10002c66:	f002 f903 	bl	10004e70 <__e15_is_critical_frame_period_veneer>
10002c6a:	b110      	cbz	r0, 10002c72 <hw_endpoint_xfer_start+0x32>
10002c6c:	2301      	movs	r3, #1
10002c6e:	7723      	strb	r3, [r4, #28]
10002c70:	bd10      	pop	{r4, pc}
10002c72:	4620      	mov	r0, r4
10002c74:	e8bd 4010 	ldmia.w	sp!, {r4, lr}
10002c78:	f002 b906 	b.w	10004e88 <__hw_endpoint_start_next_buffer_veneer>
10002c7c:	50112000 	.word	0x50112000

10002c80 <configuration_reset>:
10002c80:	e92d 41f0 	stmdb	sp!, {r4, r5, r6, r7, r8, lr}
10002c84:	2400      	movs	r4, #0
10002c86:	4d1c      	ldr	r5, [pc, #112]	@ (10002cf8 <configuration_reset+0x78>)
10002c88:	4606      	mov	r6, r0
10002c8a:	4623      	mov	r3, r4
10002c8c:	782a      	ldrb	r2, [r5, #0]
10002c8e:	f8df 8078 	ldr.w	r8, [pc, #120]	@ 10002d08 <configuration_reset+0x88>
10002c92:	4f1a      	ldr	r7, [pc, #104]	@ (10002cfc <configuration_reset+0x7c>)
10002c94:	e00d      	b.n	10002cb2 <configuration_reset+0x32>
10002c96:	683b      	ldr	r3, [r7, #0]
10002c98:	eb13 1344 	adds.w	r3, r3, r4, lsl #5
10002c9c:	d023      	beq.n	10002ce6 <configuration_reset+0x66>
10002c9e:	68db      	ldr	r3, [r3, #12]
10002ca0:	4630      	mov	r0, r6
10002ca2:	4798      	blx	r3
10002ca4:	782a      	ldrb	r2, [r5, #0]
10002ca6:	3401      	adds	r4, #1
10002ca8:	b2e4      	uxtb	r4, r4
10002caa:	1c51      	adds	r1, r2, #1
10002cac:	42a1      	cmp	r1, r4
10002cae:	4623      	mov	r3, r4
10002cb0:	db06      	blt.n	10002cc0 <configuration_reset+0x40>
10002cb2:	42a2      	cmp	r2, r4
10002cb4:	eba3 0302 	sub.w	r3, r3, r2
10002cb8:	d8ed      	bhi.n	10002c96 <configuration_reset+0x16>
10002cba:	eb08 1343 	add.w	r3, r8, r3, lsl #5
10002cbe:	e7ee      	b.n	10002c9e <configuration_reset+0x1e>
10002cc0:	2254      	movs	r2, #84	@ 0x54
10002cc2:	2100      	movs	r1, #0
10002cc4:	480e      	ldr	r0, [pc, #56]	@ (10002d00 <configuration_reset+0x80>)
10002cc6:	f001 ffe9 	bl	10004c9c <memset>
10002cca:	f04f 33ff 	mov.w	r3, #4294967295	@ 0xffffffff
10002cce:	4c0c      	ldr	r4, [pc, #48]	@ (10002d00 <configuration_reset+0x80>)
10002cd0:	2220      	movs	r2, #32
10002cd2:	e9c4 3301 	strd	r3, r3, [r4, #4]
10002cd6:	e9c4 3303 	strd	r3, r3, [r4, #12]
10002cda:	21ff      	movs	r1, #255	@ 0xff
10002cdc:	e8bd 41f0 	ldmia.w	sp!, {r4, r5, r6, r7, r8, lr}
10002ce0:	4808      	ldr	r0, [pc, #32]	@ (10002d04 <configuration_reset+0x84>)
10002ce2:	f001 bfdb 	b.w	10004c9c <memset>
10002ce6:	f04f 23e0 	mov.w	r3, #3758153728	@ 0xe000e000
10002cea:	f8d3 3df0 	ldr.w	r3, [r3, #3568]	@ 0xdf0
10002cee:	07db      	lsls	r3, r3, #31
10002cf0:	d500      	bpl.n	10002cf4 <configuration_reset+0x74>
10002cf2:	be00      	bkpt	0x0000
10002cf4:	e8bd 81f0 	ldmia.w	sp!, {r4, r5, r6, r7, r8, pc}
10002cf8:	20005930 	.word	0x20005930
10002cfc:	20004f40 	.word	0x20004f40
10002d00:	20005048 	.word	0x20005048
10002d04:	2000505c 	.word	0x2000505c
10002d08:	100052a0 	.word	0x100052a0

10002d0c <tud_event_hook_cb>:
10002d0c:	4770      	bx	lr
10002d0e:	bf00      	nop

10002d10 <tud_sof_cb>:
10002d10:	4770      	bx	lr
10002d12:	bf00      	nop

10002d14 <tud_descriptor_device_qualifier_cb>:
10002d14:	2000      	movs	r0, #0
10002d16:	4770      	bx	lr

10002d18 <tud_descriptor_other_speed_configuration_cb>:
10002d18:	2000      	movs	r0, #0
10002d1a:	4770      	bx	lr

10002d1c <tud_mount_cb>:
10002d1c:	4770      	bx	lr
10002d1e:	bf00      	nop

10002d20 <tud_umount_cb>:
10002d20:	4770      	bx	lr
10002d22:	bf00      	nop

10002d24 <tud_suspend_cb>:
10002d24:	4770      	bx	lr
10002d26:	bf00      	nop

10002d28 <tud_resume_cb>:
10002d28:	4770      	bx	lr
10002d2a:	bf00      	nop

10002d2c <tud_mounted>:
10002d2c:	4b02      	ldr	r3, [pc, #8]	@ (10002d38 <tud_mounted+0xc>)
10002d2e:	7858      	ldrb	r0, [r3, #1]
10002d30:	3800      	subs	r0, #0
10002d32:	bf18      	it	ne
10002d34:	2001      	movne	r0, #1
10002d36:	4770      	bx	lr
10002d38:	20005048 	.word	0x20005048

10002d3c <tud_suspended>:
10002d3c:	4b02      	ldr	r3, [pc, #8]	@ (10002d48 <tud_suspended+0xc>)
10002d3e:	7818      	ldrb	r0, [r3, #0]
10002d40:	f3c0 0080 	ubfx	r0, r0, #2, #1
10002d44:	4770      	bx	lr
10002d46:	bf00      	nop
10002d48:	20005048 	.word	0x20005048

10002d4c <tud_rhport_init>:
10002d4c:	e92d 47f0 	stmdb	sp!, {r4, r5, r6, r7, r8, r9, sl, lr}
10002d50:	f8df 80e4 	ldr.w	r8, [pc, #228]	@ 10002e38 <tud_rhport_init+0xec>
10002d54:	f898 3000 	ldrb.w	r3, [r8]
10002d58:	2bff      	cmp	r3, #255	@ 0xff
10002d5a:	d153      	bne.n	10002e04 <tud_rhport_init+0xb8>
10002d5c:	2900      	cmp	r1, #0
10002d5e:	d03c      	beq.n	10002dda <tud_rhport_init+0x8e>
10002d60:	2254      	movs	r2, #84	@ 0x54
10002d62:	468a      	mov	sl, r1
10002d64:	4681      	mov	r9, r0
10002d66:	2100      	movs	r1, #0
10002d68:	4828      	ldr	r0, [pc, #160]	@ (10002e0c <tud_rhport_init+0xc0>)
10002d6a:	f001 ff97 	bl	10004c9c <memset>
10002d6e:	2200      	movs	r2, #0
10002d70:	4c27      	ldr	r4, [pc, #156]	@ (10002e10 <tud_rhport_init+0xc4>)
10002d72:	4b28      	ldr	r3, [pc, #160]	@ (10002e14 <tud_rhport_init+0xc8>)
10002d74:	4620      	mov	r0, r4
10002d76:	701a      	strb	r2, [r3, #0]
10002d78:	f7fe f9be 	bl	100010f8 <mutex_init>
10002d7c:	4b26      	ldr	r3, [pc, #152]	@ (10002e18 <tud_rhport_init+0xcc>)
10002d7e:	4827      	ldr	r0, [pc, #156]	@ (10002e1c <tud_rhport_init+0xd0>)
10002d80:	601c      	str	r4, [r3, #0]
10002d82:	4c27      	ldr	r4, [pc, #156]	@ (10002e20 <tud_rhport_init+0xd4>)
10002d84:	f7fe f9c6 	bl	10001114 <critical_section_init>
10002d88:	4620      	mov	r0, r4
10002d8a:	f001 fe17 	bl	100049bc <tu_fifo_clear>
10002d8e:	4a25      	ldr	r2, [pc, #148]	@ (10002e24 <tud_rhport_init+0xd8>)
10002d90:	4b25      	ldr	r3, [pc, #148]	@ (10002e28 <tud_rhport_init+0xdc>)
10002d92:	6014      	str	r4, [r2, #0]
10002d94:	b123      	cbz	r3, 10002da0 <tud_rhport_init+0x54>
10002d96:	4825      	ldr	r0, [pc, #148]	@ (10002e2c <tud_rhport_init+0xe0>)
10002d98:	f7ff faa2 	bl	100022e0 <usbd_app_driver_get_cb>
10002d9c:	4b24      	ldr	r3, [pc, #144]	@ (10002e30 <tud_rhport_init+0xe4>)
10002d9e:	6018      	str	r0, [r3, #0]
10002da0:	2400      	movs	r4, #0
10002da2:	4d22      	ldr	r5, [pc, #136]	@ (10002e2c <tud_rhport_init+0xe0>)
10002da4:	4623      	mov	r3, r4
10002da6:	782a      	ldrb	r2, [r5, #0]
10002da8:	4f22      	ldr	r7, [pc, #136]	@ (10002e34 <tud_rhport_init+0xe8>)
10002daa:	4e21      	ldr	r6, [pc, #132]	@ (10002e30 <tud_rhport_init+0xe4>)
10002dac:	e00d      	b.n	10002dca <tud_rhport_init+0x7e>
10002dae:	6833      	ldr	r3, [r6, #0]
10002db0:	eb13 1344 	adds.w	r3, r3, r4, lsl #5
10002db4:	d011      	beq.n	10002dda <tud_rhport_init+0x8e>
10002db6:	685b      	ldr	r3, [r3, #4]
10002db8:	b17b      	cbz	r3, 10002dda <tud_rhport_init+0x8e>
10002dba:	4798      	blx	r3
10002dbc:	782a      	ldrb	r2, [r5, #0]
10002dbe:	3401      	adds	r4, #1
10002dc0:	b2e4      	uxtb	r4, r4
10002dc2:	1c51      	adds	r1, r2, #1
10002dc4:	42a1      	cmp	r1, r4
10002dc6:	4623      	mov	r3, r4
10002dc8:	db11      	blt.n	10002dee <tud_rhport_init+0xa2>
10002dca:	42a2      	cmp	r2, r4
10002dcc:	d8ef      	bhi.n	10002dae <tud_rhport_init+0x62>
10002dce:	1a9b      	subs	r3, r3, r2
10002dd0:	eb07 1343 	add.w	r3, r7, r3, lsl #5
10002dd4:	685b      	ldr	r3, [r3, #4]
10002dd6:	2b00      	cmp	r3, #0
10002dd8:	d1ef      	bne.n	10002dba <tud_rhport_init+0x6e>
10002dda:	f04f 23e0 	mov.w	r3, #3758153728	@ 0xe000e000
10002dde:	f8d3 3df0 	ldr.w	r3, [r3, #3568]	@ 0xdf0
10002de2:	07db      	lsls	r3, r3, #31
10002de4:	d500      	bpl.n	10002de8 <tud_rhport_init+0x9c>
10002de6:	be00      	bkpt	0x0000
10002de8:	2000      	movs	r0, #0
10002dea:	e8bd 87f0 	ldmia.w	sp!, {r4, r5, r6, r7, r8, r9, sl, pc}
10002dee:	4651      	mov	r1, sl
10002df0:	4648      	mov	r0, r9
10002df2:	f888 9000 	strb.w	r9, [r8]
10002df6:	f7ff fdc7 	bl	10002988 <dcd_init>
10002dfa:	2800      	cmp	r0, #0
10002dfc:	d0ed      	beq.n	10002dda <tud_rhport_init+0x8e>
10002dfe:	4648      	mov	r0, r9
10002e00:	f7ff fe10 	bl	10002a24 <dcd_int_enable>
10002e04:	2001      	movs	r0, #1
10002e06:	e8bd 87f0 	ldmia.w	sp!, {r4, r5, r6, r7, r8, r9, sl, pc}
10002e0a:	bf00      	nop
10002e0c:	20005048 	.word	0x20005048
10002e10:	20005040 	.word	0x20005040
10002e14:	20005932 	.word	0x20005932
10002e18:	2000509c 	.word	0x2000509c
10002e1c:	20004cd8 	.word	0x20004cd8
10002e20:	20004cc4 	.word	0x20004cc4
10002e24:	200050a0 	.word	0x200050a0
10002e28:	100022e1 	.word	0x100022e1
10002e2c:	20005930 	.word	0x20005930
10002e30:	20004f40 	.word	0x20004f40
10002e34:	100052a0 	.word	0x100052a0
10002e38:	20004ce0 	.word	0x20004ce0

10002e3c <tud_task_ext>:
10002e3c:	4b95      	ldr	r3, [pc, #596]	@ (10003094 <tud_task_ext+0x258>)
10002e3e:	781b      	ldrb	r3, [r3, #0]
10002e40:	2bff      	cmp	r3, #255	@ 0xff
10002e42:	f000 8119 	beq.w	10003078 <tud_task_ext+0x23c>
10002e46:	e92d 4ff0 	stmdb	sp!, {r4, r5, r6, r7, r8, r9, sl, fp, lr}
10002e4a:	4c93      	ldr	r4, [pc, #588]	@ (10003098 <tud_task_ext+0x25c>)
10002e4c:	4d93      	ldr	r5, [pc, #588]	@ (1000309c <tud_task_ext+0x260>)
10002e4e:	f8df 8260 	ldr.w	r8, [pc, #608]	@ 100030b0 <tud_task_ext+0x274>
10002e52:	4f93      	ldr	r7, [pc, #588]	@ (100030a0 <tud_task_ext+0x264>)
10002e54:	b08b      	sub	sp, #44	@ 0x2c
10002e56:	6826      	ldr	r6, [r4, #0]
10002e58:	6973      	ldr	r3, [r6, #20]
10002e5a:	f3ef 8210 	mrs	r2, PRIMASK
10002e5e:	b672      	cpsid	i
10002e60:	e8d3 0fcf 	ldaexb	r0, [r3]
10002e64:	2101      	movs	r1, #1
10002e66:	2800      	cmp	r0, #0
10002e68:	d1fa      	bne.n	10002e60 <tud_task_ext+0x24>
10002e6a:	e8c3 1f40 	strexb	r0, r1, [r3]
10002e6e:	2800      	cmp	r0, #0
10002e70:	d1f6      	bne.n	10002e60 <tud_task_ext+0x24>
10002e72:	f3bf 8f5f 	dmb	sy
10002e76:	61b2      	str	r2, [r6, #24]
10002e78:	4630      	mov	r0, r6
10002e7a:	a907      	add	r1, sp, #28
10002e7c:	f001 fbe4 	bl	10004648 <tu_fifo_read>
10002e80:	2300      	movs	r3, #0
10002e82:	6972      	ldr	r2, [r6, #20]
10002e84:	e8c2 3f8f 	stlb	r3, [r2]
10002e88:	69b3      	ldr	r3, [r6, #24]
10002e8a:	f383 8810 	msr	PRIMASK, r3
10002e8e:	2800      	cmp	r0, #0
10002e90:	f000 80ca 	beq.w	10003028 <tud_task_ext+0x1ec>
10002e94:	f89d 301d 	ldrb.w	r3, [sp, #29]
10002e98:	3b01      	subs	r3, #1
10002e9a:	2b07      	cmp	r3, #7
10002e9c:	f200 839e 	bhi.w	100035dc <tud_task_ext+0x7a0>
10002ea0:	e8df f003 	tbb	[pc, r3]
10002ea4:	9b93afa5 	.word	0x9b93afa5
10002ea8:	040a358c 	.word	0x040a358c
10002eac:	9b08      	ldr	r3, [sp, #32]
10002eae:	2b00      	cmp	r3, #0
10002eb0:	d0d1      	beq.n	10002e56 <tud_task_ext+0x1a>
10002eb2:	9809      	ldr	r0, [sp, #36]	@ 0x24
10002eb4:	4798      	blx	r3
10002eb6:	e7ce      	b.n	10002e56 <tud_task_ext+0x1a>
10002eb8:	f89d 1020 	ldrb.w	r1, [sp, #32]
10002ebc:	f001 067f 	and.w	r6, r1, #127	@ 0x7f
10002ec0:	eb05 0046 	add.w	r0, r5, r6, lsl #1
10002ec4:	eb00 10d1 	add.w	r0, r0, r1, lsr #7
10002ec8:	f890 3034 	ldrb.w	r3, [r0, #52]	@ 0x34
10002ecc:	f023 0301 	bic.w	r3, r3, #1
10002ed0:	f880 3034 	strb.w	r3, [r0, #52]	@ 0x34
10002ed4:	f890 3034 	ldrb.w	r3, [r0, #52]	@ 0x34
10002ed8:	f023 0304 	bic.w	r3, r3, #4
10002edc:	f880 3034 	strb.w	r3, [r0, #52]	@ 0x34
10002ee0:	2e00      	cmp	r6, #0
10002ee2:	f000 80a4 	beq.w	1000302e <tud_task_ext+0x1f2>
10002ee6:	7d03      	ldrb	r3, [r0, #20]
10002ee8:	f898 2000 	ldrb.w	r2, [r8]
10002eec:	4293      	cmp	r3, r2
10002eee:	f080 8091 	bcs.w	10003014 <tud_task_ext+0x1d8>
10002ef2:	4a6c      	ldr	r2, [pc, #432]	@ (100030a4 <tud_task_ext+0x268>)
10002ef4:	6812      	ldr	r2, [r2, #0]
10002ef6:	eb12 1343 	adds.w	r3, r2, r3, lsl #5
10002efa:	f000 808e 	beq.w	1000301a <tud_task_ext+0x1de>
10002efe:	699e      	ldr	r6, [r3, #24]
10002f00:	f89d 2021 	ldrb.w	r2, [sp, #33]	@ 0x21
10002f04:	9b09      	ldr	r3, [sp, #36]	@ 0x24
10002f06:	f89d 001c 	ldrb.w	r0, [sp, #28]
10002f0a:	47b0      	blx	r6
10002f0c:	e7a3      	b.n	10002e56 <tud_task_ext+0x1a>
10002f0e:	783b      	ldrb	r3, [r7, #0]
10002f10:	2b00      	cmp	r3, #0
10002f12:	f000 8082 	beq.w	1000301a <tud_task_ext+0x1de>
10002f16:	783b      	ldrb	r3, [r7, #0]
10002f18:	3b01      	subs	r3, #1
10002f1a:	703b      	strb	r3, [r7, #0]
10002f1c:	783b      	ldrb	r3, [r7, #0]
10002f1e:	f003 00ff 	and.w	r0, r3, #255	@ 0xff
10002f22:	2b00      	cmp	r3, #0
10002f24:	d197      	bne.n	10002e56 <tud_task_ext+0x1a>
10002f26:	f8df a174 	ldr.w	sl, [pc, #372]	@ 1000309c <tud_task_ext+0x260>
10002f2a:	f89d b01c 	ldrb.w	fp, [sp, #28]
10002f2e:	f89a 3000 	ldrb.w	r3, [sl]
10002f32:	f043 0301 	orr.w	r3, r3, #1
10002f36:	f88a 3000 	strb.w	r3, [sl]
10002f3a:	f89a 3034 	ldrb.w	r3, [sl, #52]	@ 0x34
10002f3e:	f360 0300 	bfi	r3, r0, #0, #1
10002f42:	f88a 3034 	strb.w	r3, [sl, #52]	@ 0x34
10002f46:	f89a 3034 	ldrb.w	r3, [sl, #52]	@ 0x34
10002f4a:	f360 0382 	bfi	r3, r0, #2, #1
10002f4e:	f88a 3034 	strb.w	r3, [sl, #52]	@ 0x34
10002f52:	f89a 3035 	ldrb.w	r3, [sl, #53]	@ 0x35
10002f56:	f360 0300 	bfi	r3, r0, #0, #1
10002f5a:	f88a 3035 	strb.w	r3, [sl, #53]	@ 0x35
10002f5e:	f89a 3035 	ldrb.w	r3, [sl, #53]	@ 0x35
10002f62:	f360 0382 	bfi	r3, r0, #2, #1
10002f66:	f88a 3035 	strb.w	r3, [sl, #53]	@ 0x35
10002f6a:	f000 fca7 	bl	100038bc <usbd_control_set_complete_callback>
10002f6e:	f89d 3020 	ldrb.w	r3, [sp, #32]
10002f72:	f003 0260 	and.w	r2, r3, #96	@ 0x60
10002f76:	2a60      	cmp	r2, #96	@ 0x60
10002f78:	d06c      	beq.n	10003054 <tud_task_ext+0x218>
10002f7a:	2a40      	cmp	r2, #64	@ 0x40
10002f7c:	d07d      	beq.n	1000307a <tud_task_ext+0x23e>
10002f7e:	f003 031f 	and.w	r3, r3, #31
10002f82:	2b01      	cmp	r3, #1
10002f84:	f000 80c3 	beq.w	1000310e <tud_task_ext+0x2d2>
10002f88:	2b02      	cmp	r3, #2
10002f8a:	f000 8093 	beq.w	100030b4 <tud_task_ext+0x278>
10002f8e:	2b00      	cmp	r3, #0
10002f90:	d160      	bne.n	10003054 <tud_task_ext+0x218>
10002f92:	2a20      	cmp	r2, #32
10002f94:	f000 8202 	beq.w	1000339c <tud_task_ext+0x560>
10002f98:	2a00      	cmp	r2, #0
10002f9a:	d15b      	bne.n	10003054 <tud_task_ext+0x218>
10002f9c:	f89d 3021 	ldrb.w	r3, [sp, #33]	@ 0x21
10002fa0:	2b09      	cmp	r3, #9
10002fa2:	d857      	bhi.n	10003054 <tud_task_ext+0x218>
10002fa4:	e8df f013 	tbh	[pc, r3, lsl #1]
10002fa8:	01af01bf 	.word	0x01af01bf
10002fac:	01d10056 	.word	0x01d10056
10002fb0:	01a00056 	.word	0x01a00056
10002fb4:	00560176 	.word	0x00560176
10002fb8:	00f9016a 	.word	0x00f9016a
10002fbc:	782b      	ldrb	r3, [r5, #0]
10002fbe:	07d9      	lsls	r1, r3, #31
10002fc0:	f57f af49 	bpl.w	10002e56 <tud_task_ext+0x1a>
10002fc4:	f7ff feb0 	bl	10002d28 <tud_resume_cb>
10002fc8:	e745      	b.n	10002e56 <tud_task_ext+0x1a>
10002fca:	78eb      	ldrb	r3, [r5, #3]
10002fcc:	07da      	lsls	r2, r3, #31
10002fce:	f57f af42 	bpl.w	10002e56 <tud_task_ext+0x1a>
10002fd2:	9808      	ldr	r0, [sp, #32]
10002fd4:	f7ff fe9c 	bl	10002d10 <tud_sof_cb>
10002fd8:	e73d      	b.n	10002e56 <tud_task_ext+0x1a>
10002fda:	782b      	ldrb	r3, [r5, #0]
10002fdc:	07d8      	lsls	r0, r3, #31
10002fde:	f57f af3a 	bpl.w	10002e56 <tud_task_ext+0x1a>
10002fe2:	7828      	ldrb	r0, [r5, #0]
10002fe4:	f3c0 00c0 	ubfx	r0, r0, #3, #1
10002fe8:	f7ff fe9c 	bl	10002d24 <tud_suspend_cb>
10002fec:	e733      	b.n	10002e56 <tud_task_ext+0x1a>
10002fee:	f89d 001c 	ldrb.w	r0, [sp, #28]
10002ff2:	f7ff fe45 	bl	10002c80 <configuration_reset>
10002ff6:	f000 fc57 	bl	100038a8 <usbd_control_reset>
10002ffa:	f89d 3020 	ldrb.w	r3, [sp, #32]
10002ffe:	70ab      	strb	r3, [r5, #2]
10003000:	e729      	b.n	10002e56 <tud_task_ext+0x1a>
10003002:	f89d 001c 	ldrb.w	r0, [sp, #28]
10003006:	f7ff fe3b 	bl	10002c80 <configuration_reset>
1000300a:	f000 fc4d 	bl	100038a8 <usbd_control_reset>
1000300e:	f7ff fe87 	bl	10002d20 <tud_umount_cb>
10003012:	e720      	b.n	10002e56 <tud_task_ext+0x1a>
10003014:	1c50      	adds	r0, r2, #1
10003016:	4298      	cmp	r0, r3
10003018:	da11      	bge.n	1000303e <tud_task_ext+0x202>
1000301a:	f04f 23e0 	mov.w	r3, #3758153728	@ 0xe000e000
1000301e:	f8d3 3df0 	ldr.w	r3, [r3, #3568]	@ 0xdf0
10003022:	07dc      	lsls	r4, r3, #31
10003024:	d500      	bpl.n	10003028 <tud_task_ext+0x1ec>
10003026:	be00      	bkpt	0x0000
10003028:	b00b      	add	sp, #44	@ 0x2c
1000302a:	e8bd 8ff0 	ldmia.w	sp!, {r4, r5, r6, r7, r8, r9, sl, fp, pc}
1000302e:	9b09      	ldr	r3, [sp, #36]	@ 0x24
10003030:	f89d 2021 	ldrb.w	r2, [sp, #33]	@ 0x21
10003034:	f89d 001c 	ldrb.w	r0, [sp, #28]
10003038:	f000 fc54 	bl	100038e4 <usbd_control_xfer_cb>
1000303c:	e70b      	b.n	10002e56 <tud_task_ext+0x1a>
1000303e:	1a9b      	subs	r3, r3, r2
10003040:	4a19      	ldr	r2, [pc, #100]	@ (100030a8 <tud_task_ext+0x26c>)
10003042:	eb02 1343 	add.w	r3, r2, r3, lsl #5
10003046:	e75a      	b.n	10002efe <tud_task_ext+0xc2>
10003048:	f7ff fb7c 	bl	10002744 <tud_descriptor_configuration_cb>
1000304c:	4602      	mov	r2, r0
1000304e:	2800      	cmp	r0, #0
10003050:	f040 8194 	bne.w	1000337c <tud_task_ext+0x540>
10003054:	f04f 23e0 	mov.w	r3, #3758153728	@ 0xe000e000
10003058:	f8d3 3df0 	ldr.w	r3, [r3, #3568]	@ 0xdf0
1000305c:	07de      	lsls	r6, r3, #31
1000305e:	d500      	bpl.n	10003062 <tud_task_ext+0x226>
10003060:	be00      	bkpt	0x0000
10003062:	f89d 001c 	ldrb.w	r0, [sp, #28]
10003066:	2100      	movs	r1, #0
10003068:	f7ff fda0 	bl	10002bac <dcd_edpt_stall>
1000306c:	2180      	movs	r1, #128	@ 0x80
1000306e:	f89d 001c 	ldrb.w	r0, [sp, #28]
10003072:	f7ff fd9b 	bl	10002bac <dcd_edpt_stall>
10003076:	e6ee      	b.n	10002e56 <tud_task_ext+0x1a>
10003078:	4770      	bx	lr
1000307a:	480c      	ldr	r0, [pc, #48]	@ (100030ac <tud_task_ext+0x270>)
1000307c:	f000 fc1e 	bl	100038bc <usbd_control_set_complete_callback>
10003080:	2101      	movs	r1, #1
10003082:	4658      	mov	r0, fp
10003084:	aa08      	add	r2, sp, #32
10003086:	f7ff f917 	bl	100022b8 <tud_vendor_control_xfer_cb>
1000308a:	2800      	cmp	r0, #0
1000308c:	f47f aee3 	bne.w	10002e56 <tud_task_ext+0x1a>
10003090:	e7e7      	b.n	10003062 <tud_task_ext+0x226>
10003092:	bf00      	nop
10003094:	20004ce0 	.word	0x20004ce0
10003098:	200050a0 	.word	0x200050a0
1000309c:	20005048 	.word	0x20005048
100030a0:	20005932 	.word	0x20005932
100030a4:	20004f40 	.word	0x20004f40
100030a8:	100052a0 	.word	0x100052a0
100030ac:	100022b9 	.word	0x100022b9
100030b0:	20005930 	.word	0x20005930
100030b4:	f89d 1024 	ldrb.w	r1, [sp, #36]	@ 0x24
100030b8:	f011 0f70 	tst.w	r1, #112	@ 0x70
100030bc:	d1ca      	bne.n	10003054 <tud_task_ext+0x218>
100030be:	48b4      	ldr	r0, [pc, #720]	@ (10003390 <tud_task_ext+0x554>)
100030c0:	f001 037f 	and.w	r3, r1, #127	@ 0x7f
100030c4:	f890 c000 	ldrb.w	ip, [r0]
100030c8:	eb0a 0043 	add.w	r0, sl, r3, lsl #1
100030cc:	eb00 10d1 	add.w	r0, r0, r1, lsr #7
100030d0:	7d00      	ldrb	r0, [r0, #20]
100030d2:	4560      	cmp	r0, ip
100030d4:	d34d      	bcc.n	10003172 <tud_task_ext+0x336>
100030d6:	f10c 0e01 	add.w	lr, ip, #1
100030da:	4586      	cmp	lr, r0
100030dc:	f2c0 8170 	blt.w	100033c0 <tud_task_ext+0x584>
100030e0:	eba0 000c 	sub.w	r0, r0, ip
100030e4:	f8df c2ac 	ldr.w	ip, [pc, #684]	@ 10003394 <tud_task_ext+0x558>
100030e8:	eb0c 1040 	add.w	r0, ip, r0, lsl #5
100030ec:	9000      	str	r0, [sp, #0]
100030ee:	2a00      	cmp	r2, #0
100030f0:	f000 816a 	beq.w	100033c8 <tud_task_ext+0x58c>
100030f4:	9e00      	ldr	r6, [sp, #0]
100030f6:	6970      	ldr	r0, [r6, #20]
100030f8:	f000 fbe0 	bl	100038bc <usbd_control_set_complete_callback>
100030fc:	2101      	movs	r1, #1
100030fe:	4658      	mov	r0, fp
10003100:	6973      	ldr	r3, [r6, #20]
10003102:	aa08      	add	r2, sp, #32
10003104:	4798      	blx	r3
10003106:	2800      	cmp	r0, #0
10003108:	f47f aea5 	bne.w	10002e56 <tud_task_ext+0x1a>
1000310c:	e7a9      	b.n	10003062 <tud_task_ext+0x226>
1000310e:	f89d 3024 	ldrb.w	r3, [sp, #36]	@ 0x24
10003112:	2b0f      	cmp	r3, #15
10003114:	d8a5      	bhi.n	10003062 <tud_task_ext+0x226>
10003116:	4a9e      	ldr	r2, [pc, #632]	@ (10003390 <tud_task_ext+0x554>)
10003118:	4453      	add	r3, sl
1000311a:	791b      	ldrb	r3, [r3, #4]
1000311c:	7812      	ldrb	r2, [r2, #0]
1000311e:	4293      	cmp	r3, r2
10003120:	d335      	bcc.n	1000318e <tud_task_ext+0x352>
10003122:	1c51      	adds	r1, r2, #1
10003124:	4299      	cmp	r1, r3
10003126:	db9c      	blt.n	10003062 <tud_task_ext+0x226>
10003128:	4e9a      	ldr	r6, [pc, #616]	@ (10003394 <tud_task_ext+0x558>)
1000312a:	1a9b      	subs	r3, r3, r2
1000312c:	eb06 1643 	add.w	r6, r6, r3, lsl #5
10003130:	6970      	ldr	r0, [r6, #20]
10003132:	f000 fbc3 	bl	100038bc <usbd_control_set_complete_callback>
10003136:	2101      	movs	r1, #1
10003138:	4658      	mov	r0, fp
1000313a:	6973      	ldr	r3, [r6, #20]
1000313c:	aa08      	add	r2, sp, #32
1000313e:	4798      	blx	r3
10003140:	2800      	cmp	r0, #0
10003142:	f47f ae88 	bne.w	10002e56 <tud_task_ext+0x1a>
10003146:	f89d 3020 	ldrb.w	r3, [sp, #32]
1000314a:	f013 0660 	ands.w	r6, r3, #96	@ 0x60
1000314e:	d188      	bne.n	10003062 <tud_task_ext+0x226>
10003150:	f89d 3021 	ldrb.w	r3, [sp, #33]	@ 0x21
10003154:	3b0a      	subs	r3, #10
10003156:	2b01      	cmp	r3, #1
10003158:	d883      	bhi.n	10003062 <tud_task_ext+0x226>
1000315a:	f000 fbaf 	bl	100038bc <usbd_control_set_complete_callback>
1000315e:	f89d 3021 	ldrb.w	r3, [sp, #33]	@ 0x21
10003162:	2b0a      	cmp	r3, #10
10003164:	f000 8213 	beq.w	1000358e <tud_task_ext+0x752>
10003168:	4658      	mov	r0, fp
1000316a:	a908      	add	r1, sp, #32
1000316c:	f000 fb26 	bl	100037bc <tud_control_status>
10003170:	e671      	b.n	10002e56 <tud_task_ext+0x1a>
10003172:	f8df c224 	ldr.w	ip, [pc, #548]	@ 10003398 <tud_task_ext+0x55c>
10003176:	f8dc c000 	ldr.w	ip, [ip]
1000317a:	eb0c 1040 	add.w	r0, ip, r0, lsl #5
1000317e:	9000      	str	r0, [sp, #0]
10003180:	2a00      	cmp	r2, #0
10003182:	f000 8121 	beq.w	100033c8 <tud_task_ext+0x58c>
10003186:	2800      	cmp	r0, #0
10003188:	f43f af6b 	beq.w	10003062 <tud_task_ext+0x226>
1000318c:	e7b2      	b.n	100030f4 <tud_task_ext+0x2b8>
1000318e:	4a82      	ldr	r2, [pc, #520]	@ (10003398 <tud_task_ext+0x55c>)
10003190:	6816      	ldr	r6, [r2, #0]
10003192:	eb16 1643 	adds.w	r6, r6, r3, lsl #5
10003196:	d1cb      	bne.n	10003130 <tud_task_ext+0x2f4>
10003198:	e763      	b.n	10003062 <tud_task_ext+0x226>
1000319a:	f89a 2001 	ldrb.w	r2, [sl, #1]
1000319e:	f89d 3022 	ldrb.w	r3, [sp, #34]	@ 0x22
100031a2:	4293      	cmp	r3, r2
100031a4:	f000 8164 	beq.w	10003470 <tud_task_ext+0x634>
100031a8:	f89a 2001 	ldrb.w	r2, [sl, #1]
100031ac:	2a00      	cmp	r2, #0
100031ae:	f040 81d8 	bne.w	10003562 <tud_task_ext+0x726>
100031b2:	f88a 3001 	strb.w	r3, [sl, #1]
100031b6:	2b00      	cmp	r3, #0
100031b8:	f000 8158 	beq.w	1000346c <tud_task_ext+0x630>
100031bc:	3b01      	subs	r3, #1
100031be:	b2d8      	uxtb	r0, r3
100031c0:	f7ff fac0 	bl	10002744 <tud_descriptor_configuration_cb>
100031c4:	2800      	cmp	r0, #0
100031c6:	f000 8174 	beq.w	100034b2 <tud_task_ext+0x676>
100031ca:	7843      	ldrb	r3, [r0, #1]
100031cc:	2b02      	cmp	r3, #2
100031ce:	f040 8170 	bne.w	100034b2 <tud_task_ext+0x676>
100031d2:	79c2      	ldrb	r2, [r0, #7]
100031d4:	f89a 1000 	ldrb.w	r1, [sl]
100031d8:	f3c2 1340 	ubfx	r3, r2, #5, #1
100031dc:	011b      	lsls	r3, r3, #4
100031de:	f3c2 1280 	ubfx	r2, r2, #6, #1
100031e2:	f021 0130 	bic.w	r1, r1, #48	@ 0x30
100031e6:	ea43 1342 	orr.w	r3, r3, r2, lsl #5
100031ea:	430b      	orrs	r3, r1
100031ec:	f88a 3000 	strb.w	r3, [sl]
100031f0:	8843      	ldrh	r3, [r0, #2]
100031f2:	f100 0109 	add.w	r1, r0, #9
100031f6:	18c3      	adds	r3, r0, r3
100031f8:	9302      	str	r3, [sp, #8]
100031fa:	9b02      	ldr	r3, [sp, #8]
100031fc:	428b      	cmp	r3, r1
100031fe:	f240 81c3 	bls.w	10003588 <tud_task_ext+0x74c>
10003202:	784b      	ldrb	r3, [r1, #1]
10003204:	2b0b      	cmp	r3, #11
10003206:	f000 81cc 	beq.w	100035a2 <tud_task_ext+0x766>
1000320a:	2001      	movs	r0, #1
1000320c:	2b04      	cmp	r3, #4
1000320e:	f040 8150 	bne.w	100034b2 <tud_task_ext+0x676>
10003212:	2200      	movs	r2, #0
10003214:	9b02      	ldr	r3, [sp, #8]
10003216:	9200      	str	r2, [sp, #0]
10003218:	1a5b      	subs	r3, r3, r1
1000321a:	fa1f f983 	uxth.w	r9, r3
1000321e:	4b5c      	ldr	r3, [pc, #368]	@ (10003390 <tud_task_ext+0x554>)
10003220:	9201      	str	r2, [sp, #4]
10003222:	781b      	ldrb	r3, [r3, #0]
10003224:	9003      	str	r0, [sp, #12]
10003226:	e01f      	b.n	10003268 <tud_task_ext+0x42c>
10003228:	4b5b      	ldr	r3, [pc, #364]	@ (10003398 <tud_task_ext+0x55c>)
1000322a:	681b      	ldr	r3, [r3, #0]
1000322c:	eb13 1342 	adds.w	r3, r3, r2, lsl #5
10003230:	f000 813f 	beq.w	100034b2 <tud_task_ext+0x676>
10003234:	464a      	mov	r2, r9
10003236:	691e      	ldr	r6, [r3, #16]
10003238:	4658      	mov	r0, fp
1000323a:	9105      	str	r1, [sp, #20]
1000323c:	9304      	str	r3, [sp, #16]
1000323e:	47b0      	blx	r6
10003240:	4602      	mov	r2, r0
10003242:	9b00      	ldr	r3, [sp, #0]
10003244:	2a08      	cmp	r2, #8
10003246:	9905      	ldr	r1, [sp, #20]
10003248:	f103 0001 	add.w	r0, r3, #1
1000324c:	d903      	bls.n	10003256 <tud_task_ext+0x41a>
1000324e:	4591      	cmp	r9, r2
10003250:	9b04      	ldr	r3, [sp, #16]
10003252:	f080 8112 	bcs.w	1000347a <tud_task_ext+0x63e>
10003256:	4b4e      	ldr	r3, [pc, #312]	@ (10003390 <tud_task_ext+0x554>)
10003258:	b2c0      	uxtb	r0, r0
1000325a:	781b      	ldrb	r3, [r3, #0]
1000325c:	9000      	str	r0, [sp, #0]
1000325e:	1c5a      	adds	r2, r3, #1
10003260:	4290      	cmp	r0, r2
10003262:	9001      	str	r0, [sp, #4]
10003264:	f300 8125 	bgt.w	100034b2 <tud_task_ext+0x676>
10003268:	9a00      	ldr	r2, [sp, #0]
1000326a:	9801      	ldr	r0, [sp, #4]
1000326c:	4293      	cmp	r3, r2
1000326e:	eba0 0303 	sub.w	r3, r0, r3
10003272:	d8d9      	bhi.n	10003228 <tud_task_ext+0x3ec>
10003274:	4a47      	ldr	r2, [pc, #284]	@ (10003394 <tud_task_ext+0x558>)
10003276:	eb02 1343 	add.w	r3, r2, r3, lsl #5
1000327a:	e7db      	b.n	10003234 <tud_task_ext+0x3f8>
1000327c:	f89a 3001 	ldrb.w	r3, [sl, #1]
10003280:	4658      	mov	r0, fp
10003282:	f88d 301a 	strb.w	r3, [sp, #26]
10003286:	f10d 021a 	add.w	r2, sp, #26
1000328a:	2301      	movs	r3, #1
1000328c:	a908      	add	r1, sp, #32
1000328e:	f000 fab1 	bl	100037f4 <tud_control_xfer>
10003292:	e5e0      	b.n	10002e56 <tud_task_ext+0x1a>
10003294:	f8bd 0022 	ldrh.w	r0, [sp, #34]	@ 0x22
10003298:	0a03      	lsrs	r3, r0, #8
1000329a:	1e5a      	subs	r2, r3, #1
1000329c:	b2c0      	uxtb	r0, r0
1000329e:	2a0e      	cmp	r2, #14
100032a0:	f63f aedf 	bhi.w	10003062 <tud_task_ext+0x226>
100032a4:	a101      	add	r1, pc, #4	@ (adr r1, 100032ac <tud_task_ext+0x470>)
100032a6:	f851 f022 	ldr.w	pc, [r1, r2, lsl #2]
100032aa:	bf00      	nop
100032ac:	100034e5 	.word	0x100034e5
100032b0:	1000336b 	.word	0x1000336b
100032b4:	10003521 	.word	0x10003521
100032b8:	10003063 	.word	0x10003063
100032bc:	10003063 	.word	0x10003063
100032c0:	10003503 	.word	0x10003503
100032c4:	1000336b 	.word	0x1000336b
100032c8:	10003063 	.word	0x10003063
100032cc:	10003063 	.word	0x10003063
100032d0:	10003063 	.word	0x10003063
100032d4:	10003063 	.word	0x10003063
100032d8:	10003063 	.word	0x10003063
100032dc:	10003063 	.word	0x10003063
100032e0:	10003063 	.word	0x10003063
100032e4:	100034d7 	.word	0x100034d7
100032e8:	a808      	add	r0, sp, #32
100032ea:	f000 faed 	bl	100038c8 <usbd_control_set_request>
100032ee:	4658      	mov	r0, fp
100032f0:	f89d 1022 	ldrb.w	r1, [sp, #34]	@ 0x22
100032f4:	f7ff fb9a 	bl	10002a2c <dcd_set_address>
100032f8:	f89a 3000 	ldrb.w	r3, [sl]
100032fc:	f043 0302 	orr.w	r3, r3, #2
10003300:	f88a 3000 	strb.w	r3, [sl]
10003304:	e5a7      	b.n	10002e56 <tud_task_ext+0x1a>
10003306:	f8bd 3022 	ldrh.w	r3, [sp, #34]	@ 0x22
1000330a:	2b01      	cmp	r3, #1
1000330c:	f47f aea9 	bne.w	10003062 <tud_task_ext+0x226>
10003310:	f89a 3000 	ldrb.w	r3, [sl]
10003314:	4658      	mov	r0, fp
10003316:	f023 0308 	bic.w	r3, r3, #8
1000331a:	a908      	add	r1, sp, #32
1000331c:	f88a 3000 	strb.w	r3, [sl]
10003320:	f000 fa4c 	bl	100037bc <tud_control_status>
10003324:	e597      	b.n	10002e56 <tud_task_ext+0x1a>
10003326:	4658      	mov	r0, fp
10003328:	f89a 3000 	ldrb.w	r3, [sl]
1000332c:	089a      	lsrs	r2, r3, #2
1000332e:	f002 0202 	and.w	r2, r2, #2
10003332:	f3c3 1340 	ubfx	r3, r3, #5, #1
10003336:	4313      	orrs	r3, r2
10003338:	f8ad 301a 	strh.w	r3, [sp, #26]
1000333c:	f10d 021a 	add.w	r2, sp, #26
10003340:	2302      	movs	r3, #2
10003342:	a908      	add	r1, sp, #32
10003344:	f000 fa56 	bl	100037f4 <tud_control_xfer>
10003348:	e585      	b.n	10002e56 <tud_task_ext+0x1a>
1000334a:	f8bd 3022 	ldrh.w	r3, [sp, #34]	@ 0x22
1000334e:	2b01      	cmp	r3, #1
10003350:	f47f ae87 	bne.w	10003062 <tud_task_ext+0x226>
10003354:	f89a 3000 	ldrb.w	r3, [sl]
10003358:	4658      	mov	r0, fp
1000335a:	f043 0308 	orr.w	r3, r3, #8
1000335e:	a908      	add	r1, sp, #32
10003360:	f88a 3000 	strb.w	r3, [sl]
10003364:	f000 fa2a 	bl	100037bc <tud_control_status>
10003368:	e575      	b.n	10002e56 <tud_task_ext+0x1a>
1000336a:	2b02      	cmp	r3, #2
1000336c:	f43f ae6c 	beq.w	10003048 <tud_task_ext+0x20c>
10003370:	f7ff fcd2 	bl	10002d18 <tud_descriptor_other_speed_configuration_cb>
10003374:	4602      	mov	r2, r0
10003376:	2800      	cmp	r0, #0
10003378:	f43f ae73 	beq.w	10003062 <tud_task_ext+0x226>
1000337c:	4658      	mov	r0, fp
1000337e:	8853      	ldrh	r3, [r2, #2]
10003380:	a908      	add	r1, sp, #32
10003382:	f000 fa37 	bl	100037f4 <tud_control_xfer>
10003386:	2800      	cmp	r0, #0
10003388:	f47f ad65 	bne.w	10002e56 <tud_task_ext+0x1a>
1000338c:	e669      	b.n	10003062 <tud_task_ext+0x226>
1000338e:	bf00      	nop
10003390:	20005930 	.word	0x20005930
10003394:	100052a0 	.word	0x100052a0
10003398:	20004f40 	.word	0x20004f40
1000339c:	f89d 3024 	ldrb.w	r3, [sp, #36]	@ 0x24
100033a0:	2b0f      	cmp	r3, #15
100033a2:	f63f ae5e 	bhi.w	10003062 <tud_task_ext+0x226>
100033a6:	4a92      	ldr	r2, [pc, #584]	@ (100035f0 <tud_task_ext+0x7b4>)
100033a8:	4453      	add	r3, sl
100033aa:	791b      	ldrb	r3, [r3, #4]
100033ac:	7812      	ldrb	r2, [r2, #0]
100033ae:	4293      	cmp	r3, r2
100033b0:	d21e      	bcs.n	100033f0 <tud_task_ext+0x5b4>
100033b2:	4a90      	ldr	r2, [pc, #576]	@ (100035f4 <tud_task_ext+0x7b8>)
100033b4:	6816      	ldr	r6, [r2, #0]
100033b6:	eb16 1643 	adds.w	r6, r6, r3, lsl #5
100033ba:	f47f ae9c 	bne.w	100030f6 <tud_task_ext+0x2ba>
100033be:	e650      	b.n	10003062 <tud_task_ext+0x226>
100033c0:	2a00      	cmp	r2, #0
100033c2:	f47f ae4e 	bne.w	10003062 <tud_task_ext+0x226>
100033c6:	9200      	str	r2, [sp, #0]
100033c8:	f89d c021 	ldrb.w	ip, [sp, #33]	@ 0x21
100033cc:	f00c 02fd 	and.w	r2, ip, #253	@ 0xfd
100033d0:	2a01      	cmp	r2, #1
100033d2:	d016      	beq.n	10003402 <tud_task_ext+0x5c6>
100033d4:	f1bc 0f00 	cmp.w	ip, #0
100033d8:	f47f ae3c 	bne.w	10003054 <tud_task_ext+0x218>
100033dc:	eb0a 0343 	add.w	r3, sl, r3, lsl #1
100033e0:	eb03 13d1 	add.w	r3, r3, r1, lsr #7
100033e4:	f893 3034 	ldrb.w	r3, [r3, #52]	@ 0x34
100033e8:	4658      	mov	r0, fp
100033ea:	f3c3 0340 	ubfx	r3, r3, #1, #1
100033ee:	e7a3      	b.n	10003338 <tud_task_ext+0x4fc>
100033f0:	1c51      	adds	r1, r2, #1
100033f2:	4299      	cmp	r1, r3
100033f4:	f6ff ae35 	blt.w	10003062 <tud_task_ext+0x226>
100033f8:	4e7f      	ldr	r6, [pc, #508]	@ (100035f8 <tud_task_ext+0x7bc>)
100033fa:	1a9b      	subs	r3, r3, r2
100033fc:	eb06 1643 	add.w	r6, r6, r3, lsl #5
10003400:	e679      	b.n	100030f6 <tud_task_ext+0x2ba>
10003402:	f8bd 2022 	ldrh.w	r2, [sp, #34]	@ 0x22
10003406:	b9da      	cbnz	r2, 10003440 <tud_task_ext+0x604>
10003408:	487c      	ldr	r0, [pc, #496]	@ (100035fc <tud_task_ext+0x7c0>)
1000340a:	f1bc 0f01 	cmp.w	ip, #1
1000340e:	7800      	ldrb	r0, [r0, #0]
10003410:	f000 808e 	beq.w	10003530 <tud_task_ext+0x6f4>
10003414:	e9cd 1301 	strd	r1, r3, [sp, #4]
10003418:	f7ff fbc8 	bl	10002bac <dcd_edpt_stall>
1000341c:	9b02      	ldr	r3, [sp, #8]
1000341e:	9901      	ldr	r1, [sp, #4]
10003420:	eb0a 0343 	add.w	r3, sl, r3, lsl #1
10003424:	eb03 13d1 	add.w	r3, r3, r1, lsr #7
10003428:	f893 2034 	ldrb.w	r2, [r3, #52]	@ 0x34
1000342c:	f042 0202 	orr.w	r2, r2, #2
10003430:	f883 2034 	strb.w	r2, [r3, #52]	@ 0x34
10003434:	f893 2034 	ldrb.w	r2, [r3, #52]	@ 0x34
10003438:	f042 0201 	orr.w	r2, r2, #1
1000343c:	f883 2034 	strb.w	r2, [r3, #52]	@ 0x34
10003440:	9b00      	ldr	r3, [sp, #0]
10003442:	2b00      	cmp	r3, #0
10003444:	f43f ad07 	beq.w	10002e56 <tud_task_ext+0x1a>
10003448:	461e      	mov	r6, r3
1000344a:	6958      	ldr	r0, [r3, #20]
1000344c:	f000 fa36 	bl	100038bc <usbd_control_set_complete_callback>
10003450:	6973      	ldr	r3, [r6, #20]
10003452:	2101      	movs	r1, #1
10003454:	aa08      	add	r2, sp, #32
10003456:	4658      	mov	r0, fp
10003458:	4798      	blx	r3
1000345a:	2000      	movs	r0, #0
1000345c:	f000 fa2e 	bl	100038bc <usbd_control_set_complete_callback>
10003460:	f89a 3035 	ldrb.w	r3, [sl, #53]	@ 0x35
10003464:	07db      	lsls	r3, r3, #31
10003466:	f53f acf6 	bmi.w	10002e56 <tud_task_ext+0x1a>
1000346a:	e67d      	b.n	10003168 <tud_task_ext+0x32c>
1000346c:	f7ff fc58 	bl	10002d20 <tud_umount_cb>
10003470:	4658      	mov	r0, fp
10003472:	a908      	add	r1, sp, #32
10003474:	f000 f9a2 	bl	100037bc <tud_control_status>
10003478:	e4ed      	b.n	10002e56 <tud_task_ext+0x1a>
1000347a:	9803      	ldr	r0, [sp, #12]
1000347c:	2801      	cmp	r0, #1
1000347e:	f000 80a6 	beq.w	100035ce <tud_task_ext+0x792>
10003482:	2800      	cmp	r0, #0
10003484:	f000 8092 	beq.w	100035ac <tud_task_ext+0x770>
10003488:	2300      	movs	r3, #0
1000348a:	f891 e002 	ldrb.w	lr, [r1, #2]
1000348e:	e007      	b.n	100034a0 <tud_task_ext+0x664>
10003490:	9e00      	ldr	r6, [sp, #0]
10003492:	f88c 6004 	strb.w	r6, [ip, #4]
10003496:	fa5f fc83 	uxtb.w	ip, r3
1000349a:	4560      	cmp	r0, ip
1000349c:	f240 8086 	bls.w	100035ac <tud_task_ext+0x770>
100034a0:	eb0e 0c03 	add.w	ip, lr, r3
100034a4:	fa5a fc8c 	uxtab	ip, sl, ip
100034a8:	f89c 6004 	ldrb.w	r6, [ip, #4]
100034ac:	3301      	adds	r3, #1
100034ae:	2eff      	cmp	r6, #255	@ 0xff
100034b0:	d0ee      	beq.n	10003490 <tud_task_ext+0x654>
100034b2:	f04f 23e0 	mov.w	r3, #3758153728	@ 0xe000e000
100034b6:	f8d3 3df0 	ldr.w	r3, [r3, #3568]	@ 0xdf0
100034ba:	07d9      	lsls	r1, r3, #31
100034bc:	d500      	bpl.n	100034c0 <tud_task_ext+0x684>
100034be:	be00      	bkpt	0x0000
100034c0:	f04f 23e0 	mov.w	r3, #3758153728	@ 0xe000e000
100034c4:	f8d3 3df0 	ldr.w	r3, [r3, #3568]	@ 0xdf0
100034c8:	07da      	lsls	r2, r3, #31
100034ca:	d500      	bpl.n	100034ce <tud_task_ext+0x692>
100034cc:	be00      	bkpt	0x0000
100034ce:	2300      	movs	r3, #0
100034d0:	f88a 3001 	strb.w	r3, [sl, #1]
100034d4:	e5c5      	b.n	10003062 <tud_task_ext+0x226>
100034d6:	f7fe feeb 	bl	100022b0 <tud_descriptor_bos_cb>
100034da:	4602      	mov	r2, r0
100034dc:	2800      	cmp	r0, #0
100034de:	f47f af4d 	bne.w	1000337c <tud_task_ext+0x540>
100034e2:	e5be      	b.n	10003062 <tud_task_ext+0x226>
100034e4:	f7ff f92a 	bl	1000273c <tud_descriptor_device_cb>
100034e8:	4602      	mov	r2, r0
100034ea:	2800      	cmp	r0, #0
100034ec:	f43f adb2 	beq.w	10003054 <tud_task_ext+0x218>
100034f0:	4658      	mov	r0, fp
100034f2:	2312      	movs	r3, #18
100034f4:	a908      	add	r1, sp, #32
100034f6:	f000 f97d 	bl	100037f4 <tud_control_xfer>
100034fa:	2800      	cmp	r0, #0
100034fc:	f47f acab 	bne.w	10002e56 <tud_task_ext+0x1a>
10003500:	e5af      	b.n	10003062 <tud_task_ext+0x226>
10003502:	f7ff fc07 	bl	10002d14 <tud_descriptor_device_qualifier_cb>
10003506:	4602      	mov	r2, r0
10003508:	2800      	cmp	r0, #0
1000350a:	f43f adaa 	beq.w	10003062 <tud_task_ext+0x226>
1000350e:	4658      	mov	r0, fp
10003510:	7813      	ldrb	r3, [r2, #0]
10003512:	a908      	add	r1, sp, #32
10003514:	f000 f96e 	bl	100037f4 <tud_control_xfer>
10003518:	2800      	cmp	r0, #0
1000351a:	f47f ac9c 	bne.w	10002e56 <tud_task_ext+0x1a>
1000351e:	e5a0      	b.n	10003062 <tud_task_ext+0x226>
10003520:	f8bd 1024 	ldrh.w	r1, [sp, #36]	@ 0x24
10003524:	f7ff f912 	bl	1000274c <tud_descriptor_string_cb>
10003528:	4602      	mov	r2, r0
1000352a:	2800      	cmp	r0, #0
1000352c:	d1ef      	bne.n	1000350e <tud_task_ext+0x6d2>
1000352e:	e598      	b.n	10003062 <tud_task_ext+0x226>
10003530:	e9cd 3202 	strd	r3, r2, [sp, #8]
10003534:	9101      	str	r1, [sp, #4]
10003536:	f7ff fb51 	bl	10002bdc <dcd_edpt_clear_stall>
1000353a:	9b02      	ldr	r3, [sp, #8]
1000353c:	9901      	ldr	r1, [sp, #4]
1000353e:	eb0a 0343 	add.w	r3, sl, r3, lsl #1
10003542:	eb03 13d1 	add.w	r3, r3, r1, lsr #7
10003546:	f893 1034 	ldrb.w	r1, [r3, #52]	@ 0x34
1000354a:	9a03      	ldr	r2, [sp, #12]
1000354c:	f362 0141 	bfi	r1, r2, #1, #1
10003550:	f883 1034 	strb.w	r1, [r3, #52]	@ 0x34
10003554:	f893 1034 	ldrb.w	r1, [r3, #52]	@ 0x34
10003558:	f362 0100 	bfi	r1, r2, #0, #1
1000355c:	f883 1034 	strb.w	r1, [r3, #52]	@ 0x34
10003560:	e76e      	b.n	10003440 <tud_task_ext+0x604>
10003562:	2100      	movs	r1, #0
10003564:	4658      	mov	r0, fp
10003566:	9301      	str	r3, [sp, #4]
10003568:	f7ff fa68 	bl	10002a3c <dcd_sof_enable>
1000356c:	4658      	mov	r0, fp
1000356e:	f7ff fb07 	bl	10002b80 <dcd_edpt_close_all>
10003572:	f89a 2002 	ldrb.w	r2, [sl, #2]
10003576:	4658      	mov	r0, fp
10003578:	9200      	str	r2, [sp, #0]
1000357a:	f7ff fb81 	bl	10002c80 <configuration_reset>
1000357e:	9a00      	ldr	r2, [sp, #0]
10003580:	9b01      	ldr	r3, [sp, #4]
10003582:	f88a 2002 	strb.w	r2, [sl, #2]
10003586:	e614      	b.n	100031b2 <tud_task_ext+0x376>
10003588:	f7ff fbc8 	bl	10002d1c <tud_mount_cb>
1000358c:	e770      	b.n	10003470 <tud_task_ext+0x634>
1000358e:	4658      	mov	r0, fp
10003590:	2301      	movs	r3, #1
10003592:	a908      	add	r1, sp, #32
10003594:	f10d 021a 	add.w	r2, sp, #26
10003598:	f88d 601a 	strb.w	r6, [sp, #26]
1000359c:	f000 f92a 	bl	100037f4 <tud_control_xfer>
100035a0:	e459      	b.n	10002e56 <tud_task_ext+0x1a>
100035a2:	780b      	ldrb	r3, [r1, #0]
100035a4:	78c8      	ldrb	r0, [r1, #3]
100035a6:	4419      	add	r1, r3
100035a8:	784b      	ldrb	r3, [r1, #1]
100035aa:	e62f      	b.n	1000320c <tud_task_ext+0x3d0>
100035ac:	9b00      	ldr	r3, [sp, #0]
100035ae:	4814      	ldr	r0, [pc, #80]	@ (10003600 <tud_task_ext+0x7c4>)
100035b0:	9203      	str	r2, [sp, #12]
100035b2:	9100      	str	r1, [sp, #0]
100035b4:	f000 febc 	bl	10004330 <tu_edpt_bind_driver>
100035b8:	4b0d      	ldr	r3, [pc, #52]	@ (100035f0 <tud_task_ext+0x7b4>)
100035ba:	9a03      	ldr	r2, [sp, #12]
100035bc:	9900      	ldr	r1, [sp, #0]
100035be:	781b      	ldrb	r3, [r3, #0]
100035c0:	4411      	add	r1, r2
100035c2:	9a01      	ldr	r2, [sp, #4]
100035c4:	3301      	adds	r3, #1
100035c6:	4293      	cmp	r3, r2
100035c8:	f6bf ae17 	bge.w	100031fa <tud_task_ext+0x3be>
100035cc:	e771      	b.n	100034b2 <tud_task_ext+0x676>
100035ce:	f8d3 c010 	ldr.w	ip, [r3, #16]
100035d2:	4b0c      	ldr	r3, [pc, #48]	@ (10003604 <tud_task_ext+0x7c8>)
100035d4:	459c      	cmp	ip, r3
100035d6:	bf08      	it	eq
100035d8:	2002      	moveq	r0, #2
100035da:	e755      	b.n	10003488 <tud_task_ext+0x64c>
100035dc:	f04f 23e0 	mov.w	r3, #3758153728	@ 0xe000e000
100035e0:	f8d3 3df0 	ldr.w	r3, [r3, #3568]	@ 0xdf0
100035e4:	07db      	lsls	r3, r3, #31
100035e6:	f57f ac36 	bpl.w	10002e56 <tud_task_ext+0x1a>
100035ea:	be00      	bkpt	0x0000
100035ec:	e433      	b.n	10002e56 <tud_task_ext+0x1a>
100035ee:	bf00      	nop
100035f0:	20005930 	.word	0x20005930
100035f4:	20004f40 	.word	0x20004f40
100035f8:	100052a0 	.word	0x100052a0
100035fc:	20004ce0 	.word	0x20004ce0
10003600:	2000505c 	.word	0x2000505c
10003604:	10003d0d 	.word	0x10003d0d

10003608 <usbd_open_edpt_pair>:
10003608:	e92d 4ff8 	stmdb	sp!, {r3, r4, r5, r6, r7, r8, r9, sl, fp, lr}
1000360c:	9f0a      	ldr	r7, [sp, #40]	@ 0x28
1000360e:	2a00      	cmp	r2, #0
10003610:	d040      	beq.n	10003694 <usbd_open_edpt_pair+0x8c>
10003612:	460c      	mov	r4, r1
10003614:	461e      	mov	r6, r3
10003616:	4615      	mov	r5, r2
10003618:	f04f 0b00 	mov.w	fp, #0
1000361c:	f8df 9080 	ldr.w	r9, [pc, #128]	@ 100036a0 <usbd_open_edpt_pair+0x98>
10003620:	f8df 8080 	ldr.w	r8, [pc, #128]	@ 100036a4 <usbd_open_edpt_pair+0x9c>
10003624:	e016      	b.n	10003654 <usbd_open_edpt_pair+0x4c>
10003626:	4620      	mov	r0, r4
10003628:	f898 1002 	ldrb.w	r1, [r8, #2]
1000362c:	f899 a000 	ldrb.w	sl, [r9]
10003630:	f000 fe4e 	bl	100042d0 <tu_edpt_validate>
10003634:	b1d0      	cbz	r0, 1000366c <usbd_open_edpt_pair+0x64>
10003636:	4621      	mov	r1, r4
10003638:	4650      	mov	r0, sl
1000363a:	f7ff fa1b 	bl	10002a74 <dcd_edpt_open>
1000363e:	b1e0      	cbz	r0, 1000367a <usbd_open_edpt_pair+0x72>
10003640:	78a3      	ldrb	r3, [r4, #2]
10003642:	f10b 0b01 	add.w	fp, fp, #1
10003646:	09da      	lsrs	r2, r3, #7
10003648:	d120      	bne.n	1000368c <usbd_open_edpt_pair+0x84>
1000364a:	45ab      	cmp	fp, r5
1000364c:	703b      	strb	r3, [r7, #0]
1000364e:	d021      	beq.n	10003694 <usbd_open_edpt_pair+0x8c>
10003650:	7823      	ldrb	r3, [r4, #0]
10003652:	441c      	add	r4, r3
10003654:	7863      	ldrb	r3, [r4, #1]
10003656:	2b05      	cmp	r3, #5
10003658:	d10f      	bne.n	1000367a <usbd_open_edpt_pair+0x72>
1000365a:	78e1      	ldrb	r1, [r4, #3]
1000365c:	f001 0103 	and.w	r1, r1, #3
10003660:	42b1      	cmp	r1, r6
10003662:	d10a      	bne.n	1000367a <usbd_open_edpt_pair+0x72>
10003664:	78a3      	ldrb	r3, [r4, #2]
10003666:	f013 0f70 	tst.w	r3, #112	@ 0x70
1000366a:	d0dc      	beq.n	10003626 <usbd_open_edpt_pair+0x1e>
1000366c:	f04f 23e0 	mov.w	r3, #3758153728	@ 0xe000e000
10003670:	f8d3 3df0 	ldr.w	r3, [r3, #3568]	@ 0xdf0
10003674:	07da      	lsls	r2, r3, #31
10003676:	d500      	bpl.n	1000367a <usbd_open_edpt_pair+0x72>
10003678:	be00      	bkpt	0x0000
1000367a:	f04f 23e0 	mov.w	r3, #3758153728	@ 0xe000e000
1000367e:	f8d3 3df0 	ldr.w	r3, [r3, #3568]	@ 0xdf0
10003682:	07db      	lsls	r3, r3, #31
10003684:	d409      	bmi.n	1000369a <usbd_open_edpt_pair+0x92>
10003686:	2000      	movs	r0, #0
10003688:	e8bd 8ff8 	ldmia.w	sp!, {r3, r4, r5, r6, r7, r8, r9, sl, fp, pc}
1000368c:	9a0b      	ldr	r2, [sp, #44]	@ 0x2c
1000368e:	45ab      	cmp	fp, r5
10003690:	7013      	strb	r3, [r2, #0]
10003692:	d1dd      	bne.n	10003650 <usbd_open_edpt_pair+0x48>
10003694:	2001      	movs	r0, #1
10003696:	e8bd 8ff8 	ldmia.w	sp!, {r3, r4, r5, r6, r7, r8, r9, sl, fp, pc}
1000369a:	be00      	bkpt	0x0000
1000369c:	e7f3      	b.n	10003686 <usbd_open_edpt_pair+0x7e>
1000369e:	bf00      	nop
100036a0:	20004ce0 	.word	0x20004ce0
100036a4:	20005048 	.word	0x20005048

100036a8 <usbd_edpt_open>:
100036a8:	788b      	ldrb	r3, [r1, #2]
100036aa:	f013 0f70 	tst.w	r3, #112	@ 0x70
100036ae:	d008      	beq.n	100036c2 <usbd_edpt_open+0x1a>
100036b0:	f04f 23e0 	mov.w	r3, #3758153728	@ 0xe000e000
100036b4:	f8d3 3df0 	ldr.w	r3, [r3, #3568]	@ 0xdf0
100036b8:	07da      	lsls	r2, r3, #31
100036ba:	d500      	bpl.n	100036be <usbd_edpt_open+0x16>
100036bc:	be00      	bkpt	0x0000
100036be:	2000      	movs	r0, #0
100036c0:	4770      	bx	lr
100036c2:	b510      	push	{r4, lr}
100036c4:	b082      	sub	sp, #8
100036c6:	4608      	mov	r0, r1
100036c8:	9101      	str	r1, [sp, #4]
100036ca:	490c      	ldr	r1, [pc, #48]	@ (100036fc <usbd_edpt_open+0x54>)
100036cc:	4a0c      	ldr	r2, [pc, #48]	@ (10003700 <usbd_edpt_open+0x58>)
100036ce:	7889      	ldrb	r1, [r1, #2]
100036d0:	7814      	ldrb	r4, [r2, #0]
100036d2:	f000 fdfd 	bl	100042d0 <tu_edpt_validate>
100036d6:	b948      	cbnz	r0, 100036ec <usbd_edpt_open+0x44>
100036d8:	f04f 23e0 	mov.w	r3, #3758153728	@ 0xe000e000
100036dc:	f8d3 3df0 	ldr.w	r3, [r3, #3568]	@ 0xdf0
100036e0:	07db      	lsls	r3, r3, #31
100036e2:	d500      	bpl.n	100036e6 <usbd_edpt_open+0x3e>
100036e4:	be00      	bkpt	0x0000
100036e6:	2000      	movs	r0, #0
100036e8:	b002      	add	sp, #8
100036ea:	bd10      	pop	{r4, pc}
100036ec:	4620      	mov	r0, r4
100036ee:	9901      	ldr	r1, [sp, #4]
100036f0:	b002      	add	sp, #8
100036f2:	e8bd 4010 	ldmia.w	sp!, {r4, lr}
100036f6:	f7ff b9bd 	b.w	10002a74 <dcd_edpt_open>
100036fa:	bf00      	nop
100036fc:	20005048 	.word	0x20005048
10003700:	20004ce0 	.word	0x20004ce0

10003704 <usbd_edpt_claim>:
10003704:	460a      	mov	r2, r1
10003706:	4b06      	ldr	r3, [pc, #24]	@ (10003720 <usbd_edpt_claim+0x1c>)
10003708:	4806      	ldr	r0, [pc, #24]	@ (10003724 <usbd_edpt_claim+0x20>)
1000370a:	6819      	ldr	r1, [r3, #0]
1000370c:	09d3      	lsrs	r3, r2, #7
1000370e:	3334      	adds	r3, #52	@ 0x34
10003710:	f002 027f 	and.w	r2, r2, #127	@ 0x7f
10003714:	eb03 0342 	add.w	r3, r3, r2, lsl #1
10003718:	4418      	add	r0, r3
1000371a:	f000 bd8d 	b.w	10004238 <tu_edpt_claim>
1000371e:	bf00      	nop
10003720:	2000509c 	.word	0x2000509c
10003724:	20005048 	.word	0x20005048

10003728 <usbd_edpt_release>:
10003728:	460a      	mov	r2, r1
1000372a:	4b06      	ldr	r3, [pc, #24]	@ (10003744 <usbd_edpt_release+0x1c>)
1000372c:	4806      	ldr	r0, [pc, #24]	@ (10003748 <usbd_edpt_release+0x20>)
1000372e:	6819      	ldr	r1, [r3, #0]
10003730:	09d3      	lsrs	r3, r2, #7
10003732:	3334      	adds	r3, #52	@ 0x34
10003734:	f002 027f 	and.w	r2, r2, #127	@ 0x7f
10003738:	eb03 0342 	add.w	r3, r3, r2, lsl #1
1000373c:	4418      	add	r0, r3
1000373e:	f000 bdab 	b.w	10004298 <tu_edpt_release>
10003742:	bf00      	nop
10003744:	2000509c 	.word	0x2000509c
10003748:	20005048 	.word	0x20005048

1000374c <usbd_edpt_xfer>:
1000374c:	b510      	push	{r4, lr}
1000374e:	4819      	ldr	r0, [pc, #100]	@ (100037b4 <usbd_edpt_xfer+0x68>)
10003750:	f001 047f 	and.w	r4, r1, #127	@ 0x7f
10003754:	eb00 0044 	add.w	r0, r0, r4, lsl #1
10003758:	eb00 10d1 	add.w	r0, r0, r1, lsr #7
1000375c:	f890 c034 	ldrb.w	ip, [r0, #52]	@ 0x34
10003760:	f01c 0f01 	tst.w	ip, #1
10003764:	d008      	beq.n	10003778 <usbd_edpt_xfer+0x2c>
10003766:	f04f 23e0 	mov.w	r3, #3758153728	@ 0xe000e000
1000376a:	f8d3 3df0 	ldr.w	r3, [r3, #3568]	@ 0xdf0
1000376e:	07da      	lsls	r2, r3, #31
10003770:	d500      	bpl.n	10003774 <usbd_edpt_xfer+0x28>
10003772:	be00      	bkpt	0x0000
10003774:	2000      	movs	r0, #0
10003776:	bd10      	pop	{r4, pc}
10003778:	f100 0430 	add.w	r4, r0, #48	@ 0x30
1000377c:	f894 c004 	ldrb.w	ip, [r4, #4]
10003780:	480d      	ldr	r0, [pc, #52]	@ (100037b8 <usbd_edpt_xfer+0x6c>)
10003782:	f04c 0c01 	orr.w	ip, ip, #1
10003786:	7800      	ldrb	r0, [r0, #0]
10003788:	f884 c004 	strb.w	ip, [r4, #4]
1000378c:	f7ff f9fa 	bl	10002b84 <dcd_edpt_xfer>
10003790:	2800      	cmp	r0, #0
10003792:	d1f0      	bne.n	10003776 <usbd_edpt_xfer+0x2a>
10003794:	f04f 21e0 	mov.w	r1, #3758153728	@ 0xe000e000
10003798:	7922      	ldrb	r2, [r4, #4]
1000379a:	f360 0200 	bfi	r2, r0, #0, #1
1000379e:	7122      	strb	r2, [r4, #4]
100037a0:	7922      	ldrb	r2, [r4, #4]
100037a2:	f360 0282 	bfi	r2, r0, #2, #1
100037a6:	7122      	strb	r2, [r4, #4]
100037a8:	f8d1 3df0 	ldr.w	r3, [r1, #3568]	@ 0xdf0
100037ac:	07db      	lsls	r3, r3, #31
100037ae:	d5e1      	bpl.n	10003774 <usbd_edpt_xfer+0x28>
100037b0:	be00      	bkpt	0x0000
100037b2:	e7df      	b.n	10003774 <usbd_edpt_xfer+0x28>
100037b4:	20005048 	.word	0x20005048
100037b8:	20004ce0 	.word	0x20004ce0

100037bc <tud_control_status>:
100037bc:	f8df c030 	ldr.w	ip, [pc, #48]	@ 100037f0 <tud_control_status+0x34>
100037c0:	2300      	movs	r3, #0
100037c2:	4662      	mov	r2, ip
100037c4:	b510      	push	{r4, lr}
100037c6:	468e      	mov	lr, r1
100037c8:	4604      	mov	r4, r0
100037ca:	6808      	ldr	r0, [r1, #0]
100037cc:	6849      	ldr	r1, [r1, #4]
100037ce:	f8cc 300c 	str.w	r3, [ip, #12]
100037d2:	c203      	stmia	r2!, {r0, r1}
100037d4:	f89e 1000 	ldrb.w	r1, [lr]
100037d8:	4620      	mov	r0, r4
100037da:	e8bd 4010 	ldmia.w	sp!, {r4, lr}
100037de:	f081 01ff 	eor.w	r1, r1, #255	@ 0xff
100037e2:	461a      	mov	r2, r3
100037e4:	f001 0180 	and.w	r1, r1, #128	@ 0x80
100037e8:	f8cc 3008 	str.w	r3, [ip, #8]
100037ec:	f7ff bfae 	b.w	1000374c <usbd_edpt_xfer>
100037f0:	20005008 	.word	0x20005008

100037f4 <tud_control_xfer>:
100037f4:	f8df c0ac 	ldr.w	ip, [pc, #172]	@ 100038a4 <tud_control_xfer+0xb0>
100037f8:	b570      	push	{r4, r5, r6, lr}
100037fa:	4615      	mov	r5, r2
100037fc:	4662      	mov	r2, ip
100037fe:	2400      	movs	r4, #0
10003800:	468e      	mov	lr, r1
10003802:	4606      	mov	r6, r0
10003804:	6808      	ldr	r0, [r1, #0]
10003806:	6849      	ldr	r1, [r1, #4]
10003808:	b082      	sub	sp, #8
1000380a:	c203      	stmia	r2!, {r0, r1}
1000380c:	f8cc 5008 	str.w	r5, [ip, #8]
10003810:	f8ac 400e 	strh.w	r4, [ip, #14]
10003814:	f8be 2006 	ldrh.w	r2, [lr, #6]
10003818:	4293      	cmp	r3, r2
1000381a:	bf28      	it	cs
1000381c:	4613      	movcs	r3, r2
1000381e:	f8ac 300c 	strh.w	r3, [ip, #12]
10003822:	b18a      	cbz	r2, 10003848 <tud_control_xfer+0x54>
10003824:	b333      	cbz	r3, 10003874 <tud_control_xfer+0x80>
10003826:	b1dd      	cbz	r5, 10003860 <tud_control_xfer+0x6c>
10003828:	f99c 2000 	ldrsb.w	r2, [ip]
1000382c:	2b40      	cmp	r3, #64	@ 0x40
1000382e:	bf28      	it	cs
10003830:	2340      	movcs	r3, #64	@ 0x40
10003832:	2a00      	cmp	r2, #0
10003834:	db29      	blt.n	1000388a <tud_control_xfer+0x96>
10003836:	4621      	mov	r1, r4
10003838:	4630      	mov	r0, r6
1000383a:	4a19      	ldr	r2, [pc, #100]	@ (100038a0 <tud_control_xfer+0xac>)
1000383c:	f7ff ff86 	bl	1000374c <usbd_edpt_xfer>
10003840:	b170      	cbz	r0, 10003860 <tud_control_xfer+0x6c>
10003842:	2001      	movs	r0, #1
10003844:	b002      	add	sp, #8
10003846:	bd70      	pop	{r4, r5, r6, pc}
10003848:	f89e 1000 	ldrb.w	r1, [lr]
1000384c:	4613      	mov	r3, r2
1000384e:	f081 01ff 	eor.w	r1, r1, #255	@ 0xff
10003852:	4630      	mov	r0, r6
10003854:	f001 0180 	and.w	r1, r1, #128	@ 0x80
10003858:	f7ff ff78 	bl	1000374c <usbd_edpt_xfer>
1000385c:	2800      	cmp	r0, #0
1000385e:	d1f0      	bne.n	10003842 <tud_control_xfer+0x4e>
10003860:	f04f 23e0 	mov.w	r3, #3758153728	@ 0xe000e000
10003864:	f8d3 3df0 	ldr.w	r3, [r3, #3568]	@ 0xdf0
10003868:	07db      	lsls	r3, r3, #31
1000386a:	d500      	bpl.n	1000386e <tud_control_xfer+0x7a>
1000386c:	be00      	bkpt	0x0000
1000386e:	2000      	movs	r0, #0
10003870:	b002      	add	sp, #8
10003872:	bd70      	pop	{r4, r5, r6, pc}
10003874:	461a      	mov	r2, r3
10003876:	f89c 1000 	ldrb.w	r1, [ip]
1000387a:	f001 0180 	and.w	r1, r1, #128	@ 0x80
1000387e:	4630      	mov	r0, r6
10003880:	f7ff ff64 	bl	1000374c <usbd_edpt_xfer>
10003884:	2800      	cmp	r0, #0
10003886:	d1dc      	bne.n	10003842 <tud_control_xfer+0x4e>
10003888:	e7ea      	b.n	10003860 <tud_control_xfer+0x6c>
1000388a:	461a      	mov	r2, r3
1000388c:	4629      	mov	r1, r5
1000388e:	4804      	ldr	r0, [pc, #16]	@ (100038a0 <tud_control_xfer+0xac>)
10003890:	9301      	str	r3, [sp, #4]
10003892:	f001 fa47 	bl	10004d24 <memcpy>
10003896:	2180      	movs	r1, #128	@ 0x80
10003898:	4a01      	ldr	r2, [pc, #4]	@ (100038a0 <tud_control_xfer+0xac>)
1000389a:	9b01      	ldr	r3, [sp, #4]
1000389c:	e7ef      	b.n	1000387e <tud_control_xfer+0x8a>
1000389e:	bf00      	nop
100038a0:	20004fc8 	.word	0x20004fc8
100038a4:	20005008 	.word	0x20005008

100038a8 <usbd_control_reset>:
100038a8:	2200      	movs	r2, #0
100038aa:	4b03      	ldr	r3, [pc, #12]	@ (100038b8 <usbd_control_reset+0x10>)
100038ac:	e9c3 2200 	strd	r2, r2, [r3]
100038b0:	e9c3 2202 	strd	r2, r2, [r3, #8]
100038b4:	611a      	str	r2, [r3, #16]
100038b6:	4770      	bx	lr
100038b8:	20005008 	.word	0x20005008

100038bc <usbd_control_set_complete_callback>:
100038bc:	4b01      	ldr	r3, [pc, #4]	@ (100038c4 <usbd_control_set_complete_callback+0x8>)
100038be:	6118      	str	r0, [r3, #16]
100038c0:	4770      	bx	lr
100038c2:	bf00      	nop
100038c4:	20005008 	.word	0x20005008

100038c8 <usbd_control_set_request>:
100038c8:	4601      	mov	r1, r0
100038ca:	4a05      	ldr	r2, [pc, #20]	@ (100038e0 <usbd_control_set_request+0x18>)
100038cc:	f04f 0c00 	mov.w	ip, #0
100038d0:	4613      	mov	r3, r2
100038d2:	6800      	ldr	r0, [r0, #0]
100038d4:	6849      	ldr	r1, [r1, #4]
100038d6:	e9c2 cc02 	strd	ip, ip, [r2, #8]
100038da:	c303      	stmia	r3!, {r0, r1}
100038dc:	4770      	bx	lr
100038de:	bf00      	nop
100038e0:	20005008 	.word	0x20005008

100038e4 <usbd_control_xfer_cb>:
100038e4:	b530      	push	{r4, r5, lr}
100038e6:	4c3e      	ldr	r4, [pc, #248]	@ (100039e0 <usbd_control_xfer_cb+0xfc>)
100038e8:	09c9      	lsrs	r1, r1, #7
100038ea:	7822      	ldrb	r2, [r4, #0]
100038ec:	4605      	mov	r5, r0
100038ee:	ebb1 1fd2 	cmp.w	r1, r2, lsr #7
100038f2:	b083      	sub	sp, #12
100038f4:	d017      	beq.n	10003926 <usbd_control_xfer_cb+0x42>
100038f6:	b153      	cbz	r3, 1000390e <usbd_control_xfer_cb+0x2a>
100038f8:	f04f 23e0 	mov.w	r3, #3758153728	@ 0xe000e000
100038fc:	f8d3 3df0 	ldr.w	r3, [r3, #3568]	@ 0xdf0
10003900:	07db      	lsls	r3, r3, #31
10003902:	d402      	bmi.n	1000390a <usbd_control_xfer_cb+0x26>
10003904:	2000      	movs	r0, #0
10003906:	b003      	add	sp, #12
10003908:	bd30      	pop	{r4, r5, pc}
1000390a:	be00      	bkpt	0x0000
1000390c:	e7fa      	b.n	10003904 <usbd_control_xfer_cb+0x20>
1000390e:	4621      	mov	r1, r4
10003910:	f7ff f8a2 	bl	10002a58 <dcd_edpt0_status_complete>
10003914:	6923      	ldr	r3, [r4, #16]
10003916:	b11b      	cbz	r3, 10003920 <usbd_control_xfer_cb+0x3c>
10003918:	4622      	mov	r2, r4
1000391a:	2103      	movs	r1, #3
1000391c:	4628      	mov	r0, r5
1000391e:	4798      	blx	r3
10003920:	2001      	movs	r0, #1
10003922:	b003      	add	sp, #12
10003924:	bd30      	pop	{r4, r5, pc}
10003926:	f994 2000 	ldrsb.w	r2, [r4]
1000392a:	2a00      	cmp	r2, #0
1000392c:	db08      	blt.n	10003940 <usbd_control_xfer_cb+0x5c>
1000392e:	68a0      	ldr	r0, [r4, #8]
10003930:	2800      	cmp	r0, #0
10003932:	d0e7      	beq.n	10003904 <usbd_control_xfer_cb+0x20>
10003934:	461a      	mov	r2, r3
10003936:	492b      	ldr	r1, [pc, #172]	@ (100039e4 <usbd_control_xfer_cb+0x100>)
10003938:	9301      	str	r3, [sp, #4]
1000393a:	f001 f9f3 	bl	10004d24 <memcpy>
1000393e:	9b01      	ldr	r3, [sp, #4]
10003940:	89e0      	ldrh	r0, [r4, #14]
10003942:	68a1      	ldr	r1, [r4, #8]
10003944:	88e2      	ldrh	r2, [r4, #6]
10003946:	4418      	add	r0, r3
10003948:	b280      	uxth	r0, r0
1000394a:	4419      	add	r1, r3
1000394c:	4282      	cmp	r2, r0
1000394e:	81e0      	strh	r0, [r4, #14]
10003950:	60a1      	str	r1, [r4, #8]
10003952:	d016      	beq.n	10003982 <usbd_control_xfer_cb+0x9e>
10003954:	2b3f      	cmp	r3, #63	@ 0x3f
10003956:	d914      	bls.n	10003982 <usbd_control_xfer_cb+0x9e>
10003958:	89a2      	ldrh	r2, [r4, #12]
1000395a:	f994 4000 	ldrsb.w	r4, [r4]
1000395e:	1a13      	subs	r3, r2, r0
10003960:	b29b      	uxth	r3, r3
10003962:	2b40      	cmp	r3, #64	@ 0x40
10003964:	bf28      	it	cs
10003966:	2340      	movcs	r3, #64	@ 0x40
10003968:	2c00      	cmp	r4, #0
1000396a:	db28      	blt.n	100039be <usbd_control_xfer_cb+0xda>
1000396c:	4290      	cmp	r0, r2
1000396e:	f04f 0100 	mov.w	r1, #0
10003972:	d032      	beq.n	100039da <usbd_control_xfer_cb+0xf6>
10003974:	4a1b      	ldr	r2, [pc, #108]	@ (100039e4 <usbd_control_xfer_cb+0x100>)
10003976:	4628      	mov	r0, r5
10003978:	f7ff fee8 	bl	1000374c <usbd_edpt_xfer>
1000397c:	2800      	cmp	r0, #0
1000397e:	d1cf      	bne.n	10003920 <usbd_control_xfer_cb+0x3c>
10003980:	e7ba      	b.n	100038f8 <usbd_control_xfer_cb+0x14>
10003982:	6923      	ldr	r3, [r4, #16]
10003984:	b123      	cbz	r3, 10003990 <usbd_control_xfer_cb+0xac>
10003986:	2102      	movs	r1, #2
10003988:	4628      	mov	r0, r5
1000398a:	4a15      	ldr	r2, [pc, #84]	@ (100039e0 <usbd_control_xfer_cb+0xfc>)
1000398c:	4798      	blx	r3
1000398e:	b168      	cbz	r0, 100039ac <usbd_control_xfer_cb+0xc8>
10003990:	2300      	movs	r3, #0
10003992:	7821      	ldrb	r1, [r4, #0]
10003994:	4628      	mov	r0, r5
10003996:	f081 01ff 	eor.w	r1, r1, #255	@ 0xff
1000399a:	461a      	mov	r2, r3
1000399c:	f001 0180 	and.w	r1, r1, #128	@ 0x80
100039a0:	f7ff fed4 	bl	1000374c <usbd_edpt_xfer>
100039a4:	2800      	cmp	r0, #0
100039a6:	d0a7      	beq.n	100038f8 <usbd_control_xfer_cb+0x14>
100039a8:	2001      	movs	r0, #1
100039aa:	e7ba      	b.n	10003922 <usbd_control_xfer_cb+0x3e>
100039ac:	4601      	mov	r1, r0
100039ae:	4628      	mov	r0, r5
100039b0:	f7ff f8fc 	bl	10002bac <dcd_edpt_stall>
100039b4:	2180      	movs	r1, #128	@ 0x80
100039b6:	4628      	mov	r0, r5
100039b8:	f7ff f8f8 	bl	10002bac <dcd_edpt_stall>
100039bc:	e7b0      	b.n	10003920 <usbd_control_xfer_cb+0x3c>
100039be:	4290      	cmp	r0, r2
100039c0:	d008      	beq.n	100039d4 <usbd_control_xfer_cb+0xf0>
100039c2:	461a      	mov	r2, r3
100039c4:	4807      	ldr	r0, [pc, #28]	@ (100039e4 <usbd_control_xfer_cb+0x100>)
100039c6:	9301      	str	r3, [sp, #4]
100039c8:	f001 f9ac 	bl	10004d24 <memcpy>
100039cc:	2180      	movs	r1, #128	@ 0x80
100039ce:	4a05      	ldr	r2, [pc, #20]	@ (100039e4 <usbd_control_xfer_cb+0x100>)
100039d0:	9b01      	ldr	r3, [sp, #4]
100039d2:	e7d0      	b.n	10003976 <usbd_control_xfer_cb+0x92>
100039d4:	2180      	movs	r1, #128	@ 0x80
100039d6:	2200      	movs	r2, #0
100039d8:	e7cd      	b.n	10003976 <usbd_control_xfer_cb+0x92>
100039da:	460a      	mov	r2, r1
100039dc:	e7cb      	b.n	10003976 <usbd_control_xfer_cb+0x92>
100039de:	bf00      	nop
100039e0:	20005008 	.word	0x20005008
100039e4:	20004fc8 	.word	0x20004fc8

100039e8 <_prep_out_transaction.isra.0>:
100039e8:	b570      	push	{r4, r5, r6, lr}
100039ea:	b082      	sub	sp, #8
100039ec:	4604      	mov	r4, r0
100039ee:	f7ff f99d 	bl	10002d2c <tud_mounted>
100039f2:	b908      	cbnz	r0, 100039f8 <_prep_out_transaction.isra.0+0x10>
100039f4:	b002      	add	sp, #8
100039f6:	bd70      	pop	{r4, r5, r6, pc}
100039f8:	f7ff f9a0 	bl	10002d3c <tud_suspended>
100039fc:	4602      	mov	r2, r0
100039fe:	2800      	cmp	r0, #0
10003a00:	d1f8      	bne.n	100039f4 <_prep_out_transaction.isra.0+0xc>
10003a02:	23c8      	movs	r3, #200	@ 0xc8
10003a04:	fb04 f303 	mul.w	r3, r4, r3
10003a08:	4915      	ldr	r1, [pc, #84]	@ (10003a60 <_prep_out_transaction.isra.0+0x78>)
10003a0a:	4625      	mov	r5, r4
10003a0c:	18cc      	adds	r4, r1, r3
10003a0e:	78e0      	ldrb	r0, [r4, #3]
10003a10:	2800      	cmp	r0, #0
10003a12:	d0ef      	beq.n	100039f4 <_prep_out_transaction.isra.0+0xc>
10003a14:	3310      	adds	r3, #16
10003a16:	185e      	adds	r6, r3, r1
10003a18:	4630      	mov	r0, r6
10003a1a:	9201      	str	r2, [sp, #4]
10003a1c:	f000 fe02 	bl	10004624 <tu_fifo_remaining>
10003a20:	283f      	cmp	r0, #63	@ 0x3f
10003a22:	d9e7      	bls.n	100039f4 <_prep_out_transaction.isra.0+0xc>
10003a24:	78e1      	ldrb	r1, [r4, #3]
10003a26:	9801      	ldr	r0, [sp, #4]
10003a28:	f7ff fe6c 	bl	10003704 <usbd_edpt_claim>
10003a2c:	2800      	cmp	r0, #0
10003a2e:	d0e1      	beq.n	100039f4 <_prep_out_transaction.isra.0+0xc>
10003a30:	4630      	mov	r0, r6
10003a32:	f000 fdf7 	bl	10004624 <tu_fifo_remaining>
10003a36:	283f      	cmp	r0, #63	@ 0x3f
10003a38:	78e1      	ldrb	r1, [r4, #3]
10003a3a:	d90a      	bls.n	10003a52 <_prep_out_transaction.isra.0+0x6a>
10003a3c:	2340      	movs	r3, #64	@ 0x40
10003a3e:	f8df c024 	ldr.w	ip, [pc, #36]	@ 10003a64 <_prep_out_transaction.isra.0+0x7c>
10003a42:	9801      	ldr	r0, [sp, #4]
10003a44:	eb0c 12c5 	add.w	r2, ip, r5, lsl #7
10003a48:	b002      	add	sp, #8
10003a4a:	e8bd 4070 	ldmia.w	sp!, {r4, r5, r6, lr}
10003a4e:	f7ff be7d 	b.w	1000374c <usbd_edpt_xfer>
10003a52:	9801      	ldr	r0, [sp, #4]
10003a54:	b002      	add	sp, #8
10003a56:	e8bd 4070 	ldmia.w	sp!, {r4, r5, r6, lr}
10003a5a:	f7ff be65 	b.w	10003728 <usbd_edpt_release>
10003a5e:	bf00      	nop
10003a60:	20004cf0 	.word	0x20004cf0
10003a64:	20004f44 	.word	0x20004f44

10003a68 <tud_cdc_n_connected>:
10003a68:	b510      	push	{r4, lr}
10003a6a:	4604      	mov	r4, r0
10003a6c:	f7ff f95e 	bl	10002d2c <tud_mounted>
10003a70:	b908      	cbnz	r0, 10003a76 <tud_cdc_n_connected+0xe>
10003a72:	2000      	movs	r0, #0
10003a74:	bd10      	pop	{r4, pc}
10003a76:	f7ff f961 	bl	10002d3c <tud_suspended>
10003a7a:	2800      	cmp	r0, #0
10003a7c:	d1f9      	bne.n	10003a72 <tud_cdc_n_connected+0xa>
10003a7e:	22c8      	movs	r2, #200	@ 0xc8
10003a80:	4b03      	ldr	r3, [pc, #12]	@ (10003a90 <tud_cdc_n_connected+0x28>)
10003a82:	fb02 3304 	mla	r3, r2, r4, r3
10003a86:	7918      	ldrb	r0, [r3, #4]
10003a88:	f000 0001 	and.w	r0, r0, #1
10003a8c:	bd10      	pop	{r4, pc}
10003a8e:	bf00      	nop
10003a90:	20004cf0 	.word	0x20004cf0

10003a94 <tud_cdc_n_available>:
10003a94:	22c8      	movs	r2, #200	@ 0xc8
10003a96:	b508      	push	{r3, lr}
10003a98:	4b02      	ldr	r3, [pc, #8]	@ (10003aa4 <tud_cdc_n_available+0x10>)
10003a9a:	fb02 3000 	mla	r0, r2, r0, r3
10003a9e:	f000 fda7 	bl	100045f0 <tu_fifo_count>
10003aa2:	bd08      	pop	{r3, pc}
10003aa4:	20004d00 	.word	0x20004d00

10003aa8 <tud_cdc_n_read>:
10003aa8:	f64f 73ff 	movw	r3, #65535	@ 0xffff
10003aac:	e92d 41f0 	stmdb	sp!, {r4, r5, r6, r7, r8, lr}
10003ab0:	24c8      	movs	r4, #200	@ 0xc8
10003ab2:	429a      	cmp	r2, r3
10003ab4:	bf28      	it	cs
10003ab6:	461a      	movcs	r2, r3
10003ab8:	fb00 f404 	mul.w	r4, r0, r4
10003abc:	4d1b      	ldr	r5, [pc, #108]	@ (10003b2c <tud_cdc_n_read+0x84>)
10003abe:	f104 0310 	add.w	r3, r4, #16
10003ac2:	b082      	sub	sp, #8
10003ac4:	4680      	mov	r8, r0
10003ac6:	b292      	uxth	r2, r2
10003ac8:	1958      	adds	r0, r3, r5
10003aca:	195f      	adds	r7, r3, r5
10003acc:	f000 fe0a 	bl	100046e4 <tu_fifo_read_n>
10003ad0:	4606      	mov	r6, r0
10003ad2:	f7ff f92b 	bl	10002d2c <tud_mounted>
10003ad6:	b918      	cbnz	r0, 10003ae0 <tud_cdc_n_read+0x38>
10003ad8:	4630      	mov	r0, r6
10003ada:	b002      	add	sp, #8
10003adc:	e8bd 81f0 	ldmia.w	sp!, {r4, r5, r6, r7, r8, pc}
10003ae0:	f7ff f92c 	bl	10002d3c <tud_suspended>
10003ae4:	2800      	cmp	r0, #0
10003ae6:	d1f7      	bne.n	10003ad8 <tud_cdc_n_read+0x30>
10003ae8:	4425      	add	r5, r4
10003aea:	78ea      	ldrb	r2, [r5, #3]
10003aec:	2a00      	cmp	r2, #0
10003aee:	d0f3      	beq.n	10003ad8 <tud_cdc_n_read+0x30>
10003af0:	9001      	str	r0, [sp, #4]
10003af2:	4638      	mov	r0, r7
10003af4:	f000 fd96 	bl	10004624 <tu_fifo_remaining>
10003af8:	283f      	cmp	r0, #63	@ 0x3f
10003afa:	d9ed      	bls.n	10003ad8 <tud_cdc_n_read+0x30>
10003afc:	9801      	ldr	r0, [sp, #4]
10003afe:	78e9      	ldrb	r1, [r5, #3]
10003b00:	f7ff fe00 	bl	10003704 <usbd_edpt_claim>
10003b04:	2800      	cmp	r0, #0
10003b06:	d0e7      	beq.n	10003ad8 <tud_cdc_n_read+0x30>
10003b08:	4638      	mov	r0, r7
10003b0a:	f000 fd8b 	bl	10004624 <tu_fifo_remaining>
10003b0e:	283f      	cmp	r0, #63	@ 0x3f
10003b10:	78e9      	ldrb	r1, [r5, #3]
10003b12:	d907      	bls.n	10003b24 <tud_cdc_n_read+0x7c>
10003b14:	4a06      	ldr	r2, [pc, #24]	@ (10003b30 <tud_cdc_n_read+0x88>)
10003b16:	2340      	movs	r3, #64	@ 0x40
10003b18:	9801      	ldr	r0, [sp, #4]
10003b1a:	eb02 12c8 	add.w	r2, r2, r8, lsl #7
10003b1e:	f7ff fe15 	bl	1000374c <usbd_edpt_xfer>
10003b22:	e7d9      	b.n	10003ad8 <tud_cdc_n_read+0x30>
10003b24:	9801      	ldr	r0, [sp, #4]
10003b26:	f7ff fdff 	bl	10003728 <usbd_edpt_release>
10003b2a:	e7d5      	b.n	10003ad8 <tud_cdc_n_read+0x30>
10003b2c:	20004cf0 	.word	0x20004cf0
10003b30:	20004f44 	.word	0x20004f44

10003b34 <tud_cdc_n_write_flush>:
10003b34:	b5f0      	push	{r4, r5, r6, r7, lr}
10003b36:	b083      	sub	sp, #12
10003b38:	4605      	mov	r5, r0
10003b3a:	f7ff f8f7 	bl	10002d2c <tud_mounted>
10003b3e:	b910      	cbnz	r0, 10003b46 <tud_cdc_n_write_flush+0x12>
10003b40:	2000      	movs	r0, #0
10003b42:	b003      	add	sp, #12
10003b44:	bdf0      	pop	{r4, r5, r6, r7, pc}
10003b46:	f7ff f8f9 	bl	10002d3c <tud_suspended>
10003b4a:	4604      	mov	r4, r0
10003b4c:	2800      	cmp	r0, #0
10003b4e:	d1f7      	bne.n	10003b40 <tud_cdc_n_write_flush+0xc>
10003b50:	23c8      	movs	r3, #200	@ 0xc8
10003b52:	fb05 f303 	mul.w	r3, r5, r3
10003b56:	4a1a      	ldr	r2, [pc, #104]	@ (10003bc0 <tud_cdc_n_write_flush+0x8c>)
10003b58:	f103 0124 	add.w	r1, r3, #36	@ 0x24
10003b5c:	188f      	adds	r7, r1, r2
10003b5e:	4638      	mov	r0, r7
10003b60:	9300      	str	r3, [sp, #0]
10003b62:	f000 fd45 	bl	100045f0 <tu_fifo_count>
10003b66:	2800      	cmp	r0, #0
10003b68:	d0ea      	beq.n	10003b40 <tud_cdc_n_write_flush+0xc>
10003b6a:	4a15      	ldr	r2, [pc, #84]	@ (10003bc0 <tud_cdc_n_write_flush+0x8c>)
10003b6c:	9b00      	ldr	r3, [sp, #0]
10003b6e:	4620      	mov	r0, r4
10003b70:	18d6      	adds	r6, r2, r3
10003b72:	78b1      	ldrb	r1, [r6, #2]
10003b74:	f7ff fdc6 	bl	10003704 <usbd_edpt_claim>
10003b78:	2800      	cmp	r0, #0
10003b7a:	d0e1      	beq.n	10003b40 <tud_cdc_n_write_flush+0xc>
10003b7c:	4911      	ldr	r1, [pc, #68]	@ (10003bc4 <tud_cdc_n_write_flush+0x90>)
10003b7e:	4638      	mov	r0, r7
10003b80:	eb01 11c5 	add.w	r1, r1, r5, lsl #7
10003b84:	2240      	movs	r2, #64	@ 0x40
10003b86:	9100      	str	r1, [sp, #0]
10003b88:	f000 fdac 	bl	100046e4 <tu_fifo_read_n>
10003b8c:	f896 c002 	ldrb.w	ip, [r6, #2]
10003b90:	4603      	mov	r3, r0
10003b92:	b170      	cbz	r0, 10003bb2 <tud_cdc_n_write_flush+0x7e>
10003b94:	9001      	str	r0, [sp, #4]
10003b96:	4661      	mov	r1, ip
10003b98:	4620      	mov	r0, r4
10003b9a:	9a00      	ldr	r2, [sp, #0]
10003b9c:	f7ff fdd6 	bl	1000374c <usbd_edpt_xfer>
10003ba0:	b958      	cbnz	r0, 10003bba <tud_cdc_n_write_flush+0x86>
10003ba2:	f04f 23e0 	mov.w	r3, #3758153728	@ 0xe000e000
10003ba6:	f8d3 3df0 	ldr.w	r3, [r3, #3568]	@ 0xdf0
10003baa:	07db      	lsls	r3, r3, #31
10003bac:	d5c8      	bpl.n	10003b40 <tud_cdc_n_write_flush+0xc>
10003bae:	be00      	bkpt	0x0000
10003bb0:	e7c6      	b.n	10003b40 <tud_cdc_n_write_flush+0xc>
10003bb2:	4661      	mov	r1, ip
10003bb4:	f7ff fdb8 	bl	10003728 <usbd_edpt_release>
10003bb8:	e7c2      	b.n	10003b40 <tud_cdc_n_write_flush+0xc>
10003bba:	9801      	ldr	r0, [sp, #4]
10003bbc:	e7c1      	b.n	10003b42 <tud_cdc_n_write_flush+0xe>
10003bbe:	bf00      	nop
10003bc0:	20004cf0 	.word	0x20004cf0
10003bc4:	20004f84 	.word	0x20004f84

10003bc8 <tud_cdc_n_write>:
10003bc8:	b570      	push	{r4, r5, r6, lr}
10003bca:	4605      	mov	r5, r0
10003bcc:	f64f 70ff 	movw	r0, #65535	@ 0xffff
10003bd0:	23c8      	movs	r3, #200	@ 0xc8
10003bd2:	4282      	cmp	r2, r0
10003bd4:	bf28      	it	cs
10003bd6:	4602      	movcs	r2, r0
10003bd8:	4c09      	ldr	r4, [pc, #36]	@ (10003c00 <tud_cdc_n_write+0x38>)
10003bda:	b292      	uxth	r2, r2
10003bdc:	fb03 4405 	mla	r4, r3, r5, r4
10003be0:	4620      	mov	r0, r4
10003be2:	f000 fe43 	bl	1000486c <tu_fifo_write_n>
10003be6:	4606      	mov	r6, r0
10003be8:	4620      	mov	r0, r4
10003bea:	f000 fd01 	bl	100045f0 <tu_fifo_count>
10003bee:	283f      	cmp	r0, #63	@ 0x3f
10003bf0:	d801      	bhi.n	10003bf6 <tud_cdc_n_write+0x2e>
10003bf2:	4630      	mov	r0, r6
10003bf4:	bd70      	pop	{r4, r5, r6, pc}
10003bf6:	4628      	mov	r0, r5
10003bf8:	f7ff ff9c 	bl	10003b34 <tud_cdc_n_write_flush>
10003bfc:	4630      	mov	r0, r6
10003bfe:	bd70      	pop	{r4, r5, r6, pc}
10003c00:	20004d14 	.word	0x20004d14

10003c04 <tud_cdc_n_write_available>:
10003c04:	22c8      	movs	r2, #200	@ 0xc8
10003c06:	b508      	push	{r3, lr}
10003c08:	4b02      	ldr	r3, [pc, #8]	@ (10003c14 <tud_cdc_n_write_available+0x10>)
10003c0a:	fb02 3000 	mla	r0, r2, r0, r3
10003c0e:	f000 fd09 	bl	10004624 <tu_fifo_remaining>
10003c12:	bd08      	pop	{r3, pc}
10003c14:	20004d14 	.word	0x20004d14

10003c18 <cdcd_init>:
10003c18:	b570      	push	{r4, r5, r6, lr}
10003c1a:	2400      	movs	r4, #0
10003c1c:	b082      	sub	sp, #8
10003c1e:	22c8      	movs	r2, #200	@ 0xc8
10003c20:	2100      	movs	r1, #0
10003c22:	4818      	ldr	r0, [pc, #96]	@ (10003c84 <cdcd_init+0x6c>)
10003c24:	f001 f83a 	bl	10004c9c <memset>
10003c28:	23ff      	movs	r3, #255	@ 0xff
10003c2a:	f44f 31e1 	mov.w	r1, #115200	@ 0x1c200
10003c2e:	2208      	movs	r2, #8
10003c30:	4815      	ldr	r0, [pc, #84]	@ (10003c88 <cdcd_init+0x70>)
10003c32:	7004      	strb	r4, [r0, #0]
10003c34:	4813      	ldr	r0, [pc, #76]	@ (10003c84 <cdcd_init+0x6c>)
10003c36:	9400      	str	r4, [sp, #0]
10003c38:	4606      	mov	r6, r0
10003c3a:	7143      	strb	r3, [r0, #5]
10003c3c:	6081      	str	r1, [r0, #8]
10003c3e:	7382      	strb	r2, [r0, #14]
10003c40:	f100 0138 	add.w	r1, r0, #56	@ 0x38
10003c44:	2301      	movs	r3, #1
10003c46:	2240      	movs	r2, #64	@ 0x40
10003c48:	3010      	adds	r0, #16
10003c4a:	f000 fca1 	bl	10004590 <tu_fifo_config>
10003c4e:	2301      	movs	r3, #1
10003c50:	2240      	movs	r2, #64	@ 0x40
10003c52:	f106 0178 	add.w	r1, r6, #120	@ 0x78
10003c56:	9300      	str	r3, [sp, #0]
10003c58:	f106 05b8 	add.w	r5, r6, #184	@ 0xb8
10003c5c:	f106 0024 	add.w	r0, r6, #36	@ 0x24
10003c60:	f000 fc96 	bl	10004590 <tu_fifo_config>
10003c64:	4628      	mov	r0, r5
10003c66:	f7fd fa47 	bl	100010f8 <mutex_init>
10003c6a:	f106 00c0 	add.w	r0, r6, #192	@ 0xc0
10003c6e:	f7fd fa43 	bl	100010f8 <mutex_init>
10003c72:	f106 00c0 	add.w	r0, r6, #192	@ 0xc0
10003c76:	e9c6 4507 	strd	r4, r5, [r6, #28]
10003c7a:	e9c6 040c 	strd	r0, r4, [r6, #48]	@ 0x30
10003c7e:	b002      	add	sp, #8
10003c80:	bd70      	pop	{r4, r5, r6, pc}
10003c82:	bf00      	nop
10003c84:	20004cf0 	.word	0x20004cf0
10003c88:	20004fc4 	.word	0x20004fc4

10003c8c <cdcd_deinit>:
10003c8c:	4b0a      	ldr	r3, [pc, #40]	@ (10003cb8 <cdcd_deinit+0x2c>)
10003c8e:	6b19      	ldr	r1, [r3, #48]	@ 0x30
10003c90:	6a1a      	ldr	r2, [r3, #32]
10003c92:	b161      	cbz	r1, 10003cae <cdcd_deinit+0x22>
10003c94:	b13a      	cbz	r2, 10003ca6 <cdcd_deinit+0x1a>
10003c96:	2200      	movs	r2, #0
10003c98:	e9c3 220c 	strd	r2, r2, [r3, #48]	@ 0x30
10003c9c:	61da      	str	r2, [r3, #28]
10003c9e:	2200      	movs	r2, #0
10003ca0:	621a      	str	r2, [r3, #32]
10003ca2:	2001      	movs	r0, #1
10003ca4:	4770      	bx	lr
10003ca6:	2001      	movs	r0, #1
10003ca8:	e9c3 220c 	strd	r2, r2, [r3, #48]	@ 0x30
10003cac:	4770      	bx	lr
10003cae:	2a00      	cmp	r2, #0
10003cb0:	d0f7      	beq.n	10003ca2 <cdcd_deinit+0x16>
10003cb2:	61d9      	str	r1, [r3, #28]
10003cb4:	e7f3      	b.n	10003c9e <cdcd_deinit+0x12>
10003cb6:	bf00      	nop
10003cb8:	20004cf0 	.word	0x20004cf0

10003cbc <cdcd_reset>:
10003cbc:	2200      	movs	r2, #0
10003cbe:	4910      	ldr	r1, [pc, #64]	@ (10003d00 <cdcd_reset+0x44>)
10003cc0:	b508      	push	{r3, lr}
10003cc2:	4810      	ldr	r0, [pc, #64]	@ (10003d04 <cdcd_reset+0x48>)
10003cc4:	780b      	ldrb	r3, [r1, #0]
10003cc6:	6002      	str	r2, [r0, #0]
10003cc8:	7102      	strb	r2, [r0, #4]
10003cca:	07da      	lsls	r2, r3, #31
10003ccc:	d507      	bpl.n	10003cde <cdcd_reset+0x22>
10003cce:	079b      	lsls	r3, r3, #30
10003cd0:	d50c      	bpl.n	10003cec <cdcd_reset+0x30>
10003cd2:	e8bd 4008 	ldmia.w	sp!, {r3, lr}
10003cd6:	2101      	movs	r1, #1
10003cd8:	480b      	ldr	r0, [pc, #44]	@ (10003d08 <cdcd_reset+0x4c>)
10003cda:	f000 be8b 	b.w	100049f4 <tu_fifo_set_overwritable>
10003cde:	3010      	adds	r0, #16
10003ce0:	f000 fe6c 	bl	100049bc <tu_fifo_clear>
10003ce4:	4906      	ldr	r1, [pc, #24]	@ (10003d00 <cdcd_reset+0x44>)
10003ce6:	780b      	ldrb	r3, [r1, #0]
10003ce8:	079b      	lsls	r3, r3, #30
10003cea:	d4f2      	bmi.n	10003cd2 <cdcd_reset+0x16>
10003cec:	4806      	ldr	r0, [pc, #24]	@ (10003d08 <cdcd_reset+0x4c>)
10003cee:	f000 fe65 	bl	100049bc <tu_fifo_clear>
10003cf2:	e8bd 4008 	ldmia.w	sp!, {r3, lr}
10003cf6:	2101      	movs	r1, #1
10003cf8:	4803      	ldr	r0, [pc, #12]	@ (10003d08 <cdcd_reset+0x4c>)
10003cfa:	f000 be7b 	b.w	100049f4 <tu_fifo_set_overwritable>
10003cfe:	bf00      	nop
10003d00:	20004fc4 	.word	0x20004fc4
10003d04:	20004cf0 	.word	0x20004cf0
10003d08:	20004d14 	.word	0x20004d14

10003d0c <cdcd_open>:
10003d0c:	b570      	push	{r4, r5, r6, lr}
10003d0e:	794b      	ldrb	r3, [r1, #5]
10003d10:	b084      	sub	sp, #16
10003d12:	2b02      	cmp	r3, #2
10003d14:	d102      	bne.n	10003d1c <cdcd_open+0x10>
10003d16:	798b      	ldrb	r3, [r1, #6]
10003d18:	2b02      	cmp	r3, #2
10003d1a:	d003      	beq.n	10003d24 <cdcd_open+0x18>
10003d1c:	2400      	movs	r4, #0
10003d1e:	4620      	mov	r0, r4
10003d20:	b004      	add	sp, #16
10003d22:	bd70      	pop	{r4, r5, r6, pc}
10003d24:	4b2b      	ldr	r3, [pc, #172]	@ (10003dd4 <cdcd_open+0xc8>)
10003d26:	789b      	ldrb	r3, [r3, #2]
10003d28:	b13b      	cbz	r3, 10003d3a <cdcd_open+0x2e>
10003d2a:	f04f 23e0 	mov.w	r3, #3758153728	@ 0xe000e000
10003d2e:	f8d3 3df0 	ldr.w	r3, [r3, #3568]	@ 0xdf0
10003d32:	07db      	lsls	r3, r3, #31
10003d34:	d5f2      	bpl.n	10003d1c <cdcd_open+0x10>
10003d36:	be00      	bkpt	0x0000
10003d38:	e7f0      	b.n	10003d1c <cdcd_open+0x10>
10003d3a:	788b      	ldrb	r3, [r1, #2]
10003d3c:	4605      	mov	r5, r0
10003d3e:	4825      	ldr	r0, [pc, #148]	@ (10003dd4 <cdcd_open+0xc8>)
10003d40:	7003      	strb	r3, [r0, #0]
10003d42:	780b      	ldrb	r3, [r1, #0]
10003d44:	4419      	add	r1, r3
10003d46:	f891 c001 	ldrb.w	ip, [r1, #1]
10003d4a:	f1bc 0f24 	cmp.w	ip, #36	@ 0x24
10003d4e:	bf08      	it	eq
10003d50:	2409      	moveq	r4, #9
10003d52:	d009      	beq.n	10003d68 <cdcd_open+0x5c>
10003d54:	e03b      	b.n	10003dce <cdcd_open+0xc2>
10003d56:	780b      	ldrb	r3, [r1, #0]
10003d58:	4419      	add	r1, r3
10003d5a:	f891 c001 	ldrb.w	ip, [r1, #1]
10003d5e:	4423      	add	r3, r4
10003d60:	f1bc 0f24 	cmp.w	ip, #36	@ 0x24
10003d64:	b29c      	uxth	r4, r3
10003d66:	d107      	bne.n	10003d78 <cdcd_open+0x6c>
10003d68:	4294      	cmp	r4, r2
10003d6a:	d9f4      	bls.n	10003d56 <cdcd_open+0x4a>
10003d6c:	2000      	movs	r0, #0
10003d6e:	f7ff fe3b 	bl	100039e8 <_prep_out_transaction.isra.0>
10003d72:	4620      	mov	r0, r4
10003d74:	b004      	add	sp, #16
10003d76:	bd70      	pop	{r4, r5, r6, pc}
10003d78:	4663      	mov	r3, ip
10003d7a:	f1bc 0f05 	cmp.w	ip, #5
10003d7e:	d016      	beq.n	10003dae <cdcd_open+0xa2>
10003d80:	2b04      	cmp	r3, #4
10003d82:	d1f3      	bne.n	10003d6c <cdcd_open+0x60>
10003d84:	794b      	ldrb	r3, [r1, #5]
10003d86:	2b0a      	cmp	r3, #10
10003d88:	d1f0      	bne.n	10003d6c <cdcd_open+0x60>
10003d8a:	4b13      	ldr	r3, [pc, #76]	@ (10003dd8 <cdcd_open+0xcc>)
10003d8c:	780a      	ldrb	r2, [r1, #0]
10003d8e:	9301      	str	r3, [sp, #4]
10003d90:	3301      	adds	r3, #1
10003d92:	9300      	str	r3, [sp, #0]
10003d94:	2302      	movs	r3, #2
10003d96:	4616      	mov	r6, r2
10003d98:	4411      	add	r1, r2
10003d9a:	4628      	mov	r0, r5
10003d9c:	461a      	mov	r2, r3
10003d9e:	f7ff fc33 	bl	10003608 <usbd_open_edpt_pair>
10003da2:	2800      	cmp	r0, #0
10003da4:	d0c1      	beq.n	10003d2a <cdcd_open+0x1e>
10003da6:	340e      	adds	r4, #14
10003da8:	1933      	adds	r3, r6, r4
10003daa:	b29c      	uxth	r4, r3
10003dac:	e7de      	b.n	10003d6c <cdcd_open+0x60>
10003dae:	4628      	mov	r0, r5
10003db0:	9103      	str	r1, [sp, #12]
10003db2:	f7ff fc79 	bl	100036a8 <usbd_edpt_open>
10003db6:	9903      	ldr	r1, [sp, #12]
10003db8:	2800      	cmp	r0, #0
10003dba:	d0b6      	beq.n	10003d2a <cdcd_open+0x1e>
10003dbc:	788b      	ldrb	r3, [r1, #2]
10003dbe:	4a05      	ldr	r2, [pc, #20]	@ (10003dd4 <cdcd_open+0xc8>)
10003dc0:	7053      	strb	r3, [r2, #1]
10003dc2:	780b      	ldrb	r3, [r1, #0]
10003dc4:	191a      	adds	r2, r3, r4
10003dc6:	4419      	add	r1, r3
10003dc8:	784b      	ldrb	r3, [r1, #1]
10003dca:	b294      	uxth	r4, r2
10003dcc:	e7d8      	b.n	10003d80 <cdcd_open+0x74>
10003dce:	4663      	mov	r3, ip
10003dd0:	2409      	movs	r4, #9
10003dd2:	e7d2      	b.n	10003d7a <cdcd_open+0x6e>
10003dd4:	20004cf0 	.word	0x20004cf0
10003dd8:	20004cf2 	.word	0x20004cf2

10003ddc <cdcd_control_xfer_cb>:
10003ddc:	7813      	ldrb	r3, [r2, #0]
10003dde:	f003 0360 	and.w	r3, r3, #96	@ 0x60
10003de2:	2b20      	cmp	r3, #32
10003de4:	d10b      	bne.n	10003dfe <cdcd_control_xfer_cb+0x22>
10003de6:	b500      	push	{lr}
10003de8:	f8df c0bc 	ldr.w	ip, [pc, #188]	@ 10003ea8 <cdcd_control_xfer_cb+0xcc>
10003dec:	8893      	ldrh	r3, [r2, #4]
10003dee:	f89c e000 	ldrb.w	lr, [ip]
10003df2:	b083      	sub	sp, #12
10003df4:	459e      	cmp	lr, r3
10003df6:	d004      	beq.n	10003e02 <cdcd_control_xfer_cb+0x26>
10003df8:	2000      	movs	r0, #0
10003dfa:	b003      	add	sp, #12
10003dfc:	bd00      	pop	{pc}
10003dfe:	2000      	movs	r0, #0
10003e00:	4770      	bx	lr
10003e02:	7853      	ldrb	r3, [r2, #1]
10003e04:	3b20      	subs	r3, #32
10003e06:	2b03      	cmp	r3, #3
10003e08:	d8f6      	bhi.n	10003df8 <cdcd_control_xfer_cb+0x1c>
10003e0a:	e8df f003 	tbb	[pc, r3]
10003e0e:	272c      	.short	0x272c
10003e10:	020d      	.short	0x020d
10003e12:	2901      	cmp	r1, #1
10003e14:	d033      	beq.n	10003e7e <cdcd_control_xfer_cb+0xa2>
10003e16:	2903      	cmp	r1, #3
10003e18:	d122      	bne.n	10003e60 <cdcd_control_xfer_cb+0x84>
10003e1a:	4b1e      	ldr	r3, [pc, #120]	@ (10003e94 <cdcd_control_xfer_cb+0xb8>)
10003e1c:	b303      	cbz	r3, 10003e60 <cdcd_control_xfer_cb+0x84>
10003e1e:	2000      	movs	r0, #0
10003e20:	8851      	ldrh	r1, [r2, #2]
10003e22:	f3af 8000 	nop.w
10003e26:	e01b      	b.n	10003e60 <cdcd_control_xfer_cb+0x84>
10003e28:	2901      	cmp	r1, #1
10003e2a:	d028      	beq.n	10003e7e <cdcd_control_xfer_cb+0xa2>
10003e2c:	2903      	cmp	r1, #3
10003e2e:	d117      	bne.n	10003e60 <cdcd_control_xfer_cb+0x84>
10003e30:	8852      	ldrh	r2, [r2, #2]
10003e32:	4819      	ldr	r0, [pc, #100]	@ (10003e98 <cdcd_control_xfer_cb+0xbc>)
10003e34:	f002 0301 	and.w	r3, r2, #1
10003e38:	f083 0101 	eor.w	r1, r3, #1
10003e3c:	9301      	str	r3, [sp, #4]
10003e3e:	f88c 2004 	strb.w	r2, [ip, #4]
10003e42:	9200      	str	r2, [sp, #0]
10003e44:	f000 fdd6 	bl	100049f4 <tu_fifo_set_overwritable>
10003e48:	4914      	ldr	r1, [pc, #80]	@ (10003e9c <cdcd_control_xfer_cb+0xc0>)
10003e4a:	b149      	cbz	r1, 10003e60 <cdcd_control_xfer_cb+0x84>
10003e4c:	9a00      	ldr	r2, [sp, #0]
10003e4e:	2000      	movs	r0, #0
10003e50:	9901      	ldr	r1, [sp, #4]
10003e52:	f3c2 0240 	ubfx	r2, r2, #1, #1
10003e56:	f3af 8000 	nop.w
10003e5a:	e001      	b.n	10003e60 <cdcd_control_xfer_cb+0x84>
10003e5c:	2901      	cmp	r1, #1
10003e5e:	d012      	beq.n	10003e86 <cdcd_control_xfer_cb+0xaa>
10003e60:	2001      	movs	r0, #1
10003e62:	b003      	add	sp, #12
10003e64:	bd00      	pop	{pc}
10003e66:	2901      	cmp	r1, #1
10003e68:	d00d      	beq.n	10003e86 <cdcd_control_xfer_cb+0xaa>
10003e6a:	2903      	cmp	r1, #3
10003e6c:	d1f8      	bne.n	10003e60 <cdcd_control_xfer_cb+0x84>
10003e6e:	4b0c      	ldr	r3, [pc, #48]	@ (10003ea0 <cdcd_control_xfer_cb+0xc4>)
10003e70:	2b00      	cmp	r3, #0
10003e72:	d0f5      	beq.n	10003e60 <cdcd_control_xfer_cb+0x84>
10003e74:	2000      	movs	r0, #0
10003e76:	490b      	ldr	r1, [pc, #44]	@ (10003ea4 <cdcd_control_xfer_cb+0xc8>)
10003e78:	f7fe fa3a 	bl	100022f0 <tud_cdc_line_coding_cb>
10003e7c:	e7f0      	b.n	10003e60 <cdcd_control_xfer_cb+0x84>
10003e7e:	4611      	mov	r1, r2
10003e80:	f7ff fc9c 	bl	100037bc <tud_control_status>
10003e84:	e7ec      	b.n	10003e60 <cdcd_control_xfer_cb+0x84>
10003e86:	4611      	mov	r1, r2
10003e88:	2307      	movs	r3, #7
10003e8a:	4a06      	ldr	r2, [pc, #24]	@ (10003ea4 <cdcd_control_xfer_cb+0xc8>)
10003e8c:	f7ff fcb2 	bl	100037f4 <tud_control_xfer>
10003e90:	e7e6      	b.n	10003e60 <cdcd_control_xfer_cb+0x84>
10003e92:	bf00      	nop
10003e94:	00000000 	.word	0x00000000
10003e98:	20004d14 	.word	0x20004d14
10003e9c:	00000000 	.word	0x00000000
10003ea0:	100022f1 	.word	0x100022f1
10003ea4:	20004cf8 	.word	0x20004cf8
10003ea8:	20004cf0 	.word	0x20004cf0

10003eac <cdcd_xfer_cb>:
10003eac:	e92d 41f0 	stmdb	sp!, {r4, r5, r6, r7, r8, lr}
10003eb0:	4c35      	ldr	r4, [pc, #212]	@ (10003f88 <cdcd_xfer_cb+0xdc>)
10003eb2:	460d      	mov	r5, r1
10003eb4:	78e2      	ldrb	r2, [r4, #3]
10003eb6:	4607      	mov	r7, r0
10003eb8:	428a      	cmp	r2, r1
10003eba:	461e      	mov	r6, r3
10003ebc:	b082      	sub	sp, #8
10003ebe:	d02f      	beq.n	10003f20 <cdcd_xfer_cb+0x74>
10003ec0:	78a3      	ldrb	r3, [r4, #2]
10003ec2:	428b      	cmp	r3, r1
10003ec4:	d009      	beq.n	10003eda <cdcd_xfer_cb+0x2e>
10003ec6:	f04f 23e0 	mov.w	r3, #3758153728	@ 0xe000e000
10003eca:	f8d3 3df0 	ldr.w	r3, [r3, #3568]	@ 0xdf0
10003ece:	07db      	lsls	r3, r3, #31
10003ed0:	d424      	bmi.n	10003f1c <cdcd_xfer_cb+0x70>
10003ed2:	2000      	movs	r0, #0
10003ed4:	b002      	add	sp, #8
10003ed6:	e8bd 81f0 	ldmia.w	sp!, {r4, r5, r6, r7, r8, pc}
10003eda:	4b2c      	ldr	r3, [pc, #176]	@ (10003f8c <cdcd_xfer_cb+0xe0>)
10003edc:	b113      	cbz	r3, 10003ee4 <cdcd_xfer_cb+0x38>
10003ede:	2000      	movs	r0, #0
10003ee0:	f3af 8000 	nop.w
10003ee4:	2000      	movs	r0, #0
10003ee6:	f7ff fe25 	bl	10003b34 <tud_cdc_n_write_flush>
10003eea:	2800      	cmp	r0, #0
10003eec:	d147      	bne.n	10003f7e <cdcd_xfer_cb+0xd2>
10003eee:	4828      	ldr	r0, [pc, #160]	@ (10003f90 <cdcd_xfer_cb+0xe4>)
10003ef0:	f000 fb7e 	bl	100045f0 <tu_fifo_count>
10003ef4:	2800      	cmp	r0, #0
10003ef6:	d142      	bne.n	10003f7e <cdcd_xfer_cb+0xd2>
10003ef8:	2e00      	cmp	r6, #0
10003efa:	d040      	beq.n	10003f7e <cdcd_xfer_cb+0xd2>
10003efc:	f016 053f 	ands.w	r5, r6, #63	@ 0x3f
10003f00:	d13d      	bne.n	10003f7e <cdcd_xfer_cb+0xd2>
10003f02:	4638      	mov	r0, r7
10003f04:	78a1      	ldrb	r1, [r4, #2]
10003f06:	f7ff fbfd 	bl	10003704 <usbd_edpt_claim>
10003f0a:	2800      	cmp	r0, #0
10003f0c:	d037      	beq.n	10003f7e <cdcd_xfer_cb+0xd2>
10003f0e:	462b      	mov	r3, r5
10003f10:	462a      	mov	r2, r5
10003f12:	4638      	mov	r0, r7
10003f14:	78a1      	ldrb	r1, [r4, #2]
10003f16:	f7ff fc19 	bl	1000374c <usbd_edpt_xfer>
10003f1a:	e030      	b.n	10003f7e <cdcd_xfer_cb+0xd2>
10003f1c:	be00      	bkpt	0x0000
10003f1e:	e7d8      	b.n	10003ed2 <cdcd_xfer_cb+0x26>
10003f20:	b29a      	uxth	r2, r3
10003f22:	491c      	ldr	r1, [pc, #112]	@ (10003f94 <cdcd_xfer_cb+0xe8>)
10003f24:	f104 0010 	add.w	r0, r4, #16
10003f28:	f000 fca0 	bl	1000486c <tu_fifo_write_n>
10003f2c:	4b1a      	ldr	r3, [pc, #104]	@ (10003f98 <cdcd_xfer_cb+0xec>)
10003f2e:	b1d3      	cbz	r3, 10003f66 <cdcd_xfer_cb+0xba>
10003f30:	7962      	ldrb	r2, [r4, #5]
10003f32:	2aff      	cmp	r2, #255	@ 0xff
10003f34:	d017      	beq.n	10003f66 <cdcd_xfer_cb+0xba>
10003f36:	b1b6      	cbz	r6, 10003f66 <cdcd_xfer_cb+0xba>
10003f38:	4b16      	ldr	r3, [pc, #88]	@ (10003f94 <cdcd_xfer_cb+0xe8>)
10003f3a:	eb03 0806 	add.w	r8, r3, r6
10003f3e:	e002      	b.n	10003f46 <cdcd_xfer_cb+0x9a>
10003f40:	4543      	cmp	r3, r8
10003f42:	d010      	beq.n	10003f66 <cdcd_xfer_cb+0xba>
10003f44:	7962      	ldrb	r2, [r4, #5]
10003f46:	f813 1b01 	ldrb.w	r1, [r3], #1
10003f4a:	4291      	cmp	r1, r2
10003f4c:	d1f8      	bne.n	10003f40 <cdcd_xfer_cb+0x94>
10003f4e:	4813      	ldr	r0, [pc, #76]	@ (10003f9c <cdcd_xfer_cb+0xf0>)
10003f50:	9301      	str	r3, [sp, #4]
10003f52:	f000 fb5d 	bl	10004610 <tu_fifo_empty>
10003f56:	9b01      	ldr	r3, [sp, #4]
10003f58:	2800      	cmp	r0, #0
10003f5a:	d1f1      	bne.n	10003f40 <cdcd_xfer_cb+0x94>
10003f5c:	7961      	ldrb	r1, [r4, #5]
10003f5e:	f3af 8000 	nop.w
10003f62:	9b01      	ldr	r3, [sp, #4]
10003f64:	e7ec      	b.n	10003f40 <cdcd_xfer_cb+0x94>
10003f66:	4b0e      	ldr	r3, [pc, #56]	@ (10003fa0 <cdcd_xfer_cb+0xf4>)
10003f68:	b11b      	cbz	r3, 10003f72 <cdcd_xfer_cb+0xc6>
10003f6a:	480c      	ldr	r0, [pc, #48]	@ (10003f9c <cdcd_xfer_cb+0xf0>)
10003f6c:	f000 fb50 	bl	10004610 <tu_fifo_empty>
10003f70:	b138      	cbz	r0, 10003f82 <cdcd_xfer_cb+0xd6>
10003f72:	2000      	movs	r0, #0
10003f74:	f7ff fd38 	bl	100039e8 <_prep_out_transaction.isra.0>
10003f78:	78a3      	ldrb	r3, [r4, #2]
10003f7a:	42ab      	cmp	r3, r5
10003f7c:	d0ad      	beq.n	10003eda <cdcd_xfer_cb+0x2e>
10003f7e:	2001      	movs	r0, #1
10003f80:	e7a8      	b.n	10003ed4 <cdcd_xfer_cb+0x28>
10003f82:	f3af 8000 	nop.w
10003f86:	e7f4      	b.n	10003f72 <cdcd_xfer_cb+0xc6>
10003f88:	20004cf0 	.word	0x20004cf0
10003f8c:	00000000 	.word	0x00000000
10003f90:	20004d14 	.word	0x20004d14
10003f94:	20004f44 	.word	0x20004f44
10003f98:	00000000 	.word	0x00000000
10003f9c:	20004d00 	.word	0x20004d00
10003fa0:	00000000 	.word	0x00000000

10003fa4 <vendord_init>:
10003fa4:	b5f0      	push	{r4, r5, r6, r7, lr}
10003fa6:	f44f 7213 	mov.w	r2, #588	@ 0x24c
10003faa:	b085      	sub	sp, #20
10003fac:	2100      	movs	r1, #0
10003fae:	4812      	ldr	r0, [pc, #72]	@ (10003ff8 <vendord_init+0x54>)
10003fb0:	f000 fe74 	bl	10004c9c <memset>
10003fb4:	2640      	movs	r6, #64	@ 0x40
10003fb6:	2300      	movs	r3, #0
10003fb8:	f44f 7580 	mov.w	r5, #256	@ 0x100
10003fbc:	4f0e      	ldr	r7, [pc, #56]	@ (10003ff8 <vendord_init+0x54>)
10003fbe:	4c0f      	ldr	r4, [pc, #60]	@ (10003ffc <vendord_init+0x58>)
10003fc0:	f507 72a6 	add.w	r2, r7, #332	@ 0x14c
10003fc4:	4619      	mov	r1, r3
10003fc6:	e9cd 4602 	strd	r4, r6, [sp, #8]
10003fca:	9200      	str	r2, [sp, #0]
10003fcc:	9501      	str	r5, [sp, #4]
10003fce:	461a      	mov	r2, r3
10003fd0:	f507 7094 	add.w	r0, r7, #296	@ 0x128
10003fd4:	f000 f9d6 	bl	10004384 <tu_edpt_stream_init>
10003fd8:	2300      	movs	r3, #0
10003fda:	f107 0128 	add.w	r1, r7, #40	@ 0x28
10003fde:	4434      	add	r4, r6
10003fe0:	9100      	str	r1, [sp, #0]
10003fe2:	2201      	movs	r2, #1
10003fe4:	4619      	mov	r1, r3
10003fe6:	e9cd 4602 	strd	r4, r6, [sp, #8]
10003fea:	9501      	str	r5, [sp, #4]
10003fec:	1d38      	adds	r0, r7, #4
10003fee:	f000 f9c9 	bl	10004384 <tu_edpt_stream_init>
10003ff2:	b005      	add	sp, #20
10003ff4:	bdf0      	pop	{r4, r5, r6, r7, pc}
10003ff6:	bf00      	nop
10003ff8:	200051f0 	.word	0x200051f0
10003ffc:	20005170 	.word	0x20005170

10004000 <vendord_deinit>:
10004000:	b508      	push	{r3, lr}
10004002:	4804      	ldr	r0, [pc, #16]	@ (10004014 <vendord_deinit+0x14>)
10004004:	f000 f9ea 	bl	100043dc <tu_edpt_stream_deinit>
10004008:	4803      	ldr	r0, [pc, #12]	@ (10004018 <vendord_deinit+0x18>)
1000400a:	f000 f9e7 	bl	100043dc <tu_edpt_stream_deinit>
1000400e:	2001      	movs	r0, #1
10004010:	bd08      	pop	{r3, pc}
10004012:	bf00      	nop
10004014:	20005318 	.word	0x20005318
10004018:	200051f4 	.word	0x200051f4

1000401c <vendord_reset>:
1000401c:	b538      	push	{r3, r4, r5, lr}
1000401e:	2500      	movs	r5, #0
10004020:	4c06      	ldr	r4, [pc, #24]	@ (1000403c <vendord_reset+0x20>)
10004022:	f504 7098 	add.w	r0, r4, #304	@ 0x130
10004026:	7025      	strb	r5, [r4, #0]
10004028:	f000 fcc8 	bl	100049bc <tu_fifo_clear>
1000402c:	f104 000c 	add.w	r0, r4, #12
10004030:	f000 fcc4 	bl	100049bc <tu_fifo_clear>
10004034:	f884 5129 	strb.w	r5, [r4, #297]	@ 0x129
10004038:	7165      	strb	r5, [r4, #5]
1000403a:	bd38      	pop	{r3, r4, r5, pc}
1000403c:	200051f0 	.word	0x200051f0

10004040 <vendord_open>:
10004040:	e92d 43f8 	stmdb	sp!, {r3, r4, r5, r6, r7, r8, r9, lr}
10004044:	794b      	ldrb	r3, [r1, #5]
10004046:	2bff      	cmp	r3, #255	@ 0xff
10004048:	d105      	bne.n	10004056 <vendord_open+0x16>
1000404a:	4f35      	ldr	r7, [pc, #212]	@ (10004120 <vendord_open+0xe0>)
1000404c:	797e      	ldrb	r6, [r7, #5]
1000404e:	f897 3129 	ldrb.w	r3, [r7, #297]	@ 0x129
10004052:	431e      	orrs	r6, r3
10004054:	d002      	beq.n	1000405c <vendord_open+0x1c>
10004056:	2000      	movs	r0, #0
10004058:	e8bd 83f8 	ldmia.w	sp!, {r3, r4, r5, r6, r7, r8, r9, pc}
1000405c:	788b      	ldrb	r3, [r1, #2]
1000405e:	780c      	ldrb	r4, [r1, #0]
10004060:	703b      	strb	r3, [r7, #0]
10004062:	790b      	ldrb	r3, [r1, #4]
10004064:	4681      	mov	r9, r0
10004066:	4688      	mov	r8, r1
10004068:	440c      	add	r4, r1
1000406a:	2b00      	cmp	r3, #0
1000406c:	d034      	beq.n	100040d8 <vendord_open+0x98>
1000406e:	18a5      	adds	r5, r4, r2
10004070:	e003      	b.n	1000407a <vendord_open+0x3a>
10004072:	42ac      	cmp	r4, r5
10004074:	d230      	bcs.n	100040d8 <vendord_open+0x98>
10004076:	7823      	ldrb	r3, [r4, #0]
10004078:	441c      	add	r4, r3
1000407a:	7863      	ldrb	r3, [r4, #1]
1000407c:	2b05      	cmp	r3, #5
1000407e:	d1f8      	bne.n	10004072 <vendord_open+0x32>
10004080:	42ac      	cmp	r4, r5
10004082:	d229      	bcs.n	100040d8 <vendord_open+0x98>
10004084:	4621      	mov	r1, r4
10004086:	4648      	mov	r0, r9
10004088:	f7ff fb0e 	bl	100036a8 <usbd_edpt_open>
1000408c:	2800      	cmp	r0, #0
1000408e:	d03e      	beq.n	1000410e <vendord_open+0xce>
10004090:	78a3      	ldrb	r3, [r4, #2]
10004092:	09db      	lsrs	r3, r3, #7
10004094:	d125      	bne.n	100040e2 <vendord_open+0xa2>
10004096:	4823      	ldr	r0, [pc, #140]	@ (10004124 <vendord_open+0xe4>)
10004098:	f000 fc90 	bl	100049bc <tu_fifo_clear>
1000409c:	78a3      	ldrb	r3, [r4, #2]
1000409e:	f897 2128 	ldrb.w	r2, [r7, #296]	@ 0x128
100040a2:	f887 3129 	strb.w	r3, [r7, #297]	@ 0x129
100040a6:	88a3      	ldrh	r3, [r4, #4]
100040a8:	4648      	mov	r0, r9
100040aa:	f3c3 030a 	ubfx	r3, r3, #0, #11
100040ae:	f5a3 7300 	sub.w	r3, r3, #512	@ 0x200
100040b2:	fab3 f383 	clz	r3, r3
100040b6:	095b      	lsrs	r3, r3, #5
100040b8:	f363 0241 	bfi	r2, r3, #1, #1
100040bc:	491a      	ldr	r1, [pc, #104]	@ (10004128 <vendord_open+0xe8>)
100040be:	f887 2128 	strb.w	r2, [r7, #296]	@ 0x128
100040c2:	f000 f9fd 	bl	100044c0 <tu_edpt_stream_read_xfer>
100040c6:	b310      	cbz	r0, 1000410e <vendord_open+0xce>
100040c8:	7823      	ldrb	r3, [r4, #0]
100040ca:	f898 2004 	ldrb.w	r2, [r8, #4]
100040ce:	3601      	adds	r6, #1
100040d0:	441c      	add	r4, r3
100040d2:	b2f3      	uxtb	r3, r6
100040d4:	429a      	cmp	r2, r3
100040d6:	d8d0      	bhi.n	1000407a <vendord_open+0x3a>
100040d8:	eba4 0008 	sub.w	r0, r4, r8
100040dc:	b280      	uxth	r0, r0
100040de:	e8bd 83f8 	ldmia.w	sp!, {r3, r4, r5, r6, r7, r8, r9, pc}
100040e2:	4812      	ldr	r0, [pc, #72]	@ (1000412c <vendord_open+0xec>)
100040e4:	f000 fc6a 	bl	100049bc <tu_fifo_clear>
100040e8:	78a3      	ldrb	r3, [r4, #2]
100040ea:	793a      	ldrb	r2, [r7, #4]
100040ec:	717b      	strb	r3, [r7, #5]
100040ee:	88a3      	ldrh	r3, [r4, #4]
100040f0:	490f      	ldr	r1, [pc, #60]	@ (10004130 <vendord_open+0xf0>)
100040f2:	f3c3 030a 	ubfx	r3, r3, #0, #11
100040f6:	f5a3 7300 	sub.w	r3, r3, #512	@ 0x200
100040fa:	fab3 f383 	clz	r3, r3
100040fe:	095b      	lsrs	r3, r3, #5
10004100:	f363 0241 	bfi	r2, r3, #1, #1
10004104:	2000      	movs	r0, #0
10004106:	713a      	strb	r2, [r7, #4]
10004108:	f000 f9a0 	bl	1000444c <tu_edpt_stream_write_xfer>
1000410c:	e7dc      	b.n	100040c8 <vendord_open+0x88>
1000410e:	f04f 23e0 	mov.w	r3, #3758153728	@ 0xe000e000
10004112:	f8d3 3df0 	ldr.w	r3, [r3, #3568]	@ 0xdf0
10004116:	07db      	lsls	r3, r3, #31
10004118:	d59d      	bpl.n	10004056 <vendord_open+0x16>
1000411a:	be00      	bkpt	0x0000
1000411c:	e79b      	b.n	10004056 <vendord_open+0x16>
1000411e:	bf00      	nop
10004120:	200051f0 	.word	0x200051f0
10004124:	20005320 	.word	0x20005320
10004128:	20005318 	.word	0x20005318
1000412c:	200051fc 	.word	0x200051fc
10004130:	200051f4 	.word	0x200051f4

10004134 <vendord_xfer_cb>:
10004134:	b510      	push	{r4, lr}
10004136:	f8df c090 	ldr.w	ip, [pc, #144]	@ 100041c8 <vendord_xfer_cb+0x94>
1000413a:	4604      	mov	r4, r0
1000413c:	f89c 2129 	ldrb.w	r2, [ip, #297]	@ 0x129
10004140:	b082      	sub	sp, #8
10004142:	428a      	cmp	r2, r1
10004144:	d01a      	beq.n	1000417c <vendord_xfer_cb+0x48>
10004146:	f89c 2005 	ldrb.w	r2, [ip, #5]
1000414a:	428a      	cmp	r2, r1
1000414c:	d002      	beq.n	10004154 <vendord_xfer_cb+0x20>
1000414e:	2000      	movs	r0, #0
10004150:	b002      	add	sp, #8
10004152:	bd10      	pop	{r4, pc}
10004154:	4a17      	ldr	r2, [pc, #92]	@ (100041b4 <vendord_xfer_cb+0x80>)
10004156:	b12a      	cbz	r2, 10004164 <vendord_xfer_cb+0x30>
10004158:	b299      	uxth	r1, r3
1000415a:	2000      	movs	r0, #0
1000415c:	9301      	str	r3, [sp, #4]
1000415e:	f3af 8000 	nop.w
10004162:	9b01      	ldr	r3, [sp, #4]
10004164:	4620      	mov	r0, r4
10004166:	4914      	ldr	r1, [pc, #80]	@ (100041b8 <vendord_xfer_cb+0x84>)
10004168:	9301      	str	r3, [sp, #4]
1000416a:	f000 f96f 	bl	1000444c <tu_edpt_stream_write_xfer>
1000416e:	b998      	cbnz	r0, 10004198 <vendord_xfer_cb+0x64>
10004170:	4620      	mov	r0, r4
10004172:	9a01      	ldr	r2, [sp, #4]
10004174:	4910      	ldr	r1, [pc, #64]	@ (100041b8 <vendord_xfer_cb+0x84>)
10004176:	f000 f933 	bl	100043e0 <tu_edpt_stream_write_zlp_if_needed>
1000417a:	e00d      	b.n	10004198 <vendord_xfer_cb+0x64>
1000417c:	f8bc 2134 	ldrh.w	r2, [ip, #308]	@ 0x134
10004180:	b96a      	cbnz	r2, 1000419e <vendord_xfer_cb+0x6a>
10004182:	4a0e      	ldr	r2, [pc, #56]	@ (100041bc <vendord_xfer_cb+0x88>)
10004184:	b122      	cbz	r2, 10004190 <vendord_xfer_cb+0x5c>
10004186:	2000      	movs	r0, #0
10004188:	490d      	ldr	r1, [pc, #52]	@ (100041c0 <vendord_xfer_cb+0x8c>)
1000418a:	b29a      	uxth	r2, r3
1000418c:	f3af 8000 	nop.w
10004190:	4620      	mov	r0, r4
10004192:	490c      	ldr	r1, [pc, #48]	@ (100041c4 <vendord_xfer_cb+0x90>)
10004194:	f000 f994 	bl	100044c0 <tu_edpt_stream_read_xfer>
10004198:	2001      	movs	r0, #1
1000419a:	b002      	add	sp, #8
1000419c:	bd10      	pop	{r4, pc}
1000419e:	b29a      	uxth	r2, r3
100041a0:	f8dc 112c 	ldr.w	r1, [ip, #300]	@ 0x12c
100041a4:	f50c 7098 	add.w	r0, ip, #304	@ 0x130
100041a8:	9301      	str	r3, [sp, #4]
100041aa:	f000 fb5f 	bl	1000486c <tu_fifo_write_n>
100041ae:	9b01      	ldr	r3, [sp, #4]
100041b0:	e7e7      	b.n	10004182 <vendord_xfer_cb+0x4e>
100041b2:	bf00      	nop
100041b4:	00000000 	.word	0x00000000
100041b8:	200051f4 	.word	0x200051f4
100041bc:	00000000 	.word	0x00000000
100041c0:	20005170 	.word	0x20005170
100041c4:	20005318 	.word	0x20005318
100041c8:	200051f0 	.word	0x200051f0

100041cc <tusb_rhport_init>:
100041cc:	b500      	push	{lr}
100041ce:	b083      	sub	sp, #12
100041d0:	b1d9      	cbz	r1, 1000420a <tusb_rhport_init+0x3e>
100041d2:	2801      	cmp	r0, #1
100041d4:	d80e      	bhi.n	100041f4 <tusb_rhport_init+0x28>
100041d6:	780b      	ldrb	r3, [r1, #0]
100041d8:	b163      	cbz	r3, 100041f4 <tusb_rhport_init+0x28>
100041da:	f8df c058 	ldr.w	ip, [pc, #88]	@ 10004234 <tusb_rhport_init+0x68>
100041de:	2b01      	cmp	r3, #1
100041e0:	f80c 3000 	strb.w	r3, [ip, r0]
100041e4:	d002      	beq.n	100041ec <tusb_rhport_init+0x20>
100041e6:	2001      	movs	r0, #1
100041e8:	b003      	add	sp, #12
100041ea:	bd00      	pop	{pc}
100041ec:	f7fe fdae 	bl	10002d4c <tud_rhport_init>
100041f0:	2800      	cmp	r0, #0
100041f2:	d1f8      	bne.n	100041e6 <tusb_rhport_init+0x1a>
100041f4:	f04f 23e0 	mov.w	r3, #3758153728	@ 0xe000e000
100041f8:	f8d3 3df0 	ldr.w	r3, [r3, #3568]	@ 0xdf0
100041fc:	07db      	lsls	r3, r3, #31
100041fe:	d402      	bmi.n	10004206 <tusb_rhport_init+0x3a>
10004200:	2000      	movs	r0, #0
10004202:	b003      	add	sp, #12
10004204:	bd00      	pop	{pc}
10004206:	be00      	bkpt	0x0000
10004208:	e7fa      	b.n	10004200 <tusb_rhport_init+0x34>
1000420a:	2201      	movs	r2, #1
1000420c:	4608      	mov	r0, r1
1000420e:	a901      	add	r1, sp, #4
10004210:	f8ad 2004 	strh.w	r2, [sp, #4]
10004214:	f7fe fd9a 	bl	10002d4c <tud_rhport_init>
10004218:	2201      	movs	r2, #1
1000421a:	b938      	cbnz	r0, 1000422c <tusb_rhport_init+0x60>
1000421c:	f04f 23e0 	mov.w	r3, #3758153728	@ 0xe000e000
10004220:	f8d3 3df0 	ldr.w	r3, [r3, #3568]	@ 0xdf0
10004224:	07da      	lsls	r2, r3, #31
10004226:	d5ec      	bpl.n	10004202 <tusb_rhport_init+0x36>
10004228:	be00      	bkpt	0x0000
1000422a:	e7ea      	b.n	10004202 <tusb_rhport_init+0x36>
1000422c:	4b01      	ldr	r3, [pc, #4]	@ (10004234 <tusb_rhport_init+0x68>)
1000422e:	701a      	strb	r2, [r3, #0]
10004230:	e7e7      	b.n	10004202 <tusb_rhport_init+0x36>
10004232:	bf00      	nop
10004234:	2000503c 	.word	0x2000503c

10004238 <tu_edpt_claim>:
10004238:	7803      	ldrb	r3, [r0, #0]
1000423a:	f013 0301 	ands.w	r3, r3, #1
1000423e:	d11e      	bne.n	1000427e <tu_edpt_claim+0x46>
10004240:	b530      	push	{r4, r5, lr}
10004242:	4602      	mov	r2, r0
10004244:	7800      	ldrb	r0, [r0, #0]
10004246:	b083      	sub	sp, #12
10004248:	4604      	mov	r4, r0
1000424a:	0740      	lsls	r0, r0, #29
1000424c:	d502      	bpl.n	10004254 <tu_edpt_claim+0x1c>
1000424e:	4618      	mov	r0, r3
10004250:	b003      	add	sp, #12
10004252:	bd30      	pop	{r4, r5, pc}
10004254:	4608      	mov	r0, r1
10004256:	460d      	mov	r5, r1
10004258:	f04f 31ff 	mov.w	r1, #4294967295	@ 0xffffffff
1000425c:	9201      	str	r2, [sp, #4]
1000425e:	f000 fe0b 	bl	10004e78 <__mutex_enter_timeout_ms_veneer>
10004262:	9a01      	ldr	r2, [sp, #4]
10004264:	7813      	ldrb	r3, [r2, #0]
10004266:	f013 0301 	ands.w	r3, r3, #1
1000426a:	d10b      	bne.n	10004284 <tu_edpt_claim+0x4c>
1000426c:	7811      	ldrb	r1, [r2, #0]
1000426e:	0749      	lsls	r1, r1, #29
10004270:	d40a      	bmi.n	10004288 <tu_edpt_claim+0x50>
10004272:	7811      	ldrb	r1, [r2, #0]
10004274:	2301      	movs	r3, #1
10004276:	f041 0104 	orr.w	r1, r1, #4
1000427a:	7011      	strb	r1, [r2, #0]
1000427c:	e004      	b.n	10004288 <tu_edpt_claim+0x50>
1000427e:	2300      	movs	r3, #0
10004280:	4618      	mov	r0, r3
10004282:	4770      	bx	lr
10004284:	f3c4 0380 	ubfx	r3, r4, #2, #1
10004288:	4628      	mov	r0, r5
1000428a:	9301      	str	r3, [sp, #4]
1000428c:	f000 fe00 	bl	10004e90 <__mutex_exit_veneer>
10004290:	9b01      	ldr	r3, [sp, #4]
10004292:	4618      	mov	r0, r3
10004294:	b003      	add	sp, #12
10004296:	bd30      	pop	{r4, r5, pc}

10004298 <tu_edpt_release>:
10004298:	b570      	push	{r4, r5, r6, lr}
1000429a:	460d      	mov	r5, r1
1000429c:	4604      	mov	r4, r0
1000429e:	f04f 31ff 	mov.w	r1, #4294967295	@ 0xffffffff
100042a2:	4628      	mov	r0, r5
100042a4:	f000 fde8 	bl	10004e78 <__mutex_enter_timeout_ms_veneer>
100042a8:	7823      	ldrb	r3, [r4, #0]
100042aa:	f3c3 0680 	ubfx	r6, r3, #2, #1
100042ae:	075b      	lsls	r3, r3, #29
100042b0:	d508      	bpl.n	100042c4 <tu_edpt_release+0x2c>
100042b2:	7823      	ldrb	r3, [r4, #0]
100042b4:	f013 0301 	ands.w	r3, r3, #1
100042b8:	bf11      	iteee	ne
100042ba:	2600      	movne	r6, #0
100042bc:	7822      	ldrbeq	r2, [r4, #0]
100042be:	f363 0282 	bfieq	r2, r3, #2, #1
100042c2:	7022      	strbeq	r2, [r4, #0]
100042c4:	4628      	mov	r0, r5
100042c6:	f000 fde3 	bl	10004e90 <__mutex_exit_veneer>
100042ca:	4630      	mov	r0, r6
100042cc:	bd70      	pop	{r4, r5, r6, pc}
100042ce:	bf00      	nop

100042d0 <tu_edpt_validate>:
100042d0:	78c3      	ldrb	r3, [r0, #3]
100042d2:	8882      	ldrh	r2, [r0, #4]
100042d4:	f003 0003 	and.w	r0, r3, #3
100042d8:	2802      	cmp	r0, #2
100042da:	f3c2 020a 	ubfx	r2, r2, #0, #11
100042de:	d015      	beq.n	1000430c <tu_edpt_validate+0x3c>
100042e0:	2803      	cmp	r0, #3
100042e2:	d00a      	beq.n	100042fa <tu_edpt_validate+0x2a>
100042e4:	2801      	cmp	r0, #1
100042e6:	d11c      	bne.n	10004322 <tu_edpt_validate+0x52>
100042e8:	2902      	cmp	r1, #2
100042ea:	f240 33ff 	movw	r3, #1023	@ 0x3ff
100042ee:	bf08      	it	eq
100042f0:	f44f 6380 	moveq.w	r3, #1024	@ 0x400
100042f4:	4293      	cmp	r3, r2
100042f6:	d30d      	bcc.n	10004314 <tu_edpt_validate+0x44>
100042f8:	4770      	bx	lr
100042fa:	2902      	cmp	r1, #2
100042fc:	bf14      	ite	ne
100042fe:	2340      	movne	r3, #64	@ 0x40
10004300:	f44f 6380 	moveq.w	r3, #1024	@ 0x400
10004304:	4293      	cmp	r3, r2
10004306:	d305      	bcc.n	10004314 <tu_edpt_validate+0x44>
10004308:	2001      	movs	r0, #1
1000430a:	4770      	bx	lr
1000430c:	2902      	cmp	r1, #2
1000430e:	d00a      	beq.n	10004326 <tu_edpt_validate+0x56>
10004310:	2a40      	cmp	r2, #64	@ 0x40
10004312:	d9f9      	bls.n	10004308 <tu_edpt_validate+0x38>
10004314:	f04f 23e0 	mov.w	r3, #3758153728	@ 0xe000e000
10004318:	f8d3 3df0 	ldr.w	r3, [r3, #3568]	@ 0xdf0
1000431c:	07db      	lsls	r3, r3, #31
1000431e:	d500      	bpl.n	10004322 <tu_edpt_validate+0x52>
10004320:	be00      	bkpt	0x0000
10004322:	2000      	movs	r0, #0
10004324:	4770      	bx	lr
10004326:	f5b2 7f00 	cmp.w	r2, #512	@ 0x200
1000432a:	d0ed      	beq.n	10004308 <tu_edpt_validate+0x38>
1000432c:	e7f2      	b.n	10004314 <tu_edpt_validate+0x44>
1000432e:	bf00      	nop

10004330 <tu_edpt_bind_driver>:
10004330:	440a      	add	r2, r1
10004332:	4291      	cmp	r1, r2
10004334:	d225      	bcs.n	10004382 <tu_edpt_bind_driver+0x52>
10004336:	f891 c001 	ldrb.w	ip, [r1, #1]
1000433a:	f1bc 0f05 	cmp.w	ip, #5
1000433e:	d005      	beq.n	1000434c <tu_edpt_bind_driver+0x1c>
10004340:	f891 c000 	ldrb.w	ip, [r1]
10004344:	4461      	add	r1, ip
10004346:	428a      	cmp	r2, r1
10004348:	d8f5      	bhi.n	10004336 <tu_edpt_bind_driver+0x6>
1000434a:	4770      	bx	lr
1000434c:	b500      	push	{lr}
1000434e:	f891 c002 	ldrb.w	ip, [r1, #2]
10004352:	f00c 0e7f 	and.w	lr, ip, #127	@ 0x7f
10004356:	eb00 0e4e 	add.w	lr, r0, lr, lsl #1
1000435a:	ea4f 1cdc 	mov.w	ip, ip, lsr #7
1000435e:	f80e 300c 	strb.w	r3, [lr, ip]
10004362:	f891 c000 	ldrb.w	ip, [r1]
10004366:	4461      	add	r1, ip
10004368:	428a      	cmp	r2, r1
1000436a:	d909      	bls.n	10004380 <tu_edpt_bind_driver+0x50>
1000436c:	f891 c001 	ldrb.w	ip, [r1, #1]
10004370:	f1bc 0f05 	cmp.w	ip, #5
10004374:	d0eb      	beq.n	1000434e <tu_edpt_bind_driver+0x1e>
10004376:	f891 c000 	ldrb.w	ip, [r1]
1000437a:	4461      	add	r1, ip
1000437c:	428a      	cmp	r2, r1
1000437e:	d8f5      	bhi.n	1000436c <tu_edpt_bind_driver+0x3c>
10004380:	bd00      	pop	{pc}
10004382:	4770      	bx	lr

10004384 <tu_edpt_stream_init>:
10004384:	b570      	push	{r4, r5, r6, lr}
10004386:	b084      	sub	sp, #16
10004388:	9300      	str	r3, [sp, #0]
1000438a:	f890 c000 	ldrb.w	ip, [r0]
1000438e:	4616      	mov	r6, r2
10004390:	f361 0c00 	bfi	ip, r1, #0, #1
10004394:	f8bd 2024 	ldrh.w	r2, [sp, #36]	@ 0x24
10004398:	4604      	mov	r4, r0
1000439a:	2301      	movs	r3, #1
1000439c:	9908      	ldr	r1, [sp, #32]
1000439e:	f800 cb08 	strb.w	ip, [r0], #8
100043a2:	f8bd 502c 	ldrh.w	r5, [sp, #44]	@ 0x2c
100043a6:	9203      	str	r2, [sp, #12]
100043a8:	f000 f8f2 	bl	10004590 <tu_fifo_config>
100043ac:	9b08      	ldr	r3, [sp, #32]
100043ae:	b10b      	cbz	r3, 100043b4 <tu_edpt_stream_init+0x30>
100043b0:	9a03      	ldr	r2, [sp, #12]
100043b2:	b92a      	cbnz	r2, 100043c0 <tu_edpt_stream_init+0x3c>
100043b4:	2001      	movs	r0, #1
100043b6:	9b0a      	ldr	r3, [sp, #40]	@ 0x28
100043b8:	8065      	strh	r5, [r4, #2]
100043ba:	6063      	str	r3, [r4, #4]
100043bc:	b004      	add	sp, #16
100043be:	bd70      	pop	{r4, r5, r6, pc}
100043c0:	f104 001c 	add.w	r0, r4, #28
100043c4:	9003      	str	r0, [sp, #12]
100043c6:	f7fc fe97 	bl	100010f8 <mutex_init>
100043ca:	9803      	ldr	r0, [sp, #12]
100043cc:	b91e      	cbnz	r6, 100043d6 <tu_edpt_stream_init+0x52>
100043ce:	4633      	mov	r3, r6
100043d0:	e9c4 3005 	strd	r3, r0, [r4, #20]
100043d4:	e7ee      	b.n	100043b4 <tu_edpt_stream_init+0x30>
100043d6:	4603      	mov	r3, r0
100043d8:	2000      	movs	r0, #0
100043da:	e7f9      	b.n	100043d0 <tu_edpt_stream_init+0x4c>

100043dc <tu_edpt_stream_deinit>:
100043dc:	2001      	movs	r0, #1
100043de:	4770      	bx	lr

100043e0 <tu_edpt_stream_write_zlp_if_needed>:
100043e0:	b570      	push	{r4, r5, r6, lr}
100043e2:	4606      	mov	r6, r0
100043e4:	4608      	mov	r0, r1
100043e6:	f240 13ff 	movw	r3, #511	@ 0x1ff
100043ea:	460c      	mov	r4, r1
100043ec:	f810 1b08 	ldrb.w	r1, [r0], #8
100043f0:	b082      	sub	sp, #8
100043f2:	f011 0f02 	tst.w	r1, #2
100043f6:	9201      	str	r2, [sp, #4]
100043f8:	bf0c      	ite	eq
100043fa:	253f      	moveq	r5, #63	@ 0x3f
100043fc:	461d      	movne	r5, r3
100043fe:	f000 f8f7 	bl	100045f0 <tu_fifo_count>
10004402:	9a01      	ldr	r2, [sp, #4]
10004404:	b928      	cbnz	r0, 10004412 <tu_edpt_stream_write_zlp_if_needed+0x32>
10004406:	b122      	cbz	r2, 10004412 <tu_edpt_stream_write_zlp_if_needed+0x32>
10004408:	4215      	tst	r5, r2
1000440a:	d102      	bne.n	10004412 <tu_edpt_stream_write_zlp_if_needed+0x32>
1000440c:	7823      	ldrb	r3, [r4, #0]
1000440e:	07da      	lsls	r2, r3, #31
10004410:	d502      	bpl.n	10004418 <tu_edpt_stream_write_zlp_if_needed+0x38>
10004412:	2000      	movs	r0, #0
10004414:	b002      	add	sp, #8
10004416:	bd70      	pop	{r4, r5, r6, pc}
10004418:	4630      	mov	r0, r6
1000441a:	7861      	ldrb	r1, [r4, #1]
1000441c:	f7ff f972 	bl	10003704 <usbd_edpt_claim>
10004420:	2800      	cmp	r0, #0
10004422:	d0f6      	beq.n	10004412 <tu_edpt_stream_write_zlp_if_needed+0x32>
10004424:	7823      	ldrb	r3, [r4, #0]
10004426:	f013 0301 	ands.w	r3, r3, #1
1000442a:	d007      	beq.n	1000443c <tu_edpt_stream_write_zlp_if_needed+0x5c>
1000442c:	f04f 23e0 	mov.w	r3, #3758153728	@ 0xe000e000
10004430:	f8d3 3df0 	ldr.w	r3, [r3, #3568]	@ 0xdf0
10004434:	07db      	lsls	r3, r3, #31
10004436:	d5ec      	bpl.n	10004412 <tu_edpt_stream_write_zlp_if_needed+0x32>
10004438:	be00      	bkpt	0x0000
1000443a:	e7ea      	b.n	10004412 <tu_edpt_stream_write_zlp_if_needed+0x32>
1000443c:	461a      	mov	r2, r3
1000443e:	4630      	mov	r0, r6
10004440:	7861      	ldrb	r1, [r4, #1]
10004442:	f7ff f983 	bl	1000374c <usbd_edpt_xfer>
10004446:	2800      	cmp	r0, #0
10004448:	d1e4      	bne.n	10004414 <tu_edpt_stream_write_zlp_if_needed+0x34>
1000444a:	e7ef      	b.n	1000442c <tu_edpt_stream_write_zlp_if_needed+0x4c>

1000444c <tu_edpt_stream_write_xfer>:
1000444c:	b570      	push	{r4, r5, r6, lr}
1000444e:	4605      	mov	r5, r0
10004450:	b082      	sub	sp, #8
10004452:	f101 0008 	add.w	r0, r1, #8
10004456:	460c      	mov	r4, r1
10004458:	f000 f8ca 	bl	100045f0 <tu_fifo_count>
1000445c:	b110      	cbz	r0, 10004464 <tu_edpt_stream_write_xfer+0x18>
1000445e:	7823      	ldrb	r3, [r4, #0]
10004460:	07da      	lsls	r2, r3, #31
10004462:	d502      	bpl.n	1000446a <tu_edpt_stream_write_xfer+0x1e>
10004464:	2000      	movs	r0, #0
10004466:	b002      	add	sp, #8
10004468:	bd70      	pop	{r4, r5, r6, pc}
1000446a:	4628      	mov	r0, r5
1000446c:	7861      	ldrb	r1, [r4, #1]
1000446e:	f7ff f949 	bl	10003704 <usbd_edpt_claim>
10004472:	2800      	cmp	r0, #0
10004474:	d0f6      	beq.n	10004464 <tu_edpt_stream_write_xfer+0x18>
10004476:	8862      	ldrh	r2, [r4, #2]
10004478:	6861      	ldr	r1, [r4, #4]
1000447a:	f104 0008 	add.w	r0, r4, #8
1000447e:	f000 f931 	bl	100046e4 <tu_fifo_read_n>
10004482:	7822      	ldrb	r2, [r4, #0]
10004484:	4603      	mov	r3, r0
10004486:	f002 0201 	and.w	r2, r2, #1
1000448a:	b140      	cbz	r0, 1000449e <tu_edpt_stream_write_xfer+0x52>
1000448c:	b172      	cbz	r2, 100044ac <tu_edpt_stream_write_xfer+0x60>
1000448e:	f04f 23e0 	mov.w	r3, #3758153728	@ 0xe000e000
10004492:	f8d3 3df0 	ldr.w	r3, [r3, #3568]	@ 0xdf0
10004496:	07db      	lsls	r3, r3, #31
10004498:	d5e4      	bpl.n	10004464 <tu_edpt_stream_write_xfer+0x18>
1000449a:	be00      	bkpt	0x0000
1000449c:	e7e2      	b.n	10004464 <tu_edpt_stream_write_xfer+0x18>
1000449e:	2a00      	cmp	r2, #0
100044a0:	d1e0      	bne.n	10004464 <tu_edpt_stream_write_xfer+0x18>
100044a2:	4628      	mov	r0, r5
100044a4:	7861      	ldrb	r1, [r4, #1]
100044a6:	f7ff f93f 	bl	10003728 <usbd_edpt_release>
100044aa:	e7db      	b.n	10004464 <tu_edpt_stream_write_xfer+0x18>
100044ac:	9001      	str	r0, [sp, #4]
100044ae:	6862      	ldr	r2, [r4, #4]
100044b0:	4628      	mov	r0, r5
100044b2:	7861      	ldrb	r1, [r4, #1]
100044b4:	f7ff f94a 	bl	1000374c <usbd_edpt_xfer>
100044b8:	2800      	cmp	r0, #0
100044ba:	d0e8      	beq.n	1000448e <tu_edpt_stream_write_xfer+0x42>
100044bc:	9801      	ldr	r0, [sp, #4]
100044be:	e7d2      	b.n	10004466 <tu_edpt_stream_write_xfer+0x1a>

100044c0 <tu_edpt_stream_read_xfer>:
100044c0:	e92d 41f0 	stmdb	sp!, {r4, r5, r6, r7, r8, lr}
100044c4:	898a      	ldrh	r2, [r1, #12]
100044c6:	460c      	mov	r4, r1
100044c8:	4605      	mov	r5, r0
100044ca:	780b      	ldrb	r3, [r1, #0]
100044cc:	b082      	sub	sp, #8
100044ce:	b92a      	cbnz	r2, 100044dc <tu_edpt_stream_read_xfer+0x1c>
100044d0:	07de      	lsls	r6, r3, #31
100044d2:	d537      	bpl.n	10004544 <tu_edpt_stream_read_xfer+0x84>
100044d4:	2000      	movs	r0, #0
100044d6:	b002      	add	sp, #8
100044d8:	e8bd 81f0 	ldmia.w	sp!, {r4, r5, r6, r7, r8, pc}
100044dc:	0799      	lsls	r1, r3, #30
100044de:	f104 0008 	add.w	r0, r4, #8
100044e2:	bf47      	ittee	mi
100044e4:	f44f 487e 	movmi.w	r8, #65024	@ 0xfe00
100044e8:	f44f 7600 	movmi.w	r6, #512	@ 0x200
100044ec:	f64f 78c0 	movwpl	r8, #65472	@ 0xffc0
100044f0:	2640      	movpl	r6, #64	@ 0x40
100044f2:	f000 f897 	bl	10004624 <tu_fifo_remaining>
100044f6:	4286      	cmp	r6, r0
100044f8:	f104 0708 	add.w	r7, r4, #8
100044fc:	d8ea      	bhi.n	100044d4 <tu_edpt_stream_read_xfer+0x14>
100044fe:	7823      	ldrb	r3, [r4, #0]
10004500:	07da      	lsls	r2, r3, #31
10004502:	d4e7      	bmi.n	100044d4 <tu_edpt_stream_read_xfer+0x14>
10004504:	4628      	mov	r0, r5
10004506:	7861      	ldrb	r1, [r4, #1]
10004508:	f7ff f8fc 	bl	10003704 <usbd_edpt_claim>
1000450c:	2800      	cmp	r0, #0
1000450e:	d0e1      	beq.n	100044d4 <tu_edpt_stream_read_xfer+0x14>
10004510:	4638      	mov	r0, r7
10004512:	f000 f887 	bl	10004624 <tu_fifo_remaining>
10004516:	7823      	ldrb	r3, [r4, #0]
10004518:	4286      	cmp	r6, r0
1000451a:	f003 0301 	and.w	r3, r3, #1
1000451e:	d82e      	bhi.n	1000457e <tu_edpt_stream_read_xfer+0xbe>
10004520:	b9c3      	cbnz	r3, 10004554 <tu_edpt_stream_read_xfer+0x94>
10004522:	8863      	ldrh	r3, [r4, #2]
10004524:	ea08 0200 	and.w	r2, r8, r0
10004528:	4293      	cmp	r3, r2
1000452a:	bf28      	it	cs
1000452c:	4613      	movcs	r3, r2
1000452e:	7861      	ldrb	r1, [r4, #1]
10004530:	2b00      	cmp	r3, #0
10004532:	d02b      	beq.n	1000458c <tu_edpt_stream_read_xfer+0xcc>
10004534:	6862      	ldr	r2, [r4, #4]
10004536:	4628      	mov	r0, r5
10004538:	9301      	str	r3, [sp, #4]
1000453a:	f7ff f907 	bl	1000374c <usbd_edpt_xfer>
1000453e:	b148      	cbz	r0, 10004554 <tu_edpt_stream_read_xfer+0x94>
10004540:	9801      	ldr	r0, [sp, #4]
10004542:	e7c8      	b.n	100044d6 <tu_edpt_stream_read_xfer+0x16>
10004544:	7849      	ldrb	r1, [r1, #1]
10004546:	f7ff f8dd 	bl	10003704 <usbd_edpt_claim>
1000454a:	2800      	cmp	r0, #0
1000454c:	d0c2      	beq.n	100044d4 <tu_edpt_stream_read_xfer+0x14>
1000454e:	7823      	ldrb	r3, [r4, #0]
10004550:	07d8      	lsls	r0, r3, #31
10004552:	d507      	bpl.n	10004564 <tu_edpt_stream_read_xfer+0xa4>
10004554:	f04f 23e0 	mov.w	r3, #3758153728	@ 0xe000e000
10004558:	f8d3 3df0 	ldr.w	r3, [r3, #3568]	@ 0xdf0
1000455c:	07db      	lsls	r3, r3, #31
1000455e:	d5b9      	bpl.n	100044d4 <tu_edpt_stream_read_xfer+0x14>
10004560:	be00      	bkpt	0x0000
10004562:	e7b7      	b.n	100044d4 <tu_edpt_stream_read_xfer+0x14>
10004564:	8863      	ldrh	r3, [r4, #2]
10004566:	7861      	ldrb	r1, [r4, #1]
10004568:	b13b      	cbz	r3, 1000457a <tu_edpt_stream_read_xfer+0xba>
1000456a:	6862      	ldr	r2, [r4, #4]
1000456c:	4628      	mov	r0, r5
1000456e:	f7ff f8ed 	bl	1000374c <usbd_edpt_xfer>
10004572:	2800      	cmp	r0, #0
10004574:	d0ee      	beq.n	10004554 <tu_edpt_stream_read_xfer+0x94>
10004576:	8860      	ldrh	r0, [r4, #2]
10004578:	e7ad      	b.n	100044d6 <tu_edpt_stream_read_xfer+0x16>
1000457a:	461a      	mov	r2, r3
1000457c:	e7f6      	b.n	1000456c <tu_edpt_stream_read_xfer+0xac>
1000457e:	2b00      	cmp	r3, #0
10004580:	d1a8      	bne.n	100044d4 <tu_edpt_stream_read_xfer+0x14>
10004582:	4628      	mov	r0, r5
10004584:	7861      	ldrb	r1, [r4, #1]
10004586:	f7ff f8cf 	bl	10003728 <usbd_edpt_release>
1000458a:	e7a3      	b.n	100044d4 <tu_edpt_stream_read_xfer+0x14>
1000458c:	461a      	mov	r2, r3
1000458e:	e7d2      	b.n	10004536 <tu_edpt_stream_read_xfer+0x76>

10004590 <tu_fifo_config>:
10004590:	e92d 41f0 	stmdb	sp!, {r4, r5, r6, r7, r8, lr}
10004594:	f5b2 4f00 	cmp.w	r2, #32768	@ 0x8000
10004598:	f89d 5018 	ldrb.w	r5, [sp, #24]
1000459c:	d824      	bhi.n	100045e8 <tu_fifo_config+0x58>
1000459e:	4604      	mov	r4, r0
100045a0:	68c0      	ldr	r0, [r0, #12]
100045a2:	4698      	mov	r8, r3
100045a4:	460f      	mov	r7, r1
100045a6:	4616      	mov	r6, r2
100045a8:	b118      	cbz	r0, 100045b2 <tu_fifo_config+0x22>
100045aa:	f04f 31ff 	mov.w	r1, #4294967295	@ 0xffffffff
100045ae:	f000 fc63 	bl	10004e78 <__mutex_enter_timeout_ms_veneer>
100045b2:	6920      	ldr	r0, [r4, #16]
100045b4:	b118      	cbz	r0, 100045be <tu_fifo_config+0x2e>
100045b6:	f04f 31ff 	mov.w	r1, #4294967295	@ 0xffffffff
100045ba:	f000 fc5d 	bl	10004e78 <__mutex_enter_timeout_ms_veneer>
100045be:	2200      	movs	r2, #0
100045c0:	f3c8 030e 	ubfx	r3, r8, #0, #15
100045c4:	68e0      	ldr	r0, [r4, #12]
100045c6:	ea43 33c5 	orr.w	r3, r3, r5, lsl #15
100045ca:	8162      	strh	r2, [r4, #10]
100045cc:	6027      	str	r7, [r4, #0]
100045ce:	80a6      	strh	r6, [r4, #4]
100045d0:	80e3      	strh	r3, [r4, #6]
100045d2:	8122      	strh	r2, [r4, #8]
100045d4:	b108      	cbz	r0, 100045da <tu_fifo_config+0x4a>
100045d6:	f000 fc5b 	bl	10004e90 <__mutex_exit_veneer>
100045da:	6920      	ldr	r0, [r4, #16]
100045dc:	b108      	cbz	r0, 100045e2 <tu_fifo_config+0x52>
100045de:	f000 fc57 	bl	10004e90 <__mutex_exit_veneer>
100045e2:	2001      	movs	r0, #1
100045e4:	e8bd 81f0 	ldmia.w	sp!, {r4, r5, r6, r7, r8, pc}
100045e8:	2000      	movs	r0, #0
100045ea:	e8bd 81f0 	ldmia.w	sp!, {r4, r5, r6, r7, r8, pc}
100045ee:	bf00      	nop

100045f0 <tu_fifo_count>:
100045f0:	8903      	ldrh	r3, [r0, #8]
100045f2:	8942      	ldrh	r2, [r0, #10]
100045f4:	b29b      	uxth	r3, r3
100045f6:	b292      	uxth	r2, r2
100045f8:	8880      	ldrh	r0, [r0, #4]
100045fa:	4293      	cmp	r3, r2
100045fc:	bf36      	itet	cc
100045fe:	ebc2 0240 	rsbcc	r2, r2, r0, lsl #1
10004602:	1a9b      	subcs	r3, r3, r2
10004604:	189b      	addcc	r3, r3, r2
10004606:	b29b      	uxth	r3, r3
10004608:	4298      	cmp	r0, r3
1000460a:	bf28      	it	cs
1000460c:	4618      	movcs	r0, r3
1000460e:	4770      	bx	lr

10004610 <tu_fifo_empty>:
10004610:	8902      	ldrh	r2, [r0, #8]
10004612:	8943      	ldrh	r3, [r0, #10]
10004614:	b290      	uxth	r0, r2
10004616:	b29b      	uxth	r3, r3
10004618:	1ac0      	subs	r0, r0, r3
1000461a:	fab0 f080 	clz	r0, r0
1000461e:	0940      	lsrs	r0, r0, #5
10004620:	4770      	bx	lr
10004622:	bf00      	nop

10004624 <tu_fifo_remaining>:
10004624:	8903      	ldrh	r3, [r0, #8]
10004626:	8942      	ldrh	r2, [r0, #10]
10004628:	b29b      	uxth	r3, r3
1000462a:	8880      	ldrh	r0, [r0, #4]
1000462c:	b292      	uxth	r2, r2
1000462e:	4293      	cmp	r3, r2
10004630:	bf36      	itet	cc
10004632:	ebc2 0240 	rsbcc	r2, r2, r0, lsl #1
10004636:	1a9b      	subcs	r3, r3, r2
10004638:	189b      	addcc	r3, r3, r2
1000463a:	b29b      	uxth	r3, r3
1000463c:	4298      	cmp	r0, r3
1000463e:	bf86      	itte	hi
10004640:	1ac0      	subhi	r0, r0, r3
10004642:	b280      	uxthhi	r0, r0
10004644:	2000      	movls	r0, #0
10004646:	4770      	bx	lr

10004648 <tu_fifo_read>:
10004648:	b530      	push	{r4, r5, lr}
1000464a:	4604      	mov	r4, r0
1000464c:	6900      	ldr	r0, [r0, #16]
1000464e:	460d      	mov	r5, r1
10004650:	b083      	sub	sp, #12
10004652:	b118      	cbz	r0, 1000465c <tu_fifo_read+0x14>
10004654:	f04f 31ff 	mov.w	r1, #4294967295	@ 0xffffffff
10004658:	f000 fc0e 	bl	10004e78 <__mutex_enter_timeout_ms_veneer>
1000465c:	8922      	ldrh	r2, [r4, #8]
1000465e:	8961      	ldrh	r1, [r4, #10]
10004660:	b292      	uxth	r2, r2
10004662:	b289      	uxth	r1, r1
10004664:	88a3      	ldrh	r3, [r4, #4]
10004666:	428a      	cmp	r2, r1
10004668:	bf36      	itet	cc
1000466a:	ebc1 0043 	rsbcc	r0, r1, r3, lsl #1
1000466e:	1a50      	subcs	r0, r2, r1
10004670:	1880      	addcc	r0, r0, r2
10004672:	b280      	uxth	r0, r0
10004674:	b368      	cbz	r0, 100046d2 <tu_fifo_read+0x8a>
10004676:	4283      	cmp	r3, r0
10004678:	d209      	bcs.n	1000468e <tu_fifo_read+0x46>
1000467a:	429a      	cmp	r2, r3
1000467c:	bf2c      	ite	cs
1000467e:	1ad2      	subcs	r2, r2, r3
10004680:	18d2      	addcc	r2, r2, r3
10004682:	b291      	uxth	r1, r2
10004684:	428b      	cmp	r3, r1
10004686:	8161      	strh	r1, [r4, #10]
10004688:	d803      	bhi.n	10004692 <tu_fifo_read+0x4a>
1000468a:	1ac9      	subs	r1, r1, r3
1000468c:	b289      	uxth	r1, r1
1000468e:	428b      	cmp	r3, r1
10004690:	d9fb      	bls.n	1000468a <tu_fifo_read+0x42>
10004692:	88e2      	ldrh	r2, [r4, #6]
10004694:	6823      	ldr	r3, [r4, #0]
10004696:	f3c2 020e 	ubfx	r2, r2, #0, #15
1000469a:	fb02 3101 	mla	r1, r2, r1, r3
1000469e:	4628      	mov	r0, r5
100046a0:	f000 fb40 	bl	10004d24 <memcpy>
100046a4:	8962      	ldrh	r2, [r4, #10]
100046a6:	88a3      	ldrh	r3, [r4, #4]
100046a8:	b292      	uxth	r2, r2
100046aa:	1c51      	adds	r1, r2, #1
100046ac:	b289      	uxth	r1, r1
100046ae:	428a      	cmp	r2, r1
100046b0:	f04f 0201 	mov.w	r2, #1
100046b4:	d910      	bls.n	100046d8 <tu_fifo_read+0x90>
100046b6:	2100      	movs	r1, #0
100046b8:	fa03 f002 	lsl.w	r0, r3, r2
100046bc:	1a09      	subs	r1, r1, r0
100046be:	6920      	ldr	r0, [r4, #16]
100046c0:	8161      	strh	r1, [r4, #10]
100046c2:	b118      	cbz	r0, 100046cc <tu_fifo_read+0x84>
100046c4:	9201      	str	r2, [sp, #4]
100046c6:	f000 fbe3 	bl	10004e90 <__mutex_exit_veneer>
100046ca:	9a01      	ldr	r2, [sp, #4]
100046cc:	4610      	mov	r0, r2
100046ce:	b003      	add	sp, #12
100046d0:	bd30      	pop	{r4, r5, pc}
100046d2:	4602      	mov	r2, r0
100046d4:	8961      	ldrh	r1, [r4, #10]
100046d6:	b289      	uxth	r1, r1
100046d8:	ebb1 0f43 	cmp.w	r1, r3, lsl #1
100046dc:	ea4f 0043 	mov.w	r0, r3, lsl #1
100046e0:	dbed      	blt.n	100046be <tu_fifo_read+0x76>
100046e2:	e7eb      	b.n	100046bc <tu_fifo_read+0x74>

100046e4 <tu_fifo_read_n>:
100046e4:	e92d 41f0 	stmdb	sp!, {r4, r5, r6, r7, r8, lr}
100046e8:	4605      	mov	r5, r0
100046ea:	6900      	ldr	r0, [r0, #16]
100046ec:	4688      	mov	r8, r1
100046ee:	b082      	sub	sp, #8
100046f0:	b128      	cbz	r0, 100046fe <tu_fifo_read_n+0x1a>
100046f2:	f04f 31ff 	mov.w	r1, #4294967295	@ 0xffffffff
100046f6:	9200      	str	r2, [sp, #0]
100046f8:	f000 fbbe 	bl	10004e78 <__mutex_enter_timeout_ms_veneer>
100046fc:	9a00      	ldr	r2, [sp, #0]
100046fe:	8929      	ldrh	r1, [r5, #8]
10004700:	896b      	ldrh	r3, [r5, #10]
10004702:	b289      	uxth	r1, r1
10004704:	b29b      	uxth	r3, r3
10004706:	88ac      	ldrh	r4, [r5, #4]
10004708:	4299      	cmp	r1, r3
1000470a:	bf36      	itet	cc
1000470c:	ebc3 0644 	rsbcc	r6, r3, r4, lsl #1
10004710:	1ace      	subcs	r6, r1, r3
10004712:	1876      	addcc	r6, r6, r1
10004714:	b2b6      	uxth	r6, r6
10004716:	2e00      	cmp	r6, #0
10004718:	d04b      	beq.n	100047b2 <tu_fifo_read_n+0xce>
1000471a:	42b4      	cmp	r4, r6
1000471c:	d341      	bcc.n	100047a2 <tu_fifo_read_n+0xbe>
1000471e:	42b2      	cmp	r2, r6
10004720:	bf28      	it	cs
10004722:	4632      	movcs	r2, r6
10004724:	429c      	cmp	r4, r3
10004726:	b296      	uxth	r6, r2
10004728:	d803      	bhi.n	10004732 <tu_fifo_read_n+0x4e>
1000472a:	1b1b      	subs	r3, r3, r4
1000472c:	b29b      	uxth	r3, r3
1000472e:	429c      	cmp	r4, r3
10004730:	d9fb      	bls.n	1000472a <tu_fifo_read_n+0x46>
10004732:	f8b5 c006 	ldrh.w	ip, [r5, #6]
10004736:	1ae0      	subs	r0, r4, r3
10004738:	6829      	ldr	r1, [r5, #0]
1000473a:	b280      	uxth	r0, r0
1000473c:	f3cc 020e 	ubfx	r2, ip, #0, #15
10004740:	4286      	cmp	r6, r0
10004742:	4617      	mov	r7, r2
10004744:	fb02 1103 	mla	r1, r2, r3, r1
10004748:	d925      	bls.n	10004796 <tu_fifo_read_n+0xb2>
1000474a:	fb10 f202 	smulbb	r2, r0, r2
1000474e:	4640      	mov	r0, r8
10004750:	b292      	uxth	r2, r2
10004752:	9301      	str	r3, [sp, #4]
10004754:	9200      	str	r2, [sp, #0]
10004756:	f000 fae5 	bl	10004d24 <memcpy>
1000475a:	9b01      	ldr	r3, [sp, #4]
1000475c:	9a00      	ldr	r2, [sp, #0]
1000475e:	1b34      	subs	r4, r6, r4
10004760:	4423      	add	r3, r4
10004762:	eb08 0002 	add.w	r0, r8, r2
10004766:	fb13 f207 	smulbb	r2, r3, r7
1000476a:	6829      	ldr	r1, [r5, #0]
1000476c:	b292      	uxth	r2, r2
1000476e:	f000 fad9 	bl	10004d24 <memcpy>
10004772:	896a      	ldrh	r2, [r5, #10]
10004774:	88ac      	ldrh	r4, [r5, #4]
10004776:	b292      	uxth	r2, r2
10004778:	1993      	adds	r3, r2, r6
1000477a:	b29b      	uxth	r3, r3
1000477c:	429a      	cmp	r2, r3
1000477e:	d91a      	bls.n	100047b6 <tu_fifo_read_n+0xd2>
10004780:	0062      	lsls	r2, r4, #1
10004782:	1a9b      	subs	r3, r3, r2
10004784:	6928      	ldr	r0, [r5, #16]
10004786:	816b      	strh	r3, [r5, #10]
10004788:	b108      	cbz	r0, 1000478e <tu_fifo_read_n+0xaa>
1000478a:	f000 fb81 	bl	10004e90 <__mutex_exit_veneer>
1000478e:	4630      	mov	r0, r6
10004790:	b002      	add	sp, #8
10004792:	e8bd 81f0 	ldmia.w	sp!, {r4, r5, r6, r7, r8, pc}
10004796:	4640      	mov	r0, r8
10004798:	fb06 f202 	mul.w	r2, r6, r2
1000479c:	f000 fac2 	bl	10004d24 <memcpy>
100047a0:	e7e7      	b.n	10004772 <tu_fifo_read_n+0x8e>
100047a2:	42a1      	cmp	r1, r4
100047a4:	bf2c      	ite	cs
100047a6:	1b09      	subcs	r1, r1, r4
100047a8:	1909      	addcc	r1, r1, r4
100047aa:	b28b      	uxth	r3, r1
100047ac:	4626      	mov	r6, r4
100047ae:	816b      	strh	r3, [r5, #10]
100047b0:	e7b5      	b.n	1000471e <tu_fifo_read_n+0x3a>
100047b2:	896b      	ldrh	r3, [r5, #10]
100047b4:	b29b      	uxth	r3, r3
100047b6:	ebb3 0f44 	cmp.w	r3, r4, lsl #1
100047ba:	ea4f 0244 	mov.w	r2, r4, lsl #1
100047be:	dbe1      	blt.n	10004784 <tu_fifo_read_n+0xa0>
100047c0:	e7df      	b.n	10004782 <tu_fifo_read_n+0x9e>
100047c2:	bf00      	nop

100047c4 <tu_fifo_write>:
100047c4:	b570      	push	{r4, r5, r6, lr}
100047c6:	4604      	mov	r4, r0
100047c8:	68c0      	ldr	r0, [r0, #12]
100047ca:	460e      	mov	r6, r1
100047cc:	b082      	sub	sp, #8
100047ce:	b118      	cbz	r0, 100047d8 <tu_fifo_write+0x14>
100047d0:	f04f 31ff 	mov.w	r1, #4294967295	@ 0xffffffff
100047d4:	f000 fb50 	bl	10004e78 <__mutex_enter_timeout_ms_veneer>
100047d8:	8925      	ldrh	r5, [r4, #8]
100047da:	8923      	ldrh	r3, [r4, #8]
100047dc:	8961      	ldrh	r1, [r4, #10]
100047de:	b29b      	uxth	r3, r3
100047e0:	b289      	uxth	r1, r1
100047e2:	88a2      	ldrh	r2, [r4, #4]
100047e4:	428b      	cmp	r3, r1
100047e6:	bf36      	itet	cc
100047e8:	ebc1 0142 	rsbcc	r1, r1, r2, lsl #1
100047ec:	1a5b      	subcs	r3, r3, r1
100047ee:	185b      	addcc	r3, r3, r1
100047f0:	b29b      	uxth	r3, r3
100047f2:	429a      	cmp	r2, r3
100047f4:	b2ad      	uxth	r5, r5
100047f6:	d80b      	bhi.n	10004810 <tu_fifo_write+0x4c>
100047f8:	79e1      	ldrb	r1, [r4, #7]
100047fa:	09c9      	lsrs	r1, r1, #7
100047fc:	d108      	bne.n	10004810 <tu_fifo_write+0x4c>
100047fe:	68e0      	ldr	r0, [r4, #12]
10004800:	b118      	cbz	r0, 1000480a <tu_fifo_write+0x46>
10004802:	9101      	str	r1, [sp, #4]
10004804:	f000 fb44 	bl	10004e90 <__mutex_exit_veneer>
10004808:	9901      	ldr	r1, [sp, #4]
1000480a:	4608      	mov	r0, r1
1000480c:	b002      	add	sp, #8
1000480e:	bd70      	pop	{r4, r5, r6, pc}
10004810:	4295      	cmp	r5, r2
10004812:	bf28      	it	cs
10004814:	462b      	movcs	r3, r5
10004816:	d317      	bcc.n	10004848 <tu_fifo_write+0x84>
10004818:	1a9b      	subs	r3, r3, r2
1000481a:	b29b      	uxth	r3, r3
1000481c:	4293      	cmp	r3, r2
1000481e:	d2fb      	bcs.n	10004818 <tu_fifo_write+0x54>
10004820:	88e2      	ldrh	r2, [r4, #6]
10004822:	6820      	ldr	r0, [r4, #0]
10004824:	f3c2 020e 	ubfx	r2, r2, #0, #15
10004828:	fb02 0003 	mla	r0, r2, r3, r0
1000482c:	4631      	mov	r1, r6
1000482e:	f000 fa79 	bl	10004d24 <memcpy>
10004832:	1c6b      	adds	r3, r5, #1
10004834:	b29b      	uxth	r3, r3
10004836:	429d      	cmp	r5, r3
10004838:	88a2      	ldrh	r2, [r4, #4]
1000483a:	d911      	bls.n	10004860 <tu_fifo_write+0x9c>
1000483c:	2300      	movs	r3, #0
1000483e:	0051      	lsls	r1, r2, #1
10004840:	1a5b      	subs	r3, r3, r1
10004842:	2101      	movs	r1, #1
10004844:	8123      	strh	r3, [r4, #8]
10004846:	e7da      	b.n	100047fe <tu_fifo_write+0x3a>
10004848:	88e2      	ldrh	r2, [r4, #6]
1000484a:	6820      	ldr	r0, [r4, #0]
1000484c:	f3c2 020e 	ubfx	r2, r2, #0, #15
10004850:	fb05 0002 	mla	r0, r5, r2, r0
10004854:	4631      	mov	r1, r6
10004856:	f000 fa65 	bl	10004d24 <memcpy>
1000485a:	3501      	adds	r5, #1
1000485c:	88a2      	ldrh	r2, [r4, #4]
1000485e:	b2ab      	uxth	r3, r5
10004860:	ebb3 0f42 	cmp.w	r3, r2, lsl #1
10004864:	ea4f 0142 	mov.w	r1, r2, lsl #1
10004868:	dbeb      	blt.n	10004842 <tu_fifo_write+0x7e>
1000486a:	e7e9      	b.n	10004840 <tu_fifo_write+0x7c>

1000486c <tu_fifo_write_n>:
1000486c:	e92d 47f0 	stmdb	sp!, {r4, r5, r6, r7, r8, r9, sl, lr}
10004870:	4615      	mov	r5, r2
10004872:	b082      	sub	sp, #8
10004874:	2a00      	cmp	r2, #0
10004876:	d04a      	beq.n	1000490e <tu_fifo_write_n+0xa2>
10004878:	4604      	mov	r4, r0
1000487a:	68c0      	ldr	r0, [r0, #12]
1000487c:	4688      	mov	r8, r1
1000487e:	b118      	cbz	r0, 10004888 <tu_fifo_write_n+0x1c>
10004880:	f04f 31ff 	mov.w	r1, #4294967295	@ 0xffffffff
10004884:	f000 faf8 	bl	10004e78 <__mutex_enter_timeout_ms_veneer>
10004888:	79e1      	ldrb	r1, [r4, #7]
1000488a:	8926      	ldrh	r6, [r4, #8]
1000488c:	8963      	ldrh	r3, [r4, #10]
1000488e:	09c9      	lsrs	r1, r1, #7
10004890:	88a2      	ldrh	r2, [r4, #4]
10004892:	b2b6      	uxth	r6, r6
10004894:	b29b      	uxth	r3, r3
10004896:	d13e      	bne.n	10004916 <tu_fifo_write_n+0xaa>
10004898:	429e      	cmp	r6, r3
1000489a:	bf36      	itet	cc
1000489c:	ebc3 0342 	rsbcc	r3, r3, r2, lsl #1
100048a0:	1af3      	subcs	r3, r6, r3
100048a2:	199b      	addcc	r3, r3, r6
100048a4:	b29b      	uxth	r3, r3
100048a6:	4293      	cmp	r3, r2
100048a8:	d253      	bcs.n	10004952 <tu_fifo_write_n+0xe6>
100048aa:	1ad3      	subs	r3, r2, r3
100048ac:	b29b      	uxth	r3, r3
100048ae:	42ab      	cmp	r3, r5
100048b0:	bf28      	it	cs
100048b2:	462b      	movcs	r3, r5
100048b4:	b29d      	uxth	r5, r3
100048b6:	1973      	adds	r3, r6, r5
100048b8:	f8b4 c006 	ldrh.w	ip, [r4, #6]
100048bc:	fa1f f983 	uxth.w	r9, r3
100048c0:	eba5 0a02 	sub.w	sl, r5, r2
100048c4:	4296      	cmp	r6, r2
100048c6:	4633      	mov	r3, r6
100048c8:	d303      	bcc.n	100048d2 <tu_fifo_write_n+0x66>
100048ca:	1a9b      	subs	r3, r3, r2
100048cc:	b29b      	uxth	r3, r3
100048ce:	4293      	cmp	r3, r2
100048d0:	d2fb      	bcs.n	100048ca <tu_fifo_write_n+0x5e>
100048d2:	1ad2      	subs	r2, r2, r3
100048d4:	b291      	uxth	r1, r2
100048d6:	6820      	ldr	r0, [r4, #0]
100048d8:	f3cc 020e 	ubfx	r2, ip, #0, #15
100048dc:	42a9      	cmp	r1, r5
100048de:	4617      	mov	r7, r2
100048e0:	fb02 0003 	mla	r0, r2, r3, r0
100048e4:	d352      	bcc.n	1000498c <tu_fifo_write_n+0x120>
100048e6:	4641      	mov	r1, r8
100048e8:	fb05 f202 	mul.w	r2, r5, r2
100048ec:	f000 fa1a 	bl	10004d24 <memcpy>
100048f0:	88a3      	ldrh	r3, [r4, #4]
100048f2:	454e      	cmp	r6, r9
100048f4:	ea4f 0243 	mov.w	r2, r3, lsl #1
100048f8:	d802      	bhi.n	10004900 <tu_fifo_write_n+0x94>
100048fa:	ebb9 0f43 	cmp.w	r9, r3, lsl #1
100048fe:	db01      	blt.n	10004904 <tu_fifo_write_n+0x98>
10004900:	eba9 0902 	sub.w	r9, r9, r2
10004904:	68e0      	ldr	r0, [r4, #12]
10004906:	462a      	mov	r2, r5
10004908:	f8a4 9008 	strh.w	r9, [r4, #8]
1000490c:	bb28      	cbnz	r0, 1000495a <tu_fifo_write_n+0xee>
1000490e:	4610      	mov	r0, r2
10004910:	b002      	add	sp, #8
10004912:	e8bd 87f0 	ldmia.w	sp!, {r4, r5, r6, r7, r8, r9, sl, pc}
10004916:	4295      	cmp	r5, r2
10004918:	d227      	bcs.n	1000496a <tu_fifo_write_n+0xfe>
1000491a:	429e      	cmp	r6, r3
1000491c:	bf36      	itet	cc
1000491e:	ebc3 0142 	rsbcc	r1, r3, r2, lsl #1
10004922:	1af1      	subcs	r1, r6, r3
10004924:	1989      	addcc	r1, r1, r6
10004926:	b289      	uxth	r1, r1
10004928:	0050      	lsls	r0, r2, #1
1000492a:	4429      	add	r1, r5
1000492c:	1aaf      	subs	r7, r5, r2
1000492e:	4281      	cmp	r1, r0
10004930:	46ba      	mov	sl, r7
10004932:	db08      	blt.n	10004946 <tu_fifo_write_n+0xda>
10004934:	1899      	adds	r1, r3, r2
10004936:	b289      	uxth	r1, r1
10004938:	1b4e      	subs	r6, r1, r5
1000493a:	b2b6      	uxth	r6, r6
1000493c:	42b3      	cmp	r3, r6
1000493e:	4689      	mov	r9, r1
10004940:	d938      	bls.n	100049b4 <tu_fifo_write_n+0x148>
10004942:	1a30      	subs	r0, r6, r0
10004944:	b286      	uxth	r6, r0
10004946:	19ab      	adds	r3, r5, r6
10004948:	fa1f f983 	uxth.w	r9, r3
1000494c:	f8b4 c006 	ldrh.w	ip, [r4, #6]
10004950:	e7b8      	b.n	100048c4 <tu_fifo_write_n+0x58>
10004952:	2200      	movs	r2, #0
10004954:	68e0      	ldr	r0, [r4, #12]
10004956:	2800      	cmp	r0, #0
10004958:	d0d9      	beq.n	1000490e <tu_fifo_write_n+0xa2>
1000495a:	9200      	str	r2, [sp, #0]
1000495c:	f000 fa98 	bl	10004e90 <__mutex_exit_veneer>
10004960:	9a00      	ldr	r2, [sp, #0]
10004962:	4610      	mov	r0, r2
10004964:	b002      	add	sp, #8
10004966:	e8bd 87f0 	ldmia.w	sp!, {r4, r5, r6, r7, r8, r9, sl, pc}
1000496a:	2a00      	cmp	r2, #0
1000496c:	d0f2      	beq.n	10004954 <tu_fifo_write_n+0xe8>
1000496e:	f8b4 c006 	ldrh.w	ip, [r4, #6]
10004972:	1aad      	subs	r5, r5, r2
10004974:	1899      	adds	r1, r3, r2
10004976:	461e      	mov	r6, r3
10004978:	f3cc 030e 	ubfx	r3, ip, #0, #15
1000497c:	fb03 8805 	mla	r8, r3, r5, r8
10004980:	f04f 0a00 	mov.w	sl, #0
10004984:	4615      	mov	r5, r2
10004986:	fa1f f981 	uxth.w	r9, r1
1000498a:	e79b      	b.n	100048c4 <tu_fifo_write_n+0x58>
1000498c:	fb11 f202 	smulbb	r2, r1, r2
10004990:	4641      	mov	r1, r8
10004992:	b292      	uxth	r2, r2
10004994:	9301      	str	r3, [sp, #4]
10004996:	9200      	str	r2, [sp, #0]
10004998:	f000 f9c4 	bl	10004d24 <memcpy>
1000499c:	9b01      	ldr	r3, [sp, #4]
1000499e:	9a00      	ldr	r2, [sp, #0]
100049a0:	4453      	add	r3, sl
100049a2:	fb13 f307 	smulbb	r3, r3, r7
100049a6:	eb08 0102 	add.w	r1, r8, r2
100049aa:	6820      	ldr	r0, [r4, #0]
100049ac:	b29a      	uxth	r2, r3
100049ae:	f000 f9b9 	bl	10004d24 <memcpy>
100049b2:	e79d      	b.n	100048f0 <tu_fifo_write_n+0x84>
100049b4:	42b0      	cmp	r0, r6
100049b6:	ddc4      	ble.n	10004942 <tu_fifo_write_n+0xd6>
100049b8:	e7c8      	b.n	1000494c <tu_fifo_write_n+0xe0>
100049ba:	bf00      	nop

100049bc <tu_fifo_clear>:
100049bc:	b510      	push	{r4, lr}
100049be:	4604      	mov	r4, r0
100049c0:	68c0      	ldr	r0, [r0, #12]
100049c2:	b118      	cbz	r0, 100049cc <tu_fifo_clear+0x10>
100049c4:	f04f 31ff 	mov.w	r1, #4294967295	@ 0xffffffff
100049c8:	f000 fa56 	bl	10004e78 <__mutex_enter_timeout_ms_veneer>
100049cc:	6920      	ldr	r0, [r4, #16]
100049ce:	b118      	cbz	r0, 100049d8 <tu_fifo_clear+0x1c>
100049d0:	f04f 31ff 	mov.w	r1, #4294967295	@ 0xffffffff
100049d4:	f000 fa50 	bl	10004e78 <__mutex_enter_timeout_ms_veneer>
100049d8:	2300      	movs	r3, #0
100049da:	68e0      	ldr	r0, [r4, #12]
100049dc:	8163      	strh	r3, [r4, #10]
100049de:	8123      	strh	r3, [r4, #8]
100049e0:	b108      	cbz	r0, 100049e6 <tu_fifo_clear+0x2a>
100049e2:	f000 fa55 	bl	10004e90 <__mutex_exit_veneer>
100049e6:	6920      	ldr	r0, [r4, #16]
100049e8:	b108      	cbz	r0, 100049ee <tu_fifo_clear+0x32>
100049ea:	f000 fa51 	bl	10004e90 <__mutex_exit_veneer>
100049ee:	2001      	movs	r0, #1
100049f0:	bd10      	pop	{r4, pc}
100049f2:	bf00      	nop

100049f4 <tu_fifo_set_overwritable>:
100049f4:	b538      	push	{r3, r4, r5, lr}
100049f6:	4604      	mov	r4, r0
100049f8:	68c0      	ldr	r0, [r0, #12]
100049fa:	460d      	mov	r5, r1
100049fc:	b118      	cbz	r0, 10004a06 <tu_fifo_set_overwritable+0x12>
100049fe:	f04f 31ff 	mov.w	r1, #4294967295	@ 0xffffffff
10004a02:	f000 fa39 	bl	10004e78 <__mutex_enter_timeout_ms_veneer>
10004a06:	6920      	ldr	r0, [r4, #16]
10004a08:	b118      	cbz	r0, 10004a12 <tu_fifo_set_overwritable+0x1e>
10004a0a:	f04f 31ff 	mov.w	r1, #4294967295	@ 0xffffffff
10004a0e:	f000 fa33 	bl	10004e78 <__mutex_enter_timeout_ms_veneer>
10004a12:	79e3      	ldrb	r3, [r4, #7]
10004a14:	68e0      	ldr	r0, [r4, #12]
10004a16:	f365 13c7 	bfi	r3, r5, #7, #1
10004a1a:	71e3      	strb	r3, [r4, #7]
10004a1c:	b108      	cbz	r0, 10004a22 <tu_fifo_set_overwritable+0x2e>
10004a1e:	f000 fa37 	bl	10004e90 <__mutex_exit_veneer>
10004a22:	6920      	ldr	r0, [r4, #16]
10004a24:	b108      	cbz	r0, 10004a2a <tu_fifo_set_overwritable+0x36>
10004a26:	f000 fa33 	bl	10004e90 <__mutex_exit_veneer>
10004a2a:	2001      	movs	r0, #1
10004a2c:	bd38      	pop	{r3, r4, r5, pc}
10004a2e:	bf00      	nop

10004a30 <dma_channel_unclaim>:
10004a30:	4601      	mov	r1, r0
10004a32:	4801      	ldr	r0, [pc, #4]	@ (10004a38 <dma_channel_unclaim+0x8>)
10004a34:	f7fb bfc6 	b.w	100009c4 <hw_claim_clear>
10004a38:	2000592e 	.word	0x2000592e

10004a3c <dma_claim_unused_channel>:
10004a3c:	b500      	push	{lr}
10004a3e:	f8df c01c 	ldr.w	ip, [pc, #28]	@ 10004a5c <dma_claim_unused_channel+0x20>
10004a42:	b083      	sub	sp, #12
10004a44:	4601      	mov	r1, r0
10004a46:	230f      	movs	r3, #15
10004a48:	2200      	movs	r2, #0
10004a4a:	f8cd c000 	str.w	ip, [sp]
10004a4e:	4802      	ldr	r0, [pc, #8]	@ (10004a58 <dma_claim_unused_channel+0x1c>)
10004a50:	f7fb ff76 	bl	10000940 <hw_claim_unused_from_range>
10004a54:	b003      	add	sp, #12
10004a56:	bd00      	pop	{pc}
10004a58:	2000592e 	.word	0x2000592e
10004a5c:	10005088 	.word	0x10005088

10004a60 <pio_add_program>:
10004a60:	e92d 47f0 	stmdb	sp!, {r4, r5, r6, r7, r8, r9, sl, lr}
10004a64:	4688      	mov	r8, r1
10004a66:	4605      	mov	r5, r0
10004a68:	f7fb ff22 	bl	100008b0 <hw_claim_lock>
10004a6c:	2201      	movs	r2, #1
10004a6e:	f898 e004 	ldrb.w	lr, [r8, #4]
10004a72:	4681      	mov	r9, r0
10004a74:	f998 c005 	ldrsb.w	ip, [r8, #5]
10004a78:	f105 402f 	add.w	r0, r5, #2936012800	@ 0xaf000000
10004a7c:	4f39      	ldr	r7, [pc, #228]	@ (10004b64 <pio_add_program+0x104>)
10004a7e:	f500 0060 	add.w	r0, r0, #14680064	@ 0xe00000
10004a82:	fa02 f20e 	lsl.w	r2, r2, lr
10004a86:	0d00      	lsrs	r0, r0, #20
10004a88:	f1bc 0f00 	cmp.w	ip, #0
10004a8c:	f857 6020 	ldr.w	r6, [r7, r0, lsl #2]
10004a90:	f102 32ff 	add.w	r2, r2, #4294967295	@ 0xffffffff
10004a94:	f1ce 0420 	rsb	r4, lr, #32
10004a98:	db3b      	blt.n	10004b12 <pio_add_program+0xb2>
10004a9a:	45a4      	cmp	ip, r4
10004a9c:	dc03      	bgt.n	10004aa6 <pio_add_program+0x46>
10004a9e:	fa02 f30c 	lsl.w	r3, r2, ip
10004aa2:	4233      	tst	r3, r6
10004aa4:	d007      	beq.n	10004ab6 <pio_add_program+0x56>
10004aa6:	f04f 34ff 	mov.w	r4, #4294967295	@ 0xffffffff
10004aaa:	4648      	mov	r0, r9
10004aac:	f7fb ff12 	bl	100008d4 <hw_claim_unlock>
10004ab0:	4620      	mov	r0, r4
10004ab2:	e8bd 87f0 	ldmia.w	sp!, {r4, r5, r6, r7, r8, r9, sl, pc}
10004ab6:	f8d5 3168 	ldr.w	r3, [r5, #360]	@ 0x168
10004aba:	f898 4007 	ldrb.w	r4, [r8, #7]
10004abe:	2b00      	cmp	r3, #0
10004ac0:	d149      	bne.n	10004b56 <pio_add_program+0xf6>
10004ac2:	0763      	lsls	r3, r4, #29
10004ac4:	d437      	bmi.n	10004b36 <pio_add_program+0xd6>
10004ac6:	4664      	mov	r4, ip
10004ac8:	fa02 f30c 	lsl.w	r3, r2, ip
10004acc:	421e      	tst	r6, r3
10004ace:	469a      	mov	sl, r3
10004ad0:	d139      	bne.n	10004b46 <pio_add_program+0xe6>
10004ad2:	f1be 0f00 	cmp.w	lr, #0
10004ad6:	d012      	beq.n	10004afe <pio_add_program+0x9e>
10004ad8:	f8d8 1000 	ldr.w	r1, [r8]
10004adc:	eb01 084e 	add.w	r8, r1, lr, lsl #1
10004ae0:	46e6      	mov	lr, ip
10004ae2:	f831 3b02 	ldrh.w	r3, [r1], #2
10004ae6:	f10e 0212 	add.w	r2, lr, #18
10004aea:	f5b3 5f00 	cmp.w	r3, #8192	@ 0x2000
10004aee:	bf38      	it	cc
10004af0:	4463      	addcc	r3, ip
10004af2:	4541      	cmp	r1, r8
10004af4:	f10e 0e01 	add.w	lr, lr, #1
10004af8:	f845 3022 	str.w	r3, [r5, r2, lsl #2]
10004afc:	d1f1      	bne.n	10004ae2 <pio_add_program+0x82>
10004afe:	ea46 060a 	orr.w	r6, r6, sl
10004b02:	f847 6020 	str.w	r6, [r7, r0, lsl #2]
10004b06:	4648      	mov	r0, r9
10004b08:	f7fb fee4 	bl	100008d4 <hw_claim_unlock>
10004b0c:	4620      	mov	r0, r4
10004b0e:	e8bd 87f0 	ldmia.w	sp!, {r4, r5, r6, r7, r8, r9, sl, pc}
10004b12:	f1be 0f20 	cmp.w	lr, #32
10004b16:	dd02      	ble.n	10004b1e <pio_add_program+0xbe>
10004b18:	e015      	b.n	10004b46 <pio_add_program+0xe6>
10004b1a:	3c01      	subs	r4, #1
10004b1c:	d313      	bcc.n	10004b46 <pio_add_program+0xe6>
10004b1e:	fa02 f304 	lsl.w	r3, r2, r4
10004b22:	4233      	tst	r3, r6
10004b24:	46a4      	mov	ip, r4
10004b26:	d1f8      	bne.n	10004b1a <pio_add_program+0xba>
10004b28:	f8d5 1168 	ldr.w	r1, [r5, #360]	@ 0x168
10004b2c:	f898 3007 	ldrb.w	r3, [r8, #7]
10004b30:	b9a1      	cbnz	r1, 10004b5c <pio_add_program+0xfc>
10004b32:	075b      	lsls	r3, r3, #29
10004b34:	d5c8      	bpl.n	10004ac8 <pio_add_program+0x68>
10004b36:	f06f 040a 	mvn.w	r4, #10
10004b3a:	4648      	mov	r0, r9
10004b3c:	f7fb feca 	bl	100008d4 <hw_claim_unlock>
10004b40:	4620      	mov	r0, r4
10004b42:	e8bd 87f0 	ldmia.w	sp!, {r4, r5, r6, r7, r8, r9, sl, pc}
10004b46:	f06f 0408 	mvn.w	r4, #8
10004b4a:	4648      	mov	r0, r9
10004b4c:	f7fb fec2 	bl	100008d4 <hw_claim_unlock>
10004b50:	4620      	mov	r0, r4
10004b52:	e8bd 87f0 	ldmia.w	sp!, {r4, r5, r6, r7, r8, r9, sl, pc}
10004b56:	07e1      	lsls	r1, r4, #31
10004b58:	d5b5      	bpl.n	10004ac6 <pio_add_program+0x66>
10004b5a:	e7ec      	b.n	10004b36 <pio_add_program+0xd6>
10004b5c:	07d9      	lsls	r1, r3, #31
10004b5e:	d5b3      	bpl.n	10004ac8 <pio_add_program+0x68>
10004b60:	e7e9      	b.n	10004b36 <pio_add_program+0xd6>
10004b62:	bf00      	nop
10004b64:	20005164 	.word	0x20005164

10004b68 <pio_sm_set_consecutive_pindirs>:
10004b68:	b5f0      	push	{r4, r5, r6, r7, lr}
10004b6a:	469e      	mov	lr, r3
10004b6c:	f8d0 3168 	ldr.w	r3, [r0, #360]	@ 0x168
10004b70:	f89d 5014 	ldrb.w	r5, [sp, #20]
10004b74:	1ad2      	subs	r2, r2, r3
10004b76:	2a1f      	cmp	r2, #31
10004b78:	d839      	bhi.n	10004bee <pio_sm_set_consecutive_pindirs+0x86>
10004b7a:	460c      	mov	r4, r1
10004b7c:	f24e 0380 	movw	r3, #57472	@ 0xe080
10004b80:	f24e 019f 	movw	r1, #57503	@ 0xe09f
10004b84:	f44f 3700 	mov.w	r7, #131072	@ 0x20000
10004b88:	eb04 0c44 	add.w	ip, r4, r4, lsl #1
10004b8c:	2d00      	cmp	r5, #0
10004b8e:	bf08      	it	eq
10004b90:	4619      	moveq	r1, r3
10004b92:	eb00 03cc 	add.w	r3, r0, ip, lsl #3
10004b96:	f503 5343 	add.w	r3, r3, #12480	@ 0x30c0
10004b9a:	eb00 0ccc 	add.w	ip, r0, ip, lsl #3
10004b9e:	f1be 0f05 	cmp.w	lr, #5
10004ba2:	f8dc 60dc 	ldr.w	r6, [ip, #220]	@ 0xdc
10004ba6:	f8dc 50cc 	ldr.w	r5, [ip, #204]	@ 0xcc
10004baa:	60df      	str	r7, [r3, #12]
10004bac:	d90e      	bls.n	10004bcc <pio_sm_set_consecutive_pindirs+0x64>
10004bae:	0153      	lsls	r3, r2, #5
10004bb0:	f1ae 0e05 	sub.w	lr, lr, #5
10004bb4:	f043 53a0 	orr.w	r3, r3, #335544320	@ 0x14000000
10004bb8:	3205      	adds	r2, #5
10004bba:	f1be 0f05 	cmp.w	lr, #5
10004bbe:	f8cc 30dc 	str.w	r3, [ip, #220]	@ 0xdc
10004bc2:	f002 021f 	and.w	r2, r2, #31
10004bc6:	f8cc 10d8 	str.w	r1, [ip, #216]	@ 0xd8
10004bca:	d8f0      	bhi.n	10004bae <pio_sm_set_consecutive_pindirs+0x46>
10004bcc:	0152      	lsls	r2, r2, #5
10004bce:	eb04 0444 	add.w	r4, r4, r4, lsl #1
10004bd2:	ea42 638e 	orr.w	r3, r2, lr, lsl #26
10004bd6:	eb00 02c4 	add.w	r2, r0, r4, lsl #3
10004bda:	f8c2 30dc 	str.w	r3, [r2, #220]	@ 0xdc
10004bde:	2000      	movs	r0, #0
10004be0:	f8c2 10d8 	str.w	r1, [r2, #216]	@ 0xd8
10004be4:	f8c2 60dc 	str.w	r6, [r2, #220]	@ 0xdc
10004be8:	f8c2 50cc 	str.w	r5, [r2, #204]	@ 0xcc
10004bec:	bdf0      	pop	{r4, r5, r6, r7, pc}
10004bee:	f06f 0004 	mvn.w	r0, #4
10004bf2:	bdf0      	pop	{r4, r5, r6, r7, pc}

10004bf4 <pio_sm_init>:
10004bf4:	b5f0      	push	{r4, r5, r6, r7, lr}
10004bf6:	2401      	movs	r4, #1
10004bf8:	fa04 f501 	lsl.w	r5, r4, r1
10004bfc:	6804      	ldr	r4, [r0, #0]
10004bfe:	ea24 0405 	bic.w	r4, r4, r5
10004c02:	6004      	str	r4, [r0, #0]
10004c04:	b3a3      	cbz	r3, 10004c70 <pio_sm_init+0x7c>
10004c06:	e9d3 5601 	ldrd	r5, r6, [r3, #4]
10004c0a:	681f      	ldr	r7, [r3, #0]
10004c0c:	68dc      	ldr	r4, [r3, #12]
10004c0e:	eb01 0341 	add.w	r3, r1, r1, lsl #1
10004c12:	eb00 03c3 	add.w	r3, r0, r3, lsl #3
10004c16:	f8c3 70c8 	str.w	r7, [r3, #200]	@ 0xc8
10004c1a:	ea4f 0c41 	mov.w	ip, r1, lsl #1
10004c1e:	f8c3 60d0 	str.w	r6, [r3, #208]	@ 0xd0
10004c22:	f8c3 50cc 	str.w	r5, [r3, #204]	@ 0xcc
10004c26:	f8c3 40dc 	str.w	r4, [r3, #220]	@ 0xdc
10004c2a:	eb0c 0301 	add.w	r3, ip, r1
10004c2e:	f04f 3501 	mov.w	r5, #16843009	@ 0x1010101
10004c32:	eb00 0cc3 	add.w	ip, r0, r3, lsl #3
10004c36:	f04f 4600 	mov.w	r6, #2147483648	@ 0x80000000
10004c3a:	eb00 0ec3 	add.w	lr, r0, r3, lsl #3
10004c3e:	2301      	movs	r3, #1
10004c40:	f50e 5e86 	add.w	lr, lr, #4288	@ 0x10c0
10004c44:	1d0c      	adds	r4, r1, #4
10004c46:	f101 0708 	add.w	r7, r1, #8
10004c4a:	408d      	lsls	r5, r1
10004c4c:	f8ce 6010 	str.w	r6, [lr, #16]
10004c50:	fa03 f404 	lsl.w	r4, r3, r4
10004c54:	f8ce 6010 	str.w	r6, [lr, #16]
10004c58:	f002 021f 	and.w	r2, r2, #31
10004c5c:	6085      	str	r5, [r0, #8]
10004c5e:	40bb      	lsls	r3, r7
10004c60:	f500 5000 	add.w	r0, r0, #8192	@ 0x2000
10004c64:	6004      	str	r4, [r0, #0]
10004c66:	6003      	str	r3, [r0, #0]
10004c68:	2000      	movs	r0, #0
10004c6a:	f8cc 20d8 	str.w	r2, [ip, #216]	@ 0xd8
10004c6e:	bdf0      	pop	{r4, r5, r6, r7, pc}
10004c70:	f44f 3780 	mov.w	r7, #65536	@ 0x10000
10004c74:	f44f 2640 	mov.w	r6, #786432	@ 0xc0000
10004c78:	f44f 35f8 	mov.w	r5, #126976	@ 0x1f000
10004c7c:	eb01 0441 	add.w	r4, r1, r1, lsl #1
10004c80:	eb00 04c4 	add.w	r4, r0, r4, lsl #3
10004c84:	f8c4 70c8 	str.w	r7, [r4, #200]	@ 0xc8
10004c88:	ea4f 0c41 	mov.w	ip, r1, lsl #1
10004c8c:	f8c4 60d0 	str.w	r6, [r4, #208]	@ 0xd0
10004c90:	f8c4 50cc 	str.w	r5, [r4, #204]	@ 0xcc
10004c94:	f8c4 30dc 	str.w	r3, [r4, #220]	@ 0xdc
10004c98:	e7c7      	b.n	10004c2a <pio_sm_init+0x36>
10004c9a:	bf00      	nop

10004c9c <memset>:
10004c9c:	b530      	push	{r4, r5, lr}
10004c9e:	0784      	lsls	r4, r0, #30
10004ca0:	4686      	mov	lr, r0
10004ca2:	4603      	mov	r3, r0
10004ca4:	d006      	beq.n	10004cb4 <memset+0x18>
10004ca6:	b3a2      	cbz	r2, 10004d12 <memset+0x76>
10004ca8:	f803 1b01 	strb.w	r1, [r3], #1
10004cac:	0798      	lsls	r0, r3, #30
10004cae:	f102 32ff 	add.w	r2, r2, #4294967295	@ 0xffffffff
10004cb2:	d1f8      	bne.n	10004ca6 <memset+0xa>
10004cb4:	2a03      	cmp	r2, #3
10004cb6:	d926      	bls.n	10004d06 <memset+0x6a>
10004cb8:	fa5f fc81 	uxtb.w	ip, r1
10004cbc:	2a0f      	cmp	r2, #15
10004cbe:	eb0c 2c0c 	add.w	ip, ip, ip, lsl #8
10004cc2:	eb0c 400c 	add.w	r0, ip, ip, lsl #16
10004cc6:	d92a      	bls.n	10004d1e <memset+0x82>
10004cc8:	f022 0c0f 	bic.w	ip, r2, #15
10004ccc:	449c      	add	ip, r3
10004cce:	e9c3 0000 	strd	r0, r0, [r3]
10004cd2:	e9c3 0002 	strd	r0, r0, [r3, #8]
10004cd6:	3310      	adds	r3, #16
10004cd8:	4563      	cmp	r3, ip
10004cda:	d1f8      	bne.n	10004cce <memset+0x32>
10004cdc:	f012 0f0c 	tst.w	r2, #12
10004ce0:	f002 050f 	and.w	r5, r2, #15
10004ce4:	d017      	beq.n	10004d16 <memset+0x7a>
10004ce6:	ea4f 0c95 	mov.w	ip, r5, lsr #2
10004cea:	461a      	mov	r2, r3
10004cec:	f10c 34ff 	add.w	r4, ip, #4294967295	@ 0xffffffff
10004cf0:	eb03 0c8c 	add.w	ip, r3, ip, lsl #2
10004cf4:	f842 0b04 	str.w	r0, [r2], #4
10004cf8:	4562      	cmp	r2, ip
10004cfa:	d1fb      	bne.n	10004cf4 <memset+0x58>
10004cfc:	3304      	adds	r3, #4
10004cfe:	f005 0203 	and.w	r2, r5, #3
10004d02:	eb03 0384 	add.w	r3, r3, r4, lsl #2
10004d06:	b122      	cbz	r2, 10004d12 <memset+0x76>
10004d08:	441a      	add	r2, r3
10004d0a:	f803 1b01 	strb.w	r1, [r3], #1
10004d0e:	429a      	cmp	r2, r3
10004d10:	d1fb      	bne.n	10004d0a <memset+0x6e>
10004d12:	4670      	mov	r0, lr
10004d14:	bd30      	pop	{r4, r5, pc}
10004d16:	462a      	mov	r2, r5
10004d18:	2a00      	cmp	r2, #0
10004d1a:	d1f5      	bne.n	10004d08 <memset+0x6c>
10004d1c:	e7f9      	b.n	10004d12 <memset+0x76>
10004d1e:	4615      	mov	r5, r2
10004d20:	e7e1      	b.n	10004ce6 <memset+0x4a>
10004d22:	bf00      	nop

10004d24 <memcpy>:
10004d24:	4684      	mov	ip, r0
10004d26:	ea41 0300 	orr.w	r3, r1, r0
10004d2a:	f013 0303 	ands.w	r3, r3, #3
10004d2e:	d149      	bne.n	10004dc4 <memcpy+0xa0>
10004d30:	3a40      	subs	r2, #64	@ 0x40
10004d32:	d323      	bcc.n	10004d7c <memcpy+0x58>
10004d34:	680b      	ldr	r3, [r1, #0]
10004d36:	6003      	str	r3, [r0, #0]
10004d38:	684b      	ldr	r3, [r1, #4]
10004d3a:	6043      	str	r3, [r0, #4]
10004d3c:	688b      	ldr	r3, [r1, #8]
10004d3e:	6083      	str	r3, [r0, #8]
10004d40:	68cb      	ldr	r3, [r1, #12]
10004d42:	60c3      	str	r3, [r0, #12]
10004d44:	690b      	ldr	r3, [r1, #16]
10004d46:	6103      	str	r3, [r0, #16]
10004d48:	694b      	ldr	r3, [r1, #20]
10004d4a:	6143      	str	r3, [r0, #20]
10004d4c:	698b      	ldr	r3, [r1, #24]
10004d4e:	6183      	str	r3, [r0, #24]
10004d50:	69cb      	ldr	r3, [r1, #28]
10004d52:	61c3      	str	r3, [r0, #28]
10004d54:	6a0b      	ldr	r3, [r1, #32]
10004d56:	6203      	str	r3, [r0, #32]
10004d58:	6a4b      	ldr	r3, [r1, #36]	@ 0x24
10004d5a:	6243      	str	r3, [r0, #36]	@ 0x24
10004d5c:	6a8b      	ldr	r3, [r1, #40]	@ 0x28
10004d5e:	6283      	str	r3, [r0, #40]	@ 0x28
10004d60:	6acb      	ldr	r3, [r1, #44]	@ 0x2c
10004d62:	62c3      	str	r3, [r0, #44]	@ 0x2c
10004d64:	6b0b      	ldr	r3, [r1, #48]	@ 0x30
10004d66:	6303      	str	r3, [r0, #48]	@ 0x30
10004d68:	6b4b      	ldr	r3, [r1, #52]	@ 0x34
10004d6a:	6343      	str	r3, [r0, #52]	@ 0x34
10004d6c:	6b8b      	ldr	r3, [r1, #56]	@ 0x38
10004d6e:	6383      	str	r3, [r0, #56]	@ 0x38
10004d70:	6bcb      	ldr	r3, [r1, #60]	@ 0x3c
10004d72:	63c3      	str	r3, [r0, #60]	@ 0x3c
10004d74:	3040      	adds	r0, #64	@ 0x40
10004d76:	3140      	adds	r1, #64	@ 0x40
10004d78:	3a40      	subs	r2, #64	@ 0x40
10004d7a:	d2db      	bcs.n	10004d34 <memcpy+0x10>
10004d7c:	3230      	adds	r2, #48	@ 0x30
10004d7e:	d30b      	bcc.n	10004d98 <memcpy+0x74>
10004d80:	680b      	ldr	r3, [r1, #0]
10004d82:	6003      	str	r3, [r0, #0]
10004d84:	684b      	ldr	r3, [r1, #4]
10004d86:	6043      	str	r3, [r0, #4]
10004d88:	688b      	ldr	r3, [r1, #8]
10004d8a:	6083      	str	r3, [r0, #8]
10004d8c:	68cb      	ldr	r3, [r1, #12]
10004d8e:	60c3      	str	r3, [r0, #12]
10004d90:	3010      	adds	r0, #16
10004d92:	3110      	adds	r1, #16
10004d94:	3a10      	subs	r2, #16
10004d96:	d2f3      	bcs.n	10004d80 <memcpy+0x5c>
10004d98:	320c      	adds	r2, #12
10004d9a:	d305      	bcc.n	10004da8 <memcpy+0x84>
10004d9c:	f851 3b04 	ldr.w	r3, [r1], #4
10004da0:	f840 3b04 	str.w	r3, [r0], #4
10004da4:	3a04      	subs	r2, #4
10004da6:	d2f9      	bcs.n	10004d9c <memcpy+0x78>
10004da8:	3204      	adds	r2, #4
10004daa:	d008      	beq.n	10004dbe <memcpy+0x9a>
10004dac:	07d2      	lsls	r2, r2, #31
10004dae:	bf1c      	itt	ne
10004db0:	f811 3b01 	ldrbne.w	r3, [r1], #1
10004db4:	f800 3b01 	strbne.w	r3, [r0], #1
10004db8:	d301      	bcc.n	10004dbe <memcpy+0x9a>
10004dba:	880b      	ldrh	r3, [r1, #0]
10004dbc:	8003      	strh	r3, [r0, #0]
10004dbe:	4660      	mov	r0, ip
10004dc0:	4770      	bx	lr
10004dc2:	bf00      	nop
10004dc4:	2a08      	cmp	r2, #8
10004dc6:	d313      	bcc.n	10004df0 <memcpy+0xcc>
10004dc8:	078b      	lsls	r3, r1, #30
10004dca:	d0b1      	beq.n	10004d30 <memcpy+0xc>
10004dcc:	f010 0303 	ands.w	r3, r0, #3
10004dd0:	d0ae      	beq.n	10004d30 <memcpy+0xc>
10004dd2:	f1c3 0304 	rsb	r3, r3, #4
10004dd6:	1ad2      	subs	r2, r2, r3
10004dd8:	07db      	lsls	r3, r3, #31
10004dda:	bf1c      	itt	ne
10004ddc:	f811 3b01 	ldrbne.w	r3, [r1], #1
10004de0:	f800 3b01 	strbne.w	r3, [r0], #1
10004de4:	d3a4      	bcc.n	10004d30 <memcpy+0xc>
10004de6:	f831 3b02 	ldrh.w	r3, [r1], #2
10004dea:	f820 3b02 	strh.w	r3, [r0], #2
10004dee:	e79f      	b.n	10004d30 <memcpy+0xc>
10004df0:	3a04      	subs	r2, #4
10004df2:	d3d9      	bcc.n	10004da8 <memcpy+0x84>
10004df4:	3a01      	subs	r2, #1
10004df6:	f811 3b01 	ldrb.w	r3, [r1], #1
10004dfa:	f800 3b01 	strb.w	r3, [r0], #1
10004dfe:	d2f9      	bcs.n	10004df4 <memcpy+0xd0>
10004e00:	780b      	ldrb	r3, [r1, #0]
10004e02:	7003      	strb	r3, [r0, #0]
10004e04:	784b      	ldrb	r3, [r1, #1]
10004e06:	7043      	strb	r3, [r0, #1]
10004e08:	788b      	ldrb	r3, [r1, #2]
10004e0a:	7083      	strb	r3, [r0, #2]
10004e0c:	4660      	mov	r0, ip
10004e0e:	4770      	bx	lr

10004e10 <strlen>:
10004e10:	f020 0103 	bic.w	r1, r0, #3
10004e14:	f010 0003 	ands.w	r0, r0, #3
10004e18:	f1c0 0000 	rsb	r0, r0, #0
10004e1c:	f851 3b04 	ldr.w	r3, [r1], #4
10004e20:	f100 0c04 	add.w	ip, r0, #4
10004e24:	ea4f 0ccc 	mov.w	ip, ip, lsl #3
10004e28:	f06f 0200 	mvn.w	r2, #0
10004e2c:	bf1c      	itt	ne
10004e2e:	fa22 f20c 	lsrne.w	r2, r2, ip
10004e32:	4313      	orrne	r3, r2
10004e34:	f04f 0c01 	mov.w	ip, #1
10004e38:	ea4c 2c0c 	orr.w	ip, ip, ip, lsl #8
10004e3c:	ea4c 4c0c 	orr.w	ip, ip, ip, lsl #16
10004e40:	eba3 020c 	sub.w	r2, r3, ip
10004e44:	ea22 0203 	bic.w	r2, r2, r3
10004e48:	ea12 12cc 	ands.w	r2, r2, ip, lsl #7
10004e4c:	bf04      	itt	eq
10004e4e:	f851 3b04 	ldreq.w	r3, [r1], #4
10004e52:	3004      	addeq	r0, #4
10004e54:	d0f4      	beq.n	10004e40 <strlen+0x30>
10004e56:	f1c2 0100 	rsb	r1, r2, #0
10004e5a:	ea02 0201 	and.w	r2, r2, r1
10004e5e:	fab2 f282 	clz	r2, r2
10004e62:	f1c2 021f 	rsb	r2, r2, #31
10004e66:	eb00 00d2 	add.w	r0, r0, r2, lsr #3
10004e6a:	4770      	bx	lr

10004e6c <_fini>:
10004e6c:	b5f8      	push	{r3, r4, r5, r6, r7, lr}
10004e6e:	bf00      	nop

10004e70 <__e15_is_critical_frame_period_veneer>:
10004e70:	f85f f000 	ldr.w	pc, [pc]	@ 10004e74 <__e15_is_critical_frame_period_veneer+0x4>
10004e74:	20000a7d 	.word	0x20000a7d

10004e78 <__mutex_enter_timeout_ms_veneer>:
10004e78:	f85f f000 	ldr.w	pc, [pc]	@ 10004e7c <__mutex_enter_timeout_ms_veneer+0x4>
10004e7c:	20000235 	.word	0x20000235

10004e80 <__e15_is_bulkin_ep_veneer>:
10004e80:	f85f f000 	ldr.w	pc, [pc]	@ 10004e84 <__e15_is_bulkin_ep_veneer+0x4>
10004e84:	20000a55 	.word	0x20000a55

10004e88 <__hw_endpoint_start_next_buffer_veneer>:
10004e88:	f85f f000 	ldr.w	pc, [pc]	@ 10004e8c <__hw_endpoint_start_next_buffer_veneer+0x4>
10004e8c:	20000af9 	.word	0x20000af9

10004e90 <__mutex_exit_veneer>:
10004e90:	f85f f000 	ldr.w	pc, [pc]	@ 10004e94 <__mutex_exit_veneer+0x4>
10004e94:	2000026d 	.word	0x2000026d

10004e98 <__reset_non_control_endpoints_veneer>:
10004e98:	f85f f000 	ldr.w	pc, [pc]	@ 10004e9c <__reset_non_control_endpoints_veneer+0x4>
10004e9c:	200002a9 	.word	0x200002a9

10004ea0 <___hw_endpoint_buffer_control_update32_veneer>:
10004ea0:	f85f f000 	ldr.w	pc, [pc]	@ 10004ea4 <___hw_endpoint_buffer_control_update32_veneer+0x4>
10004ea4:	20000ab1 	.word	0x20000ab1

10004ea8 <__mutex_try_enter_block_until_veneer>:
10004ea8:	f85f f000 	ldr.w	pc, [pc]	@ 10004eac <__mutex_try_enter_block_until_veneer+0x4>
10004eac:	200001cd 	.word	0x200001cd

10004eb0 <__mutex_try_enter_veneer>:
10004eb0:	f85f f000 	ldr.w	pc, [pc]	@ 10004eb4 <__mutex_try_enter_veneer+0x4>
10004eb4:	20000111 	.word	0x20000111

10004eb8 <__pre_init_runtime_init_bootrom_reset>:
10004eb8:	10001dad                                ....

10004ebc <__pre_init_runtime_init_early_resets>:
10004ebc:	10001d25                                %...

10004ec0 <__pre_init_runtime_init_usb_power_down>:
10004ec0:	10001d55                                U...

10004ec4 <__pre_init_runtime_init_clocks>:
10004ec4:	10001e41                                A...

10004ec8 <__pre_init_runtime_init_post_clock_resets>:
10004ec8:	10001d8d                                ....

10004ecc <__pre_init_runtime_init_boot_locks_reset>:
10004ecc:	10001cad                                ....

10004ed0 <__pre_init_runtime_init_spin_locks_reset>:
10004ed0:	10001dd5                                ....

10004ed4 <__pre_init_runtime_init_bootrom_locking_enable>:
10004ed4:	10001c99                                ....

10004ed8 <__pre_init_runtime_init_mutex>:
10004ed8:	100010ad                                ....

10004edc <__pre_init_runtime_init_install_ram_vector_table>:
10004edc:	10001dd9                                ....

10004ee0 <__pre_init_runtime_init_default_alarm_pool>:
10004ee0:	1000146d                                m...

10004ee4 <__pre_init_first_per_core_initializer>:
10004ee4:	10001cf5                                ....

10004ee8 <__pre_init_runtime_init_per_core_bootrom_reset>:
10004ee8:	10001dc1                                ....

10004eec <__pre_init_runtime_init_per_core_enable_coprocessors>:
10004eec:	10001d71                                q...

10004ef0 <__pre_init_spinlock_set_extexclall>:
10004ef0:	10000a51                                Q...

10004ef4 <__pre_init_runtime_init_per_core_irq_priorities>:
10004ef4:	10000a79                                y...

10004ef8 <__init_array_start>:
10004ef8:	100027cd 	.word	0x100027cd

10004efc <__frame_dummy_init_array_entry>:
10004efc:	10000211                                ....

Disassembly of section .data:

20000110 <mutex_try_enter>:
20000110:	4603      	mov	r3, r0
20000112:	b500      	push	{lr}
20000114:	6802      	ldr	r2, [r0, #0]
20000116:	f3ef 8c10 	mrs	ip, PRIMASK
2000011a:	b672      	cpsid	i
2000011c:	e8d2 efcf 	ldaexb	lr, [r2]
20000120:	2001      	movs	r0, #1
20000122:	f1be 0f00 	cmp.w	lr, #0
20000126:	d1f9      	bne.n	2000011c <mutex_try_enter+0xc>
20000128:	e8c2 0f4e 	strexb	lr, r0, [r2]
2000012c:	f1be 0f00 	cmp.w	lr, #0
20000130:	d1f4      	bne.n	2000011c <mutex_try_enter+0xc>
20000132:	f3bf 8f5f 	dmb	sy
20000136:	f993 2004 	ldrsb.w	r2, [r3, #4]
2000013a:	2a00      	cmp	r2, #0
2000013c:	db09      	blt.n	20000152 <mutex_try_enter+0x42>
2000013e:	b101      	cbz	r1, 20000142 <mutex_try_enter+0x32>
20000140:	600a      	str	r2, [r1, #0]
20000142:	2000      	movs	r0, #0
20000144:	2200      	movs	r2, #0
20000146:	681b      	ldr	r3, [r3, #0]
20000148:	e8c3 2f8f 	stlb	r2, [r3]
2000014c:	f38c 8810 	msr	PRIMASK, ip
20000150:	bd00      	pop	{pc}
20000152:	f04f 4250 	mov.w	r2, #3489660928	@ 0xd0000000
20000156:	6812      	ldr	r2, [r2, #0]
20000158:	2001      	movs	r0, #1
2000015a:	711a      	strb	r2, [r3, #4]
2000015c:	e7f2      	b.n	20000144 <mutex_try_enter+0x34>
2000015e:	bf00      	nop

20000160 <mutex_enter_block_until>:
20000160:	f04f 4150 	mov.w	r1, #3489660928	@ 0xd0000000
20000164:	e92d 41f0 	stmdb	sp!, {r4, r5, r6, r7, r8, lr}
20000168:	461f      	mov	r7, r3
2000016a:	680b      	ldr	r3, [r1, #0]
2000016c:	4604      	mov	r4, r0
2000016e:	4616      	mov	r6, r2
20000170:	2500      	movs	r5, #0
20000172:	4698      	mov	r8, r3
20000174:	e008      	b.n	20000188 <mutex_enter_block_until+0x28>
20000176:	e8c3 5f8f 	stlb	r5, [r3]
2000017a:	f382 8810 	msr	PRIMASK, r2
2000017e:	4630      	mov	r0, r6
20000180:	4639      	mov	r1, r7
20000182:	f000 fe29 	bl	20000dd8 <__best_effort_wfe_or_timeout_veneer>
20000186:	b9e8      	cbnz	r0, 200001c4 <mutex_enter_block_until+0x64>
20000188:	6823      	ldr	r3, [r4, #0]
2000018a:	f3ef 8210 	mrs	r2, PRIMASK
2000018e:	b672      	cpsid	i
20000190:	e8d3 0fcf 	ldaexb	r0, [r3]
20000194:	2101      	movs	r1, #1
20000196:	2800      	cmp	r0, #0
20000198:	d1fa      	bne.n	20000190 <mutex_enter_block_until+0x30>
2000019a:	e8c3 1f40 	strexb	r0, r1, [r3]
2000019e:	2800      	cmp	r0, #0
200001a0:	d1f6      	bne.n	20000190 <mutex_enter_block_until+0x30>
200001a2:	f3bf 8f5f 	dmb	sy
200001a6:	f994 1004 	ldrsb.w	r1, [r4, #4]
200001aa:	6823      	ldr	r3, [r4, #0]
200001ac:	2900      	cmp	r1, #0
200001ae:	dae2      	bge.n	20000176 <mutex_enter_block_until+0x16>
200001b0:	2100      	movs	r1, #0
200001b2:	f884 8004 	strb.w	r8, [r4, #4]
200001b6:	e8c3 1f8f 	stlb	r1, [r3]
200001ba:	f382 8810 	msr	PRIMASK, r2
200001be:	2001      	movs	r0, #1
200001c0:	e8bd 81f0 	ldmia.w	sp!, {r4, r5, r6, r7, r8, pc}
200001c4:	2000      	movs	r0, #0
200001c6:	e8bd 81f0 	ldmia.w	sp!, {r4, r5, r6, r7, r8, pc}
200001ca:	bf00      	nop

200001cc <mutex_try_enter_block_until>:
200001cc:	b510      	push	{r4, lr}
200001ce:	6801      	ldr	r1, [r0, #0]
200001d0:	f3ef 8e10 	mrs	lr, PRIMASK
200001d4:	b672      	cpsid	i
200001d6:	e8d1 cfcf 	ldaexb	ip, [r1]
200001da:	2401      	movs	r4, #1
200001dc:	f1bc 0f00 	cmp.w	ip, #0
200001e0:	d1f9      	bne.n	200001d6 <mutex_try_enter_block_until+0xa>
200001e2:	e8c1 4f4c 	strexb	ip, r4, [r1]
200001e6:	f1bc 0f00 	cmp.w	ip, #0
200001ea:	d1f4      	bne.n	200001d6 <mutex_try_enter_block_until+0xa>
200001ec:	f3bf 8f5f 	dmb	sy
200001f0:	f990 c004 	ldrsb.w	ip, [r0, #4]
200001f4:	6804      	ldr	r4, [r0, #0]
200001f6:	f1bc 0f00 	cmp.w	ip, #0
200001fa:	db10      	blt.n	2000021e <mutex_try_enter_block_until+0x52>
200001fc:	2100      	movs	r1, #0
200001fe:	e8c4 1f8f 	stlb	r1, [r4]
20000202:	f38e 8810 	msr	PRIMASK, lr
20000206:	f04f 4450 	mov.w	r4, #3489660928	@ 0xd0000000
2000020a:	f994 4000 	ldrsb.w	r4, [r4]
2000020e:	4564      	cmp	r4, ip
20000210:	d101      	bne.n	20000216 <mutex_try_enter_block_until+0x4a>
20000212:	4608      	mov	r0, r1
20000214:	bd10      	pop	{r4, pc}
20000216:	e8bd 4010 	ldmia.w	sp!, {r4, lr}
2000021a:	f7ff bfa1 	b.w	20000160 <mutex_enter_block_until>
2000021e:	f04f 4250 	mov.w	r2, #3489660928	@ 0xd0000000
20000222:	6812      	ldr	r2, [r2, #0]
20000224:	2300      	movs	r3, #0
20000226:	7102      	strb	r2, [r0, #4]
20000228:	e8c4 3f8f 	stlb	r3, [r4]
2000022c:	f38e 8810 	msr	PRIMASK, lr
20000230:	2001      	movs	r0, #1
20000232:	bd10      	pop	{r4, pc}

20000234 <mutex_enter_timeout_ms>:
20000234:	b570      	push	{r4, r5, r6, lr}
20000236:	4605      	mov	r5, r0
20000238:	460c      	mov	r4, r1
2000023a:	f000 fdb9 	bl	20000db0 <__time_us_64_veneer>
2000023e:	4602      	mov	r2, r0
20000240:	460b      	mov	r3, r1
20000242:	f44f 707a 	mov.w	r0, #1000	@ 0x3e8
20000246:	f04f 3eff 	mov.w	lr, #4294967295	@ 0xffffffff
2000024a:	f06f 4c00 	mvn.w	ip, #2147483648	@ 0x80000000
2000024e:	fbe4 2300 	umlal	r2, r3, r4, r0
20000252:	4596      	cmp	lr, r2
20000254:	eb7c 0103 	sbcs.w	r1, ip, r3
20000258:	bf38      	it	cc
2000025a:	4672      	movcc	r2, lr
2000025c:	4628      	mov	r0, r5
2000025e:	e8bd 4070 	ldmia.w	sp!, {r4, r5, r6, lr}
20000262:	bf38      	it	cc
20000264:	4663      	movcc	r3, ip
20000266:	f7ff bf7b 	b.w	20000160 <mutex_enter_block_until>
2000026a:	bf00      	nop

2000026c <mutex_exit>:
2000026c:	6803      	ldr	r3, [r0, #0]
2000026e:	f3ef 8210 	mrs	r2, PRIMASK
20000272:	b672      	cpsid	i
20000274:	e8d3 cfcf 	ldaexb	ip, [r3]
20000278:	2101      	movs	r1, #1
2000027a:	f1bc 0f00 	cmp.w	ip, #0
2000027e:	d1f9      	bne.n	20000274 <mutex_exit+0x8>
20000280:	e8c3 1f4c 	strexb	ip, r1, [r3]
20000284:	f1bc 0f00 	cmp.w	ip, #0
20000288:	d1f4      	bne.n	20000274 <mutex_exit+0x8>
2000028a:	f3bf 8f5f 	dmb	sy
2000028e:	f04f 0cff 	mov.w	ip, #255	@ 0xff
20000292:	2300      	movs	r3, #0
20000294:	6801      	ldr	r1, [r0, #0]
20000296:	f880 c004 	strb.w	ip, [r0, #4]
2000029a:	e8c1 3f8f 	stlb	r3, [r1]
2000029e:	f382 8810 	msr	PRIMASK, r2
200002a2:	bf40      	sev
200002a4:	4770      	bx	lr
200002a6:	bf00      	nop

200002a8 <reset_non_control_endpoints>:
200002a8:	2100      	movs	r1, #0
200002aa:	b508      	push	{r3, lr}
200002ac:	4b13      	ldr	r3, [pc, #76]	@ (200002fc <reset_non_control_endpoints+0x54>)
200002ae:	f44f 7270 	mov.w	r2, #960	@ 0x3c0
200002b2:	6099      	str	r1, [r3, #8]
200002b4:	4812      	ldr	r0, [pc, #72]	@ (20000300 <reset_non_control_endpoints+0x58>)
200002b6:	60d9      	str	r1, [r3, #12]
200002b8:	6119      	str	r1, [r3, #16]
200002ba:	6159      	str	r1, [r3, #20]
200002bc:	6199      	str	r1, [r3, #24]
200002be:	61d9      	str	r1, [r3, #28]
200002c0:	6219      	str	r1, [r3, #32]
200002c2:	6259      	str	r1, [r3, #36]	@ 0x24
200002c4:	6299      	str	r1, [r3, #40]	@ 0x28
200002c6:	62d9      	str	r1, [r3, #44]	@ 0x2c
200002c8:	6319      	str	r1, [r3, #48]	@ 0x30
200002ca:	6359      	str	r1, [r3, #52]	@ 0x34
200002cc:	6399      	str	r1, [r3, #56]	@ 0x38
200002ce:	63d9      	str	r1, [r3, #60]	@ 0x3c
200002d0:	6419      	str	r1, [r3, #64]	@ 0x40
200002d2:	6459      	str	r1, [r3, #68]	@ 0x44
200002d4:	6499      	str	r1, [r3, #72]	@ 0x48
200002d6:	64d9      	str	r1, [r3, #76]	@ 0x4c
200002d8:	6519      	str	r1, [r3, #80]	@ 0x50
200002da:	6559      	str	r1, [r3, #84]	@ 0x54
200002dc:	6599      	str	r1, [r3, #88]	@ 0x58
200002de:	65d9      	str	r1, [r3, #92]	@ 0x5c
200002e0:	6619      	str	r1, [r3, #96]	@ 0x60
200002e2:	6659      	str	r1, [r3, #100]	@ 0x64
200002e4:	6699      	str	r1, [r3, #104]	@ 0x68
200002e6:	66d9      	str	r1, [r3, #108]	@ 0x6c
200002e8:	6719      	str	r1, [r3, #112]	@ 0x70
200002ea:	6759      	str	r1, [r3, #116]	@ 0x74
200002ec:	6799      	str	r1, [r3, #120]	@ 0x78
200002ee:	67d9      	str	r1, [r3, #124]	@ 0x7c
200002f0:	f000 fd6e 	bl	20000dd0 <__memset_veneer>
200002f4:	4b03      	ldr	r3, [pc, #12]	@ (20000304 <reset_non_control_endpoints+0x5c>)
200002f6:	4a04      	ldr	r2, [pc, #16]	@ (20000308 <reset_non_control_endpoints+0x60>)
200002f8:	601a      	str	r2, [r3, #0]
200002fa:	bd08      	pop	{r3, pc}
200002fc:	50100000 	.word	0x50100000
20000300:	200054f0 	.word	0x200054f0
20000304:	200058bc 	.word	0x200058bc
20000308:	50100180 	.word	0x50100180

2000030c <hw_handle_buff_status>:
2000030c:	e92d 47f0 	stmdb	sp!, {r4, r5, r6, r7, r8, r9, sl, lr}
20000310:	4b1e      	ldr	r3, [pc, #120]	@ (2000038c <hw_handle_buff_status+0x80>)
20000312:	b084      	sub	sp, #16
20000314:	f8d3 a058 	ldr.w	sl, [r3, #88]	@ 0x58
20000318:	f1ba 0f00 	cmp.w	sl, #0
2000031c:	d021      	beq.n	20000362 <hw_handle_buff_status+0x56>
2000031e:	2400      	movs	r4, #0
20000320:	2501      	movs	r5, #1
20000322:	f44f 69e0 	mov.w	r9, #1792	@ 0x700
20000326:	f8df 806c 	ldr.w	r8, [pc, #108]	@ 20000394 <hw_handle_buff_status+0x88>
2000032a:	4f19      	ldr	r7, [pc, #100]	@ (20000390 <hw_handle_buff_status+0x84>)
2000032c:	e005      	b.n	2000033a <hw_handle_buff_status+0x2e>
2000032e:	3401      	adds	r4, #1
20000330:	b2e4      	uxtb	r4, r4
20000332:	2c20      	cmp	r4, #32
20000334:	ea4f 0545 	mov.w	r5, r5, lsl #1
20000338:	d013      	beq.n	20000362 <hw_handle_buff_status+0x56>
2000033a:	ea1a 0f05 	tst.w	sl, r5
2000033e:	d0f6      	beq.n	2000032e <hw_handle_buff_status+0x22>
20000340:	43e3      	mvns	r3, r4
20000342:	f004 06fe 	and.w	r6, r4, #254	@ 0xfe
20000346:	f003 0301 	and.w	r3, r3, #1
2000034a:	441e      	add	r6, r3
2000034c:	eb07 1646 	add.w	r6, r7, r6, lsl #5
20000350:	4630      	mov	r0, r6
20000352:	f8c8 5058 	str.w	r5, [r8, #88]	@ 0x58
20000356:	f000 fc01 	bl	20000b5c <hw_endpoint_xfer_continue>
2000035a:	b928      	cbnz	r0, 20000368 <hw_handle_buff_status+0x5c>
2000035c:	ea3a 0a05 	bics.w	sl, sl, r5
20000360:	d1e5      	bne.n	2000032e <hw_handle_buff_status+0x22>
20000362:	b004      	add	sp, #16
20000364:	e8bd 87f0 	ldmia.w	sp!, {r4, r5, r6, r7, r8, r9, sl, pc}
20000368:	78b3      	ldrb	r3, [r6, #2]
2000036a:	8af2      	ldrh	r2, [r6, #22]
2000036c:	f88d 3008 	strb.w	r3, [sp, #8]
20000370:	2300      	movs	r3, #0
20000372:	a801      	add	r0, sp, #4
20000374:	2101      	movs	r1, #1
20000376:	f8ad 9004 	strh.w	r9, [sp, #4]
2000037a:	9203      	str	r2, [sp, #12]
2000037c:	f88d 3009 	strb.w	r3, [sp, #9]
20000380:	f000 fc0a 	bl	20000b98 <dcd_event_handler>
20000384:	4630      	mov	r0, r6
20000386:	f000 fb8d 	bl	20000aa4 <hw_endpoint_reset_transfer>
2000038a:	e7e7      	b.n	2000035c <hw_handle_buff_status+0x50>
2000038c:	50110000 	.word	0x50110000
20000390:	200054b0 	.word	0x200054b0
20000394:	50113000 	.word	0x50113000

20000398 <dcd_rp2040_irq>:
20000398:	b570      	push	{r4, r5, r6, lr}
2000039a:	4bb2      	ldr	r3, [pc, #712]	@ (20000664 <dcd_rp2040_irq+0x2cc>)
2000039c:	b086      	sub	sp, #24
2000039e:	f8d3 4098 	ldr.w	r4, [r3, #152]	@ 0x98
200003a2:	f414 3500 	ands.w	r5, r4, #131072	@ 0x20000
200003a6:	d074      	beq.n	20000492 <dcd_rp2040_irq+0xfa>
200003a8:	4aaf      	ldr	r2, [pc, #700]	@ (20000668 <dcd_rp2040_irq+0x2d0>)
200003aa:	4bb0      	ldr	r3, [pc, #704]	@ (2000066c <dcd_rp2040_irq+0x2d4>)
200003ac:	6a90      	ldr	r0, [r2, #40]	@ 0x28
200003ae:	f893 203b 	ldrb.w	r2, [r3, #59]	@ 0x3b
200003b2:	49af      	ldr	r1, [pc, #700]	@ (20000670 <dcd_rp2040_irq+0x2d8>)
200003b4:	2a02      	cmp	r2, #2
200003b6:	6008      	str	r0, [r1, #0]
200003b8:	f000 80e6 	beq.w	20000588 <dcd_rp2040_irq+0x1f0>
200003bc:	2500      	movs	r5, #0
200003be:	f893 207b 	ldrb.w	r2, [r3, #123]	@ 0x7b
200003c2:	2a02      	cmp	r2, #2
200003c4:	f000 81b2 	beq.w	2000072c <dcd_rp2040_irq+0x394>
200003c8:	f893 20bb 	ldrb.w	r2, [r3, #187]	@ 0xbb
200003cc:	2a02      	cmp	r2, #2
200003ce:	f000 81a2 	beq.w	20000716 <dcd_rp2040_irq+0x37e>
200003d2:	f893 20fb 	ldrb.w	r2, [r3, #251]	@ 0xfb
200003d6:	2a02      	cmp	r2, #2
200003d8:	f000 8192 	beq.w	20000700 <dcd_rp2040_irq+0x368>
200003dc:	f893 213b 	ldrb.w	r2, [r3, #315]	@ 0x13b
200003e0:	2a02      	cmp	r2, #2
200003e2:	f000 8181 	beq.w	200006e8 <dcd_rp2040_irq+0x350>
200003e6:	f893 217b 	ldrb.w	r2, [r3, #379]	@ 0x17b
200003ea:	2a02      	cmp	r2, #2
200003ec:	f000 8171 	beq.w	200006d2 <dcd_rp2040_irq+0x33a>
200003f0:	f893 21bb 	ldrb.w	r2, [r3, #443]	@ 0x1bb
200003f4:	2a02      	cmp	r2, #2
200003f6:	f000 8161 	beq.w	200006bc <dcd_rp2040_irq+0x324>
200003fa:	f893 21fb 	ldrb.w	r2, [r3, #507]	@ 0x1fb
200003fe:	2a02      	cmp	r2, #2
20000400:	f000 8150 	beq.w	200006a4 <dcd_rp2040_irq+0x30c>
20000404:	f893 223b 	ldrb.w	r2, [r3, #571]	@ 0x23b
20000408:	2a02      	cmp	r2, #2
2000040a:	f000 813f 	beq.w	2000068c <dcd_rp2040_irq+0x2f4>
2000040e:	f893 227b 	ldrb.w	r2, [r3, #635]	@ 0x27b
20000412:	2a02      	cmp	r2, #2
20000414:	f000 811a 	beq.w	2000064c <dcd_rp2040_irq+0x2b4>
20000418:	f893 22bb 	ldrb.w	r2, [r3, #699]	@ 0x2bb
2000041c:	2a02      	cmp	r2, #2
2000041e:	f000 8109 	beq.w	20000634 <dcd_rp2040_irq+0x29c>
20000422:	f893 22fb 	ldrb.w	r2, [r3, #763]	@ 0x2fb
20000426:	2a02      	cmp	r2, #2
20000428:	f000 80f8 	beq.w	2000061c <dcd_rp2040_irq+0x284>
2000042c:	f893 233b 	ldrb.w	r2, [r3, #827]	@ 0x33b
20000430:	2a02      	cmp	r2, #2
20000432:	f000 80e7 	beq.w	20000604 <dcd_rp2040_irq+0x26c>
20000436:	f893 237b 	ldrb.w	r2, [r3, #891]	@ 0x37b
2000043a:	2a02      	cmp	r2, #2
2000043c:	f000 80b7 	beq.w	200005ae <dcd_rp2040_irq+0x216>
20000440:	f893 23bb 	ldrb.w	r2, [r3, #955]	@ 0x3bb
20000444:	2a02      	cmp	r2, #2
20000446:	f000 817c 	beq.w	20000742 <dcd_rp2040_irq+0x3aa>
2000044a:	f893 23fb 	ldrb.w	r2, [r3, #1019]	@ 0x3fb
2000044e:	2a02      	cmp	r2, #2
20000450:	f000 80c7 	beq.w	200005e2 <dcd_rp2040_irq+0x24a>
20000454:	b93d      	cbnz	r5, 20000466 <dcd_rp2040_irq+0xce>
20000456:	4b87      	ldr	r3, [pc, #540]	@ (20000674 <dcd_rp2040_irq+0x2dc>)
20000458:	781b      	ldrb	r3, [r3, #0]
2000045a:	b923      	cbnz	r3, 20000466 <dcd_rp2040_irq+0xce>
2000045c:	f44f 3200 	mov.w	r2, #131072	@ 0x20000
20000460:	4b85      	ldr	r3, [pc, #532]	@ (20000678 <dcd_rp2040_irq+0x2e0>)
20000462:	f8c3 2090 	str.w	r2, [r3, #144]	@ 0x90
20000466:	f44f 7240 	mov.w	r2, #768	@ 0x300
2000046a:	4b7e      	ldr	r3, [pc, #504]	@ (20000664 <dcd_rp2040_irq+0x2cc>)
2000046c:	2101      	movs	r1, #1
2000046e:	6c9b      	ldr	r3, [r3, #72]	@ 0x48
20000470:	a803      	add	r0, sp, #12
20000472:	f3c3 030a 	ubfx	r3, r3, #0, #11
20000476:	9304      	str	r3, [sp, #16]
20000478:	f8ad 200c 	strh.w	r2, [sp, #12]
2000047c:	f000 fb8c 	bl	20000b98 <dcd_event_handler>
20000480:	06e3      	lsls	r3, r4, #27
20000482:	f44f 3500 	mov.w	r5, #131072	@ 0x20000
20000486:	4e7d      	ldr	r6, [pc, #500]	@ (2000067c <dcd_rp2040_irq+0x2e4>)
20000488:	d507      	bpl.n	2000049a <dcd_rp2040_irq+0x102>
2000048a:	f7ff ff3f 	bl	2000030c <hw_handle_buff_status>
2000048e:	4635      	mov	r5, r6
20000490:	e003      	b.n	2000049a <dcd_rp2040_irq+0x102>
20000492:	06e3      	lsls	r3, r4, #27
20000494:	f04f 0610 	mov.w	r6, #16
20000498:	d4f7      	bmi.n	2000048a <dcd_rp2040_irq+0xf2>
2000049a:	03e0      	lsls	r0, r4, #15
2000049c:	d51d      	bpl.n	200004da <dcd_rp2040_irq+0x142>
2000049e:	4873      	ldr	r0, [pc, #460]	@ (2000066c <dcd_rp2040_irq+0x2d4>)
200004a0:	2602      	movs	r6, #2
200004a2:	7e83      	ldrb	r3, [r0, #26]
200004a4:	f445 3580 	orr.w	r5, r5, #65536	@ 0x10000
200004a8:	bb33      	cbnz	r3, 200004f8 <dcd_rp2040_irq+0x160>
200004aa:	f04f 0301 	mov.w	r3, #1
200004ae:	2e01      	cmp	r6, #1
200004b0:	70c3      	strb	r3, [r0, #3]
200004b2:	f100 0020 	add.w	r0, r0, #32
200004b6:	d11b      	bne.n	200004f0 <dcd_rp2040_irq+0x158>
200004b8:	f44f 62c0 	mov.w	r2, #1536	@ 0x600
200004bc:	4b70      	ldr	r3, [pc, #448]	@ (20000680 <dcd_rp2040_irq+0x2e8>)
200004be:	f8ad 200c 	strh.w	r2, [sp, #12]
200004c2:	e893 0003 	ldmia.w	r3, {r0, r1}
200004c6:	e9cd 0104 	strd	r0, r1, [sp, #16]
200004ca:	4631      	mov	r1, r6
200004cc:	a803      	add	r0, sp, #12
200004ce:	f000 fb63 	bl	20000b98 <dcd_event_handler>
200004d2:	f44f 3200 	mov.w	r2, #131072	@ 0x20000
200004d6:	4b68      	ldr	r3, [pc, #416]	@ (20000678 <dcd_rp2040_irq+0x2e0>)
200004d8:	651a      	str	r2, [r3, #80]	@ 0x50
200004da:	04e1      	lsls	r1, r4, #19
200004dc:	d43e      	bmi.n	2000055c <dcd_rp2040_irq+0x1c4>
200004de:	0462      	lsls	r2, r4, #17
200004e0:	d42e      	bmi.n	20000540 <dcd_rp2040_irq+0x1a8>
200004e2:	0423      	lsls	r3, r4, #16
200004e4:	d41d      	bmi.n	20000522 <dcd_rp2040_irq+0x18a>
200004e6:	42a5      	cmp	r5, r4
200004e8:	f040 81bb 	bne.w	20000862 <dcd_rp2040_irq+0x4ca>
200004ec:	b006      	add	sp, #24
200004ee:	bd70      	pop	{r4, r5, r6, pc}
200004f0:	7e83      	ldrb	r3, [r0, #26]
200004f2:	2601      	movs	r6, #1
200004f4:	2b00      	cmp	r3, #0
200004f6:	d0d8      	beq.n	200004aa <dcd_rp2040_irq+0x112>
200004f8:	4b62      	ldr	r3, [pc, #392]	@ (20000684 <dcd_rp2040_irq+0x2ec>)
200004fa:	4a5a      	ldr	r2, [pc, #360]	@ (20000664 <dcd_rp2040_irq+0x2cc>)
200004fc:	661e      	str	r6, [r3, #96]	@ 0x60
200004fe:	6e53      	ldr	r3, [r2, #100]	@ 0x64
20000500:	ea36 0303 	bics.w	r3, r6, r3
20000504:	d1fb      	bne.n	200004fe <dcd_rp2040_irq+0x166>
20000506:	f44f 5240 	mov.w	r2, #12288	@ 0x3000
2000050a:	2100      	movs	r1, #0
2000050c:	9001      	str	r0, [sp, #4]
2000050e:	f000 facf 	bl	20000ab0 <_hw_endpoint_buffer_control_update32>
20000512:	9801      	ldr	r0, [sp, #4]
20000514:	f000 fac6 	bl	20000aa4 <hw_endpoint_reset_transfer>
20000518:	4b57      	ldr	r3, [pc, #348]	@ (20000678 <dcd_rp2040_irq+0x2e0>)
2000051a:	9801      	ldr	r0, [sp, #4]
2000051c:	665e      	str	r6, [r3, #100]	@ 0x64
2000051e:	661e      	str	r6, [r3, #96]	@ 0x60
20000520:	e7c3      	b.n	200004aa <dcd_rp2040_irq+0x112>
20000522:	f44f 63a0 	mov.w	r3, #1280	@ 0x500
20000526:	2101      	movs	r1, #1
20000528:	a803      	add	r0, sp, #12
2000052a:	f8ad 300c 	strh.w	r3, [sp, #12]
2000052e:	f000 fb33 	bl	20000b98 <dcd_event_handler>
20000532:	f44f 6200 	mov.w	r2, #2048	@ 0x800
20000536:	4b50      	ldr	r3, [pc, #320]	@ (20000678 <dcd_rp2040_irq+0x2e0>)
20000538:	f445 4500 	orr.w	r5, r5, #32768	@ 0x8000
2000053c:	651a      	str	r2, [r3, #80]	@ 0x50
2000053e:	e7d2      	b.n	200004e6 <dcd_rp2040_irq+0x14e>
20000540:	f44f 6380 	mov.w	r3, #1024	@ 0x400
20000544:	2101      	movs	r1, #1
20000546:	a803      	add	r0, sp, #12
20000548:	f8ad 300c 	strh.w	r3, [sp, #12]
2000054c:	f000 fb24 	bl	20000b98 <dcd_event_handler>
20000550:	2210      	movs	r2, #16
20000552:	4b49      	ldr	r3, [pc, #292]	@ (20000678 <dcd_rp2040_irq+0x2e0>)
20000554:	f445 4580 	orr.w	r5, r5, #16384	@ 0x4000
20000558:	651a      	str	r2, [r3, #80]	@ 0x50
2000055a:	e7c2      	b.n	200004e2 <dcd_rp2040_irq+0x14a>
2000055c:	2600      	movs	r6, #0
2000055e:	4b41      	ldr	r3, [pc, #260]	@ (20000664 <dcd_rp2040_irq+0x2cc>)
20000560:	f445 5580 	orr.w	r5, r5, #4096	@ 0x1000
20000564:	601e      	str	r6, [r3, #0]
20000566:	f7ff fe9f 	bl	200002a8 <reset_non_control_endpoints>
2000056a:	f44f 7380 	mov.w	r3, #256	@ 0x100
2000056e:	2101      	movs	r1, #1
20000570:	a803      	add	r0, sp, #12
20000572:	f8ad 300c 	strh.w	r3, [sp, #12]
20000576:	f88d 6010 	strb.w	r6, [sp, #16]
2000057a:	f000 fb0d 	bl	20000b98 <dcd_event_handler>
2000057e:	f44f 2200 	mov.w	r2, #524288	@ 0x80000
20000582:	4b3d      	ldr	r3, [pc, #244]	@ (20000678 <dcd_rp2040_irq+0x2e0>)
20000584:	651a      	str	r2, [r3, #80]	@ 0x50
20000586:	e7aa      	b.n	200004de <dcd_rp2040_irq+0x146>
20000588:	f893 503a 	ldrb.w	r5, [r3, #58]	@ 0x3a
2000058c:	2d00      	cmp	r5, #0
2000058e:	f43f af16 	beq.w	200003be <dcd_rp2040_irq+0x26>
20000592:	f893 203c 	ldrb.w	r2, [r3, #60]	@ 0x3c
20000596:	2a00      	cmp	r2, #0
20000598:	f43f af11 	beq.w	200003be <dcd_rp2040_irq+0x26>
2000059c:	2200      	movs	r2, #0
2000059e:	f103 0020 	add.w	r0, r3, #32
200005a2:	f883 203c 	strb.w	r2, [r3, #60]	@ 0x3c
200005a6:	f000 faa7 	bl	20000af8 <hw_endpoint_start_next_buffer>
200005aa:	4b30      	ldr	r3, [pc, #192]	@ (2000066c <dcd_rp2040_irq+0x2d4>)
200005ac:	e707      	b.n	200003be <dcd_rp2040_irq+0x26>
200005ae:	f893 637a 	ldrb.w	r6, [r3, #890]	@ 0x37a
200005b2:	2e00      	cmp	r6, #0
200005b4:	f43f af44 	beq.w	20000440 <dcd_rp2040_irq+0xa8>
200005b8:	f893 237c 	ldrb.w	r2, [r3, #892]	@ 0x37c
200005bc:	2a00      	cmp	r2, #0
200005be:	f040 8140 	bne.w	20000842 <dcd_rp2040_irq+0x4aa>
200005c2:	f893 23bb 	ldrb.w	r2, [r3, #955]	@ 0x3bb
200005c6:	2a02      	cmp	r2, #2
200005c8:	f040 80c4 	bne.w	20000754 <dcd_rp2040_irq+0x3bc>
200005cc:	f893 23ba 	ldrb.w	r2, [r3, #954]	@ 0x3ba
200005d0:	2a00      	cmp	r2, #0
200005d2:	f040 80bb 	bne.w	2000074c <dcd_rp2040_irq+0x3b4>
200005d6:	f893 23fb 	ldrb.w	r2, [r3, #1019]	@ 0x3fb
200005da:	2a02      	cmp	r2, #2
200005dc:	f47f af43 	bne.w	20000466 <dcd_rp2040_irq+0xce>
200005e0:	4635      	mov	r5, r6
200005e2:	f893 23fa 	ldrb.w	r2, [r3, #1018]	@ 0x3fa
200005e6:	2a00      	cmp	r2, #0
200005e8:	f43f af34 	beq.w	20000454 <dcd_rp2040_irq+0xbc>
200005ec:	f893 23fc 	ldrb.w	r2, [r3, #1020]	@ 0x3fc
200005f0:	2a00      	cmp	r2, #0
200005f2:	f43f af38 	beq.w	20000466 <dcd_rp2040_irq+0xce>
200005f6:	2200      	movs	r2, #0
200005f8:	4823      	ldr	r0, [pc, #140]	@ (20000688 <dcd_rp2040_irq+0x2f0>)
200005fa:	f883 23fc 	strb.w	r2, [r3, #1020]	@ 0x3fc
200005fe:	f000 fa7b 	bl	20000af8 <hw_endpoint_start_next_buffer>
20000602:	e730      	b.n	20000466 <dcd_rp2040_irq+0xce>
20000604:	f893 633a 	ldrb.w	r6, [r3, #826]	@ 0x33a
20000608:	2e00      	cmp	r6, #0
2000060a:	f43f af14 	beq.w	20000436 <dcd_rp2040_irq+0x9e>
2000060e:	f893 233c 	ldrb.w	r2, [r3, #828]	@ 0x33c
20000612:	2a00      	cmp	r2, #0
20000614:	f040 80a9 	bne.w	2000076a <dcd_rp2040_irq+0x3d2>
20000618:	4635      	mov	r5, r6
2000061a:	e70c      	b.n	20000436 <dcd_rp2040_irq+0x9e>
2000061c:	f893 62fa 	ldrb.w	r6, [r3, #762]	@ 0x2fa
20000620:	2e00      	cmp	r6, #0
20000622:	f43f af03 	beq.w	2000042c <dcd_rp2040_irq+0x94>
20000626:	f893 22fc 	ldrb.w	r2, [r3, #764]	@ 0x2fc
2000062a:	2a00      	cmp	r2, #0
2000062c:	f040 80af 	bne.w	2000078e <dcd_rp2040_irq+0x3f6>
20000630:	4635      	mov	r5, r6
20000632:	e6fb      	b.n	2000042c <dcd_rp2040_irq+0x94>
20000634:	f893 62ba 	ldrb.w	r6, [r3, #698]	@ 0x2ba
20000638:	2e00      	cmp	r6, #0
2000063a:	f43f aef2 	beq.w	20000422 <dcd_rp2040_irq+0x8a>
2000063e:	f893 22bc 	ldrb.w	r2, [r3, #700]	@ 0x2bc
20000642:	2a00      	cmp	r2, #0
20000644:	f040 809a 	bne.w	2000077c <dcd_rp2040_irq+0x3e4>
20000648:	4635      	mov	r5, r6
2000064a:	e6ea      	b.n	20000422 <dcd_rp2040_irq+0x8a>
2000064c:	f893 627a 	ldrb.w	r6, [r3, #634]	@ 0x27a
20000650:	2e00      	cmp	r6, #0
20000652:	f43f aee1 	beq.w	20000418 <dcd_rp2040_irq+0x80>
20000656:	f893 227c 	ldrb.w	r2, [r3, #636]	@ 0x27c
2000065a:	2a00      	cmp	r2, #0
2000065c:	f040 80cd 	bne.w	200007fa <dcd_rp2040_irq+0x462>
20000660:	4635      	mov	r5, r6
20000662:	e6d9      	b.n	20000418 <dcd_rp2040_irq+0x80>
20000664:	50110000 	.word	0x50110000
20000668:	400b0000 	.word	0x400b0000
2000066c:	200054b0 	.word	0x200054b0
20000670:	200054a8 	.word	0x200054a8
20000674:	20005931 	.word	0x20005931
20000678:	50113000 	.word	0x50113000
2000067c:	00020010 	.word	0x00020010
20000680:	50100000 	.word	0x50100000
20000684:	50112000 	.word	0x50112000
20000688:	20005890 	.word	0x20005890
2000068c:	f893 623a 	ldrb.w	r6, [r3, #570]	@ 0x23a
20000690:	2e00      	cmp	r6, #0
20000692:	f43f aebc 	beq.w	2000040e <dcd_rp2040_irq+0x76>
20000696:	f893 223c 	ldrb.w	r2, [r3, #572]	@ 0x23c
2000069a:	2a00      	cmp	r2, #0
2000069c:	f040 80a4 	bne.w	200007e8 <dcd_rp2040_irq+0x450>
200006a0:	4635      	mov	r5, r6
200006a2:	e6b4      	b.n	2000040e <dcd_rp2040_irq+0x76>
200006a4:	f893 61fa 	ldrb.w	r6, [r3, #506]	@ 0x1fa
200006a8:	2e00      	cmp	r6, #0
200006aa:	f43f aeab 	beq.w	20000404 <dcd_rp2040_irq+0x6c>
200006ae:	f893 21fc 	ldrb.w	r2, [r3, #508]	@ 0x1fc
200006b2:	2a00      	cmp	r2, #0
200006b4:	f040 808f 	bne.w	200007d6 <dcd_rp2040_irq+0x43e>
200006b8:	4635      	mov	r5, r6
200006ba:	e6a3      	b.n	20000404 <dcd_rp2040_irq+0x6c>
200006bc:	f893 61ba 	ldrb.w	r6, [r3, #442]	@ 0x1ba
200006c0:	2e00      	cmp	r6, #0
200006c2:	f43f ae9a 	beq.w	200003fa <dcd_rp2040_irq+0x62>
200006c6:	f893 21bc 	ldrb.w	r2, [r3, #444]	@ 0x1bc
200006ca:	2a00      	cmp	r2, #0
200006cc:	d17a      	bne.n	200007c4 <dcd_rp2040_irq+0x42c>
200006ce:	4635      	mov	r5, r6
200006d0:	e693      	b.n	200003fa <dcd_rp2040_irq+0x62>
200006d2:	f893 617a 	ldrb.w	r6, [r3, #378]	@ 0x17a
200006d6:	2e00      	cmp	r6, #0
200006d8:	f43f ae8a 	beq.w	200003f0 <dcd_rp2040_irq+0x58>
200006dc:	f893 217c 	ldrb.w	r2, [r3, #380]	@ 0x17c
200006e0:	2a00      	cmp	r2, #0
200006e2:	d166      	bne.n	200007b2 <dcd_rp2040_irq+0x41a>
200006e4:	4635      	mov	r5, r6
200006e6:	e683      	b.n	200003f0 <dcd_rp2040_irq+0x58>
200006e8:	f893 613a 	ldrb.w	r6, [r3, #314]	@ 0x13a
200006ec:	2e00      	cmp	r6, #0
200006ee:	f43f ae7a 	beq.w	200003e6 <dcd_rp2040_irq+0x4e>
200006f2:	f893 213c 	ldrb.w	r2, [r3, #316]	@ 0x13c
200006f6:	2a00      	cmp	r2, #0
200006f8:	f040 8091 	bne.w	2000081e <dcd_rp2040_irq+0x486>
200006fc:	4635      	mov	r5, r6
200006fe:	e672      	b.n	200003e6 <dcd_rp2040_irq+0x4e>
20000700:	f893 60fa 	ldrb.w	r6, [r3, #250]	@ 0xfa
20000704:	2e00      	cmp	r6, #0
20000706:	f43f ae69 	beq.w	200003dc <dcd_rp2040_irq+0x44>
2000070a:	f893 20fc 	ldrb.w	r2, [r3, #252]	@ 0xfc
2000070e:	2a00      	cmp	r2, #0
20000710:	d17c      	bne.n	2000080c <dcd_rp2040_irq+0x474>
20000712:	4635      	mov	r5, r6
20000714:	e662      	b.n	200003dc <dcd_rp2040_irq+0x44>
20000716:	f893 60ba 	ldrb.w	r6, [r3, #186]	@ 0xba
2000071a:	2e00      	cmp	r6, #0
2000071c:	f43f ae59 	beq.w	200003d2 <dcd_rp2040_irq+0x3a>
20000720:	f893 20bc 	ldrb.w	r2, [r3, #188]	@ 0xbc
20000724:	2a00      	cmp	r2, #0
20000726:	d13b      	bne.n	200007a0 <dcd_rp2040_irq+0x408>
20000728:	4635      	mov	r5, r6
2000072a:	e652      	b.n	200003d2 <dcd_rp2040_irq+0x3a>
2000072c:	f893 607a 	ldrb.w	r6, [r3, #122]	@ 0x7a
20000730:	2e00      	cmp	r6, #0
20000732:	f43f ae49 	beq.w	200003c8 <dcd_rp2040_irq+0x30>
20000736:	f893 207c 	ldrb.w	r2, [r3, #124]	@ 0x7c
2000073a:	2a00      	cmp	r2, #0
2000073c:	d178      	bne.n	20000830 <dcd_rp2040_irq+0x498>
2000073e:	4635      	mov	r5, r6
20000740:	e642      	b.n	200003c8 <dcd_rp2040_irq+0x30>
20000742:	f893 23ba 	ldrb.w	r2, [r3, #954]	@ 0x3ba
20000746:	2a00      	cmp	r2, #0
20000748:	f43f ae7f 	beq.w	2000044a <dcd_rp2040_irq+0xb2>
2000074c:	f893 23bc 	ldrb.w	r2, [r3, #956]	@ 0x3bc
20000750:	2a00      	cmp	r2, #0
20000752:	d17e      	bne.n	20000852 <dcd_rp2040_irq+0x4ba>
20000754:	f893 23fb 	ldrb.w	r2, [r3, #1019]	@ 0x3fb
20000758:	2a02      	cmp	r2, #2
2000075a:	f47f ae84 	bne.w	20000466 <dcd_rp2040_irq+0xce>
2000075e:	f893 23fa 	ldrb.w	r2, [r3, #1018]	@ 0x3fa
20000762:	2a00      	cmp	r2, #0
20000764:	f43f ae7f 	beq.w	20000466 <dcd_rp2040_irq+0xce>
20000768:	e740      	b.n	200005ec <dcd_rp2040_irq+0x254>
2000076a:	2200      	movs	r2, #0
2000076c:	483f      	ldr	r0, [pc, #252]	@ (2000086c <dcd_rp2040_irq+0x4d4>)
2000076e:	f883 233c 	strb.w	r2, [r3, #828]	@ 0x33c
20000772:	4635      	mov	r5, r6
20000774:	f000 f9c0 	bl	20000af8 <hw_endpoint_start_next_buffer>
20000778:	4b3d      	ldr	r3, [pc, #244]	@ (20000870 <dcd_rp2040_irq+0x4d8>)
2000077a:	e65c      	b.n	20000436 <dcd_rp2040_irq+0x9e>
2000077c:	2200      	movs	r2, #0
2000077e:	483d      	ldr	r0, [pc, #244]	@ (20000874 <dcd_rp2040_irq+0x4dc>)
20000780:	f883 22bc 	strb.w	r2, [r3, #700]	@ 0x2bc
20000784:	4635      	mov	r5, r6
20000786:	f000 f9b7 	bl	20000af8 <hw_endpoint_start_next_buffer>
2000078a:	4b39      	ldr	r3, [pc, #228]	@ (20000870 <dcd_rp2040_irq+0x4d8>)
2000078c:	e649      	b.n	20000422 <dcd_rp2040_irq+0x8a>
2000078e:	2200      	movs	r2, #0
20000790:	4839      	ldr	r0, [pc, #228]	@ (20000878 <dcd_rp2040_irq+0x4e0>)
20000792:	f883 22fc 	strb.w	r2, [r3, #764]	@ 0x2fc
20000796:	4635      	mov	r5, r6
20000798:	f000 f9ae 	bl	20000af8 <hw_endpoint_start_next_buffer>
2000079c:	4b34      	ldr	r3, [pc, #208]	@ (20000870 <dcd_rp2040_irq+0x4d8>)
2000079e:	e645      	b.n	2000042c <dcd_rp2040_irq+0x94>
200007a0:	2200      	movs	r2, #0
200007a2:	4836      	ldr	r0, [pc, #216]	@ (2000087c <dcd_rp2040_irq+0x4e4>)
200007a4:	f883 20bc 	strb.w	r2, [r3, #188]	@ 0xbc
200007a8:	4635      	mov	r5, r6
200007aa:	f000 f9a5 	bl	20000af8 <hw_endpoint_start_next_buffer>
200007ae:	4b30      	ldr	r3, [pc, #192]	@ (20000870 <dcd_rp2040_irq+0x4d8>)
200007b0:	e60f      	b.n	200003d2 <dcd_rp2040_irq+0x3a>
200007b2:	2200      	movs	r2, #0
200007b4:	4832      	ldr	r0, [pc, #200]	@ (20000880 <dcd_rp2040_irq+0x4e8>)
200007b6:	f883 217c 	strb.w	r2, [r3, #380]	@ 0x17c
200007ba:	4635      	mov	r5, r6
200007bc:	f000 f99c 	bl	20000af8 <hw_endpoint_start_next_buffer>
200007c0:	4b2b      	ldr	r3, [pc, #172]	@ (20000870 <dcd_rp2040_irq+0x4d8>)
200007c2:	e615      	b.n	200003f0 <dcd_rp2040_irq+0x58>
200007c4:	2200      	movs	r2, #0
200007c6:	482f      	ldr	r0, [pc, #188]	@ (20000884 <dcd_rp2040_irq+0x4ec>)
200007c8:	f883 21bc 	strb.w	r2, [r3, #444]	@ 0x1bc
200007cc:	4635      	mov	r5, r6
200007ce:	f000 f993 	bl	20000af8 <hw_endpoint_start_next_buffer>
200007d2:	4b27      	ldr	r3, [pc, #156]	@ (20000870 <dcd_rp2040_irq+0x4d8>)
200007d4:	e611      	b.n	200003fa <dcd_rp2040_irq+0x62>
200007d6:	2200      	movs	r2, #0
200007d8:	482b      	ldr	r0, [pc, #172]	@ (20000888 <dcd_rp2040_irq+0x4f0>)
200007da:	f883 21fc 	strb.w	r2, [r3, #508]	@ 0x1fc
200007de:	4635      	mov	r5, r6
200007e0:	f000 f98a 	bl	20000af8 <hw_endpoint_start_next_buffer>
200007e4:	4b22      	ldr	r3, [pc, #136]	@ (20000870 <dcd_rp2040_irq+0x4d8>)
200007e6:	e60d      	b.n	20000404 <dcd_rp2040_irq+0x6c>
200007e8:	2200      	movs	r2, #0
200007ea:	4828      	ldr	r0, [pc, #160]	@ (2000088c <dcd_rp2040_irq+0x4f4>)
200007ec:	f883 223c 	strb.w	r2, [r3, #572]	@ 0x23c
200007f0:	4635      	mov	r5, r6
200007f2:	f000 f981 	bl	20000af8 <hw_endpoint_start_next_buffer>
200007f6:	4b1e      	ldr	r3, [pc, #120]	@ (20000870 <dcd_rp2040_irq+0x4d8>)
200007f8:	e609      	b.n	2000040e <dcd_rp2040_irq+0x76>
200007fa:	2200      	movs	r2, #0
200007fc:	4824      	ldr	r0, [pc, #144]	@ (20000890 <dcd_rp2040_irq+0x4f8>)
200007fe:	f883 227c 	strb.w	r2, [r3, #636]	@ 0x27c
20000802:	4635      	mov	r5, r6
20000804:	f000 f978 	bl	20000af8 <hw_endpoint_start_next_buffer>
20000808:	4b19      	ldr	r3, [pc, #100]	@ (20000870 <dcd_rp2040_irq+0x4d8>)
2000080a:	e605      	b.n	20000418 <dcd_rp2040_irq+0x80>
2000080c:	2200      	movs	r2, #0
2000080e:	4821      	ldr	r0, [pc, #132]	@ (20000894 <dcd_rp2040_irq+0x4fc>)
20000810:	f883 20fc 	strb.w	r2, [r3, #252]	@ 0xfc
20000814:	4635      	mov	r5, r6
20000816:	f000 f96f 	bl	20000af8 <hw_endpoint_start_next_buffer>
2000081a:	4b15      	ldr	r3, [pc, #84]	@ (20000870 <dcd_rp2040_irq+0x4d8>)
2000081c:	e5de      	b.n	200003dc <dcd_rp2040_irq+0x44>
2000081e:	2200      	movs	r2, #0
20000820:	481d      	ldr	r0, [pc, #116]	@ (20000898 <dcd_rp2040_irq+0x500>)
20000822:	f883 213c 	strb.w	r2, [r3, #316]	@ 0x13c
20000826:	4635      	mov	r5, r6
20000828:	f000 f966 	bl	20000af8 <hw_endpoint_start_next_buffer>
2000082c:	4b10      	ldr	r3, [pc, #64]	@ (20000870 <dcd_rp2040_irq+0x4d8>)
2000082e:	e5da      	b.n	200003e6 <dcd_rp2040_irq+0x4e>
20000830:	2200      	movs	r2, #0
20000832:	481a      	ldr	r0, [pc, #104]	@ (2000089c <dcd_rp2040_irq+0x504>)
20000834:	f883 207c 	strb.w	r2, [r3, #124]	@ 0x7c
20000838:	4635      	mov	r5, r6
2000083a:	f000 f95d 	bl	20000af8 <hw_endpoint_start_next_buffer>
2000083e:	4b0c      	ldr	r3, [pc, #48]	@ (20000870 <dcd_rp2040_irq+0x4d8>)
20000840:	e5c2      	b.n	200003c8 <dcd_rp2040_irq+0x30>
20000842:	2200      	movs	r2, #0
20000844:	4816      	ldr	r0, [pc, #88]	@ (200008a0 <dcd_rp2040_irq+0x508>)
20000846:	f883 237c 	strb.w	r2, [r3, #892]	@ 0x37c
2000084a:	f000 f955 	bl	20000af8 <hw_endpoint_start_next_buffer>
2000084e:	4b08      	ldr	r3, [pc, #32]	@ (20000870 <dcd_rp2040_irq+0x4d8>)
20000850:	e6b7      	b.n	200005c2 <dcd_rp2040_irq+0x22a>
20000852:	2200      	movs	r2, #0
20000854:	4813      	ldr	r0, [pc, #76]	@ (200008a4 <dcd_rp2040_irq+0x50c>)
20000856:	f883 23bc 	strb.w	r2, [r3, #956]	@ 0x3bc
2000085a:	f000 f94d 	bl	20000af8 <hw_endpoint_start_next_buffer>
2000085e:	4b04      	ldr	r3, [pc, #16]	@ (20000870 <dcd_rp2040_irq+0x4d8>)
20000860:	e778      	b.n	20000754 <dcd_rp2040_irq+0x3bc>
20000862:	4811      	ldr	r0, [pc, #68]	@ (200008a8 <dcd_rp2040_irq+0x510>)
20000864:	ea85 0104 	eor.w	r1, r5, r4
20000868:	f000 faaa 	bl	20000dc0 <__panic_veneer>
2000086c:	200057d0 	.word	0x200057d0
20000870:	200054b0 	.word	0x200054b0
20000874:	20005750 	.word	0x20005750
20000878:	20005790 	.word	0x20005790
2000087c:	20005550 	.word	0x20005550
20000880:	20005610 	.word	0x20005610
20000884:	20005650 	.word	0x20005650
20000888:	20005690 	.word	0x20005690
2000088c:	200056d0 	.word	0x200056d0
20000890:	20005710 	.word	0x20005710
20000894:	20005590 	.word	0x20005590
20000898:	200055d0 	.word	0x200055d0
2000089c:	20005510 	.word	0x20005510
200008a0:	20005810 	.word	0x20005810
200008a4:	20005850 	.word	0x20005850
200008a8:	1000502c 	.word	0x1000502c

200008ac <prepare_ep_buffer>:
200008ac:	e92d 43f0 	stmdb	sp!, {r4, r5, r6, r7, r8, r9, lr}
200008b0:	8a82      	ldrh	r2, [r0, #20]
200008b2:	f8b0 e018 	ldrh.w	lr, [r0, #24]
200008b6:	4603      	mov	r3, r0
200008b8:	4596      	cmp	lr, r2
200008ba:	78c0      	ldrb	r0, [r0, #3]
200008bc:	bf28      	it	cs
200008be:	4696      	movcs	lr, r2
200008c0:	1e04      	subs	r4, r0, #0
200008c2:	bf18      	it	ne
200008c4:	2401      	movne	r4, #1
200008c6:	f080 0001 	eor.w	r0, r0, #1
200008ca:	460d      	mov	r5, r1
200008cc:	eba2 020e 	sub.w	r2, r2, lr
200008d0:	7859      	ldrb	r1, [r3, #1]
200008d2:	70d8      	strb	r0, [r3, #3]
200008d4:	b292      	uxth	r2, r2
200008d6:	f44e 6080 	orr.w	r0, lr, #1024	@ 0x400
200008da:	829a      	strh	r2, [r3, #20]
200008dc:	ea40 3044 	orr.w	r0, r0, r4, lsl #13
200008e0:	bba1      	cbnz	r1, 2000094c <prepare_ep_buffer+0xa0>
200008e2:	6919      	ldr	r1, [r3, #16]
200008e4:	f1be 0f00 	cmp.w	lr, #0
200008e8:	d02c      	beq.n	20000944 <prepare_ep_buffer+0x98>
200008ea:	f10e 34ff 	add.w	r4, lr, #4294967295	@ 0xffffffff
200008ee:	68da      	ldr	r2, [r3, #12]
200008f0:	2c05      	cmp	r4, #5
200008f2:	46a1      	mov	r9, r4
200008f4:	eb02 1885 	add.w	r8, r2, r5, lsl #6
200008f8:	d92f      	bls.n	2000095a <prepare_ep_buffer+0xae>
200008fa:	eba8 0401 	sub.w	r4, r8, r1
200008fe:	3c01      	subs	r4, #1
20000900:	2c02      	cmp	r4, #2
20000902:	46c4      	mov	ip, r8
20000904:	460a      	mov	r2, r1
20000906:	d928      	bls.n	2000095a <prepare_ep_buffer+0xae>
20000908:	ea4f 079e 	mov.w	r7, lr, lsr #2
2000090c:	eb01 0687 	add.w	r6, r1, r7, lsl #2
20000910:	f852 4b04 	ldr.w	r4, [r2], #4
20000914:	4296      	cmp	r6, r2
20000916:	f84c 4b04 	str.w	r4, [ip], #4
2000091a:	d1f9      	bne.n	20000910 <prepare_ep_buffer+0x64>
2000091c:	ebbe 0f87 	cmp.w	lr, r7, lsl #2
20000920:	d00e      	beq.n	20000940 <prepare_ep_buffer+0x94>
20000922:	f811 2027 	ldrb.w	r2, [r1, r7, lsl #2]
20000926:	ebb9 0187 	subs.w	r1, r9, r7, lsl #2
2000092a:	f808 2027 	strb.w	r2, [r8, r7, lsl #2]
2000092e:	eb08 0287 	add.w	r2, r8, r7, lsl #2
20000932:	d005      	beq.n	20000940 <prepare_ep_buffer+0x94>
20000934:	7874      	ldrb	r4, [r6, #1]
20000936:	2901      	cmp	r1, #1
20000938:	7054      	strb	r4, [r2, #1]
2000093a:	d001      	beq.n	20000940 <prepare_ep_buffer+0x94>
2000093c:	78b1      	ldrb	r1, [r6, #2]
2000093e:	7091      	strb	r1, [r2, #2]
20000940:	6919      	ldr	r1, [r3, #16]
20000942:	8a9a      	ldrh	r2, [r3, #20]
20000944:	4471      	add	r1, lr
20000946:	6119      	str	r1, [r3, #16]
20000948:	f440 4000 	orr.w	r0, r0, #32768	@ 0x8000
2000094c:	b90a      	cbnz	r2, 20000952 <prepare_ep_buffer+0xa6>
2000094e:	f440 4080 	orr.w	r0, r0, #16384	@ 0x4000
20000952:	b105      	cbz	r5, 20000956 <prepare_ep_buffer+0xaa>
20000954:	0400      	lsls	r0, r0, #16
20000956:	e8bd 83f0 	ldmia.w	sp!, {r4, r5, r6, r7, r8, r9, pc}
2000095a:	f108 32ff 	add.w	r2, r8, #4294967295	@ 0xffffffff
2000095e:	eb01 060e 	add.w	r6, r1, lr
20000962:	f811 4b01 	ldrb.w	r4, [r1], #1
20000966:	42b1      	cmp	r1, r6
20000968:	f802 4f01 	strb.w	r4, [r2, #1]!
2000096c:	d1f9      	bne.n	20000962 <prepare_ep_buffer+0xb6>
2000096e:	e7e7      	b.n	20000940 <prepare_ep_buffer+0x94>

20000970 <sync_ep_buffer>:
20000970:	6883      	ldr	r3, [r0, #8]
20000972:	e92d 41f0 	stmdb	sp!, {r4, r5, r6, r7, r8, lr}
20000976:	4605      	mov	r5, r0
20000978:	6818      	ldr	r0, [r3, #0]
2000097a:	b101      	cbz	r1, 2000097e <sync_ep_buffer+0xe>
2000097c:	0c00      	lsrs	r0, r0, #16
2000097e:	786a      	ldrb	r2, [r5, #1]
20000980:	f3c0 0009 	ubfx	r0, r0, #0, #10
20000984:	b94a      	cbnz	r2, 2000099a <sync_ep_buffer+0x2a>
20000986:	8aeb      	ldrh	r3, [r5, #22]
20000988:	4403      	add	r3, r0
2000098a:	82eb      	strh	r3, [r5, #22]
2000098c:	8b2b      	ldrh	r3, [r5, #24]
2000098e:	4283      	cmp	r3, r0
20000990:	bf84      	itt	hi
20000992:	2300      	movhi	r3, #0
20000994:	82ab      	strhhi	r3, [r5, #20]
20000996:	e8bd 81f0 	ldmia.w	sp!, {r4, r5, r6, r7, r8, pc}
2000099a:	f8d5 c010 	ldr.w	ip, [r5, #16]
2000099e:	b388      	cbz	r0, 20000a04 <sync_ep_buffer+0x94>
200009a0:	1e42      	subs	r2, r0, #1
200009a2:	68eb      	ldr	r3, [r5, #12]
200009a4:	2a05      	cmp	r2, #5
200009a6:	4616      	mov	r6, r2
200009a8:	eb03 1e81 	add.w	lr, r3, r1, lsl #6
200009ac:	d931      	bls.n	20000a12 <sync_ep_buffer+0xa2>
200009ae:	0189      	lsls	r1, r1, #6
200009b0:	1c4c      	adds	r4, r1, #1
200009b2:	441c      	add	r4, r3
200009b4:	ebac 0404 	sub.w	r4, ip, r4
200009b8:	2c02      	cmp	r4, #2
200009ba:	4662      	mov	r2, ip
200009bc:	d929      	bls.n	20000a12 <sync_ep_buffer+0xa2>
200009be:	f400 717f 	and.w	r1, r0, #1020	@ 0x3fc
200009c2:	4673      	mov	r3, lr
200009c4:	460f      	mov	r7, r1
200009c6:	ea4f 0890 	mov.w	r8, r0, lsr #2
200009ca:	185c      	adds	r4, r3, r1
200009cc:	f853 1b04 	ldr.w	r1, [r3], #4
200009d0:	42a3      	cmp	r3, r4
200009d2:	f842 1b04 	str.w	r1, [r2], #4
200009d6:	d1f9      	bne.n	200009cc <sync_ep_buffer+0x5c>
200009d8:	42b8      	cmp	r0, r7
200009da:	d011      	beq.n	20000a00 <sync_ep_buffer+0x90>
200009dc:	f81e 3028 	ldrb.w	r3, [lr, r8, lsl #2]
200009e0:	44be      	add	lr, r7
200009e2:	f80c 3028 	strb.w	r3, [ip, r8, lsl #2]
200009e6:	1bf3      	subs	r3, r6, r7
200009e8:	44bc      	add	ip, r7
200009ea:	d009      	beq.n	20000a00 <sync_ep_buffer+0x90>
200009ec:	f89e 2001 	ldrb.w	r2, [lr, #1]
200009f0:	2b01      	cmp	r3, #1
200009f2:	f88c 2001 	strb.w	r2, [ip, #1]
200009f6:	d003      	beq.n	20000a00 <sync_ep_buffer+0x90>
200009f8:	f89e 3002 	ldrb.w	r3, [lr, #2]
200009fc:	f88c 3002 	strb.w	r3, [ip, #2]
20000a00:	f8d5 c010 	ldr.w	ip, [r5, #16]
20000a04:	8aea      	ldrh	r2, [r5, #22]
20000a06:	eb0c 0300 	add.w	r3, ip, r0
20000a0a:	4402      	add	r2, r0
20000a0c:	82ea      	strh	r2, [r5, #22]
20000a0e:	612b      	str	r3, [r5, #16]
20000a10:	e7bc      	b.n	2000098c <sync_ep_buffer+0x1c>
20000a12:	f10c 3cff 	add.w	ip, ip, #4294967295	@ 0xffffffff
20000a16:	eb0e 0200 	add.w	r2, lr, r0
20000a1a:	f81e 3b01 	ldrb.w	r3, [lr], #1
20000a1e:	4572      	cmp	r2, lr
20000a20:	f80c 3f01 	strb.w	r3, [ip, #1]!
20000a24:	d1f9      	bne.n	20000a1a <sync_ep_buffer+0xaa>
20000a26:	e7eb      	b.n	20000a00 <sync_ep_buffer+0x90>

20000a28 <_hw_endpoint_xfer_sync>:
20000a28:	b510      	push	{r4, lr}
20000a2a:	4604      	mov	r4, r0
20000a2c:	6883      	ldr	r3, [r0, #8]
20000a2e:	2100      	movs	r1, #0
20000a30:	681b      	ldr	r3, [r3, #0]
20000a32:	f7ff ff9d 	bl	20000970 <sync_ep_buffer>
20000a36:	6863      	ldr	r3, [r4, #4]
20000a38:	681b      	ldr	r3, [r3, #0]
20000a3a:	005b      	lsls	r3, r3, #1
20000a3c:	d502      	bpl.n	20000a44 <_hw_endpoint_xfer_sync+0x1c>
20000a3e:	8b23      	ldrh	r3, [r4, #24]
20000a40:	4283      	cmp	r3, r0
20000a42:	d000      	beq.n	20000a46 <_hw_endpoint_xfer_sync+0x1e>
20000a44:	bd10      	pop	{r4, pc}
20000a46:	4620      	mov	r0, r4
20000a48:	e8bd 4010 	ldmia.w	sp!, {r4, lr}
20000a4c:	2101      	movs	r1, #1
20000a4e:	f7ff bf8f 	b.w	20000970 <sync_ep_buffer>
20000a52:	bf00      	nop

20000a54 <e15_is_bulkin_ep>:
20000a54:	4b08      	ldr	r3, [pc, #32]	@ (20000a78 <e15_is_bulkin_ep+0x24>)
20000a56:	6c1b      	ldr	r3, [r3, #64]	@ 0x40
20000a58:	f013 0302 	ands.w	r3, r3, #2
20000a5c:	d102      	bne.n	20000a64 <e15_is_bulkin_ep+0x10>
20000a5e:	7882      	ldrb	r2, [r0, #2]
20000a60:	09d2      	lsrs	r2, r2, #7
20000a62:	d101      	bne.n	20000a68 <e15_is_bulkin_ep+0x14>
20000a64:	2000      	movs	r0, #0
20000a66:	4770      	bx	lr
20000a68:	7ec0      	ldrb	r0, [r0, #27]
20000a6a:	f1a0 0002 	sub.w	r0, r0, #2
20000a6e:	fab0 f080 	clz	r0, r0
20000a72:	0940      	lsrs	r0, r0, #5
20000a74:	4770      	bx	lr
20000a76:	bf00      	nop
20000a78:	50110000 	.word	0x50110000

20000a7c <e15_is_critical_frame_period>:
20000a7c:	b508      	push	{r3, lr}
20000a7e:	f7ff ffe9 	bl	20000a54 <e15_is_bulkin_ep>
20000a82:	b150      	cbz	r0, 20000a9a <e15_is_critical_frame_period+0x1e>
20000a84:	4a05      	ldr	r2, [pc, #20]	@ (20000a9c <e15_is_critical_frame_period+0x20>)
20000a86:	4b06      	ldr	r3, [pc, #24]	@ (20000aa0 <e15_is_critical_frame_period+0x24>)
20000a88:	6a90      	ldr	r0, [r2, #40]	@ 0x28
20000a8a:	681b      	ldr	r3, [r3, #0]
20000a8c:	f5a0 7048 	sub.w	r0, r0, #800	@ 0x320
20000a90:	1ac0      	subs	r0, r0, r3
20000a92:	28c6      	cmp	r0, #198	@ 0xc6
20000a94:	bf8c      	ite	hi
20000a96:	2000      	movhi	r0, #0
20000a98:	2001      	movls	r0, #1
20000a9a:	bd08      	pop	{r3, pc}
20000a9c:	400b0000 	.word	0x400b0000
20000aa0:	200054a8 	.word	0x200054a8

20000aa4 <hw_endpoint_reset_transfer>:
20000aa4:	2300      	movs	r3, #0
20000aa6:	e9c0 3304 	strd	r3, r3, [r0, #16]
20000aaa:	7683      	strb	r3, [r0, #26]
20000aac:	4770      	bx	lr
20000aae:	bf00      	nop

20000ab0 <_hw_endpoint_buffer_control_update32>:
20000ab0:	b508      	push	{r3, lr}
20000ab2:	6883      	ldr	r3, [r0, #8]
20000ab4:	b119      	cbz	r1, 20000abe <_hw_endpoint_buffer_control_update32+0xe>
20000ab6:	f8d3 c000 	ldr.w	ip, [r3]
20000aba:	ea01 010c 	and.w	r1, r1, ip
20000abe:	b18a      	cbz	r2, 20000ae4 <_hw_endpoint_buffer_control_update32+0x34>
20000ac0:	4311      	orrs	r1, r2
20000ac2:	0552      	lsls	r2, r2, #21
20000ac4:	d50e      	bpl.n	20000ae4 <_hw_endpoint_buffer_control_update32+0x34>
20000ac6:	681a      	ldr	r2, [r3, #0]
20000ac8:	0552      	lsls	r2, r2, #21
20000aca:	d40d      	bmi.n	20000ae8 <_hw_endpoint_buffer_control_update32+0x38>
20000acc:	4a08      	ldr	r2, [pc, #32]	@ (20000af0 <_hw_endpoint_buffer_control_update32+0x40>)
20000ace:	f421 6c80 	bic.w	ip, r1, #1024	@ 0x400
20000ad2:	f8c3 c000 	str.w	ip, [r3]
20000ad6:	6c12      	ldr	r2, [r2, #64]	@ 0x40
20000ad8:	0792      	lsls	r2, r2, #30
20000ada:	d403      	bmi.n	20000ae4 <_hw_endpoint_buffer_control_update32+0x34>
20000adc:	230c      	movs	r3, #12
20000ade:	3b03      	subs	r3, #3
20000ae0:	d2fd      	bcs.n	20000ade <_hw_endpoint_buffer_control_update32+0x2e>
20000ae2:	6883      	ldr	r3, [r0, #8]
20000ae4:	6019      	str	r1, [r3, #0]
20000ae6:	bd08      	pop	{r3, pc}
20000ae8:	7881      	ldrb	r1, [r0, #2]
20000aea:	4802      	ldr	r0, [pc, #8]	@ (20000af4 <_hw_endpoint_buffer_control_update32+0x44>)
20000aec:	f000 f968 	bl	20000dc0 <__panic_veneer>
20000af0:	50110000 	.word	0x50110000
20000af4:	10005040 	.word	0x10005040

20000af8 <hw_endpoint_start_next_buffer>:
20000af8:	b530      	push	{r4, r5, lr}
20000afa:	6843      	ldr	r3, [r0, #4]
20000afc:	2100      	movs	r1, #0
20000afe:	b083      	sub	sp, #12
20000b00:	4605      	mov	r5, r0
20000b02:	681c      	ldr	r4, [r3, #0]
20000b04:	f7ff fed2 	bl	200008ac <prepare_ep_buffer>
20000b08:	4b13      	ldr	r3, [pc, #76]	@ (20000b58 <hw_endpoint_start_next_buffer+0x60>)
20000b0a:	f440 5280 	orr.w	r2, r0, #4096	@ 0x1000
20000b0e:	6c19      	ldr	r1, [r3, #64]	@ 0x40
20000b10:	78ab      	ldrb	r3, [r5, #2]
20000b12:	0789      	lsls	r1, r1, #30
20000b14:	d50e      	bpl.n	20000b34 <hw_endpoint_start_next_buffer+0x3c>
20000b16:	065b      	lsls	r3, r3, #25
20000b18:	d00e      	beq.n	20000b38 <hw_endpoint_start_next_buffer+0x40>
20000b1a:	f024 44a0 	bic.w	r4, r4, #1342177280	@ 0x50000000
20000b1e:	f044 5400 	orr.w	r4, r4, #536870912	@ 0x20000000
20000b22:	2100      	movs	r1, #0
20000b24:	4628      	mov	r0, r5
20000b26:	686b      	ldr	r3, [r5, #4]
20000b28:	601c      	str	r4, [r3, #0]
20000b2a:	b003      	add	sp, #12
20000b2c:	e8bd 4030 	ldmia.w	sp!, {r4, r5, lr}
20000b30:	f7ff bfbe 	b.w	20000ab0 <_hw_endpoint_buffer_control_update32>
20000b34:	09db      	lsrs	r3, r3, #7
20000b36:	d0f0      	beq.n	20000b1a <hw_endpoint_start_next_buffer+0x22>
20000b38:	8aab      	ldrh	r3, [r5, #20]
20000b3a:	2b00      	cmp	r3, #0
20000b3c:	d0ed      	beq.n	20000b1a <hw_endpoint_start_next_buffer+0x22>
20000b3e:	2101      	movs	r1, #1
20000b40:	4628      	mov	r0, r5
20000b42:	9201      	str	r2, [sp, #4]
20000b44:	f7ff feb2 	bl	200008ac <prepare_ep_buffer>
20000b48:	9a01      	ldr	r2, [sp, #4]
20000b4a:	f024 5400 	bic.w	r4, r4, #536870912	@ 0x20000000
20000b4e:	4302      	orrs	r2, r0
20000b50:	f044 44a0 	orr.w	r4, r4, #1342177280	@ 0x50000000
20000b54:	e7e5      	b.n	20000b22 <hw_endpoint_start_next_buffer+0x2a>
20000b56:	bf00      	nop
20000b58:	50110000 	.word	0x50110000

20000b5c <hw_endpoint_xfer_continue>:
20000b5c:	b538      	push	{r3, r4, r5, lr}
20000b5e:	7e85      	ldrb	r5, [r0, #26]
20000b60:	4604      	mov	r4, r0
20000b62:	b195      	cbz	r5, 20000b8a <hw_endpoint_xfer_continue+0x2e>
20000b64:	f7ff ff60 	bl	20000a28 <_hw_endpoint_xfer_sync>
20000b68:	8aa3      	ldrh	r3, [r4, #20]
20000b6a:	b90b      	cbnz	r3, 20000b70 <hw_endpoint_xfer_continue+0x14>
20000b6c:	4628      	mov	r0, r5
20000b6e:	bd38      	pop	{r3, r4, r5, pc}
20000b70:	4620      	mov	r0, r4
20000b72:	f7ff ff83 	bl	20000a7c <e15_is_critical_frame_period>
20000b76:	b120      	cbz	r0, 20000b82 <hw_endpoint_xfer_continue+0x26>
20000b78:	2301      	movs	r3, #1
20000b7a:	7723      	strb	r3, [r4, #28]
20000b7c:	2500      	movs	r5, #0
20000b7e:	4628      	mov	r0, r5
20000b80:	bd38      	pop	{r3, r4, r5, pc}
20000b82:	4620      	mov	r0, r4
20000b84:	f7ff ffb8 	bl	20000af8 <hw_endpoint_start_next_buffer>
20000b88:	e7f8      	b.n	20000b7c <hw_endpoint_xfer_continue+0x20>
20000b8a:	7881      	ldrb	r1, [r0, #2]
20000b8c:	4801      	ldr	r0, [pc, #4]	@ (20000b94 <hw_endpoint_xfer_continue+0x38>)
20000b8e:	f000 f917 	bl	20000dc0 <__panic_veneer>
20000b92:	bf00      	nop
20000b94:	10005060 	.word	0x10005060

20000b98 <dcd_event_handler>:
20000b98:	b570      	push	{r4, r5, r6, lr}
20000b9a:	7843      	ldrb	r3, [r0, #1]
20000b9c:	4604      	mov	r4, r0
20000b9e:	3b02      	subs	r3, #2
20000ba0:	460e      	mov	r6, r1
20000ba2:	b086      	sub	sp, #24
20000ba4:	2b04      	cmp	r3, #4
20000ba6:	d813      	bhi.n	20000bd0 <dcd_event_handler+0x38>
20000ba8:	e8df f003 	tbb	[pc, r3]
20000bac:	72694903 	.word	0x72694903
20000bb0:	44          	.byte	0x44
20000bb1:	00          	.byte	0x00
20000bb2:	2100      	movs	r1, #0
20000bb4:	4b78      	ldr	r3, [pc, #480]	@ (20000d98 <dcd_event_handler+0x200>)
20000bb6:	781a      	ldrb	r2, [r3, #0]
20000bb8:	f022 0201 	bic.w	r2, r2, #1
20000bbc:	701a      	strb	r2, [r3, #0]
20000bbe:	781a      	ldrb	r2, [r3, #0]
20000bc0:	f022 0202 	bic.w	r2, r2, #2
20000bc4:	701a      	strb	r2, [r3, #0]
20000bc6:	7059      	strb	r1, [r3, #1]
20000bc8:	781a      	ldrb	r2, [r3, #0]
20000bca:	f361 0282 	bfi	r2, r1, #2, #1
20000bce:	701a      	strb	r2, [r3, #0]
20000bd0:	4b72      	ldr	r3, [pc, #456]	@ (20000d9c <dcd_event_handler+0x204>)
20000bd2:	681b      	ldr	r3, [r3, #0]
20000bd4:	695a      	ldr	r2, [r3, #20]
20000bd6:	f3ef 8010 	mrs	r0, PRIMASK
20000bda:	b672      	cpsid	i
20000bdc:	e8d2 cfcf 	ldaexb	ip, [r2]
20000be0:	2101      	movs	r1, #1
20000be2:	f1bc 0f00 	cmp.w	ip, #0
20000be6:	d1f9      	bne.n	20000bdc <dcd_event_handler+0x44>
20000be8:	e8c2 1f4c 	strexb	ip, r1, [r2]
20000bec:	f1bc 0f00 	cmp.w	ip, #0
20000bf0:	d1f4      	bne.n	20000bdc <dcd_event_handler+0x44>
20000bf2:	f3bf 8f5f 	dmb	sy
20000bf6:	4621      	mov	r1, r4
20000bf8:	6198      	str	r0, [r3, #24]
20000bfa:	4618      	mov	r0, r3
20000bfc:	9301      	str	r3, [sp, #4]
20000bfe:	f000 f8e3 	bl	20000dc8 <__tu_fifo_write_veneer>
20000c02:	9b01      	ldr	r3, [sp, #4]
20000c04:	2200      	movs	r2, #0
20000c06:	6959      	ldr	r1, [r3, #20]
20000c08:	e8c1 2f8f 	stlb	r2, [r1]
20000c0c:	699b      	ldr	r3, [r3, #24]
20000c0e:	f383 8810 	msr	PRIMASK, r3
20000c12:	b940      	cbnz	r0, 20000c26 <dcd_event_handler+0x8e>
20000c14:	f04f 23e0 	mov.w	r3, #3758153728	@ 0xe000e000
20000c18:	f8d3 3df0 	ldr.w	r3, [r3, #3568]	@ 0xdf0
20000c1c:	07db      	lsls	r3, r3, #31
20000c1e:	d507      	bpl.n	20000c30 <dcd_event_handler+0x98>
20000c20:	be00      	bkpt	0x0000
20000c22:	b006      	add	sp, #24
20000c24:	bd70      	pop	{r4, r5, r6, pc}
20000c26:	4632      	mov	r2, r6
20000c28:	7861      	ldrb	r1, [r4, #1]
20000c2a:	7820      	ldrb	r0, [r4, #0]
20000c2c:	f000 f8c4 	bl	20000db8 <__tud_event_hook_cb_veneer>
20000c30:	b006      	add	sp, #24
20000c32:	bd70      	pop	{r4, r5, r6, pc}
20000c34:	4a5a      	ldr	r2, [pc, #360]	@ (20000da0 <dcd_event_handler+0x208>)
20000c36:	7813      	ldrb	r3, [r2, #0]
20000c38:	3301      	adds	r3, #1
20000c3a:	7013      	strb	r3, [r2, #0]
20000c3c:	e7c8      	b.n	20000bd0 <dcd_event_handler+0x38>
20000c3e:	2300      	movs	r3, #0
20000c40:	4a58      	ldr	r2, [pc, #352]	@ (20000da4 <dcd_event_handler+0x20c>)
20000c42:	7810      	ldrb	r0, [r2, #0]
20000c44:	461a      	mov	r2, r3
20000c46:	e013      	b.n	20000c70 <dcd_event_handler+0xd8>
20000c48:	4a57      	ldr	r2, [pc, #348]	@ (20000da8 <dcd_event_handler+0x210>)
20000c4a:	6812      	ldr	r2, [r2, #0]
20000c4c:	eb12 1243 	adds.w	r2, r2, r3, lsl #5
20000c50:	d008      	beq.n	20000c64 <dcd_event_handler+0xcc>
20000c52:	69d2      	ldr	r2, [r2, #28]
20000c54:	b132      	cbz	r2, 20000c64 <dcd_event_handler+0xcc>
20000c56:	7820      	ldrb	r0, [r4, #0]
20000c58:	6861      	ldr	r1, [r4, #4]
20000c5a:	9301      	str	r3, [sp, #4]
20000c5c:	4790      	blx	r2
20000c5e:	4b51      	ldr	r3, [pc, #324]	@ (20000da4 <dcd_event_handler+0x20c>)
20000c60:	7818      	ldrb	r0, [r3, #0]
20000c62:	9b01      	ldr	r3, [sp, #4]
20000c64:	3301      	adds	r3, #1
20000c66:	b2db      	uxtb	r3, r3
20000c68:	1c41      	adds	r1, r0, #1
20000c6a:	4299      	cmp	r1, r3
20000c6c:	461a      	mov	r2, r3
20000c6e:	db18      	blt.n	20000ca2 <dcd_event_handler+0x10a>
20000c70:	4298      	cmp	r0, r3
20000c72:	d8e9      	bhi.n	20000c48 <dcd_event_handler+0xb0>
20000c74:	494d      	ldr	r1, [pc, #308]	@ (20000dac <dcd_event_handler+0x214>)
20000c76:	1a12      	subs	r2, r2, r0
20000c78:	eb01 1242 	add.w	r2, r1, r2, lsl #5
20000c7c:	e7e9      	b.n	20000c52 <dcd_event_handler+0xba>
20000c7e:	4b46      	ldr	r3, [pc, #280]	@ (20000d98 <dcd_event_handler+0x200>)
20000c80:	781a      	ldrb	r2, [r3, #0]
20000c82:	07d2      	lsls	r2, r2, #31
20000c84:	d5d4      	bpl.n	20000c30 <dcd_event_handler+0x98>
20000c86:	781a      	ldrb	r2, [r3, #0]
20000c88:	f042 0204 	orr.w	r2, r2, #4
20000c8c:	701a      	strb	r2, [r3, #0]
20000c8e:	e79f      	b.n	20000bd0 <dcd_event_handler+0x38>
20000c90:	4b41      	ldr	r3, [pc, #260]	@ (20000d98 <dcd_event_handler+0x200>)
20000c92:	781a      	ldrb	r2, [r3, #0]
20000c94:	07d5      	lsls	r5, r2, #31
20000c96:	d5cb      	bpl.n	20000c30 <dcd_event_handler+0x98>
20000c98:	781a      	ldrb	r2, [r3, #0]
20000c9a:	f022 0204 	bic.w	r2, r2, #4
20000c9e:	701a      	strb	r2, [r3, #0]
20000ca0:	e796      	b.n	20000bd0 <dcd_event_handler+0x38>
20000ca2:	4b3d      	ldr	r3, [pc, #244]	@ (20000d98 <dcd_event_handler+0x200>)
20000ca4:	781a      	ldrb	r2, [r3, #0]
20000ca6:	0750      	lsls	r0, r2, #29
20000ca8:	d433      	bmi.n	20000d12 <dcd_event_handler+0x17a>
20000caa:	78db      	ldrb	r3, [r3, #3]
20000cac:	07da      	lsls	r2, r3, #31
20000cae:	d5bf      	bpl.n	20000c30 <dcd_event_handler+0x98>
20000cb0:	2203      	movs	r2, #3
20000cb2:	4b3a      	ldr	r3, [pc, #232]	@ (20000d9c <dcd_event_handler+0x204>)
20000cb4:	7820      	ldrb	r0, [r4, #0]
20000cb6:	6861      	ldr	r1, [r4, #4]
20000cb8:	681b      	ldr	r3, [r3, #0]
20000cba:	f88d 000c 	strb.w	r0, [sp, #12]
20000cbe:	f88d 200d 	strb.w	r2, [sp, #13]
20000cc2:	695a      	ldr	r2, [r3, #20]
20000cc4:	9104      	str	r1, [sp, #16]
20000cc6:	f3ef 8110 	mrs	r1, PRIMASK
20000cca:	b672      	cpsid	i
20000ccc:	e8d2 4fcf 	ldaexb	r4, [r2]
20000cd0:	2001      	movs	r0, #1
20000cd2:	2c00      	cmp	r4, #0
20000cd4:	d1fa      	bne.n	20000ccc <dcd_event_handler+0x134>
20000cd6:	e8c2 0f44 	strexb	r4, r0, [r2]
20000cda:	2c00      	cmp	r4, #0
20000cdc:	d1f6      	bne.n	20000ccc <dcd_event_handler+0x134>
20000cde:	f3bf 8f5f 	dmb	sy
20000ce2:	6199      	str	r1, [r3, #24]
20000ce4:	4618      	mov	r0, r3
20000ce6:	a903      	add	r1, sp, #12
20000ce8:	9301      	str	r3, [sp, #4]
20000cea:	f000 f86d 	bl	20000dc8 <__tu_fifo_write_veneer>
20000cee:	9b01      	ldr	r3, [sp, #4]
20000cf0:	2200      	movs	r2, #0
20000cf2:	6959      	ldr	r1, [r3, #20]
20000cf4:	e8c1 2f8f 	stlb	r2, [r1]
20000cf8:	699b      	ldr	r3, [r3, #24]
20000cfa:	f383 8810 	msr	PRIMASK, r3
20000cfe:	2800      	cmp	r0, #0
20000d00:	d088      	beq.n	20000c14 <dcd_event_handler+0x7c>
20000d02:	4632      	mov	r2, r6
20000d04:	f89d 100d 	ldrb.w	r1, [sp, #13]
20000d08:	f89d 000c 	ldrb.w	r0, [sp, #12]
20000d0c:	f000 f854 	bl	20000db8 <__tud_event_hook_cb_veneer>
20000d10:	e78e      	b.n	20000c30 <dcd_event_handler+0x98>
20000d12:	2500      	movs	r5, #0
20000d14:	2005      	movs	r0, #5
20000d16:	7819      	ldrb	r1, [r3, #0]
20000d18:	e9cd 5504 	strd	r5, r5, [sp, #16]
20000d1c:	f021 0104 	bic.w	r1, r1, #4
20000d20:	9503      	str	r5, [sp, #12]
20000d22:	7019      	strb	r1, [r3, #0]
20000d24:	f88d 000d 	strb.w	r0, [sp, #13]
20000d28:	4a1c      	ldr	r2, [pc, #112]	@ (20000d9c <dcd_event_handler+0x204>)
20000d2a:	7821      	ldrb	r1, [r4, #0]
20000d2c:	6812      	ldr	r2, [r2, #0]
20000d2e:	f88d 100c 	strb.w	r1, [sp, #12]
20000d32:	6951      	ldr	r1, [r2, #20]
20000d34:	f3ef 8010 	mrs	r0, PRIMASK
20000d38:	b672      	cpsid	i
20000d3a:	e8d1 efcf 	ldaexb	lr, [r1]
20000d3e:	f05f 0c01 	movs.w	ip, #1
20000d42:	f1be 0f00 	cmp.w	lr, #0
20000d46:	d1f8      	bne.n	20000d3a <dcd_event_handler+0x1a2>
20000d48:	e8c1 cf4e 	strexb	lr, ip, [r1]
20000d4c:	f1be 0f00 	cmp.w	lr, #0
20000d50:	d1f3      	bne.n	20000d3a <dcd_event_handler+0x1a2>
20000d52:	f3bf 8f5f 	dmb	sy
20000d56:	6190      	str	r0, [r2, #24]
20000d58:	a903      	add	r1, sp, #12
20000d5a:	4610      	mov	r0, r2
20000d5c:	9201      	str	r2, [sp, #4]
20000d5e:	f000 f833 	bl	20000dc8 <__tu_fifo_write_veneer>
20000d62:	9a01      	ldr	r2, [sp, #4]
20000d64:	6951      	ldr	r1, [r2, #20]
20000d66:	e8c1 5f8f 	stlb	r5, [r1]
20000d6a:	6992      	ldr	r2, [r2, #24]
20000d6c:	f382 8810 	msr	PRIMASK, r2
20000d70:	4b09      	ldr	r3, [pc, #36]	@ (20000d98 <dcd_event_handler+0x200>)
20000d72:	b938      	cbnz	r0, 20000d84 <dcd_event_handler+0x1ec>
20000d74:	f04f 22e0 	mov.w	r2, #3758153728	@ 0xe000e000
20000d78:	f8d2 2df0 	ldr.w	r2, [r2, #3568]	@ 0xdf0
20000d7c:	07d1      	lsls	r1, r2, #31
20000d7e:	d594      	bpl.n	20000caa <dcd_event_handler+0x112>
20000d80:	be00      	bkpt	0x0000
20000d82:	e792      	b.n	20000caa <dcd_event_handler+0x112>
20000d84:	4632      	mov	r2, r6
20000d86:	f89d 100d 	ldrb.w	r1, [sp, #13]
20000d8a:	f89d 000c 	ldrb.w	r0, [sp, #12]
20000d8e:	f000 f813 	bl	20000db8 <__tud_event_hook_cb_veneer>
20000d92:	4b01      	ldr	r3, [pc, #4]	@ (20000d98 <dcd_event_handler+0x200>)
20000d94:	e789      	b.n	20000caa <dcd_event_handler+0x112>
20000d96:	bf00      	nop
20000d98:	20005048 	.word	0x20005048
20000d9c:	200050a0 	.word	0x200050a0
20000da0:	20005932 	.word	0x20005932
20000da4:	20005930 	.word	0x20005930
20000da8:	20004f40 	.word	0x20004f40
20000dac:	100052a0 	.word	0x100052a0

20000db0 <__time_us_64_veneer>:
20000db0:	f85f f000 	ldr.w	pc, [pc]	@ 20000db4 <__time_us_64_veneer+0x4>
20000db4:	100019b9 	.word	0x100019b9

20000db8 <__tud_event_hook_cb_veneer>:
20000db8:	f85f f000 	ldr.w	pc, [pc]	@ 20000dbc <__tud_event_hook_cb_veneer+0x4>
20000dbc:	10002d0d 	.word	0x10002d0d

20000dc0 <__panic_veneer>:
20000dc0:	f85f f000 	ldr.w	pc, [pc]	@ 20000dc4 <__panic_veneer+0x4>
20000dc4:	10000881 	.word	0x10000881

20000dc8 <__tu_fifo_write_veneer>:
20000dc8:	f85f f000 	ldr.w	pc, [pc]	@ 20000dcc <__tu_fifo_write_veneer+0x4>
20000dcc:	100047c5 	.word	0x100047c5

20000dd0 <__memset_veneer>:
20000dd0:	f85f f000 	ldr.w	pc, [pc]	@ 20000dd4 <__memset_veneer+0x4>
20000dd4:	10004c9d 	.word	0x10004c9d

20000dd8 <__best_effort_wfe_or_timeout_veneer>:
20000dd8:	f85f f000 	ldr.w	pc, [pc]	@ 20000ddc <__best_effort_wfe_or_timeout_veneer+0x4>
20000ddc:	1000188d 	.word	0x1000188d

20000de0 <c_payloadStart>:
20000de0:	6563694c 	.word	0x6563694c
20000de4:	6465736e 	.word	0x6465736e
20000de8:	20796220 	.word	0x20796220
20000dec:	796e6f53 	.word	0x796e6f53
20000df0:	6d6f4320 	.word	0x6d6f4320
20000df4:	65747570 	.word	0x65747570
20000df8:	6e452072 	.word	0x6e452072
20000dfc:	74726574 	.word	0x74726574
20000e00:	6d6e6961 	.word	0x6d6e6961
20000e04:	20746e65 	.word	0x20746e65
20000e08:	2e636e49 	.word	0x2e636e49
20000e0c:	1f000000 	.word	0x1f000000
20000e10:	40803800 	.word	0x40803800
20000e14:	240affff 	.word	0x240affff
20000e18:	3c098003 	.word	0x3c098003
20000e1c:	3c08eb80 	.word	0x3c08eb80
20000e20:	408a5800 	.word	0x408a5800
20000e24:	408a4800 	.word	0x408a4800
20000e28:	40892800 	.word	0x40892800
20000e2c:	40891800 	.word	0x40891800
20000e30:	40883800 	.word	0x40883800
20000e34:	3c088ca7 	.word	0x3c088ca7
20000e38:	ac080024 	.word	0xac080024
20000e3c:	3c0824c6 	.word	0x3c0824c6
20000e40:	3508ffff 	.word	0x3508ffff
20000e44:	ac080028 	.word	0xac080028
20000e48:	3c08ac87 	.word	0x3c08ac87
20000e4c:	ac08002c 	.word	0xac08002c
20000e50:	3c0814c0 	.word	0x3c0814c0
20000e54:	3508fffc 	.word	0x3508fffc
20000e58:	ac080030 	.word	0xac080030
20000e5c:	3c082484 	.word	0x3c082484
20000e60:	35080004 	.word	0x35080004
20000e64:	ac080034 	.word	0xac080034
20000e68:	3c080800 	.word	0x3c080800
20000e6c:	35080028 	.word	0x35080028
20000e70:	ac080038 	.word	0xac080038
20000e74:	3c082409 	.word	0x3c082409
20000e78:	35080044 	.word	0x35080044
20000e7c:	ac08003c 	.word	0xac08003c
20000e80:	3c084080 	.word	0x3c084080
20000e84:	35083800 	.word	0x35083800
20000e88:	ac080040 	.word	0xac080040
20000e8c:	3c083c04 	.word	0x3c083c04
20000e90:	35088001 	.word	0x35088001
20000e94:	ac080044 	.word	0xac080044
20000e98:	3c083484 	.word	0x3c083484
20000e9c:	35087c3c 	.word	0x35087c3c
20000ea0:	ac080048 	.word	0xac080048
20000ea4:	3c083c1f 	.word	0x3c083c1f
20000ea8:	35088001 	.word	0x35088001
20000eac:	ac08004c 	.word	0xac08004c
20000eb0:	3c0837ff 	.word	0x3c0837ff
20000eb4:	3508b964 	.word	0x3508b964
20000eb8:	ac080050 	.word	0xac080050
20000ebc:	3c083c05 	.word	0x3c083c05
20000ec0:	3508bf00 	.word	0x3508bf00
20000ec4:	ac080054 	.word	0xac080054
20000ec8:	3c080800 	.word	0x3c080800
20000ecc:	35080009 	.word	0x35080009
20000ed0:	ac080058 	.word	0xac080058
20000ed4:	3c083406 	.word	0x3c083406
20000ed8:	35080f59 	.word	0x35080f59
20000edc:	03e00008 	.word	0x03e00008
20000ee0:	ac08005c 	.word	0xac08005c
20000ee4:	088002ff 	.word	0x088002ff
20000ee8:	08b8003c 	.word	0x08b8003c
20000eec:	090e6f25 	.word	0x090e6f25
20000ef0:	fec4c43c 	.word	0xfec4c43c
20000ef4:	00052529 	.word	0x00052529
20000ef8:	cf001109 	.word	0xcf001109
20000efc:	0004ad01 	.word	0x0004ad01
20000f00:	fffd2e6f 	.word	0xfffd2e6f
20000f04:	1d671509 	.word	0x1d671509
20000f08:	066f2404 	.word	0x066f2404
20000f0c:	400e2405 	.word	0x400e2405
20000f10:	7f1b2867 	.word	0x7f1b2867
20000f14:	27bdffd0 	.word	0x27bdffd0
20000f18:	ffbf002c 	.word	0xffbf002c
20000f1c:	b20020af 	.word	0xb20020af
20000f20:	b1001caf 	.word	0xb1001caf
20000f24:	0018afff 	.word	0x0018afff
20000f28:	0028afb0 	.word	0x0028afb0
20000f2c:	36affbb4 	.word	0x36affbb4
20000f30:	500c005f 	.word	0x500c005f
20000f34:	a4afb37b 	.word	0xa4afb37b
20000f38:	a6360e60 	.word	0xa6360e60
20000f3c:	06dd3c10 	.word	0x06dd3c10
20000f40:	bf9c3c04 	.word	0xbf9c3c04
20000f44:	ac3c0c66 	.word	0xac3c0c66
20000f48:	7ccc2484 	.word	0x7ccc2484
20000f4c:	4c871127 	.word	0x4c871127
20000f50:	57668d3e 	.word	0x57668d3e
20000f54:	b38d3c12 	.word	0xb38d3c12
20000f58:	bfaf0e67 	.word	0xbfaf0e67
20000f5c:	24020010 	.word	0x24020010
20000f60:	a2f60014 	.word	0xa2f60014
20000f64:	0e0240af 	.word	0x0e0240af
20000f68:	204e01bf 	.word	0x204e01bf
20000f6c:	26dd05b9 	.word	0x26dd05b9
20000f70:	0ebf1e10 	.word	0x0ebf1e10
20000f74:	00012610 	.word	0x00012610
20000f78:	2e6f2407 	.word	0x2e6f2407
20000f7c:	69b52406 	.word	0x69b52406
20000f80:	0dd0566d 	.word	0x0dd0566d
20000f84:	0260769b 	.word	0x0260769b
20000f88:	5f67738e 	.word	0x5f67738e
20000f8c:	0b8e6e9e 	.word	0x0b8e6e9e
20000f90:	ff8e0330 	.word	0xff8e0330
20000f94:	00021040 	.word	0x00021040
20000f98:	00431021 	.word	0x00431021
20000f9c:	b9447777 	.word	0xb9447777
20000fa0:	0ebb2d25 	.word	0x0ebb2d25
20000fa4:	77022631 	.word	0x77022631
20000fa8:	6646105e 	.word	0x6646105e
20000fac:	8e23da66 	.word	0x8e23da66
20000fb0:	5f5b227e 	.word	0x5f5b227e
20000fb4:	7708879d 	.word	0x7708879d
20000fb8:	60726f1e 	.word	0x60726f1e
20000fbc:	03ed45bc 	.word	0x03ed45bc
20000fc0:	1ff07967 	.word	0x1ff07967
20000fc4:	027f4e81 	.word	0x027f4e81
20000fc8:	42ba303c 	.word	0x42ba303c
20000fcc:	d8042524 	.word	0xd8042524
20000fd0:	16c1d2c1 	.word	0x16c1d2c1
20000fd4:	260a5b1e 	.word	0x260a5b1e
20000fd8:	24b60b00 	.word	0x24b60b00
20000fdc:	1b26525e 	.word	0x1b26525e
20000fe0:	86240948 	.word	0x86240948
20000fe4:	24dd341e 	.word	0x24dd341e
20000fe8:	96af6628 	.word	0x96af6628
20000fec:	fda02e06 	.word	0xfda02e06
20000ff0:	65001a14 	.word	0x65001a14
20000ff4:	1e810d00 	.word	0x1e810d00
20000ff8:	fb4806a6 	.word	0xfb4806a6
20000ffc:	8a003b00 	.word	0x8a003b00
20001000:	0e9ad710 	.word	0x0e9ad710
20001004:	6c085b8b 	.word	0x6c085b8b
20001008:	c18cac50 	.word	0xc18cac50
2000100c:	48c6b0b0 	.word	0x48c6b0b0
20001010:	a67ecdac 	.word	0xa67ecdac
20001014:	e4467f12 	.word	0xe4467f12
20001018:	e0ac44ff 	.word	0xe0ac44ff
2000101c:	bde32023 	.word	0xbde32023
20001020:	24630076 	.word	0x24630076
20001024:	ee16fef0 	.word	0xee16fef0
20001028:	ec1466ff 	.word	0xec1466ff
2000102c:	5fd70ee1 	.word	0x5fd70ee1
20001030:	25b7a6c8 	.word	0x25b7a6c8
20001034:	b96800b8 	.word	0xb96800b8
20001038:	14870f06 	.word	0x14870f06
2000103c:	0613bc86 	.word	0x0613bc86
20001040:	9eb0e112 	.word	0x9eb0e112
20001044:	d7cf4253 	.word	0xd7cf4253
20001048:	fe94ac5c 	.word	0xfe94ac5c
2000104c:	73ac9826 	.word	0x73ac9826
20001050:	0bacb426 	.word	0x0bacb426
20001054:	05acd41e 	.word	0x05acd41e
20001058:	ac86ece6 	.word	0xac86ece6
2000105c:	669ec366 	.word	0x669ec366
20001060:	60143baf 	.word	0x60143baf
20001064:	5ff1390f 	.word	0x5ff1390f
20001068:	a6364219 	.word	0xa6364219
2000106c:	7c261015 	.word	0x7c261015
20001070:	13202536 	.word	0x13202536
20001074:	60320fb8 	.word	0x60320fb8
20001078:	20784072 	.word	0x20784072
2000107c:	74ef3702 	.word	0x74ef3702
20001080:	8cb345b4 	.word	0x8cb345b4
20001084:	2738001f 	.word	0x2738001f
20001088:	1460171e 	.word	0x1460171e
2000108c:	7716b6ad 	.word	0x7716b6ad
20001090:	3c6d8f42 	.word	0x3c6d8f42
20001094:	ffe3f09f 	.word	0xffe3f09f
20001098:	c8bf7b00 	.word	0xc8bf7b00
2000109c:	5110b70e 	.word	0x5110b70e
200010a0:	0f7fc6ac 	.word	0x0f7fc6ac
200010a4:	6e00ac52 	.word	0x6e00ac52
200010a8:	661ca001 	.word	0x661ca001
200010ac:	0140ce37 	.word	0x0140ce37
200010b0:	e05e0e3f 	.word	0xe05e0e3f
200010b4:	9bce431f 	.word	0x9bce431f
200010b8:	afbe708e 	.word	0xafbe708e
200010bc:	a0f025f6 	.word	0xa0f025f6
200010c0:	c4c34e03 	.word	0xc4c34e03
200010c4:	c54776af 	.word	0xc54776af
200010c8:	afc6ed96 	.word	0xafc6ed96
200010cc:	077ec032 	.word	0x077ec032
200010d0:	9fcb0010 	.word	0x9fcb0010
200010d4:	8fc36e2e 	.word	0x8fc36e2e
200010d8:	62360d0f 	.word	0x62360d0f
200010dc:	7bc2be0f 	.word	0x7bc2be0f
200010e0:	7b1fc22e 	.word	0x7b1fc22e
200010e4:	9b6f2444 	.word	0x9b6f2444
200010e8:	66806312 	.word	0x66806312
200010ec:	c4cc43c3 	.word	0xc4cc43c3
200010f0:	c6427737 	.word	0xc6427737
200010f4:	1e36c2bb 	.word	0x1e36c2bb
200010f8:	8b7f185b 	.word	0x8b7f185b
200010fc:	a60dd62b 	.word	0xa60dd62b
20001100:	0014da40 	.word	0x0014da40
20001104:	e825fc01 	.word	0xe825fc01
20001108:	061d03c0 	.word	0x061d03c0
2000110c:	168e818f 	.word	0x168e818f
20001110:	e0dd3602 	.word	0xe0dd3602
20001114:	07982703 	.word	0x07982703
20001118:	be47642e 	.word	0xbe47642e
2000111c:	de370560 	.word	0xde370560
20001120:	0e6cc668 	.word	0x0e6cc668
20001124:	747f7036 	.word	0x747f7036
20001128:	9eafc700 	.word	0x9eafc700
2000112c:	06f32018 	.word	0x06f32018
20001130:	c226b724 	.word	0xc226b724
20001134:	ce7b3827 	.word	0xce7b3827
20001138:	f660ef68 	.word	0xf660ef68
2000113c:	176caf36 	.word	0x176caf36
20001140:	2cb614e7 	.word	0x2cb614e7
20001144:	0814a346 	.word	0x0814a346
20001148:	e043e027 	.word	0xe043e027
2000114c:	26f7c37e 	.word	0x26f7c37e
20001150:	5a1f9042 	.word	0x5a1f9042
20001154:	f7a32e2d 	.word	0xf7a32e2d
20001158:	7b178306 	.word	0x7b178306
2000115c:	10400168 	.word	0x10400168
20001160:	83c33d27 	.word	0x83c33d27
20001164:	0a0e3c25 	.word	0x0a0e3c25
20001168:	b610d615 	.word	0xb610d615
2000116c:	1039779f 	.word	0x1039779f
20001170:	08933ede 	.word	0x08933ede
20001174:	015970d7 	.word	0x015970d7
20001178:	bfc13fc2 	.word	0xbfc13fc2
2000117c:	2cc92c33 	.word	0x2cc92c33
20001180:	283679db 	.word	0x283679db
20001184:	60ffdfdc 	.word	0x60ffdfdc
20001188:	167c635f 	.word	0x167c635f
2000118c:	d68b0009 	.word	0xd68b0009
20001190:	33fe0347 	.word	0x33fe0347
20001194:	30e7171e 	.word	0x30e7171e
20001198:	db0107c8 	.word	0xdb0107c8
2000119c:	9dc3b742 	.word	0x9dc3b742
200011a0:	165b8eff 	.word	0x165b8eff
200011a4:	6fcd2c3e 	.word	0x6fcd2c3e
200011a8:	44188077 	.word	0x44188077
200011ac:	04273dba 	.word	0x04273dba
200011b0:	6b2eabb2 	.word	0x6b2eabb2
200011b4:	ae536276 	.word	0xae536276
200011b8:	ae172f8c 	.word	0xae172f8c
200011bc:	025f0400 	.word	0x025f0400
200011c0:	576bbfe0 	.word	0x576bbfe0
200011c4:	38769f2e 	.word	0x38769f2e
200011c8:	8204e73f 	.word	0x8204e73f
200011cc:	7f5f5738 	.word	0x7f5f5738
200011d0:	d0560634 	.word	0xd0560634
200011d4:	d734c177 	.word	0xd734c177
200011d8:	7fa21e5d 	.word	0x7fa21e5d
200011dc:	d6e328e1 	.word	0xd6e328e1
200011e0:	285fb90c 	.word	0x285fb90c
200011e4:	bb48282e 	.word	0xbb48282e
200011e8:	8e6e3728 	.word	0x8e6e3728
200011ec:	eef027f8 	.word	0xeef027f8
200011f0:	dfd1023f 	.word	0xdfd1023f
200011f4:	b6ae3077 	.word	0xb6ae3077
200011f8:	ceab3730 	.word	0xceab3730
200011fc:	57140441 	.word	0x57140441
20001200:	61f70912 	.word	0x61f70912
20001204:	7723804f 	.word	0x7723804f
20001208:	826e183e 	.word	0x826e183e
2000120c:	2fd84f04 	.word	0x2fd84f04
20001210:	172c275d 	.word	0x172c275d
20001214:	6d3875ee 	.word	0x6d3875ee
20001218:	a014628e 	.word	0xa014628e
2000121c:	3c575def 	.word	0x3c575def
20001220:	4720e61f 	.word	0x4720e61f
20001224:	16781cbe 	.word	0x16781cbe
20001228:	d17f231c 	.word	0xd17f231c
2000122c:	9127a040 	.word	0x9127a040
20001230:	8e0aafd7 	.word	0x8e0aafd7
20001234:	410a331b 	.word	0x410a331b
20001238:	1d209700 	.word	0x1d209700
2000123c:	21e2c00f 	.word	0x21e2c00f
20001240:	5f464c76 	.word	0x5f464c76
20001244:	7fffff3b 	.word	0x7fffff3b
20001248:	f097d922 	.word	0xf097d922
2000124c:	804307aa 	.word	0x804307aa
20001250:	6e049f69 	.word	0x6e049f69
20001254:	123897d0 	.word	0x123897d0
20001258:	20172610 	.word	0x20172610
2000125c:	16dfdf9a 	.word	0x16dfdf9a
20001260:	1f6e18af 	.word	0x1f6e18af
20001264:	6d8f1bdd 	.word	0x6d8f1bdd
20001268:	a98fc626 	.word	0xa98fc626
2000126c:	befcc5a6 	.word	0xbefcc5a6
20001270:	40a08fc4 	.word	0x40a08fc4
20001274:	aed9cf0a 	.word	0xaed9cf0a
20001278:	efc96f85 	.word	0xefc96f85
2000127c:	00a667de 	.word	0x00a667de
20001280:	ef0a1000 	.word	0xef0a1000
20001284:	16f28185 	.word	0x16f28185
20001288:	160e245e 	.word	0x160e245e
2000128c:	9c2457dc 	.word	0x9c2457dc
20001290:	53af3c80 	.word	0x53af3c80
20001294:	c65706e7 	.word	0xc65706e7
20001298:	30ce150f 	.word	0x30ce150f
2000129c:	29081715 	.word	0x29081715
200012a0:	63e603ce 	.word	0x63e603ce
200012a4:	008318e2 	.word	0x008318e2
200012a8:	2486ff81 	.word	0x2486ff81
200012ac:	30b7b71f 	.word	0x30b7b71f
200012b0:	ffe8e21f 	.word	0xffe8e21f
200012b4:	2a80a798 	.word	0x2a80a798
200012b8:	efe0b02f 	.word	0xefe0b02f
200012bc:	6e273743 	.word	0x6e273743
200012c0:	094e205f 	.word	0x094e205f
200012c4:	57046f1b 	.word	0x57046f1b
200012c8:	40960a42 	.word	0x40960a42
200012cc:	3e682340 	.word	0x3e682340
200012d0:	0207bc02 	.word	0x0207bc02
200012d4:	afc00716 	.word	0xafc00716
200012d8:	d786bf82 	.word	0xd786bf82
200012dc:	c94f104c 	.word	0xc94f104c
200012e0:	34d7b43f 	.word	0x34d7b43f
200012e4:	37875e30 	.word	0x37875e30
200012e8:	84d7b800 	.word	0x84d7b800
200012ec:	e8326675 	.word	0xe8326675
200012f0:	6fb632ee 	.word	0x6fb632ee
200012f4:	789e013f 	.word	0x789e013f
200012f8:	aeaf8a2d 	.word	0xaeaf8a2d
200012fc:	2abf2a01 	.word	0x2abf2a01
20001300:	57af08e1 	.word	0x57af08e1
20001304:	1769fe94 	.word	0x1769fe94
20001308:	8ee49192 	.word	0x8ee49192
2000130c:	0e5e3cb0 	.word	0x0e5e3cb0
20001310:	8f8f9b36 	.word	0x8f8f9b36
20001314:	67a40368 	.word	0x67a40368
20001318:	040b9722 	.word	0x040b9722
2000131c:	161b214f 	.word	0x161b214f
20001320:	b14e0ee0 	.word	0xb14e0ee0
20001324:	7f82df0d 	.word	0x7f82df0d
20001328:	2ec20099 	.word	0x2ec20099
2000132c:	760affc7 	.word	0x760affc7
20001330:	046f0d30 	.word	0x046f0d30
20001334:	0477af4d 	.word	0x0477af4d
20001338:	613eb277 	.word	0x613eb277
2000133c:	662ba7b7 	.word	0x662ba7b7
20001340:	5fffefc5 	.word	0x5fffefc5
20001344:	5c874548 	.word	0x5c874548
20001348:	381e1bc0 	.word	0x381e1bc0
2000134c:	d71e0447 	.word	0xd71e0447
20001350:	bff05eb2 	.word	0xbff05eb2
20001354:	367c38af 	.word	0x367c38af
20001358:	5db70034 	.word	0x5db70034
2000135c:	d67cb69e 	.word	0xd67cb69e
20001360:	095f4bb5 	.word	0x095f4bb5
20001364:	7e5c5662 	.word	0x7e5c5662
20001368:	12fe4635 	.word	0x12fe4635
2000136c:	865686d1 	.word	0x865686d1
20001370:	aebe0bd2 	.word	0xaebe0bd2
20001374:	8642b470 	.word	0x8642b470
20001378:	feee2ef0 	.word	0xfeee2ef0
2000137c:	f234661c 	.word	0xf234661c
20001380:	aa964260 	.word	0xaa964260
20001384:	3637ef43 	.word	0x3637ef43
20001388:	995fa6b9 	.word	0x995fa6b9
2000138c:	5fceb654 	.word	0x5fceb654
20001390:	0e5f704f 	.word	0x0e5f704f
20001394:	5f00b167 	.word	0x5f00b167
20001398:	3404805f 	.word	0x3404805f
2000139c:	3c13bf67 	.word	0x3c13bf67
200013a0:	62b472ed 	.word	0x62b472ed
200013a4:	bf60025e 	.word	0xbf60025e
200013a8:	5f663697 	.word	0x5f663697
200013ac:	4fbfcb20 	.word	0x4fbfcb20
200013b0:	bfc15f9e 	.word	0xbfc15f9e
200013b4:	479c5f6e 	.word	0x479c5f6e
200013b8:	4f5ece13 	.word	0x4f5ece13
200013bc:	88ae2504 	.word	0x88ae2504
200013c0:	bfc0c0c8 	.word	0xbfc0c0c8
200013c4:	1f8ba620 	.word	0x1f8ba620
200013c8:	f4403774 	.word	0xf4403774
200013cc:	7ccfdf03 	.word	0x7ccfdf03
200013d0:	0cb00068 	.word	0x0cb00068
200013d4:	0504cf2f 	.word	0x0504cf2f
200013d8:	14882707 	.word	0x14882707
200013dc:	3d82c651 	.word	0x3d82c651
200013e0:	2606fb1f 	.word	0x2606fb1f
200013e4:	3fae16f7 	.word	0x3fae16f7
200013e8:	3806084f 	.word	0x3806084f
200013ec:	3f0226ab 	.word	0x3f0226ab
200013f0:	3f325e1b 	.word	0x3f325e1b
200013f4:	882227ef 	.word	0x882227ef
200013f8:	be053442 	.word	0xbe053442
200013fc:	06868245 	.word	0x06868245
20001400:	f88664c4 	.word	0xf88664c4
20001404:	ff951466 	.word	0xff951466
20001408:	551e5b89 	.word	0x551e5b89
2000140c:	e60e7e63 	.word	0xe60e7e63
20001410:	66df1689 	.word	0x66df1689
20001414:	03e82610 	.word	0x03e82610
20001418:	5124ff15 	.word	0x5124ff15
2000141c:	b03417c3 	.word	0xb03417c3
20001420:	26fcd63c 	.word	0x26fcd63c
20001424:	341ec350 	.word	0x341ec350
20001428:	16b81555 	.word	0x16b81555
2000142c:	afcd97c0 	.word	0xafcd97c0
20001430:	b607437e 	.word	0xb607437e
20001434:	168e8206 	.word	0x168e8206
20001438:	238e05fa 	.word	0x238e05fa
2000143c:	ce364610 	.word	0xce364610
20001440:	1823e93a 	.word	0x1823e93a
20001444:	048ef065 	.word	0x048ef065
20001448:	21c61f8e 	.word	0x21c61f8e
2000144c:	2644bb10 	.word	0x2644bb10
20001450:	75063516 	.word	0x75063516
20001454:	ae0226fc 	.word	0xae0226fc
20001458:	18f41812 	.word	0x18f41812
2000145c:	202a025f 	.word	0x202a025f
20001460:	0d500057 	.word	0x0d500057
20001464:	1c6d14a8 	.word	0x1c6d14a8
20001468:	2ebfae03 	.word	0x2ebfae03
2000146c:	102aae1e 	.word	0x102aae1e
20001470:	51ab0077 	.word	0x51ab0077
20001474:	182aef86 	.word	0x182aef86
20001478:	7f1e5e76 	.word	0x7f1e5e76
2000147c:	f08e0326 	.word	0xf08e0326
20001480:	5e048755 	.word	0x5e048755
20001484:	5b64809e 	.word	0x5b64809e
20001488:	8e02632e 	.word	0x8e02632e
2000148c:	26319eb6 	.word	0x26319eb6
20001490:	d9666087 	.word	0xd9666087
20001494:	3f997602 	.word	0x3f997602
20001498:	be586244 	.word	0xbe586244
2000149c:	5e4c1ee0 	.word	0x5e4c1ee0
200014a0:	0045f1ef 	.word	0x0045f1ef
200014a4:	0cccd412 	.word	0x0cccd412
200014a8:	fce64ecd 	.word	0xfce64ecd
200014ac:	3696ffb0 	.word	0x3696ffb0
200014b0:	0cfff8ff 	.word	0x0cfff8ff
200014b4:	12f61b0f 	.word	0x12f61b0f
200014b8:	7f8e1118 	.word	0x7f8e1118
200014bc:	1276fb18 	.word	0x1276fb18
200014c0:	c5481f10 	.word	0xc5481f10
200014c4:	9e6916f6 	.word	0x9e6916f6
200014c8:	b82f6e55 	.word	0xb82f6e55
200014cc:	6e3b7ef8 	.word	0x6e3b7ef8
200014d0:	75322f24 	.word	0x75322f24
200014d4:	efbe7e2f 	.word	0xefbe7e2f
200014d8:	ae1622ff 	.word	0xae1622ff
200014dc:	67c1c6ae 	.word	0x67c1c6ae
200014e0:	5f067f3c 	.word	0x5f067f3c
200014e4:	8d3c110f 	.word	0x8d3c110f
200014e8:	c15e5168 	.word	0xc15e5168
200014ec:	21801fb9 	.word	0x21801fb9
200014f0:	b820275e 	.word	0xb820275e
200014f4:	2eefd735 	.word	0x2eefd735
200014f8:	e6058d47 	.word	0xe6058d47
200014fc:	a5c64e87 	.word	0xa5c64e87
20001500:	c80e3f24 	.word	0xc80e3f24
20001504:	a72484ab 	.word	0xa72484ab
20001508:	27700c2c 	.word	0x27700c2c
2000150c:	6eec06df 	.word	0x6eec06df
20001510:	20428ede 	.word	0x20428ede
20001514:	0ee4da2a 	.word	0x0ee4da2a
20001518:	1f374266 	.word	0x1f374266
2000151c:	0416f037 	.word	0x0416f037
20001520:	42be1b8e 	.word	0x42be1b8e
20001524:	212e6818 	.word	0x212e6818
20001528:	7823b678 	.word	0x7823b678
2000152c:	36c5a2a6 	.word	0x36c5a2a6
20001530:	d38f0e23 	.word	0xd38f0e23
20001534:	58025610 	.word	0x58025610
20001538:	7f3aaeff 	.word	0x7f3aaeff
2000153c:	e026edaf 	.word	0xe026edaf
20001540:	b0aec416 	.word	0xb0aec416
20001544:	c85ed724 	.word	0xc85ed724
20001548:	1eed1810 	.word	0x1eed1810
2000154c:	5c2d12fe 	.word	0x5c2d12fe
20001550:	161e2616 	.word	0x161e2616
20001554:	3e0fb9ae 	.word	0x3e0fb9ae
20001558:	51809021 	.word	0x51809021
2000155c:	a242ccd8 	.word	0xa242ccd8
20001560:	c8b63721 	.word	0xc8b63721
20001564:	acd12c16 	.word	0xacd12c16
20001568:	f1576a26 	.word	0xf1576a26
2000156c:	7f9f4253 	.word	0x7f9f4253
20001570:	468676cc 	.word	0x468676cc
20001574:	6f9b9461 	.word	0x6f9b9461
20001578:	615e6083 	.word	0x615e6083
2000157c:	e7dc9217 	.word	0xe7dc9217
20001580:	8f4e57e0 	.word	0x8f4e57e0
20001584:	8ff38f3c 	.word	0x8ff38f3c
20001588:	3c8f8fcf 	.word	0x3c8f8fcf
2000158c:	5e34e18f 	.word	0x5e34e18f
20001590:	af8e26b2 	.word	0xaf8e26b2
20001594:	b0dd06b1 	.word	0xb0dd06b1
20001598:	c114678f 	.word	0xc114678f
2000159c:	b5ff84ac 	.word	0xb5ff84ac
200015a0:	e6614008 	.word	0xe6614008
200015a4:	691af784 	.word	0x691af784
200015a8:	0c06fb09 	.word	0x0c06fb09
200015ac:	01782102 	.word	0x01782102
200015b0:	ffd30601 	.word	0xffd30601
200015b4:	4d8c8698 	.word	0x4d8c8698
200015b8:	eb8842a5 	.word	0xeb8842a5
200015bc:	94c998ff 	.word	0x94c998ff
200015c0:	94a6ad90 	.word	0x94a6ad90
200015c4:	84a1ff2b 	.word	0x84a1ff2b
200015c8:	21a54f90 	.word	0x21a54f90
200015cc:	88ed4484 	.word	0x88ed4484
200015d0:	0b0290a8 	.word	0x0b0290a8
200015d4:	9d2d9dff 	.word	0x9d2d9dff
200015d8:	98eaa96f 	.word	0x98eaa96f
200015dc:	2290ffa6 	.word	0x2290ffa6
200015e0:	64844384 	.word	0x64844384
200015e4:	80ff218c 	.word	0x80ff218c
200015e8:	8c63a96e 	.word	0x8c63a96e
200015ec:	6fc8b1b1 	.word	0x6fc8b1b1
200015f0:	9087a956 	.word	0x9087a956
200015f4:	43a5ff4e 	.word	0x43a5ff4e
200015f8:	ca9d0c88 	.word	0xca9d0c88
200015fc:	adfeb194 	.word	0xadfeb194
20001600:	9d2c90a7 	.word	0x9d2c90a7
20001604:	46db8c85 	.word	0x46db8c85
20001608:	371e8c65 	.word	0x371e8c65
2000160c:	019d0a9a 	.word	0x019d0a9a
20001610:	aee980df 	.word	0xaee980df
20001614:	6ff6990b 	.word	0x6ff6990b
20001618:	568864a5 	.word	0x568864a5
2000161c:	8fa12dee 	.word	0x8fa12dee
20001620:	6e46df86 	.word	0x6e46df86
20001624:	c78863a5 	.word	0xc78863a5
20001628:	a12c94fe 	.word	0xa12c94fe
2000162c:	84429085 	.word	0x84429085
20001630:	b0def2cd 	.word	0xb0def2cd
20001634:	94a8adfb 	.word	0x94a8adfb
20001638:	333aa10b 	.word	0x333aa10b
2000163c:	72338eea 	.word	0x72338eea
20001640:	98c860e6 	.word	0x98c860e6
20001644:	98ca02b6 	.word	0x98ca02b6
20001648:	47a7bfba 	.word	0x47a7bfba
2000164c:	8670a10c 	.word	0x8670a10c
20001650:	defe026c 	.word	0xdefe026c
20001654:	eaad8fee 	.word	0xeaad8fee
20001658:	56f3e09c 	.word	0x56f3e09c
2000165c:	2001004e 	.word	0x2001004e
20001660:	280c8f83 	.word	0x280c8f83
20001664:	b80240c2 	.word	0xb80240c2
20001668:	3f6040ce 	.word	0x3f6040ce
2000166c:	01273e20 	.word	0x01273e20
20001670:	0b11db27 	.word	0x0b11db27
20001674:	1c6c005b 	.word	0x1c6c005b
20001678:	e8047b17 	.word	0xe8047b17
2000167c:	9b761b10 	.word	0x9b761b10
20001680:	bf390fcd 	.word	0xbf390fcd
20001684:	3707461b 	.word	0x3707461b
20001688:	9f7d6a45 	.word	0x9f7d6a45
2000168c:	2b1b232d 	.word	0x2b1b232d
20001690:	4b44156f 	.word	0x4b44156f
20001694:	873a0d7d 	.word	0x873a0d7d
20001698:	ed1b3135 	.word	0xed1b3135
2000169c:	7b3c2a1b 	.word	0x7b3c2a1b
200016a0:	12b63113 	.word	0x12b63113
200016a4:	de3d1246 	.word	0xde3d1246
200016a8:	fb472619 	.word	0xfb472619
200016ac:	1d3b070d 	.word	0x1d3b070d
200016b0:	2338b64f 	.word	0x2338b64f
200016b4:	b3817d32 	.word	0xb3817d32
200016b8:	0200f836 	.word	0x0200f836
200016bc:	3e4b38cd 	.word	0x3e4b38cd
200016c0:	c31b2711 	.word	0xc31b2711
200016c4:	3dde009f 	.word	0x3dde009f
200016c8:	08103c07 	.word	0x08103c07
200016cc:	3cfcad77 	.word	0x3cfcad77
200016d0:	0000371b 	.word	0x0000371b
200016d4:	1c71170e 	.word	0x1c71170e
200016d8:	1bbb2d2a 	.word	0x1bbb2d2a
200016dc:	017b20b6 	.word	0x017b20b6
200016e0:	41395d76 	.word	0x41395d76
200016e4:	7d2cb030 	.word	0x7d2cb030
200016e8:	3bdb3e5d 	.word	0x3bdb3e5d
200016ec:	5be23b1b 	.word	0x5be23b1b
200016f0:	34879d40 	.word	0x34879d40
200016f4:	311bec89 	.word	0x311bec89
200016f8:	7a53c31d 	.word	0x7a53c31d
200016fc:	b63f3d41 	.word	0xb63f3d41
20001700:	097d1f1b 	.word	0x097d1f1b
20001704:	6c232697 	.word	0x6c232697
20001708:	130536ba 	.word	0x130536ba
2000170c:	1bc10163 	.word	0x1bc10163
20001710:	ebc32927 	.word	0xebc32927
20001714:	77050e78 	.word	0x77050e78
20001718:	29d84796 	.word	0x29d84796
2000171c:	1d2c077d 	.word	0x1d2c077d
20001720:	7c2e3778 	.word	0x7c2e3778
20001724:	292f0527 	.word	0x292f0527
20001728:	91328be5 	.word	0x91328be5
2000172c:	0f212ac3 	.word	0x0f212ac3
20001730:	05452f13 	.word	0x05452f13
20001734:	451be045 	.word	0x451be045
20001738:	1be27b88 	.word	0x1be27b88
2000173c:	2f405ab8 	.word	0x2f405ab8
20001740:	3be32705 	.word	0x3be32705
20001744:	e04c8c1b 	.word	0xe04c8c1b
20001748:	057f878a 	.word	0x057f878a
2000174c:	2c05ec51 	.word	0x2c05ec51
20001750:	30da4914 	.word	0x30da4914
20001754:	3523bb7f 	.word	0x3523bb7f
20001758:	7c31333b 	.word	0x7c31333b
2000175c:	bf165162 	.word	0xbf165162
20001760:	00464adf 	.word	0x00464adf
20001764:	1b1bed0a 	.word	0x1b1bed0a
20001768:	2eb67f27 	.word	0x2eb67f27
2000176c:	49cd360e 	.word	0x49cd360e
20001770:	3615151b 	.word	0x3615151b
20001774:	30ff3331 	.word	0x30ff3331
20001778:	05210535 	.word	0x05210535
2000177c:	eca56116 	.word	0xeca56116
20001780:	882b003e 	.word	0x882b003e
20001784:	7e2643d8 	.word	0x7e2643d8
20001788:	1b10ef30 	.word	0x1b10ef30
2000178c:	3582cf1b 	.word	0x3582cf1b
20001790:	0068217d 	.word	0x0068217d
20001794:	df4c2021 	.word	0xdf4c2021
20001798:	1b03007f 	.word	0x1b03007f
2000179c:	5c583fd8 	.word	0x5c583fd8
200017a0:	06c3ff70 	.word	0x06c3ff70
200017a4:	1d056d2e 	.word	0x1d056d2e
200017a8:	7f37da49 	.word	0x7f37da49
200017ac:	1f062b39 	.word	0x1f062b39
200017b0:	c2134cd4 	.word	0xc2134cd4
200017b4:	0bd8d663 	.word	0x0bd8d663
200017b8:	db2d857e 	.word	0xdb2d857e
200017bc:	2958b00d 	.word	0x2958b00d
200017c0:	7f076d49 	.word	0x7f076d49
200017c4:	3587101d 	.word	0x3587101d
200017c8:	05c72923 	.word	0x05c72923
200017cc:	08c15d2e 	.word	0x08c15d2e
200017d0:	331d467f 	.word	0x331d467f
200017d4:	16304233 	.word	0x16304233
200017d8:	11331572 	.word	0x11331572
200017dc:	31484bfd 	.word	0x31484bfd
200017e0:	6eb64bff 	.word	0x6eb64bff
200017e4:	f97d3c21 	.word	0xf97d3c21
200017e8:	36570a1a 	.word	0x36570a1a
200017ec:	57829811 	.word	0x57829811
200017f0:	041a0a1a 	.word	0x041a0a1a
200017f4:	30d8010f 	.word	0x30d8010f
200017f8:	32a6ff1b 	.word	0x32a6ff1b
200017fc:	1f1b37c7 	.word	0x1f1b37c7
20001800:	0a58dbed 	.word	0x0a58dbed
20001804:	ec330500 	.word	0xec330500
20001808:	86421111 	.word	0x86421111
2000180c:	08027ccc 	.word	0x08027ccc
20001810:	b4003645 	.word	0xb4003645
20001814:	38767f03 	.word	0x38767f03
20001818:	c5fb9439 	.word	0xc5fb9439
2000181c:	0a6d680c 	.word	0x0a6d680c
20001820:	9a0b7e29 	.word	0x9a0b7e29
20001824:	7cd51411 	.word	0x7cd51411
20001828:	4a279d57 	.word	0x4a279d57
2000182c:	ff0d4563 	.word	0xff0d4563
20001830:	c319004e 	.word	0xc319004e
20001834:	9c021937 	.word	0x9c021937
20001838:	1551244b 	.word	0x1551244b
2000183c:	02c11178 	.word	0x02c11178
20001840:	20326a02 	.word	0x20326a02
20001844:	01b57f8d 	.word	0x01b57f8d
20001848:	20c70dd5 	.word	0x20c70dd5
2000184c:	dd077181 	.word	0xdd077181
20001850:	6e9d315d 	.word	0x6e9d315d
20001854:	06859bf6 	.word	0x06859bf6
20001858:	7d3a7647 	.word	0x7d3a7647
2000185c:	7f8001e9 	.word	0x7f8001e9
20001860:	803554ee 	.word	0x803554ee
20001864:	22dd4356 	.word	0x22dd4356
20001868:	7b0b7e6b 	.word	0x7b0b7e6b
2000186c:	548742ae 	.word	0x548742ae
20001870:	6d413065 	.word	0x6d413065
20001874:	50354a85 	.word	0x50354a85
20001878:	350f4f01 	.word	0x350f4f01
2000187c:	134eec21 	.word	0x134eec21
20001880:	11387f3e 	.word	0x11387f3e
20001884:	397b2c11 	.word	0x397b2c11
20001888:	ff613085 	.word	0xff613085
2000188c:	4e513e06 	.word	0x4e513e06
20001890:	60463e05 	.word	0x60463e05
20001894:	3a449b7f 	.word	0x3a449b7f
20001898:	06490676 	.word	0x06490676
2000189c:	f720ef55 	.word	0xf720ef55
200018a0:	841d8406 	.word	0x841d8406
200018a4:	320e0ea0 	.word	0x320e0ea0
200018a8:	493efdb7 	.word	0x493efdb7
200018ac:	ff71023e 	.word	0xff71023e
200018b0:	80f10e0d 	.word	0x80f10e0d
200018b4:	dbdb0f3e 	.word	0xdbdb0f3e
200018b8:	3a0b33fb 	.word	0x3a0b33fb
200018bc:	271b0511 	.word	0x271b0511
200018c0:	b1044076 	.word	0xb1044076
200018c4:	3c0f7f15 	.word	0x3c0f7f15
200018c8:	026f0622 	.word	0x026f0622
200018cc:	101f073e 	.word	0x101f073e
200018d0:	200232f6 	.word	0x200232f6
200018d4:	790f6a0e 	.word	0x790f6a0e
200018d8:	2cfd8905 	.word	0x2cfd8905
200018dc:	092d3631 	.word	0x092d3631
200018e0:	227a309a 	.word	0x227a309a
200018e4:	002dfdc5 	.word	0x002dfdc5
200018e8:	9b800645 	.word	0x9b800645
200018ec:	330be191 	.word	0x330be191
200018f0:	11fff011 	.word	0x11fff011
200018f4:	3b29014b 	.word	0x3b29014b
200018f8:	04be3e11 	.word	0x04be3e11
200018fc:	3636e7d0 	.word	0x3636e7d0
20001900:	7f05b0fc 	.word	0x7f05b0fc
20001904:	fd41ff86 	.word	0xfd41ff86
20001908:	2aed7f98 	.word	0x2aed7f98
2000190c:	1881403c 	.word	0x1881403c
20001910:	453d01d0 	.word	0x453d01d0
20001914:	0d573706 	.word	0x0d573706
20001918:	b2ff0d33 	.word	0xb2ff0d33
2000191c:	e1373b07 	.word	0xe1373b07
20001920:	30181e13 	.word	0x30181e13
20001924:	6d0f1309 	.word	0x6d0f1309
20001928:	290b9b77 	.word	0x290b9b77
2000192c:	1671016b 	.word	0x1671016b
20001930:	fdd29bd2 	.word	0xfdd29bd2
20001934:	981302f0 	.word	0x981302f0
20001938:	313de13d 	.word	0x313de13d
2000193c:	3a6b5877 	.word	0x3a6b5877
20001940:	0d76150d 	.word	0x0d76150d
20001944:	86031775 	.word	0x86031775
20001948:	1e271e69 	.word	0x1e271e69
2000194c:	15871306 	.word	0x15871306
20001950:	b7bc2ec5 	.word	0xb7bc2ec5
20001954:	0d272c82 	.word	0x0d272c82
20001958:	114e02b4 	.word	0x114e02b4
2000195c:	053f8110 	.word	0x053f8110
20001960:	16530236 	.word	0x16530236
20001964:	067a2cbf 	.word	0x067a2cbf
20001968:	7f05063e 	.word	0x7f05063e
2000196c:	3e7b2803 	.word	0x3e7b2803
20001970:	049a4922 	.word	0x049a4922
20001974:	f7811a29 	.word	0xf7811a29
20001978:	bb2a4933 	.word	0xbb2a4933
2000197c:	72002849 	.word	0x72002849
20001980:	4000271e 	.word	0x4000271e
20001984:	4a453def 	.word	0x4a453def
20001988:	1e807c22 	.word	0x1e807c22
2000198c:	b7f9113e 	.word	0xb7f9113e
20001990:	0e2e2102 	.word	0x0e2e2102
20001994:	612e7773 	.word	0x612e7773
20001998:	87aa151e 	.word	0x87aa151e
2000199c:	2045287b 	.word	0x2045287b
200019a0:	a627a1c7 	.word	0xa627a1c7
200019a4:	200342fb 	.word	0x200342fb
200019a8:	301646ed 	.word	0x301646ed
200019ac:	8b821018 	.word	0x8b821018
200019b0:	08fd05bb 	.word	0x08fd05bb
200019b4:	8c5390e8 	.word	0x8c5390e8
200019b8:	44e04505 	.word	0x44e04505
200019bc:	138ca002 	.word	0x138ca002
200019c0:	05427b87 	.word	0x05427b87
200019c4:	b50f7005 	.word	0xb50f7005
200019c8:	6658f753 	.word	0x6658f753
200019cc:	367501ec 	.word	0x367501ec
200019d0:	22116c49 	.word	0x22116c49
200019d4:	0bfd0729 	.word	0x0bfd0729
200019d8:	6bf803fb 	.word	0x6bf803fb
200019dc:	693b4024 	.word	0x693b4024
200019e0:	02617f8a 	.word	0x02617f8a
200019e4:	743e49d7 	.word	0x743e49d7
200019e8:	45fd8d56 	.word	0x45fd8d56
200019ec:	05492136 	.word	0x05492136
200019f0:	5100be21 	.word	0x5100be21
200019f4:	0d354913 	.word	0x0d354913
200019f8:	220632fb 	.word	0x220632fb
200019fc:	8a3ee239 	.word	0x8a3ee239
20001a00:	0602f681 	.word	0x0602f681
20001a04:	007cd501 	.word	0x007cd501
20001a08:	42136071 	.word	0x42136071
20001a0c:	6a8ec5ea 	.word	0x6a8ec5ea
20001a10:	fb4229e0 	.word	0xfb4229e0
20001a14:	0e452776 	.word	0x0e452776
20001a18:	0560083b 	.word	0x0560083b
20001a1c:	7a0c2c26 	.word	0x7a0c2c26
20001a20:	2becf01b 	.word	0x2becf01b
20001a24:	c531898a 	.word	0xc531898a
20001a28:	702c0c87 	.word	0x702c0c87
20001a2c:	29f37d0e 	.word	0x29f37d0e
20001a30:	1e51ff5f 	.word	0x1e51ff5f
20001a34:	22fd4486 	.word	0x22fd4486
20001a38:	fd067a47 	.word	0xfd067a47
20001a3c:	218b6831 	.word	0x218b6831
20001a40:	28400a2d 	.word	0x28400a2d
20001a44:	289a7d82 	.word	0x289a7d82
20001a48:	c7138935 	.word	0xc7138935
20001a4c:	7e088570 	.word	0x7e088570
20001a50:	40063e10 	.word	0x40063e10
20001a54:	7f237708 	.word	0x7f237708
20001a58:	53165058 	.word	0x53165058
20001a5c:	7729ae05 	.word	0x7729ae05
20001a60:	3e400cc3 	.word	0x3e400cc3
20001a64:	10e0fc20 	.word	0x10e0fc20
20001a68:	45188782 	.word	0x45188782
20001a6c:	c154d8a7 	.word	0xc154d8a7
20001a70:	ed862916 	.word	0xed862916
20001a74:	49040513 	.word	0x49040513
20001a78:	af133ec0 	.word	0xaf133ec0
20001a7c:	3e063d7c 	.word	0x3e063d7c
20001a80:	86fd6040 	.word	0x86fd6040
20001a84:	c3dc0506 	.word	0xc3dc0506
20001a88:	8f277646 	.word	0x8f277646
20001a8c:	11609303 	.word	0x11609303
20001a90:	10b31c02 	.word	0x10b31c02
20001a94:	50d21601 	.word	0x50d21601
20001a98:	fe80d53e 	.word	0xfe80d53e
20001a9c:	22492221 	.word	0x22492221
20001aa0:	880a2113 	.word	0x880a2113
20001aa4:	c1f7070d 	.word	0xc1f7070d
20001aa8:	fd2c0101 	.word	0xfd2c0101
20001aac:	7f630eba 	.word	0x7f630eba
20001ab0:	d8af25b0 	.word	0xd8af25b0
20001ab4:	5c017f27 	.word	0x5c017f27
20001ab8:	207d2504 	.word	0x207d2504
20001abc:	22d90111 	.word	0x22d90111
20001ac0:	152ec72f 	.word	0x152ec72f
20001ac4:	18381007 	.word	0x18381007
20001ac8:	11f81e28 	.word	0x11f81e28
20001acc:	270eb401 	.word	0x270eb401
20001ad0:	a3a38708 	.word	0xa3a38708
20001ad4:	83167a22 	.word	0x83167a22
20001ad8:	212942e1 	.word	0x212942e1
20001adc:	58807e87 	.word	0x58807e87
20001ae0:	83897d02 	.word	0x83897d02
20001ae4:	6780f30d 	.word	0x6780f30d
20001ae8:	800e04eb 	.word	0x800e04eb
20001aec:	7d0e8ed6 	.word	0x7d0e8ed6
20001af0:	963d6320 	.word	0x963d6320
20001af4:	114680f3 	.word	0x114680f3
20001af8:	310fbb00 	.word	0x310fbb00
20001afc:	e02814fd 	.word	0xe02814fd
20001b00:	1586dbf1 	.word	0x1586dbf1
20001b04:	52ff0eb1 	.word	0x52ff0eb1
20001b08:	09d37d15 	.word	0x09d37d15
20001b0c:	ff444570 	.word	0xff444570
20001b10:	62bd101d 	.word	0x62bd101d
20001b14:	3227362f 	.word	0x3227362f
20001b18:	312f6efd 	.word	0x312f6efd
20001b1c:	80eb3531 	.word	0x80eb3531
20001b20:	10018a24 	.word	0x10018a24
20001b24:	a127cf8f 	.word	0xa127cf8f
20001b28:	b087c018 	.word	0xb087c018
20001b2c:	706a1401 	.word	0x706a1401
20001b30:	a2111f3f 	.word	0xa2111f3f
20001b34:	28a9ff10 	.word	0x28a9ff10
20001b38:	7694889d 	.word	0x7694889d
20001b3c:	b8ff87b9 	.word	0xb8ff87b9
20001b40:	c8aacd70 	.word	0xc8aacd70
20001b44:	ff669ef9 	.word	0xff669ef9
20001b48:	6bc90fac 	.word	0x6bc90fac
20001b4c:	a9a845a1 	.word	0xa9a845a1
20001b50:	d1fdc4ff 	.word	0xd1fdc4ff
20001b54:	c867b554 	.word	0xc867b554
20001b58:	ee94ff23 	.word	0xee94ff23
20001b5c:	ccea13c4 	.word	0xccea13c4
20001b60:	9fff5cd4 	.word	0x9fff5cd4
20001b64:	b8efd50e 	.word	0xb8efd50e
20001b68:	edaac5ba 	.word	0xedaac5ba
20001b6c:	36a0ccd4 	.word	0x36a0ccd4
20001b70:	ecbcff66 	.word	0xecbcff66
20001b74:	31a39ed8 	.word	0x31a39ed8
20001b78:	88ff44c1 	.word	0x88ff44c1
20001b7c:	c198ba77 	.word	0xc198ba77
20001b80:	ff6fc0a7 	.word	0xff6fc0a7
20001b84:	6ec954e1 	.word	0x6ec954e1
20001b88:	44c888b9 	.word	0x44c888b9
20001b8c:	8422a0ff 	.word	0x8422a0ff
20001b90:	b9b0b087 	.word	0xb9b0b087
20001b94:	add1ff4f 	.word	0xadd1ff4f
20001b98:	55c8669d 	.word	0x55c8669d
20001b9c:	eaff55c1 	.word	0xeaff55c1
20001ba0:	bd119f7e 	.word	0xbd119f7e
20001ba4:	ff0dd4cb 	.word	0xff0dd4cb
20001ba8:	88c215dd 	.word	0x88c215dd
20001bac:	66a56cc4 	.word	0x66a56cc4
20001bb0:	b2d9b8ff 	.word	0xb2d9b8ff
20001bb4:	d4edc466 	.word	0xd4edc466
20001bb8:	2fd0f6a9 	.word	0x2fd0f6a9
20001bbc:	ff7601dd 	.word	0xff7601dd
20001bc0:	cbb888c1 	.word	0xcbb888c1
20001bc4:	c4b2dad0 	.word	0xc4b2dad0
20001bc8:	b0459ced 	.word	0xb0459ced
20001bcc:	d6db1f22 	.word	0xd6db1f22
20001bd0:	349c9e33 	.word	0x349c9e33
20001bd4:	a75deaff 	.word	0xa75deaff
20001bd8:	c10fdd2e 	.word	0xc10fdd2e
20001bdc:	6ac9b7dc 	.word	0x6ac9b7dc
20001be0:	b788c599 	.word	0xb788c599
20001be4:	b0a9a2d0 	.word	0xb0a9a2d0
20001be8:	4fc5ffd2 	.word	0x4fc5ffd2
20001bec:	138400e1 	.word	0x138400e1
20001bf0:	b1ff32b6 	.word	0xb1ff32b6
20001bf4:	a067a4ee 	.word	0xa067a4ee
20001bf8:	6f91c176 	.word	0x6f91c176
20001bfc:	b066d036 	.word	0xb066d036
20001c00:	659dff6b 	.word	0x659dff6b
20001c04:	fec0c9a8 	.word	0xfec0c9a8
20001c08:	ccfc87d1 	.word	0xccfc87d1
20001c0c:	d0ed9823 	.word	0xd0ed9823
20001c10:	d8461714 	.word	0xd8461714
20001c14:	726fa35c 	.word	0x726fa35c
20001c18:	d4cac9ba 	.word	0xd4cac9ba
20001c1c:	66acabff 	.word	0x66acabff
20001c20:	bfdcecc0 	.word	0xbfdcecc0
20001c24:	bd32ff9f 	.word	0xbd32ff9f
20001c28:	c5989ed7 	.word	0xc5989ed7
20001c2c:	88ffbca8 	.word	0x88ffbca8
20001c30:	22a444cc 	.word	0x22a444cc
20001c34:	ffb48890 	.word	0xffb48890
20001c38:	c555bdd1 	.word	0xc555bdd1
20001c3c:	a37eee76 	.word	0xa37eee76
20001c40:	cbc111ff 	.word	0xcbc111ff
20001c44:	6cb255d8 	.word	0x6cb255d8
20001c48:	fb4205a9 	.word	0xfb4205a9
20001c4c:	c154aef7 	.word	0xc154aef7
20001c50:	edf5ba10 	.word	0xedf5ba10
20001c54:	3abc88d8 	.word	0x3abc88d8
20001c58:	24998a3f 	.word	0x24998a3f
20001c5c:	16024fe1 	.word	0x16024fe1
20001c60:	010060da 	.word	0x010060da
20001c64:	730daf20 	.word	0x730daf20
20001c68:	1e081cff 	.word	0x1e081cff
20001c6c:	411c086e 	.word	0x411c086e
20001c70:	b956b00d 	.word	0xb956b00d
20001c74:	0e64ff54 	.word	0x0e64ff54
20001c78:	851e1e85 	.word	0x851e1e85
20001c7c:	0785bf6e 	.word	0x0785bf6e
20001c80:	49b01c6e 	.word	0x49b01c6e
20001c84:	12cd44bb 	.word	0x12cd44bb
20001c88:	b4aa676e 	.word	0xb4aa676e
20001c8c:	076e6edc 	.word	0x076e6edc
20001c90:	121c18fb 	.word	0x121c18fb
20001c94:	415c01bd 	.word	0x415c01bd
20001c98:	f76e6b1a 	.word	0xf76e6b1a
20001c9c:	19be01c5 	.word	0x19be01c5
20001ca0:	43bbc041 	.word	0x43bbc041
20001ca4:	1e1cdd56 	.word	0x1e1cdd56
20001ca8:	bbc49db0 	.word	0xbbc49db0
20001cac:	553ef817 	.word	0x553ef817
20001cb0:	73353e55 	.word	0x73353e55
20001cb4:	1c450445 	.word	0x1c450445
20001cb8:	564e000d 	.word	0x564e000d
20001cbc:	1de71e08 	.word	0x1de71e08
20001cc0:	35b51efb 	.word	0x35b51efb
20001cc4:	04f025ba 	.word	0x04f025ba
20001cc8:	49fb6717 	.word	0x49fb6717
20001ccc:	1c00c108 	.word	0x1c00c108
20001cd0:	811b391c 	.word	0x811b391c
20001cd4:	355a70b2 	.word	0x355a70b2
20001cd8:	baf03e0a 	.word	0xbaf03e0a
20001cdc:	1e827207 	.word	0x1e827207
20001ce0:	c155bd6d 	.word	0xc155bd6d
20001ce4:	04bd6c06 	.word	0x04bd6c06
20001ce8:	85abd884 	.word	0x85abd884
20001cec:	557f2725 	.word	0x557f2725
20001cf0:	c7931d85 	.word	0xc7931d85
20001cf4:	20557306 	.word	0x20557306
20001cf8:	840451ed 	.word	0x840451ed
20001cfc:	0a84a86b 	.word	0x0a84a86b
20001d00:	12c3bb32 	.word	0x12c3bb32
20001d04:	29e397c2 	.word	0x29e397c2
20001d08:	1c3a8baa 	.word	0x1c3a8baa
20001d0c:	3e37eb24 	.word	0x3e37eb24
20001d10:	98358484 	.word	0x98358484
20001d14:	3e7f131e 	.word	0x3e7f131e
20001d18:	007c174e 	.word	0x007c174e
20001d1c:	43316e1e 	.word	0x43316e1e
20001d20:	ad4c3f53 	.word	0xad4c3f53
20001d24:	ef17254a 	.word	0xef17254a
20001d28:	04350209 	.word	0x04350209
20001d2c:	6435c37f 	.word	0x6435c37f
20001d30:	ec69d4bd 	.word	0xec69d4bd
20001d34:	56796422 	.word	0x56796422
20001d38:	11242118 	.word	0x11242118
20001d3c:	fdcf617d 	.word	0xfdcf617d
20001d40:	be057809 	.word	0xbe057809
20001d44:	354c55cc 	.word	0x354c55cc
20001d48:	93e012e0 	.word	0x93e012e0
20001d4c:	bf738eec 	.word	0xbf738eec
20001d50:	2956ec45 	.word	0x2956ec45
20001d54:	8fbe181b 	.word	0x8fbe181b
20001d58:	29bf1414 	.word	0x29bf1414
20001d5c:	8b036985 	.word	0x8b036985
20001d60:	238b131e 	.word	0x238b131e
20001d64:	3b7b1e58 	.word	0x3b7b1e58
20001d68:	d851c149 	.word	0xd851c149
20001d6c:	293a1b0a 	.word	0x293a1b0a
20001d70:	14662bfe 	.word	0x14662bfe
20001d74:	1ec1f3bb 	.word	0x1ec1f3bb
20001d78:	026d9567 	.word	0x026d9567
20001d7c:	78510f55 	.word	0x78510f55
20001d80:	1f200d18 	.word	0x1f200d18
20001d84:	8a51a1c7 	.word	0x8a51a1c7
20001d88:	2e732661 	.word	0x2e732661
20001d8c:	fe35beb7 	.word	0xfe35beb7
20001d90:	314a5504 	.word	0x314a5504
20001d94:	e7e1e725 	.word	0xe7e1e725
20001d98:	52061327 	.word	0x52061327
20001d9c:	6186367b 	.word	0x6186367b
20001da0:	81058607 	.word	0x81058607
20001da4:	06865217 	.word	0x06865217
20001da8:	61168cfd 	.word	0x61168cfd
20001dac:	7a3104fe 	.word	0x7a3104fe
20001db0:	3d194a7a 	.word	0x3d194a7a
20001db4:	214c2478 	.word	0x214c2478
20001db8:	6ebf6d7e 	.word	0x6ebf6d7e
20001dbc:	5a7fa01c 	.word	0x5a7fa01c
20001dc0:	64083d01 	.word	0x64083d01
20001dc4:	1e8e1d89 	.word	0x1e8e1d89
20001dc8:	2eff5777 	.word	0x2eff5777
20001dcc:	67127ebf 	.word	0x67127ebf
20001dd0:	4f056614 	.word	0x4f056614
20001dd4:	1408f66f 	.word	0x1408f66f
20001dd8:	74154d7d 	.word	0x74154d7d
20001ddc:	853f1e67 	.word	0x853f1e67
20001de0:	1e9cbf08 	.word	0x1e9cbf08
20001de4:	bae1306e 	.word	0xbae1306e
20001de8:	3e182597 	.word	0x3e182597
20001dec:	4a1ee33b 	.word	0x4a1ee33b
20001df0:	38eb14b8 	.word	0x38eb14b8
20001df4:	22b3f836 	.word	0x22b3f836
20001df8:	bf52ed41 	.word	0xbf52ed41
20001dfc:	1eb12903 	.word	0x1eb12903
20001e00:	79bc2a1f 	.word	0x79bc2a1f
20001e04:	4d316e1e 	.word	0x4d316e1e
20001e08:	60411ec3 	.word	0x60411ec3
20001e0c:	3584231b 	.word	0x3584231b
20001e10:	13632173 	.word	0x13632173
20001e14:	7b868e86 	.word	0x7b868e86
20001e18:	db5b6283 	.word	0xdb5b6283
20001e1c:	698504bd 	.word	0x698504bd
20001e20:	7a1f118c 	.word	0x7a1f118c
20001e24:	d1255584 	.word	0xd1255584
20001e28:	42411e3e 	.word	0x42411e3e
20001e2c:	1bae83d1 	.word	0x1bae83d1
20001e30:	6adb1184 	.word	0x6adb1184
20001e34:	49d675b0 	.word	0x49d675b0
20001e38:	12747f09 	.word	0x12747f09
20001e3c:	1e85ff6f 	.word	0x1e85ff6f
20001e40:	bf62081e 	.word	0xbf62081e
20001e44:	aa6e8607 	.word	0xaa6e8607
20001e48:	5d017d76 	.word	0x5d017d76
20001e4c:	81ac2047 	.word	0x81ac2047
20001e50:	0eb02303 	.word	0x0eb02303
20001e54:	1c5e0304 	.word	0x1c5e0304
20001e58:	0c3f1a85 	.word	0x0c3f1a85
20001e5c:	0627e306 	.word	0x0627e306
20001e60:	631e8285 	.word	0x631e8285
20001e64:	853fc510 	.word	0x853fc510
20001e68:	8e121d77 	.word	0x8e121d77
20001e6c:	6e26412b 	.word	0x6e26412b
20001e70:	760f7f0a 	.word	0x760f7f0a
20001e74:	81158e6e 	.word	0x81158e6e
20001e78:	b92b0d0e 	.word	0xb92b0d0e
20001e7c:	8d2b7f54 	.word	0x8d2b7f54
20001e80:	b4253043 	.word	0xb4253043
20001e84:	2111600e 	.word	0x2111600e
20001e88:	f6bfa062 	.word	0xf6bfa062
20001e8c:	273f3400 	.word	0x273f3400
20001e90:	831d1e12 	.word	0x831d1e12
20001e94:	a48dad60 	.word	0xa48dad60
20001e98:	20a13115 	.word	0x20a13115
20001e9c:	521e3eb6 	.word	0x521e3eb6
20001ea0:	2bb083bf 	.word	0x2bb083bf
20001ea4:	74b58564 	.word	0x74b58564
20001ea8:	c1117156 	.word	0xc1117156
20001eac:	bc81826f 	.word	0xbc81826f
20001eb0:	7d71851e 	.word	0x7d71851e
20001eb4:	1ec95671 	.word	0x1ec95671
20001eb8:	7e43bfa2 	.word	0x7e43bfa2
20001ebc:	763485f1 	.word	0x763485f1
20001ec0:	7df081c4 	.word	0x7df081c4
20001ec4:	d7c24651 	.word	0xd7c24651
20001ec8:	1e1f7108 	.word	0x1e1f7108
20001ecc:	8e7d516b 	.word	0x8e7d516b
20001ed0:	412e7d6e 	.word	0x412e7d6e
20001ed4:	015ec60a 	.word	0x015ec60a
20001ed8:	5ed845bf 	.word	0x5ed845bf
20001edc:	bf2d2e8c 	.word	0xbf2d2e8c
20001ee0:	80466e2b 	.word	0x80466e2b
20001ee4:	632f2ffd 	.word	0x632f2ffd
20001ee8:	ac6e1e6e 	.word	0xac6e1e6e
20001eec:	63971ebb 	.word	0x63971ebb
20001ef0:	463b2edb 	.word	0x463b2edb
20001ef4:	071f0e0c 	.word	0x071f0e0c
20001ef8:	7d051e60 	.word	0x7d051e60
20001efc:	1500f842 	.word	0x1500f842
20001f00:	7b05a06e 	.word	0x7b05a06e
20001f04:	bc3b6764 	.word	0xbc3b6764
20001f08:	03460434 	.word	0x03460434
20001f0c:	86c7b4a7 	.word	0x86c7b4a7
20001f10:	2f46dd66 	.word	0x2f46dd66
20001f14:	ae086701 	.word	0xae086701
20001f18:	30e3767f 	.word	0x30e3767f
20001f1c:	0d1ea175 	.word	0x0d1ea175
20001f20:	1d05281e 	.word	0x1d05281e
20001f24:	bddc7d41 	.word	0xbddc7d41
20001f28:	021e802f 	.word	0x021e802f
20001f2c:	6e85bca3 	.word	0x6e85bca3
20001f30:	c3277d17 	.word	0xc3277d17
20001f34:	021f6b61 	.word	0x021f6b61
20001f38:	5d42f831 	.word	0x5d42f831
20001f3c:	619001aa 	.word	0x619001aa
20001f40:	64a98e80 	.word	0x64a98e80
20001f44:	3278a2dd 	.word	0x3278a2dd
20001f48:	6bc2e161 	.word	0x6bc2e161
20001f4c:	c27b4181 	.word	0xc27b4181
20001f50:	61f8e66b 	.word	0x61f8e66b
20001f54:	5d17326f 	.word	0x5d17326f
20001f58:	6e523f83 	.word	0x6e523f83
20001f5c:	6a521e85 	.word	0x6a521e85
20001f60:	555eb8bf 	.word	0x555eb8bf
20001f64:	7ebc2a6b 	.word	0x7ebc2a6b
20001f68:	7e6f1f2d 	.word	0x7e6f1f2d
20001f6c:	6b3b103f 	.word	0x6b3b103f
20001f70:	791e826e 	.word	0x791e826e
20001f74:	6b527814 	.word	0x6b527814
20001f78:	572abf80 	.word	0x572abf80
20001f7c:	81436f6f 	.word	0x81436f6f
20001f80:	08ff476e 	.word	0x08ff476e
20001f84:	a12a3871 	.word	0xa12a3871
20001f88:	1ee435ac 	.word	0x1ee435ac
20001f8c:	22822951 	.word	0x22822951
20001f90:	168843b6 	.word	0x168843b6
20001f94:	54421c24 	.word	0x54421c24
20001f98:	89766bc6 	.word	0x89766bc6
20001f9c:	636b3adb 	.word	0x636b3adb
20001fa0:	24023620 	.word	0x24023620
20001fa4:	6f34da09 	.word	0x6f34da09
20001fa8:	8941232d 	.word	0x8941232d
20001fac:	5e9f403f 	.word	0x5e9f403f
20001fb0:	a9ba3576 	.word	0xa9ba3576
20001fb4:	dd4b965a 	.word	0xdd4b965a
20001fb8:	6d382e86 	.word	0x6d382e86
20001fbc:	63029cda 	.word	0x63029cda
20001fc0:	51c5810b 	.word	0x51c5810b
20001fc4:	5ff7b780 	.word	0x5ff7b780
20001fc8:	5490be03 	.word	0x5490be03
20001fcc:	1e1e12fc 	.word	0x1e1e12fc
20001fd0:	b51a8085 	.word	0xb51a8085
20001fd4:	fd110e67 	.word	0xfd110e67
20001fd8:	445f86bf 	.word	0x445f86bf
20001fdc:	b19f7038 	.word	0xb19f7038
20001fe0:	6b017b08 	.word	0x6b017b08
20001fe4:	2480b6d7 	.word	0x2480b6d7
20001fe8:	23bf782a 	.word	0x23bf782a
20001fec:	7f608267 	.word	0x7f608267
20001ff0:	88606f08 	.word	0x88606f08
20001ff4:	769d545d 	.word	0x769d545d
20001ff8:	71fb8681 	.word	0x71fb8681
20001ffc:	2c014444 	.word	0x2c014444
20002000:	f751a2c3 	.word	0xf751a2c3
20002004:	f8123dc3 	.word	0xf8123dc3
20002008:	03095761 	.word	0x03095761
2000200c:	633f7803 	.word	0x633f7803
20002010:	55d60095 	.word	0x55d60095
20002014:	7800bf34 	.word	0x7800bf34
20002018:	231e855d 	.word	0x231e855d
2000201c:	1e3fef11 	.word	0x1e3fef11
20002020:	b6328836 	.word	0xb6328836
20002024:	617b0668 	.word	0x617b0668
20002028:	1f4f2a1a 	.word	0x1f4f2a1a
2000202c:	bc6d3441 	.word	0xbc6d3441
20002030:	01bb6f27 	.word	0x01bb6f27
20002034:	3f46563a 	.word	0x3f46563a
20002038:	64b5512b 	.word	0x64b5512b
2000203c:	85524fbd 	.word	0x85524fbd
20002040:	2fa7196e 	.word	0x2fa7196e
20002044:	81b21e06 	.word	0x81b21e06
20002048:	2fbed893 	.word	0x2fbed893
2000204c:	820b0563 	.word	0x820b0563
20002050:	7b61d980 	.word	0x7b61d980
20002054:	171fec29 	.word	0x171fec29
20002058:	b160536e 	.word	0xb160536e
2000205c:	8a851e14 	.word	0x8a851e14
20002060:	3456a71d 	.word	0x3456a71d
20002064:	646aed0a 	.word	0x646aed0a
20002068:	22173b6b 	.word	0x22173b6b
2000206c:	2d81bc93 	.word	0x2d81bc93
20002070:	7b4a3d1a 	.word	0x7b4a3d1a
20002074:	07461a1e 	.word	0x07461a1e
20002078:	0781ebfc 	.word	0x0781ebfc
2000207c:	ee837d14 	.word	0xee837d14
20002080:	014dbb1e 	.word	0x014dbb1e
20002084:	6e862b47 	.word	0x6e862b47
20002088:	de86268f 	.word	0xde86268f
2000208c:	5c5c171a 	.word	0x5c5c171a
20002090:	1b71112d 	.word	0x1b71112d
20002094:	54077d05 	.word	0x54077d05
20002098:	a6ba8454 	.word	0xa6ba8454
2000209c:	970d73a0 	.word	0x970d73a0
200020a0:	c150ff20 	.word	0xc150ff20
200020a4:	06e14364 	.word	0x06e14364
200020a8:	6ee1a315 	.word	0x6ee1a315
200020ac:	852f301e 	.word	0x852f301e
200020b0:	55bb99d2 	.word	0x55bb99d2
200020b4:	3f3da602 	.word	0x3f3da602
200020b8:	1d1e47e8 	.word	0x1d1e47e8
200020bc:	09af06bd 	.word	0x09af06bd
200020c0:	09ae116e 	.word	0x09ae116e
200020c4:	62d1050a 	.word	0x62d1050a
200020c8:	43ae3710 	.word	0x43ae3710
200020cc:	6ea0c1d9 	.word	0x6ea0c1d9
200020d0:	6ee191c5 	.word	0x6ee191c5
200020d4:	1bff3412 	.word	0x1bff3412
200020d8:	0767c16e 	.word	0x0767c16e
200020dc:	910a0a03 	.word	0x910a0a03
200020e0:	40470abf 	.word	0x40470abf
200020e4:	1e8d55ab 	.word	0x1e8d55ab
200020e8:	808257c4 	.word	0x808257c4
200020ec:	eec5a000 	.word	0xeec5a000
200020f0:	35d86f15 	.word	0x35d86f15
200020f4:	bb966912 	.word	0xbb966912
200020f8:	318f88b0 	.word	0x318f88b0
200020fc:	08c361d0 	.word	0x08c361d0
20002100:	8a0ae995 	.word	0x8a0ae995
20002104:	e1c3c1b5 	.word	0xe1c3c1b5
20002108:	22a11108 	.word	0x22a11108
2000210c:	6ec28151 	.word	0x6ec28151
20002110:	2d6e99e3 	.word	0x2d6e99e3
20002114:	11fb0a2b 	.word	0x11fb0a2b
20002118:	c58a38e2 	.word	0xc58a38e2
2000211c:	39e05d60 	.word	0x39e05d60
20002120:	34c40189 	.word	0x34c40189
20002124:	0c33eb1e 	.word	0x0c33eb1e
20002128:	a1681a4d 	.word	0xa1681a4d
2000212c:	a9943f60 	.word	0xa9943f60
20002130:	49764744 	.word	0x49764744
20002134:	c562447b 	.word	0xc562447b
20002138:	c512eb43 	.word	0xc512eb43
2000213c:	573fd815 	.word	0x573fd815
20002140:	084427b7 	.word	0x084427b7
20002144:	70307ba2 	.word	0x70307ba2
20002148:	8867d4c1 	.word	0x8867d4c1
2000214c:	1885add7 	.word	0x1885add7
20002150:	9954dda4 	.word	0x9954dda4
20002154:	624b0a36 	.word	0x624b0a36
20002158:	0af9113f 	.word	0x0af9113f
2000215c:	124c2955 	.word	0x124c2955
20002160:	14627514 	.word	0x14627514
20002164:	2edba2f9 	.word	0x2edba2f9
20002168:	6055c864 	.word	0x6055c864
2000216c:	3c76b841 	.word	0x3c76b841
20002170:	ff511e2b 	.word	0xff511e2b
20002174:	79445670 	.word	0x79445670
20002178:	1bdf1ed3 	.word	0x1bdf1ed3
2000217c:	835ead09 	.word	0x835ead09
20002180:	ab2a1e4d 	.word	0xab2a1e4d
20002184:	710a8521 	.word	0x710a8521
20002188:	d1bfd089 	.word	0xd1bfd089
2000218c:	6e03e542 	.word	0x6e03e542
20002190:	040b85a6 	.word	0x040b85a6
20002194:	006c5551 	.word	0x006c5551
20002198:	056035ca 	.word	0x056035ca
2000219c:	3c691cbb 	.word	0x3c691cbb
200021a0:	50000064 	.word	0x50000064
200021a4:	f51e5dc1 	.word	0xf51e5dc1
200021a8:	9b561e0d 	.word	0x9b561e0d
200021ac:	5a11d31a 	.word	0x5a11d31a
200021b0:	b437e033 	.word	0xb437e033
200021b4:	0560abbf 	.word	0x0560abbf
200021b8:	f7440aad 	.word	0xf7440aad
200021bc:	5add604a 	.word	0x5add604a
200021c0:	f62b1785 	.word	0xf62b1785
200021c4:	bf763567 	.word	0xbf763567
200021c8:	348b6c03 	.word	0x348b6c03
200021cc:	c00d303f 	.word	0xc00d303f
200021d0:	06118af5 	.word	0x06118af5
200021d4:	11d53a1e 	.word	0x11d53a1e
200021d8:	07025c8c 	.word	0x07025c8c
200021dc:	93b1002b 	.word	0x93b1002b
200021e0:	12bc8338 	.word	0x12bc8338
200021e4:	9889666e 	.word	0x9889666e
200021e8:	c199201e 	.word	0xc199201e
200021ec:	8c12437f 	.word	0x8c12437f
200021f0:	a0a7d485 	.word	0xa0a7d485
200021f4:	1ee9d9c1 	.word	0x1ee9d9c1
200021f8:	e13da185 	.word	0xe13da185
200021fc:	a36e8564 	.word	0xa36e8564
20002200:	2db81b3d 	.word	0x2db81b3d
20002204:	5d956a56 	.word	0x5d956a56
20002208:	7f04643d 	.word	0x7f04643d
2000220c:	3f69e846 	.word	0x3f69e846
20002210:	850ce31d 	.word	0x850ce31d
20002214:	ae698510 	.word	0xae698510
20002218:	832a5201 	.word	0x832a5201
2000221c:	60d3c811 	.word	0x60d3c811
20002220:	171c983f 	.word	0x171c983f
20002224:	5e4144af 	.word	0x5e4144af
20002228:	b5073456 	.word	0xb5073456
2000222c:	1efb8e28 	.word	0x1efb8e28
20002230:	a21a3983 	.word	0xa21a3983
20002234:	84766217 	.word	0x84766217
20002238:	09c302f9 	.word	0x09c302f9
2000223c:	f62d8682 	.word	0xf62d8682
20002240:	852b5615 	.word	0x852b5615
20002244:	67c0eb15 	.word	0x67c0eb15
20002248:	55548569 	.word	0x55548569
2000224c:	dc08565e 	.word	0xdc08565e
20002250:	f1424249 	.word	0xf1424249
20002254:	86fd6e0b 	.word	0x86fd6e0b
20002258:	c3913b1a 	.word	0xc3913b1a
2000225c:	4f806b6d 	.word	0x4f806b6d
20002260:	6ee21341 	.word	0x6ee21341
20002264:	5695a715 	.word	0x5695a715
20002268:	0b31611c 	.word	0x0b31611c
2000226c:	76608b82 	.word	0x76608b82
20002270:	28803730 	.word	0x28803730
20002274:	41567139 	.word	0x41567139
20002278:	77ff67d2 	.word	0x77ff67d2
2000227c:	6e85463d 	.word	0x6e85463d
20002280:	2d174d63 	.word	0x2d174d63
20002284:	12385d4c 	.word	0x12385d4c
20002288:	3073145d 	.word	0x3073145d
2000228c:	2cf99829 	.word	0x2cf99829
20002290:	5d3f3906 	.word	0x5d3f3906
20002294:	f0290a77 	.word	0xf0290a77
20002298:	15066012 	.word	0x15066012
2000229c:	09ddf39a 	.word	0x09ddf39a
200022a0:	1e74d863 	.word	0x1e74d863
200022a4:	dd0945b3 	.word	0xdd0945b3
200022a8:	12f82b55 	.word	0x12f82b55
200022ac:	08606476 	.word	0x08606476
200022b0:	3163a90c 	.word	0x3163a90c
200022b4:	1e5a0e8b 	.word	0x1e5a0e8b
200022b8:	1e0f5503 	.word	0x1e0f5503
200022bc:	6ec0856e 	.word	0x6ec0856e
200022c0:	d5e1a21e 	.word	0xd5e1a21e
200022c4:	8080f6b8 	.word	0x8080f6b8
200022c8:	0590356e 	.word	0x0590356e
200022cc:	2a1e30a9 	.word	0x2a1e30a9
200022d0:	7722de71 	.word	0x7722de71
200022d4:	d8107f11 	.word	0xd8107f11
200022d8:	6ef0c118 	.word	0x6ef0c118
200022dc:	1a4f5685 	.word	0x1a4f5685
200022e0:	80677d3d 	.word	0x80677d3d
200022e4:	19427d2f 	.word	0x19427d2f
200022e8:	5730f1b6 	.word	0x5730f1b6
200022ec:	21b183cb 	.word	0x21b183cb
200022f0:	331b1ebf 	.word	0x331b1ebf
200022f4:	b0097309 	.word	0xb0097309
200022f8:	17e328d9 	.word	0x17e328d9
200022fc:	2f467807 	.word	0x2f467807
20002300:	1d1c4680 	.word	0x1d1c4680
20002304:	0ab9ad60 	.word	0x0ab9ad60
20002308:	43833833 	.word	0x43833833
2000230c:	30f8138a 	.word	0x30f8138a
20002310:	5b298530 	.word	0x5b298530
20002314:	3860914c 	.word	0x3860914c
20002318:	6e7b1b65 	.word	0x6e7b1b65
2000231c:	2f2fe063 	.word	0x2f2fe063
20002320:	a0833063 	.word	0xa0833063
20002324:	213a9770 	.word	0x213a9770
20002328:	a47cdb5d 	.word	0xa47cdb5d
2000232c:	3efd5005 	.word	0x3efd5005
20002330:	6e3c2350 	.word	0x6e3c2350
20002334:	bddba318 	.word	0xbddba318
20002338:	0b6567e1 	.word	0x0b6567e1
2000233c:	7d35cd9e 	.word	0x7d35cd9e
20002340:	24f23580 	.word	0x24f23580
20002344:	fc1de2ee 	.word	0xfc1de2ee
20002348:	671e6533 	.word	0x671e6533
2000234c:	9d226e1e 	.word	0x9d226e1e
20002350:	8208b505 	.word	0x8208b505
20002354:	0f01aa50 	.word	0x0f01aa50
20002358:	62e15021 	.word	0x62e15021
2000235c:	99ad6770 	.word	0x99ad6770
20002360:	6248bbdd 	.word	0x6248bbdd
20002364:	6b85ba23 	.word	0x6b85ba23
20002368:	b73b7205 	.word	0xb73b7205
2000236c:	e272a146 	.word	0xe272a146
20002370:	e33c4862 	.word	0xe33c4862
20002374:	13bfa707 	.word	0x13bfa707
20002378:	2a50c019 	.word	0x2a50c019
2000237c:	dc167d15 	.word	0xdc167d15
20002380:	65484ec0 	.word	0x65484ec0
20002384:	4d008318 	.word	0x4d008318
20002388:	fc850416 	.word	0xfc850416
2000238c:	62623083 	.word	0x62623083
20002390:	4d367247 	.word	0x4d367247
20002394:	120a3c19 	.word	0x120a3c19
20002398:	f6595182 	.word	0xf6595182
2000239c:	f6004779 	.word	0xf6004779
200023a0:	85678330 	.word	0x85678330
200023a4:	4d565f03 	.word	0x4d565f03
200023a8:	1047c050 	.word	0x1047c050
200023ac:	02538115 	.word	0x02538115
200023b0:	19a047b7 	.word	0x19a047b7
200023b4:	0bfe4882 	.word	0x0bfe4882
200023b8:	4848130b 	.word	0x4848130b
200023bc:	88ed6223 	.word	0x88ed6223
200023c0:	0d4d5000 	.word	0x0d4d5000
200023c4:	3bce78a1 	.word	0x3bce78a1
200023c8:	1e83e780 	.word	0x1e83e780
200023cc:	3c307626 	.word	0x3c307626
200023d0:	480562fb 	.word	0x480562fb
200023d4:	77561383 	.word	0x77561383
200023d8:	1640480b 	.word	0x1640480b
200023dc:	03881b80 	.word	0x03881b80
200023e0:	1021ef01 	.word	0x1021ef01
200023e4:	47b27547 	.word	0x47b27547
200023e8:	4000d8b9 	.word	0x4000d8b9
200023ec:	f0fd786c 	.word	0xf0fd786c
200023f0:	80fad47a 	.word	0x80fad47a
200023f4:	394b548d 	.word	0x394b548d
200023f8:	3f026c6c 	.word	0x3f026c6c
200023fc:	02e0532d 	.word	0x02e0532d
20002400:	08c7223f 	.word	0x08c7223f
20002404:	4e101b7b 	.word	0x4e101b7b
20002408:	304e7ec3 	.word	0x304e7ec3
2000240c:	f125211b 	.word	0xf125211b
20002410:	b87a9b23 	.word	0xb87a9b23
20002414:	831e456d 	.word	0x831e456d
20002418:	06bcf947 	.word	0x06bcf947
2000241c:	681b584c 	.word	0x681b584c
20002420:	1b503cb9 	.word	0x1b503cb9
20002424:	91c40421 	.word	0x91c40421
20002428:	01c0044d 	.word	0x01c0044d
2000242c:	2b9f8732 	.word	0x2b9f8732
20002430:	2f7a056b 	.word	0x2f7a056b
20002434:	805664c1 	.word	0x805664c1
20002438:	11307dc2 	.word	0x11307dc2
2000243c:	21fb0f47 	.word	0x21fb0f47
20002440:	02025904 	.word	0x02025904
20002444:	5d3f404e 	.word	0x5d3f404e
20002448:	34d34009 	.word	0x34d34009
2000244c:	da74e173 	.word	0xda74e173
20002450:	9e1d163c 	.word	0x9e1d163c
20002454:	2a9d0d05 	.word	0x2a9d0d05
20002458:	10b73003 	.word	0x10b73003
2000245c:	7dc151af 	.word	0x7dc151af
20002460:	ca67807d 	.word	0xca67807d
20002464:	437da3ca 	.word	0x437da3ca
20002468:	08f91884 	.word	0x08f91884
2000246c:	8de01c69 	.word	0x8de01c69
20002470:	1c917d91 	.word	0x1c917d91
20002474:	03a60c30 	.word	0x03a60c30
20002478:	79a00615 	.word	0x79a00615
2000247c:	480f5e0b 	.word	0x480f5e0b
20002480:	f480ece1 	.word	0xf480ece1
20002484:	4a6a56cb 	.word	0x4a6a56cb
20002488:	81405990 	.word	0x81405990
2000248c:	15835613 	.word	0x15835613
20002490:	7002655a 	.word	0x7002655a
20002494:	5dda0d74 	.word	0x5dda0d74
20002498:	1e1e4a3e 	.word	0x1e1e4a3e
2000249c:	100f2185 	.word	0x100f2185
200024a0:	8b7ba881 	.word	0x8b7ba881
200024a4:	f6475707 	.word	0xf6475707
200024a8:	4725616d 	.word	0x4725616d
200024ac:	6e811a46 	.word	0x6e811a46
200024b0:	565d6c78 	.word	0x565d6c78
200024b4:	907baa1a 	.word	0x907baa1a
200024b8:	6b34db3d 	.word	0x6b34db3d
200024bc:	a48112bd 	.word	0xa48112bd
200024c0:	364f4282 	.word	0x364f4282
200024c4:	d43f0879 	.word	0xd43f0879
200024c8:	08765ebd 	.word	0x08765ebd
200024cc:	b067d7bf 	.word	0xb067d7bf
200024d0:	c320bd80 	.word	0xc320bd80
200024d4:	67404282 	.word	0x67404282
200024d8:	0c3441b4 	.word	0x0c3441b4
200024dc:	041a01d4 	.word	0x041a01d4
200024e0:	1167f821 	.word	0x1167f821
200024e4:	29c4392f 	.word	0x29c4392f
200024e8:	c008664a 	.word	0xc008664a
200024ec:	343f7c00 	.word	0x343f7c00
200024f0:	c0564747 	.word	0xc0564747
200024f4:	abbd340a 	.word	0xabbd340a
200024f8:	6430747d 	.word	0x6430747d
200024fc:	ef60b114 	.word	0xef60b114
20002500:	c3c38582 	.word	0xc3c38582
20002504:	40492b34 	.word	0x40492b34
20002508:	1c0d123c 	.word	0x1c0d123c
2000250c:	d8ac3323 	.word	0xd8ac3323
20002510:	2039801c 	.word	0x2039801c
20002514:	800d1e47 	.word	0x800d1e47
20002518:	7c9b136b 	.word	0x7c9b136b
2000251c:	10120a08 	.word	0x10120a08
20002520:	fc76538b 	.word	0xfc76538b
20002524:	5d1c1c2b 	.word	0x5d1c1c2b
20002528:	af261e1e 	.word	0xaf261e1e
2000252c:	0d634ffa 	.word	0x0d634ffa
20002530:	11435d4c 	.word	0x11435d4c
20002534:	71296784 	.word	0x71296784
20002538:	6a150a7b 	.word	0x6a150a7b
2000253c:	015f0651 	.word	0x015f0651
20002540:	0a64567f 	.word	0x0a64567f
20002544:	6e74081c 	.word	0x6e74081c
20002548:	7564a6cd 	.word	0x7564a6cd
2000254c:	563e6768 	.word	0x563e6768
20002550:	170e5e29 	.word	0x170e5e29
20002554:	5e1c528b 	.word	0x5e1c528b
20002558:	003f52ec 	.word	0x003f52ec
2000255c:	88551001 	.word	0x88551001
20002560:	af0f3f38 	.word	0xaf0f3f38
20002564:	e696ffc9 	.word	0xe696ffc9
20002568:	ce31a506 	.word	0xce31a506
2000256c:	d1ffbd6d 	.word	0xd1ffbd6d
20002570:	2af319cd 	.word	0x2af319cd
20002574:	ffd1f1b1 	.word	0xffd1f1b1
20002578:	de549464 	.word	0xde549464
2000257c:	eed8c18e 	.word	0xeed8c18e
20002580:	cea927ff 	.word	0xcea927ff
20002584:	a6d613c5 	.word	0xa6d613c5
20002588:	e6b6db9c 	.word	0xe6b6db9c
2000258c:	ffde7426 	.word	0xffde7426
20002590:	8822c58f 	.word	0x8822c58f
20002594:	a4e8c9b0 	.word	0xa4e8c9b0
20002598:	3ad633ff 	.word	0x3ad633ff
2000259c:	12b54cf7 	.word	0x12b54cf7
200025a0:	5e4266d6 	.word	0x5e4266d6
200025a4:	85d1f2ff 	.word	0x85d1f2ff
200025a8:	c7b14998 	.word	0xc7b14998
200025ac:	e6b7ffa0 	.word	0xe6b7ffa0
200025b0:	c5afde75 	.word	0xc5afde75
200025b4:	09fdc9d0 	.word	0x09fdc9d0
200025b8:	01da33ad 	.word	0x01da33ad
200025bc:	6d1ab684 	.word	0x6d1ab684
200025c0:	2bdf46c1 	.word	0x2bdf46c1
200025c4:	f9c58ab5 	.word	0xf9c58ab5
200025c8:	ad28eef3 	.word	0xad28eef3
200025cc:	46da59ee 	.word	0x46da59ee
200025d0:	8c4356bd 	.word	0x8c4356bd
200025d4:	3ebfa8e8 	.word	0x3ebfa8e8
200025d8:	b94cfb5b 	.word	0xb94cfb5b
200025dc:	12bfd1d1 	.word	0x12bfd1d1
200025e0:	75ead7ae 	.word	0x75ead7ae
200025e4:	d0fae2b6 	.word	0xd0fae2b6
200025e8:	aa2738cd 	.word	0xaa2738cd
200025ec:	28360c06 	.word	0x28360c06
200025f0:	1efe8042 	.word	0x1efe8042
200025f4:	0a500028 	.word	0x0a500028
200025f8:	29ef8203 	.word	0x29ef8203
200025fc:	09956003 	.word	0x09956003
20002600:	15180afb 	.word	0x15180afb
20002604:	fb000617 	.word	0xfb000617
20002608:	20181d15 	.word	0x20181d15
2000260c:	207f54a7 	.word	0x207f54a7
20002610:	2a35061b 	.word	0x2a35061b
20002614:	39300def 	.word	0x39300def
20002618:	30db3000 	.word	0x30db3000
2000261c:	0a1ba82a 	.word	0x0a1ba82a
20002620:	29afa568 	.word	0x29afa568
20002624:	3515f720 	.word	0x3515f720
20002628:	6d972c0d 	.word	0x6d972c0d
2000262c:	fb01392c 	.word	0xfb01392c
20002630:	20153523 	.word	0x20153523
20002634:	163e449d 	.word	0x163e449d
20002638:	d3303505 	.word	0xd3303505
2000263c:	b16f3993 	.word	0xb16f3993
20002640:	05c13530 	.word	0x05c13530
20002644:	3d41d516 	.word	0x3d41d516
20002648:	80392a06 	.word	0x80392a06
2000264c:	02ecc101 	.word	0x02ecc101
20002650:	18788045 	.word	0x18788045
20002654:	312b3006 	.word	0x312b3006
20002658:	b0432c82 	.word	0xb0432c82
2000265c:	c5224470 	.word	0xc5224470
20002660:	102d1f8b 	.word	0x102d1f8b
20002664:	0139b12c 	.word	0x0139b12c
20002668:	08352c1f 	.word	0x08352c1f
2000266c:	f1503b04 	.word	0xf1503b04
20002670:	41392c1f 	.word	0x41392c1f
20002674:	78a1b111 	.word	0x78a1b111
20002678:	77623410 	.word	0x77623410
2000267c:	0f283526 	.word	0x0f283526
20002680:	82dd4190 	.word	0x82dd4190
20002684:	10874343 	.word	0x10874343
20002688:	22300678 	.word	0x22300678
2000268c:	e101b739 	.word	0xe101b739
20002690:	85820630 	.word	0x85820630
20002694:	b3aa05b8 	.word	0xb3aa05b8
20002698:	1a1745c1 	.word	0x1a1745c1
2000269c:	e0052ac4 	.word	0xe0052ac4
200026a0:	0a358e8b 	.word	0x0a358e8b
200026a4:	114fc1b1 	.word	0x114fc1b1
200026a8:	9f0a35ec 	.word	0x9f0a35ec
200026ac:	301df610 	.word	0x301df610
200026b0:	e0a90139 	.word	0xe0a90139
200026b4:	8215301a 	.word	0x8215301a
200026b8:	aa1a983d 	.word	0xaa1a983d
200026bc:	4727c5b9 	.word	0x4727c5b9
200026c0:	0541041e 	.word	0x0541041e
200026c4:	39231bf1 	.word	0x39231bf1
200026c8:	01b5b954 	.word	0x01b5b954
200026cc:	a01b3e78 	.word	0xa01b3e78
200026d0:	0a1a2eb9 	.word	0x0a1a2eb9
200026d4:	0cf1ad39 	.word	0x0cf1ad39
200026d8:	1b41062c 	.word	0x1b41062c
200026dc:	6200014b 	.word	0x6200014b
200026e0:	189f2380 	.word	0x189f2380
200026e4:	041a3902 	.word	0x041a3902
200026e8:	702c4cd9 	.word	0x702c4cd9
200026ec:	64fb1877 	.word	0x64fb1877
200026f0:	31009f18 	.word	0x31009f18
200026f4:	76bb4015 	.word	0x76bb4015
200026f8:	0dafb52c 	.word	0x0dafb52c
200026fc:	079f601d 	.word	0x079f601d
20002700:	374d0725 	.word	0x374d0725
20002704:	3033d312 	.word	0x3033d312
20002708:	001d258a 	.word	0x001d258a
2000270c:	391a39fd 	.word	0x391a39fd
20002710:	58dd3439 	.word	0x58dd3439
20002714:	9f6063e1 	.word	0x9f6063e1
20002718:	6d881e06 	.word	0x6d881e06
2000271c:	1a39399e 	.word	0x1a39399e
20002720:	852da188 	.word	0x852da188
20002724:	7600c104 	.word	0x7600c104
20002728:	68238306 	.word	0x68238306
2000272c:	153fc12f 	.word	0x153fc12f
20002730:	1a1d916d 	.word	0x1a1d916d
20002734:	0cb32371 	.word	0x0cb32371
20002738:	1d7b009f 	.word	0x1d7b009f
2000273c:	1a1c6730 	.word	0x1a1c6730
20002740:	1a30dd10 	.word	0x1a30dd10
20002744:	30eb4151 	.word	0x30eb4151
20002748:	9b1ba01d 	.word	0x9b1ba01d
2000274c:	e005171a 	.word	0xe005171a
20002750:	f9100c30 	.word	0xf9100c30
20002754:	e1042307 	.word	0xe1042307
20002758:	23681a17 	.word	0x23681a17
2000275c:	c02d3e74 	.word	0xc02d3e74
20002760:	8e3f1d3f 	.word	0x8e3f1d3f
20002764:	2b2a1a75 	.word	0x2b2a1a75
20002768:	3f983f26 	.word	0x3f983f26
2000276c:	1f0ad803 	.word	0x1f0ad803
20002770:	31041f79 	.word	0x31041f79
20002774:	89611c31 	.word	0x89611c31
20002778:	040e166d 	.word	0x040e166d
2000277c:	1fe2a981 	.word	0x1fe2a981
20002780:	c182000a 	.word	0xc182000a
20002784:	7f671a1b 	.word	0x7f671a1b
20002788:	03220332 	.word	0x03220332
2000278c:	850fb303 	.word	0x850fb303
20002790:	37126e0f 	.word	0x37126e0f
20002794:	d7d60f03 	.word	0xd7d60f03
20002798:	265ba026 	.word	0x265ba026
2000279c:	6e212a25 	.word	0x6e212a25
200027a0:	00e09a23 	.word	0x00e09a23
200027a4:	032a9d7b 	.word	0x032a9d7b
200027a8:	2303b776 	.word	0x2303b776
200027ac:	b007d7c7 	.word	0xb007d7c7
200027b0:	08139f25 	.word	0x08139f25
200027b4:	30470286 	.word	0x30470286
200027b8:	0318247c 	.word	0x0318247c
200027bc:	f2291222 	.word	0xf2291222
200027c0:	010b0316 	.word	0x010b0316
200027c4:	a95002e1 	.word	0xa95002e1
200027c8:	09860a13 	.word	0x09860a13
200027cc:	3e213847 	.word	0x3e213847
200027d0:	e721033d 	.word	0xe721033d
200027d4:	189e16bf 	.word	0x189e16bf
200027d8:	1f9fc708 	.word	0x1f9fc708
200027dc:	81c03681 	.word	0x81c03681
200027e0:	1371414d 	.word	0x1371414d
200027e4:	d9c518c1 	.word	0xd9c518c1
200027e8:	03179900 	.word	0x03179900
200027ec:	2cbfd80d 	.word	0x2cbfd80d
200027f0:	3f292841 	.word	0x3f292841
200027f4:	06061d1b 	.word	0x06061d1b
200027f8:	b61825c2 	.word	0xb61825c2
200027fc:	082a1b49 	.word	0x082a1b49
20002800:	f67f5ce1 	.word	0xf67f5ce1
20002804:	8417228e 	.word	0x8417228e
20002808:	fb7fb73c 	.word	0xfb7fb73c
2000280c:	15f81829 	.word	0x15f81829
20002810:	1b1d061e 	.word	0x1b1d061e
20002814:	16fc5522 	.word	0x16fc5522
20002818:	4a2a1e1d 	.word	0x4a2a1e1d
2000281c:	1030eed6 	.word	0x1030eed6
20002820:	0ac13101 	.word	0x0ac13101
20002824:	2308e13c 	.word	0x2308e13c
20002828:	221774df 	.word	0x221774df
2000282c:	dd83f714 	.word	0xdd83f714
20002830:	36e2fe85 	.word	0x36e2fe85
20002834:	27302801 	.word	0x27302801
20002838:	1e2a7026 	.word	0x1e2a7026
2000283c:	e25dba1d 	.word	0xe25dba1d
20002840:	ebd55036 	.word	0xebd55036
20002844:	c5f0173e 	.word	0xc5f0173e
20002848:	32415c2c 	.word	0x32415c2c
2000284c:	0f22653f 	.word	0x0f22653f
20002850:	1c1f1a8a 	.word	0x1c1f1a8a
20002854:	09822203 	.word	0x09822203
20002858:	2317c1dd 	.word	0x2317c1dd
2000285c:	060278fd 	.word	0x060278fd
20002860:	36e84529 	.word	0x36e84529
20002864:	e98e3026 	.word	0xe98e3026
20002868:	2de78d28 	.word	0x2de78d28
2000286c:	2a31e54c 	.word	0x2a31e54c
20002870:	17b35fc0 	.word	0x17b35fc0
20002874:	c27d0d23 	.word	0xc27d0d23
20002878:	185a7c2a 	.word	0x185a7c2a
2000287c:	367b2628 	.word	0x367b2628
20002880:	271598a1 	.word	0x271598a1
20002884:	f8231a3b 	.word	0xf8231a3b
20002888:	381f3c09 	.word	0x381f3c09
2000288c:	98bc8e2f 	.word	0x98bc8e2f
20002890:	b629c145 	.word	0xb629c145
20002894:	36172622 	.word	0x36172622
20002898:	5d2681a4 	.word	0x5d2681a4
2000289c:	393b0937 	.word	0x393b0937
200028a0:	64783825 	.word	0x64783825
200028a4:	2a172602 	.word	0x2a172602
200028a8:	3d613bb8 	.word	0x3d613bb8
200028ac:	262c5d9f 	.word	0x262c5d9f
200028b0:	36f10a2d 	.word	0x36f10a2d
200028b4:	441d340a 	.word	0x441d340a
200028b8:	311ffbc3 	.word	0x311ffbc3
200028bc:	1e170427 	.word	0x1e170427
200028c0:	d1dc0e27 	.word	0xd1dc0e27
200028c4:	77f9261a 	.word	0x77f9261a
200028c8:	c364341d 	.word	0xc364341d
200028cc:	3b3d1e2d 	.word	0x3b3d1e2d
200028d0:	3b9f111f 	.word	0x3b9f111f
200028d4:	e2c10717 	.word	0xe2c10717
200028d8:	d345743c 	.word	0xd345743c
200028dc:	2c710b3a 	.word	0x2c710b3a
200028e0:	b8102f18 	.word	0xb8102f18
200028e4:	b7d71539 	.word	0xb7d71539
200028e8:	30cb6734 	.word	0x30cb6734
200028ec:	d97b0c17 	.word	0xd97b0c17
200028f0:	af101b1e 	.word	0xaf101b1e
200028f4:	031c3dbd 	.word	0x031c3dbd
200028f8:	a560fda9 	.word	0xa560fda9
200028fc:	5d3d10f6 	.word	0x5d3d10f6
20002900:	1f3001bc 	.word	0x1f3001bc
20002904:	0a361e67 	.word	0x0a361e67
20002908:	46017f97 	.word	0x46017f97
2000290c:	c2832b0b 	.word	0xc2832b0b
20002910:	b1281e29 	.word	0xb1281e29
20002914:	751c1a18 	.word	0x751c1a18
20002918:	a924344e 	.word	0xa924344e
2000291c:	7ff60001 	.word	0x7ff60001
20002920:	f957b90c 	.word	0xf957b90c
20002924:	07f02513 	.word	0x07f02513
20002928:	98391a39 	.word	0x98391a39
2000292c:	0a2c266d 	.word	0x0a2c266d
20002930:	c457109b 	.word	0xc457109b
20002934:	7d81c73c 	.word	0x7d81c73c
20002938:	752c17ff 	.word	0x752c17ff
2000293c:	231b7bf9 	.word	0x231b7bf9
20002940:	682c0797 	.word	0x682c0797
20002944:	2d0d70ad 	.word	0x2d0d70ad
20002948:	4bb72798 	.word	0x4bb72798
2000294c:	dd2e1740 	.word	0xdd2e1740
20002950:	e09fd11a 	.word	0xe09fd11a
20002954:	d9822434 	.word	0xd9822434
20002958:	247be1c1 	.word	0x247be1c1
2000295c:	39579f34 	.word	0x39579f34
20002960:	841706b5 	.word	0x841706b5
20002964:	0af8f741 	.word	0x0af8f741
20002968:	5c391a1f 	.word	0x5c391a1f
2000296c:	851f574b 	.word	0x851f574b
20002970:	c467550a 	.word	0xc467550a
20002974:	68dda31e 	.word	0x68dda31e
20002978:	e91516b6 	.word	0xe91516b6
2000297c:	46e35c18 	.word	0x46e35c18
20002980:	16c59fc4 	.word	0x16c59fc4
20002984:	1f5f217d 	.word	0x1f5f217d
20002988:	b97e3017 	.word	0xb97e3017
2000298c:	e3c13d28 	.word	0xe3c13d28
20002990:	311a35e2 	.word	0x311a35e2
20002994:	11ae68b7 	.word	0x11ae68b7
20002998:	bd9b081a 	.word	0xbd9b081a
2000299c:	01152811 	.word	0x01152811
200029a0:	fcafbf8b 	.word	0xfcafbf8b
200029a4:	4bd41d85 	.word	0x4bd41d85
200029a8:	1c2c3938 	.word	0x1c2c3938
200029ac:	851d1375 	.word	0x851d1375
200029b0:	1d1f5323 	.word	0x1d1f5323
200029b4:	dbd43e89 	.word	0xdbd43e89
200029b8:	340616e2 	.word	0x340616e2
200029bc:	3b6018c9 	.word	0x3b6018c9
200029c0:	83130ae1 	.word	0x83130ae1
200029c4:	9f2ba30d 	.word	0x9f2ba30d
200029c8:	359924c3 	.word	0x359924c3
200029cc:	d6e3d630 	.word	0xd6e3d630
200029d0:	0b993528 	.word	0x0b993528
200029d4:	1806256f 	.word	0x1806256f
200029d8:	b3db8100 	.word	0xb3db8100
200029dc:	2f242907 	.word	0x2f242907
200029e0:	bd011320 	.word	0xbd011320
200029e4:	a60a06e1 	.word	0xa60a06e1
200029e8:	f7370645 	.word	0xf7370645
200029ec:	69988240 	.word	0x69988240
200029f0:	060ae1f9 	.word	0x060ae1f9
200029f4:	09c13323 	.word	0x09c13323
200029f8:	152d7250 	.word	0x152d7250
200029fc:	1e0d7e3f 	.word	0x1e0d7e3f
20002a00:	4def3d1d 	.word	0x4def3d1d
20002a04:	3e061836 	.word	0x3e061836
20002a08:	a7c41e88 	.word	0xa7c41e88
20002a0c:	a40fc489 	.word	0xa40fc489
20002a10:	fe18101a 	.word	0xfe18101a
20002a14:	351d3d55 	.word	0x351d3d55
20002a18:	1a7abd13 	.word	0x1a7abd13
20002a1c:	c21d943b 	.word	0xc21d943b
20002a20:	d2df630d 	.word	0xd2df630d
20002a24:	c4853519 	.word	0xc4853519
20002a28:	aa24821e 	.word	0xaa24821e
20002a2c:	eb440689 	.word	0xeb440689
20002a30:	f0059f6f 	.word	0xf0059f6f
20002a34:	06527f24 	.word	0x06527f24
20002a38:	10231935 	.word	0x10231935
20002a3c:	a350b784 	.word	0xa350b784
20002a40:	39093df8 	.word	0x39093df8
20002a44:	5e658439 	.word	0x5e658439
20002a48:	f525062c 	.word	0xf525062c
20002a4c:	0613b704 	.word	0x0613b704
20002a50:	13c0c96a 	.word	0x13c0c96a
20002a54:	412971be 	.word	0x412971be
20002a58:	43c3310d 	.word	0x43c3310d
20002a5c:	41108c30 	.word	0x41108c30
20002a60:	ec0f2de9 	.word	0xec0f2de9
20002a64:	18313010 	.word	0x18313010
20002a68:	7f4c9fb8 	.word	0x7f4c9fb8
20002a6c:	cd191838 	.word	0xcd191838
20002a70:	193e0e55 	.word	0x193e0e55
20002a74:	08424725 	.word	0x08424725
20002a78:	30193d23 	.word	0x30193d23
20002a7c:	119821ad 	.word	0x119821ad
20002a80:	a4e5a910 	.word	0xa4e5a910
20002a84:	e3df5040 	.word	0xe3df5040
20002a88:	21500202 	.word	0x21500202
20002a8c:	da1b2118 	.word	0xda1b2118
20002a90:	3863023f 	.word	0x3863023f
20002a94:	9383eb40 	.word	0x9383eb40
20002a98:	78931441 	.word	0x78931441
20002a9c:	13a00d10 	.word	0x13a00d10
20002aa0:	1ab74610 	.word	0x1ab74610
20002aa4:	ed2838f6 	.word	0xed2838f6
20002aa8:	2a1e07bc 	.word	0x2a1e07bc
20002aac:	1e3dbea5 	.word	0x1e3dbea5
20002ab0:	13358507 	.word	0x13358507
20002ab4:	75a0422c 	.word	0x75a0422c
20002ab8:	c9512ce8 	.word	0xc9512ce8
20002abc:	fda89c2c 	.word	0xfda89c2c
20002ac0:	3e80a096 	.word	0x3e80a096
20002ac4:	19c65dc0 	.word	0x19c65dc0
20002ac8:	307fc720 	.word	0x307fc720
20002acc:	1c411e1c 	.word	0x1c411e1c
20002ad0:	1c8b0c30 	.word	0x1c8b0c30
20002ad4:	072b6610 	.word	0x072b6610
20002ad8:	11883b3e 	.word	0x11883b3e
20002adc:	41e07f45 	.word	0x41e07f45
20002ae0:	8925ad0b 	.word	0x8925ad0b
20002ae4:	012edf5b 	.word	0x012edf5b
20002ae8:	822511f8 	.word	0x822511f8
20002aec:	2307ef14 	.word	0x2307ef14
20002af0:	78590519 	.word	0x78590519
20002af4:	d58d4128 	.word	0xd58d4128
20002af8:	2841084f 	.word	0x2841084f
20002afc:	3038e904 	.word	0x3038e904
20002b00:	6017201f 	.word	0x6017201f
20002b04:	2db7531c 	.word	0x2db7531c
20002b08:	342b19b0 	.word	0x342b19b0
20002b0c:	072dc31f 	.word	0x072dc31f
20002b10:	273b28e0 	.word	0x273b28e0
20002b14:	112c1930 	.word	0x112c1930
20002b18:	4117187f 	.word	0x4117187f
20002b1c:	30fc2338 	.word	0x30fc2338
20002b20:	1f1a1a30 	.word	0x1f1a1a30
20002b24:	c0155523 	.word	0xc0155523
20002b28:	c155e10b 	.word	0xc155e10b
20002b2c:	5e690b2d 	.word	0x5e690b2d
20002b30:	4ecc1023 	.word	0x4ecc1023
20002b34:	062e2b56 	.word	0x062e2b56
20002b38:	1618d801 	.word	0x1618d801
20002b3c:	312a3595 	.word	0x312a3595
20002b40:	2d3436ff 	.word	0x2d3436ff
20002b44:	c11e010c 	.word	0xc11e010c
20002b48:	5c0f281e 	.word	0x5c0f281e
20002b4c:	9c93223f 	.word	0x9c93223f
20002b50:	df703f2f 	.word	0xdf703f2f
20002b54:	e0014e2d 	.word	0xe0014e2d
20002b58:	81222d1d 	.word	0x81222d1d
20002b5c:	2d957dd3 	.word	0x2d957dd3
20002b60:	2d2fd34a 	.word	0x2d2fd34a
20002b64:	7b930d1f 	.word	0x7b930d1f
20002b68:	0335173e 	.word	0x0335173e
20002b6c:	af3e8e26 	.word	0xaf3e8e26
20002b70:	fddc1fb8 	.word	0xfddc1fb8
20002b74:	21e23d5d 	.word	0x21e23d5d
20002b78:	0737b485 	.word	0x0737b485
20002b7c:	1025d336 	.word	0x1025d336
20002b80:	26075e31 	.word	0x26075e31
20002b84:	5234d318 	.word	0x5234d318
20002b88:	ac89b151 	.word	0xac89b151
20002b8c:	3d1c3925 	.word	0x3d1c3925
20002b90:	7caac952 	.word	0x7caac952
20002b94:	1fd5a53b 	.word	0x1fd5a53b
20002b98:	141e1b16 	.word	0x141e1b16
20002b9c:	3b070fb5 	.word	0x3b070fb5
20002ba0:	6171030a 	.word	0x6171030a
20002ba4:	17d60770 	.word	0x17d60770
20002ba8:	2d43aa01 	.word	0x2d43aa01
20002bac:	3b054e77 	.word	0x3b054e77
20002bb0:	183da907 	.word	0x183da907
20002bb4:	2e9d241c 	.word	0x2e9d241c
20002bb8:	18fa0a6f 	.word	0x18fa0a6f
20002bbc:	2c020625 	.word	0x2c020625
20002bc0:	4b45c36b 	.word	0x4b45c36b
20002bc4:	5ff3200a 	.word	0x5ff3200a
20002bc8:	028c2c4b 	.word	0x028c2c4b
20002bcc:	a40746c0 	.word	0xa40746c0
20002bd0:	3b2d0afa 	.word	0x3b2d0afa
20002bd4:	81a13c3f 	.word	0x81a13c3f
20002bd8:	1a0d15f8 	.word	0x1a0d15f8
20002bdc:	ea051f2a 	.word	0xea051f2a
20002be0:	0213e806 	.word	0x0213e806
20002be4:	c2e9a030 	.word	0xc2e9a030
20002be8:	313b973d 	.word	0x313b973d
20002bec:	02303c95 	.word	0x02303c95
20002bf0:	f80e0609 	.word	0xf80e0609
20002bf4:	231a2a1f 	.word	0x231a2a1f
20002bf8:	74a1d42f 	.word	0x74a1d42f
20002bfc:	3aa7c03e 	.word	0x3aa7c03e
20002c00:	27d44102 	.word	0x27d44102
20002c04:	23f28a02 	.word	0x23f28a02
20002c08:	8a00bba5 	.word	0x8a00bba5
20002c0c:	0136be71 	.word	0x0136be71
20002c10:	433f0324 	.word	0x433f0324
20002c14:	0c3cc030 	.word	0x0c3cc030
20002c18:	1613ef0c 	.word	0x1613ef0c
20002c1c:	283c0cd2 	.word	0x283c0cd2
20002c20:	8914e2a5 	.word	0x8914e2a5
20002c24:	132dc137 	.word	0x132dc137
20002c28:	80aa1245 	.word	0x80aa1245
20002c2c:	af62a241 	.word	0xaf62a241
20002c30:	19413d9f 	.word	0x19413d9f
20002c34:	4e39040d 	.word	0x4e39040d
20002c38:	8b0a3a13 	.word	0x8b0a3a13
20002c3c:	8a282d1a 	.word	0x8a282d1a
20002c40:	ea73963e 	.word	0xea73963e
20002c44:	b4020d07 	.word	0xb4020d07
20002c48:	0a3d0cfc 	.word	0x0a3d0cfc
20002c4c:	0c3d0fe5 	.word	0x0c3d0fe5
20002c50:	da1c3bc3 	.word	0xda1c3bc3
20002c54:	2fb73040 	.word	0x2fb73040
20002c58:	aa1e283e 	.word	0xaa1e283e
20002c5c:	16af7f3a 	.word	0x16af7f3a
20002c60:	0c3aff20 	.word	0x0c3aff20
20002c64:	1e413b17 	.word	0x1e413b17
20002c68:	08c00c15 	.word	0x08c00c15
20002c6c:	52c31d3d 	.word	0x52c31d3d
20002c70:	1d085cdc 	.word	0x1d085cdc
20002c74:	06d47625 	.word	0x06d47625
20002c78:	11469a41 	.word	0x11469a41
20002c7c:	a83f6206 	.word	0xa83f6206
20002c80:	ffdf9f7c 	.word	0xffdf9f7c
20002c84:	67d520ff 	.word	0x67d520ff
20002c88:	0c0c7044 	.word	0x0c0c7044
20002c8c:	401e3f31 	.word	0x401e3f31
20002c90:	2b30b500 	.word	0x2b30b500
20002c94:	86ef08a9 	.word	0x86ef08a9
20002c98:	7b1fd102 	.word	0x7b1fd102
20002c9c:	052f0200 	.word	0x052f0200
20002ca0:	021e01b5 	.word	0x021e01b5
20002ca4:	daffd500 	.word	0xdaffd500
20002ca8:	023b2f02 	.word	0x023b2f02
20002cac:	d4071b59 	.word	0xd4071b59
20002cb0:	025c4394 	.word	0x025c4394
20002cb4:	025d0f10 	.word	0x025d0f10
20002cb8:	020fff80 	.word	0x020fff80
20002cbc:	ed02b600 	.word	0xed02b600
20002cc0:	34022fdc 	.word	0x34022fdc
20002cc4:	4bff2c5f 	.word	0x4bff2c5f
20002cc8:	55ff0b5f 	.word	0x55ff0b5f
20002ccc:	010002e4 	.word	0x010002e4
20002cd0:	d1d84b68 	.word	0xd1d84b68
20002cd4:	c11fc6b0 	.word	0xc11fc6b0
20002cd8:	2a3f2cff 	.word	0x2a3f2cff
20002cdc:	31849362 	.word	0x31849362
20002ce0:	ffaa486f 	.word	0xffaa486f
20002ce4:	cda00238 	.word	0xcda00238
20002ce8:	5eff4030 	.word	0x5eff4030
20002cec:	ad380202 	.word	0xad380202
20002cf0:	b0fb6209 	.word	0xb0fb6209
20002cf4:	8e02efc3 	.word	0x8e02efc3
20002cf8:	55ac3f02 	.word	0x55ac3f02
20002cfc:	10020cff 	.word	0x10020cff
20002d00:	8b2a4acf 	.word	0x8b2a4acf
20002d04:	c144ff43 	.word	0xc144ff43
20002d08:	021fc102 	.word	0x021fc102
20002d0c:	ff440202 	.word	0xff440202
20002d10:	17ffb041 	.word	0x17ffb041
20002d14:	ff00a600 	.word	0xff00a600
20002d18:	01015a88 	.word	0x01015a88
20002d1c:	ae2f028e 	.word	0xae2f028e
20002d20:	c71fc102 	.word	0xc71fc102
20002d24:	0213f102 	.word	0x0213f102
20002d28:	b03102b5 	.word	0xb03102b5
20002d2c:	5b5f2d1f 	.word	0x5b5f2d1f
20002d30:	01300001 	.word	0x01300001
20002d34:	b118afd6 	.word	0xb118afd6
20002d38:	02181f58 	.word	0x02181f58
20002d3c:	ed472320 	.word	0xed472320
20002d40:	6d4fb100 	.word	0x6d4fb100
20002d44:	a1a0088f 	.word	0xa1a0088f
20002d48:	f3ab0260 	.word	0xf3ab0260
20002d4c:	e86501b5 	.word	0xe86501b5
20002d50:	cdad0202 	.word	0xcdad0202
20002d54:	691aa310 	.word	0x691aa310
20002d58:	d8fd629f 	.word	0xd8fd629f
20002d5c:	02d101ff 	.word	0x02d101ff
20002d60:	d3155f00 	.word	0xd3155f00
20002d64:	0047c102 	.word	0x0047c102
20002d68:	85f1028e 	.word	0x85f1028e
20002d6c:	028a6381 	.word	0x028a6381
20002d70:	028a815f 	.word	0x028a815f
20002d74:	6f6a2bd5 	.word	0x6f6a2bd5
20002d78:	021dbbc1 	.word	0x021dbbc1
20002d7c:	025c8f10 	.word	0x025c8f10
20002d80:	a320ef50 	.word	0xa320ef50
20002d84:	1500b1cf 	.word	0x1500b1cf
20002d88:	41358868 	.word	0x41358868
20002d8c:	b98a05ff 	.word	0xb98a05ff
20002d90:	300b158c 	.word	0x300b158c
20002d94:	6ccfd002 	.word	0x6ccfd002
20002d98:	ff28064f 	.word	0xff28064f
20002d9c:	e138028e 	.word	0xe138028e
20002da0:	902f1a10 	.word	0x902f1a10
20002da4:	af28cf5a 	.word	0xaf28cf5a
20002da8:	023e7fda 	.word	0x023e7fda
20002dac:	af180202 	.word	0xaf180202
20002db0:	ef2a0206 	.word	0xef2a0206
20002db4:	8fa80086 	.word	0x8fa80086
20002db8:	55115780 	.word	0x55115780
20002dbc:	62af8b20 	.word	0x62af8b20
20002dc0:	230f161f 	.word	0x230f161f
20002dc4:	004e2f45 	.word	0x004e2f45
20002dc8:	aa07c502 	.word	0xaa07c502
20002dcc:	7f6b03af 	.word	0x7f6b03af
20002dd0:	c002bf14 	.word	0xc002bf14
20002dd4:	5e9f6c0f 	.word	0x5e9f6c0f
20002dd8:	1f3a0002 	.word	0x1f3a0002
20002ddc:	b423ff96 	.word	0xb423ff96
20002de0:	afb10702 	.word	0xafb10702
20002de4:	0202023e 	.word	0x0202023e
20002de8:	6cdfd100 	.word	0x6cdfd100
20002dec:	240017ff 	.word	0x240017ff
20002df0:	f535624a 	.word	0xf535624a
20002df4:	d9460202 	.word	0xd9460202
20002df8:	c080ffc4 	.word	0xc080ffc4
20002dfc:	84cfaebf 	.word	0x84cfaebf
20002e00:	00d1bf35 	.word	0x00d1bf35
20002e04:	0f05168d 	.word	0x0f05168d
20002e08:	f8ffd006 	.word	0xf8ffd006
20002e0c:	00020202 	.word	0x00020202
20002e10:	0298ff60 	.word	0x0298ff60
20002e14:	9021ff20 	.word	0x9021ff20
20002e18:	ff628302 	.word	0xff628302
20002e1c:	223fc111 	.word	0x223fc111
20002e20:	021bffa2 	.word	0x021bffa2
20002e24:	8fb01507 	.word	0x8fb01507
20002e28:	a90202e8 	.word	0xa90202e8
20002e2c:	1a8f456f 	.word	0x1a8f456f
20002e30:	4514df28 	.word	0x4514df28
20002e34:	500274ff 	.word	0x500274ff
20002e38:	bf02c3af 	.word	0xbf02c3af
20002e3c:	5fc48404 	.word	0x5fc48404
20002e40:	a3ffaa5a 	.word	0xa3ffaa5a
20002e44:	81003f14 	.word	0x81003f14
20002e48:	02c65fc0 	.word	0x02c65fc0
20002e4c:	2a315d60 	.word	0x2a315d60
20002e50:	2b9fb67b 	.word	0x2b9fb67b
20002e54:	6acf8b02 	.word	0x6acf8b02
20002e58:	ad6f965f 	.word	0xad6f965f
20002e5c:	af5a1182 	.word	0xaf5a1182
20002e60:	ffd500a6 	.word	0xffd500a6
20002e64:	2802003a 	.word	0x2802003a
20002e68:	9d60420f 	.word	0x9d60420f
20002e6c:	1d21ff96 	.word	0x1d21ff96
20002e70:	ffd416ff 	.word	0xffd416ff
20002e74:	0202007c 	.word	0x0202007c
20002e78:	30239154 	.word	0x30239154
20002e7c:	ff22180f 	.word	0xff22180f
20002e80:	2faa00ba 	.word	0x2faa00ba
20002e84:	ff8a0061 	.word	0xff8a0061
20002e88:	6f7502e1 	.word	0x6f7502e1
20002e8c:	b0b502d8 	.word	0xb0b502d8
20002e90:	ff2de1c4 	.word	0xff2de1c4
20002e94:	028a0053 	.word	0x028a0053
20002e98:	8f1babff 	.word	0x8f1babff
20002e9c:	1402021d 	.word	0x1402021d
20002ea0:	5480006f 	.word	0x5480006f
20002ea4:	7bc18d3d 	.word	0x7bc18d3d
20002ea8:	0a0f8962 	.word	0x0a0f8962
20002eac:	0070cf88 	.word	0x0070cf88
20002eb0:	309f3802 	.word	0x309f3802
20002eb4:	51b19f88 	.word	0x51b19f88
20002eb8:	c7d2890f 	.word	0xc7d2890f
20002ebc:	02136d25 	.word	0x02136d25
20002ec0:	2b4002a8 	.word	0x2b4002a8
20002ec4:	ff742105 	.word	0xff742105
20002ec8:	bf02c505 	.word	0xbf02c505
20002ecc:	00850247 	.word	0x00850247
20002ed0:	3856ff45 	.word	0x3856ff45
20002ed4:	8202eb5f 	.word	0x8202eb5f
20002ed8:	ffa2427f 	.word	0xffa2427f
20002edc:	0202c2a1 	.word	0x0202c2a1
20002ee0:	00fcff6a 	.word	0x00fcff6a
20002ee4:	2a000002 	.word	0x2a000002
20002ee8:	d0b0a2ff 	.word	0xd0b0a2ff
20002eec:	ff5161ff 	.word	0xff5161ff
20002ef0:	cf00c354 	.word	0xcf00c354
20002ef4:	51ff1552 	.word	0x51ff1552
20002ef8:	0ac1aa02 	.word	0x0ac1aa02
20002efc:	90ed60d6 	.word	0x90ed60d6
20002f00:	d882ffb8 	.word	0xd882ffb8
20002f04:	880a0bff 	.word	0x880a0bff
20002f08:	ffa885ff 	.word	0xffa885ff
20002f0c:	a8020270 	.word	0xa8020270
20002f10:	0260a2ff 	.word	0x0260a2ff
20002f14:	85a14124 	.word	0x85a14124
20002f18:	02c21f51 	.word	0x02c21f51
20002f1c:	052bffa8 	.word	0x052bffa8
20002f20:	52ff0b1f 	.word	0x52ff0b1f
20002f24:	5a10ff15 	.word	0x5a10ff15
20002f28:	1542b1d4 	.word	0x1542b1d4
20002f2c:	554a14ff 	.word	0x554a14ff
20002f30:	ff2c51d1 	.word	0xff2c51d1
20002f34:	d1f8c001 	.word	0xd1f8c001
20002f38:	6904e6a0 	.word	0x6904e6a0
20002f3c:	0dc707cc 	.word	0x0dc707cc
20002f40:	ff52060b 	.word	0xff52060b
20002f44:	033442c2 	.word	0x033442c2
20002f48:	0e45afbb 	.word	0x0e45afbb
20002f4c:	b6c33840 	.word	0xb6c33840
20002f50:	06ff2c7e 	.word	0x06ff2c7e
20002f54:	5ea53081 	.word	0x5ea53081
20002f58:	088f4ebe 	.word	0x088f4ebe
20002f5c:	375f9506 	.word	0x375f9506
20002f60:	148176e8 	.word	0x148176e8
20002f64:	105b4ea5 	.word	0x105b4ea5
20002f68:	a718817f 	.word	0xa718817f
20002f6c:	11474286 	.word	0x11474286
20002f70:	8f0e4e9f 	.word	0x8f0e4e9f
20002f74:	7e2603b0 	.word	0x7e2603b0
20002f78:	40f809ef 	.word	0x40f809ef
20002f7c:	4e7773c7 	.word	0x4e7773c7
20002f80:	7ef78fce 	.word	0x7ef78fce
20002f84:	6e664ee0 	.word	0x6e664ee0
20002f88:	48920177 	.word	0x48920177
20002f8c:	b636922b 	.word	0xb636922b
20002f90:	0242207f 	.word	0x0242207f
20002f94:	32afdeb7 	.word	0x32afdeb7
20002f98:	ee0b0886 	.word	0xee0b0886
20002f9c:	f7000704 	.word	0xf7000704
20002fa0:	39026000 	.word	0x39026000
20002fa4:	9cca27c0 	.word	0x9cca27c0
20002fa8:	4e1e275e 	.word	0x4e1e275e
20002fac:	22afc330 	.word	0x22afc330
20002fb0:	6fb74e08 	.word	0x6fb74e08
20002fb4:	db279e01 	.word	0xdb279e01
20002fb8:	600c2048 	.word	0x600c2048
20002fbc:	24577f08 	.word	0x24577f08
20002fc0:	16790940 	.word	0x16790940
20002fc4:	739f6e88 	.word	0x739f6e88
20002fc8:	474b9f0f 	.word	0x474b9f0f
20002fcc:	b808402d 	.word	0xb808402d
20002fd0:	c7304735 	.word	0xc7304735
20002fd4:	fb46b781 	.word	0xfb46b781
20002fd8:	8c62b844 	.word	0x8c62b844
20002fdc:	24423e37 	.word	0x24423e37
20002fe0:	40cf6459 	.word	0x40cf6459
20002fe4:	2708ac1e 	.word	0x2708ac1e
20002fe8:	420e6d06 	.word	0x420e6d06
20002fec:	174f848c 	.word	0x174f848c
20002ff0:	218fa336 	.word	0x218fa336
20002ff4:	008640ed 	.word	0x008640ed
20002ff8:	04e28118 	.word	0x04e28118
20002ffc:	7cb64825 	.word	0x7cb64825
20003000:	6b5c3025 	.word	0x6b5c3025
20003004:	fc1e000e 	.word	0xfc1e000e
20003008:	102104a1 	.word	0x102104a1
2000300c:	92cd45a7 	.word	0x92cd45a7
20003010:	28bb25bc 	.word	0x28bb25bc
20003014:	782908a1 	.word	0x782908a1
20003018:	31e71560 	.word	0x31e71560
2000301c:	23fb2406 	.word	0x23fb2406
20003020:	f000c430 	.word	0xf000c430
20003024:	032860ae 	.word	0x032860ae
20003028:	166f4b68 	.word	0x166f4b68
2000302c:	3826075b 	.word	0x3826075b
20003030:	4c0a00e5 	.word	0x4c0a00e5
20003034:	0218c0f7 	.word	0x0218c0f7
20003038:	44b05214 	.word	0x44b05214
2000303c:	04feac06 	.word	0x04feac06
20003040:	0476163c 	.word	0x0476163c
20003044:	100f3f01 	.word	0x100f3f01
20003048:	63ffa87d 	.word	0x63ffa87d
2000304c:	483cbaa0 	.word	0x483cbaa0
20003050:	03344451 	.word	0x03344451
20003054:	052c606c 	.word	0x052c606c
20003058:	b609b0ec 	.word	0xb609b0ec
2000305c:	03668506 	.word	0x03668506
20003060:	e7032679 	.word	0xe7032679
20003064:	b1038103 	.word	0xb1038103
20003068:	9ea701b2 	.word	0x9ea701b2
2000306c:	c1d30840 	.word	0xc1d30840
20003070:	700c47c6 	.word	0x700c47c6
20003074:	24fe380d 	.word	0x24fe380d
20003078:	70de0e2f 	.word	0x70de0e2f
2000307c:	2fe08e04 	.word	0x2fe08e04
20003080:	501eb090 	.word	0x501eb090
20003084:	ae36b324 	.word	0xae36b324
20003088:	20afb2a6 	.word	0x20afb2a6
2000308c:	b0f6d160 	.word	0xb0f6d160
20003090:	a0881e5b 	.word	0xa0881e5b
20003094:	7e804196 	.word	0x7e804196
20003098:	00c090f8 	.word	0x00c090f8
2000309c:	258e7f46 	.word	0x258e7f46
200030a0:	ef00e098 	.word	0xef00e098
200030a4:	5f02745a 	.word	0x5f02745a
200030a8:	e8188604 	.word	0xe8188604
200030ac:	bb40ae15 	.word	0xbb40ae15
200030b0:	02202806 	.word	0x02202806
200030b4:	a020ec37 	.word	0xa020ec37
200030b8:	cf8f86f3 	.word	0xcf8f86f3
200030bc:	8f3c8f8f 	.word	0x8f3c8f8f
200030c0:	3047f0e2 	.word	0x3047f0e2
200030c4:	000aa6fe 	.word	0x000aa6fe
200030c8:	2e091085 	.word	0x2e091085
200030cc:	18239eb8 	.word	0x18239eb8
200030d0:	ff1848a4 	.word	0xff1848a4
200030d4:	c0c70a24 	.word	0xc0c70a24
200030d8:	029ee1d2 	.word	0x029ee1d2
200030dc:	6d9fc809 	.word	0x6d9fc809
200030e0:	1000833e 	.word	0x1000833e
200030e4:	aa9e2da7 	.word	0xaa9e2da7
200030e8:	788f838b 	.word	0x788f838b
200030ec:	25490051 	.word	0x25490051
200030f0:	2d22e62c 	.word	0x2d22e62c
200030f4:	258ebf20 	.word	0x258ebf20
200030f8:	1e8e6660 	.word	0x1e8e6660
200030fc:	ecd79e14 	.word	0xecd79e14
20003100:	a296264d 	.word	0xa296264d
20003104:	cd1e5fe6 	.word	0xcd1e5fe6
20003108:	794a240d 	.word	0x794a240d
2000310c:	c27c4226 	.word	0xc27c4226
20003110:	5e3f0617 	.word	0x5e3f0617
20003114:	c221240a 	.word	0xc221240a
20003118:	9b184630 	.word	0x9b184630
2000311c:	28231662 	.word	0x28231662
20003120:	d986858b 	.word	0xd986858b
20003124:	bf2e3c08 	.word	0xbf2e3c08
20003128:	05bc84e6 	.word	0x05bc84e6
2000312c:	bf3821ad 	.word	0xbf3821ad
20003130:	25080e47 	.word	0x25080e47
20003134:	3630b343 	.word	0x3630b343
20003138:	38c44d46 	.word	0x38c44d46
2000313c:	fb76078b 	.word	0xfb76078b
20003140:	70218d04 	.word	0x70218d04
20003144:	607056ec 	.word	0x607056ec
20003148:	6ad80187 	.word	0x6ad80187
2000314c:	162ead06 	.word	0x162ead06
20003150:	0e8bad0e 	.word	0x0e8bad0e
20003154:	04db0cbe 	.word	0x04db0cbe
20003158:	823614ad 	.word	0x823614ad
2000315c:	25160dde 	.word	0x25160dde
20003160:	757e588a 	.word	0x757e588a
20003164:	9ab61027 	.word	0x9ab61027
20003168:	792718ad 	.word	0x792718ad
2000316c:	19302501 	.word	0x19302501
20003170:	cd1ce514 	.word	0xcd1ce514
20003174:	18233880 	.word	0x18233880
20003178:	104c003e 	.word	0x104c003e
2000317c:	211af2a8 	.word	0x211af2a8
20003180:	230ed8da 	.word	0x230ed8da
20003184:	0edff301 	.word	0x0edff301
20003188:	a1012a60 	.word	0xa1012a60
2000318c:	8eaca9b6 	.word	0x8eaca9b6
20003190:	c62a4628 	.word	0xc62a4628
20003194:	3006d8e2 	.word	0x3006d8e2
20003198:	7e361bcb 	.word	0x7e361bcb
2000319c:	ff3c0160 	.word	0xff3c0160
200031a0:	1c089e1f 	.word	0x1c089e1f
200031a4:	36e06678 	.word	0x36e06678
200031a8:	a08bc6fe 	.word	0xa08bc6fe
200031ac:	98fe0516 	.word	0x98fe0516
200031b0:	1cd18f45 	.word	0x1cd18f45
200031b4:	dc205d57 	.word	0xdc205d57
200031b8:	3fec4756 	.word	0x3fec4756
200031bc:	228c6409 	.word	0x228c6409
200031c0:	22aebe0d 	.word	0x22aebe0d
200031c4:	e0c7a729 	.word	0xe0c7a729
200031c8:	af0f7e01 	.word	0xaf0f7e01
200031cc:	470ad70f 	.word	0x470ad70f
200031d0:	c3347fda 	.word	0xc3347fda
200031d4:	bf6ce14f 	.word	0xbf6ce14f
200031d8:	0030e77b 	.word	0x0030e77b
200031dc:	4d6f6766 	.word	0x4d6f6766
200031e0:	d08627a1 	.word	0xd08627a1
200031e4:	2024ed32 	.word	0x2024ed32
200031e8:	4f2cb700 	.word	0x4f2cb700
200031ec:	2fafcc20 	.word	0x2fafcc20
200031f0:	c66cd031 	.word	0xc66cd031
200031f4:	364ecf66 	.word	0x364ecf66
200031f8:	4ea70608 	.word	0x4ea70608
200031fc:	bcc4f447 	.word	0xbcc4f447
20003200:	87e72442 	.word	0x87e72442
20003204:	6f4053f7 	.word	0x6f4053f7
20003208:	475b3c72 	.word	0x475b3c72
2000320c:	2eee044d 	.word	0x2eee044d
20003210:	56ce3e82 	.word	0x56ce3e82
20003214:	38577517 	.word	0x38577517
20003218:	a60c1eee 	.word	0xa60c1eee
2000321c:	da208638 	.word	0xda208638
20003220:	bf64b856 	.word	0xbf64b856
20003224:	82202107 	.word	0x82202107
20003228:	fbe20f57 	.word	0xfbe20f57
2000322c:	fef645ff 	.word	0xfef645ff
20003230:	188fa080 	.word	0x188fa080
20003234:	25a63f38 	.word	0x25a63f38
20003238:	77008040 	.word	0x77008040
2000323c:	a500cc57 	.word	0xa500cc57
20003240:	e016af82 	.word	0xe016af82
20003244:	f8c4afa6 	.word	0xf8c4afa6
20003248:	a700d4c6 	.word	0xa700d4c6
2000324c:	cc83de60 	.word	0xcc83de60
20003250:	df2ec841 	.word	0xdf2ec841
20003254:	18219625 	.word	0x18219625
20003258:	0a0106c2 	.word	0x0a0106c2
2000325c:	f405d7b8 	.word	0xf405d7b8
20003260:	47465bfe 	.word	0x47465bfe
20003264:	e0510e28 	.word	0xe0510e28
20003268:	824beb0f 	.word	0x824beb0f
2000326c:	ef9b11ee 	.word	0xef9b11ee
20003270:	8edb1f40 	.word	0x8edb1f40
20003274:	bcb627a3 	.word	0xbcb627a3
20003278:	d094af06 	.word	0xd094af06
2000327c:	d766279e 	.word	0xd766279e
20003280:	8c66db00 	.word	0x8c66db00
20003284:	6f248478 	.word	0x6f248478
20003288:	2aaca60e 	.word	0x2aaca60e
2000328c:	3b0e0430 	.word	0x3b0e0430
20003290:	f6246356 	.word	0xf6246356
20003294:	14c0fffa 	.word	0x14c0fffa
20003298:	95a5840e 	.word	0x95a5840e
2000329c:	c664afc7 	.word	0xc664afc7
200032a0:	21567e30 	.word	0x21567e30
200032a4:	5612a328 	.word	0x5612a328
200032a8:	fffcef27 	.word	0xfffcef27
200032ac:	b2a09e64 	.word	0xb2a09e64
200032b0:	bea63ea0 	.word	0xbea63ea0
200032b4:	8fa6e086 	.word	0x8fa6e086
200032b8:	8f16b598 	.word	0x8f16b598
200032bc:	364ef09c 	.word	0x364ef09c
200032c0:	dbe6f080 	.word	0xdbe6f080
200032c4:	b6100186 	.word	0xb6100186
200032c8:	9b18c6c2 	.word	0x9b18c6c2
200032cc:	27a466be 	.word	0x27a466be
200032d0:	666b4706 	.word	0x666b4706
200032d4:	a2cd7ec6 	.word	0xa2cd7ec6
200032d8:	0046c010 	.word	0x0046c010
200032dc:	be9107ed 	.word	0xbe9107ed
200032e0:	a82636a6 	.word	0xa82636a6
200032e4:	8192be27 	.word	0x8192be27
200032e8:	1f02d60a 	.word	0x1f02d60a
200032ec:	093c074e 	.word	0x093c074e
200032f0:	14e1ce0a 	.word	0x14e1ce0a
200032f4:	779c4825 	.word	0x779c4825
200032f8:	1f21b834 	.word	0x1f21b834
200032fc:	a6700517 	.word	0xa6700517
20003300:	27e9df0c 	.word	0x27e9df0c
20003304:	9ed23038 	.word	0x9ed23038
20003308:	8c0edee2 	.word	0x8c0edee2
2000330c:	8c637e1b 	.word	0x8c637e1b
20003310:	f0c2ae68 	.word	0xf0c2ae68
20003314:	242e4108 	.word	0x242e4108
20003318:	e804a674 	.word	0xe804a674
2000331c:	514910a7 	.word	0x514910a7
20003320:	b817b9cf 	.word	0xb817b9cf
20003324:	268ce34e 	.word	0x268ce34e
20003328:	6c146ae8 	.word	0x6c146ae8
2000332c:	380102c6 	.word	0x380102c6
20003330:	e29e0476 	.word	0xe29e0476
20003334:	e22f9d4e 	.word	0xe22f9d4e
20003338:	83af9dac 	.word	0x83af9dac
2000333c:	49deb0ac 	.word	0x49deb0ac
20003340:	c8e7e8ac 	.word	0xc8e7e8ac
20003344:	96a8bfb2 	.word	0x96a8bfb2
20003348:	f72f0d14 	.word	0xf72f0d14
2000334c:	fe00ffa9 	.word	0xfe00ffa9
20003350:	34b87e05 	.word	0x34b87e05
20003354:	2caf1a8f 	.word	0x2caf1a8f
20003358:	eeb4168e 	.word	0xeeb4168e
2000335c:	28bc3f16 	.word	0x28bc3f16
20003360:	d7e0b016 	.word	0xd7e0b016
20003364:	b71624cf 	.word	0xb71624cf
20003368:	79202fac 	.word	0x79202fac
2000336c:	1c39a816 	.word	0x1c39a816
20003370:	18e7a4e4 	.word	0x18e7a4e4
20003374:	373aa09c 	.word	0x373aa09c
20003378:	b916f714 	.word	0xb916f714
2000337c:	6c3f0eb6 	.word	0x6c3f0eb6
20003380:	55908400 	.word	0x55908400
20003384:	0efb437e 	.word	0x0efb437e
20003388:	dfd4a064 	.word	0xdfd4a064
2000338c:	9710eed9 	.word	0x9710eed9
20003390:	60148f82 	.word	0x60148f82
20003394:	3657661f 	.word	0x3657661f
20003398:	e0960386 	.word	0xe0960386
2000339c:	56a043b8 	.word	0x56a043b8
200033a0:	179612bf 	.word	0x179612bf
200033a4:	62a7b886 	.word	0x62a7b886
200033a8:	77bfb608 	.word	0x77bfb608
200033ac:	935ff11c 	.word	0x935ff11c
200033b0:	8477453c 	.word	0x8477453c
200033b4:	a384c7c5 	.word	0xa384c7c5
200033b8:	cfae762f 	.word	0xcfae762f
200033bc:	0b421fd8 	.word	0x0b421fd8
200033c0:	1e5857b4 	.word	0x1e5857b4
200033c4:	af1d1040 	.word	0xaf1d1040
200033c8:	8457a15a 	.word	0x8457a15a
200033cc:	0fcf2518 	.word	0x0fcf2518
200033d0:	6f36a3c0 	.word	0x6f36a3c0
200033d4:	645ed4df 	.word	0x645ed4df
200033d8:	cfbb200f 	.word	0xcfbb200f
200033dc:	08966308 	.word	0x08966308
200033e0:	a3c2364a 	.word	0xa3c2364a
200033e4:	140eec80 	.word	0x140eec80
200033e8:	ac40f818 	.word	0xac40f818
200033ec:	6160eff6 	.word	0x6160eff6
200033f0:	b62f4fcd 	.word	0xb62f4fcd
200033f4:	04383f0f 	.word	0x04383f0f
200033f8:	a884b6a0 	.word	0xa884b6a0
200033fc:	1543acee 	.word	0x1543acee
20003400:	77d08396 	.word	0x77d08396
20003404:	5f658618 	.word	0x5f658618
20003408:	08984fa3 	.word	0x08984fa3
2000340c:	d9636675 	.word	0xd9636675
20003410:	37a1569e 	.word	0x37a1569e
20003414:	7b06c7cd 	.word	0x7b06c7cd
20003418:	0427b290 	.word	0x0427b290
2000341c:	6c2b3607 	.word	0x6c2b3607
20003420:	bf9b2144 	.word	0xbf9b2144
20003424:	0219b760 	.word	0x0219b760
20003428:	c8c6e702 	.word	0xc8c6e702
2000342c:	13537267 	.word	0x13537267
20003430:	38370cb1 	.word	0x38370cb1
20003434:	6f556428 	.word	0x6f556428
20003438:	e7049e86 	.word	0xe7049e86
2000343c:	ad6fff22 	.word	0xad6fff22
20003440:	409c2444 	.word	0x409c2444
20003444:	dee21f66 	.word	0xdee21f66
20003448:	d360a42f 	.word	0xd360a42f
2000344c:	8525443f 	.word	0x8525443f
20003450:	e7065fd8 	.word	0xe7065fd8
20003454:	848fe60f 	.word	0x848fe60f
20003458:	04df3320 	.word	0x04df3320
2000345c:	de56a784 	.word	0xde56a784
20003460:	10050604 	.word	0x10050604
20003464:	4a08b7cd 	.word	0x4a08b7cd
20003468:	0754077c 	.word	0x0754077c
2000346c:	589643d3 	.word	0x589643d3
20003470:	30571604 	.word	0x30571604
20003474:	c0f60062 	.word	0xc0f60062
20003478:	81d840ff 	.word	0x81d840ff
2000347c:	876608b9 	.word	0x876608b9
20003480:	60c7a1ad 	.word	0x60c7a1ad
20003484:	8b11a1bf 	.word	0x8b11a1bf
20003488:	806e5577 	.word	0x806e5577
2000348c:	188f2717 	.word	0x188f2717
20003490:	83067b6e 	.word	0x83067b6e
20003494:	3204a147 	.word	0x3204a147
20003498:	aeb03937 	.word	0xaeb03937
2000349c:	f7fe02ae 	.word	0xf7fe02ae
200034a0:	341734e6 	.word	0x341734e6
200034a4:	63f303e6 	.word	0x63f303e6
200034a8:	30ac62e2 	.word	0x30ac62e2
200034ac:	c1d85daf 	.word	0xc1d85daf
200034b0:	050540be 	.word	0x050540be
200034b4:	aabfb24e 	.word	0xaabfb24e
200034b8:	0ec1c476 	.word	0x0ec1c476
200034bc:	0e208652 	.word	0x0e208652
200034c0:	e018069b 	.word	0xe018069b
200034c4:	ba3e4f09 	.word	0xba3e4f09
200034c8:	f130e7a7 	.word	0xf130e7a7
200034cc:	3408570f 	.word	0x3408570f
200034d0:	0e42090e 	.word	0x0e42090e
200034d4:	c41e87b6 	.word	0xc41e87b6
200034d8:	c516dd87 	.word	0xc516dd87
200034dc:	1ea23887 	.word	0x1ea23887
200034e0:	2f1f3c87 	.word	0x2f1f3c87
200034e4:	306e785e 	.word	0x306e785e
200034e8:	8b282615 	.word	0x8b282615
200034ec:	58c94f60 	.word	0x58c94f60
200034f0:	36fd1870 	.word	0x36fd1870
200034f4:	8dc30034 	.word	0x8dc30034
200034f8:	4276185f 	.word	0x4276185f
200034fc:	1e1cf75a 	.word	0x1e1cf75a
20003500:	cf884836 	.word	0xcf884836
20003504:	011f8e2d 	.word	0x011f8e2d
20003508:	a0109549 	.word	0xa0109549
2000350c:	976d3023 	.word	0x976d3023
20003510:	000288bb 	.word	0x000288bb
20003514:	2161172c 	.word	0x2161172c
20003518:	5b308650 	.word	0x5b308650
2000351c:	5700626e 	.word	0x5700626e
20003520:	38c84e1b 	.word	0x38c84e1b
20003524:	20301433 	.word	0x20301433
20003528:	5d0a6e26 	.word	0x5d0a6e26
2000352c:	00861a56 	.word	0x00861a56
20003530:	4e6f0874 	.word	0x4e6f0874
20003534:	78432d70 	.word	0x78432d70
20003538:	089e0a4f 	.word	0x089e0a4f
2000353c:	1c436763 	.word	0x1c436763
20003540:	06035dec 	.word	0x06035dec
20003544:	0e4386a4 	.word	0x0e4386a4
20003548:	0f951228 	.word	0x0f951228
2000354c:	c7580b31 	.word	0xc7580b31
20003550:	47de7b48 	.word	0x47de7b48
20003554:	298c634e 	.word	0x298c634e
20003558:	9056608b 	.word	0x9056608b
2000355c:	0e0e07ac 	.word	0x0e0e07ac
20003560:	1c5f24ba 	.word	0x1c5f24ba
20003564:	307f4eec 	.word	0x307f4eec
20003568:	21366121 	.word	0x21366121
2000356c:	c6d04746 	.word	0xc6d04746
20003570:	d7ea96ee 	.word	0xd7ea96ee
20003574:	c73b2461 	.word	0xc73b2461
20003578:	288e8fbe 	.word	0x288e8fbe
2000357c:	b9b8b80f 	.word	0xb9b8b80f
20003580:	40eb444e 	.word	0x40eb444e
20003584:	9f28af8c 	.word	0x9f28af8c
20003588:	6430000f 	.word	0x6430000f
2000358c:	bcbf4ff7 	.word	0xbcbf4ff7
20003590:	de2f27b6 	.word	0xde2f27b6
20003594:	438f01a7 	.word	0x438f01a7
20003598:	b569fe61 	.word	0xb569fe61
2000359c:	794f8969 	.word	0x794f8969
200035a0:	8ff68f86 	.word	0x8ff68f86
200035a4:	0ab4b748 	.word	0x0ab4b748
200035a8:	b608e227 	.word	0xb608e227
200035ac:	be1d68ff 	.word	0xbe1d68ff
200035b0:	02c0270c 	.word	0x02c0270c
200035b4:	4f09de66 	.word	0x4f09de66
200035b8:	6f08822e 	.word	0x6f08822e
200035bc:	bf0636c7 	.word	0xbf0636c7
200035c0:	16b8e1b8 	.word	0x16b8e1b8
200035c4:	3ec6e606 	.word	0x3ec6e606
200035c8:	71435574 	.word	0x71435574
200035cc:	7745a0cf 	.word	0x7745a0cf
200035d0:	f02fc580 	.word	0xf02fc580
200035d4:	94c40020 	.word	0x94c40020
200035d8:	7e042fe1 	.word	0x7e042fe1
200035dc:	17842699 	.word	0x17842699
200035e0:	17630066 	.word	0x17630066
200035e4:	1745866b 	.word	0x1745866b
200035e8:	46588e1b 	.word	0x46588e1b
200035ec:	000cfc17 	.word	0x000cfc17
200035f0:	e7748c42 	.word	0xe7748c42
200035f4:	38a0c0cf 	.word	0x38a0c0cf
200035f8:	b520eef9 	.word	0xb520eef9
200035fc:	2fd56235 	.word	0x2fd56235
20003600:	ee612421 	.word	0xee612421
20003604:	34df5824 	.word	0x34df5824
20003608:	a8e14017 	.word	0xa8e14017
2000360c:	1e37c52e 	.word	0x1e37c52e
20003610:	f04cafc6 	.word	0xf04cafc6
20003614:	44afc700 	.word	0x44afc700
20003618:	c94fa3a0 	.word	0xc94fa3a0
2000361c:	4c3048a7 	.word	0x4c3048a7
20003620:	de4fe192 	.word	0xde4fe192
20003624:	97363043 	.word	0x97363043
20003628:	62e39731 	.word	0x62e39731
2000362c:	eee1e7e1 	.word	0xeee1e7e1
20003630:	3e7025a7 	.word	0x3e7025a7
20003634:	67299650 	.word	0x67299650
20003638:	40b7b746 	.word	0x40b7b746
2000363c:	67051c1f 	.word	0x67051c1f
20003640:	a3b08683 	.word	0xa3b08683
20003644:	de20c927 	.word	0xde20c927
20003648:	c6407622 	.word	0xc6407622
2000364c:	d627c8e7 	.word	0xd627c8e7
20003650:	568614f6 	.word	0x568614f6
20003654:	f6d60ecc 	.word	0xf6d60ecc
20003658:	1ba79366 	.word	0x1ba79366
2000365c:	145d7f24 	.word	0x145d7f24
20003660:	1e1c5784 	.word	0x1e1c5784
20003664:	76269722 	.word	0x76269722
20003668:	54141f9e 	.word	0x54141f9e
2000366c:	3ff402a8 	.word	0x3ff402a8
20003670:	148fa766 	.word	0x148fa766
20003674:	06030feb 	.word	0x06030feb
20003678:	62b1ce8a 	.word	0x62b1ce8a
2000367c:	6628de17 	.word	0x6628de17
20003680:	2a2e4226 	.word	0x2a2e4226
20003684:	2476cfc1 	.word	0x2476cfc1
20003688:	2cb02b67 	.word	0x2cb02b67
2000368c:	40675bcf 	.word	0x40675bcf
20003690:	5c3f2ec3 	.word	0x5c3f2ec3
20003694:	80e71704 	.word	0x80e71704
20003698:	000219ec 	.word	0x000219ec
2000369c:	7b003227 	.word	0x7b003227
200036a0:	306f1102 	.word	0x306f1102
200036a4:	76eee030 	.word	0x76eee030
200036a8:	1847c3c7 	.word	0x1847c3c7
200036ac:	c8dfe126 	.word	0xc8dfe126
200036b0:	4f769d52 	.word	0x4f769d52
200036b4:	2f980234 	.word	0x2f980234
200036b8:	b0f74c10 	.word	0xb0f74c10
200036bc:	2c80e817 	.word	0x2c80e817
200036c0:	8080a6b0 	.word	0x8080a6b0
200036c4:	6114578f 	.word	0x6114578f
200036c8:	9a8240c7 	.word	0x9a8240c7
200036cc:	4787ee6b 	.word	0x4787ee6b
200036d0:	b5df210a 	.word	0xb5df210a
200036d4:	28cd3f30 	.word	0x28cd3f30
200036d8:	1c362497 	.word	0x1c362497
200036dc:	860d8b7f 	.word	0x860d8b7f
200036e0:	846763c4 	.word	0x846763c4
200036e4:	2cbfa534 	.word	0x2cbfa534
200036e8:	0df72c37 	.word	0x0df72c37
200036ec:	6177ab18 	.word	0x6177ab18
200036f0:	002cf51f 	.word	0x002cf51f
200036f4:	f7c397c3 	.word	0xf7c397c3
200036f8:	2e67601c 	.word	0x2e67601c
200036fc:	574c4b2e 	.word	0x574c4b2e
20003700:	b7dd2121 	.word	0xb7dd2121
20003704:	85573540 	.word	0x85573540
20003708:	28708f35 	.word	0x28708f35
2000370c:	e641ff3a 	.word	0xe641ff3a
20003710:	b530a3eb 	.word	0xb530a3eb
20003714:	18ae4837 	.word	0x18ae4837
20003718:	7e38510e 	.word	0x7e38510e
2000371c:	270d7620 	.word	0x270d7620
20003720:	0f0e0a1a 	.word	0x0f0e0a1a
20003724:	a78e1da4 	.word	0xa78e1da4
20003728:	fb403fa0 	.word	0xfb403fa0
2000372c:	8146160e 	.word	0x8146160e
20003730:	b80066fa 	.word	0xb80066fa
20003734:	fe45a721 	.word	0xfe45a721
20003738:	b73629c0 	.word	0xb73629c0
2000373c:	6d9f5e14 	.word	0x6d9f5e14
20003740:	c92fc337 	.word	0xc92fc337
20003744:	14bfd137 	.word	0x14bfd137
20003748:	00ff97de 	.word	0x00ff97de
2000374c:	a70e5fdb 	.word	0xa70e5fdb
20003750:	a41640c7 	.word	0xa41640c7
20003754:	1e3d25e7 	.word	0x1e3d25e7
20003758:	02125ffa 	.word	0x02125ffa
2000375c:	2f85cf78 	.word	0x2f85cf78
20003760:	92efa362 	.word	0x92efa362
20003764:	26205475 	.word	0x26205475
20003768:	141c77c7 	.word	0x141c77c7
2000376c:	068e5b2f 	.word	0x068e5b2f
20003770:	87208fae 	.word	0x87208fae
20003774:	20965001 	.word	0x20965001
20003778:	e71c0fd8 	.word	0xe71c0fd8
2000377c:	49a76158 	.word	0x49a76158
20003780:	a6a15fe1 	.word	0xa6a15fe1
20003784:	48a75430 	.word	0x48a75430
20003788:	d783df4d 	.word	0xd783df4d
2000378c:	1cfef000 	.word	0x1cfef000
20003790:	2091ef99 	.word	0x2091ef99
20003794:	280e24bc 	.word	0x280e24bc
20003798:	c3ff0e1d 	.word	0xc3ff0e1d
2000379c:	34e026ee 	.word	0x34e026ee
200037a0:	f1075524 	.word	0xf1075524
200037a4:	d63c0360 	.word	0xd63c0360
200037a8:	0d2713df 	.word	0x0d2713df
200037ac:	5017b018 	.word	0x5017b018
200037b0:	4724da37 	.word	0x4724da37
200037b4:	f50b20e4 	.word	0xf50b20e4
200037b8:	0c00612f 	.word	0x0c00612f
200037bc:	18b8a72a 	.word	0x18b8a72a
200037c0:	01ba37e2 	.word	0x01ba37e2
200037c4:	cf12de0c 	.word	0xcf12de0c
200037c8:	776ef91e 	.word	0x776ef91e
200037cc:	0e47350b 	.word	0x0e47350b
200037d0:	9788afc2 	.word	0x9788afc2
200037d4:	ef9193c2 	.word	0xef9193c2
200037d8:	3f847e0d 	.word	0x3f847e0d
200037dc:	d8108f5a 	.word	0xd8108f5a
200037e0:	361b5117 	.word	0x361b5117
200037e4:	2f39428f 	.word	0x2f39428f
200037e8:	07ac40c7 	.word	0x07ac40c7
200037ec:	c7464034 	.word	0xc7464034
200037f0:	c250ef3d 	.word	0xc250ef3d
200037f4:	81990000 	.word	0x81990000
200037f8:	44bf6007 	.word	0x44bf6007
200037fc:	334f3f6e 	.word	0x334f3f6e
20003800:	bf8123df 	.word	0xbf8123df
20003804:	8542c645 	.word	0x8542c645
20003808:	6cef132c 	.word	0x6cef132c
2000380c:	213f4bbf 	.word	0x213f4bbf
20003810:	1fe6ec40 	.word	0x1fe6ec40
20003814:	c361178f 	.word	0xc361178f
20003818:	c67c4883 	.word	0xc67c4883
2000381c:	2a620005 	.word	0x2a620005
20003820:	0d83f7ef 	.word	0x0d83f7ef
20003824:	000bec1e 	.word	0x000bec1e
20003828:	c2017f62 	.word	0xc2017f62
2000382c:	8f5fe323 	.word	0x8f5fe323
20003830:	24d86e83 	.word	0x24d86e83
20003834:	5f366f09 	.word	0x5f366f09
20003838:	17790026 	.word	0x17790026
2000383c:	1a069f36 	.word	0x1a069f36
20003840:	0b115e0e 	.word	0x0b115e0e
20003844:	20af048f 	.word	0x20af048f
20003848:	284226b8 	.word	0x284226b8
2000384c:	84872d06 	.word	0x84872d06
20003850:	2e282c27 	.word	0x2e282c27
20003854:	0c78ae29 	.word	0x0c78ae29
20003858:	1031bfd0 	.word	0x1031bfd0
2000385c:	7755378a 	.word	0x7755378a
20003860:	85b74d08 	.word	0x85b74d08
20003864:	ace16e07 	.word	0xace16e07
20003868:	002fbcff 	.word	0x002fbcff
2000386c:	853f6200 	.word	0x853f6200
20003870:	280a9f10 	.word	0x280a9f10
20003874:	5f2774af 	.word	0x5f2774af
20003878:	2e8bc7c2 	.word	0x2e8bc7c2
2000387c:	64db1074 	.word	0x64db1074
20003880:	8c65068c 	.word	0x8c65068c
20003884:	de6d2f56 	.word	0xde6d2f56
20003888:	16fc34a5 	.word	0x16fc34a5
2000388c:	651070ac 	.word	0x651070ac
20003890:	f7a52717 	.word	0xf7a52717
20003894:	a0fffc30 	.word	0xa0fffc30
20003898:	1527b9c7 	.word	0x1527b9c7
2000389c:	47d984ae 	.word	0x47d984ae
200038a0:	6ede7038 	.word	0x6ede7038
200038a4:	63af31ac 	.word	0x63af31ac
200038a8:	2936f7d4 	.word	0x2936f7d4
200038ac:	dfab414f 	.word	0xdfab414f
200038b0:	afb0266c 	.word	0xafb0266c
200038b4:	543ebe25 	.word	0x543ebe25
200038b8:	18cecd12 	.word	0x18cecd12
200038bc:	aeafc058 	.word	0xaeafc058
200038c0:	12762606 	.word	0x12762606
200038c4:	0ef056df 	.word	0x0ef056df
200038c8:	ae2effde 	.word	0xae2effde
200038cc:	ae20b850 	.word	0xae20b850
200038d0:	162ca744 	.word	0x162ca744
200038d4:	05ae5516 	.word	0x05ae5516
200038d8:	26bcd656 	.word	0x26bcd656
200038dc:	2c464613 	.word	0x2c464613
200038e0:	181496fd 	.word	0x181496fd
200038e4:	db3f8d22 	.word	0xdb3f8d22
200038e8:	3fe3008f 	.word	0x3fe3008f
200038ec:	1092372e 	.word	0x1092372e
200038f0:	c603e41d 	.word	0xc603e41d
200038f4:	02aeaeae 	.word	0x02aeaeae
200038f8:	47c02463 	.word	0x47c02463
200038fc:	6be537be 	.word	0x6be537be
20003900:	5f5827c0 	.word	0x5f5827c0
20003904:	8fb1c1ff 	.word	0x8fb1c1ff
20003908:	868fde46 	.word	0x868fde46
2000390c:	820e2108 	.word	0x820e2108
20003910:	ae007a27 	.word	0xae007a27
20003914:	0ea644db 	.word	0x0ea644db
20003918:	6f18ae16 	.word	0x6f18ae16
2000391c:	6fbd8762 	.word	0x6fbd8762
20003920:	3f22640b 	.word	0x3f22640b
20003924:	1264283c 	.word	0x1264283c
20003928:	775c14ef 	.word	0x775c14ef
2000392c:	08d6df58 	.word	0x08d6df58
20003930:	c0e13f17 	.word	0xc0e13f17
20003934:	d24500af 	.word	0xd24500af
20003938:	b745167f 	.word	0xb745167f
2000393c:	288fc31e 	.word	0x288fc31e
20003940:	e12a62df 	.word	0xe12a62df
20003944:	4164f4b6 	.word	0x4164f4b6
20003948:	9fd021b7 	.word	0x9fd021b7
2000394c:	53570510 	.word	0x53570510
20003950:	661f8e80 	.word	0x661f8e80
20003954:	26104ad7 	.word	0x26104ad7
20003958:	f7924042 	.word	0xf7924042
2000395c:	4f1fa4c7 	.word	0x4f1fa4c7
20003960:	cf25884e 	.word	0xcf25884e
20003964:	0a270d48 	.word	0x0a270d48
20003968:	05626e57 	.word	0x05626e57
2000396c:	da77b07f 	.word	0xda77b07f
20003970:	20063702 	.word	0x20063702
20003974:	4a7d9542 	.word	0x4a7d9542
20003978:	a405dca4 	.word	0xa405dca4
2000397c:	8117022f 	.word	0x8117022f
20003980:	0387ac18 	.word	0x0387ac18
20003984:	7f705f8f 	.word	0x7f705f8f
20003988:	178cb044 	.word	0x178cb044
2000398c:	ceff7fed 	.word	0xceff7fed
20003990:	47a21824 	.word	0x47a21824
20003994:	8500c743 	.word	0x8500c743
20003998:	c2051725 	.word	0xc2051725
2000399c:	5fa5cb10 	.word	0x5fa5cb10
200039a0:	f6a84f10 	.word	0xf6a84f10
200039a4:	c15f0aa6 	.word	0xc15f0aa6
200039a8:	f844a087 	.word	0xf844a087
200039ac:	45944207 	.word	0x45944207
200039b0:	6dec8a9f 	.word	0x6dec8a9f
200039b4:	2affed06 	.word	0x2affed06
200039b8:	df2a34f7 	.word	0xdf2a34f7
200039bc:	b04f98b1 	.word	0xb04f98b1
200039c0:	e0a3063d 	.word	0xe0a3063d
200039c4:	a3563dc5 	.word	0xa3563dc5
200039c8:	c240a7d3 	.word	0xc240a7d3
200039cc:	e7a6c820 	.word	0xe7a6c820
200039d0:	08273524 	.word	0x08273524
200039d4:	7fd442a0 	.word	0x7fd442a0
200039d8:	43ecf7b0 	.word	0x43ecf7b0
200039dc:	d62d2730 	.word	0xd62d2730
200039e0:	1e34b063 	.word	0x1e34b063
200039e4:	a47f7b52 	.word	0xa47f7b52
200039e8:	505f6eaa 	.word	0x505f6eaa
200039ec:	aff00fa1 	.word	0xaff00fa1
200039f0:	9797180e 	.word	0x9797180e
200039f4:	6f670a6e 	.word	0x6f670a6e
200039f8:	1c7ed528 	.word	0x1c7ed528
200039fc:	42809fc3 	.word	0x42809fc3
20003a00:	3e9aa7a5 	.word	0x3e9aa7a5
20003a04:	df080e6e 	.word	0xdf080e6e
20003a08:	f6f626ac 	.word	0xf6f626ac
20003a0c:	40ffec30 	.word	0x40ffec30
20003a10:	1840393f 	.word	0x1840393f
20003a14:	8d5f5590 	.word	0x8d5f5590
20003a18:	15693f41 	.word	0x15693f41
20003a1c:	8fd76227 	.word	0x8fd76227
20003a20:	43e07f74 	.word	0x43e07f74
20003a24:	080fd08c 	.word	0x080fd08c
20003a28:	cf708e0d 	.word	0xcf708e0d
20003a2c:	f01e00e3 	.word	0xf01e00e3
20003a30:	7a031ec2 	.word	0x7a031ec2
20003a34:	069c0c3f 	.word	0x069c0c3f
20003a38:	17b057c0 	.word	0x17b057c0
20003a3c:	630080f4 	.word	0x630080f4
20003a40:	401e8f28 	.word	0x401e8f28
20003a44:	2f110213 	.word	0x2f110213
20003a48:	19471802 	.word	0x19471802
20003a4c:	8a112e02 	.word	0x8a112e02
20003a50:	2828c72f 	.word	0x2828c72f
20003a54:	0f67e6ec 	.word	0x0f67e6ec
20003a58:	6a183044 	.word	0x6a183044
20003a5c:	16b6c27f 	.word	0x16b6c27f
20003a60:	b7c3107f 	.word	0xb7c3107f
20003a64:	0b5f2007 	.word	0x0b5f2007
20003a68:	18864000 	.word	0x18864000
20003a6c:	1c02217f 	.word	0x1c02217f
20003a70:	7f36f3c6 	.word	0x7f36f3c6
20003a74:	37581705 	.word	0x37581705
20003a78:	40b81bcf 	.word	0x40b81bcf
20003a7c:	ef5ca0ac 	.word	0xef5ca0ac
20003a80:	1ce61a60 	.word	0x1ce61a60
20003a84:	a7aa5677 	.word	0xa7aa5677
20003a88:	cc7fc810 	.word	0xcc7fc810
20003a8c:	4dc6b88f 	.word	0x4dc6b88f
20003a90:	996f860f 	.word	0x996f860f
20003a94:	6f300d44 	.word	0x6f300d44
20003a98:	0c2f812a 	.word	0x0c2f812a
20003a9c:	bff0acd7 	.word	0xbff0acd7
20003aa0:	367a9721 	.word	0x367a9721
20003aa4:	944faa5f 	.word	0x944faa5f
20003aa8:	64b40f3a 	.word	0x64b40f3a
20003aac:	1cce42bf 	.word	0x1cce42bf
20003ab0:	a33e5cff 	.word	0xa33e5cff
20003ab4:	2cbbde43 	.word	0x2cbbde43
20003ab8:	1aa0c70e 	.word	0x1aa0c70e
20003abc:	0f19cfbb 	.word	0x0f19cfbb
20003ac0:	24c21873 	.word	0x24c21873
20003ac4:	20a2ffa9 	.word	0x20a2ffa9
20003ac8:	651dbcff 	.word	0x651dbcff
20003acc:	53670b40 	.word	0x53670b40
20003ad0:	5adca7f1 	.word	0x5adca7f1
20003ad4:	19860e6f 	.word	0x19860e6f
20003ad8:	104e0d67 	.word	0x104e0d67
20003adc:	50779f15 	.word	0x50779f15
20003ae0:	84bb9316 	.word	0x84bb9316
20003ae4:	feb7cb9b 	.word	0xfeb7cb9b
20003ae8:	282593f6 	.word	0x282593f6
20003aec:	067f589f 	.word	0x067f589f
20003af0:	e10fba24 	.word	0xe10fba24
20003af4:	a7cb6124 	.word	0xa7cb6124
20003af8:	90636a2e 	.word	0x90636a2e
20003afc:	c10a1f86 	.word	0xc10a1f86
20003b00:	0a8671bf 	.word	0x0a8671bf
20003b04:	60964107 	.word	0x60964107
20003b08:	47569042 	.word	0x47569042
20003b0c:	3b19b7c3 	.word	0x3b19b7c3
20003b10:	a1372cc7 	.word	0xa1372cc7
20003b14:	3657f771 	.word	0x3657f771
20003b18:	0f75061e 	.word	0x0f75061e
20003b1c:	1857ae02 	.word	0x1857ae02
20003b20:	0f4e184e 	.word	0x0f4e184e
20003b24:	903747f6 	.word	0x903747f6
20003b28:	8626eec0 	.word	0x8626eec0
20003b2c:	7f0020c1 	.word	0x7f0020c1
20003b30:	05097240 	.word	0x05097240
20003b34:	f41159c8 	.word	0xf41159c8
20003b38:	7d5a9043 	.word	0x7d5a9043
20003b3c:	620006e6 	.word	0x620006e6
20003b40:	4e1b5f8e 	.word	0x4e1b5f8e
20003b44:	48df234b 	.word	0x48df234b
20003b48:	b6427721 	.word	0xb6427721
20003b4c:	2f482c9e 	.word	0x2f482c9e
20003b50:	c7b82ae8 	.word	0xc7b82ae8
20003b54:	2c07aa2c 	.word	0x2c07aa2c
20003b58:	81208710 	.word	0x81208710
20003b5c:	86d8505f 	.word	0x86d8505f
20003b60:	b8b210f7 	.word	0xb8b210f7
20003b64:	4f2c17de 	.word	0x4f2c17de
20003b68:	2732d710 	.word	0x2732d710
20003b6c:	b0197301 	.word	0xb0197301
20003b70:	763c229f 	.word	0x763c229f
20003b74:	4faa94d0 	.word	0x4faa94d0
20003b78:	da6e1a1b 	.word	0xda6e1a1b
20003b7c:	0eed2f11 	.word	0x0eed2f11
20003b80:	5c0b7217 	.word	0x5c0b7217
20003b84:	60059708 	.word	0x60059708
20003b88:	f0175a8f 	.word	0xf0175a8f
20003b8c:	bf536571 	.word	0xbf536571
20003b90:	13ff6e1a 	.word	0x13ff6e1a
20003b94:	c00f5f23 	.word	0xc00f5f23
20003b98:	00c40baf 	.word	0x00c40baf
20003b9c:	37800300 	.word	0x37800300
20003ba0:	a505e641 	.word	0xa505e641
20003ba4:	7414e157 	.word	0x7414e157
20003ba8:	0fd6804f 	.word	0x0fd6804f
20003bac:	2871fe97 	.word	0x2871fe97
20003bb0:	4f53fff2 	.word	0x4f53fff2
20003bb4:	7f891310 	.word	0x7f891310
20003bb8:	ac431e6c 	.word	0xac431e6c
20003bbc:	41812f30 	.word	0x41812f30
20003bc0:	df806b7f 	.word	0xdf806b7f
20003bc4:	cdb81675 	.word	0xcdb81675
20003bc8:	0ee11467 	.word	0x0ee11467
20003bcc:	489f557c 	.word	0x489f557c
20003bd0:	f05a071c 	.word	0xf05a071c
20003bd4:	343638f7 	.word	0x343638f7
20003bd8:	b1ac7f2e 	.word	0xb1ac7f2e
20003bdc:	c442c0de 	.word	0xc442c0de
20003be0:	452fce5e 	.word	0x452fce5e
20003be4:	94df8d34 	.word	0x94df8d34
20003be8:	372dff54 	.word	0x372dff54
20003bec:	17af2073 	.word	0x17af2073
20003bf0:	585f9443 	.word	0x585f9443
20003bf4:	b151a721 	.word	0xb151a721
20003bf8:	56072c7e 	.word	0x56072c7e
20003bfc:	1e4708d7 	.word	0x1e4708d7
20003c00:	d600006f 	.word	0xd600006f
20003c04:	e927052f 	.word	0xe927052f
20003c08:	db0f1210 	.word	0xdb0f1210
20003c0c:	4f94431e 	.word	0x4f94431e
20003c10:	12ff1f22 	.word	0x12ff1f22
20003c14:	6f8c0200 	.word	0x6f8c0200
20003c18:	123e7724 	.word	0x123e7724
20003c1c:	222f744e 	.word	0x222f744e
20003c20:	da14ce85 	.word	0xda14ce85
20003c24:	4597c336 	.word	0x4597c336
20003c28:	0660a867 	.word	0x0660a867
20003c2c:	76a76e7b 	.word	0x76a76e7b
20003c30:	0207d7a4 	.word	0x0207d7a4
20003c34:	f7ea4812 	.word	0xf7ea4812
20003c38:	37c03f36 	.word	0x37c03f36
20003c3c:	1a6fe5a8 	.word	0x1a6fe5a8
20003c40:	8797964f 	.word	0x8797964f
20003c44:	f002b480 	.word	0xf002b480
20003c48:	c75e3c3f 	.word	0xc75e3c3f
20003c4c:	2eaaf000 	.word	0x2eaaf000
20003c50:	e0870a16 	.word	0xe0870a16
20003c54:	240fba16 	.word	0x240fba16
20003c58:	2bd787c4 	.word	0x2bd787c4
20003c5c:	191870e7 	.word	0x191870e7
20003c60:	10df75f7 	.word	0x10df75f7
20003c64:	27684f2e 	.word	0x27684f2e
20003c68:	52186713 	.word	0x52186713
20003c6c:	6b234f98 	.word	0x6b234f98
20003c70:	47648e6f 	.word	0x47648e6f
20003c74:	f14d642e 	.word	0xf14d642e
20003c78:	00128c0e 	.word	0x00128c0e
20003c7c:	179b37e0 	.word	0x179b37e0
20003c80:	4f57691f 	.word	0x4f57691f
20003c84:	0210e027 	.word	0x0210e027
20003c88:	c1d78000 	.word	0xc1d78000
20003c8c:	412470b7 	.word	0x412470b7
20003c90:	560571cf 	.word	0x560571cf
20003c94:	40dedf4f 	.word	0x40dedf4f
20003c98:	000001ac 	.word	0x000001ac
20003c9c:	971a1080 	.word	0x971a1080
20003ca0:	df45002c 	.word	0xdf45002c
20003ca4:	df59978a 	.word	0xdf59978a
20003ca8:	b8cf1500 	.word	0xb8cf1500
20003cac:	892730e7 	.word	0x892730e7
20003cb0:	81605fd5 	.word	0x81605fd5
20003cb4:	108f746f 	.word	0x108f746f
20003cb8:	ae000d97 	.word	0xae000d97
20003cbc:	47c114f7 	.word	0x47c114f7
20003cc0:	2f270470 	.word	0x2f270470
20003cc4:	c6d7a14a 	.word	0xc6d7a14a
20003cc8:	afa01025 	.word	0xafa01025
20003ccc:	40000bf8 	.word	0x40000bf8
20003cd0:	305d8f5c 	.word	0x305d8f5c
20003cd4:	268ea781 	.word	0x268ea781
20003cd8:	3f68b4a7 	.word	0x3f68b4a7
20003cdc:	f7505b00 	.word	0xf7505b00
20003ce0:	6d57154a 	.word	0x6d57154a
20003ce4:	afa7b02e 	.word	0xafa7b02e
20003ce8:	1701427f 	.word	0x1701427f
20003cec:	40bd80c6 	.word	0x40bd80c6
20003cf0:	df67390f 	.word	0xdf67390f
20003cf4:	44b49087 	.word	0x44b49087
20003cf8:	1303f28c 	.word	0x1303f28c
20003cfc:	124a056f 	.word	0x124a056f
20003d00:	a15fa9e3 	.word	0xa15fa9e3
20003d04:	b82740b0 	.word	0xb82740b0
20003d08:	f7d70c1f 	.word	0xf7d70c1f
20003d0c:	f8f6611c 	.word	0xf8f6611c
20003d10:	900926f7 	.word	0x900926f7
20003d14:	ebefa8c7 	.word	0xebefa8c7
20003d18:	b1d6f7b2 	.word	0xb1d6f7b2
20003d1c:	275be7af 	.word	0x275be7af
20003d20:	6776dcdf 	.word	0x6776dcdf
20003d24:	4d68290e 	.word	0x4d68290e
20003d28:	16b74306 	.word	0x16b74306
20003d2c:	fff63c05 	.word	0xfff63c05
20003d30:	c6014c3c 	.word	0xc6014c3c
20003d34:	a5a9a024 	.word	0xa5a9a024
20003d38:	88120607 	.word	0x88120607
20003d3c:	bc27173c 	.word	0xbc27173c
20003d40:	e32484c0 	.word	0xe32484c0
20003d44:	1e3b0e18 	.word	0x1e3b0e18
20003d48:	8eee0626 	.word	0x8eee0626
20003d4c:	461b7611 	.word	0x461b7611
20003d50:	17612405 	.word	0x17612405
20003d54:	1603019e 	.word	0x1603019e
20003d58:	36c267cc 	.word	0x36c267cc
20003d5c:	67208f4d 	.word	0x67208f4d
20003d60:	8fb2ef4f 	.word	0x8fb2ef4f
20003d64:	26058fe6 	.word	0x26058fe6
20003d68:	4fa28202 	.word	0x4fa28202
20003d6c:	175f0810 	.word	0x175f0810
20003d70:	273c8f46 	.word	0x273c8f46
20003d74:	3cc03468 	.word	0x3cc03468
20003d78:	d63da266 	.word	0xd63da266
20003d7c:	71c70eb9 	.word	0x71c70eb9
20003d80:	df610320 	.word	0xdf610320
20003d84:	1054161f 	.word	0x1054161f
20003d88:	42c7f001 	.word	0x42c7f001
20003d8c:	3548ffa7 	.word	0x3548ffa7
20003d90:	ef2a94cf 	.word	0xef2a94cf
20003d94:	3f129162 	.word	0x3f129162
20003d98:	1908461a 	.word	0x1908461a
20003d9c:	8c17bf66 	.word	0x8c17bf66
20003da0:	b8ac48b8 	.word	0xb8ac48b8
20003da4:	3e47b607 	.word	0x3e47b607
20003da8:	c180a000 	.word	0xc180a000
20003dac:	6d1f2666 	.word	0x6d1f2666
20003db0:	78db677c 	.word	0x78db677c
20003db4:	6f74a30f 	.word	0x6f74a30f
20003db8:	024e04de 	.word	0x024e04de
20003dbc:	6a83e06c 	.word	0x6a83e06c
20003dc0:	71060d46 	.word	0x71060d46
20003dc4:	b898876f 	.word	0xb898876f
20003dc8:	26ac45db 	.word	0x26ac45db
20003dcc:	0e602467 	.word	0x0e602467
20003dd0:	d0403670 	.word	0xd0403670
20003dd4:	46ff0b06 	.word	0x46ff0b06
20003dd8:	ac47002c 	.word	0xac47002c
20003ddc:	3c8e4d09 	.word	0x3c8e4d09
20003de0:	4a44c805 	.word	0x4a44c805
20003de4:	c03e969f 	.word	0xc03e969f
20003de8:	0334ddc4 	.word	0x0334ddc4
20003dec:	e73ea066 	.word	0xe73ea066
20003df0:	5c269653 	.word	0x5c269653
20003df4:	444a3e34 	.word	0x444a3e34
20003df8:	072e24b7 	.word	0x072e24b7
20003dfc:	1e791c35 	.word	0x1e791c35
20003e00:	be18ef3c 	.word	0xbe18ef3c
20003e04:	ed667021 	.word	0xed667021
20003e08:	b6c03c8e 	.word	0xb6c03c8e
20003e0c:	e78006a5 	.word	0xe78006a5
20003e10:	c66b4068 	.word	0xc66b4068
20003e14:	30de3e20 	.word	0x30de3e20
20003e18:	8ee34c06 	.word	0x8ee34c06
20003e1c:	08acfef5 	.word	0x08acfef5
20003e20:	46a7f78c 	.word	0x46a7f78c
20003e24:	082816b4 	.word	0x082816b4
20003e28:	bd0677e6 	.word	0xbd0677e6
20003e2c:	ef447e40 	.word	0xef447e40
20003e30:	5016481e 	.word	0x5016481e
20003e34:	4600543f 	.word	0x4600543f
20003e38:	5c58accf 	.word	0x5c58accf
20003e3c:	067b6671 	.word	0x067b6671
20003e40:	b37e603c 	.word	0xb37e603c
20003e44:	705ea69e 	.word	0x705ea69e
20003e48:	cef70a0e 	.word	0xcef70a0e
20003e4c:	68bc5664 	.word	0x68bc5664
20003e50:	74f76c3e 	.word	0x74f76c3e
20003e54:	1678b826 	.word	0x1678b826
20003e58:	007c6777 	.word	0x007c6777
20003e5c:	80df0748 	.word	0x80df0748
20003e60:	8c2e58e0 	.word	0x8c2e58e0
20003e64:	3f955348 	.word	0x3f955348
20003e68:	fe4536d5 	.word	0xfe4536d5
20003e6c:	041e0027 	.word	0x041e0027
20003e70:	8e35379e 	.word	0x8e35379e
20003e74:	47b4d682 	.word	0x47b4d682
20003e78:	ae2d19fc 	.word	0xae2d19fc
20003e7c:	362c670e 	.word	0x362c670e
20003e80:	3b20de14 	.word	0x3b20de14
20003e84:	c6407ca6 	.word	0xc6407ca6
20003e88:	3b689668 	.word	0x3b689668
20003e8c:	c1966046 	.word	0xc1966046
20003e90:	2842ee66 	.word	0x2842ee66
20003e94:	4e616f1e 	.word	0x4e616f1e
20003e98:	0e348ea8 	.word	0x0e348ea8
20003e9c:	827e3d62 	.word	0x827e3d62
20003ea0:	dc1616ab 	.word	0xdc1616ab
20003ea4:	5055063e 	.word	0x5055063e
20003ea8:	1c1680a3 	.word	0x1c1680a3
20003eac:	b0c40216 	.word	0xb0c40216
20003eb0:	8e32e6a4 	.word	0x8e32e6a4
20003eb4:	25fe04b8 	.word	0x25fe04b8
20003eb8:	2314dc46 	.word	0x2314dc46
20003ebc:	482a6528 	.word	0x482a6528
20003ec0:	48781d4b 	.word	0x48781d4b
20003ec4:	ec4686e0 	.word	0xec4686e0
20003ec8:	460b7627 	.word	0x460b7627
20003ecc:	c48b182a 	.word	0xc48b182a
20003ed0:	afa6daa6 	.word	0xafa6daa6
20003ed4:	de85a716 	.word	0xde85a716
20003ed8:	c1106069 	.word	0xc1106069
20003edc:	01be6be7 	.word	0x01be6be7
20003ee0:	c3309f3b 	.word	0xc3309f3b
20003ee4:	838e0610 	.word	0x838e0610
20003ee8:	80db4286 	.word	0x80db4286
20003eec:	00e54e10 	.word	0x00e54e10
20003ef0:	87890585 	.word	0x87890585
20003ef4:	77891484 	.word	0x77891484
20003ef8:	ae2b2185 	.word	0xae2b2185
20003efc:	a7c2102a 	.word	0xa7c2102a
20003f00:	8a6f2b00 	.word	0x8a6f2b00
20003f04:	06567425 	.word	0x06567425
20003f08:	88601e2e 	.word	0x88601e2e
20003f0c:	ab7e367e 	.word	0xab7e367e
20003f10:	aa10df8f 	.word	0xaa10df8f
20003f14:	8560218f 	.word	0x8560218f
20003f18:	4ebc0085 	.word	0x4ebc0085
20003f1c:	30bca623 	.word	0x30bca623
20003f20:	21fe34d6 	.word	0x21fe34d6
20003f24:	d4010528 	.word	0xd4010528
20003f28:	1efeab98 	.word	0x1efeab98
20003f2c:	6839afaa 	.word	0x6839afaa
20003f30:	86c74e22 	.word	0x86c74e22
20003f34:	4e5c1e01 	.word	0x4e5c1e01
20003f38:	34865617 	.word	0x34865617
20003f3c:	21340dfd 	.word	0x21340dfd
20003f40:	e7012d20 	.word	0xe7012d20
20003f44:	8fb08f56 	.word	0x8fb08f56
20003f48:	eebb204f 	.word	0xeebb204f
20003f4c:	4f11afa4 	.word	0x4f11afa4
20003f50:	262e3f6c 	.word	0x262e3f6c
20003f54:	0d28c6db 	.word	0x0d28c6db
20003f58:	eb47dc9f 	.word	0xeb47dc9f
20003f5c:	16470857 	.word	0x16470857
20003f60:	2bf0d7d0 	.word	0x2bf0d7d0
20003f64:	1f680218 	.word	0x1f680218
20003f68:	0cdece8f 	.word	0x0cdece8f
20003f6c:	8146037f 	.word	0x8146037f
20003f70:	be74ce3c 	.word	0xbe74ce3c
20003f74:	da9603b3 	.word	0xda9603b3
20003f78:	b5663c13 	.word	0xb5663c13
20003f7c:	afb4560f 	.word	0xafb4560f
20003f80:	0aef7602 	.word	0x0aef7602
20003f84:	6a04b78e 	.word	0x6a04b78e
20003f88:	ded4b666 	.word	0xded4b666
20003f8c:	792486aa 	.word	0x792486aa
20003f90:	c5c7ea20 	.word	0xc5c7ea20
20003f94:	73625e76 	.word	0x73625e76
20003f98:	e7fb2526 	.word	0xe7fb2526
20003f9c:	16c40615 	.word	0x16c40615
20003fa0:	b4e7c24b 	.word	0xb4e7c24b
20003fa4:	588ec3c6 	.word	0x588ec3c6
20003fa8:	6a8e22ce 	.word	0x6a8e22ce
20003fac:	2ea1635e 	.word	0x2ea1635e
20003fb0:	b72f4661 	.word	0xb72f4661
20003fb4:	2b3c10e1 	.word	0x2b3c10e1
20003fb8:	c2366e6e 	.word	0xc2366e6e
20003fbc:	94229eae 	.word	0x94229eae
20003fc0:	278b85af 	.word	0x278b85af
20003fc4:	47039488 	.word	0x47039488
20003fc8:	6f2c7335 	.word	0x6f2c7335
20003fcc:	c4df0720 	.word	0xc4df0720
20003fd0:	f151adf4 	.word	0xf151adf4
20003fd4:	cfb991a7 	.word	0xcfb991a7
20003fd8:	f75b6c80 	.word	0xf75b6c80
20003fdc:	172e9ae7 	.word	0x172e9ae7
20003fe0:	b6534ebd 	.word	0xb6534ebd
20003fe4:	7eaed36e 	.word	0x7eaed36e
20003fe8:	258ee562 	.word	0x258ee562
20003fec:	61aee7c3 	.word	0x61aee7c3
20003ff0:	0f439767 	.word	0x0f439767
20003ff4:	3fab5f15 	.word	0x3fab5f15
20003ff8:	19051f03 	.word	0x19051f03
20003ffc:	2018e977 	.word	0x2018e977
20004000:	1e9e9bd1 	.word	0x1e9e9bd1
20004004:	2761ae20 	.word	0x2761ae20
20004008:	ae221f67 	.word	0xae221f67
2000400c:	1ff13606 	.word	0x1ff13606
20004010:	0c1e984c 	.word	0x0c1e984c
20004014:	883feb4f 	.word	0x883feb4f
20004018:	c68e5b96 	.word	0xc68e5b96
2000401c:	b0d98eeb 	.word	0xb0d98eeb
20004020:	00e04704 	.word	0x00e04704
20004024:	cf470b5a 	.word	0xcf470b5a
20004028:	bf422e35 	.word	0xbf422e35
2000402c:	256b4016 	.word	0x256b4016
20004030:	80605025 	.word	0x80605025
20004034:	067ef002 	.word	0x067ef002
20004038:	42537694 	.word	0x42537694
2000403c:	832e0b8d 	.word	0x832e0b8d
20004040:	1023f830 	.word	0x1023f830
20004044:	070d004b 	.word	0x070d004b
20004048:	ad42d3f7 	.word	0xad42d3f7
2000404c:	768dc2a6 	.word	0x768dc2a6
20004050:	a5031867 	.word	0xa5031867
20004054:	5707a207 	.word	0x5707a207
20004058:	f704684f 	.word	0xf704684f
2000405c:	8ee2b6b6 	.word	0x8ee2b6b6
20004060:	166f1725 	.word	0x166f1725
20004064:	e67f0aae 	.word	0xe67f0aae
20004068:	828cffed 	.word	0x828cffed
2000406c:	4ade7014 	.word	0x4ade7014
20004070:	0a8ec625 	.word	0x0a8ec625
20004074:	d60e0386 	.word	0xd60e0386
20004078:	8ea11464 	.word	0x8ea11464
2000407c:	70ab1251 	.word	0x70ab1251
20004080:	b0ee4ba7 	.word	0xb0ee4ba7
20004084:	78a282c6 	.word	0x78a282c6
20004088:	6d02ae2e 	.word	0x6d02ae2e
2000408c:	458f7307 	.word	0x458f7307
20004090:	050f8c86 	.word	0x050f8c86
20004094:	828346b8 	.word	0x828346b8
20004098:	4fa40002 	.word	0x4fa40002
2000409c:	a2831e02 	.word	0xa2831e02
200040a0:	fda8ec97 	.word	0xfda8ec97
200040a4:	8c16e0ce 	.word	0x8c16e0ce
200040a8:	82af10f7 	.word	0x82af10f7
200040ac:	15e716a7 	.word	0x15e716a7
200040b0:	d717b60e 	.word	0xd717b60e
200040b4:	0e7703df 	.word	0x0e7703df
200040b8:	0bdf31e7 	.word	0x0bdf31e7
200040bc:	e32c0c17 	.word	0xe32c0c17
200040c0:	17f3b618 	.word	0x17f3b618
200040c4:	8e036e56 	.word	0x8e036e56
200040c8:	ff96ef7f 	.word	0xff96ef7f
200040cc:	2e171e62 	.word	0x2e171e62
200040d0:	72d47902 	.word	0x72d47902
200040d4:	ecafdd02 	.word	0xecafdd02
200040d8:	67d81f6d 	.word	0x67d81f6d
200040dc:	76e8b878 	.word	0x76e8b878
200040e0:	60074e64 	.word	0x60074e64
200040e4:	7976bdf6 	.word	0x7976bdf6
200040e8:	7c77c13f 	.word	0x7c77c13f
200040ec:	ba445a6e 	.word	0xba445a6e
200040f0:	2efe70ce 	.word	0x2efe70ce
200040f4:	a2e3b871 	.word	0xa2e3b871
200040f8:	2d70dfe8 	.word	0x2d70dfe8
200040fc:	1c3e802e 	.word	0x1c3e802e
20004100:	3a4101c6 	.word	0x3a4101c6
20004104:	8236b6af 	.word	0x8236b6af
20004108:	481927a0 	.word	0x481927a0
2000410c:	82e266db 	.word	0x82e266db
20004110:	407f7e03 	.word	0x407f7e03
20004114:	5370d7f8 	.word	0x5370d7f8
20004118:	05183f8e 	.word	0x05183f8e
2000411c:	86378846 	.word	0x86378846
20004120:	63b1b0f8 	.word	0x63b1b0f8
20004124:	0fbc5924 	.word	0x0fbc5924
20004128:	8f450000 	.word	0x8f450000
2000412c:	767078a7 	.word	0x767078a7
20004130:	f7c22651 	.word	0xf7c22651
20004134:	163ccfc7 	.word	0x163ccfc7
20004138:	1d9739ae 	.word	0x1d9739ae
2000413c:	84b61cd7 	.word	0x84b61cd7
20004140:	d86e4140 	.word	0xd86e4140
20004144:	e7f02567 	.word	0xe7f02567
20004148:	805f1f0e 	.word	0x805f1f0e
2000414c:	00b8253e 	.word	0x00b8253e
20004150:	f0a43fd5 	.word	0xf0a43fd5
20004154:	de3bc7a6 	.word	0xde3bc7a6
20004158:	ab008fc6 	.word	0xab008fc6
2000415c:	5efcc506 	.word	0x5efcc506
20004160:	3b038fc4 	.word	0x3b038fc4
20004164:	33665345 	.word	0x33665345
20004168:	070e6200 	.word	0x070e6200
2000416c:	2303e8a6 	.word	0x2303e8a6
20004170:	d0f7ea04 	.word	0xd0f7ea04
20004174:	7642124f 	.word	0x7642124f
20004178:	9a114ea1 	.word	0x9a114ea1
2000417c:	0f53fee2 	.word	0x0f53fee2
20004180:	6e8c4426 	.word	0x6e8c4426
20004184:	108e45a6 	.word	0x108e45a6
20004188:	c44487f8 	.word	0xc44487f8
2000418c:	8216b05f 	.word	0x8216b05f
20004190:	628ccaad 	.word	0x628ccaad
20004194:	fe8cb747 	.word	0xfe8cb747
20004198:	1d4c8ea4 	.word	0x1d4c8ea4
2000419c:	6ef1857f 	.word	0x6ef1857f
200041a0:	10475f02 	.word	0x10475f02
200041a4:	971702aa 	.word	0x971702aa
200041a8:	26f79e6e 	.word	0x26f79e6e
200041ac:	df26fe06 	.word	0xdf26fe06
200041b0:	d816e2ff 	.word	0xd816e2ff
200041b4:	0d27de86 	.word	0x0d27de86
200041b8:	2e058f56 	.word	0x2e058f56
200041bc:	568e82c5 	.word	0x568e82c5
200041c0:	38069661 	.word	0x38069661
200041c4:	dd88d806 	.word	0xdd88d806
200041c8:	3c24068f 	.word	0x3c24068f
200041cc:	2f8aff31 	.word	0x2f8aff31
200041d0:	62ff0f7c 	.word	0x62ff0f7c
200041d4:	cf572c10 	.word	0xcf572c10
200041d8:	83570d03 	.word	0x83570d03
200041dc:	88a6273f 	.word	0x88a6273f
200041e0:	7c8f33a0 	.word	0x7c8f33a0
200041e4:	5140ff06 	.word	0x5140ff06
200041e8:	477f8bbf 	.word	0x477f8bbf
200041ec:	efabc611 	.word	0xefabc611
200041f0:	5267c768 	.word	0x5267c768
200041f4:	1f0c225f 	.word	0x1f0c225f
200041f8:	e70f2683 	.word	0xe70f2683
200041fc:	47ff81c1 	.word	0x47ff81c1
20004200:	e6015530 	.word	0xe6015530
20004204:	8f3a7f0f 	.word	0x8f3a7f0f
20004208:	dc8e7880 	.word	0xdc8e7880
2000420c:	2e96dcd7 	.word	0x2e96dcd7
20004210:	5a24bf38 	.word	0x5a24bf38
20004214:	8fd6f93f 	.word	0x8fd6f93f
20004218:	b56e38c0 	.word	0xb56e38c0
2000421c:	b4d6b003 	.word	0xb4d6b003
20004220:	4a260c8f 	.word	0x4a260c8f
20004224:	8fb2d786 	.word	0x8fb2d786
20004228:	158fceee 	.word	0x158fceee
2000422c:	6648a187 	.word	0x6648a187
20004230:	afe095df 	.word	0xafe095df
20004234:	9fc257e5 	.word	0x9fc257e5
20004238:	8fa516d8 	.word	0x8fa516d8
2000423c:	b0c5f7a1 	.word	0xb0c5f7a1
20004240:	f8057eb2 	.word	0xf8057eb2
20004244:	0160bc16 	.word	0x0160bc16
20004248:	fe0bffe1 	.word	0xfe0bffe1
2000424c:	8e0aae60 	.word	0x8e0aae60
20004250:	46bee250 	.word	0x46bee250
20004254:	8280390f 	.word	0x8280390f
20004258:	6f708f1f 	.word	0x6f708f1f
2000425c:	c84eee91 	.word	0xc84eee91
20004260:	d30e9b6e 	.word	0xd30e9b6e
20004264:	010e0432 	.word	0x010e0432
20004268:	b4fe34ee 	.word	0xb4fe34ee
2000426c:	546fe848 	.word	0x546fe848
20004270:	163c2e38 	.word	0x163c2e38
20004274:	66b5b787 	.word	0x66b5b787
20004278:	5900c0a0 	.word	0x5900c0a0
2000427c:	902516fa 	.word	0x902516fa
20004280:	609615e0 	.word	0x609615e0
20004284:	be8d1281 	.word	0xbe8d1281
20004288:	b2dc77d8 	.word	0xb2dc77d8
2000428c:	ce4f5682 	.word	0xce4f5682
20004290:	7e0ece56 	.word	0x7e0ece56
20004294:	91b478b5 	.word	0x91b478b5
20004298:	a8c46fa1 	.word	0xa8c46fa1
2000429c:	37b81269 	.word	0x37b81269
200042a0:	a0477823 	.word	0xa0477823
200042a4:	cef6c18e 	.word	0xcef6c18e
200042a8:	ef8787cf 	.word	0xef8787cf
200042ac:	b30cd91e 	.word	0xb30cd91e
200042b0:	2226b08e 	.word	0x2226b08e
200042b4:	c41f0b92 	.word	0xc41f0b92
200042b8:	975a0430 	.word	0x975a0430
200042bc:	76383f07 	.word	0x76383f07
200042c0:	b93f0ea6 	.word	0xb93f0ea6
200042c4:	14407908 	.word	0x14407908
200042c8:	b15c9d01 	.word	0xb15c9d01
200042cc:	228e252e 	.word	0x228e252e
200042d0:	e0949f6e 	.word	0xe0949f6e
200042d4:	264eb01e 	.word	0x264eb01e
200042d8:	2540db96 	.word	0x2540db96
200042dc:	a40c2796 	.word	0xa40c2796
200042e0:	10c912f3 	.word	0x10c912f3
200042e4:	25fdb473 	.word	0x25fdb473
200042e8:	60029210 	.word	0x60029210
200042ec:	357e9edb 	.word	0x357e9edb
200042f0:	c60cb526 	.word	0xc60cb526
200042f4:	76032296 	.word	0x76032296
200042f8:	e7170eae 	.word	0xe7170eae
200042fc:	34366b04 	.word	0x34366b04
20004300:	920edbb7 	.word	0x920edbb7
20004304:	9021e326 	.word	0x9021e326
20004308:	27641232 	.word	0x27641232
2000430c:	c44e7f5e 	.word	0xc44e7f5e
20004310:	9646f63b 	.word	0x9646f63b
20004314:	a77e5309 	.word	0xa77e5309
20004318:	26e7d41d 	.word	0x26e7d41d
2000431c:	ef08920a 	.word	0xef08920a
20004320:	d7e0cfe4 	.word	0xd7e0cfe4
20004324:	6fb44902 	.word	0x6fb44902
20004328:	b7f316b9 	.word	0xb7f316b9
2000432c:	1706db08 	.word	0x1706db08
20004330:	8d410c9c 	.word	0x8d410c9c
20004334:	85dd0097 	.word	0x85dd0097
20004338:	07f46726 	.word	0x07f46726
2000433c:	b642bea7 	.word	0xb642bea7
20004340:	de1f8606 	.word	0xde1f8606
20004344:	4f7f0aae 	.word	0x4f7f0aae
20004348:	76148605 	.word	0x76148605
2000434c:	27c11e16 	.word	0x27c11e16
20004350:	22719696 	.word	0x22719696
20004354:	c6254086 	.word	0xc6254086
20004358:	485e9c09 	.word	0x485e9c09
2000435c:	0ef047ac 	.word	0x0ef047ac
20004360:	36761578 	.word	0x36761578
20004364:	db26a48e 	.word	0xdb26a48e
20004368:	5e8e071e 	.word	0x5e8e071e
2000436c:	f7083fbe 	.word	0xf7083fbe
20004370:	6a860c66 	.word	0x6a860c66
20004374:	f744604f 	.word	0xf744604f
20004378:	3e8e02de 	.word	0x3e8e02de
2000437c:	01008ef8 	.word	0x01008ef8
20004380:	07062c42 	.word	0x07062c42
20004384:	052982e3 	.word	0x052982e3
20004388:	2ff69fc2 	.word	0x2ff69fc2
2000438c:	ae832e18 	.word	0xae832e18
20004390:	dd48060f 	.word	0xdd48060f
20004394:	e37e2484 	.word	0xe37e2484
20004398:	8d9e844f 	.word	0x8d9e844f
2000439c:	c2bf011e 	.word	0xc2bf011e
200043a0:	81382457 	.word	0x81382457
200043a4:	139051a7 	.word	0x139051a7
200043a8:	d344ce35 	.word	0xd344ce35
200043ac:	16d116c4 	.word	0x16d116c4
200043b0:	aa8ee350 	.word	0xaa8ee350
200043b4:	a0a65917 	.word	0xa0a65917
200043b8:	cfe3060e 	.word	0xcfe3060e
200043bc:	b61c2fd7 	.word	0xb61c2fd7
200043c0:	37409cc7 	.word	0x37409cc7
200043c4:	a5ae140f 	.word	0xa5ae140f
200043c8:	de0a161e 	.word	0xde0a161e
200043cc:	16de1f12 	.word	0x16de1f12
200043d0:	2fbc8fae 	.word	0x2fbc8fae
200043d4:	ae170074 	.word	0xae170074
200043d8:	22c7c70b 	.word	0x22c7c70b
200043dc:	80715e4e 	.word	0x80715e4e
200043e0:	3e8a05bf 	.word	0x3e8a05bf
200043e4:	760554a2 	.word	0x760554a2
200043e8:	8066310f 	.word	0x8066310f
200043ec:	f924060b 	.word	0xf924060b
200043f0:	ffffff8c 	.word	0xffffff8c
200043f4:	a0441050 	.word	0xa0441050
200043f8:	80ffad40 	.word	0x80ffad40
200043fc:	a0bf363e 	.word	0xa0bf363e
20004400:	826ed2af 	.word	0x826ed2af
20004404:	0f7e02eb 	.word	0x0f7e02eb
20004408:	2657cb10 	.word	0x2657cb10
2000440c:	83105a7a 	.word	0x83105a7a
20004410:	00ee0694 	.word	0x00ee0694
20004414:	66078e30 	.word	0x66078e30
20004418:	d0a41ebd 	.word	0xd0a41ebd
2000441c:	2778087f 	.word	0x2778087f
20004420:	c7a40ba2 	.word	0xc7a40ba2
20004424:	48ee7634 	.word	0x48ee7634
20004428:	7502a7a9 	.word	0x7502a7a9
2000442c:	86e2881f 	.word	0x86e2881f
20004430:	2aed862b 	.word	0x2aed862b
20004434:	400ec510 	.word	0x400ec510
20004438:	47e080ad 	.word	0x47e080ad
2000443c:	c58d3eb7 	.word	0xc58d3eb7
20004440:	d64280ff 	.word	0xd64280ff
20004444:	44843e4b 	.word	0x44843e4b
20004448:	866aa83c 	.word	0x866aa83c
2000444c:	5e24c6db 	.word	0x5e24c6db
20004450:	faf100c7 	.word	0xfaf100c7
20004454:	131440ff 	.word	0x131440ff
20004458:	f00256b7 	.word	0xf00256b7
2000445c:	82f65b8e 	.word	0x82f65b8e
20004460:	86401e8c 	.word	0x86401e8c
20004464:	14a3066f 	.word	0x14a3066f
20004468:	c2892821 	.word	0xc2892821
2000446c:	27ad3f21 	.word	0x27ad3f21
20004470:	3b080876 	.word	0x3b080876
20004474:	c560b07e 	.word	0xc560b07e
20004478:	af1f6214 	.word	0xaf1f6214
2000447c:	bd4b300d 	.word	0xbd4b300d
20004480:	dda0c2df 	.word	0xdda0c2df
20004484:	c5fffbc7 	.word	0xc5fffbc7
20004488:	17ddbf80 	.word	0x17ddbf80
2000448c:	3231ff30 	.word	0x3231ff30
20004490:	36353433 	.word	0x36353433
20004494:	39fe3837 	.word	0x39fe3837
20004498:	44434241 	.word	0x44434241
2000449c:	3f154645 	.word	0x3f154645
200044a0:	800104be 	.word	0x800104be
200044a4:	06d90524 	.word	0x06d90524
200044a8:	60090364 	.word	0x60090364
200044ac:	1d071627 	.word	0x1d071627
200044b0:	17a70694 	.word	0x17a70694
200044b4:	0f6604b4 	.word	0x0f6604b4
200044b8:	2c5fd78c 	.word	0x2c5fd78c
200044bc:	f70107c0 	.word	0xf70107c0
200044c0:	200a0af7 	.word	0x200a0af7
200044c4:	6157016f 	.word	0x6157016f
200044c8:	697469ff 	.word	0x697469ff
200044cc:	6620676e 	.word	0x6620676e
200044d0:	2072db6f 	.word	0x2072db6f
200044d4:	b775700e 	.word	0xb775700e
200044d8:	6f721274 	.word	0x6f721274
200044dc:	6e20ff6d 	.word	0x6e20ff6d
200044e0:	2073706f 	.word	0x2073706f
200044e4:	61ff6976 	.word	0x61ff6976
200044e8:	79656b20 	.word	0x79656b20
200044ec:	db616f62 	.word	0xdb616f62
200044f0:	7d616472 	.word	0x7d616472
200044f4:	3bff2739 	.word	0x3bff2739
200044f8:	20276d2f 	.word	0x20276d2f
200044fc:	1972b06f 	.word	0x1972b06f
20004500:	707974ff 	.word	0x707974ff
20004504:	62222065 	.word	0x62222065
20004508:	68616cf7 	.word	0x68616cf7
2000450c:	225a0920 	.word	0x225a0920
20004510:	cfc10a36 	.word	0xcfc10a36
20004514:	595454fb 	.word	0x595454fb
20004518:	256e183a 	.word	0x256e183a
2000451c:	32662773 	.word	0x32662773
20004520:	6f441f2b 	.word	0x6f441f2b
20004524:	6df87563 	.word	0x6df87563
20004528:	61746e65 	.word	0x61746e65
2000452c:	6e6f062e 	.word	0x6e6f062e
20004530:	681edf3a 	.word	0x681edf3a
20004534:	3a707474 	.word	0x3a707474
20004538:	752f2ffb 	.word	0x752f2ffb
2000453c:	e0ce696e 	.word	0xe0ce696e
20004540:	34bd672e 	.word	0x34bd672e
20004544:	2e627568 	.word	0x2e627568
20004548:	bd163496 	.word	0xbd163496
2000454c:	69ed6763 	.word	0x69ed6763
20004550:	64ee6373 	.word	0x64ee6373
20004554:	b61f3ab0 	.word	0xb61f3ab0
20004558:	78080b67 	.word	0x78080b67
2000455c:	6564ed2e 	.word	0x6564ed2e
20004560:	60495476 	.word	0x60495476
20004564:	47885e78 	.word	0x47885e78
20004568:	cf2e5550 	.word	0xcf2e5550
2000456c:	1f7f6f00 	.word	0x1f7f6f00
20004570:	b7646150 	.word	0xb7646150
20004574:	660a2173 	.word	0x660a2173
20004578:	ff422001 	.word	0xff422001
2000457c:	6c6c6548 	.word	0x6c6c6548
20004580:	77b7206f 	.word	0x77b7206f
20004584:	21646cb2 	.word	0x21646cb2
20004588:	fc2d217d 	.word	0xfc2d217d
2000458c:	6172460b 	.word	0x6172460b
20004590:	6e284010 	.word	0x6e284010
20004594:	2b6b3064 	.word	0x2b6b3064
20004598:	9e70b307 	.word	0x9e70b307
2000459c:	ec04020a 	.word	0xec04020a
200045a0:	38766f6d 	.word	0x38766f6d
200045a4:	8a14de08 	.word	0x8a14de08
200045a8:	dea7146b 	.word	0xdea7146b
200045ac:	36d00b58 	.word	0x36d00b58
200045b0:	700cdf66 	.word	0x700cdf66
200045b4:	63207970 	.word	0x63207970
200045b8:	646572e0 	.word	0x646572e0
200045bc:	3f7300ad 	.word	0x3f7300ad
200045c0:	2e6c4f32 	.word	0x2e6c4f32
200045c4:	746fb01b 	.word	0x746fb01b
200045c8:	4cf92f69 	.word	0x4cf92f69
200045cc:	31522f31 	.word	0x31522f31
200045d0:	727073f8 	.word	0x727073f8
200045d4:	ee0420b6 	.word	0xee0420b6
200045d8:	ee737365 	.word	0xee737365
200045dc:	2066c41b 	.word	0x2066c41b
200045e0:	003031d9 	.word	0x003031d9
200045e4:	34524fa7 	.word	0x34524fa7
200045e8:	6d647f66 	.word	0x6d647f66
200045ec:	48646775 	.word	0x48646775
200045f0:	70267bf1 	.word	0x70267bf1
200045f4:	68d830dc 	.word	0x68d830dc
200045f8:	1a266194 	.word	0x1a266194
200045fc:	c5cf07de 	.word	0xc5cf07de
20004600:	7eaa6f4c 	.word	0x7eaa6f4c
20004604:	66667542 	.word	0x66667542
20004608:	d4e07265 	.word	0xd4e07265
2000460c:	27795cae 	.word	0x27795cae
20004610:	a84a55b0 	.word	0xa84a55b0
20004614:	dfb66498 	.word	0xdfb66498
20004618:	b8fd6f74 	.word	0xb8fd6f74
2000461c:	9064252c 	.word	0x9064252c
20004620:	45a2060b 	.word	0x45a2060b
20004624:	407753f0 	.word	0x407753f0
20004628:	34f48776 	.word	0x34f48776
2000462c:	35656c6c 	.word	0x35656c6c
20004630:	4d466586 	.word	0x4d466586
20004634:	6b865f0e 	.word	0x6b865f0e
20004638:	5f79fbda 	.word	0x5f79fbda
2000463c:	6e637273 	.word	0x6e637273
20004640:	591f785a 	.word	0x591f785a
20004644:	54a2854c 	.word	0x54a2854c
20004648:	27c22532 	.word	0x27c22532
2000464c:	74733c0b 	.word	0x74733c0b
20004650:	b25b5061 	.word	0xb25b5061
20004654:	562f7472 	.word	0x562f7472
20004658:	2b645ed7 	.word	0x2b645ed7
2000465c:	71d620bb 	.word	0x71d620bb
20004660:	f15f4f49 	.word	0xf15f4f49
20004664:	2d44003a 	.word	0x2d44003a
20004668:	c16848c5 	.word	0xc16848c5
2000466c:	859f4b58 	.word	0x859f4b58
20004670:	000ad821 	.word	0x000ad821
20004674:	f153b83f 	.word	0xf153b83f
20004678:	002f7806 	.word	0x002f7806
2000467c:	ba4395a2 	.word	0xba4395a2
20004680:	78423d43 	.word	0x78423d43
20004684:	79727465 	.word	0x79727465
20004688:	01d867e0 	.word	0x01d867e0
2000468c:	e168540f 	.word	0xe168540f
20004690:	bb6b6e61 	.word	0xbb6b6e61
20004694:	67206ec6 	.word	0x67206ec6
20004698:	73623792 	.word	0x73623792
2000469c:	0ab40a3a 	.word	0x0ab40a3a
200046a0:	73254e5f 	.word	0x73254e5f
200046a4:	6642a7f4 	.word	0x6642a7f4
200046a8:	0e7924af 	.word	0x0e7924af
200046ac:	61ea154e 	.word	0x61ea154e
200046b0:	c3e87382 	.word	0xc3e87382
200046b4:	a05f333c 	.word	0xa05f333c
200046b8:	aaa2d668 	.word	0xaaa2d668
200046bc:	0b765478 	.word	0x0b765478
200046c0:	46df3937 	.word	0x46df3937
200046c4:	4a007861 	.word	0x4a007861
200046c8:	50be6069 	.word	0x50be6069
200046cc:	93642fca 	.word	0x93642fca
200046d0:	1a46c46e 	.word	0x1a46c46e
200046d4:	4cd6709a 	.word	0x4cd6709a
200046d8:	b0052565 	.word	0xb0052565
200046dc:	5b757126 	.word	0x5b757126
200046e0:	a05365ba 	.word	0xa05365ba
200046e4:	b0377462 	.word	0xb0377462
200046e8:	636e28aa 	.word	0x636e28aa
200046ec:	63b0a1da 	.word	0x63b0a1da
200046f0:	cf2940ae 	.word	0xcf2940ae
200046f4:	4320469b 	.word	0x4320469b
200046f8:	de5aae76 	.word	0xde5aae76
200046fc:	0aef6e6f 	.word	0x0aef6e6f
20004700:	04d7485a 	.word	0x04d7485a
20004704:	47da7c73 	.word	0x47da7c73
20004708:	2a747e6c 	.word	0x2a747e6c
2000470c:	489a47ac 	.word	0x489a47ac
20004710:	489e9e6c 	.word	0x489e9e6c
20004714:	996212d7 	.word	0x996212d7
20004718:	02b43633 	.word	0x02b43633
2000471c:	fe6d8a20 	.word	0xfe6d8a20
20004720:	f67275da 	.word	0xf67275da
20004724:	9bd8c24d 	.word	0x9bd8c24d
20004728:	69540e28 	.word	0x69540e28
2000472c:	7b535a55 	.word	0x7b535a55
20004730:	51544662 	.word	0x51544662
20004734:	6a021e65 	.word	0x6a021e65
20004738:	66619847 	.word	0x66619847
2000473c:	521d52ce 	.word	0x521d52ce
20004740:	733a6a76 	.word	0x733a6a76
20004744:	8ad2e677 	.word	0x8ad2e677
20004748:	75b67641 	.word	0x75b67641
2000474c:	c3634daa 	.word	0xc3634daa
20004750:	e4548346 	.word	0xe4548346
20004754:	0b004958 	.word	0x0b004958
20004758:	09720416 	.word	0x09720416
2000475c:	1cee2f30 	.word	0x1cee2f30
20004760:	62b48ba8 	.word	0x62b48ba8
20004764:	ff67ba61 	.word	0xff67ba61
20004768:	61243b4e 	.word	0x61243b4e
2000476c:	376db96c 	.word	0x376db96c
20004770:	5dd68a81 	.word	0x5dd68a81
20004774:	139baa78 	.word	0x139baa78
20004778:	3a6f7867 	.word	0x3a6f7867
2000477c:	c5583e70 	.word	0xc5583e70
20004780:	d8246c50 	.word	0xd8246c50
20004784:	c6122a72 	.word	0xc6122a72
20004788:	ee1316a0 	.word	0xee1316a0
2000478c:	b6432dea 	.word	0xb6432dea
20004790:	1f736d86 	.word	0x1f736d86
20004794:	98ba4830 	.word	0x98ba4830
20004798:	4210ee48 	.word	0x4210ee48
2000479c:	266f6668 	.word	0x266f6668
200047a0:	77b22c34 	.word	0x77b22c34
200047a4:	632e3e0c 	.word	0x632e3e0c
200047a8:	18ca6379 	.word	0x18ca6379
200047ac:	933e30dd 	.word	0x933e30dd
200047b0:	1e269208 	.word	0x1e269208
200047b4:	2c3674bd 	.word	0x2c3674bd
200047b8:	3b6ee815 	.word	0x3b6ee815
200047bc:	666c58ac 	.word	0x666c58ac
200047c0:	588dfa75 	.word	0x588dfa75
200047c4:	e82e3f86 	.word	0xe82e3f86
200047c8:	1c2c002f 	.word	0x1c2c002f
200047cc:	211b6f72 	.word	0x211b6f72
200047d0:	7383304c 	.word	0x7383304c
200047d4:	ec7009c2 	.word	0xec7009c2
200047d8:	b8884004 	.word	0xb8884004
200047dc:	3a2cfe18 	.word	0x3a2cfe18
200047e0:	8f0f6c75 	.word	0x8f0f6c75
200047e4:	a6366543 	.word	0xa6366543
200047e8:	6d65f09a 	.word	0x6d65f09a
200047ec:	27fa6e6f 	.word	0x27fa6e6f
200047f0:	1c94f56b 	.word	0x1c94f56b
200047f4:	81ac9987 	.word	0x81ac9987
200047f8:	7a30ce1c 	.word	0x7a30ce1c
200047fc:	8e4e0020 	.word	0x8e4e0020
20004800:	7b441852 	.word	0x7b441852
20004804:	f22e48b4 	.word	0xf22e48b4
20004808:	4f6c65de 	.word	0x4f6c65de
2000480c:	ce6e1fdd 	.word	0xce6e1fdd
20004810:	0e7ce321 	.word	0x0e7ce321
20004814:	a6586769 	.word	0xa6586769
20004818:	b869a828 	.word	0xb869a828
2000481c:	649a2b01 	.word	0x649a2b01
20004820:	0e5033a6 	.word	0x0e5033a6
20004824:	c0584900 	.word	0xc0584900
20004828:	420028b6 	.word	0x420028b6
2000482c:	86500ba4 	.word	0x86500ba4
20004830:	5366de6e 	.word	0x5366de6e
20004834:	dd08e26d 	.word	0xdd08e26d
20004838:	6e68639f 	.word	0x6e68639f
2000483c:	5f3feb58 	.word	0x5f3feb58
20004840:	6c555244 	.word	0x6c555244
20004844:	56267038 	.word	0x56267038
20004848:	8b2c7484 	.word	0x8b2c7484
2000484c:	41e28769 	.word	0x41e28769
20004850:	7254ad6c 	.word	0x7254ad6c
20004854:	6bdb007c 	.word	0x6bdb007c
20004858:	694e1c48 	.word	0x694e1c48
2000485c:	bc188444 	.word	0xbc188444
20004860:	8ee51030 	.word	0x8ee51030
20004864:	7236646f 	.word	0x7236646f
20004868:	470230b3 	.word	0x470230b3
2000486c:	e0fe4aab 	.word	0xe0fe4aab
20004870:	00462d73 	.word	0x00462d73
20004874:	683ed052 	.word	0x683ed052
20004878:	421a3436 	.word	0x421a3436
2000487c:	532ce04c 	.word	0x532ce04c
20004880:	6612453d 	.word	0x6612453d
20004884:	726f7a71 	.word	0x726f7a71
20004888:	f02e042f 	.word	0xf02e042f
2000488c:	8e4c6850 	.word	0x8e4c6850
20004890:	340c28f4 	.word	0x340c28f4
20004894:	88744d56 	.word	0x88744d56
20004898:	00321b66 	.word	0x00321b66
2000489c:	aacc7841 	.word	0xaacc7841
200048a0:	fa875072 	.word	0xfa875072
200048a4:	b076b276 	.word	0xb076b276
200048a8:	2e428cf5 	.word	0x2e428cf5
200048ac:	a91c79dc 	.word	0xa91c79dc
200048b0:	1ebe42c2 	.word	0x1ebe42c2
200048b4:	65445853 	.word	0x65445853
200048b8:	9482cc76 	.word	0x9482cc76
200048bc:	2e79d61f 	.word	0x2e79d61f
200048c0:	c12e0805 	.word	0xc12e0805
200048c4:	c3376b75 	.word	0xc3376b75
200048c8:	6bfc8206 	.word	0x6bfc8206
200048cc:	3d966cbc 	.word	0x3d966cbc
200048d0:	501077d0 	.word	0x501077d0
200048d4:	60640207 	.word	0x60640207
200048d8:	106c1cb0 	.word	0x106c1cb0
200048dc:	dd2631de 	.word	0xdd2631de
200048e0:	3436794a 	.word	0x3436794a
200048e4:	27ac4eda 	.word	0x27ac4eda
200048e8:	82336808 	.word	0x82336808
200048ec:	686775fa 	.word	0x686775fa
200048f0:	3c5fc374 	.word	0x3c5fc374
200048f4:	8001b4ec 	.word	0x8001b4ec
200048f8:	ae9c3907 	.word	0xae9c3907
200048fc:	b09ea4a7 	.word	0xb09ea4a7
20004900:	e7c079b8 	.word	0xe7c079b8
20004904:	e8d49ec4 	.word	0xe8d49ec4
20004908:	d3af047c 	.word	0xd3af047c
2000490c:	342ccf14 	.word	0x342ccf14
20004910:	48f3403c 	.word	0x48f3403c
20004914:	3c6c58cf 	.word	0x3c6c58cf
20004918:	cf88f380 	.word	0xcf88f380
2000491c:	b43c9c94 	.word	0xb43c9c94
20004920:	d4cfc4f3 	.word	0xd4cfc4f3
20004924:	b07775f4 	.word	0xb07775f4
20004928:	9e1c06a7 	.word	0x9e1c06a7
2000492c:	34792c24 	.word	0x34792c24
20004930:	489e3ce7 	.word	0x489e3ce7
20004934:	e7647954 	.word	0xe7647954
20004938:	8c849e70 	.word	0x8c849e70
2000493c:	9ce79479 	.word	0x9ce79479
20004940:	79aca09e 	.word	0x79aca09e
20004944:	9ec4e7b8 	.word	0x9ec4e7b8
20004948:	e079d8cc 	.word	0xe079d8cc
2000494c:	f49ee4e7 	.word	0xf49ee4e7
20004950:	b1047cfc 	.word	0xb1047cfc
20004954:	24cf0cd3 	.word	0x24cf0cd3
20004958:	f33c3c2c 	.word	0xf33c3c2c
2000495c:	6450cf44 	.word	0x6450cf44
20004960:	90f3743c 	.word	0x90f3743c
20004964:	ff089cce 	.word	0xff089cce
20004968:	62332040 	.word	0x62332040
2000496c:	3a1c8745 	.word	0x3a1c8745
20004970:	205b3a57 	.word	0x205b3a57
20004974:	69e0df34 	.word	0x69e0df34
20004978:	530f336d 	.word	0x530f336d
2000497c:	74bea102 	.word	0x74bea102
20004980:	525687df 	.word	0x525687df
20004984:	4d204d41 	.word	0x4d204d41
20004988:	e60d708e 	.word	0xe60d708e
2000498c:	88264e20 	.word	0x88264e20
20004990:	62fc3478 	.word	0x62fc3478
20004994:	06a64058 	.word	0x06a64058
20004998:	6e586612 	.word	0x6e586612
2000499c:	f3686581 	.word	0xf3686581
200049a0:	554ea836 	.word	0x554ea836
200049a4:	749a4804 	.word	0x749a4804
200049a8:	49f42e77 	.word	0x49f42e77
200049ac:	68685ad1 	.word	0x68685ad1
200049b0:	4fe9d89a 	.word	0x4fe9d89a
200049b4:	384abc6e 	.word	0x384abc6e
200049b8:	66460662 	.word	0x66460662
200049bc:	78af20b6 	.word	0x78af20b6
200049c0:	4328fda8 	.word	0x4328fda8
200049c4:	2954554c 	.word	0x2954554c
200049c8:	38c049c2 	.word	0x38c049c2
200049cc:	7573326e 	.word	0x7573326e
200049d0:	72b0db70 	.word	0x72b0db70
200049d4:	518b3274 	.word	0x518b3274
200049d8:	228420dc 	.word	0x228420dc
200049dc:	dc9e47ff 	.word	0xdc9e47ff
200049e0:	dabdfd72 	.word	0xdabdfd72
200049e4:	26ee001b 	.word	0x26ee001b
200049e8:	6f086d56 	.word	0x6f086d56
200049ec:	445c816b 	.word	0x445c816b
200049f0:	a076ee01 	.word	0xa076ee01
200049f4:	5a8510c8 	.word	0x5a8510c8
200049f8:	49206cea 	.word	0x49206cea
200049fc:	27903a3c 	.word	0x27903a3c
20004a00:	28be72cc 	.word	0x28be72cc
20004a04:	76fe07d8 	.word	0x76fe07d8
20004a08:	054c20c1 	.word	0x054c20c1
20004a0c:	0a643bd3 	.word	0x0a643bd3
20004a10:	2c783c1f 	.word	0x2c783c1f
20004a14:	df830e79 	.word	0xdf830e79
20004a18:	2cc8771f 	.word	0x2cc8771f
20004a1c:	4c503468 	.word	0x4c503468
20004a20:	1f0b5d06 	.word	0x1f0b5d06
20004a24:	1fde5dda 	.word	0x1fde5dda
20004a28:	1fe45dd6 	.word	0x1fe45dd6
20004a2c:	c810f0c0 	.word	0xc810f0c0
20004a30:	4f200a2d 	.word	0x4f200a2d
20004a34:	b4ac9212 	.word	0xb4ac9212
20004a38:	5f363a74 	.word	0x5f363a74
20004a3c:	bb784e8a 	.word	0xbb784e8a
20004a40:	b26567d0 	.word	0xb26567d0
20004a44:	ae118b3a 	.word	0xae118b3a
20004a48:	f44c2e82 	.word	0xf44c2e82
20004a4c:	b2b840c0 	.word	0xb2b840c0
20004a50:	443a5655 	.word	0x443a5655
20004a54:	3728c489 	.word	0x3728c489
20004a58:	29df157c 	.word	0x29df157c
20004a5c:	c8110447 	.word	0xc8110447
20004a60:	1d7e1acf 	.word	0x1d7e1acf
20004a64:	55ff4ea6 	.word	0x55ff4ea6
20004a68:	35b03000 	.word	0x35b03000
20004a6c:	ff07e2be 	.word	0xff07e2be
20004a70:	fc14fe7e 	.word	0xfc14fe7e
20004a74:	6cd91246 	.word	0x6cd91246
20004a78:	83e7e5fc 	.word	0x83e7e5fc
20004a7c:	22c8d90c 	.word	0x22c8d90c
20004a80:	5adcb4df 	.word	0x5adcb4df
20004a84:	443e0100 	.word	0x443e0100
20004a88:	016f9b9a 	.word	0x016f9b9a
20004a8c:	3f6b2d06 	.word	0x3f6b2d06
20004a90:	d6ade8c5 	.word	0xd6ade8c5
20004a94:	be2f035b 	.word	0xbe2f035b
20004a98:	c08c16ec 	.word	0xc08c16ec
20004a9c:	063d7691 	.word	0x063d7691
20004aa0:	070fb7ec 	.word	0x070fb7ec
20004aa4:	ed158c48 	.word	0xed158c48
20004aa8:	0002d00f 	.word	0x0002d00f
20004aac:	ac080168 	.word	0xac080168
20004ab0:	24499224 	.word	0x24499224
20004ab4:	0000ffa8 	.word	0x0000ffa8
20004ab8:	03e0c825 	.word	0x03e0c825
20004abc:	00004025 	.word	0x00004025
20004ac0:	240a0001 	.word	0x240a0001
20004ac4:	3c0e00ff 	.word	0x3c0e00ff
20004ac8:	04110046 	.word	0x04110046
20004acc:	00000000 	.word	0x00000000
20004ad0:	10400006 	.word	0x10400006
20004ad4:	240b0001 	.word	0x240b0001
20004ad8:	90890000 	.word	0x90890000
20004adc:	24840001 	.word	0x24840001
20004ae0:	a0a90000 	.word	0xa0a90000
20004ae4:	1000fff8 	.word	0x1000fff8
20004ae8:	24a50001 	.word	0x24a50001
20004aec:	0411003d 	.word	0x0411003d
20004af0:	000b5840 	.word	0x000b5840
20004af4:	0411003b 	.word	0x0411003b
20004af8:	01625821 	.word	0x01625821
20004afc:	14400005 	.word	0x14400005
20004b00:	256bffff 	.word	0x256bffff
20004b04:	04110037 	.word	0x04110037
20004b08:	000b5840 	.word	0x000b5840
20004b0c:	1000fff7 	.word	0x1000fff7
20004b10:	01625821 	.word	0x01625821
20004b14:	256bffff 	.word	0x256bffff
20004b18:	15600005 	.word	0x15600005
20004b1c:	00000000 	.word	0x00000000
20004b20:	04110030 	.word	0x04110030
20004b24:	01405825 	.word	0x01405825
20004b28:	1000000e 	.word	0x1000000e
20004b2c:	00406025 	.word	0x00406025
20004b30:	256bffff 	.word	0x256bffff
20004b34:	90890000 	.word	0x90890000
20004b38:	000b5a00 	.word	0x000b5a00
20004b3c:	24840001 	.word	0x24840001
20004b40:	01695821 	.word	0x01695821
20004b44:	25690001 	.word	0x25690001
20004b48:	15200002 	.word	0x15200002
20004b4c:	00000000 	.word	0x00000000
20004b50:	03200008 	.word	0x03200008
20004b54:	312c0001 	.word	0x312c0001
20004b58:	000b5842 	.word	0x000b5842
20004b5c:	256b0001 	.word	0x256b0001
20004b60:	01605025 	.word	0x01605025
20004b64:	0411001f 	.word	0x0411001f
20004b68:	00000000 	.word	0x00000000
20004b6c:	11800003 	.word	0x11800003
20004b70:	00000000 	.word	0x00000000
20004b74:	1000000f 	.word	0x1000000f
20004b78:	244c0003 	.word	0x244c0003
20004b7c:	1440000a 	.word	0x1440000a
20004b80:	00000000 	.word	0x00000000
20004b84:	258c0001 	.word	0x258c0001
20004b88:	04110016 	.word	0x04110016
20004b8c:	000c6040 	.word	0x000c6040
20004b90:	04110014 	.word	0x04110014
20004b94:	01826021 	.word	0x01826021
20004b98:	1040fffb 	.word	0x1040fffb
20004b9c:	00000000 	.word	0x00000000
20004ba0:	10000004 	.word	0x10000004
20004ba4:	258c0005 	.word	0x258c0005
20004ba8:	0411000e 	.word	0x0411000e
20004bac:	00000000 	.word	0x00000000
20004bb0:	244c0005 	.word	0x244c0005
20004bb4:	2d690501 	.word	0x2d690501
20004bb8:	01896023 	.word	0x01896023
20004bbc:	00ab6823 	.word	0x00ab6823
20004bc0:	91a90000 	.word	0x91a90000
20004bc4:	25ad0001 	.word	0x25ad0001
20004bc8:	a0a90000 	.word	0xa0a90000
20004bcc:	00000000 	.word	0x00000000
20004bd0:	258cffff 	.word	0x258cffff
20004bd4:	1580fffa 	.word	0x1580fffa
20004bd8:	24a50001 	.word	0x24a50001
20004bdc:	1000ffba 	.word	0x1000ffba
20004be0:	00000000 	.word	0x00000000
20004be4:	010e4824 	.word	0x010e4824
20004be8:	15200004 	.word	0x15200004
20004bec:	00000000 	.word	0x00000000
20004bf0:	90890000 	.word	0x90890000
20004bf4:	24840001 	.word	0x24840001
20004bf8:	012e4025 	.word	0x012e4025
20004bfc:	000811c2 	.word	0x000811c2
20004c00:	00084040 	.word	0x00084040
20004c04:	03e00008 	.word	0x03e00008
20004c08:	30420001 	.word	0x30420001
20004c0c:	27f80000 	.word	0x27f80000
20004c10:	3c031f80 	.word	0x3c031f80
20004c14:	ac601074 	.word	0xac601074
20004c18:	3c048001 	.word	0x3c048001
20004c1c:	24847c3c 	.word	0x24847c3c
20004c20:	3c058001 	.word	0x3c058001
20004c24:	0411ffa4 	.word	0x0411ffa4
20004c28:	24a50000 	.word	0x24a50000
20004c2c:	240800a0 	.word	0x240800a0
20004c30:	0100f809 	.word	0x0100f809
20004c34:	24090044 	.word	0x24090044
20004c38:	3c088001 	.word	0x3c088001
20004c3c:	25080000 	.word	0x25080000
20004c40:	01000008 	.word	0x01000008
20004c44:	271f0000 	.word	0x271f0000

20004c48 <striped_spin_lock_num>:
20004c48:	00000010                                ....

20004c4c <irq_handler_chain_slots>:
20004c4c:	00000000 	.word	0x00000000
20004c50:	00010000 	.word	0x00010000
	...
20004c5c:	00020000 	.word	0x00020000
	...
20004c68:	00030000 	.word	0x00030000
	...
20004c74:	00ff0000 	.word	0x00ff0000
20004c78:	00000000 	.word	0x00000000

20004c7c <irq_handler_chain_first_slot>:
20004c7c:	b501      	push	{r0, lr}
20004c7e:	6848      	ldr	r0, [r1, #4]
20004c80:	3101      	adds	r1, #1
20004c82:	468e      	mov	lr, r1
20004c84:	4700      	bx	r0

20004c86 <irq_handler_chain_remove_tail>:
20004c86:	4670      	mov	r0, lr
20004c88:	3809      	subs	r0, #9
20004c8a:	4901      	ldr	r1, [pc, #4]	@ (20004c90 <irq_handler_chain_remove_tail+0xa>)
20004c8c:	4788      	blx	r1
20004c8e:	bd01      	pop	{r0, pc}
20004c90:	10000fa9 	.word	0x10000fa9

20004c94 <default_alarm_pool>:
	...
20004ca8:	20004db8                                .M. 

20004cac <stdio_usb>:
20004cac:	10002475 10002421 10002399 10002309     u$..!$...#...#..
20004cbc:	00000000 00000100                       ........

20004cc4 <_usbd_qdef>:
20004cc4:	200050a4 000c0010 00000000 00000000     .P. ............
	...

20004ce0 <_usbd_rhport>:
20004ce0:	000000ff                                ....

20004ce4 <print_mutex>:
	...
